source_trading_date,source_bar_start_raw,source_available_at_raw,source_timezone,source_day_boundary_semantics,role7_activation_america_new_york,role7_activation_utc,role7_activation_asia_kuala_lumpur,america_new_york_utc_offset,source_row_sha256
2017-07-17,2017-07-17 00:00:00,2017-07-18 00:00:00,UNRESOLVED,NAS100_LABELLED_D1_BAR_START_DATE_ONLY,2017-07-17T00:00:00-04:00,2017-07-17T04:00:00Z,2017-07-17T12:00:00+08:00,"-1 day, 20:00:00",7336fba8eb3cd813f0c67e0e0dbe5b31773613aa31c4d60e06d1c9c0a16f7931
2017-07-18,2017-07-18 00:00:00,2017-07-19 00:00:00,UNRESOLVED,NAS100_LABELLED_D1_BAR_START_DATE_ONLY,2017-07-18T00:00:00-04:00,2017-07-18T04:00:00Z,2017-07-18T12:00:00+08:00,"-1 day, 20:00:00",40117721470390a0abe2fa7b0840c0d5c4aa52b7c0ba904b2934e97ff90310bd
2017-07-19,2017-07-19 00:00:00,2017-07-20 00:00:00,UNRESOLVED,NAS100_LABELLED_D1_BAR_START_DATE_ONLY,2017-07-19T00:00:00-04:00,2017-07-19T04:00:00Z,2017-07-19T12:00:00+08:00,"-1 day, 20:00:00",5b1935e1d0d8752a226a90d4d1d3269e30ed70077faac525b705f8ecbde4f6bd
2017-07-20,2017-07-20 00:00:00,2017-07-21 00:00:00,UNRESOLVED,NAS100_LABELLED_D1_BAR_START_DATE_ONLY,2017-07-20T00:00:00-04:00,2017-07-20T04:00:00Z,2017-07-20T12:00:00+08:00,"-1 day, 20:00:00",d90a2df1402e4b406ad2d858fdc27305e6d41d7bbec1c80aeee40acd24f5ef1e
2017-07-21,2017-07-21 00:00:00,2017-07-22 00:00:00,UNRESOLVED,NAS100_LABELLED_D1_BAR_START_DATE_ONLY,2017-07-21T00:00:00-04:00,2017-07-21T04:00:00Z,2017-07-21T12:00:00+08:00,"-1 day, 20:00:00",0f000bc156f18873caab88519d674be82601f2a2a1bb2ec76cc18909fe04a29e
2017-07-24,2017-07-24 00:00:00,2017-07-25 00:00:00,UNRESOLVED,NAS100_LABELLED_D1_BAR_START_DATE_ONLY,2017-07-24T00:00:00-04:00,2017-07-24T04:00:00Z,2017-07-24T12:00:00+08:00,"-1 day, 20:00:00",248a918e7e602e1687c5a90d134d94d285d38b2fdba1cfb34c271c8170051b06
2017-07-25,2017-07-25 00:00:00,2017-07-26 00:00:00,UNRESOLVED,NAS100_LABELLED_D1_BAR_START_DATE_ONLY,2017-07-25T00:00:00-04:00,2017-07-25T04:00:00Z,2017-07-25T12:00:00+08:00,"-1 day, 20:00:00",5361fe39aa2e45f284df4da54afbc37009d63dd3654991f8e4e901379b93aa44
2017-07-26,2017-07-26 00:00:00,2017-07-27 00:00:00,UNRESOLVED,NAS100_LABELLED_D1_BAR_START_DATE_ONLY,2017-07-26T00:00:00-04:00,2017-07-26T04:00:00Z,2017-07-26T12:00:00+08:00,"-1 day, 20:00:00",39b4fd4e7a5fdf610ce4b1cbc8516f68fd438a783d506de8d75723387d714552
2017-07-27,2017-07-27 00:00:00,2017-07-28 00:00:00,UNRESOLVED,NAS100_LABELLED_D1_BAR_START_DATE_ONLY,2017-07-27T00:00:00-04:00,2017-07-27T04:00:00Z,2017-07-27T12:00:00+08:00,"-1 day, 20:00:00",f2c481de45fab95d084a042deb42259d54c7a93e3fe18885750f945bcd123131
2017-07-28,2017-07-28 00:00:00,2017-07-29 00:00:00,UNRESOLVED,NAS100_LABELLED_D1_BAR_START_DATE_ONLY,2017-07-28T00:00:00-04:00,2017-07-28T04:00:00Z,2017-07-28T12:00:00+08:00,"-1 day, 20:00:00",90af3e0542fbb2daf59a1214098e7e4060ee3fbf98efc184881073092fc25aac
2017-07-31,2017-07-31 00:00:00,2017-08-01 00:00:00,UNRESOLVED,NAS100_LABELLED_D1_BAR_START_DATE_ONLY,2017-07-31T00:00:00-04:00,2017-07-31T04:00:00Z,2017-07-31T12:00:00+08:00,"-1 day, 20:00:00",6d9c8cfe9ee0e838ff13f07049eb88d0716ae3498e31294f37ffd9a5a00869c6
2017-08-01,2017-08-01 00:00:00,2017-08-02 00:00:00,UNRESOLVED,NAS100_LABELLED_D1_BAR_START_DATE_ONLY,2017-08-01T00:00:00-04:00,2017-08-01T04:00:00Z,2017-08-01T12:00:00+08:00,"-1 day, 20:00:00",9b0f199227c2e333a3347de9d472184d073398d730c33af9303a0d55ad278bd6
2017-08-02,2017-08-02 00:00:00,2017-08-03 00:00:00,UNRESOLVED,NAS100_LABELLED_D1_BAR_START_DATE_ONLY,2017-08-02T00:00:00-04:00,2017-08-02T04:00:00Z,2017-08-02T12:00:00+08:00,"-1 day, 20:00:00",a792df690aa1cbad1ab7d0a520aee9cafd5ea2d8b733c585cb7b80b97efca0b5
2017-08-03,2017-08-03 00:00:00,2017-08-04 00:00:00,UNRESOLVED,NAS100_LABELLED_D1_BAR_START_DATE_ONLY,2017-08-03T00:00:00-04:00,2017-08-03T04:00:00Z,2017-08-03T12:00:00+08:00,"-1 day, 20:00:00",f531dcc8cc261c513ef28c617b163fcb638879e16117251a70a4feafb53f81b1
2017-08-04,2017-08-04 00:00:00,2017-08-05 00:00:00,UNRESOLVED,NAS100_LABELLED_D1_BAR_START_DATE_ONLY,2017-08-04T00:00:00-04:00,2017-08-04T04:00:00Z,2017-08-04T12:00:00+08:00,"-1 day, 20:00:00",8ec3b9f8d5d14c8377fc6eb101154f183d451b9a56c81e0d2f90035aaea4c1e3
2017-08-07,2017-08-07 00:00:00,2017-08-08 00:00:00,UNRESOLVED,NAS100_LABELLED_D1_BAR_START_DATE_ONLY,2017-08-07T00:00:00-04:00,2017-08-07T04:00:00Z,2017-08-07T12:00:00+08:00,"-1 day, 20:00:00",292c2f0506f290e4b16f405ccd8aa542582aa6395d0b8aff1da8a8365799a36e
2017-08-08,2017-08-08 00:00:00,2017-08-09 00:00:00,UNRESOLVED,NAS100_LABELLED_D1_BAR_START_DATE_ONLY,2017-08-08T00:00:00-04:00,2017-08-08T04:00:00Z,2017-08-08T12:00:00+08:00,"-1 day, 20:00:00",17e734cc46a45edda1099ef6065868343f7ec69ed949906738f93442901e4f9e
2017-08-09,2017-08-09 00:00:00,2017-08-10 00:00:00,UNRESOLVED,NAS100_LABELLED_D1_BAR_START_DATE_ONLY,2017-08-09T00:00:00-04:00,2017-08-09T04:00:00Z,2017-08-09T12:00:00+08:00,"-1 day, 20:00:00",1cac8ae4a9ec179a61644fe245053945f82e7c20fee688af44d92e32817ac623
2017-08-10,2017-08-10 00:00:00,2017-08-11 00:00:00,UNRESOLVED,NAS100_LABELLED_D1_BAR_START_DATE_ONLY,2017-08-10T00:00:00-04:00,2017-08-10T04:00:00Z,2017-08-10T12:00:00+08:00,"-1 day, 20:00:00",13a48e304895bdfe2413df480ddc61183894ff55dddaf7fcbcd57343c99afc0a
2017-08-11,2017-08-11 00:00:00,2017-08-12 00:00:00,UNRESOLVED,NAS100_LABELLED_D1_BAR_START_DATE_ONLY,2017-08-11T00:00:00-04:00,2017-08-11T04:00:00Z,2017-08-11T12:00:00+08:00,"-1 day, 20:00:00",af4fe6bc0cd321610b76639aa3c2d03a2e4dbdf6f1f2f7e1574f541fddac708b
2017-08-14,2017-08-14 00:00:00,2017-08-15 00:00:00,UNRESOLVED,NAS100_LABELLED_D1_BAR_START_DATE_ONLY,2017-08-14T00:00:00-04:00,2017-08-14T04:00:00Z,2017-08-14T12:00:00+08:00,"-1 day, 20:00:00",c29883cb253a6975c59bd5288313fbd6ce9e782e144bf265897ef0e8d45bca5d
2017-08-15,2017-08-15 00:00:00,2017-08-16 00:00:00,UNRESOLVED,NAS100_LABELLED_D1_BAR_START_DATE_ONLY,2017-08-15T00:00:00-04:00,2017-08-15T04:00:00Z,2017-08-15T12:00:00+08:00,"-1 day, 20:00:00",b58445e27a75fb94fb17337fb10395b6ede234537be5e267b5b021710735aca5
2017-08-16,2017-08-16 00:00:00,2017-08-17 00:00:00,UNRESOLVED,NAS100_LABELLED_D1_BAR_START_DATE_ONLY,2017-08-16T00:00:00-04:00,2017-08-16T04:00:00Z,2017-08-16T12:00:00+08:00,"-1 day, 20:00:00",c159458acb5cf39dc9236034b33593d332d7ff0b91c31c3a5364ca440f49e51b
2017-08-17,2017-08-17 00:00:00,2017-08-18 00:00:00,UNRESOLVED,NAS100_LABELLED_D1_BAR_START_DATE_ONLY,2017-08-17T00:00:00-04:00,2017-08-17T04:00:00Z,2017-08-17T12:00:00+08:00,"-1 day, 20:00:00",032bb2a55f768ec6fd99f01a0dc77661ea5ab60a15e49de41fa25d3379ddfa31
2017-08-18,2017-08-18 00:00:00,2017-08-19 00:00:00,UNRESOLVED,NAS100_LABELLED_D1_BAR_START_DATE_ONLY,2017-08-18T00:00:00-04:00,2017-08-18T04:00:00Z,2017-08-18T12:00:00+08:00,"-1 day, 20:00:00",4b5691c467a30c360c3a8ca1c06a783919c7e3c25b05b4c2c510e5cfc6da08c1
2017-08-21,2017-08-21 00:00:00,2017-08-22 00:00:00,UNRESOLVED,NAS100_LABELLED_D1_BAR_START_DATE_ONLY,2017-08-21T00:00:00-04:00,2017-08-21T04:00:00Z,2017-08-21T12:00:00+08:00,"-1 day, 20:00:00",9ea2bdb065a37c959d92b541ef041bceec5bcdd89b61a53ce3e4b54f6e43289e
2017-08-22,2017-08-22 00:00:00,2017-08-23 00:00:00,UNRESOLVED,NAS100_LABELLED_D1_BAR_START_DATE_ONLY,2017-08-22T00:00:00-04:00,2017-08-22T04:00:00Z,2017-08-22T12:00:00+08:00,"-1 day, 20:00:00",cc47497df83d502878e8a84e0e88c69e71018d55cf5bb41d79482cf999f97565
2017-08-23,2017-08-23 00:00:00,2017-08-24 00:00:00,UNRESOLVED,NAS100_LABELLED_D1_BAR_START_DATE_ONLY,2017-08-23T00:00:00-04:00,2017-08-23T04:00:00Z,2017-08-23T12:00:00+08:00,"-1 day, 20:00:00",fa7f3ec1fb6cfd0d331df71b4dfc02f5dc6ce0d305dbe6076b0ad948081bbf78
2017-08-24,2017-08-24 00:00:00,2017-08-25 00:00:00,UNRESOLVED,NAS100_LABELLED_D1_BAR_START_DATE_ONLY,2017-08-24T00:00:00-04:00,2017-08-24T04:00:00Z,2017-08-24T12:00:00+08:00,"-1 day, 20:00:00",ba85bd9889a84d60eb0c8ace5b5ef9f9113257f58565eea7b577e9b18ea72bf2
2017-08-25,2017-08-25 00:00:00,2017-08-26 00:00:00,UNRESOLVED,NAS100_LABELLED_D1_BAR_START_DATE_ONLY,2017-08-25T00:00:00-04:00,2017-08-25T04:00:00Z,2017-08-25T12:00:00+08:00,"-1 day, 20:00:00",3b8d097201810d454f44ee7902a4e916c40c83542b5950fc9d7b3446cde39614
2017-08-28,2017-08-28 00:00:00,2017-08-29 00:00:00,UNRESOLVED,NAS100_LABELLED_D1_BAR_START_DATE_ONLY,2017-08-28T00:00:00-04:00,2017-08-28T04:00:00Z,2017-08-28T12:00:00+08:00,"-1 day, 20:00:00",b5a3d66446302901bd6cb6515bf33ee73616b7a9a8296a5ff574e2b4c954b94c
2017-08-29,2017-08-29 00:00:00,2017-08-30 00:00:00,UNRESOLVED,NAS100_LABELLED_D1_BAR_START_DATE_ONLY,2017-08-29T00:00:00-04:00,2017-08-29T04:00:00Z,2017-08-29T12:00:00+08:00,"-1 day, 20:00:00",a53ecf7094731c220dca5f36e2bd13593a60096ab60d715b87303f1db57498dc
2017-08-30,2017-08-30 00:00:00,2017-08-31 00:00:00,UNRESOLVED,NAS100_LABELLED_D1_BAR_START_DATE_ONLY,2017-08-30T00:00:00-04:00,2017-08-30T04:00:00Z,2017-08-30T12:00:00+08:00,"-1 day, 20:00:00",877a8baca6e15240b9f90fd0068f5b858f6f31750dd1c44a6a5a0e4aee5447d2
2017-08-31,2017-08-31 00:00:00,2017-09-01 00:00:00,UNRESOLVED,NAS100_LABELLED_D1_BAR_START_DATE_ONLY,2017-08-31T00:00:00-04:00,2017-08-31T04:00:00Z,2017-08-31T12:00:00+08:00,"-1 day, 20:00:00",d7dc24ed3c04f5889effe6abddde5738a1848246ec7d71ea082acf212eee8554
2017-09-01,2017-09-01 00:00:00,2017-09-02 00:00:00,UNRESOLVED,NAS100_LABELLED_D1_BAR_START_DATE_ONLY,2017-09-01T00:00:00-04:00,2017-09-01T04:00:00Z,2017-09-01T12:00:00+08:00,"-1 day, 20:00:00",fd99676abf88dab05463cdd9327fc0d441a39d469faa33c40a6ac9d9b2bde0b7
2017-09-04,2017-09-04 00:00:00,2017-09-05 00:00:00,UNRESOLVED,NAS100_LABELLED_D1_BAR_START_DATE_ONLY,2017-09-04T00:00:00-04:00,2017-09-04T04:00:00Z,2017-09-04T12:00:00+08:00,"-1 day, 20:00:00",9d13f6a7e08f0bf0ee81094fc89947682a7aaea1ae65111afd4abea080a03a06
2017-09-05,2017-09-05 00:00:00,2017-09-06 00:00:00,UNRESOLVED,NAS100_LABELLED_D1_BAR_START_DATE_ONLY,2017-09-05T00:00:00-04:00,2017-09-05T04:00:00Z,2017-09-05T12:00:00+08:00,"-1 day, 20:00:00",ad84515e7142388529aa750be541b95602c16a28addb53ca12e17c7ce5ab0f17
2017-09-06,2017-09-06 00:00:00,2017-09-07 00:00:00,UNRESOLVED,NAS100_LABELLED_D1_BAR_START_DATE_ONLY,2017-09-06T00:00:00-04:00,2017-09-06T04:00:00Z,2017-09-06T12:00:00+08:00,"-1 day, 20:00:00",b954111073ffdecbc6bd26ac0ea187e7f0ffedc3a4ff1d7adf0fcf2dc3f5c6da
2017-09-07,2017-09-07 00:00:00,2017-09-08 00:00:00,UNRESOLVED,NAS100_LABELLED_D1_BAR_START_DATE_ONLY,2017-09-07T00:00:00-04:00,2017-09-07T04:00:00Z,2017-09-07T12:00:00+08:00,"-1 day, 20:00:00",92973328d64a7b838a99ffe9e71da5d7cfeb9c3c81ecca91a9b49551c65d2c02
2017-09-08,2017-09-08 00:00:00,2017-09-09 00:00:00,UNRESOLVED,NAS100_LABELLED_D1_BAR_START_DATE_ONLY,2017-09-08T00:00:00-04:00,2017-09-08T04:00:00Z,2017-09-08T12:00:00+08:00,"-1 day, 20:00:00",69ba35191bdba41e24d7a575b53d99f57649391944925a1d81270a0655f19948
2017-09-11,2017-09-11 00:00:00,2017-09-12 00:00:00,UNRESOLVED,NAS100_LABELLED_D1_BAR_START_DATE_ONLY,2017-09-11T00:00:00-04:00,2017-09-11T04:00:00Z,2017-09-11T12:00:00+08:00,"-1 day, 20:00:00",49532e7720111c034e6c440410376eb899d99454696cf2027b66c62ce688c74b
2017-09-12,2017-09-12 00:00:00,2017-09-13 00:00:00,UNRESOLVED,NAS100_LABELLED_D1_BAR_START_DATE_ONLY,2017-09-12T00:00:00-04:00,2017-09-12T04:00:00Z,2017-09-12T12:00:00+08:00,"-1 day, 20:00:00",1b879f0abc9bbb19767fc41ae52b179b5f6a55b7ecf000d02ab7b66b12beccae
2017-09-13,2017-09-13 00:00:00,2017-09-14 00:00:00,UNRESOLVED,NAS100_LABELLED_D1_BAR_START_DATE_ONLY,2017-09-13T00:00:00-04:00,2017-09-13T04:00:00Z,2017-09-13T12:00:00+08:00,"-1 day, 20:00:00",7229b20a014eae71ddd52c03f37d097ef56eeb4b236887b79ef5a4213a2ed566
2017-09-14,2017-09-14 00:00:00,2017-09-15 00:00:00,UNRESOLVED,NAS100_LABELLED_D1_BAR_START_DATE_ONLY,2017-09-14T00:00:00-04:00,2017-09-14T04:00:00Z,2017-09-14T12:00:00+08:00,"-1 day, 20:00:00",17b20c64c9d8a3c3ec97c021748180ce8c560a59711e49d54d31524de0f0c3fd
2017-09-15,2017-09-15 00:00:00,2017-09-16 00:00:00,UNRESOLVED,NAS100_LABELLED_D1_BAR_START_DATE_ONLY,2017-09-15T00:00:00-04:00,2017-09-15T04:00:00Z,2017-09-15T12:00:00+08:00,"-1 day, 20:00:00",11b6386954336b8ea937e5b268bf327258e43186bd1401f6f580a6467a0bd8fe
2017-09-18,2017-09-18 00:00:00,2017-09-19 00:00:00,UNRESOLVED,NAS100_LABELLED_D1_BAR_START_DATE_ONLY,2017-09-18T00:00:00-04:00,2017-09-18T04:00:00Z,2017-09-18T12:00:00+08:00,"-1 day, 20:00:00",a598141e945d08500abade311293f0c56b7836e26017f701ffbae951b6087274
2017-09-19,2017-09-19 00:00:00,2017-09-20 00:00:00,UNRESOLVED,NAS100_LABELLED_D1_BAR_START_DATE_ONLY,2017-09-19T00:00:00-04:00,2017-09-19T04:00:00Z,2017-09-19T12:00:00+08:00,"-1 day, 20:00:00",8cbb89762698e4a913a56a3eab19a1500f6f95ab2327617c133574085a6344a3
2017-09-20,2017-09-20 00:00:00,2017-09-21 00:00:00,UNRESOLVED,NAS100_LABELLED_D1_BAR_START_DATE_ONLY,2017-09-20T00:00:00-04:00,2017-09-20T04:00:00Z,2017-09-20T12:00:00+08:00,"-1 day, 20:00:00",142a60a7c046735625cc73acf17c861efef490f6888ef4a22da311762e1b7965
2017-09-21,2017-09-21 00:00:00,2017-09-22 00:00:00,UNRESOLVED,NAS100_LABELLED_D1_BAR_START_DATE_ONLY,2017-09-21T00:00:00-04:00,2017-09-21T04:00:00Z,2017-09-21T12:00:00+08:00,"-1 day, 20:00:00",3f4ac03a60b696be640cd21cbef79a0b470e456cfca05c353d6f7d8a2ab8b343
2017-09-22,2017-09-22 00:00:00,2017-09-23 00:00:00,UNRESOLVED,NAS100_LABELLED_D1_BAR_START_DATE_ONLY,2017-09-22T00:00:00-04:00,2017-09-22T04:00:00Z,2017-09-22T12:00:00+08:00,"-1 day, 20:00:00",cc61d438548c8bf16c3e558f01ddbfe9d3afe2c8ba1081cb0308bc89d2826abb
2017-09-25,2017-09-25 00:00:00,2017-09-26 00:00:00,UNRESOLVED,NAS100_LABELLED_D1_BAR_START_DATE_ONLY,2017-09-25T00:00:00-04:00,2017-09-25T04:00:00Z,2017-09-25T12:00:00+08:00,"-1 day, 20:00:00",cb801573e344a772443cfbf421ae9ae0eb444e3b6a5845edd93db767027b4324
2017-09-26,2017-09-26 00:00:00,2017-09-27 00:00:00,UNRESOLVED,NAS100_LABELLED_D1_BAR_START_DATE_ONLY,2017-09-26T00:00:00-04:00,2017-09-26T04:00:00Z,2017-09-26T12:00:00+08:00,"-1 day, 20:00:00",1663992e8c80c963d2d33f2d371a5c5061f90cf6ddbaf4d693eb42407991e30b
2017-09-27,2017-09-27 00:00:00,2017-09-28 00:00:00,UNRESOLVED,NAS100_LABELLED_D1_BAR_START_DATE_ONLY,2017-09-27T00:00:00-04:00,2017-09-27T04:00:00Z,2017-09-27T12:00:00+08:00,"-1 day, 20:00:00",fe09a63dfe9ac09c7e828b44d832f531bb5e1fddc51189062ee1dd7a005409a2
2017-09-28,2017-09-28 00:00:00,2017-09-29 00:00:00,UNRESOLVED,NAS100_LABELLED_D1_BAR_START_DATE_ONLY,2017-09-28T00:00:00-04:00,2017-09-28T04:00:00Z,2017-09-28T12:00:00+08:00,"-1 day, 20:00:00",2ae5e17f6e9d75bd01dcf3b0c976415423ea15283895b7f98b0f643047b8ad47
2017-09-29,2017-09-29 00:00:00,2017-09-30 00:00:00,UNRESOLVED,NAS100_LABELLED_D1_BAR_START_DATE_ONLY,2017-09-29T00:00:00-04:00,2017-09-29T04:00:00Z,2017-09-29T12:00:00+08:00,"-1 day, 20:00:00",f1166582d1eda7210015a70dabf40f5ffbbd7b7af9a6a42cd613aca649f21359
2017-10-02,2017-10-02 00:00:00,2017-10-03 00:00:00,UNRESOLVED,NAS100_LABELLED_D1_BAR_START_DATE_ONLY,2017-10-02T00:00:00-04:00,2017-10-02T04:00:00Z,2017-10-02T12:00:00+08:00,"-1 day, 20:00:00",50957f5bf0712b520f39dcce6d56e950fecbf2bcd0ac814837ebe61c2299c508
2017-10-03,2017-10-03 00:00:00,2017-10-04 00:00:00,UNRESOLVED,NAS100_LABELLED_D1_BAR_START_DATE_ONLY,2017-10-03T00:00:00-04:00,2017-10-03T04:00:00Z,2017-10-03T12:00:00+08:00,"-1 day, 20:00:00",8b8e37771660427332e74f1869ad41b2a785f217777261fad888be024fd51cbc
2017-10-04,2017-10-04 00:00:00,2017-10-05 00:00:00,UNRESOLVED,NAS100_LABELLED_D1_BAR_START_DATE_ONLY,2017-10-04T00:00:00-04:00,2017-10-04T04:00:00Z,2017-10-04T12:00:00+08:00,"-1 day, 20:00:00",afd380be5fba9ab8a2a242696890f00f39bc4741aa8c8acec87aea6adca98bc6
2017-10-05,2017-10-05 00:00:00,2017-10-06 00:00:00,UNRESOLVED,NAS100_LABELLED_D1_BAR_START_DATE_ONLY,2017-10-05T00:00:00-04:00,2017-10-05T04:00:00Z,2017-10-05T12:00:00+08:00,"-1 day, 20:00:00",03be6199edc8de9db7e2c0281dd0050633d84734529a61a9b1dc673e63ea5447
2017-10-06,2017-10-06 00:00:00,2017-10-07 00:00:00,UNRESOLVED,NAS100_LABELLED_D1_BAR_START_DATE_ONLY,2017-10-06T00:00:00-04:00,2017-10-06T04:00:00Z,2017-10-06T12:00:00+08:00,"-1 day, 20:00:00",2a7643e7fc9a9fd71bcd60eefd29f6ddb368eed39220ed311d1539e8478c676c
2017-10-09,2017-10-09 00:00:00,2017-10-10 00:00:00,UNRESOLVED,NAS100_LABELLED_D1_BAR_START_DATE_ONLY,2017-10-09T00:00:00-04:00,2017-10-09T04:00:00Z,2017-10-09T12:00:00+08:00,"-1 day, 20:00:00",867e1656d6d4701f4ebc568ec3819de805b97b4bc792684dcfe6a7d4967528e3
2017-10-10,2017-10-10 00:00:00,2017-10-11 00:00:00,UNRESOLVED,NAS100_LABELLED_D1_BAR_START_DATE_ONLY,2017-10-10T00:00:00-04:00,2017-10-10T04:00:00Z,2017-10-10T12:00:00+08:00,"-1 day, 20:00:00",aa7b939253bfe2d17a7b9e6bf895331995f06c5c7fe8f3884a1162b1acb4b3f5
2017-10-11,2017-10-11 00:00:00,2017-10-12 00:00:00,UNRESOLVED,NAS100_LABELLED_D1_BAR_START_DATE_ONLY,2017-10-11T00:00:00-04:00,2017-10-11T04:00:00Z,2017-10-11T12:00:00+08:00,"-1 day, 20:00:00",2b6bfa2a2a44e6e7f6ebecdd30342f2de58b327477153a5fb7f3b9c8296bf203
2017-10-12,2017-10-12 00:00:00,2017-10-13 00:00:00,UNRESOLVED,NAS100_LABELLED_D1_BAR_START_DATE_ONLY,2017-10-12T00:00:00-04:00,2017-10-12T04:00:00Z,2017-10-12T12:00:00+08:00,"-1 day, 20:00:00",f4ab2556294024d27d389dfd26ec12d4f5bbf9c4c50915e329126b8729fc46c4
2017-10-13,2017-10-13 00:00:00,2017-10-14 00:00:00,UNRESOLVED,NAS100_LABELLED_D1_BAR_START_DATE_ONLY,2017-10-13T00:00:00-04:00,2017-10-13T04:00:00Z,2017-10-13T12:00:00+08:00,"-1 day, 20:00:00",c732860b9179d793256c768c020bb00ead261310bd43df906b1c468432b7ea4c
2017-10-16,2017-10-16 00:00:00,2017-10-17 00:00:00,UNRESOLVED,NAS100_LABELLED_D1_BAR_START_DATE_ONLY,2017-10-16T00:00:00-04:00,2017-10-16T04:00:00Z,2017-10-16T12:00:00+08:00,"-1 day, 20:00:00",2fbc133e3b3a4019bb1cdc51f7fffadbfee7d20d65b2f9774909cde4379b14af
2017-10-17,2017-10-17 00:00:00,2017-10-18 00:00:00,UNRESOLVED,NAS100_LABELLED_D1_BAR_START_DATE_ONLY,2017-10-17T00:00:00-04:00,2017-10-17T04:00:00Z,2017-10-17T12:00:00+08:00,"-1 day, 20:00:00",4adf9c3e021a04f2cdf050e71d5ce6fb2e76363fb89186bf70171102de0555a7
2017-10-18,2017-10-18 00:00:00,2017-10-19 00:00:00,UNRESOLVED,NAS100_LABELLED_D1_BAR_START_DATE_ONLY,2017-10-18T00:00:00-04:00,2017-10-18T04:00:00Z,2017-10-18T12:00:00+08:00,"-1 day, 20:00:00",bb1aff512de0cfbe896d461725615f5ce7e51048317eebc726bc45c7c96416d5
2017-10-19,2017-10-19 00:00:00,2017-10-20 00:00:00,UNRESOLVED,NAS100_LABELLED_D1_BAR_START_DATE_ONLY,2017-10-19T00:00:00-04:00,2017-10-19T04:00:00Z,2017-10-19T12:00:00+08:00,"-1 day, 20:00:00",94a945848b8aa28b1fb925f3faf6a693107aa880bca268ea9bbc94e7f23a59b5
2017-10-20,2017-10-20 00:00:00,2017-10-21 00:00:00,UNRESOLVED,NAS100_LABELLED_D1_BAR_START_DATE_ONLY,2017-10-20T00:00:00-04:00,2017-10-20T04:00:00Z,2017-10-20T12:00:00+08:00,"-1 day, 20:00:00",100af9ac0ca6e9de296635d81b8f0dcfc0cde484ae08cd41219f890a508c4eeb
2017-10-23,2017-10-23 00:00:00,2017-10-24 00:00:00,UNRESOLVED,NAS100_LABELLED_D1_BAR_START_DATE_ONLY,2017-10-23T00:00:00-04:00,2017-10-23T04:00:00Z,2017-10-23T12:00:00+08:00,"-1 day, 20:00:00",8aaee17ca587013c37fa70ba41504c7f1cae8f78607726e7d92ec9f789906636
2017-10-24,2017-10-24 00:00:00,2017-10-25 00:00:00,UNRESOLVED,NAS100_LABELLED_D1_BAR_START_DATE_ONLY,2017-10-24T00:00:00-04:00,2017-10-24T04:00:00Z,2017-10-24T12:00:00+08:00,"-1 day, 20:00:00",ff9b412510213aad3088d550860211fcc853c6d5da6410b16f7cfac16de49834
2017-10-25,2017-10-25 00:00:00,2017-10-26 00:00:00,UNRESOLVED,NAS100_LABELLED_D1_BAR_START_DATE_ONLY,2017-10-25T00:00:00-04:00,2017-10-25T04:00:00Z,2017-10-25T12:00:00+08:00,"-1 day, 20:00:00",1708429ec794b9e8bf017613b8c0f50d122638b2e14404d28e0c72c43d2d418b
2017-10-26,2017-10-26 00:00:00,2017-10-27 00:00:00,UNRESOLVED,NAS100_LABELLED_D1_BAR_START_DATE_ONLY,2017-10-26T00:00:00-04:00,2017-10-26T04:00:00Z,2017-10-26T12:00:00+08:00,"-1 day, 20:00:00",10d327a5fe0ad8cddfd0e4156bbe1765691303ed1aaeeae5ee643c9bd3fab22c
2017-10-27,2017-10-27 00:00:00,2017-10-28 00:00:00,UNRESOLVED,NAS100_LABELLED_D1_BAR_START_DATE_ONLY,2017-10-27T00:00:00-04:00,2017-10-27T04:00:00Z,2017-10-27T12:00:00+08:00,"-1 day, 20:00:00",4676f9d0375b8ab6ee452ad76b3790ae94cbc8f0f9d66dce8725089b64dd1e2d
2017-10-30,2017-10-30 00:00:00,2017-10-31 00:00:00,UNRESOLVED,NAS100_LABELLED_D1_BAR_START_DATE_ONLY,2017-10-30T00:00:00-04:00,2017-10-30T04:00:00Z,2017-10-30T12:00:00+08:00,"-1 day, 20:00:00",c37909ff86b066bea9711ecc78d8822d9b5d15a08a4ef9caf0bd0a949fefabe0
2017-10-31,2017-10-31 00:00:00,2017-11-01 00:00:00,UNRESOLVED,NAS100_LABELLED_D1_BAR_START_DATE_ONLY,2017-10-31T00:00:00-04:00,2017-10-31T04:00:00Z,2017-10-31T12:00:00+08:00,"-1 day, 20:00:00",6b2dbdae24d345660bee19c44aa43e10eebe817e5ff580fe13fad4c4ab7f2ab8
2017-11-01,2017-11-01 00:00:00,2017-11-02 00:00:00,UNRESOLVED,NAS100_LABELLED_D1_BAR_START_DATE_ONLY,2017-11-01T00:00:00-04:00,2017-11-01T04:00:00Z,2017-11-01T12:00:00+08:00,"-1 day, 20:00:00",f1f6825ad2df45c7c7521e71ba74dd33552c128834c077cdec0475773433255a
2017-11-02,2017-11-02 00:00:00,2017-11-03 00:00:00,UNRESOLVED,NAS100_LABELLED_D1_BAR_START_DATE_ONLY,2017-11-02T00:00:00-04:00,2017-11-02T04:00:00Z,2017-11-02T12:00:00+08:00,"-1 day, 20:00:00",3bbccc3ea4a569b40fa82db6c57c30245adf9854fb00df391828660c8987f863
2017-11-03,2017-11-03 00:00:00,2017-11-04 00:00:00,UNRESOLVED,NAS100_LABELLED_D1_BAR_START_DATE_ONLY,2017-11-03T00:00:00-04:00,2017-11-03T04:00:00Z,2017-11-03T12:00:00+08:00,"-1 day, 20:00:00",a53f971d74b56b449648cebcd7ad09a6b1fe0f11a257ab3b48d0ecf8abb67628
2017-11-06,2017-11-06 00:00:00,2017-11-07 00:00:00,UNRESOLVED,NAS100_LABELLED_D1_BAR_START_DATE_ONLY,2017-11-06T00:00:00-05:00,2017-11-06T05:00:00Z,2017-11-06T13:00:00+08:00,"-1 day, 19:00:00",8259ea51d160b855c2177ce1f4586cdc50e48f47c4722560bc2cf3bcac644196
2017-11-07,2017-11-07 00:00:00,2017-11-08 00:00:00,UNRESOLVED,NAS100_LABELLED_D1_BAR_START_DATE_ONLY,2017-11-07T00:00:00-05:00,2017-11-07T05:00:00Z,2017-11-07T13:00:00+08:00,"-1 day, 19:00:00",5a9aef53bd9e73b6d8c1ff0c1530bf830cca0bfacf9de98cfde4f64cc2d4da43
2017-11-08,2017-11-08 00:00:00,2017-11-09 00:00:00,UNRESOLVED,NAS100_LABELLED_D1_BAR_START_DATE_ONLY,2017-11-08T00:00:00-05:00,2017-11-08T05:00:00Z,2017-11-08T13:00:00+08:00,"-1 day, 19:00:00",e02efde37130b625a1a69b9e1b9b304316bf2b570e825c31d90adb34f1193de4
2017-11-09,2017-11-09 00:00:00,2017-11-10 00:00:00,UNRESOLVED,NAS100_LABELLED_D1_BAR_START_DATE_ONLY,2017-11-09T00:00:00-05:00,2017-11-09T05:00:00Z,2017-11-09T13:00:00+08:00,"-1 day, 19:00:00",f46830324d21002da646066e9d174b5528e8eac0ad148b7883954cb2436cf34c
2017-11-10,2017-11-10 00:00:00,2017-11-11 00:00:00,UNRESOLVED,NAS100_LABELLED_D1_BAR_START_DATE_ONLY,2017-11-10T00:00:00-05:00,2017-11-10T05:00:00Z,2017-11-10T13:00:00+08:00,"-1 day, 19:00:00",a4e88d05e7cda608eec48e88ea046de1b36d10fc21065c7b4050f7ab2a47c347
2017-11-13,2017-11-13 00:00:00,2017-11-14 00:00:00,UNRESOLVED,NAS100_LABELLED_D1_BAR_START_DATE_ONLY,2017-11-13T00:00:00-05:00,2017-11-13T05:00:00Z,2017-11-13T13:00:00+08:00,"-1 day, 19:00:00",e7ae12d53d3613e878dbe57d9cd4412406d37373c876dc0effb463b57a854cbb
2017-11-14,2017-11-14 00:00:00,2017-11-15 00:00:00,UNRESOLVED,NAS100_LABELLED_D1_BAR_START_DATE_ONLY,2017-11-14T00:00:00-05:00,2017-11-14T05:00:00Z,2017-11-14T13:00:00+08:00,"-1 day, 19:00:00",c0dc55738336c9b3a44d68104e8b63615385ae9d246bfe95d803b899c3b71082
2017-11-15,2017-11-15 00:00:00,2017-11-16 00:00:00,UNRESOLVED,NAS100_LABELLED_D1_BAR_START_DATE_ONLY,2017-11-15T00:00:00-05:00,2017-11-15T05:00:00Z,2017-11-15T13:00:00+08:00,"-1 day, 19:00:00",4f473a370eb6dca2d5bd3b4077d2f740060782b2d77bc2b9f276e13c8aae10b7
2017-11-16,2017-11-16 00:00:00,2017-11-17 00:00:00,UNRESOLVED,NAS100_LABELLED_D1_BAR_START_DATE_ONLY,2017-11-16T00:00:00-05:00,2017-11-16T05:00:00Z,2017-11-16T13:00:00+08:00,"-1 day, 19:00:00",a30724aa5bbf1d76bbe177c2b421de271cbbdf17bbdc1d81ca6135e8db2ea5fa
2017-11-17,2017-11-17 00:00:00,2017-11-18 00:00:00,UNRESOLVED,NAS100_LABELLED_D1_BAR_START_DATE_ONLY,2017-11-17T00:00:00-05:00,2017-11-17T05:00:00Z,2017-11-17T13:00:00+08:00,"-1 day, 19:00:00",a96bb316417e373b89a21fb8c5e94aba7f7b863dea3dd3b383040d4915d2a9ec
2017-11-20,2017-11-20 00:00:00,2017-11-21 00:00:00,UNRESOLVED,NAS100_LABELLED_D1_BAR_START_DATE_ONLY,2017-11-20T00:00:00-05:00,2017-11-20T05:00:00Z,2017-11-20T13:00:00+08:00,"-1 day, 19:00:00",718265ef5ed8ec434e9ea08f6c71d4d1dbea16cc40b6b9be5ad1aee62c8fcdc1
2017-11-21,2017-11-21 00:00:00,2017-11-22 00:00:00,UNRESOLVED,NAS100_LABELLED_D1_BAR_START_DATE_ONLY,2017-11-21T00:00:00-05:00,2017-11-21T05:00:00Z,2017-11-21T13:00:00+08:00,"-1 day, 19:00:00",71b2086f9e59e0fefb168c6e6a35eddec71eeeccc6761187027f33677c925a86
2017-11-22,2017-11-22 00:00:00,2017-11-23 00:00:00,UNRESOLVED,NAS100_LABELLED_D1_BAR_START_DATE_ONLY,2017-11-22T00:00:00-05:00,2017-11-22T05:00:00Z,2017-11-22T13:00:00+08:00,"-1 day, 19:00:00",ca3beeacd89312b77c0d21b2f62fb66a7ceb42cd5878661c2915a01f59d96100
2017-11-23,2017-11-23 00:00:00,2017-11-24 00:00:00,UNRESOLVED,NAS100_LABELLED_D1_BAR_START_DATE_ONLY,2017-11-23T00:00:00-05:00,2017-11-23T05:00:00Z,2017-11-23T13:00:00+08:00,"-1 day, 19:00:00",c8b1b0a4db9ccf7be011adfca1d6f1293f3f11126f4f764c90e43a09de4cb09d
2017-11-24,2017-11-24 00:00:00,2017-11-25 00:00:00,UNRESOLVED,NAS100_LABELLED_D1_BAR_START_DATE_ONLY,2017-11-24T00:00:00-05:00,2017-11-24T05:00:00Z,2017-11-24T13:00:00+08:00,"-1 day, 19:00:00",d7992c740cadbd646fe1edfb436772fd4e962ada8974579ab51b82140200bbb6
2017-11-27,2017-11-27 00:00:00,2017-11-28 00:00:00,UNRESOLVED,NAS100_LABELLED_D1_BAR_START_DATE_ONLY,2017-11-27T00:00:00-05:00,2017-11-27T05:00:00Z,2017-11-27T13:00:00+08:00,"-1 day, 19:00:00",b44c10c448a0c889c9564c0faf64bdec19cb4a6753de137ccba4e5eac31dc5fc
2017-11-28,2017-11-28 00:00:00,2017-11-29 00:00:00,UNRESOLVED,NAS100_LABELLED_D1_BAR_START_DATE_ONLY,2017-11-28T00:00:00-05:00,2017-11-28T05:00:00Z,2017-11-28T13:00:00+08:00,"-1 day, 19:00:00",096d0c9de64f905163d58ca56715ab4ea736d0a2ae9aee615897bbe526facb7b
2017-11-29,2017-11-29 00:00:00,2017-11-30 00:00:00,UNRESOLVED,NAS100_LABELLED_D1_BAR_START_DATE_ONLY,2017-11-29T00:00:00-05:00,2017-11-29T05:00:00Z,2017-11-29T13:00:00+08:00,"-1 day, 19:00:00",404fd4b50478617a620943e9ea282ada0ade57888a620cdf35e8a39c3c01ef8f
2017-11-30,2017-11-30 00:00:00,2017-12-01 00:00:00,UNRESOLVED,NAS100_LABELLED_D1_BAR_START_DATE_ONLY,2017-11-30T00:00:00-05:00,2017-11-30T05:00:00Z,2017-11-30T13:00:00+08:00,"-1 day, 19:00:00",9c9ee99ee3feb391d516dbbb334d64ee4d469956d2983541122d76747d0bb6d7
2017-12-01,2017-12-01 00:00:00,2017-12-02 00:00:00,UNRESOLVED,NAS100_LABELLED_D1_BAR_START_DATE_ONLY,2017-12-01T00:00:00-05:00,2017-12-01T05:00:00Z,2017-12-01T13:00:00+08:00,"-1 day, 19:00:00",72ffad33a12a86cdcb7a1a62ddfa18659e3007d19485d20abaea37dd9299e66e
2017-12-04,2017-12-04 00:00:00,2017-12-05 00:00:00,UNRESOLVED,NAS100_LABELLED_D1_BAR_START_DATE_ONLY,2017-12-04T00:00:00-05:00,2017-12-04T05:00:00Z,2017-12-04T13:00:00+08:00,"-1 day, 19:00:00",3f9bf1c92cf0138637eea076640293adc86962bdfdd7a796883c567d90fdf9e5
2017-12-05,2017-12-05 00:00:00,2017-12-06 00:00:00,UNRESOLVED,NAS100_LABELLED_D1_BAR_START_DATE_ONLY,2017-12-05T00:00:00-05:00,2017-12-05T05:00:00Z,2017-12-05T13:00:00+08:00,"-1 day, 19:00:00",5d08a323bb3ad91d12eb388bee9dce609332ed8305024097cc3884c7fc4ddd7a
2017-12-06,2017-12-06 00:00:00,2017-12-07 00:00:00,UNRESOLVED,NAS100_LABELLED_D1_BAR_START_DATE_ONLY,2017-12-06T00:00:00-05:00,2017-12-06T05:00:00Z,2017-12-06T13:00:00+08:00,"-1 day, 19:00:00",6f052782de4726f219f8a7166c89a350bdfd13a89447a764a7d1a22236370400
2017-12-07,2017-12-07 00:00:00,2017-12-08 00:00:00,UNRESOLVED,NAS100_LABELLED_D1_BAR_START_DATE_ONLY,2017-12-07T00:00:00-05:00,2017-12-07T05:00:00Z,2017-12-07T13:00:00+08:00,"-1 day, 19:00:00",527c34907bd85b7d0e2d843eb26fbb603686e501323eed688c1b09ef600405c6
2017-12-08,2017-12-08 00:00:00,2017-12-09 00:00:00,UNRESOLVED,NAS100_LABELLED_D1_BAR_START_DATE_ONLY,2017-12-08T00:00:00-05:00,2017-12-08T05:00:00Z,2017-12-08T13:00:00+08:00,"-1 day, 19:00:00",43fab76c4d64b2fe0d9b58f69faf38b619c07f8b76501dd8bb89398129f11b22
2017-12-11,2017-12-11 00:00:00,2017-12-12 00:00:00,UNRESOLVED,NAS100_LABELLED_D1_BAR_START_DATE_ONLY,2017-12-11T00:00:00-05:00,2017-12-11T05:00:00Z,2017-12-11T13:00:00+08:00,"-1 day, 19:00:00",587d22e6f90dd7a8aeb92ea3267bbc7146a6517e1d0c3fd18ccc8a306eb64310
2017-12-12,2017-12-12 00:00:00,2017-12-13 00:00:00,UNRESOLVED,NAS100_LABELLED_D1_BAR_START_DATE_ONLY,2017-12-12T00:00:00-05:00,2017-12-12T05:00:00Z,2017-12-12T13:00:00+08:00,"-1 day, 19:00:00",84f8d83b37264306931c1ac4172dd93e490b924f5d78ac47f7133d94b03a8a01
2017-12-13,2017-12-13 00:00:00,2017-12-14 00:00:00,UNRESOLVED,NAS100_LABELLED_D1_BAR_START_DATE_ONLY,2017-12-13T00:00:00-05:00,2017-12-13T05:00:00Z,2017-12-13T13:00:00+08:00,"-1 day, 19:00:00",f79bf276b8891ae1893034101eada67eeb88be3a4990f3c98b28a4a588cc5ab4
2017-12-14,2017-12-14 00:00:00,2017-12-15 00:00:00,UNRESOLVED,NAS100_LABELLED_D1_BAR_START_DATE_ONLY,2017-12-14T00:00:00-05:00,2017-12-14T05:00:00Z,2017-12-14T13:00:00+08:00,"-1 day, 19:00:00",1cf13a38eba506b0a8091e065372df4b4aa549820ebf9e692d7a766245981920
2017-12-15,2017-12-15 00:00:00,2017-12-16 00:00:00,UNRESOLVED,NAS100_LABELLED_D1_BAR_START_DATE_ONLY,2017-12-15T00:00:00-05:00,2017-12-15T05:00:00Z,2017-12-15T13:00:00+08:00,"-1 day, 19:00:00",17ab29ad77b2ecbc5fa2fb6cc2290d08aae74864c2df4ef13534cb91eae67329
2017-12-18,2017-12-18 00:00:00,2017-12-19 00:00:00,UNRESOLVED,NAS100_LABELLED_D1_BAR_START_DATE_ONLY,2017-12-18T00:00:00-05:00,2017-12-18T05:00:00Z,2017-12-18T13:00:00+08:00,"-1 day, 19:00:00",298507059ca1619436891ee8e82c94ea22c8b99536fdefb5f3a5eafea780f856
2017-12-19,2017-12-19 00:00:00,2017-12-20 00:00:00,UNRESOLVED,NAS100_LABELLED_D1_BAR_START_DATE_ONLY,2017-12-19T00:00:00-05:00,2017-12-19T05:00:00Z,2017-12-19T13:00:00+08:00,"-1 day, 19:00:00",a5a39f4952ca68e99a4a0ff2ba5c84e26fc7523151b163d368fc1c7f808ff159
2017-12-20,2017-12-20 00:00:00,2017-12-21 00:00:00,UNRESOLVED,NAS100_LABELLED_D1_BAR_START_DATE_ONLY,2017-12-20T00:00:00-05:00,2017-12-20T05:00:00Z,2017-12-20T13:00:00+08:00,"-1 day, 19:00:00",9fbf6577b4fa7e8be23f01a6b022845308156349910d6cd5011aeb1a74de5ef5
2017-12-21,2017-12-21 00:00:00,2017-12-22 00:00:00,UNRESOLVED,NAS100_LABELLED_D1_BAR_START_DATE_ONLY,2017-12-21T00:00:00-05:00,2017-12-21T05:00:00Z,2017-12-21T13:00:00+08:00,"-1 day, 19:00:00",47324858100011f9bcbb4d913302559128842d7ef6789ccdb1fdf951d5cf76da
2017-12-22,2017-12-22 00:00:00,2017-12-23 00:00:00,UNRESOLVED,NAS100_LABELLED_D1_BAR_START_DATE_ONLY,2017-12-22T00:00:00-05:00,2017-12-22T05:00:00Z,2017-12-22T13:00:00+08:00,"-1 day, 19:00:00",5401fb91fe9fdd121bd6fab79cb085f91a59b6551ba8ea40fb6005484fa55069
2017-12-26,2017-12-26 00:00:00,2017-12-27 00:00:00,UNRESOLVED,NAS100_LABELLED_D1_BAR_START_DATE_ONLY,2017-12-26T00:00:00-05:00,2017-12-26T05:00:00Z,2017-12-26T13:00:00+08:00,"-1 day, 19:00:00",ae199d4e9a0e464e96c8389a344a7414e977284de9cec5ffae2ebd7a99b68366
2017-12-27,2017-12-27 00:00:00,2017-12-28 00:00:00,UNRESOLVED,NAS100_LABELLED_D1_BAR_START_DATE_ONLY,2017-12-27T00:00:00-05:00,2017-12-27T05:00:00Z,2017-12-27T13:00:00+08:00,"-1 day, 19:00:00",28a0b8f2b743c271d4d13071c2b7fc566219fc2fe1d0bc3930f591586fb022b7
2017-12-28,2017-12-28 00:00:00,2017-12-29 00:00:00,UNRESOLVED,NAS100_LABELLED_D1_BAR_START_DATE_ONLY,2017-12-28T00:00:00-05:00,2017-12-28T05:00:00Z,2017-12-28T13:00:00+08:00,"-1 day, 19:00:00",cfe7e4154abed2d618af5468db47f7fed355bbec10314d67f2f4086f48613ec5
2017-12-29,2017-12-29 00:00:00,2017-12-30 00:00:00,UNRESOLVED,NAS100_LABELLED_D1_BAR_START_DATE_ONLY,2017-12-29T00:00:00-05:00,2017-12-29T05:00:00Z,2017-12-29T13:00:00+08:00,"-1 day, 19:00:00",2d61763112c1314c23298be74bb3978a272db3c99a91a2d5b6320cf35c3b3161
2018-01-02,2018-01-02 00:00:00,2018-01-03 00:00:00,UNRESOLVED,NAS100_LABELLED_D1_BAR_START_DATE_ONLY,2018-01-02T00:00:00-05:00,2018-01-02T05:00:00Z,2018-01-02T13:00:00+08:00,"-1 day, 19:00:00",de2e5d21ebb2ae2546d722b47bc07bb11677e6fe771d0274b0a98c528e5d11ec
2018-01-03,2018-01-03 00:00:00,2018-01-04 00:00:00,UNRESOLVED,NAS100_LABELLED_D1_BAR_START_DATE_ONLY,2018-01-03T00:00:00-05:00,2018-01-03T05:00:00Z,2018-01-03T13:00:00+08:00,"-1 day, 19:00:00",1496688b5fcd9dc71b18182cf4e5f0c0aa633f932b9ee569c7ce07d36829c1c2
2018-01-04,2018-01-04 00:00:00,2018-01-05 00:00:00,UNRESOLVED,NAS100_LABELLED_D1_BAR_START_DATE_ONLY,2018-01-04T00:00:00-05:00,2018-01-04T05:00:00Z,2018-01-04T13:00:00+08:00,"-1 day, 19:00:00",aac5b1e6d869b4f843347c5c451ef5f037455b7ff7dd37e1b81d9657951d5ad0
2018-01-05,2018-01-05 00:00:00,2018-01-06 00:00:00,UNRESOLVED,NAS100_LABELLED_D1_BAR_START_DATE_ONLY,2018-01-05T00:00:00-05:00,2018-01-05T05:00:00Z,2018-01-05T13:00:00+08:00,"-1 day, 19:00:00",067322fe219d359b4c6d4870e176cbc3167f9d6c722ea67dfd3394197e8ce90f
2018-01-08,2018-01-08 00:00:00,2018-01-09 00:00:00,UNRESOLVED,NAS100_LABELLED_D1_BAR_START_DATE_ONLY,2018-01-08T00:00:00-05:00,2018-01-08T05:00:00Z,2018-01-08T13:00:00+08:00,"-1 day, 19:00:00",e8f3948b2e085e2df985b54f2105015e89b8e2096d7ced8f2c0e00650c964410
2018-01-09,2018-01-09 00:00:00,2018-01-10 00:00:00,UNRESOLVED,NAS100_LABELLED_D1_BAR_START_DATE_ONLY,2018-01-09T00:00:00-05:00,2018-01-09T05:00:00Z,2018-01-09T13:00:00+08:00,"-1 day, 19:00:00",bd3be4dd24968a2d0b8517dbe44d0fcf464b41bbeaadfd02f2ffaf212bb44cbc
2018-01-10,2018-01-10 00:00:00,2018-01-11 00:00:00,UNRESOLVED,NAS100_LABELLED_D1_BAR_START_DATE_ONLY,2018-01-10T00:00:00-05:00,2018-01-10T05:00:00Z,2018-01-10T13:00:00+08:00,"-1 day, 19:00:00",a91bb76c19ea59697e4b1b4f9388b2cc9d2197d9bb13c7fff9a9b2f38b6581ed
2018-01-11,2018-01-11 00:00:00,2018-01-12 00:00:00,UNRESOLVED,NAS100_LABELLED_D1_BAR_START_DATE_ONLY,2018-01-11T00:00:00-05:00,2018-01-11T05:00:00Z,2018-01-11T13:00:00+08:00,"-1 day, 19:00:00",7de117a47a49e314a54e39a6263d20fbea03ab4c990d2d3619d460adc27fbcdd
2018-01-12,2018-01-12 00:00:00,2018-01-13 00:00:00,UNRESOLVED,NAS100_LABELLED_D1_BAR_START_DATE_ONLY,2018-01-12T00:00:00-05:00,2018-01-12T05:00:00Z,2018-01-12T13:00:00+08:00,"-1 day, 19:00:00",e8578cd86339043c6540b8af31c10dd78071e76893c52d61e4dfd2a561077243
2018-01-15,2018-01-15 00:00:00,2018-01-16 00:00:00,UNRESOLVED,NAS100_LABELLED_D1_BAR_START_DATE_ONLY,2018-01-15T00:00:00-05:00,2018-01-15T05:00:00Z,2018-01-15T13:00:00+08:00,"-1 day, 19:00:00",d6f654a3c545f243d30a7f42f9f70657701aea962192e15d1ab38fe41b55e2ac
2018-01-16,2018-01-16 00:00:00,2018-01-17 00:00:00,UNRESOLVED,NAS100_LABELLED_D1_BAR_START_DATE_ONLY,2018-01-16T00:00:00-05:00,2018-01-16T05:00:00Z,2018-01-16T13:00:00+08:00,"-1 day, 19:00:00",031550b75ecb29639381f29aa2a4405904da1e712740a56c2e4192349c172398
2018-01-17,2018-01-17 00:00:00,2018-01-18 00:00:00,UNRESOLVED,NAS100_LABELLED_D1_BAR_START_DATE_ONLY,2018-01-17T00:00:00-05:00,2018-01-17T05:00:00Z,2018-01-17T13:00:00+08:00,"-1 day, 19:00:00",e01e14efbf3e85b59933a8189fdbdf2e47165696eabd731b44b2552256cace0d
2018-01-18,2018-01-18 00:00:00,2018-01-19 00:00:00,UNRESOLVED,NAS100_LABELLED_D1_BAR_START_DATE_ONLY,2018-01-18T00:00:00-05:00,2018-01-18T05:00:00Z,2018-01-18T13:00:00+08:00,"-1 day, 19:00:00",85529abecdbc3e8ca653f76fd8cf9f761f54be1220032e16ce752185e817946b
2018-01-19,2018-01-19 00:00:00,2018-01-20 00:00:00,UNRESOLVED,NAS100_LABELLED_D1_BAR_START_DATE_ONLY,2018-01-19T00:00:00-05:00,2018-01-19T05:00:00Z,2018-01-19T13:00:00+08:00,"-1 day, 19:00:00",3479a10fc3d45814d56a5e4dba3b1d04bc7465ab93eac065a50fb31c241c370f
2018-01-22,2018-01-22 00:00:00,2018-01-23 00:00:00,UNRESOLVED,NAS100_LABELLED_D1_BAR_START_DATE_ONLY,2018-01-22T00:00:00-05:00,2018-01-22T05:00:00Z,2018-01-22T13:00:00+08:00,"-1 day, 19:00:00",a69dcbbd2cc0d0b87a62bc497cb5e336bc928cd60788bdb480bea233ddb5b62f
2018-01-23,2018-01-23 00:00:00,2018-01-24 00:00:00,UNRESOLVED,NAS100_LABELLED_D1_BAR_START_DATE_ONLY,2018-01-23T00:00:00-05:00,2018-01-23T05:00:00Z,2018-01-23T13:00:00+08:00,"-1 day, 19:00:00",a01fbd11e302f0e9610ed2bf4af3c971882f4661c436cc687f98f391ea515279
2018-01-24,2018-01-24 00:00:00,2018-01-25 00:00:00,UNRESOLVED,NAS100_LABELLED_D1_BAR_START_DATE_ONLY,2018-01-24T00:00:00-05:00,2018-01-24T05:00:00Z,2018-01-24T13:00:00+08:00,"-1 day, 19:00:00",70de8c9b859fc4864477c3c20f5c65928f8bfb019aacd479cd737d38e48062e5
2018-01-25,2018-01-25 00:00:00,2018-01-26 00:00:00,UNRESOLVED,NAS100_LABELLED_D1_BAR_START_DATE_ONLY,2018-01-25T00:00:00-05:00,2018-01-25T05:00:00Z,2018-01-25T13:00:00+08:00,"-1 day, 19:00:00",652498df39be27517e86a82665082903492a21390751a358bb891017f695dd67
2018-01-26,2018-01-26 00:00:00,2018-01-27 00:00:00,UNRESOLVED,NAS100_LABELLED_D1_BAR_START_DATE_ONLY,2018-01-26T00:00:00-05:00,2018-01-26T05:00:00Z,2018-01-26T13:00:00+08:00,"-1 day, 19:00:00",af21c886c566943131ee1e41cb789678f2b332198e5c09d63b2a1e6018d01c0f
2018-01-29,2018-01-29 00:00:00,2018-01-30 00:00:00,UNRESOLVED,NAS100_LABELLED_D1_BAR_START_DATE_ONLY,2018-01-29T00:00:00-05:00,2018-01-29T05:00:00Z,2018-01-29T13:00:00+08:00,"-1 day, 19:00:00",0f3543fc7de32419ef116b9de5f06bd31f88369b437e262ed04158a150a1732f
2018-01-30,2018-01-30 00:00:00,2018-01-31 00:00:00,UNRESOLVED,NAS100_LABELLED_D1_BAR_START_DATE_ONLY,2018-01-30T00:00:00-05:00,2018-01-30T05:00:00Z,2018-01-30T13:00:00+08:00,"-1 day, 19:00:00",526c4880b13ab0bbea960283106e5214f9c6d4f6ef356c1b3d86ae0040432369
2018-01-31,2018-01-31 00:00:00,2018-02-01 00:00:00,UNRESOLVED,NAS100_LABELLED_D1_BAR_START_DATE_ONLY,2018-01-31T00:00:00-05:00,2018-01-31T05:00:00Z,2018-01-31T13:00:00+08:00,"-1 day, 19:00:00",b0466f3c301a296bf27446931854e23bdaf89fe3329b945c571b5742954da1a3
2018-02-01,2018-02-01 00:00:00,2018-02-02 00:00:00,UNRESOLVED,NAS100_LABELLED_D1_BAR_START_DATE_ONLY,2018-02-01T00:00:00-05:00,2018-02-01T05:00:00Z,2018-02-01T13:00:00+08:00,"-1 day, 19:00:00",87190ce8ef458c34770faaa3c971debcf3e79a3ab655390877d1b7698f039f19
2018-02-02,2018-02-02 00:00:00,2018-02-03 00:00:00,UNRESOLVED,NAS100_LABELLED_D1_BAR_START_DATE_ONLY,2018-02-02T00:00:00-05:00,2018-02-02T05:00:00Z,2018-02-02T13:00:00+08:00,"-1 day, 19:00:00",7ca21965c3dab041ddbc0eaa887f77f7d8156861e63e8215dfca11269c396a8a
2018-02-05,2018-02-05 00:00:00,2018-02-06 00:00:00,UNRESOLVED,NAS100_LABELLED_D1_BAR_START_DATE_ONLY,2018-02-05T00:00:00-05:00,2018-02-05T05:00:00Z,2018-02-05T13:00:00+08:00,"-1 day, 19:00:00",17c3fefbabc6586d0711c077328f74234e35111239da485b5c0c6b4b1ad187fe
2018-02-06,2018-02-06 00:00:00,2018-02-07 00:00:00,UNRESOLVED,NAS100_LABELLED_D1_BAR_START_DATE_ONLY,2018-02-06T00:00:00-05:00,2018-02-06T05:00:00Z,2018-02-06T13:00:00+08:00,"-1 day, 19:00:00",e1f31f72cea19668abba9af82065a529029649c6a28b429cf769ec8cc1658520
2018-02-07,2018-02-07 00:00:00,2018-02-08 00:00:00,UNRESOLVED,NAS100_LABELLED_D1_BAR_START_DATE_ONLY,2018-02-07T00:00:00-05:00,2018-02-07T05:00:00Z,2018-02-07T13:00:00+08:00,"-1 day, 19:00:00",a7240616d14050af8965d1acd307510eefa64084f37f7295d91e8b96e9b862a4
2018-02-08,2018-02-08 00:00:00,2018-02-09 00:00:00,UNRESOLVED,NAS100_LABELLED_D1_BAR_START_DATE_ONLY,2018-02-08T00:00:00-05:00,2018-02-08T05:00:00Z,2018-02-08T13:00:00+08:00,"-1 day, 19:00:00",5ce47d5798f723fc6615594f41daddf176744bdae3a203d0a902753bf97e9026
2018-02-09,2018-02-09 00:00:00,2018-02-10 00:00:00,UNRESOLVED,NAS100_LABELLED_D1_BAR_START_DATE_ONLY,2018-02-09T00:00:00-05:00,2018-02-09T05:00:00Z,2018-02-09T13:00:00+08:00,"-1 day, 19:00:00",eaa8f4893c7bce9a5a7ffbea5ec1b41ebfcccbe5b6044bdb6342ad2b9c84de78
2018-02-12,2018-02-12 00:00:00,2018-02-13 00:00:00,UNRESOLVED,NAS100_LABELLED_D1_BAR_START_DATE_ONLY,2018-02-12T00:00:00-05:00,2018-02-12T05:00:00Z,2018-02-12T13:00:00+08:00,"-1 day, 19:00:00",1ab88efe5fb79cb2eef70b0a4802fd8d1a6f923168c58297d91391ef9161fdb4
2018-02-13,2018-02-13 00:00:00,2018-02-14 00:00:00,UNRESOLVED,NAS100_LABELLED_D1_BAR_START_DATE_ONLY,2018-02-13T00:00:00-05:00,2018-02-13T05:00:00Z,2018-02-13T13:00:00+08:00,"-1 day, 19:00:00",8a08a2d01e00a7ffb17f4678c07c9171794138bea25380d8772339d794ed7c7c
2018-02-14,2018-02-14 00:00:00,2018-02-15 00:00:00,UNRESOLVED,NAS100_LABELLED_D1_BAR_START_DATE_ONLY,2018-02-14T00:00:00-05:00,2018-02-14T05:00:00Z,2018-02-14T13:00:00+08:00,"-1 day, 19:00:00",d0219d2d324ed941573bda4a090d0e41bf2fb873573582e143a7a5cd29195ab6
2018-02-15,2018-02-15 00:00:00,2018-02-16 00:00:00,UNRESOLVED,NAS100_LABELLED_D1_BAR_START_DATE_ONLY,2018-02-15T00:00:00-05:00,2018-02-15T05:00:00Z,2018-02-15T13:00:00+08:00,"-1 day, 19:00:00",98027e2ee3f415122527ecfe4f4521167aab15efd40b4570c3c9f1aa3cf20dfd
2018-02-16,2018-02-16 00:00:00,2018-02-17 00:00:00,UNRESOLVED,NAS100_LABELLED_D1_BAR_START_DATE_ONLY,2018-02-16T00:00:00-05:00,2018-02-16T05:00:00Z,2018-02-16T13:00:00+08:00,"-1 day, 19:00:00",930b2575351f6e3877685c7b970a33f6d490071ec6d9116ba318e0ef5a9aa04d
2018-02-19,2018-02-19 00:00:00,2018-02-20 00:00:00,UNRESOLVED,NAS100_LABELLED_D1_BAR_START_DATE_ONLY,2018-02-19T00:00:00-05:00,2018-02-19T05:00:00Z,2018-02-19T13:00:00+08:00,"-1 day, 19:00:00",e937ffb7b9c48573b10c5cd193c4a314b84d4dd8664c85970ed0737090993b49
2018-02-20,2018-02-20 00:00:00,2018-02-21 00:00:00,UNRESOLVED,NAS100_LABELLED_D1_BAR_START_DATE_ONLY,2018-02-20T00:00:00-05:00,2018-02-20T05:00:00Z,2018-02-20T13:00:00+08:00,"-1 day, 19:00:00",7cfca33fcd27572c8d6cabd69ce92d2487bef8095f0742ef3f97dacc21224041
2018-02-21,2018-02-21 00:00:00,2018-02-22 00:00:00,UNRESOLVED,NAS100_LABELLED_D1_BAR_START_DATE_ONLY,2018-02-21T00:00:00-05:00,2018-02-21T05:00:00Z,2018-02-21T13:00:00+08:00,"-1 day, 19:00:00",5acf83d748c3fc08a0a8a9726c44b6f5a4e49cd64a2783537c515ab6b28bda49
2018-02-22,2018-02-22 00:00:00,2018-02-23 00:00:00,UNRESOLVED,NAS100_LABELLED_D1_BAR_START_DATE_ONLY,2018-02-22T00:00:00-05:00,2018-02-22T05:00:00Z,2018-02-22T13:00:00+08:00,"-1 day, 19:00:00",b22750897d5a61dbcee5ae58dab813c769f8dac53b4afaaf062a5fb28a90e96e
2018-02-23,2018-02-23 00:00:00,2018-02-24 00:00:00,UNRESOLVED,NAS100_LABELLED_D1_BAR_START_DATE_ONLY,2018-02-23T00:00:00-05:00,2018-02-23T05:00:00Z,2018-02-23T13:00:00+08:00,"-1 day, 19:00:00",ac7d4b09522d23258fdf98b162fa2f0ed57ee0c4b418fd8606c741d433f81639
2018-02-26,2018-02-26 00:00:00,2018-02-27 00:00:00,UNRESOLVED,NAS100_LABELLED_D1_BAR_START_DATE_ONLY,2018-02-26T00:00:00-05:00,2018-02-26T05:00:00Z,2018-02-26T13:00:00+08:00,"-1 day, 19:00:00",7127b479e83d85e2ed4f643ffdcf735baad60c94e48d742aa0a704dc2c2255a0
2018-02-27,2018-02-27 00:00:00,2018-02-28 00:00:00,UNRESOLVED,NAS100_LABELLED_D1_BAR_START_DATE_ONLY,2018-02-27T00:00:00-05:00,2018-02-27T05:00:00Z,2018-02-27T13:00:00+08:00,"-1 day, 19:00:00",6eed58b6649baa2aab5de21eb86db689da1a8990ba1a35a1421c067af3ac6073
2018-02-28,2018-02-28 00:00:00,2018-03-01 00:00:00,UNRESOLVED,NAS100_LABELLED_D1_BAR_START_DATE_ONLY,2018-02-28T00:00:00-05:00,2018-02-28T05:00:00Z,2018-02-28T13:00:00+08:00,"-1 day, 19:00:00",a60471bf6c98166257e1bd01ee936f4bc96bfdde4fe6ee49ea173f97af656a66
2018-03-01,2018-03-01 00:00:00,2018-03-02 00:00:00,UNRESOLVED,NAS100_LABELLED_D1_BAR_START_DATE_ONLY,2018-03-01T00:00:00-05:00,2018-03-01T05:00:00Z,2018-03-01T13:00:00+08:00,"-1 day, 19:00:00",940722617a2d8cd6b1a2942f201b6e3cfb2515b125213379ef20c0f84ba6660e
2018-03-02,2018-03-02 00:00:00,2018-03-03 00:00:00,UNRESOLVED,NAS100_LABELLED_D1_BAR_START_DATE_ONLY,2018-03-02T00:00:00-05:00,2018-03-02T05:00:00Z,2018-03-02T13:00:00+08:00,"-1 day, 19:00:00",9f73ae2580ad734e1bb8adad80c5e008467e3a0e24a558336b8ef2ebdb68d6e5
2018-03-05,2018-03-05 00:00:00,2018-03-06 00:00:00,UNRESOLVED,NAS100_LABELLED_D1_BAR_START_DATE_ONLY,2018-03-05T00:00:00-05:00,2018-03-05T05:00:00Z,2018-03-05T13:00:00+08:00,"-1 day, 19:00:00",4b8ac6ccd103ce69dc8b29dae63d232b9360de733db90eb042536e67a2d23f14
2018-03-06,2018-03-06 00:00:00,2018-03-07 00:00:00,UNRESOLVED,NAS100_LABELLED_D1_BAR_START_DATE_ONLY,2018-03-06T00:00:00-05:00,2018-03-06T05:00:00Z,2018-03-06T13:00:00+08:00,"-1 day, 19:00:00",6168d580607b2211d59502f1b1e131aedc31332a67b0100c03acf3c6274ed218
2018-03-07,2018-03-07 00:00:00,2018-03-08 00:00:00,UNRESOLVED,NAS100_LABELLED_D1_BAR_START_DATE_ONLY,2018-03-07T00:00:00-05:00,2018-03-07T05:00:00Z,2018-03-07T13:00:00+08:00,"-1 day, 19:00:00",994d2fcce26e1e7ea7a42b77cace4eda8aaa8211dfce224428cc61e3cdb4ddcc
2018-03-08,2018-03-08 00:00:00,2018-03-09 00:00:00,UNRESOLVED,NAS100_LABELLED_D1_BAR_START_DATE_ONLY,2018-03-08T00:00:00-05:00,2018-03-08T05:00:00Z,2018-03-08T13:00:00+08:00,"-1 day, 19:00:00",595f9592ef12b89e1a89504410084722d5028eec2da6e479ac744e3486d0c814
2018-03-09,2018-03-09 00:00:00,2018-03-10 00:00:00,UNRESOLVED,NAS100_LABELLED_D1_BAR_START_DATE_ONLY,2018-03-09T00:00:00-05:00,2018-03-09T05:00:00Z,2018-03-09T13:00:00+08:00,"-1 day, 19:00:00",b38290349cd2752d7127579df9e4a5006ce079d817ce57241f54814dd295064c
2018-03-12,2018-03-12 00:00:00,2018-03-13 00:00:00,UNRESOLVED,NAS100_LABELLED_D1_BAR_START_DATE_ONLY,2018-03-12T00:00:00-04:00,2018-03-12T04:00:00Z,2018-03-12T12:00:00+08:00,"-1 day, 20:00:00",e81b559529817bce3c79bb5b87d06d8b23a50fa83bbba3e083ea01dbf0f07b0a
2018-03-13,2018-03-13 00:00:00,2018-03-14 00:00:00,UNRESOLVED,NAS100_LABELLED_D1_BAR_START_DATE_ONLY,2018-03-13T00:00:00-04:00,2018-03-13T04:00:00Z,2018-03-13T12:00:00+08:00,"-1 day, 20:00:00",11c69d9d3b07bac7defba4fa2961c1c676c38c620c8e27293487b8b6723a3506
2018-03-14,2018-03-14 00:00:00,2018-03-15 00:00:00,UNRESOLVED,NAS100_LABELLED_D1_BAR_START_DATE_ONLY,2018-03-14T00:00:00-04:00,2018-03-14T04:00:00Z,2018-03-14T12:00:00+08:00,"-1 day, 20:00:00",a1d825597f00424f6d65b792e4667a3ec13c3997d7db319fbf476e8b1c88b083
2018-03-15,2018-03-15 00:00:00,2018-03-16 00:00:00,UNRESOLVED,NAS100_LABELLED_D1_BAR_START_DATE_ONLY,2018-03-15T00:00:00-04:00,2018-03-15T04:00:00Z,2018-03-15T12:00:00+08:00,"-1 day, 20:00:00",76c59ff0bb397304e5a74b22844ee648d65f6f2be195b9aa20d6158a2e31c603
2018-03-16,2018-03-16 00:00:00,2018-03-17 00:00:00,UNRESOLVED,NAS100_LABELLED_D1_BAR_START_DATE_ONLY,2018-03-16T00:00:00-04:00,2018-03-16T04:00:00Z,2018-03-16T12:00:00+08:00,"-1 day, 20:00:00",dfb62e54d96c3cea694040d1ce685e2d22bd3ed31eced82139029f12298339be
2018-03-19,2018-03-19 00:00:00,2018-03-20 00:00:00,UNRESOLVED,NAS100_LABELLED_D1_BAR_START_DATE_ONLY,2018-03-19T00:00:00-04:00,2018-03-19T04:00:00Z,2018-03-19T12:00:00+08:00,"-1 day, 20:00:00",b62349f72fbdfffbe38dbdd649181062c1cd21e8ff6f40a2d15052fd0d461f4d
2018-03-20,2018-03-20 00:00:00,2018-03-21 00:00:00,UNRESOLVED,NAS100_LABELLED_D1_BAR_START_DATE_ONLY,2018-03-20T00:00:00-04:00,2018-03-20T04:00:00Z,2018-03-20T12:00:00+08:00,"-1 day, 20:00:00",78099a13b836f9452a6bec3f66886108b4dd23c0ae3ddb98be96877fad5b6882
2018-03-21,2018-03-21 00:00:00,2018-03-22 00:00:00,UNRESOLVED,NAS100_LABELLED_D1_BAR_START_DATE_ONLY,2018-03-21T00:00:00-04:00,2018-03-21T04:00:00Z,2018-03-21T12:00:00+08:00,"-1 day, 20:00:00",1af2496f9234c60f80c1b8371fa392d043fa616da04428e6c7a8342d93b49db2
2018-03-22,2018-03-22 00:00:00,2018-03-23 00:00:00,UNRESOLVED,NAS100_LABELLED_D1_BAR_START_DATE_ONLY,2018-03-22T00:00:00-04:00,2018-03-22T04:00:00Z,2018-03-22T12:00:00+08:00,"-1 day, 20:00:00",fa785843a2b3d5a6537ffdde22c576ab773e686e454924c27d39008be6897689
2018-03-23,2018-03-23 00:00:00,2018-03-24 00:00:00,UNRESOLVED,NAS100_LABELLED_D1_BAR_START_DATE_ONLY,2018-03-23T00:00:00-04:00,2018-03-23T04:00:00Z,2018-03-23T12:00:00+08:00,"-1 day, 20:00:00",4e16279cb1e66f172ff632d4f93201d026fb62483ab5426de840136cc573cca4
2018-03-26,2018-03-26 00:00:00,2018-03-27 00:00:00,UNRESOLVED,NAS100_LABELLED_D1_BAR_START_DATE_ONLY,2018-03-26T00:00:00-04:00,2018-03-26T04:00:00Z,2018-03-26T12:00:00+08:00,"-1 day, 20:00:00",5f7f71cadabac5dd7e7fd69d1a0a78268909ae1102a2fc324a09769653209b15
2018-03-27,2018-03-27 00:00:00,2018-03-28 00:00:00,UNRESOLVED,NAS100_LABELLED_D1_BAR_START_DATE_ONLY,2018-03-27T00:00:00-04:00,2018-03-27T04:00:00Z,2018-03-27T12:00:00+08:00,"-1 day, 20:00:00",e5892dfab12c52ca5178917308940aa03540fc58f192519a0d46d3b07325f4f9
2018-03-28,2018-03-28 00:00:00,2018-03-29 00:00:00,UNRESOLVED,NAS100_LABELLED_D1_BAR_START_DATE_ONLY,2018-03-28T00:00:00-04:00,2018-03-28T04:00:00Z,2018-03-28T12:00:00+08:00,"-1 day, 20:00:00",4ae54c85b2a02404c0ab98a9782d607290888b53df6481aae615d969b554551a
2018-03-29,2018-03-29 00:00:00,2018-03-30 00:00:00,UNRESOLVED,NAS100_LABELLED_D1_BAR_START_DATE_ONLY,2018-03-29T00:00:00-04:00,2018-03-29T04:00:00Z,2018-03-29T12:00:00+08:00,"-1 day, 20:00:00",9eb1477a4e0d9ddb5bddd33decff8deb68ca47add1b9b2c04c052efe30d0cbd6
2018-04-02,2018-04-02 00:00:00,2018-04-03 00:00:00,UNRESOLVED,NAS100_LABELLED_D1_BAR_START_DATE_ONLY,2018-04-02T00:00:00-04:00,2018-04-02T04:00:00Z,2018-04-02T12:00:00+08:00,"-1 day, 20:00:00",9189487a1ea7ed2c01a91ff396badc2c4457df41afce7a26d37320f0281f3a82
2018-04-03,2018-04-03 00:00:00,2018-04-04 00:00:00,UNRESOLVED,NAS100_LABELLED_D1_BAR_START_DATE_ONLY,2018-04-03T00:00:00-04:00,2018-04-03T04:00:00Z,2018-04-03T12:00:00+08:00,"-1 day, 20:00:00",f3a540fd64c91b2497ee1149c7a58548b713e3b9eeeaef4939d4abb764c568b2
2018-04-04,2018-04-04 00:00:00,2018-04-05 00:00:00,UNRESOLVED,NAS100_LABELLED_D1_BAR_START_DATE_ONLY,2018-04-04T00:00:00-04:00,2018-04-04T04:00:00Z,2018-04-04T12:00:00+08:00,"-1 day, 20:00:00",b1ca87b880e91a2563ae0c9681cd64b1ba67f2d1ab05d2228a2c6dd492bebbfb
2018-04-05,2018-04-05 00:00:00,2018-04-06 00:00:00,UNRESOLVED,NAS100_LABELLED_D1_BAR_START_DATE_ONLY,2018-04-05T00:00:00-04:00,2018-04-05T04:00:00Z,2018-04-05T12:00:00+08:00,"-1 day, 20:00:00",be3d947708c8e36a17ace37d1d087c29aaf1b407cd5af07d1edc3e6bbe52315e
2018-04-06,2018-04-06 00:00:00,2018-04-07 00:00:00,UNRESOLVED,NAS100_LABELLED_D1_BAR_START_DATE_ONLY,2018-04-06T00:00:00-04:00,2018-04-06T04:00:00Z,2018-04-06T12:00:00+08:00,"-1 day, 20:00:00",2063c9b6dfbedea6d90fb66a9629ba02ab3e4abf5f286b04f570c7f52beb952c
2018-04-09,2018-04-09 00:00:00,2018-04-10 00:00:00,UNRESOLVED,NAS100_LABELLED_D1_BAR_START_DATE_ONLY,2018-04-09T00:00:00-04:00,2018-04-09T04:00:00Z,2018-04-09T12:00:00+08:00,"-1 day, 20:00:00",8e2c536aeece9fcf5e8b04c466552c6ef90d6ce71a1a465c3996c5969d98e884
2018-04-10,2018-04-10 00:00:00,2018-04-11 00:00:00,UNRESOLVED,NAS100_LABELLED_D1_BAR_START_DATE_ONLY,2018-04-10T00:00:00-04:00,2018-04-10T04:00:00Z,2018-04-10T12:00:00+08:00,"-1 day, 20:00:00",929ae3f17fe9f985fa781fdee32394e1198dbce8f47ede6da7be5b1be4479669
2018-04-11,2018-04-11 00:00:00,2018-04-12 00:00:00,UNRESOLVED,NAS100_LABELLED_D1_BAR_START_DATE_ONLY,2018-04-11T00:00:00-04:00,2018-04-11T04:00:00Z,2018-04-11T12:00:00+08:00,"-1 day, 20:00:00",a28cad963de07bf833f976d80e011c9db9beb288c0dc8e5b7686cb4d77325db8
2018-04-12,2018-04-12 00:00:00,2018-04-13 00:00:00,UNRESOLVED,NAS100_LABELLED_D1_BAR_START_DATE_ONLY,2018-04-12T00:00:00-04:00,2018-04-12T04:00:00Z,2018-04-12T12:00:00+08:00,"-1 day, 20:00:00",2fd50f3e20f348a937f4e04a292b491686adad7dc5bf22de2a5c1289dd427194
2018-04-13,2018-04-13 00:00:00,2018-04-14 00:00:00,UNRESOLVED,NAS100_LABELLED_D1_BAR_START_DATE_ONLY,2018-04-13T00:00:00-04:00,2018-04-13T04:00:00Z,2018-04-13T12:00:00+08:00,"-1 day, 20:00:00",2c33d638f2665b9ba32dfa334c94c0adc143871b3a4790173dd7f1cbe15ad567
2018-04-16,2018-04-16 00:00:00,2018-04-17 00:00:00,UNRESOLVED,NAS100_LABELLED_D1_BAR_START_DATE_ONLY,2018-04-16T00:00:00-04:00,2018-04-16T04:00:00Z,2018-04-16T12:00:00+08:00,"-1 day, 20:00:00",af369b1941bb8b63215e7a048aabad4bfbc0f4fbbc07be756da1246a318bb877
2018-04-17,2018-04-17 00:00:00,2018-04-18 00:00:00,UNRESOLVED,NAS100_LABELLED_D1_BAR_START_DATE_ONLY,2018-04-17T00:00:00-04:00,2018-04-17T04:00:00Z,2018-04-17T12:00:00+08:00,"-1 day, 20:00:00",3d4d32d5fb5393c1569fe63dc8d2271dc0be951867fc3f1a0227de5d265e5f89
2018-04-18,2018-04-18 00:00:00,2018-04-19 00:00:00,UNRESOLVED,NAS100_LABELLED_D1_BAR_START_DATE_ONLY,2018-04-18T00:00:00-04:00,2018-04-18T04:00:00Z,2018-04-18T12:00:00+08:00,"-1 day, 20:00:00",69b8e2342770bc0bff1b475fe698b1ee1dde085db42ded11892dca1d7d1c3552
2018-04-19,2018-04-19 00:00:00,2018-04-20 00:00:00,UNRESOLVED,NAS100_LABELLED_D1_BAR_START_DATE_ONLY,2018-04-19T00:00:00-04:00,2018-04-19T04:00:00Z,2018-04-19T12:00:00+08:00,"-1 day, 20:00:00",e7480e3fc5ec8940f9f395ae186d05c696801925b549a64998d8c8782ca13fa8
2018-04-20,2018-04-20 00:00:00,2018-04-21 00:00:00,UNRESOLVED,NAS100_LABELLED_D1_BAR_START_DATE_ONLY,2018-04-20T00:00:00-04:00,2018-04-20T04:00:00Z,2018-04-20T12:00:00+08:00,"-1 day, 20:00:00",848cf2708734d4e56a6b59ffb7f92d3f6b908bdddc8349b28d43882ac8f36b93
2018-04-23,2018-04-23 00:00:00,2018-04-24 00:00:00,UNRESOLVED,NAS100_LABELLED_D1_BAR_START_DATE_ONLY,2018-04-23T00:00:00-04:00,2018-04-23T04:00:00Z,2018-04-23T12:00:00+08:00,"-1 day, 20:00:00",d4081a96b8d93282b8394afd4ff6ee9cb573c4e6377736d7f475fbcb1bb90001
2018-04-24,2018-04-24 00:00:00,2018-04-25 00:00:00,UNRESOLVED,NAS100_LABELLED_D1_BAR_START_DATE_ONLY,2018-04-24T00:00:00-04:00,2018-04-24T04:00:00Z,2018-04-24T12:00:00+08:00,"-1 day, 20:00:00",cd069e336457d5563cc769034b9c6efb553b07e8a628d04dcad3a99fc83a6a94
2018-04-25,2018-04-25 00:00:00,2018-04-26 00:00:00,UNRESOLVED,NAS100_LABELLED_D1_BAR_START_DATE_ONLY,2018-04-25T00:00:00-04:00,2018-04-25T04:00:00Z,2018-04-25T12:00:00+08:00,"-1 day, 20:00:00",a1a42c52a67974ed28bcf434307b0a9bb921b42e5e471f016ff4fe4bc98424d7
2018-04-26,2018-04-26 00:00:00,2018-04-27 00:00:00,UNRESOLVED,NAS100_LABELLED_D1_BAR_START_DATE_ONLY,2018-04-26T00:00:00-04:00,2018-04-26T04:00:00Z,2018-04-26T12:00:00+08:00,"-1 day, 20:00:00",8246e43bc68dbd594283bbbc245cd617330009086254a4916ebc429077a8266f
2018-04-27,2018-04-27 00:00:00,2018-04-28 00:00:00,UNRESOLVED,NAS100_LABELLED_D1_BAR_START_DATE_ONLY,2018-04-27T00:00:00-04:00,2018-04-27T04:00:00Z,2018-04-27T12:00:00+08:00,"-1 day, 20:00:00",fd8ac88bab0750dbb319af1805635c94512cce3181beae3ba3d1b475a8928dc2
2018-04-30,2018-04-30 00:00:00,2018-05-01 00:00:00,UNRESOLVED,NAS100_LABELLED_D1_BAR_START_DATE_ONLY,2018-04-30T00:00:00-04:00,2018-04-30T04:00:00Z,2018-04-30T12:00:00+08:00,"-1 day, 20:00:00",a1146143a4628ab6fa84611eddcea9c5f1cc12d0c8a98a670f52d3e60f2cf64d
2018-05-01,2018-05-01 00:00:00,2018-05-02 00:00:00,UNRESOLVED,NAS100_LABELLED_D1_BAR_START_DATE_ONLY,2018-05-01T00:00:00-04:00,2018-05-01T04:00:00Z,2018-05-01T12:00:00+08:00,"-1 day, 20:00:00",a9950e87a33b386b4b3a38da3962ac26b3321c87cde7b9e98c063415f8442b98
2018-05-02,2018-05-02 00:00:00,2018-05-03 00:00:00,UNRESOLVED,NAS100_LABELLED_D1_BAR_START_DATE_ONLY,2018-05-02T00:00:00-04:00,2018-05-02T04:00:00Z,2018-05-02T12:00:00+08:00,"-1 day, 20:00:00",14e4c4b12d1faaefe6fb865b9bc800ec78728d1b04b4f7ada876f5074304e84f
2018-05-03,2018-05-03 00:00:00,2018-05-04 00:00:00,UNRESOLVED,NAS100_LABELLED_D1_BAR_START_DATE_ONLY,2018-05-03T00:00:00-04:00,2018-05-03T04:00:00Z,2018-05-03T12:00:00+08:00,"-1 day, 20:00:00",c106c1fcc01dd1b6bfbd6b38cc87c0e2d8088374128ce4d08181a58be2c7fb66
2018-05-04,2018-05-04 00:00:00,2018-05-05 00:00:00,UNRESOLVED,NAS100_LABELLED_D1_BAR_START_DATE_ONLY,2018-05-04T00:00:00-04:00,2018-05-04T04:00:00Z,2018-05-04T12:00:00+08:00,"-1 day, 20:00:00",8ac36e12a71e05e316bbb6e8a0f7ee4347799300f1431ccbeb5e563d6b960b33
2018-05-07,2018-05-07 00:00:00,2018-05-08 00:00:00,UNRESOLVED,NAS100_LABELLED_D1_BAR_START_DATE_ONLY,2018-05-07T00:00:00-04:00,2018-05-07T04:00:00Z,2018-05-07T12:00:00+08:00,"-1 day, 20:00:00",81976bd34dfdadb59022e91d2e09828f18410c33cf07ffcfe06b3ecf06055d2d
2018-05-08,2018-05-08 00:00:00,2018-05-09 00:00:00,UNRESOLVED,NAS100_LABELLED_D1_BAR_START_DATE_ONLY,2018-05-08T00:00:00-04:00,2018-05-08T04:00:00Z,2018-05-08T12:00:00+08:00,"-1 day, 20:00:00",4804175645cb1fc78087b8fefbdf33caabce98c855d96a8a85ea99eb595f165c
2018-05-09,2018-05-09 00:00:00,2018-05-10 00:00:00,UNRESOLVED,NAS100_LABELLED_D1_BAR_START_DATE_ONLY,2018-05-09T00:00:00-04:00,2018-05-09T04:00:00Z,2018-05-09T12:00:00+08:00,"-1 day, 20:00:00",09e962c6bfe66f776578d523381d04b03bad692add67864070201170247998ba
2018-05-10,2018-05-10 00:00:00,2018-05-11 00:00:00,UNRESOLVED,NAS100_LABELLED_D1_BAR_START_DATE_ONLY,2018-05-10T00:00:00-04:00,2018-05-10T04:00:00Z,2018-05-10T12:00:00+08:00,"-1 day, 20:00:00",67c0c17f5298f654066e092306a4ac9a534b875f728b7c115d75ed8f2ba444d9
2018-05-11,2018-05-11 00:00:00,2018-05-12 00:00:00,UNRESOLVED,NAS100_LABELLED_D1_BAR_START_DATE_ONLY,2018-05-11T00:00:00-04:00,2018-05-11T04:00:00Z,2018-05-11T12:00:00+08:00,"-1 day, 20:00:00",690884c95c14137f8c0615b46950a02f90c5914859d436390ff1907013a9de8c
2018-05-14,2018-05-14 00:00:00,2018-05-15 00:00:00,UNRESOLVED,NAS100_LABELLED_D1_BAR_START_DATE_ONLY,2018-05-14T00:00:00-04:00,2018-05-14T04:00:00Z,2018-05-14T12:00:00+08:00,"-1 day, 20:00:00",bd84038b044a861cdfb67affbcee17b0337b171fb0cb70c5dc8250b89ae92515
2018-05-15,2018-05-15 00:00:00,2018-05-16 00:00:00,UNRESOLVED,NAS100_LABELLED_D1_BAR_START_DATE_ONLY,2018-05-15T00:00:00-04:00,2018-05-15T04:00:00Z,2018-05-15T12:00:00+08:00,"-1 day, 20:00:00",a07b2b4a9487784a689afb770f600005fc385186a09ff66bd271a1b90c782ebd
2018-05-16,2018-05-16 00:00:00,2018-05-17 00:00:00,UNRESOLVED,NAS100_LABELLED_D1_BAR_START_DATE_ONLY,2018-05-16T00:00:00-04:00,2018-05-16T04:00:00Z,2018-05-16T12:00:00+08:00,"-1 day, 20:00:00",84b1b166d38a6573e4671bda17a039e6b044042a8c56a05bc5fe9fb0e766c540
2018-05-17,2018-05-17 00:00:00,2018-05-18 00:00:00,UNRESOLVED,NAS100_LABELLED_D1_BAR_START_DATE_ONLY,2018-05-17T00:00:00-04:00,2018-05-17T04:00:00Z,2018-05-17T12:00:00+08:00,"-1 day, 20:00:00",d0d45c7774e63f8d281575eb63de1453dacee3285eff472adf31dec5d06ef859
2018-05-18,2018-05-18 00:00:00,2018-05-19 00:00:00,UNRESOLVED,NAS100_LABELLED_D1_BAR_START_DATE_ONLY,2018-05-18T00:00:00-04:00,2018-05-18T04:00:00Z,2018-05-18T12:00:00+08:00,"-1 day, 20:00:00",ee79781e807488c8ef0987b5f2fb70567196a418aa98e1222a9d54e67468079d
2018-05-21,2018-05-21 00:00:00,2018-05-22 00:00:00,UNRESOLVED,NAS100_LABELLED_D1_BAR_START_DATE_ONLY,2018-05-21T00:00:00-04:00,2018-05-21T04:00:00Z,2018-05-21T12:00:00+08:00,"-1 day, 20:00:00",3a53d0f457efd1979750bbccd83662e1b753af9654ed65381c40458d6b0591b3
2018-05-22,2018-05-22 00:00:00,2018-05-23 00:00:00,UNRESOLVED,NAS100_LABELLED_D1_BAR_START_DATE_ONLY,2018-05-22T00:00:00-04:00,2018-05-22T04:00:00Z,2018-05-22T12:00:00+08:00,"-1 day, 20:00:00",fc6c813bd51ccc4e84848421795707780678e8563383a1972fb53bda939cb534
2018-05-23,2018-05-23 00:00:00,2018-05-24 00:00:00,UNRESOLVED,NAS100_LABELLED_D1_BAR_START_DATE_ONLY,2018-05-23T00:00:00-04:00,2018-05-23T04:00:00Z,2018-05-23T12:00:00+08:00,"-1 day, 20:00:00",64b609a30f466959efb3d16e274012b1e612af2d57bddf846b7761af1c506629
2018-05-24,2018-05-24 00:00:00,2018-05-25 00:00:00,UNRESOLVED,NAS100_LABELLED_D1_BAR_START_DATE_ONLY,2018-05-24T00:00:00-04:00,2018-05-24T04:00:00Z,2018-05-24T12:00:00+08:00,"-1 day, 20:00:00",cb5e8d448d2b8d4cd2a790e2ab0da5a669cd2dbff80df255ea7d2b992eb04988
2018-05-25,2018-05-25 00:00:00,2018-05-26 00:00:00,UNRESOLVED,NAS100_LABELLED_D1_BAR_START_DATE_ONLY,2018-05-25T00:00:00-04:00,2018-05-25T04:00:00Z,2018-05-25T12:00:00+08:00,"-1 day, 20:00:00",cb38dea447ffa408f69d52052aee93a074392739d15e8725288ee09aa671223e
2018-05-28,2018-05-28 00:00:00,2018-05-29 00:00:00,UNRESOLVED,NAS100_LABELLED_D1_BAR_START_DATE_ONLY,2018-05-28T00:00:00-04:00,2018-05-28T04:00:00Z,2018-05-28T12:00:00+08:00,"-1 day, 20:00:00",cf49af5fa2b536f1614c0a1394206d31e8d115a56183150ac3d8fb1e677beec8
2018-05-29,2018-05-29 00:00:00,2018-05-30 00:00:00,UNRESOLVED,NAS100_LABELLED_D1_BAR_START_DATE_ONLY,2018-05-29T00:00:00-04:00,2018-05-29T04:00:00Z,2018-05-29T12:00:00+08:00,"-1 day, 20:00:00",fa23e6a3d8add12cbe89f7407032318a5d4bbb48bda53bed7ce82c61f61f82ce
2018-05-30,2018-05-30 00:00:00,2018-05-31 00:00:00,UNRESOLVED,NAS100_LABELLED_D1_BAR_START_DATE_ONLY,2018-05-30T00:00:00-04:00,2018-05-30T04:00:00Z,2018-05-30T12:00:00+08:00,"-1 day, 20:00:00",44f7a4fe3ead723abfad7b5948df7fe204fd2cb54ab1b0a45fe728195c56829f
2018-05-31,2018-05-31 00:00:00,2018-06-01 00:00:00,UNRESOLVED,NAS100_LABELLED_D1_BAR_START_DATE_ONLY,2018-05-31T00:00:00-04:00,2018-05-31T04:00:00Z,2018-05-31T12:00:00+08:00,"-1 day, 20:00:00",db1b87139cd5e5003ff69e706312f0c98d8e951c167ab3c930c4c939680ffde9
2018-06-01,2018-06-01 00:00:00,2018-06-02 00:00:00,UNRESOLVED,NAS100_LABELLED_D1_BAR_START_DATE_ONLY,2018-06-01T00:00:00-04:00,2018-06-01T04:00:00Z,2018-06-01T12:00:00+08:00,"-1 day, 20:00:00",56949d19be469516c649d7f90e2e207a1a9a8a9a6ca2e3fbacceef1715c938d8
2018-06-04,2018-06-04 00:00:00,2018-06-05 00:00:00,UNRESOLVED,NAS100_LABELLED_D1_BAR_START_DATE_ONLY,2018-06-04T00:00:00-04:00,2018-06-04T04:00:00Z,2018-06-04T12:00:00+08:00,"-1 day, 20:00:00",637995279787673a7bd1eb6cc63b86e394fe247c930408696dff2cb994afe6a0
2018-06-05,2018-06-05 00:00:00,2018-06-06 00:00:00,UNRESOLVED,NAS100_LABELLED_D1_BAR_START_DATE_ONLY,2018-06-05T00:00:00-04:00,2018-06-05T04:00:00Z,2018-06-05T12:00:00+08:00,"-1 day, 20:00:00",67aa8f13c6c6aa642bb2fc6a110b49d31d8a541d1fc68c671178f8928208a722
2018-06-06,2018-06-06 00:00:00,2018-06-07 00:00:00,UNRESOLVED,NAS100_LABELLED_D1_BAR_START_DATE_ONLY,2018-06-06T00:00:00-04:00,2018-06-06T04:00:00Z,2018-06-06T12:00:00+08:00,"-1 day, 20:00:00",d295f05011057b0fc17673391af04df5fc19d8975f9a038412ab31b8833173cd
2018-06-07,2018-06-07 00:00:00,2018-06-08 00:00:00,UNRESOLVED,NAS100_LABELLED_D1_BAR_START_DATE_ONLY,2018-06-07T00:00:00-04:00,2018-06-07T04:00:00Z,2018-06-07T12:00:00+08:00,"-1 day, 20:00:00",9b1da2ee4d615af8ec5d06ad61e8b3b1a12859a5448396c0ccfe799d7eb0264f
2018-06-08,2018-06-08 00:00:00,2018-06-09 00:00:00,UNRESOLVED,NAS100_LABELLED_D1_BAR_START_DATE_ONLY,2018-06-08T00:00:00-04:00,2018-06-08T04:00:00Z,2018-06-08T12:00:00+08:00,"-1 day, 20:00:00",55128e7bb9dcbea1f827a34bbdc0be097758c661653d62b5eb01ac1ad9e96c22
2018-06-11,2018-06-11 00:00:00,2018-06-12 00:00:00,UNRESOLVED,NAS100_LABELLED_D1_BAR_START_DATE_ONLY,2018-06-11T00:00:00-04:00,2018-06-11T04:00:00Z,2018-06-11T12:00:00+08:00,"-1 day, 20:00:00",92137636ba579b2d6a021b2af8b22a406e0d1f2d629448addc47c01cacc799a4
2018-06-12,2018-06-12 00:00:00,2018-06-13 00:00:00,UNRESOLVED,NAS100_LABELLED_D1_BAR_START_DATE_ONLY,2018-06-12T00:00:00-04:00,2018-06-12T04:00:00Z,2018-06-12T12:00:00+08:00,"-1 day, 20:00:00",e2e12133ebc6a1591585332b0b895fb517e059507ced662043c292c3225072a5
2018-06-13,2018-06-13 00:00:00,2018-06-14 00:00:00,UNRESOLVED,NAS100_LABELLED_D1_BAR_START_DATE_ONLY,2018-06-13T00:00:00-04:00,2018-06-13T04:00:00Z,2018-06-13T12:00:00+08:00,"-1 day, 20:00:00",e974810eaa8ba7da7bec7fac064e527058628631aa4785ea6a270a602e23dfb5
2018-06-14,2018-06-14 00:00:00,2018-06-15 00:00:00,UNRESOLVED,NAS100_LABELLED_D1_BAR_START_DATE_ONLY,2018-06-14T00:00:00-04:00,2018-06-14T04:00:00Z,2018-06-14T12:00:00+08:00,"-1 day, 20:00:00",4ce116342cf154ad717b95de699f7639d1dcbaadd1cc15247214cf094e177003
2018-06-15,2018-06-15 00:00:00,2018-06-16 00:00:00,UNRESOLVED,NAS100_LABELLED_D1_BAR_START_DATE_ONLY,2018-06-15T00:00:00-04:00,2018-06-15T04:00:00Z,2018-06-15T12:00:00+08:00,"-1 day, 20:00:00",e46f87559728ca9d10fb5d2d6536be8c7a99b2fc4e038da6763e539133e723a8
2018-06-18,2018-06-18 00:00:00,2018-06-19 00:00:00,UNRESOLVED,NAS100_LABELLED_D1_BAR_START_DATE_ONLY,2018-06-18T00:00:00-04:00,2018-06-18T04:00:00Z,2018-06-18T12:00:00+08:00,"-1 day, 20:00:00",a92b4b350380c1e829ad29842e9925fcaccb7472579bd2d50bc1aaec6049fb87
2018-06-19,2018-06-19 00:00:00,2018-06-20 00:00:00,UNRESOLVED,NAS100_LABELLED_D1_BAR_START_DATE_ONLY,2018-06-19T00:00:00-04:00,2018-06-19T04:00:00Z,2018-06-19T12:00:00+08:00,"-1 day, 20:00:00",a795d8f340145c1f24c81f7542a4064525b284e6fe748c2ec89c291dd7ebc98f
2018-06-20,2018-06-20 00:00:00,2018-06-21 00:00:00,UNRESOLVED,NAS100_LABELLED_D1_BAR_START_DATE_ONLY,2018-06-20T00:00:00-04:00,2018-06-20T04:00:00Z,2018-06-20T12:00:00+08:00,"-1 day, 20:00:00",9fda44ab0352713bf267fe2ad8abf730df2c60d94159dbb23df014e2dad981fa
2018-06-21,2018-06-21 00:00:00,2018-06-22 00:00:00,UNRESOLVED,NAS100_LABELLED_D1_BAR_START_DATE_ONLY,2018-06-21T00:00:00-04:00,2018-06-21T04:00:00Z,2018-06-21T12:00:00+08:00,"-1 day, 20:00:00",096f544054c8f5668ab9995b0624f25d89f0a904f68858f53c9a55153dc17799
2018-06-22,2018-06-22 00:00:00,2018-06-23 00:00:00,UNRESOLVED,NAS100_LABELLED_D1_BAR_START_DATE_ONLY,2018-06-22T00:00:00-04:00,2018-06-22T04:00:00Z,2018-06-22T12:00:00+08:00,"-1 day, 20:00:00",3ba64a7f9a243b3d5f8581c997dbeab12981f58672d6811044af873c318fff5a
2018-06-25,2018-06-25 00:00:00,2018-06-26 00:00:00,UNRESOLVED,NAS100_LABELLED_D1_BAR_START_DATE_ONLY,2018-06-25T00:00:00-04:00,2018-06-25T04:00:00Z,2018-06-25T12:00:00+08:00,"-1 day, 20:00:00",53810c6607c72ebcdad9e593af49d96ca79d0ce27c44350c7aa53a3ec7ac07f6
2018-06-26,2018-06-26 00:00:00,2018-06-27 00:00:00,UNRESOLVED,NAS100_LABELLED_D1_BAR_START_DATE_ONLY,2018-06-26T00:00:00-04:00,2018-06-26T04:00:00Z,2018-06-26T12:00:00+08:00,"-1 day, 20:00:00",e95ee1f6b1531b6ce4e1134afb616f3aeb72023d67cdd8a3523905dbe58ba2eb
2018-06-27,2018-06-27 00:00:00,2018-06-28 00:00:00,UNRESOLVED,NAS100_LABELLED_D1_BAR_START_DATE_ONLY,2018-06-27T00:00:00-04:00,2018-06-27T04:00:00Z,2018-06-27T12:00:00+08:00,"-1 day, 20:00:00",f30b5b664c912fc9cfcdb13784eda851ecf00f12ff0b44ffe2ea9e6d16ed71eb
2018-06-28,2018-06-28 00:00:00,2018-06-29 00:00:00,UNRESOLVED,NAS100_LABELLED_D1_BAR_START_DATE_ONLY,2018-06-28T00:00:00-04:00,2018-06-28T04:00:00Z,2018-06-28T12:00:00+08:00,"-1 day, 20:00:00",a9e62050341bf2e5569c4dc07fa8244cb37245717ebffcc0b8d04944cd6f042f
2018-06-29,2018-06-29 00:00:00,2018-06-30 00:00:00,UNRESOLVED,NAS100_LABELLED_D1_BAR_START_DATE_ONLY,2018-06-29T00:00:00-04:00,2018-06-29T04:00:00Z,2018-06-29T12:00:00+08:00,"-1 day, 20:00:00",c095997c5bb9b514af4a79ee23bafbdd1cbb4ef10ad091a102ab941de580d6a9
2018-07-02,2018-07-02 00:00:00,2018-07-03 00:00:00,UNRESOLVED,NAS100_LABELLED_D1_BAR_START_DATE_ONLY,2018-07-02T00:00:00-04:00,2018-07-02T04:00:00Z,2018-07-02T12:00:00+08:00,"-1 day, 20:00:00",5c993cd2a927ee5038ba78f3e1fe0c3d8431f01d17e12c2c3e747b0d65ce5524
2018-07-03,2018-07-03 00:00:00,2018-07-04 00:00:00,UNRESOLVED,NAS100_LABELLED_D1_BAR_START_DATE_ONLY,2018-07-03T00:00:00-04:00,2018-07-03T04:00:00Z,2018-07-03T12:00:00+08:00,"-1 day, 20:00:00",25fcfa79671e68063091a84de8a12afb3adef47eafc1668336955e60cb5ee4b6
2018-07-04,2018-07-04 00:00:00,2018-07-05 00:00:00,UNRESOLVED,NAS100_LABELLED_D1_BAR_START_DATE_ONLY,2018-07-04T00:00:00-04:00,2018-07-04T04:00:00Z,2018-07-04T12:00:00+08:00,"-1 day, 20:00:00",8484d0c971728a7f475e3c1b177eebd06a810b7346531cd7c83c4173465c2e97
2018-07-05,2018-07-05 00:00:00,2018-07-06 00:00:00,UNRESOLVED,NAS100_LABELLED_D1_BAR_START_DATE_ONLY,2018-07-05T00:00:00-04:00,2018-07-05T04:00:00Z,2018-07-05T12:00:00+08:00,"-1 day, 20:00:00",c12a2ddc1a57f34df43224100b1427f033841ed375e0798b88ddf0d7b4ad1094
2018-07-06,2018-07-06 00:00:00,2018-07-07 00:00:00,UNRESOLVED,NAS100_LABELLED_D1_BAR_START_DATE_ONLY,2018-07-06T00:00:00-04:00,2018-07-06T04:00:00Z,2018-07-06T12:00:00+08:00,"-1 day, 20:00:00",e5f4029e01fc6cdccad94699ab70d32ef3de540528da8a02c891a5a370f168e8
2018-07-09,2018-07-09 00:00:00,2018-07-10 00:00:00,UNRESOLVED,NAS100_LABELLED_D1_BAR_START_DATE_ONLY,2018-07-09T00:00:00-04:00,2018-07-09T04:00:00Z,2018-07-09T12:00:00+08:00,"-1 day, 20:00:00",54b0d9ba03f009548b7e05c43ca64b76ad1063af559b15f4fbe720a273bacbf8
2018-07-10,2018-07-10 00:00:00,2018-07-11 00:00:00,UNRESOLVED,NAS100_LABELLED_D1_BAR_START_DATE_ONLY,2018-07-10T00:00:00-04:00,2018-07-10T04:00:00Z,2018-07-10T12:00:00+08:00,"-1 day, 20:00:00",459089ecc5dd41c5c2c79cb0ed38eed87e832968333aac58058469d725d1faba
2018-07-11,2018-07-11 00:00:00,2018-07-12 00:00:00,UNRESOLVED,NAS100_LABELLED_D1_BAR_START_DATE_ONLY,2018-07-11T00:00:00-04:00,2018-07-11T04:00:00Z,2018-07-11T12:00:00+08:00,"-1 day, 20:00:00",6c7a27be969ad59a0d6daeae0d432b7917b39bf79a196f4b559d950d83267e80
2018-07-12,2018-07-12 00:00:00,2018-07-13 00:00:00,UNRESOLVED,NAS100_LABELLED_D1_BAR_START_DATE_ONLY,2018-07-12T00:00:00-04:00,2018-07-12T04:00:00Z,2018-07-12T12:00:00+08:00,"-1 day, 20:00:00",b7c6a318f7f67fdca2b5aab720c5fa24592ee858f428edb69180a5f0cbfb4d59
2018-07-13,2018-07-13 00:00:00,2018-07-14 00:00:00,UNRESOLVED,NAS100_LABELLED_D1_BAR_START_DATE_ONLY,2018-07-13T00:00:00-04:00,2018-07-13T04:00:00Z,2018-07-13T12:00:00+08:00,"-1 day, 20:00:00",0a99a1e2c8fcf27e13f6ddc0391543786cb942e73c415e96ddab0ddff87c3634
2018-07-16,2018-07-16 00:00:00,2018-07-17 00:00:00,UNRESOLVED,NAS100_LABELLED_D1_BAR_START_DATE_ONLY,2018-07-16T00:00:00-04:00,2018-07-16T04:00:00Z,2018-07-16T12:00:00+08:00,"-1 day, 20:00:00",571762e2432bd613bd5f65fcd56e5be8bbbe20877e47b720f901c71062c62aff
2018-07-17,2018-07-17 00:00:00,2018-07-18 00:00:00,UNRESOLVED,NAS100_LABELLED_D1_BAR_START_DATE_ONLY,2018-07-17T00:00:00-04:00,2018-07-17T04:00:00Z,2018-07-17T12:00:00+08:00,"-1 day, 20:00:00",f96e894977611b3462b66ddbea67006e4dac4f1910b97b74c44839254c1487a8
2018-07-18,2018-07-18 00:00:00,2018-07-19 00:00:00,UNRESOLVED,NAS100_LABELLED_D1_BAR_START_DATE_ONLY,2018-07-18T00:00:00-04:00,2018-07-18T04:00:00Z,2018-07-18T12:00:00+08:00,"-1 day, 20:00:00",7a90af589889c9fa6d3dc980666c0f3837ddb1c4580af67be0550d08f7897b85
2018-07-19,2018-07-19 00:00:00,2018-07-20 00:00:00,UNRESOLVED,NAS100_LABELLED_D1_BAR_START_DATE_ONLY,2018-07-19T00:00:00-04:00,2018-07-19T04:00:00Z,2018-07-19T12:00:00+08:00,"-1 day, 20:00:00",09858f6c8ee15299b90ffe3fca2010a5d89ffba7bdac2ef117fb11aed419ef8e
2018-07-20,2018-07-20 00:00:00,2018-07-21 00:00:00,UNRESOLVED,NAS100_LABELLED_D1_BAR_START_DATE_ONLY,2018-07-20T00:00:00-04:00,2018-07-20T04:00:00Z,2018-07-20T12:00:00+08:00,"-1 day, 20:00:00",79dea2646ef4b35d779955d3310d19f6edbd0a7c097027f0f69c40502cdb0fc1
2018-07-23,2018-07-23 00:00:00,2018-07-24 00:00:00,UNRESOLVED,NAS100_LABELLED_D1_BAR_START_DATE_ONLY,2018-07-23T00:00:00-04:00,2018-07-23T04:00:00Z,2018-07-23T12:00:00+08:00,"-1 day, 20:00:00",7c4f349946b33fd2a947696bc3d5bc93a755d4a99f061290f8c88dc20582c2e2
2018-07-24,2018-07-24 00:00:00,2018-07-25 00:00:00,UNRESOLVED,NAS100_LABELLED_D1_BAR_START_DATE_ONLY,2018-07-24T00:00:00-04:00,2018-07-24T04:00:00Z,2018-07-24T12:00:00+08:00,"-1 day, 20:00:00",85214231fb8088d6a2ee0fd8ff521b5eb90a6564cc3db6a0cd87178a1e0fb97c
2018-07-25,2018-07-25 00:00:00,2018-07-26 00:00:00,UNRESOLVED,NAS100_LABELLED_D1_BAR_START_DATE_ONLY,2018-07-25T00:00:00-04:00,2018-07-25T04:00:00Z,2018-07-25T12:00:00+08:00,"-1 day, 20:00:00",f02ec08a0a4b1ee7eef18014324ea8317df89d3122a9e2f62975aff314e307db
2018-07-26,2018-07-26 00:00:00,2018-07-27 00:00:00,UNRESOLVED,NAS100_LABELLED_D1_BAR_START_DATE_ONLY,2018-07-26T00:00:00-04:00,2018-07-26T04:00:00Z,2018-07-26T12:00:00+08:00,"-1 day, 20:00:00",86a39320ccc52af22099f2bd1fac4144994b7e412daf893dfb17282677e6f719
2018-07-27,2018-07-27 00:00:00,2018-07-28 00:00:00,UNRESOLVED,NAS100_LABELLED_D1_BAR_START_DATE_ONLY,2018-07-27T00:00:00-04:00,2018-07-27T04:00:00Z,2018-07-27T12:00:00+08:00,"-1 day, 20:00:00",d38aac57830b389288c9667b2ae3dfd678055defb56e9e4ba2c0115b8198aed2
2018-07-30,2018-07-30 00:00:00,2018-07-31 00:00:00,UNRESOLVED,NAS100_LABELLED_D1_BAR_START_DATE_ONLY,2018-07-30T00:00:00-04:00,2018-07-30T04:00:00Z,2018-07-30T12:00:00+08:00,"-1 day, 20:00:00",17030472386982cd54dcbd7f57d59d9a0700275f47bdec2a4c30f88fbfce6fdc
2018-07-31,2018-07-31 00:00:00,2018-08-01 00:00:00,UNRESOLVED,NAS100_LABELLED_D1_BAR_START_DATE_ONLY,2018-07-31T00:00:00-04:00,2018-07-31T04:00:00Z,2018-07-31T12:00:00+08:00,"-1 day, 20:00:00",8421bae3655743d216960eff925981e8377ffcfc0a23d30fbf636691cf8084bf
2018-08-01,2018-08-01 00:00:00,2018-08-02 00:00:00,UNRESOLVED,NAS100_LABELLED_D1_BAR_START_DATE_ONLY,2018-08-01T00:00:00-04:00,2018-08-01T04:00:00Z,2018-08-01T12:00:00+08:00,"-1 day, 20:00:00",5e13996dd5352dc9692b649f2e289f9f52584089ad84babbe7a2f84f076f0d75
2018-08-02,2018-08-02 00:00:00,2018-08-03 00:00:00,UNRESOLVED,NAS100_LABELLED_D1_BAR_START_DATE_ONLY,2018-08-02T00:00:00-04:00,2018-08-02T04:00:00Z,2018-08-02T12:00:00+08:00,"-1 day, 20:00:00",29320245668edaf5c1bdee72ec33c63f18bcab937ce06a03b4fe1cb13e65ab3a
2018-08-03,2018-08-03 00:00:00,2018-08-04 00:00:00,UNRESOLVED,NAS100_LABELLED_D1_BAR_START_DATE_ONLY,2018-08-03T00:00:00-04:00,2018-08-03T04:00:00Z,2018-08-03T12:00:00+08:00,"-1 day, 20:00:00",30ae31f9d7b5db09f7fa9ae1b7a06d926bb7f6264d7e1dc10b0f877de673c868
2018-08-06,2018-08-06 00:00:00,2018-08-07 00:00:00,UNRESOLVED,NAS100_LABELLED_D1_BAR_START_DATE_ONLY,2018-08-06T00:00:00-04:00,2018-08-06T04:00:00Z,2018-08-06T12:00:00+08:00,"-1 day, 20:00:00",e7133a003520f042075f4c0be7611cdb1e94ff05daff5e148a7c0135ff641bac
2018-08-07,2018-08-07 00:00:00,2018-08-08 00:00:00,UNRESOLVED,NAS100_LABELLED_D1_BAR_START_DATE_ONLY,2018-08-07T00:00:00-04:00,2018-08-07T04:00:00Z,2018-08-07T12:00:00+08:00,"-1 day, 20:00:00",929c91a4223e5b323ad9228a00c0f888c34b809de2031899614624d7007fe3af
2018-08-08,2018-08-08 00:00:00,2018-08-09 00:00:00,UNRESOLVED,NAS100_LABELLED_D1_BAR_START_DATE_ONLY,2018-08-08T00:00:00-04:00,2018-08-08T04:00:00Z,2018-08-08T12:00:00+08:00,"-1 day, 20:00:00",2075211a038378c957a56be9e4e81b44e8142f130192809bec1f8e028752c014
2018-08-09,2018-08-09 00:00:00,2018-08-10 00:00:00,UNRESOLVED,NAS100_LABELLED_D1_BAR_START_DATE_ONLY,2018-08-09T00:00:00-04:00,2018-08-09T04:00:00Z,2018-08-09T12:00:00+08:00,"-1 day, 20:00:00",317f08e79a5b21cf7d5e8603ad2121b7ec2d9f6086ce13d209d893f37441e3b4
2018-08-10,2018-08-10 00:00:00,2018-08-11 00:00:00,UNRESOLVED,NAS100_LABELLED_D1_BAR_START_DATE_ONLY,2018-08-10T00:00:00-04:00,2018-08-10T04:00:00Z,2018-08-10T12:00:00+08:00,"-1 day, 20:00:00",9ba8db9edc3a013a221517141bb629147113ce39cb56bd9001e768df25d920c3
2018-08-13,2018-08-13 00:00:00,2018-08-14 00:00:00,UNRESOLVED,NAS100_LABELLED_D1_BAR_START_DATE_ONLY,2018-08-13T00:00:00-04:00,2018-08-13T04:00:00Z,2018-08-13T12:00:00+08:00,"-1 day, 20:00:00",334585205302fbdf318216189e9c94cebe73f56a39285ad328eec9a554989e44
2018-08-14,2018-08-14 00:00:00,2018-08-15 00:00:00,UNRESOLVED,NAS100_LABELLED_D1_BAR_START_DATE_ONLY,2018-08-14T00:00:00-04:00,2018-08-14T04:00:00Z,2018-08-14T12:00:00+08:00,"-1 day, 20:00:00",8e964adb8431008587ddd201897cbced4f2e2c9da84478a0faf2fdde8eec23cf
2018-08-15,2018-08-15 00:00:00,2018-08-16 00:00:00,UNRESOLVED,NAS100_LABELLED_D1_BAR_START_DATE_ONLY,2018-08-15T00:00:00-04:00,2018-08-15T04:00:00Z,2018-08-15T12:00:00+08:00,"-1 day, 20:00:00",e13065aa5a32f0ff1600b2f7c3fc46ec5582fe5aed11238592ba31f4f74f3e3e
2018-08-16,2018-08-16 00:00:00,2018-08-17 00:00:00,UNRESOLVED,NAS100_LABELLED_D1_BAR_START_DATE_ONLY,2018-08-16T00:00:00-04:00,2018-08-16T04:00:00Z,2018-08-16T12:00:00+08:00,"-1 day, 20:00:00",93ce1ad85cd16cc4f42cdf27760d335ebd0563287dae90aefd046a771c6cffbb
2018-08-17,2018-08-17 00:00:00,2018-08-18 00:00:00,UNRESOLVED,NAS100_LABELLED_D1_BAR_START_DATE_ONLY,2018-08-17T00:00:00-04:00,2018-08-17T04:00:00Z,2018-08-17T12:00:00+08:00,"-1 day, 20:00:00",5349c952c24bfd4c147094a1b45ff505491302d6b7d26dc91f026c4988a0cb07
2018-08-20,2018-08-20 00:00:00,2018-08-21 00:00:00,UNRESOLVED,NAS100_LABELLED_D1_BAR_START_DATE_ONLY,2018-08-20T00:00:00-04:00,2018-08-20T04:00:00Z,2018-08-20T12:00:00+08:00,"-1 day, 20:00:00",a9e4fd61f2bc3279453a29e882df06b198725ed528791a3778d1ca6788925caa
2018-08-21,2018-08-21 00:00:00,2018-08-22 00:00:00,UNRESOLVED,NAS100_LABELLED_D1_BAR_START_DATE_ONLY,2018-08-21T00:00:00-04:00,2018-08-21T04:00:00Z,2018-08-21T12:00:00+08:00,"-1 day, 20:00:00",f79d765046f71ec37543e6dac8a4e55085ad1a16a6a697cda53b3e57c3cbc651
2018-08-22,2018-08-22 00:00:00,2018-08-23 00:00:00,UNRESOLVED,NAS100_LABELLED_D1_BAR_START_DATE_ONLY,2018-08-22T00:00:00-04:00,2018-08-22T04:00:00Z,2018-08-22T12:00:00+08:00,"-1 day, 20:00:00",d77b0d20616c64a63f0da1b0a6fcad9a5454663cf0c3577b7c0410292fc46a0c
2018-08-23,2018-08-23 00:00:00,2018-08-24 00:00:00,UNRESOLVED,NAS100_LABELLED_D1_BAR_START_DATE_ONLY,2018-08-23T00:00:00-04:00,2018-08-23T04:00:00Z,2018-08-23T12:00:00+08:00,"-1 day, 20:00:00",b1859f523443ec656b4a34cfa746ed267f336728edad8295a8cee4cd1da7e636
2018-08-24,2018-08-24 00:00:00,2018-08-25 00:00:00,UNRESOLVED,NAS100_LABELLED_D1_BAR_START_DATE_ONLY,2018-08-24T00:00:00-04:00,2018-08-24T04:00:00Z,2018-08-24T12:00:00+08:00,"-1 day, 20:00:00",c5901de178b37182156067deb24a9d39fa6d1a4eba887813e6d0bc7472ae1380
2018-08-27,2018-08-27 00:00:00,2018-08-28 00:00:00,UNRESOLVED,NAS100_LABELLED_D1_BAR_START_DATE_ONLY,2018-08-27T00:00:00-04:00,2018-08-27T04:00:00Z,2018-08-27T12:00:00+08:00,"-1 day, 20:00:00",2439cc4c0b52488a4a3d799005c942b4d5008981c56a9048e8e046457a005cab
2018-08-28,2018-08-28 00:00:00,2018-08-29 00:00:00,UNRESOLVED,NAS100_LABELLED_D1_BAR_START_DATE_ONLY,2018-08-28T00:00:00-04:00,2018-08-28T04:00:00Z,2018-08-28T12:00:00+08:00,"-1 day, 20:00:00",7f9f6176a26566529361e4f2631b52eb9634b3b511d25e1626f61b699442a137
2018-08-29,2018-08-29 00:00:00,2018-08-30 00:00:00,UNRESOLVED,NAS100_LABELLED_D1_BAR_START_DATE_ONLY,2018-08-29T00:00:00-04:00,2018-08-29T04:00:00Z,2018-08-29T12:00:00+08:00,"-1 day, 20:00:00",3659ac65947edebd471dcab49ebd08cbe955af09d1675ccb265d00a18ff7e2be
2018-08-30,2018-08-30 00:00:00,2018-08-31 00:00:00,UNRESOLVED,NAS100_LABELLED_D1_BAR_START_DATE_ONLY,2018-08-30T00:00:00-04:00,2018-08-30T04:00:00Z,2018-08-30T12:00:00+08:00,"-1 day, 20:00:00",b21eb51863d6235011eedfb9c35b845bc02a54bc5a80272e01262329ba578c18
2018-08-31,2018-08-31 00:00:00,2018-09-01 00:00:00,UNRESOLVED,NAS100_LABELLED_D1_BAR_START_DATE_ONLY,2018-08-31T00:00:00-04:00,2018-08-31T04:00:00Z,2018-08-31T12:00:00+08:00,"-1 day, 20:00:00",e0c9a16d8dc087d4cb290c298468f26d8cd7354043dbc9098624d30922a29782
2018-09-03,2018-09-03 00:00:00,2018-09-04 00:00:00,UNRESOLVED,NAS100_LABELLED_D1_BAR_START_DATE_ONLY,2018-09-03T00:00:00-04:00,2018-09-03T04:00:00Z,2018-09-03T12:00:00+08:00,"-1 day, 20:00:00",c17176e71c1c4031a1c22eb8be7f00543b5432145347f0a63c80937f58dfc7b6
2018-09-04,2018-09-04 00:00:00,2018-09-05 00:00:00,UNRESOLVED,NAS100_LABELLED_D1_BAR_START_DATE_ONLY,2018-09-04T00:00:00-04:00,2018-09-04T04:00:00Z,2018-09-04T12:00:00+08:00,"-1 day, 20:00:00",da20116d3af1fa09c36e420a23cda568c7c632df5eba15509b2cef9fc295ae8e
2018-09-05,2018-09-05 00:00:00,2018-09-06 00:00:00,UNRESOLVED,NAS100_LABELLED_D1_BAR_START_DATE_ONLY,2018-09-05T00:00:00-04:00,2018-09-05T04:00:00Z,2018-09-05T12:00:00+08:00,"-1 day, 20:00:00",d0b58612cf52d8e479e7858936922e1dcf52097086f0aee8bedc8b0f989edffb
2018-09-06,2018-09-06 00:00:00,2018-09-07 00:00:00,UNRESOLVED,NAS100_LABELLED_D1_BAR_START_DATE_ONLY,2018-09-06T00:00:00-04:00,2018-09-06T04:00:00Z,2018-09-06T12:00:00+08:00,"-1 day, 20:00:00",4f6dd9ba97b42174fb1b1e12d421b942765ed945a56676d9980adec0ac0c38f3
2018-09-07,2018-09-07 00:00:00,2018-09-08 00:00:00,UNRESOLVED,NAS100_LABELLED_D1_BAR_START_DATE_ONLY,2018-09-07T00:00:00-04:00,2018-09-07T04:00:00Z,2018-09-07T12:00:00+08:00,"-1 day, 20:00:00",3f86990b72a45b8c2e90feca33bbf2856a30d174b9994933e75e3fd68d7e389b
2018-09-10,2018-09-10 00:00:00,2018-09-11 00:00:00,UNRESOLVED,NAS100_LABELLED_D1_BAR_START_DATE_ONLY,2018-09-10T00:00:00-04:00,2018-09-10T04:00:00Z,2018-09-10T12:00:00+08:00,"-1 day, 20:00:00",984bd62a01837b22a5ba6229889ea478aa9aa0faa4841458a6beab58446ab271
2018-09-11,2018-09-11 00:00:00,2018-09-12 00:00:00,UNRESOLVED,NAS100_LABELLED_D1_BAR_START_DATE_ONLY,2018-09-11T00:00:00-04:00,2018-09-11T04:00:00Z,2018-09-11T12:00:00+08:00,"-1 day, 20:00:00",1201686173c147e0c8cbae2e30241a411a7b4b412b919c12fcc26f584aa5818c
2018-09-12,2018-09-12 00:00:00,2018-09-13 00:00:00,UNRESOLVED,NAS100_LABELLED_D1_BAR_START_DATE_ONLY,2018-09-12T00:00:00-04:00,2018-09-12T04:00:00Z,2018-09-12T12:00:00+08:00,"-1 day, 20:00:00",72d5fde81db37e557af01dce7f9b1f6e3c2865fc1ae464d593d9ad5d5be26628
2018-09-13,2018-09-13 00:00:00,2018-09-14 00:00:00,UNRESOLVED,NAS100_LABELLED_D1_BAR_START_DATE_ONLY,2018-09-13T00:00:00-04:00,2018-09-13T04:00:00Z,2018-09-13T12:00:00+08:00,"-1 day, 20:00:00",11f78be4316c0e4bf4391b89711a330b61304f79fa97ccc9439345117ce252f1
2018-09-14,2018-09-14 00:00:00,2018-09-15 00:00:00,UNRESOLVED,NAS100_LABELLED_D1_BAR_START_DATE_ONLY,2018-09-14T00:00:00-04:00,2018-09-14T04:00:00Z,2018-09-14T12:00:00+08:00,"-1 day, 20:00:00",34c5e9302d5860850ce7f812a3ee909711d40f4f493c52b7d344e32a7c052632
2018-09-17,2018-09-17 00:00:00,2018-09-18 00:00:00,UNRESOLVED,NAS100_LABELLED_D1_BAR_START_DATE_ONLY,2018-09-17T00:00:00-04:00,2018-09-17T04:00:00Z,2018-09-17T12:00:00+08:00,"-1 day, 20:00:00",018c752ab513b4aa119b5839adeeea0548b7df89ebbc28602c253bb233282f9a
2018-09-18,2018-09-18 00:00:00,2018-09-19 00:00:00,UNRESOLVED,NAS100_LABELLED_D1_BAR_START_DATE_ONLY,2018-09-18T00:00:00-04:00,2018-09-18T04:00:00Z,2018-09-18T12:00:00+08:00,"-1 day, 20:00:00",bc888940870c986d7a25bfdb9dda85b193d9a825c446827aeead2389ca5b6b67
2018-09-19,2018-09-19 00:00:00,2018-09-20 00:00:00,UNRESOLVED,NAS100_LABELLED_D1_BAR_START_DATE_ONLY,2018-09-19T00:00:00-04:00,2018-09-19T04:00:00Z,2018-09-19T12:00:00+08:00,"-1 day, 20:00:00",2515a9369e3f24e25b5c71d090095a092821623b57e52c5f8f30902e32bd05a0
2018-09-20,2018-09-20 00:00:00,2018-09-21 00:00:00,UNRESOLVED,NAS100_LABELLED_D1_BAR_START_DATE_ONLY,2018-09-20T00:00:00-04:00,2018-09-20T04:00:00Z,2018-09-20T12:00:00+08:00,"-1 day, 20:00:00",0007e88a1251ecee5fe31c90d5aaad4b91dcaa246e95b3ac6fc4d56edc52b65f
2018-09-21,2018-09-21 00:00:00,2018-09-22 00:00:00,UNRESOLVED,NAS100_LABELLED_D1_BAR_START_DATE_ONLY,2018-09-21T00:00:00-04:00,2018-09-21T04:00:00Z,2018-09-21T12:00:00+08:00,"-1 day, 20:00:00",08464b08bc97ff6d6412ed2406c530d9c59445f4c64ddca32733e6fdce797577
2018-09-24,2018-09-24 00:00:00,2018-09-25 00:00:00,UNRESOLVED,NAS100_LABELLED_D1_BAR_START_DATE_ONLY,2018-09-24T00:00:00-04:00,2018-09-24T04:00:00Z,2018-09-24T12:00:00+08:00,"-1 day, 20:00:00",acb48e8d812eff77234d088df85413830c1dbabf56aa579de8d2c409adc6bbda
2018-09-25,2018-09-25 00:00:00,2018-09-26 00:00:00,UNRESOLVED,NAS100_LABELLED_D1_BAR_START_DATE_ONLY,2018-09-25T00:00:00-04:00,2018-09-25T04:00:00Z,2018-09-25T12:00:00+08:00,"-1 day, 20:00:00",cbc8788e516177caacf16ab219dc1fea6cc24c7b648fce9948440c2c44ca6211
2018-09-26,2018-09-26 00:00:00,2018-09-27 00:00:00,UNRESOLVED,NAS100_LABELLED_D1_BAR_START_DATE_ONLY,2018-09-26T00:00:00-04:00,2018-09-26T04:00:00Z,2018-09-26T12:00:00+08:00,"-1 day, 20:00:00",12b6b5f8b3d76334d8290e514d885c8db6bed1f1e141d7bb2c61f1c027fb0a1c
2018-09-27,2018-09-27 00:00:00,2018-09-28 00:00:00,UNRESOLVED,NAS100_LABELLED_D1_BAR_START_DATE_ONLY,2018-09-27T00:00:00-04:00,2018-09-27T04:00:00Z,2018-09-27T12:00:00+08:00,"-1 day, 20:00:00",b34b57f4a84c570723ea003b33b426ff4c3d3e49239313470ded2495f8cf0f0a
2018-09-28,2018-09-28 00:00:00,2018-09-29 00:00:00,UNRESOLVED,NAS100_LABELLED_D1_BAR_START_DATE_ONLY,2018-09-28T00:00:00-04:00,2018-09-28T04:00:00Z,2018-09-28T12:00:00+08:00,"-1 day, 20:00:00",ab02440740ddf7632d65184e0375fde15050e030db9430404a1b2977bee7233d
2018-10-01,2018-10-01 00:00:00,2018-10-02 00:00:00,UNRESOLVED,NAS100_LABELLED_D1_BAR_START_DATE_ONLY,2018-10-01T00:00:00-04:00,2018-10-01T04:00:00Z,2018-10-01T12:00:00+08:00,"-1 day, 20:00:00",3e727df923648a63db0eef2dc3ee2b3213387c9ee6f9ff2e717ee8fa772a5331
2018-10-02,2018-10-02 00:00:00,2018-10-03 00:00:00,UNRESOLVED,NAS100_LABELLED_D1_BAR_START_DATE_ONLY,2018-10-02T00:00:00-04:00,2018-10-02T04:00:00Z,2018-10-02T12:00:00+08:00,"-1 day, 20:00:00",c8d3d1c82ca8896c81223d50aaf046a3819ff788f6f62b9c8697802b0f746e0d
2018-10-03,2018-10-03 00:00:00,2018-10-04 00:00:00,UNRESOLVED,NAS100_LABELLED_D1_BAR_START_DATE_ONLY,2018-10-03T00:00:00-04:00,2018-10-03T04:00:00Z,2018-10-03T12:00:00+08:00,"-1 day, 20:00:00",a4294989b4c7e7e89909c514ca28d985fb66afa507d5dd122923ca41c79ad114
2018-10-04,2018-10-04 00:00:00,2018-10-05 00:00:00,UNRESOLVED,NAS100_LABELLED_D1_BAR_START_DATE_ONLY,2018-10-04T00:00:00-04:00,2018-10-04T04:00:00Z,2018-10-04T12:00:00+08:00,"-1 day, 20:00:00",d5ae987fc18532654da103e77e65f7b44960e332bb0342c28612fb9ea7d4f0be
2018-10-05,2018-10-05 00:00:00,2018-10-06 00:00:00,UNRESOLVED,NAS100_LABELLED_D1_BAR_START_DATE_ONLY,2018-10-05T00:00:00-04:00,2018-10-05T04:00:00Z,2018-10-05T12:00:00+08:00,"-1 day, 20:00:00",7c7db18d892013d05511210fb704ae23ac949c47c937831ed403f505ee94f7e4
2018-10-08,2018-10-08 00:00:00,2018-10-09 00:00:00,UNRESOLVED,NAS100_LABELLED_D1_BAR_START_DATE_ONLY,2018-10-08T00:00:00-04:00,2018-10-08T04:00:00Z,2018-10-08T12:00:00+08:00,"-1 day, 20:00:00",86fcd2df3ea51f778f6ee8915951010dcbaade74f812fb2a26734d6d079b9da3
2018-10-09,2018-10-09 00:00:00,2018-10-10 00:00:00,UNRESOLVED,NAS100_LABELLED_D1_BAR_START_DATE_ONLY,2018-10-09T00:00:00-04:00,2018-10-09T04:00:00Z,2018-10-09T12:00:00+08:00,"-1 day, 20:00:00",630bc8d2f8aeb0a4e07379d4c23c50ae9f2c69cd88a679deb54f90ba37258a82
2018-10-10,2018-10-10 00:00:00,2018-10-11 00:00:00,UNRESOLVED,NAS100_LABELLED_D1_BAR_START_DATE_ONLY,2018-10-10T00:00:00-04:00,2018-10-10T04:00:00Z,2018-10-10T12:00:00+08:00,"-1 day, 20:00:00",db08d76e9fab9c9a8828faa47a5ee18811ed4e231db1c96c1f248d976099fde0
2018-10-11,2018-10-11 00:00:00,2018-10-12 00:00:00,UNRESOLVED,NAS100_LABELLED_D1_BAR_START_DATE_ONLY,2018-10-11T00:00:00-04:00,2018-10-11T04:00:00Z,2018-10-11T12:00:00+08:00,"-1 day, 20:00:00",3c3f27c1b4fce53c41a236e0978d29cafefc1dd912017ea447d20b64bd04f662
2018-10-12,2018-10-12 00:00:00,2018-10-13 00:00:00,UNRESOLVED,NAS100_LABELLED_D1_BAR_START_DATE_ONLY,2018-10-12T00:00:00-04:00,2018-10-12T04:00:00Z,2018-10-12T12:00:00+08:00,"-1 day, 20:00:00",e54c2699522f78b5da74351ec7e6802ec5676e1a245a9d1000c1bb67e2e327ab
2018-10-15,2018-10-15 00:00:00,2018-10-16 00:00:00,UNRESOLVED,NAS100_LABELLED_D1_BAR_START_DATE_ONLY,2018-10-15T00:00:00-04:00,2018-10-15T04:00:00Z,2018-10-15T12:00:00+08:00,"-1 day, 20:00:00",b9515a25b9747c75bb958931efb62342b700b96c97c6f3ee046139646a131749
2018-10-16,2018-10-16 00:00:00,2018-10-17 00:00:00,UNRESOLVED,NAS100_LABELLED_D1_BAR_START_DATE_ONLY,2018-10-16T00:00:00-04:00,2018-10-16T04:00:00Z,2018-10-16T12:00:00+08:00,"-1 day, 20:00:00",16cd1dfd74e68248a736aa430be1614e591f04a06fc9272d67fc846cb168d101
2018-10-17,2018-10-17 00:00:00,2018-10-18 00:00:00,UNRESOLVED,NAS100_LABELLED_D1_BAR_START_DATE_ONLY,2018-10-17T00:00:00-04:00,2018-10-17T04:00:00Z,2018-10-17T12:00:00+08:00,"-1 day, 20:00:00",646ec087c5980bfc1474cce80344bbd6871a31416e6ab339fc440632a3fa9404
2018-10-18,2018-10-18 00:00:00,2018-10-19 00:00:00,UNRESOLVED,NAS100_LABELLED_D1_BAR_START_DATE_ONLY,2018-10-18T00:00:00-04:00,2018-10-18T04:00:00Z,2018-10-18T12:00:00+08:00,"-1 day, 20:00:00",da11aabec23827ded8c268bb068d36b3d2b069f56c816223a50b812657cd8a12
2018-10-19,2018-10-19 00:00:00,2018-10-20 00:00:00,UNRESOLVED,NAS100_LABELLED_D1_BAR_START_DATE_ONLY,2018-10-19T00:00:00-04:00,2018-10-19T04:00:00Z,2018-10-19T12:00:00+08:00,"-1 day, 20:00:00",e98d06295069efa842889be230c174675aa53a523f25eed160c624b19c8dd722
2018-10-22,2018-10-22 00:00:00,2018-10-23 00:00:00,UNRESOLVED,NAS100_LABELLED_D1_BAR_START_DATE_ONLY,2018-10-22T00:00:00-04:00,2018-10-22T04:00:00Z,2018-10-22T12:00:00+08:00,"-1 day, 20:00:00",c23a741e8f30bb01c1f3a13e5ab1cb8b13bd47df32c498b338a25033096d50e8
2018-10-23,2018-10-23 00:00:00,2018-10-24 00:00:00,UNRESOLVED,NAS100_LABELLED_D1_BAR_START_DATE_ONLY,2018-10-23T00:00:00-04:00,2018-10-23T04:00:00Z,2018-10-23T12:00:00+08:00,"-1 day, 20:00:00",a4ef73589d9150e3f94dbcaee7f8fe1262927e7f6c9ad6d93db2c9d2638d0881
2018-10-24,2018-10-24 00:00:00,2018-10-25 00:00:00,UNRESOLVED,NAS100_LABELLED_D1_BAR_START_DATE_ONLY,2018-10-24T00:00:00-04:00,2018-10-24T04:00:00Z,2018-10-24T12:00:00+08:00,"-1 day, 20:00:00",c21ffe9faede32737fbd6e3979058f556e290858c2b9d54ebc129e59276a22ba
2018-10-25,2018-10-25 00:00:00,2018-10-26 00:00:00,UNRESOLVED,NAS100_LABELLED_D1_BAR_START_DATE_ONLY,2018-10-25T00:00:00-04:00,2018-10-25T04:00:00Z,2018-10-25T12:00:00+08:00,"-1 day, 20:00:00",9023e9e6668572944063ba647adf9a9e037804c0b8a9cd1b9dd05ee74cc942e1
2018-10-26,2018-10-26 00:00:00,2018-10-27 00:00:00,UNRESOLVED,NAS100_LABELLED_D1_BAR_START_DATE_ONLY,2018-10-26T00:00:00-04:00,2018-10-26T04:00:00Z,2018-10-26T12:00:00+08:00,"-1 day, 20:00:00",19c75c4ce7d3e7b25fc604546812e10dce8a2823fb4e9f22d5da7bfcc1d89e8f
2018-10-29,2018-10-29 00:00:00,2018-10-30 00:00:00,UNRESOLVED,NAS100_LABELLED_D1_BAR_START_DATE_ONLY,2018-10-29T00:00:00-04:00,2018-10-29T04:00:00Z,2018-10-29T12:00:00+08:00,"-1 day, 20:00:00",a3feaa75661a4a4bb444d57593d1a8e396ca4e7acff7cff0bfb26e983eb18a3a
2018-10-30,2018-10-30 00:00:00,2018-10-31 00:00:00,UNRESOLVED,NAS100_LABELLED_D1_BAR_START_DATE_ONLY,2018-10-30T00:00:00-04:00,2018-10-30T04:00:00Z,2018-10-30T12:00:00+08:00,"-1 day, 20:00:00",86480b08ef87515350e475a294f4e9153715b49f31b53374ec66eeb382dd42a3
2018-10-31,2018-10-31 00:00:00,2018-11-01 00:00:00,UNRESOLVED,NAS100_LABELLED_D1_BAR_START_DATE_ONLY,2018-10-31T00:00:00-04:00,2018-10-31T04:00:00Z,2018-10-31T12:00:00+08:00,"-1 day, 20:00:00",151d0858075037b00edfe76c509b8c41c243feca7acb2f9b606c4e4ea2b81b99
2018-11-01,2018-11-01 00:00:00,2018-11-02 00:00:00,UNRESOLVED,NAS100_LABELLED_D1_BAR_START_DATE_ONLY,2018-11-01T00:00:00-04:00,2018-11-01T04:00:00Z,2018-11-01T12:00:00+08:00,"-1 day, 20:00:00",ab552f8e16b7721f38bcd284df6715d33b2fb0d3d6fbce8d546e7642aaef0153
2018-11-02,2018-11-02 00:00:00,2018-11-03 00:00:00,UNRESOLVED,NAS100_LABELLED_D1_BAR_START_DATE_ONLY,2018-11-02T00:00:00-04:00,2018-11-02T04:00:00Z,2018-11-02T12:00:00+08:00,"-1 day, 20:00:00",17b7a92744d71a8c1d70855891b63de1b97041f8e3ca4cd7fd4b661cb4c3bb80
2018-11-05,2018-11-05 00:00:00,2018-11-06 00:00:00,UNRESOLVED,NAS100_LABELLED_D1_BAR_START_DATE_ONLY,2018-11-05T00:00:00-05:00,2018-11-05T05:00:00Z,2018-11-05T13:00:00+08:00,"-1 day, 19:00:00",8280bfde5fbd3e34a3eb1224c3a591f5a7fa8b1871f3cc2d63819ca95f27cadf
2018-11-06,2018-11-06 00:00:00,2018-11-07 00:00:00,UNRESOLVED,NAS100_LABELLED_D1_BAR_START_DATE_ONLY,2018-11-06T00:00:00-05:00,2018-11-06T05:00:00Z,2018-11-06T13:00:00+08:00,"-1 day, 19:00:00",3aab1f4ef7b7a2c2a3705afee109c2c6b83acf9d68c44263bc436f8f8d2c421e
2018-11-07,2018-11-07 00:00:00,2018-11-08 00:00:00,UNRESOLVED,NAS100_LABELLED_D1_BAR_START_DATE_ONLY,2018-11-07T00:00:00-05:00,2018-11-07T05:00:00Z,2018-11-07T13:00:00+08:00,"-1 day, 19:00:00",720250dff34ae398e9cfdad8ab23f25dc56f8f85090431b2fad1bb37308308e3
2018-11-08,2018-11-08 00:00:00,2018-11-09 00:00:00,UNRESOLVED,NAS100_LABELLED_D1_BAR_START_DATE_ONLY,2018-11-08T00:00:00-05:00,2018-11-08T05:00:00Z,2018-11-08T13:00:00+08:00,"-1 day, 19:00:00",cb7adba1cec7efcdec9991f5fb63810b3075d2f1ddc1ada6c67ddfe12d9a481c
2018-11-09,2018-11-09 00:00:00,2018-11-10 00:00:00,UNRESOLVED,NAS100_LABELLED_D1_BAR_START_DATE_ONLY,2018-11-09T00:00:00-05:00,2018-11-09T05:00:00Z,2018-11-09T13:00:00+08:00,"-1 day, 19:00:00",74e06fd1cdbfe77baa5933f20b61dd8cc93878b6c8d6aa30b8519c7fb43bf4cc
2018-11-12,2018-11-12 00:00:00,2018-11-13 00:00:00,UNRESOLVED,NAS100_LABELLED_D1_BAR_START_DATE_ONLY,2018-11-12T00:00:00-05:00,2018-11-12T05:00:00Z,2018-11-12T13:00:00+08:00,"-1 day, 19:00:00",f3db25fa590d63c0a6b2b430f516b75a2a2de312dd448bc2577dd02e148abeb7
2018-11-13,2018-11-13 00:00:00,2018-11-14 00:00:00,UNRESOLVED,NAS100_LABELLED_D1_BAR_START_DATE_ONLY,2018-11-13T00:00:00-05:00,2018-11-13T05:00:00Z,2018-11-13T13:00:00+08:00,"-1 day, 19:00:00",a46bf39514f961fa8cdedb5815145aaf31dc2ce40b231a355cd21618c6f586ed
2018-11-14,2018-11-14 00:00:00,2018-11-15 00:00:00,UNRESOLVED,NAS100_LABELLED_D1_BAR_START_DATE_ONLY,2018-11-14T00:00:00-05:00,2018-11-14T05:00:00Z,2018-11-14T13:00:00+08:00,"-1 day, 19:00:00",c4a33ef3643881b2b73f3cdc525404fa9bd60d5f52f6d0304e2ecd31c6b2e41a
2018-11-15,2018-11-15 00:00:00,2018-11-16 00:00:00,UNRESOLVED,NAS100_LABELLED_D1_BAR_START_DATE_ONLY,2018-11-15T00:00:00-05:00,2018-11-15T05:00:00Z,2018-11-15T13:00:00+08:00,"-1 day, 19:00:00",c6ecd7a9775f3e991a19f8f21a08ee8e0f98eb317104f51b0005fe0b28cafe33
2018-11-16,2018-11-16 00:00:00,2018-11-17 00:00:00,UNRESOLVED,NAS100_LABELLED_D1_BAR_START_DATE_ONLY,2018-11-16T00:00:00-05:00,2018-11-16T05:00:00Z,2018-11-16T13:00:00+08:00,"-1 day, 19:00:00",dc4bedf28ea490b439fbeccad937208e6e77e17b5422298df4336de0f9d3dfa5
2018-11-19,2018-11-19 00:00:00,2018-11-20 00:00:00,UNRESOLVED,NAS100_LABELLED_D1_BAR_START_DATE_ONLY,2018-11-19T00:00:00-05:00,2018-11-19T05:00:00Z,2018-11-19T13:00:00+08:00,"-1 day, 19:00:00",f99f4971eb5199c38313f7d6d6698b07561961e533765dfad8e725fdbd5a6468
2018-11-20,2018-11-20 00:00:00,2018-11-21 00:00:00,UNRESOLVED,NAS100_LABELLED_D1_BAR_START_DATE_ONLY,2018-11-20T00:00:00-05:00,2018-11-20T05:00:00Z,2018-11-20T13:00:00+08:00,"-1 day, 19:00:00",b243bdff1dff70737a0c1202b23ac3149e55d83cae96246ab73947998318eda7
2018-11-21,2018-11-21 00:00:00,2018-11-22 00:00:00,UNRESOLVED,NAS100_LABELLED_D1_BAR_START_DATE_ONLY,2018-11-21T00:00:00-05:00,2018-11-21T05:00:00Z,2018-11-21T13:00:00+08:00,"-1 day, 19:00:00",c38224d4d200842e9f6648bd4231deed2fd457f802131d169a8f788989dd2130
2018-11-22,2018-11-22 00:00:00,2018-11-23 00:00:00,UNRESOLVED,NAS100_LABELLED_D1_BAR_START_DATE_ONLY,2018-11-22T00:00:00-05:00,2018-11-22T05:00:00Z,2018-11-22T13:00:00+08:00,"-1 day, 19:00:00",157de6c015c3d5989e17475c6de9f855b7f26802122e5571813f11f1b8b5082f
2018-11-23,2018-11-23 00:00:00,2018-11-24 00:00:00,UNRESOLVED,NAS100_LABELLED_D1_BAR_START_DATE_ONLY,2018-11-23T00:00:00-05:00,2018-11-23T05:00:00Z,2018-11-23T13:00:00+08:00,"-1 day, 19:00:00",b0ec92471c20fce0a12b4e7b325be39c2adca601a3af0eacdf34d28a4132db93
2018-11-26,2018-11-26 00:00:00,2018-11-27 00:00:00,UNRESOLVED,NAS100_LABELLED_D1_BAR_START_DATE_ONLY,2018-11-26T00:00:00-05:00,2018-11-26T05:00:00Z,2018-11-26T13:00:00+08:00,"-1 day, 19:00:00",c64dfc58c769c8a10b866863e3e8ec109f0bd635b9c0e27696d20b2af0831035
2018-11-27,2018-11-27 00:00:00,2018-11-28 00:00:00,UNRESOLVED,NAS100_LABELLED_D1_BAR_START_DATE_ONLY,2018-11-27T00:00:00-05:00,2018-11-27T05:00:00Z,2018-11-27T13:00:00+08:00,"-1 day, 19:00:00",d6ca4aa50825c9060b05ec8b5f210b60680ce1a1781a63b5ff09ca8d82eded11
2018-11-28,2018-11-28 00:00:00,2018-11-29 00:00:00,UNRESOLVED,NAS100_LABELLED_D1_BAR_START_DATE_ONLY,2018-11-28T00:00:00-05:00,2018-11-28T05:00:00Z,2018-11-28T13:00:00+08:00,"-1 day, 19:00:00",da53cb42e8c1890393c78f4245dfc2fa5e5a6e92699a8452584ece80f66a2ea3
2018-11-29,2018-11-29 00:00:00,2018-11-30 00:00:00,UNRESOLVED,NAS100_LABELLED_D1_BAR_START_DATE_ONLY,2018-11-29T00:00:00-05:00,2018-11-29T05:00:00Z,2018-11-29T13:00:00+08:00,"-1 day, 19:00:00",8d5c5721f0f844d140fa205b5b53f0c2acc0675558cc1c9abe39b2959901f08c
2018-11-30,2018-11-30 00:00:00,2018-12-01 00:00:00,UNRESOLVED,NAS100_LABELLED_D1_BAR_START_DATE_ONLY,2018-11-30T00:00:00-05:00,2018-11-30T05:00:00Z,2018-11-30T13:00:00+08:00,"-1 day, 19:00:00",d5be2186d692579ed16db329b1a3497c008ded2642032345f5ed98634db35128
2018-12-03,2018-12-03 00:00:00,2018-12-04 00:00:00,UNRESOLVED,NAS100_LABELLED_D1_BAR_START_DATE_ONLY,2018-12-03T00:00:00-05:00,2018-12-03T05:00:00Z,2018-12-03T13:00:00+08:00,"-1 day, 19:00:00",21ff5e1b47abaffc603a24dba482b06c0076e0a237598b24e7869ab7ff9b2352
2018-12-04,2018-12-04 00:00:00,2018-12-05 00:00:00,UNRESOLVED,NAS100_LABELLED_D1_BAR_START_DATE_ONLY,2018-12-04T00:00:00-05:00,2018-12-04T05:00:00Z,2018-12-04T13:00:00+08:00,"-1 day, 19:00:00",ef041aa41ccad038d0490670b2103c449033707ae80a097280ad58cb80acd11b
2018-12-05,2018-12-05 00:00:00,2018-12-06 00:00:00,UNRESOLVED,NAS100_LABELLED_D1_BAR_START_DATE_ONLY,2018-12-05T00:00:00-05:00,2018-12-05T05:00:00Z,2018-12-05T13:00:00+08:00,"-1 day, 19:00:00",2eb44a19d0d7abf0a53006aec244d4d24f7f3c00838123396bfae259ad2763a3
2018-12-06,2018-12-06 00:00:00,2018-12-07 00:00:00,UNRESOLVED,NAS100_LABELLED_D1_BAR_START_DATE_ONLY,2018-12-06T00:00:00-05:00,2018-12-06T05:00:00Z,2018-12-06T13:00:00+08:00,"-1 day, 19:00:00",3a7c0e12ffaa2f5d145f9ac052ea5e807c8ee66e1787d6acde515630db06aca9
2018-12-07,2018-12-07 00:00:00,2018-12-08 00:00:00,UNRESOLVED,NAS100_LABELLED_D1_BAR_START_DATE_ONLY,2018-12-07T00:00:00-05:00,2018-12-07T05:00:00Z,2018-12-07T13:00:00+08:00,"-1 day, 19:00:00",7275db7b76a0b54e31192c63cb53af2bafeaa1e82e7182013be59d9be0a2f2b5
2018-12-10,2018-12-10 00:00:00,2018-12-11 00:00:00,UNRESOLVED,NAS100_LABELLED_D1_BAR_START_DATE_ONLY,2018-12-10T00:00:00-05:00,2018-12-10T05:00:00Z,2018-12-10T13:00:00+08:00,"-1 day, 19:00:00",5662c0880b75e50f58e5347ff70158385cf70ec674a3418927c64dcdd4e9da0e
2018-12-11,2018-12-11 00:00:00,2018-12-12 00:00:00,UNRESOLVED,NAS100_LABELLED_D1_BAR_START_DATE_ONLY,2018-12-11T00:00:00-05:00,2018-12-11T05:00:00Z,2018-12-11T13:00:00+08:00,"-1 day, 19:00:00",46e9bf880ea70c2d6aa1aace333ddf8099fd4067b77c0b862aa383878463aa57
2018-12-12,2018-12-12 00:00:00,2018-12-13 00:00:00,UNRESOLVED,NAS100_LABELLED_D1_BAR_START_DATE_ONLY,2018-12-12T00:00:00-05:00,2018-12-12T05:00:00Z,2018-12-12T13:00:00+08:00,"-1 day, 19:00:00",59b1c3891e86bda52b3074aba2d0dedbed16dda8207d2fbbe32e3ff5e7505149
2018-12-13,2018-12-13 00:00:00,2018-12-14 00:00:00,UNRESOLVED,NAS100_LABELLED_D1_BAR_START_DATE_ONLY,2018-12-13T00:00:00-05:00,2018-12-13T05:00:00Z,2018-12-13T13:00:00+08:00,"-1 day, 19:00:00",6152c853a3f6d729f07aad9bd435ff57e55d48caddd47c6ab09c378e72e701ab
2018-12-14,2018-12-14 00:00:00,2018-12-15 00:00:00,UNRESOLVED,NAS100_LABELLED_D1_BAR_START_DATE_ONLY,2018-12-14T00:00:00-05:00,2018-12-14T05:00:00Z,2018-12-14T13:00:00+08:00,"-1 day, 19:00:00",e01c1d1e09c1adaf2f72f4be62ae84d71b8711f4a1b2a4bc5fb1b4d957dfb6ab
2018-12-17,2018-12-17 00:00:00,2018-12-18 00:00:00,UNRESOLVED,NAS100_LABELLED_D1_BAR_START_DATE_ONLY,2018-12-17T00:00:00-05:00,2018-12-17T05:00:00Z,2018-12-17T13:00:00+08:00,"-1 day, 19:00:00",d9692604c360d81edb1f8883e68b81af57285002509d902c7e382226e9dd666f
2018-12-18,2018-12-18 00:00:00,2018-12-19 00:00:00,UNRESOLVED,NAS100_LABELLED_D1_BAR_START_DATE_ONLY,2018-12-18T00:00:00-05:00,2018-12-18T05:00:00Z,2018-12-18T13:00:00+08:00,"-1 day, 19:00:00",e9b877d7a3151de91a5cbe949913d349eaa84d72e52ec67c21f585b78c181adc
2018-12-19,2018-12-19 00:00:00,2018-12-20 00:00:00,UNRESOLVED,NAS100_LABELLED_D1_BAR_START_DATE_ONLY,2018-12-19T00:00:00-05:00,2018-12-19T05:00:00Z,2018-12-19T13:00:00+08:00,"-1 day, 19:00:00",6ddb7742752e3e5d761df4e583bd49acd69bd300f1e148f3071a1b897ad96836
2018-12-20,2018-12-20 00:00:00,2018-12-21 00:00:00,UNRESOLVED,NAS100_LABELLED_D1_BAR_START_DATE_ONLY,2018-12-20T00:00:00-05:00,2018-12-20T05:00:00Z,2018-12-20T13:00:00+08:00,"-1 day, 19:00:00",f034467f932ebb29e83ad3ab63d6d3f0f4254bc71a05b52da39102a9cbe6757f
2018-12-21,2018-12-21 00:00:00,2018-12-22 00:00:00,UNRESOLVED,NAS100_LABELLED_D1_BAR_START_DATE_ONLY,2018-12-21T00:00:00-05:00,2018-12-21T05:00:00Z,2018-12-21T13:00:00+08:00,"-1 day, 19:00:00",6295d2e2f53d2c53a08b037301b5e27141fba2e3976fe9db957f763e2e22e131
2018-12-24,2018-12-24 00:00:00,2018-12-25 00:00:00,UNRESOLVED,NAS100_LABELLED_D1_BAR_START_DATE_ONLY,2018-12-24T00:00:00-05:00,2018-12-24T05:00:00Z,2018-12-24T13:00:00+08:00,"-1 day, 19:00:00",35badb47cd77cb13db8ea43503b428c8beb17756bcd6bee520cad41a585f9802
2018-12-27,2018-12-27 00:00:00,2018-12-28 00:00:00,UNRESOLVED,NAS100_LABELLED_D1_BAR_START_DATE_ONLY,2018-12-27T00:00:00-05:00,2018-12-27T05:00:00Z,2018-12-27T13:00:00+08:00,"-1 day, 19:00:00",726dc6fd16d2d0a8e979bf9eb5624d2593d792bbefec435b10eff8d3fc60a064
2018-12-28,2018-12-28 00:00:00,2018-12-29 00:00:00,UNRESOLVED,NAS100_LABELLED_D1_BAR_START_DATE_ONLY,2018-12-28T00:00:00-05:00,2018-12-28T05:00:00Z,2018-12-28T13:00:00+08:00,"-1 day, 19:00:00",16de9112ddadcfc1649ed4e41b44b4a3d01fd9a1caeef659431b0ae87f2165e1
2018-12-31,2018-12-31 00:00:00,2019-01-01 00:00:00,UNRESOLVED,NAS100_LABELLED_D1_BAR_START_DATE_ONLY,2018-12-31T00:00:00-05:00,2018-12-31T05:00:00Z,2018-12-31T13:00:00+08:00,"-1 day, 19:00:00",3ea73135add0f4a610fbcd46d06246773b4016d39c60484acf30d9245fc59854
2019-01-02,2019-01-02 00:00:00,2019-01-03 00:00:00,UNRESOLVED,NAS100_LABELLED_D1_BAR_START_DATE_ONLY,2019-01-02T00:00:00-05:00,2019-01-02T05:00:00Z,2019-01-02T13:00:00+08:00,"-1 day, 19:00:00",630cb92bfe3c105c705c1002329044d29136e92bea2412696ecf649074149193
2019-01-03,2019-01-03 00:00:00,2019-01-04 00:00:00,UNRESOLVED,NAS100_LABELLED_D1_BAR_START_DATE_ONLY,2019-01-03T00:00:00-05:00,2019-01-03T05:00:00Z,2019-01-03T13:00:00+08:00,"-1 day, 19:00:00",ae3f1c203122f38d9c211daa45304bc78463dc7a37813270b40637e45be2dc3f
2019-01-04,2019-01-04 00:00:00,2019-01-05 00:00:00,UNRESOLVED,NAS100_LABELLED_D1_BAR_START_DATE_ONLY,2019-01-04T00:00:00-05:00,2019-01-04T05:00:00Z,2019-01-04T13:00:00+08:00,"-1 day, 19:00:00",ac60b3ebf293d3f69f885b3be6bb5a3d9b08d746214b0ecb317a43033773997f
2019-01-07,2019-01-07 00:00:00,2019-01-08 00:00:00,UNRESOLVED,NAS100_LABELLED_D1_BAR_START_DATE_ONLY,2019-01-07T00:00:00-05:00,2019-01-07T05:00:00Z,2019-01-07T13:00:00+08:00,"-1 day, 19:00:00",e7a976b6ec65eab5eeb63b7aa809511c871be3e94aa817909754f5a8e5c1fd2f
2019-01-08,2019-01-08 00:00:00,2019-01-09 00:00:00,UNRESOLVED,NAS100_LABELLED_D1_BAR_START_DATE_ONLY,2019-01-08T00:00:00-05:00,2019-01-08T05:00:00Z,2019-01-08T13:00:00+08:00,"-1 day, 19:00:00",de63a27d4020c74e4249f608ee92d9edd3af52c385edad0fc4afc77855c2fd27
2019-01-09,2019-01-09 00:00:00,2019-01-10 00:00:00,UNRESOLVED,NAS100_LABELLED_D1_BAR_START_DATE_ONLY,2019-01-09T00:00:00-05:00,2019-01-09T05:00:00Z,2019-01-09T13:00:00+08:00,"-1 day, 19:00:00",a8a05c6dc3a8fda1fa71d0f62178ae63d5f0f4b542cf99f216592ca0936414e0
2019-01-10,2019-01-10 00:00:00,2019-01-11 00:00:00,UNRESOLVED,NAS100_LABELLED_D1_BAR_START_DATE_ONLY,2019-01-10T00:00:00-05:00,2019-01-10T05:00:00Z,2019-01-10T13:00:00+08:00,"-1 day, 19:00:00",559baeaa2e33c1eb3ed1cdd21c00e2b53d27ee88d940fdb4fbd34a972725b368
2019-01-11,2019-01-11 00:00:00,2019-01-12 00:00:00,UNRESOLVED,NAS100_LABELLED_D1_BAR_START_DATE_ONLY,2019-01-11T00:00:00-05:00,2019-01-11T05:00:00Z,2019-01-11T13:00:00+08:00,"-1 day, 19:00:00",5cc7ca3a6de3ffa433e90b532637d88ca44bc1ca486415bd4da33058b56f4a88
2019-01-14,2019-01-14 00:00:00,2019-01-15 00:00:00,UNRESOLVED,NAS100_LABELLED_D1_BAR_START_DATE_ONLY,2019-01-14T00:00:00-05:00,2019-01-14T05:00:00Z,2019-01-14T13:00:00+08:00,"-1 day, 19:00:00",18b04842fffba89e7fc61a35544ec2e58ce8955b11d9ee47de6470b6e9f0df6a
2019-01-15,2019-01-15 00:00:00,2019-01-16 00:00:00,UNRESOLVED,NAS100_LABELLED_D1_BAR_START_DATE_ONLY,2019-01-15T00:00:00-05:00,2019-01-15T05:00:00Z,2019-01-15T13:00:00+08:00,"-1 day, 19:00:00",babc8259cc8af18aa892178295badc8d0405dcef23b316333a2282c2229929e6
2019-01-16,2019-01-16 00:00:00,2019-01-17 00:00:00,UNRESOLVED,NAS100_LABELLED_D1_BAR_START_DATE_ONLY,2019-01-16T00:00:00-05:00,2019-01-16T05:00:00Z,2019-01-16T13:00:00+08:00,"-1 day, 19:00:00",3b80cd659aea7ac368edd630c35dc0578fafdcc005bc7f23f8f1482e2dba4e14
2019-01-17,2019-01-17 00:00:00,2019-01-18 00:00:00,UNRESOLVED,NAS100_LABELLED_D1_BAR_START_DATE_ONLY,2019-01-17T00:00:00-05:00,2019-01-17T05:00:00Z,2019-01-17T13:00:00+08:00,"-1 day, 19:00:00",9dbbf375ebca99a61b1c8711eba6c18a9f09f2c008de9cc3f5909b23c8f1fe6c
2019-01-18,2019-01-18 00:00:00,2019-01-19 00:00:00,UNRESOLVED,NAS100_LABELLED_D1_BAR_START_DATE_ONLY,2019-01-18T00:00:00-05:00,2019-01-18T05:00:00Z,2019-01-18T13:00:00+08:00,"-1 day, 19:00:00",45074f08c83c8db8e927c4c291fd39f24335d835624d219ed9abd8eccd6438e6
2019-01-21,2019-01-21 00:00:00,2019-01-22 00:00:00,UNRESOLVED,NAS100_LABELLED_D1_BAR_START_DATE_ONLY,2019-01-21T00:00:00-05:00,2019-01-21T05:00:00Z,2019-01-21T13:00:00+08:00,"-1 day, 19:00:00",1773bd58d870566684c098b686d8c63b2b9b411a6199dee4b82bf2b8f6555167
2019-01-22,2019-01-22 00:00:00,2019-01-23 00:00:00,UNRESOLVED,NAS100_LABELLED_D1_BAR_START_DATE_ONLY,2019-01-22T00:00:00-05:00,2019-01-22T05:00:00Z,2019-01-22T13:00:00+08:00,"-1 day, 19:00:00",7fb6a7e2abd7bdddddefd163881c65f341e7c30623836e412f3768d1a0f71d6f
2019-01-23,2019-01-23 00:00:00,2019-01-24 00:00:00,UNRESOLVED,NAS100_LABELLED_D1_BAR_START_DATE_ONLY,2019-01-23T00:00:00-05:00,2019-01-23T05:00:00Z,2019-01-23T13:00:00+08:00,"-1 day, 19:00:00",bbef2205270f21b40837f8c2195c5dd7ae99b78972dbbf91b624d53c1b53dc67
2019-01-24,2019-01-24 00:00:00,2019-01-25 00:00:00,UNRESOLVED,NAS100_LABELLED_D1_BAR_START_DATE_ONLY,2019-01-24T00:00:00-05:00,2019-01-24T05:00:00Z,2019-01-24T13:00:00+08:00,"-1 day, 19:00:00",03265256e9ba163aec943e246fd0d83288ea5758c1f429174f0314ee9cc3b994
2019-01-25,2019-01-25 00:00:00,2019-01-26 00:00:00,UNRESOLVED,NAS100_LABELLED_D1_BAR_START_DATE_ONLY,2019-01-25T00:00:00-05:00,2019-01-25T05:00:00Z,2019-01-25T13:00:00+08:00,"-1 day, 19:00:00",9d53384140a84c32fa70c01bf63c3606af7ae95d6a91a997afe6000b2644fed2
2019-01-28,2019-01-28 00:00:00,2019-01-29 00:00:00,UNRESOLVED,NAS100_LABELLED_D1_BAR_START_DATE_ONLY,2019-01-28T00:00:00-05:00,2019-01-28T05:00:00Z,2019-01-28T13:00:00+08:00,"-1 day, 19:00:00",0bd538811db00e6c85fde0dd4fe776c310dbef823b5fec3e48c18f1c710068ee
2019-01-29,2019-01-29 00:00:00,2019-01-30 00:00:00,UNRESOLVED,NAS100_LABELLED_D1_BAR_START_DATE_ONLY,2019-01-29T00:00:00-05:00,2019-01-29T05:00:00Z,2019-01-29T13:00:00+08:00,"-1 day, 19:00:00",3d56e51a8d219b837ce1eb00fb840bdfdbd75dd879d8cf65634988cb1b037d57
2019-01-30,2019-01-30 00:00:00,2019-01-31 00:00:00,UNRESOLVED,NAS100_LABELLED_D1_BAR_START_DATE_ONLY,2019-01-30T00:00:00-05:00,2019-01-30T05:00:00Z,2019-01-30T13:00:00+08:00,"-1 day, 19:00:00",606776929f0099114ce6d9d42ff629e4eed068cdeaf440dff5199819f48b1380
2019-01-31,2019-01-31 00:00:00,2019-02-01 00:00:00,UNRESOLVED,NAS100_LABELLED_D1_BAR_START_DATE_ONLY,2019-01-31T00:00:00-05:00,2019-01-31T05:00:00Z,2019-01-31T13:00:00+08:00,"-1 day, 19:00:00",d66e73965b0b526dd1f4022f7e7ba183f8c8ab746ad4ebcd0c9e0ceb1e40fc4d
2019-02-01,2019-02-01 00:00:00,2019-02-02 00:00:00,UNRESOLVED,NAS100_LABELLED_D1_BAR_START_DATE_ONLY,2019-02-01T00:00:00-05:00,2019-02-01T05:00:00Z,2019-02-01T13:00:00+08:00,"-1 day, 19:00:00",0f7ceb18027160fc762cae79305158ba36872c2f350f0f12e416ebb6d7e13c73
2019-02-04,2019-02-04 00:00:00,2019-02-05 00:00:00,UNRESOLVED,NAS100_LABELLED_D1_BAR_START_DATE_ONLY,2019-02-04T00:00:00-05:00,2019-02-04T05:00:00Z,2019-02-04T13:00:00+08:00,"-1 day, 19:00:00",556815b2afc4b648d7d16596097a7c37bf7531847cb2edb240361aef323f62ed
2019-02-05,2019-02-05 00:00:00,2019-02-06 00:00:00,UNRESOLVED,NAS100_LABELLED_D1_BAR_START_DATE_ONLY,2019-02-05T00:00:00-05:00,2019-02-05T05:00:00Z,2019-02-05T13:00:00+08:00,"-1 day, 19:00:00",c93035117fc35c6c09a7b8c284dbb48ae1a868fecf400c7c6f6b1f40cd2224f8
2019-02-06,2019-02-06 00:00:00,2019-02-07 00:00:00,UNRESOLVED,NAS100_LABELLED_D1_BAR_START_DATE_ONLY,2019-02-06T00:00:00-05:00,2019-02-06T05:00:00Z,2019-02-06T13:00:00+08:00,"-1 day, 19:00:00",aeb2cfbe339509099a74575375d2a4b4d6afdd537a07708f2fae3a33919eda2c
2019-02-07,2019-02-07 00:00:00,2019-02-08 00:00:00,UNRESOLVED,NAS100_LABELLED_D1_BAR_START_DATE_ONLY,2019-02-07T00:00:00-05:00,2019-02-07T05:00:00Z,2019-02-07T13:00:00+08:00,"-1 day, 19:00:00",293b315216d4e47ed56e184f0031b5665a5ad7b3462e0d65b0358d08bb055fdf
2019-02-08,2019-02-08 00:00:00,2019-02-09 00:00:00,UNRESOLVED,NAS100_LABELLED_D1_BAR_START_DATE_ONLY,2019-02-08T00:00:00-05:00,2019-02-08T05:00:00Z,2019-02-08T13:00:00+08:00,"-1 day, 19:00:00",737644582bdb7e311e4777ce970e69e22817634abdddbbe6cc5d92056a684fac
2019-02-11,2019-02-11 00:00:00,2019-02-12 00:00:00,UNRESOLVED,NAS100_LABELLED_D1_BAR_START_DATE_ONLY,2019-02-11T00:00:00-05:00,2019-02-11T05:00:00Z,2019-02-11T13:00:00+08:00,"-1 day, 19:00:00",debb47046c8f0e8ca89fab7ff15643c3e923c4edc9babea908f7240870f17f45
2019-02-12,2019-02-12 00:00:00,2019-02-13 00:00:00,UNRESOLVED,NAS100_LABELLED_D1_BAR_START_DATE_ONLY,2019-02-12T00:00:00-05:00,2019-02-12T05:00:00Z,2019-02-12T13:00:00+08:00,"-1 day, 19:00:00",9ea4cf62fa1a25ce573ef6adfcfccece75eaf2d8f9989db68704df948fec8d04
2019-02-13,2019-02-13 00:00:00,2019-02-14 00:00:00,UNRESOLVED,NAS100_LABELLED_D1_BAR_START_DATE_ONLY,2019-02-13T00:00:00-05:00,2019-02-13T05:00:00Z,2019-02-13T13:00:00+08:00,"-1 day, 19:00:00",240a009dad169a38024f2741810d7d8a6a9bd4f8fb7a74ae1355e9c67cfab545
2019-02-14,2019-02-14 00:00:00,2019-02-15 00:00:00,UNRESOLVED,NAS100_LABELLED_D1_BAR_START_DATE_ONLY,2019-02-14T00:00:00-05:00,2019-02-14T05:00:00Z,2019-02-14T13:00:00+08:00,"-1 day, 19:00:00",0ad6253b20098915018f11793cbea5bd564cc829654185feaf8df6183cff84e8
2019-02-15,2019-02-15 00:00:00,2019-02-16 00:00:00,UNRESOLVED,NAS100_LABELLED_D1_BAR_START_DATE_ONLY,2019-02-15T00:00:00-05:00,2019-02-15T05:00:00Z,2019-02-15T13:00:00+08:00,"-1 day, 19:00:00",739122e9155f08f0abad97a0e0ff59dc5802b098997585809dc051fbc73b5fdd
2019-02-18,2019-02-18 00:00:00,2019-02-19 00:00:00,UNRESOLVED,NAS100_LABELLED_D1_BAR_START_DATE_ONLY,2019-02-18T00:00:00-05:00,2019-02-18T05:00:00Z,2019-02-18T13:00:00+08:00,"-1 day, 19:00:00",b35d7ebdd0bc96055526bfecf3e961dc58f711a22d3dd28c50364822461d884d
2019-02-19,2019-02-19 00:00:00,2019-02-20 00:00:00,UNRESOLVED,NAS100_LABELLED_D1_BAR_START_DATE_ONLY,2019-02-19T00:00:00-05:00,2019-02-19T05:00:00Z,2019-02-19T13:00:00+08:00,"-1 day, 19:00:00",cfcd13f4b2905b8f1fba4e4ad380543ce75f0a48060fb02c5fac9cd931c3daef
2019-02-20,2019-02-20 00:00:00,2019-02-21 00:00:00,UNRESOLVED,NAS100_LABELLED_D1_BAR_START_DATE_ONLY,2019-02-20T00:00:00-05:00,2019-02-20T05:00:00Z,2019-02-20T13:00:00+08:00,"-1 day, 19:00:00",a7eb1561d8af3ebd21be06e56cf7902400557ae1648e7b954e3a501f0275206b
2019-02-21,2019-02-21 00:00:00,2019-02-22 00:00:00,UNRESOLVED,NAS100_LABELLED_D1_BAR_START_DATE_ONLY,2019-02-21T00:00:00-05:00,2019-02-21T05:00:00Z,2019-02-21T13:00:00+08:00,"-1 day, 19:00:00",b326e098feffda9d968216dddd5c8024a0349c35459020c783cda0652b2b4de2
2019-02-22,2019-02-22 00:00:00,2019-02-23 00:00:00,UNRESOLVED,NAS100_LABELLED_D1_BAR_START_DATE_ONLY,2019-02-22T00:00:00-05:00,2019-02-22T05:00:00Z,2019-02-22T13:00:00+08:00,"-1 day, 19:00:00",f5960760a6e1cf21bef548f9d84884ed657c1307a74f032084edb40f82653c44
2019-02-25,2019-02-25 00:00:00,2019-02-26 00:00:00,UNRESOLVED,NAS100_LABELLED_D1_BAR_START_DATE_ONLY,2019-02-25T00:00:00-05:00,2019-02-25T05:00:00Z,2019-02-25T13:00:00+08:00,"-1 day, 19:00:00",97a1ae97e08156eebed825d974f1623021e2f3a72a0b0c96ecd06d61241ea0a6
2019-02-26,2019-02-26 00:00:00,2019-02-27 00:00:00,UNRESOLVED,NAS100_LABELLED_D1_BAR_START_DATE_ONLY,2019-02-26T00:00:00-05:00,2019-02-26T05:00:00Z,2019-02-26T13:00:00+08:00,"-1 day, 19:00:00",dc2cefb419fec4246e38875d1de8f2fc571380714698fa9fa3f62cf2d3f34120
2019-02-27,2019-02-27 00:00:00,2019-02-28 00:00:00,UNRESOLVED,NAS100_LABELLED_D1_BAR_START_DATE_ONLY,2019-02-27T00:00:00-05:00,2019-02-27T05:00:00Z,2019-02-27T13:00:00+08:00,"-1 day, 19:00:00",529f33f170831ad843e6c7d3ccc52432d1507fa882962ab4f2ffcaf5989df883
2019-02-28,2019-02-28 00:00:00,2019-03-01 00:00:00,UNRESOLVED,NAS100_LABELLED_D1_BAR_START_DATE_ONLY,2019-02-28T00:00:00-05:00,2019-02-28T05:00:00Z,2019-02-28T13:00:00+08:00,"-1 day, 19:00:00",60a80e0583902ba36440f076fa0796581aae4c00845130915b737eaf97cf87b4
2019-03-01,2019-03-01 00:00:00,2019-03-02 00:00:00,UNRESOLVED,NAS100_LABELLED_D1_BAR_START_DATE_ONLY,2019-03-01T00:00:00-05:00,2019-03-01T05:00:00Z,2019-03-01T13:00:00+08:00,"-1 day, 19:00:00",16d92ceeaf5b101c84b17e2a5949bab16bea59ce668b78ab4d65595400cf1874
2019-03-04,2019-03-04 00:00:00,2019-03-05 00:00:00,UNRESOLVED,NAS100_LABELLED_D1_BAR_START_DATE_ONLY,2019-03-04T00:00:00-05:00,2019-03-04T05:00:00Z,2019-03-04T13:00:00+08:00,"-1 day, 19:00:00",843a91c5dd3634c4803dd6c67ccc2a957552b1343796d9aa001e430c497f8099
2019-03-05,2019-03-05 00:00:00,2019-03-06 00:00:00,UNRESOLVED,NAS100_LABELLED_D1_BAR_START_DATE_ONLY,2019-03-05T00:00:00-05:00,2019-03-05T05:00:00Z,2019-03-05T13:00:00+08:00,"-1 day, 19:00:00",b8ce525c4a71bbb6aaf923849e7d0999069bb0b86ae834019d87f593a92cb626
2019-03-06,2019-03-06 00:00:00,2019-03-07 00:00:00,UNRESOLVED,NAS100_LABELLED_D1_BAR_START_DATE_ONLY,2019-03-06T00:00:00-05:00,2019-03-06T05:00:00Z,2019-03-06T13:00:00+08:00,"-1 day, 19:00:00",e3641665c7b7f8bd6d02317303c50d10278fcf6d16fcacb873d1158fb56391cb
2019-03-07,2019-03-07 00:00:00,2019-03-08 00:00:00,UNRESOLVED,NAS100_LABELLED_D1_BAR_START_DATE_ONLY,2019-03-07T00:00:00-05:00,2019-03-07T05:00:00Z,2019-03-07T13:00:00+08:00,"-1 day, 19:00:00",66a6729e423342f26acda413eb28f53b68f02b47873e71aa0f5b44170cbaa86b
2019-03-08,2019-03-08 00:00:00,2019-03-09 00:00:00,UNRESOLVED,NAS100_LABELLED_D1_BAR_START_DATE_ONLY,2019-03-08T00:00:00-05:00,2019-03-08T05:00:00Z,2019-03-08T13:00:00+08:00,"-1 day, 19:00:00",f0ab40febdbb3fd52ebf7f0a4bb7ea878d1372b729c876a6983e1e6b1deaa69c
2019-03-11,2019-03-11 00:00:00,2019-03-12 00:00:00,UNRESOLVED,NAS100_LABELLED_D1_BAR_START_DATE_ONLY,2019-03-11T00:00:00-04:00,2019-03-11T04:00:00Z,2019-03-11T12:00:00+08:00,"-1 day, 20:00:00",21ae43f92293b4ba03c39337bbd273feee5645d7b0eca407f5e84efd3d085e80
2019-03-12,2019-03-12 00:00:00,2019-03-13 00:00:00,UNRESOLVED,NAS100_LABELLED_D1_BAR_START_DATE_ONLY,2019-03-12T00:00:00-04:00,2019-03-12T04:00:00Z,2019-03-12T12:00:00+08:00,"-1 day, 20:00:00",23515efca666c7e53b60a9d2e0ed4a5ced29ea66b866d24b9b477f5ecdf4da3c
2019-03-13,2019-03-13 00:00:00,2019-03-14 00:00:00,UNRESOLVED,NAS100_LABELLED_D1_BAR_START_DATE_ONLY,2019-03-13T00:00:00-04:00,2019-03-13T04:00:00Z,2019-03-13T12:00:00+08:00,"-1 day, 20:00:00",ba4f609d9f7b4d2bbf58a9908d2891c3e351037f1d7348607763702b96c2d37a
2019-03-14,2019-03-14 00:00:00,2019-03-15 00:00:00,UNRESOLVED,NAS100_LABELLED_D1_BAR_START_DATE_ONLY,2019-03-14T00:00:00-04:00,2019-03-14T04:00:00Z,2019-03-14T12:00:00+08:00,"-1 day, 20:00:00",84c3cf409550995d53960b55d30f5c3d79f4a28cd87e306b273423f50a09b40c
2019-03-15,2019-03-15 00:00:00,2019-03-16 00:00:00,UNRESOLVED,NAS100_LABELLED_D1_BAR_START_DATE_ONLY,2019-03-15T00:00:00-04:00,2019-03-15T04:00:00Z,2019-03-15T12:00:00+08:00,"-1 day, 20:00:00",537efdfe04be070efca72e2af315dccd68b1b243443265770cea88dbe66e14b1
2019-03-18,2019-03-18 00:00:00,2019-03-19 00:00:00,UNRESOLVED,NAS100_LABELLED_D1_BAR_START_DATE_ONLY,2019-03-18T00:00:00-04:00,2019-03-18T04:00:00Z,2019-03-18T12:00:00+08:00,"-1 day, 20:00:00",b8fd690f02a200130a9e89b2bd88a7fa057c07c0ab457b8bb158b81e51053b8c
2019-03-19,2019-03-19 00:00:00,2019-03-20 00:00:00,UNRESOLVED,NAS100_LABELLED_D1_BAR_START_DATE_ONLY,2019-03-19T00:00:00-04:00,2019-03-19T04:00:00Z,2019-03-19T12:00:00+08:00,"-1 day, 20:00:00",5f18017a4c19a389862817ab9e3a3e899d3638204ce2bae20848ba4eaf1b2364
2019-03-20,2019-03-20 00:00:00,2019-03-21 00:00:00,UNRESOLVED,NAS100_LABELLED_D1_BAR_START_DATE_ONLY,2019-03-20T00:00:00-04:00,2019-03-20T04:00:00Z,2019-03-20T12:00:00+08:00,"-1 day, 20:00:00",97d8b086bf73c012db4de798625d1e84bf4d75520f0e2fc893defbe160758fc1
2019-03-21,2019-03-21 00:00:00,2019-03-22 00:00:00,UNRESOLVED,NAS100_LABELLED_D1_BAR_START_DATE_ONLY,2019-03-21T00:00:00-04:00,2019-03-21T04:00:00Z,2019-03-21T12:00:00+08:00,"-1 day, 20:00:00",f32b19c1f68ffe7781db6924d25d02dc5f39cd0f822aa315c69fa80f48aac790
2019-03-22,2019-03-22 00:00:00,2019-03-23 00:00:00,UNRESOLVED,NAS100_LABELLED_D1_BAR_START_DATE_ONLY,2019-03-22T00:00:00-04:00,2019-03-22T04:00:00Z,2019-03-22T12:00:00+08:00,"-1 day, 20:00:00",ab89d9df15729147cec6f30d9522eebf08ee4526c3a6444a921fc7ebb670d61f
2019-03-25,2019-03-25 00:00:00,2019-03-26 00:00:00,UNRESOLVED,NAS100_LABELLED_D1_BAR_START_DATE_ONLY,2019-03-25T00:00:00-04:00,2019-03-25T04:00:00Z,2019-03-25T12:00:00+08:00,"-1 day, 20:00:00",8185417c19304ed35a14f57eb36977f01064f71a69434047317b93d09bf77aa3
2019-03-26,2019-03-26 00:00:00,2019-03-27 00:00:00,UNRESOLVED,NAS100_LABELLED_D1_BAR_START_DATE_ONLY,2019-03-26T00:00:00-04:00,2019-03-26T04:00:00Z,2019-03-26T12:00:00+08:00,"-1 day, 20:00:00",d91e30d6dd9bf18ea1e983674100448ca76685701fbe44126ded1210aab187b0
2019-03-27,2019-03-27 00:00:00,2019-03-28 00:00:00,UNRESOLVED,NAS100_LABELLED_D1_BAR_START_DATE_ONLY,2019-03-27T00:00:00-04:00,2019-03-27T04:00:00Z,2019-03-27T12:00:00+08:00,"-1 day, 20:00:00",61db721776b6d1512a0583228cb6e555964c717b72d60228bd984a37e2c7810d
2019-03-28,2019-03-28 00:00:00,2019-03-29 00:00:00,UNRESOLVED,NAS100_LABELLED_D1_BAR_START_DATE_ONLY,2019-03-28T00:00:00-04:00,2019-03-28T04:00:00Z,2019-03-28T12:00:00+08:00,"-1 day, 20:00:00",d9053093bb4093778ce2c432729112e6104c8497f30523258ad9e9f9c045522d
2019-03-29,2019-03-29 00:00:00,2019-03-30 00:00:00,UNRESOLVED,NAS100_LABELLED_D1_BAR_START_DATE_ONLY,2019-03-29T00:00:00-04:00,2019-03-29T04:00:00Z,2019-03-29T12:00:00+08:00,"-1 day, 20:00:00",cd1a9fe93f45abffa5456d48e912826f18006acf9a07ddaf458b6ec6afd9ab57
2019-04-01,2019-04-01 00:00:00,2019-04-02 00:00:00,UNRESOLVED,NAS100_LABELLED_D1_BAR_START_DATE_ONLY,2019-04-01T00:00:00-04:00,2019-04-01T04:00:00Z,2019-04-01T12:00:00+08:00,"-1 day, 20:00:00",06a6f2684c2b8c9dc38c3825885a62aef9aa5b75a6800d4687a3e255644d1220
2019-04-02,2019-04-02 00:00:00,2019-04-03 00:00:00,UNRESOLVED,NAS100_LABELLED_D1_BAR_START_DATE_ONLY,2019-04-02T00:00:00-04:00,2019-04-02T04:00:00Z,2019-04-02T12:00:00+08:00,"-1 day, 20:00:00",2b35fae4e0cf697efda6b55fc30d0369021c221d9484efbb80712ac73fa48ae4
2019-04-03,2019-04-03 00:00:00,2019-04-04 00:00:00,UNRESOLVED,NAS100_LABELLED_D1_BAR_START_DATE_ONLY,2019-04-03T00:00:00-04:00,2019-04-03T04:00:00Z,2019-04-03T12:00:00+08:00,"-1 day, 20:00:00",d5dc9930b3b097d30ebb2e23dceb4a4a0d2303d590bd217aa26ea55d6b12923f
2019-04-04,2019-04-04 00:00:00,2019-04-05 00:00:00,UNRESOLVED,NAS100_LABELLED_D1_BAR_START_DATE_ONLY,2019-04-04T00:00:00-04:00,2019-04-04T04:00:00Z,2019-04-04T12:00:00+08:00,"-1 day, 20:00:00",a5c5b2f69b7176dd0e2dc081d6cea9ef9f78c441dd3b9c38c286cc7d37694785
2019-04-05,2019-04-05 00:00:00,2019-04-06 00:00:00,UNRESOLVED,NAS100_LABELLED_D1_BAR_START_DATE_ONLY,2019-04-05T00:00:00-04:00,2019-04-05T04:00:00Z,2019-04-05T12:00:00+08:00,"-1 day, 20:00:00",6641baa1100aa1ca5b428ccec5908f03e84a91e986b68d1dee8dc6ff3d40b846
2019-04-08,2019-04-08 00:00:00,2019-04-09 00:00:00,UNRESOLVED,NAS100_LABELLED_D1_BAR_START_DATE_ONLY,2019-04-08T00:00:00-04:00,2019-04-08T04:00:00Z,2019-04-08T12:00:00+08:00,"-1 day, 20:00:00",1266a592f678e4501d46f1a3f756dbb7bfac76237626209f59932cc9c3bc8654
2019-04-09,2019-04-09 00:00:00,2019-04-10 00:00:00,UNRESOLVED,NAS100_LABELLED_D1_BAR_START_DATE_ONLY,2019-04-09T00:00:00-04:00,2019-04-09T04:00:00Z,2019-04-09T12:00:00+08:00,"-1 day, 20:00:00",400a16f1526e7d63aa05cb04895746ae224d269fc5168e4cb5c5c270b6d91c92
2019-04-10,2019-04-10 00:00:00,2019-04-11 00:00:00,UNRESOLVED,NAS100_LABELLED_D1_BAR_START_DATE_ONLY,2019-04-10T00:00:00-04:00,2019-04-10T04:00:00Z,2019-04-10T12:00:00+08:00,"-1 day, 20:00:00",e60fd29950157516e1349fd05bfbdedbc9aa41e7b017acd035eab834f39563ea
2019-04-11,2019-04-11 00:00:00,2019-04-12 00:00:00,UNRESOLVED,NAS100_LABELLED_D1_BAR_START_DATE_ONLY,2019-04-11T00:00:00-04:00,2019-04-11T04:00:00Z,2019-04-11T12:00:00+08:00,"-1 day, 20:00:00",0efb22053178fb5631149a98258db11993f790d7b7ecdbbff5520c848bf516f5
2019-04-12,2019-04-12 00:00:00,2019-04-13 00:00:00,UNRESOLVED,NAS100_LABELLED_D1_BAR_START_DATE_ONLY,2019-04-12T00:00:00-04:00,2019-04-12T04:00:00Z,2019-04-12T12:00:00+08:00,"-1 day, 20:00:00",df37aa8bdfb57f196799fdbde53ec3e2038c331777601d674f6ab058d4d03208
2019-04-15,2019-04-15 00:00:00,2019-04-16 00:00:00,UNRESOLVED,NAS100_LABELLED_D1_BAR_START_DATE_ONLY,2019-04-15T00:00:00-04:00,2019-04-15T04:00:00Z,2019-04-15T12:00:00+08:00,"-1 day, 20:00:00",5b144abf26b8519dedcfe392a2c7aa6875be9528924d28195ad8edc59978075d
2019-04-16,2019-04-16 00:00:00,2019-04-17 00:00:00,UNRESOLVED,NAS100_LABELLED_D1_BAR_START_DATE_ONLY,2019-04-16T00:00:00-04:00,2019-04-16T04:00:00Z,2019-04-16T12:00:00+08:00,"-1 day, 20:00:00",05770a8c2b0fd3e443c34e4ee526df17bbe9cf7eb395231241b614042a612f5d
2019-04-17,2019-04-17 00:00:00,2019-04-18 00:00:00,UNRESOLVED,NAS100_LABELLED_D1_BAR_START_DATE_ONLY,2019-04-17T00:00:00-04:00,2019-04-17T04:00:00Z,2019-04-17T12:00:00+08:00,"-1 day, 20:00:00",45eff9ec59a15a92fbaf52b95e1826e33f786e897046d8ef51a22691a2a48571
2019-04-18,2019-04-18 00:00:00,2019-04-19 00:00:00,UNRESOLVED,NAS100_LABELLED_D1_BAR_START_DATE_ONLY,2019-04-18T00:00:00-04:00,2019-04-18T04:00:00Z,2019-04-18T12:00:00+08:00,"-1 day, 20:00:00",d9e4efc9c3e4fff059dbb78d67ac9401d696c5e0d70d1656c4761797d21a9c8c
2019-04-22,2019-04-22 00:00:00,2019-04-23 00:00:00,UNRESOLVED,NAS100_LABELLED_D1_BAR_START_DATE_ONLY,2019-04-22T00:00:00-04:00,2019-04-22T04:00:00Z,2019-04-22T12:00:00+08:00,"-1 day, 20:00:00",63645d5430a976580b60377ed6c6e709ca23796b97f58d3e910a18ccf25b6328
2019-04-23,2019-04-23 00:00:00,2019-04-24 00:00:00,UNRESOLVED,NAS100_LABELLED_D1_BAR_START_DATE_ONLY,2019-04-23T00:00:00-04:00,2019-04-23T04:00:00Z,2019-04-23T12:00:00+08:00,"-1 day, 20:00:00",15df55287e389a846f660c4d5b7914df08a0d7bd1e3404bbd8057e18498081ca
2019-04-24,2019-04-24 00:00:00,2019-04-25 00:00:00,UNRESOLVED,NAS100_LABELLED_D1_BAR_START_DATE_ONLY,2019-04-24T00:00:00-04:00,2019-04-24T04:00:00Z,2019-04-24T12:00:00+08:00,"-1 day, 20:00:00",5c3270e73db77631ec3ff17eb12e0ce0e4abe37a820d4297b944d442d756d168
2019-04-25,2019-04-25 00:00:00,2019-04-26 00:00:00,UNRESOLVED,NAS100_LABELLED_D1_BAR_START_DATE_ONLY,2019-04-25T00:00:00-04:00,2019-04-25T04:00:00Z,2019-04-25T12:00:00+08:00,"-1 day, 20:00:00",76bf96d83104f3caa7fadcc77523a05ff8b4e2a0f8db348ce43205c2d21f2339
2019-04-26,2019-04-26 00:00:00,2019-04-27 00:00:00,UNRESOLVED,NAS100_LABELLED_D1_BAR_START_DATE_ONLY,2019-04-26T00:00:00-04:00,2019-04-26T04:00:00Z,2019-04-26T12:00:00+08:00,"-1 day, 20:00:00",b2dece5ba2035d50a40094836e858928555c26a728b1e3f2692fd74da1ae93cd
2019-04-29,2019-04-29 00:00:00,2019-04-30 00:00:00,UNRESOLVED,NAS100_LABELLED_D1_BAR_START_DATE_ONLY,2019-04-29T00:00:00-04:00,2019-04-29T04:00:00Z,2019-04-29T12:00:00+08:00,"-1 day, 20:00:00",3b37b210505ffaee0acaf12100d12c49cf34d9531ae532b2b91a7da51fe8c106
2019-04-30,2019-04-30 00:00:00,2019-05-01 00:00:00,UNRESOLVED,NAS100_LABELLED_D1_BAR_START_DATE_ONLY,2019-04-30T00:00:00-04:00,2019-04-30T04:00:00Z,2019-04-30T12:00:00+08:00,"-1 day, 20:00:00",e5207ceae768478d0ae6317cdab49f49d4fc22fe59cefe6ebb24fd7e54684370
2019-05-01,2019-05-01 00:00:00,2019-05-02 00:00:00,UNRESOLVED,NAS100_LABELLED_D1_BAR_START_DATE_ONLY,2019-05-01T00:00:00-04:00,2019-05-01T04:00:00Z,2019-05-01T12:00:00+08:00,"-1 day, 20:00:00",2a0e0c20e6e06b7695ebf7bf84a89b86ad842db65bafc4e70528a819094a48f8
2019-05-02,2019-05-02 00:00:00,2019-05-03 00:00:00,UNRESOLVED,NAS100_LABELLED_D1_BAR_START_DATE_ONLY,2019-05-02T00:00:00-04:00,2019-05-02T04:00:00Z,2019-05-02T12:00:00+08:00,"-1 day, 20:00:00",55c7278f913819aaf20ac63fb638307e1a993ddb642831ac7cdc1622824a2ecb
2019-05-03,2019-05-03 00:00:00,2019-05-04 00:00:00,UNRESOLVED,NAS100_LABELLED_D1_BAR_START_DATE_ONLY,2019-05-03T00:00:00-04:00,2019-05-03T04:00:00Z,2019-05-03T12:00:00+08:00,"-1 day, 20:00:00",05b19d78706fd0c2e40957a452aa4b207158141a27d6dfcb41ddf36bee00d14f
2019-05-06,2019-05-06 00:00:00,2019-05-07 00:00:00,UNRESOLVED,NAS100_LABELLED_D1_BAR_START_DATE_ONLY,2019-05-06T00:00:00-04:00,2019-05-06T04:00:00Z,2019-05-06T12:00:00+08:00,"-1 day, 20:00:00",0b936e349025e6c51f4b33824efb6f98377f5794b034f51eb09da38b12398860
2019-05-07,2019-05-07 00:00:00,2019-05-08 00:00:00,UNRESOLVED,NAS100_LABELLED_D1_BAR_START_DATE_ONLY,2019-05-07T00:00:00-04:00,2019-05-07T04:00:00Z,2019-05-07T12:00:00+08:00,"-1 day, 20:00:00",4d722048c0b4abbb22d67de2ac5d161125f597ae46c027f0331f30622d632042
2019-05-08,2019-05-08 00:00:00,2019-05-09 00:00:00,UNRESOLVED,NAS100_LABELLED_D1_BAR_START_DATE_ONLY,2019-05-08T00:00:00-04:00,2019-05-08T04:00:00Z,2019-05-08T12:00:00+08:00,"-1 day, 20:00:00",958317e30a5a2425c54025d53b01dda58270c690b0a9d0bede1a7b57a37d0cb6
2019-05-09,2019-05-09 00:00:00,2019-05-10 00:00:00,UNRESOLVED,NAS100_LABELLED_D1_BAR_START_DATE_ONLY,2019-05-09T00:00:00-04:00,2019-05-09T04:00:00Z,2019-05-09T12:00:00+08:00,"-1 day, 20:00:00",aa99f80e2da4e10711a3d22613e88711fc7d10a41b54d8a8a3ca410708ecb16f
2019-05-10,2019-05-10 00:00:00,2019-05-11 00:00:00,UNRESOLVED,NAS100_LABELLED_D1_BAR_START_DATE_ONLY,2019-05-10T00:00:00-04:00,2019-05-10T04:00:00Z,2019-05-10T12:00:00+08:00,"-1 day, 20:00:00",ef1b51026b79c8337cdf5887164767d8ba73923727612e33804deb34ca2a648e
2019-05-13,2019-05-13 00:00:00,2019-05-14 00:00:00,UNRESOLVED,NAS100_LABELLED_D1_BAR_START_DATE_ONLY,2019-05-13T00:00:00-04:00,2019-05-13T04:00:00Z,2019-05-13T12:00:00+08:00,"-1 day, 20:00:00",02c8a6c5506e06edd2515cee7c93284a292ef38cae5e9717ea36b48815ffe804
2019-05-14,2019-05-14 00:00:00,2019-05-15 00:00:00,UNRESOLVED,NAS100_LABELLED_D1_BAR_START_DATE_ONLY,2019-05-14T00:00:00-04:00,2019-05-14T04:00:00Z,2019-05-14T12:00:00+08:00,"-1 day, 20:00:00",15252d707e0206eac3f09935f95691a28de19668548b17d9695a22085bb9fcf1
2019-05-15,2019-05-15 00:00:00,2019-05-16 00:00:00,UNRESOLVED,NAS100_LABELLED_D1_BAR_START_DATE_ONLY,2019-05-15T00:00:00-04:00,2019-05-15T04:00:00Z,2019-05-15T12:00:00+08:00,"-1 day, 20:00:00",c327d6308506252a2510ad0549bf7f2906ae91d619658623f2f5a629cf1264ce
2019-05-16,2019-05-16 00:00:00,2019-05-17 00:00:00,UNRESOLVED,NAS100_LABELLED_D1_BAR_START_DATE_ONLY,2019-05-16T00:00:00-04:00,2019-05-16T04:00:00Z,2019-05-16T12:00:00+08:00,"-1 day, 20:00:00",e9d944c7b7c4e2006786c720c4e90587e9a5994db220a41b4983aed14e655fa4
2019-05-17,2019-05-17 00:00:00,2019-05-18 00:00:00,UNRESOLVED,NAS100_LABELLED_D1_BAR_START_DATE_ONLY,2019-05-17T00:00:00-04:00,2019-05-17T04:00:00Z,2019-05-17T12:00:00+08:00,"-1 day, 20:00:00",3d28da3903bfd8912cb9f8b5687ab3d110c7076825b594d646ed9bae23e3ccba
2019-05-20,2019-05-20 00:00:00,2019-05-21 00:00:00,UNRESOLVED,NAS100_LABELLED_D1_BAR_START_DATE_ONLY,2019-05-20T00:00:00-04:00,2019-05-20T04:00:00Z,2019-05-20T12:00:00+08:00,"-1 day, 20:00:00",b383a5e8dd1b4a0faa0a7d46d6a03b9a97845eb34e17c11b02677f4bfe870b47
2019-05-21,2019-05-21 00:00:00,2019-05-22 00:00:00,UNRESOLVED,NAS100_LABELLED_D1_BAR_START_DATE_ONLY,2019-05-21T00:00:00-04:00,2019-05-21T04:00:00Z,2019-05-21T12:00:00+08:00,"-1 day, 20:00:00",80e6fe9dc07dda7e264b373fdc1a0c06b95776e67a94a008694cfb360c4b9805
2019-05-22,2019-05-22 00:00:00,2019-05-23 00:00:00,UNRESOLVED,NAS100_LABELLED_D1_BAR_START_DATE_ONLY,2019-05-22T00:00:00-04:00,2019-05-22T04:00:00Z,2019-05-22T12:00:00+08:00,"-1 day, 20:00:00",3d13937ccd8216abfce4715bde14e604f4f684d49d572faca2daaf1b0ea82248
2019-05-23,2019-05-23 00:00:00,2019-05-24 00:00:00,UNRESOLVED,NAS100_LABELLED_D1_BAR_START_DATE_ONLY,2019-05-23T00:00:00-04:00,2019-05-23T04:00:00Z,2019-05-23T12:00:00+08:00,"-1 day, 20:00:00",1210e32e01457d3bba3519e333318dbf8041c9d94bbbc1eef1fa2ad3e05e9bf8
2019-05-24,2019-05-24 00:00:00,2019-05-25 00:00:00,UNRESOLVED,NAS100_LABELLED_D1_BAR_START_DATE_ONLY,2019-05-24T00:00:00-04:00,2019-05-24T04:00:00Z,2019-05-24T12:00:00+08:00,"-1 day, 20:00:00",abdd1adf1b66e17252bebb8f25e29bc5452a4b08b058bd0dd836f58d0569acb9
2019-05-27,2019-05-27 00:00:00,2019-05-28 00:00:00,UNRESOLVED,NAS100_LABELLED_D1_BAR_START_DATE_ONLY,2019-05-27T00:00:00-04:00,2019-05-27T04:00:00Z,2019-05-27T12:00:00+08:00,"-1 day, 20:00:00",283cb92510b47616e44f7c49d11ad200a2d9ffda50912d5800af31155c87c5e8
2019-05-28,2019-05-28 00:00:00,2019-05-29 00:00:00,UNRESOLVED,NAS100_LABELLED_D1_BAR_START_DATE_ONLY,2019-05-28T00:00:00-04:00,2019-05-28T04:00:00Z,2019-05-28T12:00:00+08:00,"-1 day, 20:00:00",24db8e1b1e2a5c84e0f1465b5dc91184e0c1e68acbae6bd70b369018e3fbc698
2019-05-29,2019-05-29 00:00:00,2019-05-30 00:00:00,UNRESOLVED,NAS100_LABELLED_D1_BAR_START_DATE_ONLY,2019-05-29T00:00:00-04:00,2019-05-29T04:00:00Z,2019-05-29T12:00:00+08:00,"-1 day, 20:00:00",bb6d04bb79e5708d33a298cd5e64de9d0eff4744f3dade1e223b0e0da275f8df
2019-05-30,2019-05-30 00:00:00,2019-05-31 00:00:00,UNRESOLVED,NAS100_LABELLED_D1_BAR_START_DATE_ONLY,2019-05-30T00:00:00-04:00,2019-05-30T04:00:00Z,2019-05-30T12:00:00+08:00,"-1 day, 20:00:00",5221aa33863232f0b4662504d6495571d21db99dce2df2802b709bd1fa2d61b0
2019-05-31,2019-05-31 00:00:00,2019-06-01 00:00:00,UNRESOLVED,NAS100_LABELLED_D1_BAR_START_DATE_ONLY,2019-05-31T00:00:00-04:00,2019-05-31T04:00:00Z,2019-05-31T12:00:00+08:00,"-1 day, 20:00:00",780134a68af569150de3883acd44c7ce6b7cc0dc89997c1682b6cf3b86a0c75a
2019-06-03,2019-06-03 00:00:00,2019-06-04 00:00:00,UNRESOLVED,NAS100_LABELLED_D1_BAR_START_DATE_ONLY,2019-06-03T00:00:00-04:00,2019-06-03T04:00:00Z,2019-06-03T12:00:00+08:00,"-1 day, 20:00:00",2ff7932cc20460d51ddf9e58f9d66d9c3e4a4f2d89e9e0b3fdda752bf18d8420
2019-06-04,2019-06-04 00:00:00,2019-06-05 00:00:00,UNRESOLVED,NAS100_LABELLED_D1_BAR_START_DATE_ONLY,2019-06-04T00:00:00-04:00,2019-06-04T04:00:00Z,2019-06-04T12:00:00+08:00,"-1 day, 20:00:00",29fde069c78cbd7dd686aa3c0e4a81591440105291eb85935d73a7915d157f97
2019-06-05,2019-06-05 00:00:00,2019-06-06 00:00:00,UNRESOLVED,NAS100_LABELLED_D1_BAR_START_DATE_ONLY,2019-06-05T00:00:00-04:00,2019-06-05T04:00:00Z,2019-06-05T12:00:00+08:00,"-1 day, 20:00:00",3b85b2bafa60ae8a8c4499c47cd04cee5768e7d3280665ba40721837e0dbfb80
2019-06-06,2019-06-06 00:00:00,2019-06-07 00:00:00,UNRESOLVED,NAS100_LABELLED_D1_BAR_START_DATE_ONLY,2019-06-06T00:00:00-04:00,2019-06-06T04:00:00Z,2019-06-06T12:00:00+08:00,"-1 day, 20:00:00",15e63bda4bb30827e708b86d1a6d4ea44fe1ae8b197e2c805c6f1569e0033750
2019-06-07,2019-06-07 00:00:00,2019-06-08 00:00:00,UNRESOLVED,NAS100_LABELLED_D1_BAR_START_DATE_ONLY,2019-06-07T00:00:00-04:00,2019-06-07T04:00:00Z,2019-06-07T12:00:00+08:00,"-1 day, 20:00:00",eda2708f8fe0af058acaebf6a386593c7f73264985c89432b9f916caed2a8c79
2019-06-10,2019-06-10 00:00:00,2019-06-11 00:00:00,UNRESOLVED,NAS100_LABELLED_D1_BAR_START_DATE_ONLY,2019-06-10T00:00:00-04:00,2019-06-10T04:00:00Z,2019-06-10T12:00:00+08:00,"-1 day, 20:00:00",27378c87e623e62f70f7b774139808578a0c72717e9ec65a191ae2954ba855c3
2019-06-11,2019-06-11 00:00:00,2019-06-12 00:00:00,UNRESOLVED,NAS100_LABELLED_D1_BAR_START_DATE_ONLY,2019-06-11T00:00:00-04:00,2019-06-11T04:00:00Z,2019-06-11T12:00:00+08:00,"-1 day, 20:00:00",2ed18a52431de92448aadd2d153fe829b2531425f360362ed427c4b2de26751b
2019-06-12,2019-06-12 00:00:00,2019-06-13 00:00:00,UNRESOLVED,NAS100_LABELLED_D1_BAR_START_DATE_ONLY,2019-06-12T00:00:00-04:00,2019-06-12T04:00:00Z,2019-06-12T12:00:00+08:00,"-1 day, 20:00:00",570b92223e37dc5c07bb1aae0413f096ae6fa80a63402a2599d77544cc4f752b
2019-06-13,2019-06-13 00:00:00,2019-06-14 00:00:00,UNRESOLVED,NAS100_LABELLED_D1_BAR_START_DATE_ONLY,2019-06-13T00:00:00-04:00,2019-06-13T04:00:00Z,2019-06-13T12:00:00+08:00,"-1 day, 20:00:00",710d2bc209227a54171271c582a2ed5e29c34308f04a6543772c5835f68588ba
2019-06-14,2019-06-14 00:00:00,2019-06-15 00:00:00,UNRESOLVED,NAS100_LABELLED_D1_BAR_START_DATE_ONLY,2019-06-14T00:00:00-04:00,2019-06-14T04:00:00Z,2019-06-14T12:00:00+08:00,"-1 day, 20:00:00",63dd14a7bde9308730b6752bee0385399ec530c41a286be1bafe65b80a98705a
2019-06-17,2019-06-17 00:00:00,2019-06-18 00:00:00,UNRESOLVED,NAS100_LABELLED_D1_BAR_START_DATE_ONLY,2019-06-17T00:00:00-04:00,2019-06-17T04:00:00Z,2019-06-17T12:00:00+08:00,"-1 day, 20:00:00",dea414a3ee4d3e991ac3472445b5564c4d5a0d4115f160c243cede7c9d33020e
2019-06-18,2019-06-18 00:00:00,2019-06-19 00:00:00,UNRESOLVED,NAS100_LABELLED_D1_BAR_START_DATE_ONLY,2019-06-18T00:00:00-04:00,2019-06-18T04:00:00Z,2019-06-18T12:00:00+08:00,"-1 day, 20:00:00",b52165a50479e88db04e4b392f7bf6ead3249df3801cae0d00d5d3935feb8232
2019-06-19,2019-06-19 00:00:00,2019-06-20 00:00:00,UNRESOLVED,NAS100_LABELLED_D1_BAR_START_DATE_ONLY,2019-06-19T00:00:00-04:00,2019-06-19T04:00:00Z,2019-06-19T12:00:00+08:00,"-1 day, 20:00:00",dc997c278a960ef3835ed587a118876b01e13fa82e60f9ea241328dba7d4d926
2019-06-20,2019-06-20 00:00:00,2019-06-21 00:00:00,UNRESOLVED,NAS100_LABELLED_D1_BAR_START_DATE_ONLY,2019-06-20T00:00:00-04:00,2019-06-20T04:00:00Z,2019-06-20T12:00:00+08:00,"-1 day, 20:00:00",92ccb33a19d21c1b5bdd1522154f5bd98be4691a96d5be6f925f4a532dad8cc0
2019-06-21,2019-06-21 00:00:00,2019-06-22 00:00:00,UNRESOLVED,NAS100_LABELLED_D1_BAR_START_DATE_ONLY,2019-06-21T00:00:00-04:00,2019-06-21T04:00:00Z,2019-06-21T12:00:00+08:00,"-1 day, 20:00:00",bc281286e48e53c9c8afabc8272321a6ac8f3bed63a39a2d0e80f62f705c4a3d
2019-06-24,2019-06-24 00:00:00,2019-06-25 00:00:00,UNRESOLVED,NAS100_LABELLED_D1_BAR_START_DATE_ONLY,2019-06-24T00:00:00-04:00,2019-06-24T04:00:00Z,2019-06-24T12:00:00+08:00,"-1 day, 20:00:00",122e50c53c79e6541331c844d7de83d5e6411e34e3f457078d9809424b071816
2019-06-25,2019-06-25 00:00:00,2019-06-26 00:00:00,UNRESOLVED,NAS100_LABELLED_D1_BAR_START_DATE_ONLY,2019-06-25T00:00:00-04:00,2019-06-25T04:00:00Z,2019-06-25T12:00:00+08:00,"-1 day, 20:00:00",e0363355a882568a12a52617c798f2b731f9f19978c9dc269c26a4b4a10b9e7f
2019-06-26,2019-06-26 00:00:00,2019-06-27 00:00:00,UNRESOLVED,NAS100_LABELLED_D1_BAR_START_DATE_ONLY,2019-06-26T00:00:00-04:00,2019-06-26T04:00:00Z,2019-06-26T12:00:00+08:00,"-1 day, 20:00:00",8d5865d5c3173b9ad46668346632066e8a2039ab6b57f4f038f7e47d77ce2fb1
2019-06-27,2019-06-27 00:00:00,2019-06-28 00:00:00,UNRESOLVED,NAS100_LABELLED_D1_BAR_START_DATE_ONLY,2019-06-27T00:00:00-04:00,2019-06-27T04:00:00Z,2019-06-27T12:00:00+08:00,"-1 day, 20:00:00",a5c448c1ded09f9b59f9f6c6cdf9f17fa3898fd9e377ca307a13b643c1a46a35
2019-06-28,2019-06-28 00:00:00,2019-06-29 00:00:00,UNRESOLVED,NAS100_LABELLED_D1_BAR_START_DATE_ONLY,2019-06-28T00:00:00-04:00,2019-06-28T04:00:00Z,2019-06-28T12:00:00+08:00,"-1 day, 20:00:00",9bef701319908b39ddcba86e73332a7c5fba3e867eb8a67701c1e22a15df1ccf
2019-07-01,2019-07-01 00:00:00,2019-07-02 00:00:00,UNRESOLVED,NAS100_LABELLED_D1_BAR_START_DATE_ONLY,2019-07-01T00:00:00-04:00,2019-07-01T04:00:00Z,2019-07-01T12:00:00+08:00,"-1 day, 20:00:00",9e0d0ce1f65608420e43c610f29c9ec9bd3311a1647dfbf73c02779c60e0d71a
2019-07-02,2019-07-02 00:00:00,2019-07-03 00:00:00,UNRESOLVED,NAS100_LABELLED_D1_BAR_START_DATE_ONLY,2019-07-02T00:00:00-04:00,2019-07-02T04:00:00Z,2019-07-02T12:00:00+08:00,"-1 day, 20:00:00",c24988789b5333a78e3373c4e348fb59ec9700651bb6c3ebc594eb6e8da2ebe2
2019-07-03,2019-07-03 00:00:00,2019-07-04 00:00:00,UNRESOLVED,NAS100_LABELLED_D1_BAR_START_DATE_ONLY,2019-07-03T00:00:00-04:00,2019-07-03T04:00:00Z,2019-07-03T12:00:00+08:00,"-1 day, 20:00:00",64117c38c6d6478bbd7ce372c23e4976919269e705eece7d700d8690161212c2
2019-07-04,2019-07-04 00:00:00,2019-07-05 00:00:00,UNRESOLVED,NAS100_LABELLED_D1_BAR_START_DATE_ONLY,2019-07-04T00:00:00-04:00,2019-07-04T04:00:00Z,2019-07-04T12:00:00+08:00,"-1 day, 20:00:00",8e86e63cf1753e7da5214368f160e87006c1bbdc0af5b868d1975ed6068c5def
2019-07-05,2019-07-05 00:00:00,2019-07-06 00:00:00,UNRESOLVED,NAS100_LABELLED_D1_BAR_START_DATE_ONLY,2019-07-05T00:00:00-04:00,2019-07-05T04:00:00Z,2019-07-05T12:00:00+08:00,"-1 day, 20:00:00",7754e6aa91754b89412fdb722a462debc586fd87e32f21d192ce6ddfcbd0b865
2019-07-08,2019-07-08 00:00:00,2019-07-09 00:00:00,UNRESOLVED,NAS100_LABELLED_D1_BAR_START_DATE_ONLY,2019-07-08T00:00:00-04:00,2019-07-08T04:00:00Z,2019-07-08T12:00:00+08:00,"-1 day, 20:00:00",ee766cc5f4e4b82871ac106787302672203e9a9e332df025f7c479f08521d957
2019-07-09,2019-07-09 00:00:00,2019-07-10 00:00:00,UNRESOLVED,NAS100_LABELLED_D1_BAR_START_DATE_ONLY,2019-07-09T00:00:00-04:00,2019-07-09T04:00:00Z,2019-07-09T12:00:00+08:00,"-1 day, 20:00:00",3b1688437659644406ce6290f2e7c4960f984957f46fbada3bf5d4a2145f5a9a
2019-07-10,2019-07-10 00:00:00,2019-07-11 00:00:00,UNRESOLVED,NAS100_LABELLED_D1_BAR_START_DATE_ONLY,2019-07-10T00:00:00-04:00,2019-07-10T04:00:00Z,2019-07-10T12:00:00+08:00,"-1 day, 20:00:00",a8acd30c3cd2eb97e2c09fcf0de633c0b189425976ccdb1823ed3234036f9a8d
2019-07-11,2019-07-11 00:00:00,2019-07-12 00:00:00,UNRESOLVED,NAS100_LABELLED_D1_BAR_START_DATE_ONLY,2019-07-11T00:00:00-04:00,2019-07-11T04:00:00Z,2019-07-11T12:00:00+08:00,"-1 day, 20:00:00",29c9ed6e8c31e12a4c6e62b4677a3c15ee4694598510ce8888156c5f76b6823f
2019-07-12,2019-07-12 00:00:00,2019-07-13 00:00:00,UNRESOLVED,NAS100_LABELLED_D1_BAR_START_DATE_ONLY,2019-07-12T00:00:00-04:00,2019-07-12T04:00:00Z,2019-07-12T12:00:00+08:00,"-1 day, 20:00:00",85c2d8e90d119c3e4063c0da920eebf33e686faa200667c558392dc668093fe3
2019-07-15,2019-07-15 00:00:00,2019-07-16 00:00:00,UNRESOLVED,NAS100_LABELLED_D1_BAR_START_DATE_ONLY,2019-07-15T00:00:00-04:00,2019-07-15T04:00:00Z,2019-07-15T12:00:00+08:00,"-1 day, 20:00:00",3daedbf8f8467b62e59f46417af83e3c0949ac238b34668e6b8f610a3b8dd40a
2019-07-16,2019-07-16 00:00:00,2019-07-17 00:00:00,UNRESOLVED,NAS100_LABELLED_D1_BAR_START_DATE_ONLY,2019-07-16T00:00:00-04:00,2019-07-16T04:00:00Z,2019-07-16T12:00:00+08:00,"-1 day, 20:00:00",53f1027e6ca679f69706675c3ec1e42276cd222cc9b3cf9f17bce451d0563060
2019-07-17,2019-07-17 00:00:00,2019-07-18 00:00:00,UNRESOLVED,NAS100_LABELLED_D1_BAR_START_DATE_ONLY,2019-07-17T00:00:00-04:00,2019-07-17T04:00:00Z,2019-07-17T12:00:00+08:00,"-1 day, 20:00:00",5fd96fc1275dfbb659a670ba9ac93da2e94c86ad874f70bcd88447c48541e494
2019-07-18,2019-07-18 00:00:00,2019-07-19 00:00:00,UNRESOLVED,NAS100_LABELLED_D1_BAR_START_DATE_ONLY,2019-07-18T00:00:00-04:00,2019-07-18T04:00:00Z,2019-07-18T12:00:00+08:00,"-1 day, 20:00:00",b2e75abc5850e3ad60344550187c88b4bd7a59ff8d2b8ee3d989dda7dd92fffd
2019-07-19,2019-07-19 00:00:00,2019-07-20 00:00:00,UNRESOLVED,NAS100_LABELLED_D1_BAR_START_DATE_ONLY,2019-07-19T00:00:00-04:00,2019-07-19T04:00:00Z,2019-07-19T12:00:00+08:00,"-1 day, 20:00:00",bb84fc3bc3df3e34e3ee6e828ef055ddbeef4e905cd8e67f8631452b93cbd53e
2019-07-22,2019-07-22 00:00:00,2019-07-23 00:00:00,UNRESOLVED,NAS100_LABELLED_D1_BAR_START_DATE_ONLY,2019-07-22T00:00:00-04:00,2019-07-22T04:00:00Z,2019-07-22T12:00:00+08:00,"-1 day, 20:00:00",e25fbff885ec39ac22ce340e3a55702ceb36730a7dce302789f820e47149f562
2019-07-23,2019-07-23 00:00:00,2019-07-24 00:00:00,UNRESOLVED,NAS100_LABELLED_D1_BAR_START_DATE_ONLY,2019-07-23T00:00:00-04:00,2019-07-23T04:00:00Z,2019-07-23T12:00:00+08:00,"-1 day, 20:00:00",ddd570bb6177062395378668071cabdcc1c8e437fcdcf72aa23f37374141c13e
2019-07-24,2019-07-24 00:00:00,2019-07-25 00:00:00,UNRESOLVED,NAS100_LABELLED_D1_BAR_START_DATE_ONLY,2019-07-24T00:00:00-04:00,2019-07-24T04:00:00Z,2019-07-24T12:00:00+08:00,"-1 day, 20:00:00",d9b25fe91d7aab1ecd142061d286a142182d72c5e6b76e75937c4af3e4652f40
2019-07-25,2019-07-25 00:00:00,2019-07-26 00:00:00,UNRESOLVED,NAS100_LABELLED_D1_BAR_START_DATE_ONLY,2019-07-25T00:00:00-04:00,2019-07-25T04:00:00Z,2019-07-25T12:00:00+08:00,"-1 day, 20:00:00",366ed83af13066f9ede1b830a029b75d596feb9965e3fd05db0a2096905e1029
2019-07-26,2019-07-26 00:00:00,2019-07-27 00:00:00,UNRESOLVED,NAS100_LABELLED_D1_BAR_START_DATE_ONLY,2019-07-26T00:00:00-04:00,2019-07-26T04:00:00Z,2019-07-26T12:00:00+08:00,"-1 day, 20:00:00",4162d596c6c997b170cfa3909b973aa4cd29e3022c64a1caaa4b8421a10b09b4
2019-07-29,2019-07-29 00:00:00,2019-07-30 00:00:00,UNRESOLVED,NAS100_LABELLED_D1_BAR_START_DATE_ONLY,2019-07-29T00:00:00-04:00,2019-07-29T04:00:00Z,2019-07-29T12:00:00+08:00,"-1 day, 20:00:00",05bc1c954e6c3eabd0d6412fc6429757b7c49a2a7bbf18cb4dea2f47659bdf0d
2019-07-30,2019-07-30 00:00:00,2019-07-31 00:00:00,UNRESOLVED,NAS100_LABELLED_D1_BAR_START_DATE_ONLY,2019-07-30T00:00:00-04:00,2019-07-30T04:00:00Z,2019-07-30T12:00:00+08:00,"-1 day, 20:00:00",08ae899e6e4dc1f7054cd476ef147d7027932d93dae3969b08e1b16896e5d5e9
2019-07-31,2019-07-31 00:00:00,2019-08-01 00:00:00,UNRESOLVED,NAS100_LABELLED_D1_BAR_START_DATE_ONLY,2019-07-31T00:00:00-04:00,2019-07-31T04:00:00Z,2019-07-31T12:00:00+08:00,"-1 day, 20:00:00",831dc031666b9f5674bd2fe9e35388589eb45f90cf78cf9004b3589b98d1e5e2
2019-08-01,2019-08-01 00:00:00,2019-08-02 00:00:00,UNRESOLVED,NAS100_LABELLED_D1_BAR_START_DATE_ONLY,2019-08-01T00:00:00-04:00,2019-08-01T04:00:00Z,2019-08-01T12:00:00+08:00,"-1 day, 20:00:00",301481fc8404cebd1e198144b08fb8ae704692f56f7c5d1f13ceaebf7ee6db8d
2019-08-02,2019-08-02 00:00:00,2019-08-03 00:00:00,UNRESOLVED,NAS100_LABELLED_D1_BAR_START_DATE_ONLY,2019-08-02T00:00:00-04:00,2019-08-02T04:00:00Z,2019-08-02T12:00:00+08:00,"-1 day, 20:00:00",d2af6dbc80fc22fc448a5cb0b8c5454e23a624c04749582ba3940c68e197b2d1
2019-08-05,2019-08-05 00:00:00,2019-08-06 00:00:00,UNRESOLVED,NAS100_LABELLED_D1_BAR_START_DATE_ONLY,2019-08-05T00:00:00-04:00,2019-08-05T04:00:00Z,2019-08-05T12:00:00+08:00,"-1 day, 20:00:00",b37b9e1edbbbba0b9bda54cfb452e2fea7caa055e4619740aeaf82860f24a11d
2019-08-06,2019-08-06 00:00:00,2019-08-07 00:00:00,UNRESOLVED,NAS100_LABELLED_D1_BAR_START_DATE_ONLY,2019-08-06T00:00:00-04:00,2019-08-06T04:00:00Z,2019-08-06T12:00:00+08:00,"-1 day, 20:00:00",39fec5e719bfeaced10de8a36a56ef86425efc9f4404939a6424afcf1662e593
2019-08-07,2019-08-07 00:00:00,2019-08-08 00:00:00,UNRESOLVED,NAS100_LABELLED_D1_BAR_START_DATE_ONLY,2019-08-07T00:00:00-04:00,2019-08-07T04:00:00Z,2019-08-07T12:00:00+08:00,"-1 day, 20:00:00",b1abfe1c3170e82f3dc6c2e015730fe85fcd4df3b5e15ef61da9c39afd6913a5
2019-08-08,2019-08-08 00:00:00,2019-08-09 00:00:00,UNRESOLVED,NAS100_LABELLED_D1_BAR_START_DATE_ONLY,2019-08-08T00:00:00-04:00,2019-08-08T04:00:00Z,2019-08-08T12:00:00+08:00,"-1 day, 20:00:00",4cc4ba38dfca6d131bd6db44ff307f632b43c632ac248c21c5c450c159ebac71
2019-08-09,2019-08-09 00:00:00,2019-08-10 00:00:00,UNRESOLVED,NAS100_LABELLED_D1_BAR_START_DATE_ONLY,2019-08-09T00:00:00-04:00,2019-08-09T04:00:00Z,2019-08-09T12:00:00+08:00,"-1 day, 20:00:00",87991bcc35e99b1815c596df48d6822db4f9036482617a308aa56d3a4347c3c4
2019-08-12,2019-08-12 00:00:00,2019-08-13 00:00:00,UNRESOLVED,NAS100_LABELLED_D1_BAR_START_DATE_ONLY,2019-08-12T00:00:00-04:00,2019-08-12T04:00:00Z,2019-08-12T12:00:00+08:00,"-1 day, 20:00:00",3ef881557d8d5d73b395921010a6a642ff9adef2bb98e588113cb83657923db4
2019-08-13,2019-08-13 00:00:00,2019-08-14 00:00:00,UNRESOLVED,NAS100_LABELLED_D1_BAR_START_DATE_ONLY,2019-08-13T00:00:00-04:00,2019-08-13T04:00:00Z,2019-08-13T12:00:00+08:00,"-1 day, 20:00:00",0522fe3466955ae6c5530e84b91669d2e71dcc8e6ee804e9999c990b20e7f9c6
2019-08-14,2019-08-14 00:00:00,2019-08-15 00:00:00,UNRESOLVED,NAS100_LABELLED_D1_BAR_START_DATE_ONLY,2019-08-14T00:00:00-04:00,2019-08-14T04:00:00Z,2019-08-14T12:00:00+08:00,"-1 day, 20:00:00",fe4fbc88dc86eb3e586244b9f4d58484c54e527b0205ba9a5620ff8754b6804f
2019-08-15,2019-08-15 00:00:00,2019-08-16 00:00:00,UNRESOLVED,NAS100_LABELLED_D1_BAR_START_DATE_ONLY,2019-08-15T00:00:00-04:00,2019-08-15T04:00:00Z,2019-08-15T12:00:00+08:00,"-1 day, 20:00:00",6336c979979e58a9e1bd1c9c59b95b0bc07cb9f5b5e957091f19841c5b5bbc07
2019-08-16,2019-08-16 00:00:00,2019-08-17 00:00:00,UNRESOLVED,NAS100_LABELLED_D1_BAR_START_DATE_ONLY,2019-08-16T00:00:00-04:00,2019-08-16T04:00:00Z,2019-08-16T12:00:00+08:00,"-1 day, 20:00:00",6f38b3633fbd0a850ff8a9b20a33b587a1be400522a33c7940b2f344b37102b9
2019-08-19,2019-08-19 00:00:00,2019-08-20 00:00:00,UNRESOLVED,NAS100_LABELLED_D1_BAR_START_DATE_ONLY,2019-08-19T00:00:00-04:00,2019-08-19T04:00:00Z,2019-08-19T12:00:00+08:00,"-1 day, 20:00:00",016623ef828d594fc4f94bf62f1a217ea0d4c77bd8066c7d79e0fcd00124f7ee
2019-08-20,2019-08-20 00:00:00,2019-08-21 00:00:00,UNRESOLVED,NAS100_LABELLED_D1_BAR_START_DATE_ONLY,2019-08-20T00:00:00-04:00,2019-08-20T04:00:00Z,2019-08-20T12:00:00+08:00,"-1 day, 20:00:00",cbf54cb6e7907fbd8866c62634749554cb0fa18a1f8e1a6e55e0ba6611ed5f4c
2019-08-21,2019-08-21 00:00:00,2019-08-22 00:00:00,UNRESOLVED,NAS100_LABELLED_D1_BAR_START_DATE_ONLY,2019-08-21T00:00:00-04:00,2019-08-21T04:00:00Z,2019-08-21T12:00:00+08:00,"-1 day, 20:00:00",6e87fb12dc917ac0bc935a08aa49e34bfaca4f425dc76f2b33737b3a37fe4243
2019-08-22,2019-08-22 00:00:00,2019-08-23 00:00:00,UNRESOLVED,NAS100_LABELLED_D1_BAR_START_DATE_ONLY,2019-08-22T00:00:00-04:00,2019-08-22T04:00:00Z,2019-08-22T12:00:00+08:00,"-1 day, 20:00:00",8facd3dee2f93dbabe0d53e7f96942d343cf94cafd191567e064b56f4944c248
2019-08-23,2019-08-23 00:00:00,2019-08-24 00:00:00,UNRESOLVED,NAS100_LABELLED_D1_BAR_START_DATE_ONLY,2019-08-23T00:00:00-04:00,2019-08-23T04:00:00Z,2019-08-23T12:00:00+08:00,"-1 day, 20:00:00",6d1615d963d56f639ce9c0987570b4c3b150df4561451cb6f67aad418aec6474
2019-08-26,2019-08-26 00:00:00,2019-08-27 00:00:00,UNRESOLVED,NAS100_LABELLED_D1_BAR_START_DATE_ONLY,2019-08-26T00:00:00-04:00,2019-08-26T04:00:00Z,2019-08-26T12:00:00+08:00,"-1 day, 20:00:00",5d81566179dfabbabed527e1a6dd75997d3073743d0dcd833623c192f0e500ca
2019-08-27,2019-08-27 00:00:00,2019-08-28 00:00:00,UNRESOLVED,NAS100_LABELLED_D1_BAR_START_DATE_ONLY,2019-08-27T00:00:00-04:00,2019-08-27T04:00:00Z,2019-08-27T12:00:00+08:00,"-1 day, 20:00:00",a60c1a6a8752a2ddb4090baaf08fc33e8317e6abf3cfbeba73ed0142dfa15cc7
2019-08-28,2019-08-28 00:00:00,2019-08-29 00:00:00,UNRESOLVED,NAS100_LABELLED_D1_BAR_START_DATE_ONLY,2019-08-28T00:00:00-04:00,2019-08-28T04:00:00Z,2019-08-28T12:00:00+08:00,"-1 day, 20:00:00",56f0be4d3b1c2e14515eb63b5735852f8aab0bf5b16e65cb2b6314c4b8b1da56
2019-08-29,2019-08-29 00:00:00,2019-08-30 00:00:00,UNRESOLVED,NAS100_LABELLED_D1_BAR_START_DATE_ONLY,2019-08-29T00:00:00-04:00,2019-08-29T04:00:00Z,2019-08-29T12:00:00+08:00,"-1 day, 20:00:00",3a6fb7542c3edca2f8afc11eac67e975ffc88f399d1d2337bfa297d8abe54a36
2019-08-30,2019-08-30 00:00:00,2019-08-31 00:00:00,UNRESOLVED,NAS100_LABELLED_D1_BAR_START_DATE_ONLY,2019-08-30T00:00:00-04:00,2019-08-30T04:00:00Z,2019-08-30T12:00:00+08:00,"-1 day, 20:00:00",a2e1bdbf6bd8bc83ec902f96a1d3c18ff640e1e6cc6e60f0a7870550fc7a3c57
2019-09-02,2019-09-02 00:00:00,2019-09-03 00:00:00,UNRESOLVED,NAS100_LABELLED_D1_BAR_START_DATE_ONLY,2019-09-02T00:00:00-04:00,2019-09-02T04:00:00Z,2019-09-02T12:00:00+08:00,"-1 day, 20:00:00",0843bfc92d07085e5b8029205fc80aa607528197a9aa8be22aedeefd4fab0bdd
2019-09-03,2019-09-03 00:00:00,2019-09-04 00:00:00,UNRESOLVED,NAS100_LABELLED_D1_BAR_START_DATE_ONLY,2019-09-03T00:00:00-04:00,2019-09-03T04:00:00Z,2019-09-03T12:00:00+08:00,"-1 day, 20:00:00",8636646d146be5aac999ccd1b0d25392c4fdb91690c51e2acecdac20829be516
2019-09-04,2019-09-04 00:00:00,2019-09-05 00:00:00,UNRESOLVED,NAS100_LABELLED_D1_BAR_START_DATE_ONLY,2019-09-04T00:00:00-04:00,2019-09-04T04:00:00Z,2019-09-04T12:00:00+08:00,"-1 day, 20:00:00",635bebc392eda4f11c794e0c80b0db5ee6530e1ed513653f9b8d63a58a5df5af
2019-09-05,2019-09-05 00:00:00,2019-09-06 00:00:00,UNRESOLVED,NAS100_LABELLED_D1_BAR_START_DATE_ONLY,2019-09-05T00:00:00-04:00,2019-09-05T04:00:00Z,2019-09-05T12:00:00+08:00,"-1 day, 20:00:00",85d86f17febb6e5edb42e7b804db9441e88e9b41f3f9f678d7ee083c7845c7d2
2019-09-06,2019-09-06 00:00:00,2019-09-07 00:00:00,UNRESOLVED,NAS100_LABELLED_D1_BAR_START_DATE_ONLY,2019-09-06T00:00:00-04:00,2019-09-06T04:00:00Z,2019-09-06T12:00:00+08:00,"-1 day, 20:00:00",56e6d398bf3fe3ddc0cd48de3683157a792f16dda197d37635b1aa7bf47dd1f3
2019-09-09,2019-09-09 00:00:00,2019-09-10 00:00:00,UNRESOLVED,NAS100_LABELLED_D1_BAR_START_DATE_ONLY,2019-09-09T00:00:00-04:00,2019-09-09T04:00:00Z,2019-09-09T12:00:00+08:00,"-1 day, 20:00:00",acf834907dffe94fa530f99ae6c1f12cfdbfc4ac5c8ac797bc84d532a7f18394
2019-09-10,2019-09-10 00:00:00,2019-09-11 00:00:00,UNRESOLVED,NAS100_LABELLED_D1_BAR_START_DATE_ONLY,2019-09-10T00:00:00-04:00,2019-09-10T04:00:00Z,2019-09-10T12:00:00+08:00,"-1 day, 20:00:00",e835f5a71f9e77b1cf2845be03557272c893f3c4eb7e4e222a335219537631d0
2019-09-11,2019-09-11 00:00:00,2019-09-12 00:00:00,UNRESOLVED,NAS100_LABELLED_D1_BAR_START_DATE_ONLY,2019-09-11T00:00:00-04:00,2019-09-11T04:00:00Z,2019-09-11T12:00:00+08:00,"-1 day, 20:00:00",a18e16b8f2ade69d2cf200da09bb65330891b9c65d2ec8b962e2d3614606f46a
2019-09-12,2019-09-12 00:00:00,2019-09-13 00:00:00,UNRESOLVED,NAS100_LABELLED_D1_BAR_START_DATE_ONLY,2019-09-12T00:00:00-04:00,2019-09-12T04:00:00Z,2019-09-12T12:00:00+08:00,"-1 day, 20:00:00",c239d7637ee0d43ea3c6d1b516f603429e14a44518151cd2765252f9f23f2bb3
2019-09-13,2019-09-13 00:00:00,2019-09-14 00:00:00,UNRESOLVED,NAS100_LABELLED_D1_BAR_START_DATE_ONLY,2019-09-13T00:00:00-04:00,2019-09-13T04:00:00Z,2019-09-13T12:00:00+08:00,"-1 day, 20:00:00",8e1296c34e1d4490f4dbf6a784e1ea1b36f8f027e8d7cc02ccc9f361b4d7b944
2019-09-16,2019-09-16 00:00:00,2019-09-17 00:00:00,UNRESOLVED,NAS100_LABELLED_D1_BAR_START_DATE_ONLY,2019-09-16T00:00:00-04:00,2019-09-16T04:00:00Z,2019-09-16T12:00:00+08:00,"-1 day, 20:00:00",9767d7777c2e3b5a4fc24d84f9aa2d999ff09329c995d5282d0a725a46c212d3
2019-09-17,2019-09-17 00:00:00,2019-09-18 00:00:00,UNRESOLVED,NAS100_LABELLED_D1_BAR_START_DATE_ONLY,2019-09-17T00:00:00-04:00,2019-09-17T04:00:00Z,2019-09-17T12:00:00+08:00,"-1 day, 20:00:00",a1d3a00bc250c1525a68cfb1b840d60ce12c7726fac7142c384ddf98db5836f0
2019-09-18,2019-09-18 00:00:00,2019-09-19 00:00:00,UNRESOLVED,NAS100_LABELLED_D1_BAR_START_DATE_ONLY,2019-09-18T00:00:00-04:00,2019-09-18T04:00:00Z,2019-09-18T12:00:00+08:00,"-1 day, 20:00:00",cf37baa4163f3939b28c10a56fcd3cdc0a35c5fe953ec3f4aa886d300cba5456
2019-09-19,2019-09-19 00:00:00,2019-09-20 00:00:00,UNRESOLVED,NAS100_LABELLED_D1_BAR_START_DATE_ONLY,2019-09-19T00:00:00-04:00,2019-09-19T04:00:00Z,2019-09-19T12:00:00+08:00,"-1 day, 20:00:00",1a037cf206d84a6faf954c76065a1a4541794d4d5211d8052c583144641b76d1
2019-09-20,2019-09-20 00:00:00,2019-09-21 00:00:00,UNRESOLVED,NAS100_LABELLED_D1_BAR_START_DATE_ONLY,2019-09-20T00:00:00-04:00,2019-09-20T04:00:00Z,2019-09-20T12:00:00+08:00,"-1 day, 20:00:00",a032b03373004c2585e9b5df738482582972ad09e9cc88c97c651b71af07f0a9
2019-09-23,2019-09-23 00:00:00,2019-09-24 00:00:00,UNRESOLVED,NAS100_LABELLED_D1_BAR_START_DATE_ONLY,2019-09-23T00:00:00-04:00,2019-09-23T04:00:00Z,2019-09-23T12:00:00+08:00,"-1 day, 20:00:00",8595d02c1a450e1d70932ba185db54b66e9ecddfff5b38104b55e050534e5867
2019-09-24,2019-09-24 00:00:00,2019-09-25 00:00:00,UNRESOLVED,NAS100_LABELLED_D1_BAR_START_DATE_ONLY,2019-09-24T00:00:00-04:00,2019-09-24T04:00:00Z,2019-09-24T12:00:00+08:00,"-1 day, 20:00:00",e9059d1f850070b51edc6e6eef45d11647c7fecce92647267aa6f9832a23dc01
2019-09-25,2019-09-25 00:00:00,2019-09-26 00:00:00,UNRESOLVED,NAS100_LABELLED_D1_BAR_START_DATE_ONLY,2019-09-25T00:00:00-04:00,2019-09-25T04:00:00Z,2019-09-25T12:00:00+08:00,"-1 day, 20:00:00",0d5676d75b39e35ad5e104523599d6bfef3a8c9187eaea5492dfd0e5f72eac71
2019-09-26,2019-09-26 00:00:00,2019-09-27 00:00:00,UNRESOLVED,NAS100_LABELLED_D1_BAR_START_DATE_ONLY,2019-09-26T00:00:00-04:00,2019-09-26T04:00:00Z,2019-09-26T12:00:00+08:00,"-1 day, 20:00:00",829d6d3e29370fa1fdb8f15beb0a8580147d06d88a395f063b0b9d1e117ccae4
2019-09-27,2019-09-27 00:00:00,2019-09-28 00:00:00,UNRESOLVED,NAS100_LABELLED_D1_BAR_START_DATE_ONLY,2019-09-27T00:00:00-04:00,2019-09-27T04:00:00Z,2019-09-27T12:00:00+08:00,"-1 day, 20:00:00",1f4b5918b6bac44fdc61ddfa8c24ec2e0f1d34244cfbc7ae3ddb3acd75f77502
2019-09-30,2019-09-30 00:00:00,2019-10-01 00:00:00,UNRESOLVED,NAS100_LABELLED_D1_BAR_START_DATE_ONLY,2019-09-30T00:00:00-04:00,2019-09-30T04:00:00Z,2019-09-30T12:00:00+08:00,"-1 day, 20:00:00",cc4564333e7250b0aad409c52143d1b6fea6bfcec16bcaacf473488eb0af4723
2019-10-01,2019-10-01 00:00:00,2019-10-02 00:00:00,UNRESOLVED,NAS100_LABELLED_D1_BAR_START_DATE_ONLY,2019-10-01T00:00:00-04:00,2019-10-01T04:00:00Z,2019-10-01T12:00:00+08:00,"-1 day, 20:00:00",095958509da4bdc1c2f68a87bf2d1b006184ac624f4b2a6a80a80266cab792ce
2019-10-02,2019-10-02 00:00:00,2019-10-03 00:00:00,UNRESOLVED,NAS100_LABELLED_D1_BAR_START_DATE_ONLY,2019-10-02T00:00:00-04:00,2019-10-02T04:00:00Z,2019-10-02T12:00:00+08:00,"-1 day, 20:00:00",6226618465800bd0f08bd72be2ec627c3027b4bbcec6776ee85d10e2ab41ac22
2019-10-03,2019-10-03 00:00:00,2019-10-04 00:00:00,UNRESOLVED,NAS100_LABELLED_D1_BAR_START_DATE_ONLY,2019-10-03T00:00:00-04:00,2019-10-03T04:00:00Z,2019-10-03T12:00:00+08:00,"-1 day, 20:00:00",c0ec4103592da858ed627ff4c9f88269b98436262fd0f3d474797e2eb9b6a7ac
2019-10-04,2019-10-04 00:00:00,2019-10-05 00:00:00,UNRESOLVED,NAS100_LABELLED_D1_BAR_START_DATE_ONLY,2019-10-04T00:00:00-04:00,2019-10-04T04:00:00Z,2019-10-04T12:00:00+08:00,"-1 day, 20:00:00",25082dd1eb41d378b19f24136ad280aa15d86ffd306d97c05a58b0a6176f7a1c
2019-10-07,2019-10-07 00:00:00,2019-10-08 00:00:00,UNRESOLVED,NAS100_LABELLED_D1_BAR_START_DATE_ONLY,2019-10-07T00:00:00-04:00,2019-10-07T04:00:00Z,2019-10-07T12:00:00+08:00,"-1 day, 20:00:00",3df4a041f9b80a2ebffebc09862f6ef940827edcaa24b86ff0b4c1bcd6bab24a
2019-10-08,2019-10-08 00:00:00,2019-10-09 00:00:00,UNRESOLVED,NAS100_LABELLED_D1_BAR_START_DATE_ONLY,2019-10-08T00:00:00-04:00,2019-10-08T04:00:00Z,2019-10-08T12:00:00+08:00,"-1 day, 20:00:00",43477bcd5ebd94125b937c4081010acb0af66407b666ab1134c41a209eee6261
2019-10-09,2019-10-09 00:00:00,2019-10-10 00:00:00,UNRESOLVED,NAS100_LABELLED_D1_BAR_START_DATE_ONLY,2019-10-09T00:00:00-04:00,2019-10-09T04:00:00Z,2019-10-09T12:00:00+08:00,"-1 day, 20:00:00",56191970873db32e9a18118065a1b0f64dd3449ef0fc8b8b77252ce23846cbcf
2019-10-10,2019-10-10 00:00:00,2019-10-11 00:00:00,UNRESOLVED,NAS100_LABELLED_D1_BAR_START_DATE_ONLY,2019-10-10T00:00:00-04:00,2019-10-10T04:00:00Z,2019-10-10T12:00:00+08:00,"-1 day, 20:00:00",66c6c4c03fcb1b1cc04084d8901ebff4701204795df2f2a791d605980c140a2a
2019-10-11,2019-10-11 00:00:00,2019-10-12 00:00:00,UNRESOLVED,NAS100_LABELLED_D1_BAR_START_DATE_ONLY,2019-10-11T00:00:00-04:00,2019-10-11T04:00:00Z,2019-10-11T12:00:00+08:00,"-1 day, 20:00:00",c4838002fba0ca93e219d17932a0659e04620a680b53c3ca8219c207b6747de7
2019-10-14,2019-10-14 00:00:00,2019-10-15 00:00:00,UNRESOLVED,NAS100_LABELLED_D1_BAR_START_DATE_ONLY,2019-10-14T00:00:00-04:00,2019-10-14T04:00:00Z,2019-10-14T12:00:00+08:00,"-1 day, 20:00:00",a69aedb080c969b7137379887c088c03edb50d0e94b46bddb959395fe6f753b1
2019-10-15,2019-10-15 00:00:00,2019-10-16 00:00:00,UNRESOLVED,NAS100_LABELLED_D1_BAR_START_DATE_ONLY,2019-10-15T00:00:00-04:00,2019-10-15T04:00:00Z,2019-10-15T12:00:00+08:00,"-1 day, 20:00:00",4b4b7f69e83820f9ad409e739869fc98fd74b770b52cca9a47f3f40deebcba54
2019-10-16,2019-10-16 00:00:00,2019-10-17 00:00:00,UNRESOLVED,NAS100_LABELLED_D1_BAR_START_DATE_ONLY,2019-10-16T00:00:00-04:00,2019-10-16T04:00:00Z,2019-10-16T12:00:00+08:00,"-1 day, 20:00:00",8183553a4555780536905366f892190eb204730bff9920f8de17870093ece1dc
2019-10-17,2019-10-17 00:00:00,2019-10-18 00:00:00,UNRESOLVED,NAS100_LABELLED_D1_BAR_START_DATE_ONLY,2019-10-17T00:00:00-04:00,2019-10-17T04:00:00Z,2019-10-17T12:00:00+08:00,"-1 day, 20:00:00",7ec2d300d2e5c7fc0572878736f4c4b00a641d7c471f60309f462ceb62e8163b
2019-10-18,2019-10-18 00:00:00,2019-10-19 00:00:00,UNRESOLVED,NAS100_LABELLED_D1_BAR_START_DATE_ONLY,2019-10-18T00:00:00-04:00,2019-10-18T04:00:00Z,2019-10-18T12:00:00+08:00,"-1 day, 20:00:00",d039c3ee18313b4dd1f29e38ad40f641b9656c85fe555543fe1167e04008f078
2019-10-21,2019-10-21 00:00:00,2019-10-22 00:00:00,UNRESOLVED,NAS100_LABELLED_D1_BAR_START_DATE_ONLY,2019-10-21T00:00:00-04:00,2019-10-21T04:00:00Z,2019-10-21T12:00:00+08:00,"-1 day, 20:00:00",abb893124605611d5450675dd1fe73409c6df39838500e83e6aaa9ad0ac3e9c3
2019-10-22,2019-10-22 00:00:00,2019-10-23 00:00:00,UNRESOLVED,NAS100_LABELLED_D1_BAR_START_DATE_ONLY,2019-10-22T00:00:00-04:00,2019-10-22T04:00:00Z,2019-10-22T12:00:00+08:00,"-1 day, 20:00:00",52df49f15f256523ed0fbe8d55575b6dafa69b006e833aec9ba171e77ca0036a
2019-10-23,2019-10-23 00:00:00,2019-10-24 00:00:00,UNRESOLVED,NAS100_LABELLED_D1_BAR_START_DATE_ONLY,2019-10-23T00:00:00-04:00,2019-10-23T04:00:00Z,2019-10-23T12:00:00+08:00,"-1 day, 20:00:00",fb7383f88c252ad5239b1ada242e64ac5cdfe8eba8ba96b14bb020b4acfbd685
2019-10-24,2019-10-24 00:00:00,2019-10-25 00:00:00,UNRESOLVED,NAS100_LABELLED_D1_BAR_START_DATE_ONLY,2019-10-24T00:00:00-04:00,2019-10-24T04:00:00Z,2019-10-24T12:00:00+08:00,"-1 day, 20:00:00",7912fb39f957350f3199f629b9609a0ee0447b3eae212b5dfa5ed75baf3326b9
2019-10-25,2019-10-25 00:00:00,2019-10-26 00:00:00,UNRESOLVED,NAS100_LABELLED_D1_BAR_START_DATE_ONLY,2019-10-25T00:00:00-04:00,2019-10-25T04:00:00Z,2019-10-25T12:00:00+08:00,"-1 day, 20:00:00",6c414a29b919f674e0957cf06ca106747f7562b427cd0040be75cf1ca0a7cf3d
2019-10-28,2019-10-28 00:00:00,2019-10-29 00:00:00,UNRESOLVED,NAS100_LABELLED_D1_BAR_START_DATE_ONLY,2019-10-28T00:00:00-04:00,2019-10-28T04:00:00Z,2019-10-28T12:00:00+08:00,"-1 day, 20:00:00",537451e4870ff04faea895ddc0ba55cdaacf9288c98f1bd2379f454319890ee2
2019-10-29,2019-10-29 00:00:00,2019-10-30 00:00:00,UNRESOLVED,NAS100_LABELLED_D1_BAR_START_DATE_ONLY,2019-10-29T00:00:00-04:00,2019-10-29T04:00:00Z,2019-10-29T12:00:00+08:00,"-1 day, 20:00:00",089c6938755bc6b3c776e2b1c8d9368d2565aee0ab53ed96445110dbe798fcc3
2019-10-30,2019-10-30 00:00:00,2019-10-31 00:00:00,UNRESOLVED,NAS100_LABELLED_D1_BAR_START_DATE_ONLY,2019-10-30T00:00:00-04:00,2019-10-30T04:00:00Z,2019-10-30T12:00:00+08:00,"-1 day, 20:00:00",bdb3fb938cfbcb386ad3ffb2552cd17b552de0e86685fc3be62dd2961f3df1ff
2019-10-31,2019-10-31 00:00:00,2019-11-01 00:00:00,UNRESOLVED,NAS100_LABELLED_D1_BAR_START_DATE_ONLY,2019-10-31T00:00:00-04:00,2019-10-31T04:00:00Z,2019-10-31T12:00:00+08:00,"-1 day, 20:00:00",015074c2c0239d0bdbb9a1c7dbfc48f748f4f4cf91e12fa4da3878488399116e
2019-11-01,2019-11-01 00:00:00,2019-11-02 00:00:00,UNRESOLVED,NAS100_LABELLED_D1_BAR_START_DATE_ONLY,2019-11-01T00:00:00-04:00,2019-11-01T04:00:00Z,2019-11-01T12:00:00+08:00,"-1 day, 20:00:00",ee7e4a5345e3bfbf3433b28541e483c694d821a3f356504997d6791b0820c7ac
2019-11-04,2019-11-04 00:00:00,2019-11-05 00:00:00,UNRESOLVED,NAS100_LABELLED_D1_BAR_START_DATE_ONLY,2019-11-04T00:00:00-05:00,2019-11-04T05:00:00Z,2019-11-04T13:00:00+08:00,"-1 day, 19:00:00",31129ea73e5e38baf71dbb1d2658900798b7bce222d36b3cadf330dd0266d2bb
2019-11-05,2019-11-05 00:00:00,2019-11-06 00:00:00,UNRESOLVED,NAS100_LABELLED_D1_BAR_START_DATE_ONLY,2019-11-05T00:00:00-05:00,2019-11-05T05:00:00Z,2019-11-05T13:00:00+08:00,"-1 day, 19:00:00",fdff1437e7173eeb52e465b0734adbd26711092d2c6f9715224f0677457da7b8
2019-11-06,2019-11-06 00:00:00,2019-11-07 00:00:00,UNRESOLVED,NAS100_LABELLED_D1_BAR_START_DATE_ONLY,2019-11-06T00:00:00-05:00,2019-11-06T05:00:00Z,2019-11-06T13:00:00+08:00,"-1 day, 19:00:00",42fd950e4834554c2fbf39253c59b5808f3117730f41533db98704b323e07a1a
2019-11-07,2019-11-07 00:00:00,2019-11-08 00:00:00,UNRESOLVED,NAS100_LABELLED_D1_BAR_START_DATE_ONLY,2019-11-07T00:00:00-05:00,2019-11-07T05:00:00Z,2019-11-07T13:00:00+08:00,"-1 day, 19:00:00",cd2ccc459c88874c73b591efe637625947cad5bf3a23bdf2c0dd148e0116d22b
2019-11-08,2019-11-08 00:00:00,2019-11-09 00:00:00,UNRESOLVED,NAS100_LABELLED_D1_BAR_START_DATE_ONLY,2019-11-08T00:00:00-05:00,2019-11-08T05:00:00Z,2019-11-08T13:00:00+08:00,"-1 day, 19:00:00",efb9c91723e347e2c03482d05bc59f519e80270d2e961cf630bcc0333706666b
2019-11-11,2019-11-11 00:00:00,2019-11-12 00:00:00,UNRESOLVED,NAS100_LABELLED_D1_BAR_START_DATE_ONLY,2019-11-11T00:00:00-05:00,2019-11-11T05:00:00Z,2019-11-11T13:00:00+08:00,"-1 day, 19:00:00",222ca259377918b0649ce90584b7215cc97b86083a66331eff657ae1fd27c52a
2019-11-12,2019-11-12 00:00:00,2019-11-13 00:00:00,UNRESOLVED,NAS100_LABELLED_D1_BAR_START_DATE_ONLY,2019-11-12T00:00:00-05:00,2019-11-12T05:00:00Z,2019-11-12T13:00:00+08:00,"-1 day, 19:00:00",4c7ba9a9289fa7e92fae6365197744387b06db99f33d5903ec7e5cabb20276a7
2019-11-13,2019-11-13 00:00:00,2019-11-14 00:00:00,UNRESOLVED,NAS100_LABELLED_D1_BAR_START_DATE_ONLY,2019-11-13T00:00:00-05:00,2019-11-13T05:00:00Z,2019-11-13T13:00:00+08:00,"-1 day, 19:00:00",b7c5bcbbad7f35f2425d526bac44edbeae25c28c43619cf72e999e7aa09a967e
2019-11-14,2019-11-14 00:00:00,2019-11-15 00:00:00,UNRESOLVED,NAS100_LABELLED_D1_BAR_START_DATE_ONLY,2019-11-14T00:00:00-05:00,2019-11-14T05:00:00Z,2019-11-14T13:00:00+08:00,"-1 day, 19:00:00",9f80971f935b7349460aaacd3ce0bdb8925871fad7365e9501c965db2644fabf
2019-11-15,2019-11-15 00:00:00,2019-11-16 00:00:00,UNRESOLVED,NAS100_LABELLED_D1_BAR_START_DATE_ONLY,2019-11-15T00:00:00-05:00,2019-11-15T05:00:00Z,2019-11-15T13:00:00+08:00,"-1 day, 19:00:00",49ecc645f2848045d2df616e6388db7bcbc0f155978f5fdd1abd40d26149b5d6
2019-11-18,2019-11-18 00:00:00,2019-11-19 00:00:00,UNRESOLVED,NAS100_LABELLED_D1_BAR_START_DATE_ONLY,2019-11-18T00:00:00-05:00,2019-11-18T05:00:00Z,2019-11-18T13:00:00+08:00,"-1 day, 19:00:00",c5ff0683a252e92356b21fe42229e98e162fbbaf4ca2b75ea6923ab0c11f707b
2019-11-19,2019-11-19 00:00:00,2019-11-20 00:00:00,UNRESOLVED,NAS100_LABELLED_D1_BAR_START_DATE_ONLY,2019-11-19T00:00:00-05:00,2019-11-19T05:00:00Z,2019-11-19T13:00:00+08:00,"-1 day, 19:00:00",d4d78cba34d055b260d15aea7191e48b5ee703a9d013175cb65f386bbc294d24
2019-11-20,2019-11-20 00:00:00,2019-11-21 00:00:00,UNRESOLVED,NAS100_LABELLED_D1_BAR_START_DATE_ONLY,2019-11-20T00:00:00-05:00,2019-11-20T05:00:00Z,2019-11-20T13:00:00+08:00,"-1 day, 19:00:00",7b599065f72d55582c1c383e872021762196cb467e218ac5b60510d27cdd35fa
2019-11-21,2019-11-21 00:00:00,2019-11-22 00:00:00,UNRESOLVED,NAS100_LABELLED_D1_BAR_START_DATE_ONLY,2019-11-21T00:00:00-05:00,2019-11-21T05:00:00Z,2019-11-21T13:00:00+08:00,"-1 day, 19:00:00",28e1c31cb2b3a08f2f4117f6550a2f7e134e0293ce55a5c648e7d69116b9ca2e
2019-11-22,2019-11-22 00:00:00,2019-11-23 00:00:00,UNRESOLVED,NAS100_LABELLED_D1_BAR_START_DATE_ONLY,2019-11-22T00:00:00-05:00,2019-11-22T05:00:00Z,2019-11-22T13:00:00+08:00,"-1 day, 19:00:00",133f3d7fbafe195d8a85628736d8fe10b723bd74498d9927c7b23347749144b6
2019-11-25,2019-11-25 00:00:00,2019-11-26 00:00:00,UNRESOLVED,NAS100_LABELLED_D1_BAR_START_DATE_ONLY,2019-11-25T00:00:00-05:00,2019-11-25T05:00:00Z,2019-11-25T13:00:00+08:00,"-1 day, 19:00:00",d7573cf5a9583b0683b17b7dc5ce7cc1d1aea45bbc0e607efe7d04ebcfda0ed2
2019-11-26,2019-11-26 00:00:00,2019-11-27 00:00:00,UNRESOLVED,NAS100_LABELLED_D1_BAR_START_DATE_ONLY,2019-11-26T00:00:00-05:00,2019-11-26T05:00:00Z,2019-11-26T13:00:00+08:00,"-1 day, 19:00:00",456cbb5cd27f1ea67f3f57890fb0a59da1e8da636240b4aa3f6901b3a9ecd80f
2019-11-27,2019-11-27 00:00:00,2019-11-28 00:00:00,UNRESOLVED,NAS100_LABELLED_D1_BAR_START_DATE_ONLY,2019-11-27T00:00:00-05:00,2019-11-27T05:00:00Z,2019-11-27T13:00:00+08:00,"-1 day, 19:00:00",abb182ee34d7c0f80446b81c868222405c118010f10bd39ec5c0009211ada95f
2019-11-28,2019-11-28 00:00:00,2019-11-29 00:00:00,UNRESOLVED,NAS100_LABELLED_D1_BAR_START_DATE_ONLY,2019-11-28T00:00:00-05:00,2019-11-28T05:00:00Z,2019-11-28T13:00:00+08:00,"-1 day, 19:00:00",9d7c0eaad3655b48873ab326b91d0f98ef8edc61abcdf1bdaeb32ac9f985a124
2019-11-29,2019-11-29 00:00:00,2019-11-30 00:00:00,UNRESOLVED,NAS100_LABELLED_D1_BAR_START_DATE_ONLY,2019-11-29T00:00:00-05:00,2019-11-29T05:00:00Z,2019-11-29T13:00:00+08:00,"-1 day, 19:00:00",ce9ec8503bafde3f37e00db5c6b5fd8303fea714afbe25556142ad9835745b2f
2019-12-02,2019-12-02 00:00:00,2019-12-03 00:00:00,UNRESOLVED,NAS100_LABELLED_D1_BAR_START_DATE_ONLY,2019-12-02T00:00:00-05:00,2019-12-02T05:00:00Z,2019-12-02T13:00:00+08:00,"-1 day, 19:00:00",81130d793b2be44da6a480a82caca3a766dac95c289c7c8e1025e75728e5c94c
2019-12-03,2019-12-03 00:00:00,2019-12-04 00:00:00,UNRESOLVED,NAS100_LABELLED_D1_BAR_START_DATE_ONLY,2019-12-03T00:00:00-05:00,2019-12-03T05:00:00Z,2019-12-03T13:00:00+08:00,"-1 day, 19:00:00",fc01d395a09cdd9c627e9c1ac38010f8d57b4389e0f847cc7795dea1be0610ec
2019-12-04,2019-12-04 00:00:00,2019-12-05 00:00:00,UNRESOLVED,NAS100_LABELLED_D1_BAR_START_DATE_ONLY,2019-12-04T00:00:00-05:00,2019-12-04T05:00:00Z,2019-12-04T13:00:00+08:00,"-1 day, 19:00:00",77ea2277b4c3d67ee78d662c6219ecae85e434ff57c9ea3c2818249c669d465a
2019-12-05,2019-12-05 00:00:00,2019-12-06 00:00:00,UNRESOLVED,NAS100_LABELLED_D1_BAR_START_DATE_ONLY,2019-12-05T00:00:00-05:00,2019-12-05T05:00:00Z,2019-12-05T13:00:00+08:00,"-1 day, 19:00:00",3f1f728b47a10176f94a680b46c71a9747d4612a9425a54c4812edae54524f7a
2019-12-06,2019-12-06 00:00:00,2019-12-07 00:00:00,UNRESOLVED,NAS100_LABELLED_D1_BAR_START_DATE_ONLY,2019-12-06T00:00:00-05:00,2019-12-06T05:00:00Z,2019-12-06T13:00:00+08:00,"-1 day, 19:00:00",55fd2e8491b2cb8e311f9b8ea717cf54a61c056c5953edb1c528d80aa0f52dce
2019-12-09,2019-12-09 00:00:00,2019-12-10 00:00:00,UNRESOLVED,NAS100_LABELLED_D1_BAR_START_DATE_ONLY,2019-12-09T00:00:00-05:00,2019-12-09T05:00:00Z,2019-12-09T13:00:00+08:00,"-1 day, 19:00:00",e701bef0ecf6d4581c009b7da4f1c52472c44d9a1368841e36f9e15d4d7f0b0b
2019-12-10,2019-12-10 00:00:00,2019-12-11 00:00:00,UNRESOLVED,NAS100_LABELLED_D1_BAR_START_DATE_ONLY,2019-12-10T00:00:00-05:00,2019-12-10T05:00:00Z,2019-12-10T13:00:00+08:00,"-1 day, 19:00:00",c43bf7639cf50e3f91f6d9c62458f3ae99b4a53841df2954f31f940c88a8e63a
2019-12-11,2019-12-11 00:00:00,2019-12-12 00:00:00,UNRESOLVED,NAS100_LABELLED_D1_BAR_START_DATE_ONLY,2019-12-11T00:00:00-05:00,2019-12-11T05:00:00Z,2019-12-11T13:00:00+08:00,"-1 day, 19:00:00",6265fd6533db4653b45bc4d2e37101882aaa955577967edab83cd999ef3ba075
2019-12-12,2019-12-12 00:00:00,2019-12-13 00:00:00,UNRESOLVED,NAS100_LABELLED_D1_BAR_START_DATE_ONLY,2019-12-12T00:00:00-05:00,2019-12-12T05:00:00Z,2019-12-12T13:00:00+08:00,"-1 day, 19:00:00",157a02d0d5b74c8d8fc3dc850fa18e39abeef1bba4dd5556dd5596431a047283
2019-12-13,2019-12-13 00:00:00,2019-12-14 00:00:00,UNRESOLVED,NAS100_LABELLED_D1_BAR_START_DATE_ONLY,2019-12-13T00:00:00-05:00,2019-12-13T05:00:00Z,2019-12-13T13:00:00+08:00,"-1 day, 19:00:00",838b394f17cd88eb96b7326c71705ce1508d0d223559626c35d69959793a497a
2019-12-16,2019-12-16 00:00:00,2019-12-17 00:00:00,UNRESOLVED,NAS100_LABELLED_D1_BAR_START_DATE_ONLY,2019-12-16T00:00:00-05:00,2019-12-16T05:00:00Z,2019-12-16T13:00:00+08:00,"-1 day, 19:00:00",0cfad3c877e037ce3a514e8738464872166aad6e613cc31300c35ccb42453b07
2019-12-17,2019-12-17 00:00:00,2019-12-18 00:00:00,UNRESOLVED,NAS100_LABELLED_D1_BAR_START_DATE_ONLY,2019-12-17T00:00:00-05:00,2019-12-17T05:00:00Z,2019-12-17T13:00:00+08:00,"-1 day, 19:00:00",d09b21ca3d5748553ea6d519609477a5bac7caca7f075dd15e06c25e5e4a3d7f
2019-12-18,2019-12-18 00:00:00,2019-12-19 00:00:00,UNRESOLVED,NAS100_LABELLED_D1_BAR_START_DATE_ONLY,2019-12-18T00:00:00-05:00,2019-12-18T05:00:00Z,2019-12-18T13:00:00+08:00,"-1 day, 19:00:00",57bb7dd30cbb2dcd60b2cab692aae0750c8f2404e5366a7896162859063e9a87
2019-12-19,2019-12-19 00:00:00,2019-12-20 00:00:00,UNRESOLVED,NAS100_LABELLED_D1_BAR_START_DATE_ONLY,2019-12-19T00:00:00-05:00,2019-12-19T05:00:00Z,2019-12-19T13:00:00+08:00,"-1 day, 19:00:00",e9e7204982c6b8d38f4a0bfdfac777c954e7b8866a17ce0fe22705a6e9c71a04
2019-12-20,2019-12-20 00:00:00,2019-12-21 00:00:00,UNRESOLVED,NAS100_LABELLED_D1_BAR_START_DATE_ONLY,2019-12-20T00:00:00-05:00,2019-12-20T05:00:00Z,2019-12-20T13:00:00+08:00,"-1 day, 19:00:00",dce1e756f7af348c08bd062ccaf6460b6d7ac5b1b86f0ae37134078574fdcb60
2019-12-23,2019-12-23 00:00:00,2019-12-24 00:00:00,UNRESOLVED,NAS100_LABELLED_D1_BAR_START_DATE_ONLY,2019-12-23T00:00:00-05:00,2019-12-23T05:00:00Z,2019-12-23T13:00:00+08:00,"-1 day, 19:00:00",edfe603d579969afedb47d2fa6d0198c2abf09af39020d2ed39bb769b367ecd5
2019-12-24,2019-12-24 00:00:00,2019-12-25 00:00:00,UNRESOLVED,NAS100_LABELLED_D1_BAR_START_DATE_ONLY,2019-12-24T00:00:00-05:00,2019-12-24T05:00:00Z,2019-12-24T13:00:00+08:00,"-1 day, 19:00:00",908b57c2bbe38a49f56b416461d12f2ee2c9089d4959e7c373c6fa670952360d
2019-12-27,2019-12-27 00:00:00,2019-12-28 00:00:00,UNRESOLVED,NAS100_LABELLED_D1_BAR_START_DATE_ONLY,2019-12-27T00:00:00-05:00,2019-12-27T05:00:00Z,2019-12-27T13:00:00+08:00,"-1 day, 19:00:00",a50170fc248ffae0067df90565fd2bf15f869edd8bb9bb2f7bc238f9f2c32cff
2019-12-30,2019-12-30 00:00:00,2019-12-31 00:00:00,UNRESOLVED,NAS100_LABELLED_D1_BAR_START_DATE_ONLY,2019-12-30T00:00:00-05:00,2019-12-30T05:00:00Z,2019-12-30T13:00:00+08:00,"-1 day, 19:00:00",516191c2e74be60b658b40ddf086111b49bb506992f4e1be310f0af7f59cfeaa
2019-12-31,2019-12-31 00:00:00,2020-01-01 00:00:00,UNRESOLVED,NAS100_LABELLED_D1_BAR_START_DATE_ONLY,2019-12-31T00:00:00-05:00,2019-12-31T05:00:00Z,2019-12-31T13:00:00+08:00,"-1 day, 19:00:00",e22424d6137e0b8f7473a189b3b10828e0fdd5f47900b970aefa0508fb8bb775
2020-01-02,2020-01-02 00:00:00,2020-01-03 00:00:00,UNRESOLVED,NAS100_LABELLED_D1_BAR_START_DATE_ONLY,2020-01-02T00:00:00-05:00,2020-01-02T05:00:00Z,2020-01-02T13:00:00+08:00,"-1 day, 19:00:00",c217e314ff2fa4bc754f7b4bc6a6aa871e9f19e8e80669f5a64e1cccea410de6
2020-01-03,2020-01-03 00:00:00,2020-01-04 00:00:00,UNRESOLVED,NAS100_LABELLED_D1_BAR_START_DATE_ONLY,2020-01-03T00:00:00-05:00,2020-01-03T05:00:00Z,2020-01-03T13:00:00+08:00,"-1 day, 19:00:00",563ab65e6d781adeeb57f97b9e156ff134c0efa700c3974d6892b88c3ff635ed
2020-01-06,2020-01-06 00:00:00,2020-01-07 00:00:00,UNRESOLVED,NAS100_LABELLED_D1_BAR_START_DATE_ONLY,2020-01-06T00:00:00-05:00,2020-01-06T05:00:00Z,2020-01-06T13:00:00+08:00,"-1 day, 19:00:00",8250832bf79dc3dd844f2b81e3cdbb7a46034047a8a60a37cadca2e402841721
2020-01-07,2020-01-07 00:00:00,2020-01-08 00:00:00,UNRESOLVED,NAS100_LABELLED_D1_BAR_START_DATE_ONLY,2020-01-07T00:00:00-05:00,2020-01-07T05:00:00Z,2020-01-07T13:00:00+08:00,"-1 day, 19:00:00",70f0e55e2de95788c967365dc2d6adbeeee977dcd3f004d1e252efbddfbaa236
2020-01-08,2020-01-08 00:00:00,2020-01-09 00:00:00,UNRESOLVED,NAS100_LABELLED_D1_BAR_START_DATE_ONLY,2020-01-08T00:00:00-05:00,2020-01-08T05:00:00Z,2020-01-08T13:00:00+08:00,"-1 day, 19:00:00",58cff31c976d86473558f7ab9cab43adcf3bfe42aaa950da3475720ed34e8e20
2020-01-09,2020-01-09 00:00:00,2020-01-10 00:00:00,UNRESOLVED,NAS100_LABELLED_D1_BAR_START_DATE_ONLY,2020-01-09T00:00:00-05:00,2020-01-09T05:00:00Z,2020-01-09T13:00:00+08:00,"-1 day, 19:00:00",258859657c04550ccaf9b87872d5ce97beab3c25266c99609498cd649016a168
2020-01-10,2020-01-10 00:00:00,2020-01-11 00:00:00,UNRESOLVED,NAS100_LABELLED_D1_BAR_START_DATE_ONLY,2020-01-10T00:00:00-05:00,2020-01-10T05:00:00Z,2020-01-10T13:00:00+08:00,"-1 day, 19:00:00",be24d40688824c454b1d1c384e0f6f933476c6d8e5a8948bfe7d264e4dd7e383
2020-01-13,2020-01-13 00:00:00,2020-01-14 00:00:00,UNRESOLVED,NAS100_LABELLED_D1_BAR_START_DATE_ONLY,2020-01-13T00:00:00-05:00,2020-01-13T05:00:00Z,2020-01-13T13:00:00+08:00,"-1 day, 19:00:00",636e7d642ec28f6e29726cc82251ed605e459449872cbfa7202a5734f7499446
2020-01-14,2020-01-14 00:00:00,2020-01-15 00:00:00,UNRESOLVED,NAS100_LABELLED_D1_BAR_START_DATE_ONLY,2020-01-14T00:00:00-05:00,2020-01-14T05:00:00Z,2020-01-14T13:00:00+08:00,"-1 day, 19:00:00",7d73c66b5f98faefe4fc9d5821c18a9089ddddd5fe4f28b3a5790ae454e6dc76
2020-01-15,2020-01-15 00:00:00,2020-01-16 00:00:00,UNRESOLVED,NAS100_LABELLED_D1_BAR_START_DATE_ONLY,2020-01-15T00:00:00-05:00,2020-01-15T05:00:00Z,2020-01-15T13:00:00+08:00,"-1 day, 19:00:00",557e411f4c07b25cb2364070550fbd3e96f57f99bc75a97d368354b27d5d7d90
2020-01-16,2020-01-16 00:00:00,2020-01-17 00:00:00,UNRESOLVED,NAS100_LABELLED_D1_BAR_START_DATE_ONLY,2020-01-16T00:00:00-05:00,2020-01-16T05:00:00Z,2020-01-16T13:00:00+08:00,"-1 day, 19:00:00",f0c271ad5f2e7fc86c9c75a8976c095047b68dc243eac2d9bb31b7c11bfdc76a
2020-01-17,2020-01-17 00:00:00,2020-01-18 00:00:00,UNRESOLVED,NAS100_LABELLED_D1_BAR_START_DATE_ONLY,2020-01-17T00:00:00-05:00,2020-01-17T05:00:00Z,2020-01-17T13:00:00+08:00,"-1 day, 19:00:00",c17304cfed26cfb9ae8019d0c0d1591865e0356f5f67fb3c07621fb3b6f66f12
2020-01-20,2020-01-20 00:00:00,2020-01-21 00:00:00,UNRESOLVED,NAS100_LABELLED_D1_BAR_START_DATE_ONLY,2020-01-20T00:00:00-05:00,2020-01-20T05:00:00Z,2020-01-20T13:00:00+08:00,"-1 day, 19:00:00",ac6989160917db5feaffd8af0ec89f1cf542a638b98cbd00f93ac0f00b76c932
2020-01-21,2020-01-21 00:00:00,2020-01-22 00:00:00,UNRESOLVED,NAS100_LABELLED_D1_BAR_START_DATE_ONLY,2020-01-21T00:00:00-05:00,2020-01-21T05:00:00Z,2020-01-21T13:00:00+08:00,"-1 day, 19:00:00",dff327cdb5518edf9339b931ce52846687e139facbbc7cd7e46f42eb79016e36
2020-01-22,2020-01-22 00:00:00,2020-01-23 00:00:00,UNRESOLVED,NAS100_LABELLED_D1_BAR_START_DATE_ONLY,2020-01-22T00:00:00-05:00,2020-01-22T05:00:00Z,2020-01-22T13:00:00+08:00,"-1 day, 19:00:00",38c0dc973185c00d401b2c082c397fe65e9daab6cce2d604455cdc97b6fe0153
2020-01-23,2020-01-23 00:00:00,2020-01-24 00:00:00,UNRESOLVED,NAS100_LABELLED_D1_BAR_START_DATE_ONLY,2020-01-23T00:00:00-05:00,2020-01-23T05:00:00Z,2020-01-23T13:00:00+08:00,"-1 day, 19:00:00",e4a5d52eb8d9afc0b21fda5f18be2c2aba469160969b3d833437b14c4b50b653
2020-01-24,2020-01-24 00:00:00,2020-01-25 00:00:00,UNRESOLVED,NAS100_LABELLED_D1_BAR_START_DATE_ONLY,2020-01-24T00:00:00-05:00,2020-01-24T05:00:00Z,2020-01-24T13:00:00+08:00,"-1 day, 19:00:00",5d604c365af7a86d09fbee8a24467dbfb51c7f0c816a3152c803875b4f4768bb
2020-01-27,2020-01-27 00:00:00,2020-01-28 00:00:00,UNRESOLVED,NAS100_LABELLED_D1_BAR_START_DATE_ONLY,2020-01-27T00:00:00-05:00,2020-01-27T05:00:00Z,2020-01-27T13:00:00+08:00,"-1 day, 19:00:00",d7f085ed751cdaf165c267278dd1fad34380619014bf1ab891ebaaebc95ff623
2020-01-28,2020-01-28 00:00:00,2020-01-29 00:00:00,UNRESOLVED,NAS100_LABELLED_D1_BAR_START_DATE_ONLY,2020-01-28T00:00:00-05:00,2020-01-28T05:00:00Z,2020-01-28T13:00:00+08:00,"-1 day, 19:00:00",414081ef34929098c9ec2c7f8e27c46054cf8eae4b20576be91f3f7c0edddf35
2020-01-29,2020-01-29 00:00:00,2020-01-30 00:00:00,UNRESOLVED,NAS100_LABELLED_D1_BAR_START_DATE_ONLY,2020-01-29T00:00:00-05:00,2020-01-29T05:00:00Z,2020-01-29T13:00:00+08:00,"-1 day, 19:00:00",d8d14c6ed0b12c5fdfc740500e216ea728151140f53c8104a13c2ea8cf96c79b
2020-01-30,2020-01-30 00:00:00,2020-01-31 00:00:00,UNRESOLVED,NAS100_LABELLED_D1_BAR_START_DATE_ONLY,2020-01-30T00:00:00-05:00,2020-01-30T05:00:00Z,2020-01-30T13:00:00+08:00,"-1 day, 19:00:00",1db02b33d4e7d4c6584972d94d7ce2e9236e3530e898c94b48773cf8637fda12
2020-01-31,2020-01-31 00:00:00,2020-02-01 00:00:00,UNRESOLVED,NAS100_LABELLED_D1_BAR_START_DATE_ONLY,2020-01-31T00:00:00-05:00,2020-01-31T05:00:00Z,2020-01-31T13:00:00+08:00,"-1 day, 19:00:00",4b941c10e648331ff521ea5a114acf59893605b71e98bc11f03aecd5e8989cc2
2020-02-03,2020-02-03 00:00:00,2020-02-04 00:00:00,UNRESOLVED,NAS100_LABELLED_D1_BAR_START_DATE_ONLY,2020-02-03T00:00:00-05:00,2020-02-03T05:00:00Z,2020-02-03T13:00:00+08:00,"-1 day, 19:00:00",872057011321d461e8a1ca6a96d297bd4e4bd4aa7782e29d43d9d8b8a446e8cc
2020-02-04,2020-02-04 00:00:00,2020-02-05 00:00:00,UNRESOLVED,NAS100_LABELLED_D1_BAR_START_DATE_ONLY,2020-02-04T00:00:00-05:00,2020-02-04T05:00:00Z,2020-02-04T13:00:00+08:00,"-1 day, 19:00:00",4a8d80f9531236756ffc0656a9bc82aa7df5580a1889f1dc95f5af48cd225538
2020-02-05,2020-02-05 00:00:00,2020-02-06 00:00:00,UNRESOLVED,NAS100_LABELLED_D1_BAR_START_DATE_ONLY,2020-02-05T00:00:00-05:00,2020-02-05T05:00:00Z,2020-02-05T13:00:00+08:00,"-1 day, 19:00:00",818a4596a10ce1ca39e698454434824e0070daa98ad6a0f4b0f52e31d695b399
2020-02-06,2020-02-06 00:00:00,2020-02-07 00:00:00,UNRESOLVED,NAS100_LABELLED_D1_BAR_START_DATE_ONLY,2020-02-06T00:00:00-05:00,2020-02-06T05:00:00Z,2020-02-06T13:00:00+08:00,"-1 day, 19:00:00",3790b4b29cfd714c3e0b8dfb1b8bdeb5d42729154f04c8ad947c51f46d31fec3
2020-02-07,2020-02-07 00:00:00,2020-02-08 00:00:00,UNRESOLVED,NAS100_LABELLED_D1_BAR_START_DATE_ONLY,2020-02-07T00:00:00-05:00,2020-02-07T05:00:00Z,2020-02-07T13:00:00+08:00,"-1 day, 19:00:00",7c3810468e5e66b8b8e93aecb7890ead2d3e0d6f9b668121455a58e4d4e4b865
2020-02-10,2020-02-10 00:00:00,2020-02-11 00:00:00,UNRESOLVED,NAS100_LABELLED_D1_BAR_START_DATE_ONLY,2020-02-10T00:00:00-05:00,2020-02-10T05:00:00Z,2020-02-10T13:00:00+08:00,"-1 day, 19:00:00",92268d627b69c14ba4700211d8faa5e103fe75fb544c6beba17b5688e23e903e
2020-02-11,2020-02-11 00:00:00,2020-02-12 00:00:00,UNRESOLVED,NAS100_LABELLED_D1_BAR_START_DATE_ONLY,2020-02-11T00:00:00-05:00,2020-02-11T05:00:00Z,2020-02-11T13:00:00+08:00,"-1 day, 19:00:00",910d66ded275df6a8f6ba17a0994b3974188f439b83202778d5beea2731b4b28
2020-02-12,2020-02-12 00:00:00,2020-02-13 00:00:00,UNRESOLVED,NAS100_LABELLED_D1_BAR_START_DATE_ONLY,2020-02-12T00:00:00-05:00,2020-02-12T05:00:00Z,2020-02-12T13:00:00+08:00,"-1 day, 19:00:00",3d442c177637652a5c1f313f739a90f90fbe9fd516d1c165c49aa6971e3682e3
2020-02-13,2020-02-13 00:00:00,2020-02-14 00:00:00,UNRESOLVED,NAS100_LABELLED_D1_BAR_START_DATE_ONLY,2020-02-13T00:00:00-05:00,2020-02-13T05:00:00Z,2020-02-13T13:00:00+08:00,"-1 day, 19:00:00",9450749c9823312d3f20d1f3d021a11af37834232899455f0c390a939911c0ca
2020-02-14,2020-02-14 00:00:00,2020-02-15 00:00:00,UNRESOLVED,NAS100_LABELLED_D1_BAR_START_DATE_ONLY,2020-02-14T00:00:00-05:00,2020-02-14T05:00:00Z,2020-02-14T13:00:00+08:00,"-1 day, 19:00:00",7042fea2b337884fa7b1e07a89fcbd00ba6f63866c5f950a688fba8b95a0de15
2020-02-17,2020-02-17 00:00:00,2020-02-18 00:00:00,UNRESOLVED,NAS100_LABELLED_D1_BAR_START_DATE_ONLY,2020-02-17T00:00:00-05:00,2020-02-17T05:00:00Z,2020-02-17T13:00:00+08:00,"-1 day, 19:00:00",5a5a1e95c195977c7db8472338d50e0ca847ef67007115c6a0fea18bc3b01a39
2020-02-18,2020-02-18 00:00:00,2020-02-19 00:00:00,UNRESOLVED,NAS100_LABELLED_D1_BAR_START_DATE_ONLY,2020-02-18T00:00:00-05:00,2020-02-18T05:00:00Z,2020-02-18T13:00:00+08:00,"-1 day, 19:00:00",985968ecfbe047bdc2088f853d9df6090d4371429520e2a37a25d5990aa760d8
2020-02-19,2020-02-19 00:00:00,2020-02-20 00:00:00,UNRESOLVED,NAS100_LABELLED_D1_BAR_START_DATE_ONLY,2020-02-19T00:00:00-05:00,2020-02-19T05:00:00Z,2020-02-19T13:00:00+08:00,"-1 day, 19:00:00",cbb667c2926d10f45ff9f1bc0d7a4325ad943ed44e3f78982c8ec0972a665d4d
2020-02-20,2020-02-20 00:00:00,2020-02-21 00:00:00,UNRESOLVED,NAS100_LABELLED_D1_BAR_START_DATE_ONLY,2020-02-20T00:00:00-05:00,2020-02-20T05:00:00Z,2020-02-20T13:00:00+08:00,"-1 day, 19:00:00",b81f1d908df6ccc31e50204a2216ec1b0c984a2913333a04f067346f1008a280
2020-02-21,2020-02-21 00:00:00,2020-02-22 00:00:00,UNRESOLVED,NAS100_LABELLED_D1_BAR_START_DATE_ONLY,2020-02-21T00:00:00-05:00,2020-02-21T05:00:00Z,2020-02-21T13:00:00+08:00,"-1 day, 19:00:00",ab4437286906b8195bf59fb150eece742586716c3adfa7be61d89a8ccb1b2162
2020-02-24,2020-02-24 00:00:00,2020-02-25 00:00:00,UNRESOLVED,NAS100_LABELLED_D1_BAR_START_DATE_ONLY,2020-02-24T00:00:00-05:00,2020-02-24T05:00:00Z,2020-02-24T13:00:00+08:00,"-1 day, 19:00:00",970fb9715cfdeaf5accdb7c44b853291ba4c0febd326e0ed064200a5f2f4227e
2020-02-25,2020-02-25 00:00:00,2020-02-26 00:00:00,UNRESOLVED,NAS100_LABELLED_D1_BAR_START_DATE_ONLY,2020-02-25T00:00:00-05:00,2020-02-25T05:00:00Z,2020-02-25T13:00:00+08:00,"-1 day, 19:00:00",a4356551d8af1d0544af765c925f55d5617b754581336288dee13a841cd5de45
2020-02-26,2020-02-26 00:00:00,2020-02-27 00:00:00,UNRESOLVED,NAS100_LABELLED_D1_BAR_START_DATE_ONLY,2020-02-26T00:00:00-05:00,2020-02-26T05:00:00Z,2020-02-26T13:00:00+08:00,"-1 day, 19:00:00",26eb07efff6afd15b2a8c45abfd7a2f70ad7788a61adaf262957cc5d06e6f4bc
2020-02-27,2020-02-27 00:00:00,2020-02-28 00:00:00,UNRESOLVED,NAS100_LABELLED_D1_BAR_START_DATE_ONLY,2020-02-27T00:00:00-05:00,2020-02-27T05:00:00Z,2020-02-27T13:00:00+08:00,"-1 day, 19:00:00",3e1d7adc76e46bc8fb1a8cc1135b6df9c4a54e0fb1b2f6142505ea2e98129601
2020-02-28,2020-02-28 00:00:00,2020-02-29 00:00:00,UNRESOLVED,NAS100_LABELLED_D1_BAR_START_DATE_ONLY,2020-02-28T00:00:00-05:00,2020-02-28T05:00:00Z,2020-02-28T13:00:00+08:00,"-1 day, 19:00:00",1e21129d1cafede7fd81eb3c56fda9767415071182568bd95c6689cc1376625d
2020-03-02,2020-03-02 00:00:00,2020-03-03 00:00:00,UNRESOLVED,NAS100_LABELLED_D1_BAR_START_DATE_ONLY,2020-03-02T00:00:00-05:00,2020-03-02T05:00:00Z,2020-03-02T13:00:00+08:00,"-1 day, 19:00:00",b319205d7f3288e4aeef3d416e71523dffcb2cf3c90b37e5a094c7a6c6f7fd7e
2020-03-03,2020-03-03 00:00:00,2020-03-04 00:00:00,UNRESOLVED,NAS100_LABELLED_D1_BAR_START_DATE_ONLY,2020-03-03T00:00:00-05:00,2020-03-03T05:00:00Z,2020-03-03T13:00:00+08:00,"-1 day, 19:00:00",6a517b0b56b3cb9ddc924b83b003dbbe7d6a58fb34cf84a3cb7e8e9e19c38c94
2020-03-04,2020-03-04 00:00:00,2020-03-05 00:00:00,UNRESOLVED,NAS100_LABELLED_D1_BAR_START_DATE_ONLY,2020-03-04T00:00:00-05:00,2020-03-04T05:00:00Z,2020-03-04T13:00:00+08:00,"-1 day, 19:00:00",58cb358f5c22da389ddc24fd6dcf5f53626caefb9ac0296352c39f325ce60972
2020-03-05,2020-03-05 00:00:00,2020-03-06 00:00:00,UNRESOLVED,NAS100_LABELLED_D1_BAR_START_DATE_ONLY,2020-03-05T00:00:00-05:00,2020-03-05T05:00:00Z,2020-03-05T13:00:00+08:00,"-1 day, 19:00:00",7a75aef677401bea2f555b15ef5648fcbfa2e8cab0c457fe9e7736ea688509d2
2020-03-06,2020-03-06 00:00:00,2020-03-07 00:00:00,UNRESOLVED,NAS100_LABELLED_D1_BAR_START_DATE_ONLY,2020-03-06T00:00:00-05:00,2020-03-06T05:00:00Z,2020-03-06T13:00:00+08:00,"-1 day, 19:00:00",5edb87dff68d9eb1423a8407304148afa16b3a949765457d42eb98dea9dc92e9
2020-03-09,2020-03-09 00:00:00,2020-03-10 00:00:00,UNRESOLVED,NAS100_LABELLED_D1_BAR_START_DATE_ONLY,2020-03-09T00:00:00-04:00,2020-03-09T04:00:00Z,2020-03-09T12:00:00+08:00,"-1 day, 20:00:00",0fa75ab6fd35e18fd1056bcecfa90fd6e846f46af91cf0cc9407ed01313f32ed
2020-03-10,2020-03-10 00:00:00,2020-03-11 00:00:00,UNRESOLVED,NAS100_LABELLED_D1_BAR_START_DATE_ONLY,2020-03-10T00:00:00-04:00,2020-03-10T04:00:00Z,2020-03-10T12:00:00+08:00,"-1 day, 20:00:00",2c6373627d193162b9120d934121671630c3f8a4cf108693108c0c6ce798d034
2020-03-11,2020-03-11 00:00:00,2020-03-12 00:00:00,UNRESOLVED,NAS100_LABELLED_D1_BAR_START_DATE_ONLY,2020-03-11T00:00:00-04:00,2020-03-11T04:00:00Z,2020-03-11T12:00:00+08:00,"-1 day, 20:00:00",57a1a837ce0317830b81e2060163fadc0d81c9165b88c4ca1f5945cdbb3d4d67
2020-03-12,2020-03-12 00:00:00,2020-03-13 00:00:00,UNRESOLVED,NAS100_LABELLED_D1_BAR_START_DATE_ONLY,2020-03-12T00:00:00-04:00,2020-03-12T04:00:00Z,2020-03-12T12:00:00+08:00,"-1 day, 20:00:00",06558588cf18ad170e5d8f11960986458c3d526b1f799a073aead61639e701a8
2020-03-13,2020-03-13 00:00:00,2020-03-14 00:00:00,UNRESOLVED,NAS100_LABELLED_D1_BAR_START_DATE_ONLY,2020-03-13T00:00:00-04:00,2020-03-13T04:00:00Z,2020-03-13T12:00:00+08:00,"-1 day, 20:00:00",02b8445b02e14cf8b8055e29b962e9a261c0aa63ee32125bd5d7ee2e6fe2e9d4
2020-03-16,2020-03-16 00:00:00,2020-03-17 00:00:00,UNRESOLVED,NAS100_LABELLED_D1_BAR_START_DATE_ONLY,2020-03-16T00:00:00-04:00,2020-03-16T04:00:00Z,2020-03-16T12:00:00+08:00,"-1 day, 20:00:00",1a6e49c3853ed2dae7afa4b3ca856a2509b1a702da76199320bd3c561450da67
2020-03-17,2020-03-17 00:00:00,2020-03-18 00:00:00,UNRESOLVED,NAS100_LABELLED_D1_BAR_START_DATE_ONLY,2020-03-17T00:00:00-04:00,2020-03-17T04:00:00Z,2020-03-17T12:00:00+08:00,"-1 day, 20:00:00",f1faafe6caaa0590b04da69ed5b64c0fcf411499d70d84803e5b14361eee72dc
2020-03-18,2020-03-18 00:00:00,2020-03-19 00:00:00,UNRESOLVED,NAS100_LABELLED_D1_BAR_START_DATE_ONLY,2020-03-18T00:00:00-04:00,2020-03-18T04:00:00Z,2020-03-18T12:00:00+08:00,"-1 day, 20:00:00",0cd894c95dd2214eecb6f5741f9a55da4a5cf412923967ed048ff4ccfa580d58
2020-03-19,2020-03-19 00:00:00,2020-03-20 00:00:00,UNRESOLVED,NAS100_LABELLED_D1_BAR_START_DATE_ONLY,2020-03-19T00:00:00-04:00,2020-03-19T04:00:00Z,2020-03-19T12:00:00+08:00,"-1 day, 20:00:00",9e99615ebba26db00f082f862109570858fdfa05389da604442c531d9defb9aa
2020-03-20,2020-03-20 00:00:00,2020-03-21 00:00:00,UNRESOLVED,NAS100_LABELLED_D1_BAR_START_DATE_ONLY,2020-03-20T00:00:00-04:00,2020-03-20T04:00:00Z,2020-03-20T12:00:00+08:00,"-1 day, 20:00:00",2dc0f5588e72713927dcab4ed9f26698e5273e74b04db4a1e675160f8ca60c84
2020-03-23,2020-03-23 00:00:00,2020-03-24 00:00:00,UNRESOLVED,NAS100_LABELLED_D1_BAR_START_DATE_ONLY,2020-03-23T00:00:00-04:00,2020-03-23T04:00:00Z,2020-03-23T12:00:00+08:00,"-1 day, 20:00:00",90b8f25ae3f4e03fe3d225ae80ce088458b3a18ed09b23df3c72f3510703ee9e
2020-03-24,2020-03-24 00:00:00,2020-03-25 00:00:00,UNRESOLVED,NAS100_LABELLED_D1_BAR_START_DATE_ONLY,2020-03-24T00:00:00-04:00,2020-03-24T04:00:00Z,2020-03-24T12:00:00+08:00,"-1 day, 20:00:00",5a6618c056856a8af0be76c412ea42c276b04e406d2d93e998a2937d101c1c61
2020-03-25,2020-03-25 00:00:00,2020-03-26 00:00:00,UNRESOLVED,NAS100_LABELLED_D1_BAR_START_DATE_ONLY,2020-03-25T00:00:00-04:00,2020-03-25T04:00:00Z,2020-03-25T12:00:00+08:00,"-1 day, 20:00:00",179f8e0231612bd25497068b97014c9a8db493cb8427ad424914ab30db4c91b9
2020-03-26,2020-03-26 00:00:00,2020-03-27 00:00:00,UNRESOLVED,NAS100_LABELLED_D1_BAR_START_DATE_ONLY,2020-03-26T00:00:00-04:00,2020-03-26T04:00:00Z,2020-03-26T12:00:00+08:00,"-1 day, 20:00:00",73933cca0290555f3fe0598911cc315b552eac17bb0c03c7f0339f34fe39fcbd
2020-03-27,2020-03-27 00:00:00,2020-03-28 00:00:00,UNRESOLVED,NAS100_LABELLED_D1_BAR_START_DATE_ONLY,2020-03-27T00:00:00-04:00,2020-03-27T04:00:00Z,2020-03-27T12:00:00+08:00,"-1 day, 20:00:00",bc52e09f9829cded163ca5c2e3f24d4380059c159a4a3dfea278b5e4ecb81bf4
2020-03-30,2020-03-30 00:00:00,2020-03-31 00:00:00,UNRESOLVED,NAS100_LABELLED_D1_BAR_START_DATE_ONLY,2020-03-30T00:00:00-04:00,2020-03-30T04:00:00Z,2020-03-30T12:00:00+08:00,"-1 day, 20:00:00",08d1812ee1fa8044b068d9776e82d28740d9512299ea98222044536ecf5c071f
2020-03-31,2020-03-31 00:00:00,2020-04-01 00:00:00,UNRESOLVED,NAS100_LABELLED_D1_BAR_START_DATE_ONLY,2020-03-31T00:00:00-04:00,2020-03-31T04:00:00Z,2020-03-31T12:00:00+08:00,"-1 day, 20:00:00",62b7fcd8e25efed0f3bd2fac0d5d423962c4461f640ac29299372d8f2552a858
2020-04-01,2020-04-01 00:00:00,2020-04-02 00:00:00,UNRESOLVED,NAS100_LABELLED_D1_BAR_START_DATE_ONLY,2020-04-01T00:00:00-04:00,2020-04-01T04:00:00Z,2020-04-01T12:00:00+08:00,"-1 day, 20:00:00",23b00bfbfe89d91dc3621e7e6230639695db8189be12243150df6458353225b7
2020-04-02,2020-04-02 00:00:00,2020-04-03 00:00:00,UNRESOLVED,NAS100_LABELLED_D1_BAR_START_DATE_ONLY,2020-04-02T00:00:00-04:00,2020-04-02T04:00:00Z,2020-04-02T12:00:00+08:00,"-1 day, 20:00:00",c4cb393efa059d7212eeb3f3e616aa632dc80d1fd4c08db395044090a463fad2
2020-04-03,2020-04-03 00:00:00,2020-04-04 00:00:00,UNRESOLVED,NAS100_LABELLED_D1_BAR_START_DATE_ONLY,2020-04-03T00:00:00-04:00,2020-04-03T04:00:00Z,2020-04-03T12:00:00+08:00,"-1 day, 20:00:00",7da743a0191d2087ea1adc28f9180ff25d98bf0601b88c44c827702fadc66a3e
2020-04-06,2020-04-06 00:00:00,2020-04-07 00:00:00,UNRESOLVED,NAS100_LABELLED_D1_BAR_START_DATE_ONLY,2020-04-06T00:00:00-04:00,2020-04-06T04:00:00Z,2020-04-06T12:00:00+08:00,"-1 day, 20:00:00",c297b87786faa42998051414ef165c976b4300d3106fd3a9e69c26d92c98592f
2020-04-07,2020-04-07 00:00:00,2020-04-08 00:00:00,UNRESOLVED,NAS100_LABELLED_D1_BAR_START_DATE_ONLY,2020-04-07T00:00:00-04:00,2020-04-07T04:00:00Z,2020-04-07T12:00:00+08:00,"-1 day, 20:00:00",48e936ed659a743a7f0fd344bab20900cfe3e80456bae75e2b31d6e55432bfd6
2020-04-08,2020-04-08 00:00:00,2020-04-09 00:00:00,UNRESOLVED,NAS100_LABELLED_D1_BAR_START_DATE_ONLY,2020-04-08T00:00:00-04:00,2020-04-08T04:00:00Z,2020-04-08T12:00:00+08:00,"-1 day, 20:00:00",ad958464bb4957d964b57b51025cebfd524c458b4e97cd6e1b1439e5365153e3
2020-04-09,2020-04-09 00:00:00,2020-04-10 00:00:00,UNRESOLVED,NAS100_LABELLED_D1_BAR_START_DATE_ONLY,2020-04-09T00:00:00-04:00,2020-04-09T04:00:00Z,2020-04-09T12:00:00+08:00,"-1 day, 20:00:00",a9e96f3113dd3a71bcfa102603aaabf79b9a27fce4dd257af5284fbda6990d4c
2020-04-13,2020-04-13 00:00:00,2020-04-14 00:00:00,UNRESOLVED,NAS100_LABELLED_D1_BAR_START_DATE_ONLY,2020-04-13T00:00:00-04:00,2020-04-13T04:00:00Z,2020-04-13T12:00:00+08:00,"-1 day, 20:00:00",c39d3d5ab210fff8c35f0fbea5adbf6b0c897bd39c9e9ffa8d9d4b6b828bf985
2020-04-14,2020-04-14 00:00:00,2020-04-15 00:00:00,UNRESOLVED,NAS100_LABELLED_D1_BAR_START_DATE_ONLY,2020-04-14T00:00:00-04:00,2020-04-14T04:00:00Z,2020-04-14T12:00:00+08:00,"-1 day, 20:00:00",a91fb284ed4c08768e70275dc4c8da87ae5f69e4527ef99bf5355b420d444d32
2020-04-15,2020-04-15 00:00:00,2020-04-16 00:00:00,UNRESOLVED,NAS100_LABELLED_D1_BAR_START_DATE_ONLY,2020-04-15T00:00:00-04:00,2020-04-15T04:00:00Z,2020-04-15T12:00:00+08:00,"-1 day, 20:00:00",ef00cb54380a79e0971205da88d359316a8db98b6e67b4ee6f02c9da29086305
2020-04-16,2020-04-16 00:00:00,2020-04-17 00:00:00,UNRESOLVED,NAS100_LABELLED_D1_BAR_START_DATE_ONLY,2020-04-16T00:00:00-04:00,2020-04-16T04:00:00Z,2020-04-16T12:00:00+08:00,"-1 day, 20:00:00",13ff236c8eb43628962fdded3399f187cb51f47ad527f9ca56960b9b277fca32
2020-04-17,2020-04-17 00:00:00,2020-04-18 00:00:00,UNRESOLVED,NAS100_LABELLED_D1_BAR_START_DATE_ONLY,2020-04-17T00:00:00-04:00,2020-04-17T04:00:00Z,2020-04-17T12:00:00+08:00,"-1 day, 20:00:00",98a98d62b627d21272e1e3a058ceb145c23d05c91f2a2841f0f729592e7e3df9
2020-04-20,2020-04-20 00:00:00,2020-04-21 00:00:00,UNRESOLVED,NAS100_LABELLED_D1_BAR_START_DATE_ONLY,2020-04-20T00:00:00-04:00,2020-04-20T04:00:00Z,2020-04-20T12:00:00+08:00,"-1 day, 20:00:00",9bd61ba54bbc4100e94ef728b410e6c8e1544a15821c69b1c6b8fc601da168b7
2020-04-21,2020-04-21 00:00:00,2020-04-22 00:00:00,UNRESOLVED,NAS100_LABELLED_D1_BAR_START_DATE_ONLY,2020-04-21T00:00:00-04:00,2020-04-21T04:00:00Z,2020-04-21T12:00:00+08:00,"-1 day, 20:00:00",490786e8c229a0ac720d55373ea1d129b4a19dcf8eeef7fa95dbdd8dfaea6ee4
2020-04-22,2020-04-22 00:00:00,2020-04-23 00:00:00,UNRESOLVED,NAS100_LABELLED_D1_BAR_START_DATE_ONLY,2020-04-22T00:00:00-04:00,2020-04-22T04:00:00Z,2020-04-22T12:00:00+08:00,"-1 day, 20:00:00",57dec83c14c4c5dd327d05b0cc9fe0d091d05f474a7c9de17de80eee5bdc3506
2020-04-23,2020-04-23 00:00:00,2020-04-24 00:00:00,UNRESOLVED,NAS100_LABELLED_D1_BAR_START_DATE_ONLY,2020-04-23T00:00:00-04:00,2020-04-23T04:00:00Z,2020-04-23T12:00:00+08:00,"-1 day, 20:00:00",94276e6ce32fd094b0e181bbdc467f4e0caa5e78c03a0c54d727118e346c2bb8
2020-04-24,2020-04-24 00:00:00,2020-04-25 00:00:00,UNRESOLVED,NAS100_LABELLED_D1_BAR_START_DATE_ONLY,2020-04-24T00:00:00-04:00,2020-04-24T04:00:00Z,2020-04-24T12:00:00+08:00,"-1 day, 20:00:00",38c413e1cd2a9f66bbd53fcd4e1fb4f5145ae332913598c3cd1ec9956f046996
2020-04-27,2020-04-27 00:00:00,2020-04-28 00:00:00,UNRESOLVED,NAS100_LABELLED_D1_BAR_START_DATE_ONLY,2020-04-27T00:00:00-04:00,2020-04-27T04:00:00Z,2020-04-27T12:00:00+08:00,"-1 day, 20:00:00",e425fe52e444fb6f59a4c2dc872ef62d3d0af7c39b9130775489dabb1f00bd45
2020-04-28,2020-04-28 00:00:00,2020-04-29 00:00:00,UNRESOLVED,NAS100_LABELLED_D1_BAR_START_DATE_ONLY,2020-04-28T00:00:00-04:00,2020-04-28T04:00:00Z,2020-04-28T12:00:00+08:00,"-1 day, 20:00:00",0145b41c376ce410b3ebb56fd7e71b22897ddd00c96f7009bc5948196c0d7aae
2020-04-29,2020-04-29 00:00:00,2020-04-30 00:00:00,UNRESOLVED,NAS100_LABELLED_D1_BAR_START_DATE_ONLY,2020-04-29T00:00:00-04:00,2020-04-29T04:00:00Z,2020-04-29T12:00:00+08:00,"-1 day, 20:00:00",ddfbd2c1a363692db66729e3cbd55044d024096c83b708f26235cdd53bd9a111
2020-04-30,2020-04-30 00:00:00,2020-05-01 00:00:00,UNRESOLVED,NAS100_LABELLED_D1_BAR_START_DATE_ONLY,2020-04-30T00:00:00-04:00,2020-04-30T04:00:00Z,2020-04-30T12:00:00+08:00,"-1 day, 20:00:00",b1a4109e2f356470e2eedf97878ab218d7853466af6c0a2f646a6fd4bcdfa4bb
2020-05-01,2020-05-01 00:00:00,2020-05-02 00:00:00,UNRESOLVED,NAS100_LABELLED_D1_BAR_START_DATE_ONLY,2020-05-01T00:00:00-04:00,2020-05-01T04:00:00Z,2020-05-01T12:00:00+08:00,"-1 day, 20:00:00",518d542fbf34a44a3ef067ce498821982eab212ee886901d28654176bf298b05
2020-05-04,2020-05-04 00:00:00,2020-05-05 00:00:00,UNRESOLVED,NAS100_LABELLED_D1_BAR_START_DATE_ONLY,2020-05-04T00:00:00-04:00,2020-05-04T04:00:00Z,2020-05-04T12:00:00+08:00,"-1 day, 20:00:00",087c7bd460ddde17483f5dd441f308b5c161f5c61db114c8d9d5c1c1185954c5
2020-05-05,2020-05-05 00:00:00,2020-05-06 00:00:00,UNRESOLVED,NAS100_LABELLED_D1_BAR_START_DATE_ONLY,2020-05-05T00:00:00-04:00,2020-05-05T04:00:00Z,2020-05-05T12:00:00+08:00,"-1 day, 20:00:00",c4b6174574d700e6fb35541b0ec75ed610d7d80322b77df8ea0aff1b22ea1dfa
2020-05-06,2020-05-06 00:00:00,2020-05-07 00:00:00,UNRESOLVED,NAS100_LABELLED_D1_BAR_START_DATE_ONLY,2020-05-06T00:00:00-04:00,2020-05-06T04:00:00Z,2020-05-06T12:00:00+08:00,"-1 day, 20:00:00",e75090ae3a669d19a0ff8bdb3d56909f5cbc70f6d57a6ab319f6ff92ab06aecf
2020-05-07,2020-05-07 00:00:00,2020-05-08 00:00:00,UNRESOLVED,NAS100_LABELLED_D1_BAR_START_DATE_ONLY,2020-05-07T00:00:00-04:00,2020-05-07T04:00:00Z,2020-05-07T12:00:00+08:00,"-1 day, 20:00:00",e5c86c6be191758397d7cb5284b8c8fdb0a79f4de0d3471edb8cf89c51271c2c
2020-05-08,2020-05-08 00:00:00,2020-05-09 00:00:00,UNRESOLVED,NAS100_LABELLED_D1_BAR_START_DATE_ONLY,2020-05-08T00:00:00-04:00,2020-05-08T04:00:00Z,2020-05-08T12:00:00+08:00,"-1 day, 20:00:00",608ee9e17d95d74dbae01535eccef123152545b44884d24f67181eecdaf27808
2020-05-11,2020-05-11 00:00:00,2020-05-12 00:00:00,UNRESOLVED,NAS100_LABELLED_D1_BAR_START_DATE_ONLY,2020-05-11T00:00:00-04:00,2020-05-11T04:00:00Z,2020-05-11T12:00:00+08:00,"-1 day, 20:00:00",b55d1e7b0511c0611463e0f7248124b2e7c48f10421de571feb52a44cb1fb185
2020-05-12,2020-05-12 00:00:00,2020-05-13 00:00:00,UNRESOLVED,NAS100_LABELLED_D1_BAR_START_DATE_ONLY,2020-05-12T00:00:00-04:00,2020-05-12T04:00:00Z,2020-05-12T12:00:00+08:00,"-1 day, 20:00:00",117ae03cefde88b978b2e5ca9957ad4b5c8f31ed39e3202d3875f348f023f8fb
2020-05-13,2020-05-13 00:00:00,2020-05-14 00:00:00,UNRESOLVED,NAS100_LABELLED_D1_BAR_START_DATE_ONLY,2020-05-13T00:00:00-04:00,2020-05-13T04:00:00Z,2020-05-13T12:00:00+08:00,"-1 day, 20:00:00",15d90d898b196da5bf5764d4901f687a6207e77a4f6df6485d340668b865a28d
2020-05-14,2020-05-14 00:00:00,2020-05-15 00:00:00,UNRESOLVED,NAS100_LABELLED_D1_BAR_START_DATE_ONLY,2020-05-14T00:00:00-04:00,2020-05-14T04:00:00Z,2020-05-14T12:00:00+08:00,"-1 day, 20:00:00",beefb469b1d7bfa53b9d3002a995522c91f93700c427d71a4f5d6733bb35875a
2020-05-15,2020-05-15 00:00:00,2020-05-16 00:00:00,UNRESOLVED,NAS100_LABELLED_D1_BAR_START_DATE_ONLY,2020-05-15T00:00:00-04:00,2020-05-15T04:00:00Z,2020-05-15T12:00:00+08:00,"-1 day, 20:00:00",9b3232887199dbb095d2dbea4df3f1198053e8f93315731904843b191def8b1b
2020-05-18,2020-05-18 00:00:00,2020-05-19 00:00:00,UNRESOLVED,NAS100_LABELLED_D1_BAR_START_DATE_ONLY,2020-05-18T00:00:00-04:00,2020-05-18T04:00:00Z,2020-05-18T12:00:00+08:00,"-1 day, 20:00:00",54bc110d253476d415c9267e0dc6b999d21ac2471d1fd8d1183d1542beaa8452
2020-05-19,2020-05-19 00:00:00,2020-05-20 00:00:00,UNRESOLVED,NAS100_LABELLED_D1_BAR_START_DATE_ONLY,2020-05-19T00:00:00-04:00,2020-05-19T04:00:00Z,2020-05-19T12:00:00+08:00,"-1 day, 20:00:00",74dd91c8db300d011a47bf9a3f9b9865ad47a8fce6862c7b3740bb587753632d
2020-05-20,2020-05-20 00:00:00,2020-05-21 00:00:00,UNRESOLVED,NAS100_LABELLED_D1_BAR_START_DATE_ONLY,2020-05-20T00:00:00-04:00,2020-05-20T04:00:00Z,2020-05-20T12:00:00+08:00,"-1 day, 20:00:00",044cd04f269b0a59602fed7fcfda66c72e12e2bbe48980ed8e3273bba49b02d7
2020-05-21,2020-05-21 00:00:00,2020-05-22 00:00:00,UNRESOLVED,NAS100_LABELLED_D1_BAR_START_DATE_ONLY,2020-05-21T00:00:00-04:00,2020-05-21T04:00:00Z,2020-05-21T12:00:00+08:00,"-1 day, 20:00:00",0fa78f6f5b271ae7fb8cef38ed0a30628536b85e954314b1325b26507e81b03f
2020-05-22,2020-05-22 00:00:00,2020-05-23 00:00:00,UNRESOLVED,NAS100_LABELLED_D1_BAR_START_DATE_ONLY,2020-05-22T00:00:00-04:00,2020-05-22T04:00:00Z,2020-05-22T12:00:00+08:00,"-1 day, 20:00:00",994ad1675d9580d809376c6f6222f743d6d550a8aacb8f1ed7866fca7630175b
2020-05-25,2020-05-25 00:00:00,2020-05-26 00:00:00,UNRESOLVED,NAS100_LABELLED_D1_BAR_START_DATE_ONLY,2020-05-25T00:00:00-04:00,2020-05-25T04:00:00Z,2020-05-25T12:00:00+08:00,"-1 day, 20:00:00",b2e4ef48b1ab6256e61a9090d95ff7716289346ef2bd5aecad9ee6ea238e8a09
2020-05-26,2020-05-26 00:00:00,2020-05-27 00:00:00,UNRESOLVED,NAS100_LABELLED_D1_BAR_START_DATE_ONLY,2020-05-26T00:00:00-04:00,2020-05-26T04:00:00Z,2020-05-26T12:00:00+08:00,"-1 day, 20:00:00",070a7eb664eb6281346c207b5c3d3ca197f50358439dcb1bad7774cfd72a41a1
2020-05-27,2020-05-27 00:00:00,2020-05-28 00:00:00,UNRESOLVED,NAS100_LABELLED_D1_BAR_START_DATE_ONLY,2020-05-27T00:00:00-04:00,2020-05-27T04:00:00Z,2020-05-27T12:00:00+08:00,"-1 day, 20:00:00",69a982227c12c5fd189aba428171b4f4f5777b52ec3738f5357182ddf00d015a
2020-05-28,2020-05-28 00:00:00,2020-05-29 00:00:00,UNRESOLVED,NAS100_LABELLED_D1_BAR_START_DATE_ONLY,2020-05-28T00:00:00-04:00,2020-05-28T04:00:00Z,2020-05-28T12:00:00+08:00,"-1 day, 20:00:00",b515b455de0b3fa072a7261faa541fcdd2e4380320a94d0ba288787e118ef6e2
2020-05-29,2020-05-29 00:00:00,2020-05-30 00:00:00,UNRESOLVED,NAS100_LABELLED_D1_BAR_START_DATE_ONLY,2020-05-29T00:00:00-04:00,2020-05-29T04:00:00Z,2020-05-29T12:00:00+08:00,"-1 day, 20:00:00",037b7890d17bdd2523f3c18a7fe9a9b527721157061cedd27dca32f5e4a58e0d
2020-06-01,2020-06-01 00:00:00,2020-06-02 00:00:00,UNRESOLVED,NAS100_LABELLED_D1_BAR_START_DATE_ONLY,2020-06-01T00:00:00-04:00,2020-06-01T04:00:00Z,2020-06-01T12:00:00+08:00,"-1 day, 20:00:00",7f46ee8afbac11b87ff9496ed78831fbbecad62c758474caf3f8b3e5b7a54688
2020-06-02,2020-06-02 00:00:00,2020-06-03 00:00:00,UNRESOLVED,NAS100_LABELLED_D1_BAR_START_DATE_ONLY,2020-06-02T00:00:00-04:00,2020-06-02T04:00:00Z,2020-06-02T12:00:00+08:00,"-1 day, 20:00:00",1120ae3955f91d2a70a0b3f02645f1d17ca3090ce05321227459aad2198a850e
2020-06-03,2020-06-03 00:00:00,2020-06-04 00:00:00,UNRESOLVED,NAS100_LABELLED_D1_BAR_START_DATE_ONLY,2020-06-03T00:00:00-04:00,2020-06-03T04:00:00Z,2020-06-03T12:00:00+08:00,"-1 day, 20:00:00",1e98038c2ee6a6165375183cef54e81fd81f81cd3cf198e2c63177e104874c74
2020-06-04,2020-06-04 00:00:00,2020-06-05 00:00:00,UNRESOLVED,NAS100_LABELLED_D1_BAR_START_DATE_ONLY,2020-06-04T00:00:00-04:00,2020-06-04T04:00:00Z,2020-06-04T12:00:00+08:00,"-1 day, 20:00:00",84652e20ae82d9289d57d688e053350cf1faf647215010fd99b9b9ac814b0b3e
2020-06-05,2020-06-05 00:00:00,2020-06-06 00:00:00,UNRESOLVED,NAS100_LABELLED_D1_BAR_START_DATE_ONLY,2020-06-05T00:00:00-04:00,2020-06-05T04:00:00Z,2020-06-05T12:00:00+08:00,"-1 day, 20:00:00",72afd3a43f39651ee3a8f69c6a0d44534a540f26fd416c2ea451566fe22fecf3
2020-06-08,2020-06-08 00:00:00,2020-06-09 00:00:00,UNRESOLVED,NAS100_LABELLED_D1_BAR_START_DATE_ONLY,2020-06-08T00:00:00-04:00,2020-06-08T04:00:00Z,2020-06-08T12:00:00+08:00,"-1 day, 20:00:00",a652921917fb478a01540adab24fd8c933e867bc5d6f26b9901cbca558566359
2020-06-09,2020-06-09 00:00:00,2020-06-10 00:00:00,UNRESOLVED,NAS100_LABELLED_D1_BAR_START_DATE_ONLY,2020-06-09T00:00:00-04:00,2020-06-09T04:00:00Z,2020-06-09T12:00:00+08:00,"-1 day, 20:00:00",1419c1802b6439ac472e7aa2228dbdede4ee24ce1326b907bee5b562253b9737
2020-06-10,2020-06-10 00:00:00,2020-06-11 00:00:00,UNRESOLVED,NAS100_LABELLED_D1_BAR_START_DATE_ONLY,2020-06-10T00:00:00-04:00,2020-06-10T04:00:00Z,2020-06-10T12:00:00+08:00,"-1 day, 20:00:00",7caed3170b17226ea1017b9a6969ab05c6a86e74e5ad3b8e301f2bf710b8cf68
2020-06-11,2020-06-11 00:00:00,2020-06-12 00:00:00,UNRESOLVED,NAS100_LABELLED_D1_BAR_START_DATE_ONLY,2020-06-11T00:00:00-04:00,2020-06-11T04:00:00Z,2020-06-11T12:00:00+08:00,"-1 day, 20:00:00",0d807009c2dcc2a7d7caa6577e614482bf73b2a8531418c3f35f212efee10e4d
2020-06-12,2020-06-12 00:00:00,2020-06-13 00:00:00,UNRESOLVED,NAS100_LABELLED_D1_BAR_START_DATE_ONLY,2020-06-12T00:00:00-04:00,2020-06-12T04:00:00Z,2020-06-12T12:00:00+08:00,"-1 day, 20:00:00",89e6f801a556e086954a20d808d45418f09198acf3e7c83c5c20f046886cbaea
2020-06-15,2020-06-15 00:00:00,2020-06-16 00:00:00,UNRESOLVED,NAS100_LABELLED_D1_BAR_START_DATE_ONLY,2020-06-15T00:00:00-04:00,2020-06-15T04:00:00Z,2020-06-15T12:00:00+08:00,"-1 day, 20:00:00",73726f471aacff17a7d9a4e9798fbe90430dd9400955cc074aba2221e239327c
2020-06-16,2020-06-16 00:00:00,2020-06-17 00:00:00,UNRESOLVED,NAS100_LABELLED_D1_BAR_START_DATE_ONLY,2020-06-16T00:00:00-04:00,2020-06-16T04:00:00Z,2020-06-16T12:00:00+08:00,"-1 day, 20:00:00",c86e3e8c8d832e6138da47cc7b6b4e459ef423edd81dced7e700964176d56b6f
2020-06-17,2020-06-17 00:00:00,2020-06-18 00:00:00,UNRESOLVED,NAS100_LABELLED_D1_BAR_START_DATE_ONLY,2020-06-17T00:00:00-04:00,2020-06-17T04:00:00Z,2020-06-17T12:00:00+08:00,"-1 day, 20:00:00",10e18547226aca2605268789748dd8cb36d97d9af826a65ea85f5a282acb9152
2020-06-18,2020-06-18 00:00:00,2020-06-19 00:00:00,UNRESOLVED,NAS100_LABELLED_D1_BAR_START_DATE_ONLY,2020-06-18T00:00:00-04:00,2020-06-18T04:00:00Z,2020-06-18T12:00:00+08:00,"-1 day, 20:00:00",ed77c70560276635f1ef930d0d9d38b29ff86955813b30b133ad5be4ef7a727d
2020-06-19,2020-06-19 00:00:00,2020-06-20 00:00:00,UNRESOLVED,NAS100_LABELLED_D1_BAR_START_DATE_ONLY,2020-06-19T00:00:00-04:00,2020-06-19T04:00:00Z,2020-06-19T12:00:00+08:00,"-1 day, 20:00:00",e615467045e37f58aa58d8f6cf357d83c3397417e8c1b0df3ace5dec1c18055a
2020-06-22,2020-06-22 00:00:00,2020-06-23 00:00:00,UNRESOLVED,NAS100_LABELLED_D1_BAR_START_DATE_ONLY,2020-06-22T00:00:00-04:00,2020-06-22T04:00:00Z,2020-06-22T12:00:00+08:00,"-1 day, 20:00:00",3273308721cff6e0d2e4d4eb41b1dc39a473c6941dbd237467441c38bde46c09
2020-06-23,2020-06-23 00:00:00,2020-06-24 00:00:00,UNRESOLVED,NAS100_LABELLED_D1_BAR_START_DATE_ONLY,2020-06-23T00:00:00-04:00,2020-06-23T04:00:00Z,2020-06-23T12:00:00+08:00,"-1 day, 20:00:00",13ebf588c4d24b6ea21e68530c616fd7fdfd9d8c9939db187128f07205d03b2e
2020-06-24,2020-06-24 00:00:00,2020-06-25 00:00:00,UNRESOLVED,NAS100_LABELLED_D1_BAR_START_DATE_ONLY,2020-06-24T00:00:00-04:00,2020-06-24T04:00:00Z,2020-06-24T12:00:00+08:00,"-1 day, 20:00:00",c99f63d8e3822a145ed533847008ad0b867ac9ddb5f0616e40fa5c14a71a32d9
2020-06-25,2020-06-25 00:00:00,2020-06-26 00:00:00,UNRESOLVED,NAS100_LABELLED_D1_BAR_START_DATE_ONLY,2020-06-25T00:00:00-04:00,2020-06-25T04:00:00Z,2020-06-25T12:00:00+08:00,"-1 day, 20:00:00",549120982df3b029764cc43f3448f16170e7883e53c5e087fd2c09eaac258fd1
2020-06-26,2020-06-26 00:00:00,2020-06-27 00:00:00,UNRESOLVED,NAS100_LABELLED_D1_BAR_START_DATE_ONLY,2020-06-26T00:00:00-04:00,2020-06-26T04:00:00Z,2020-06-26T12:00:00+08:00,"-1 day, 20:00:00",de734576ab4d6f9655c58e03c4ccd5d125739c50ae8b4cb73c8e9de29c2fa797
2020-06-29,2020-06-29 00:00:00,2020-06-30 00:00:00,UNRESOLVED,NAS100_LABELLED_D1_BAR_START_DATE_ONLY,2020-06-29T00:00:00-04:00,2020-06-29T04:00:00Z,2020-06-29T12:00:00+08:00,"-1 day, 20:00:00",4ab448e978c9954699b98f4f5c09e11a893f57ce41451151bca1068f797d3ad7
2020-06-30,2020-06-30 00:00:00,2020-07-01 00:00:00,UNRESOLVED,NAS100_LABELLED_D1_BAR_START_DATE_ONLY,2020-06-30T00:00:00-04:00,2020-06-30T04:00:00Z,2020-06-30T12:00:00+08:00,"-1 day, 20:00:00",a8f4b2657498af81866d2565c1869300df42b2e1f57fb1af5de41e63d5e1255a
2020-07-01,2020-07-01 00:00:00,2020-07-02 00:00:00,UNRESOLVED,NAS100_LABELLED_D1_BAR_START_DATE_ONLY,2020-07-01T00:00:00-04:00,2020-07-01T04:00:00Z,2020-07-01T12:00:00+08:00,"-1 day, 20:00:00",ca55af64c8879e2108b576a30e265400c9e9287259fe3c0107efebd17c5838fa
2020-07-02,2020-07-02 00:00:00,2020-07-03 00:00:00,UNRESOLVED,NAS100_LABELLED_D1_BAR_START_DATE_ONLY,2020-07-02T00:00:00-04:00,2020-07-02T04:00:00Z,2020-07-02T12:00:00+08:00,"-1 day, 20:00:00",ee97e663669702d5c74c674b12a7230c8c3fdfe3037a0968e46e3bf781b3d16c
2020-07-03,2020-07-03 00:00:00,2020-07-04 00:00:00,UNRESOLVED,NAS100_LABELLED_D1_BAR_START_DATE_ONLY,2020-07-03T00:00:00-04:00,2020-07-03T04:00:00Z,2020-07-03T12:00:00+08:00,"-1 day, 20:00:00",a3ba8a95669ca889414d766020c35090b5e7a1be9f30a8590fa337df79a8dfaa
2020-07-06,2020-07-06 00:00:00,2020-07-07 00:00:00,UNRESOLVED,NAS100_LABELLED_D1_BAR_START_DATE_ONLY,2020-07-06T00:00:00-04:00,2020-07-06T04:00:00Z,2020-07-06T12:00:00+08:00,"-1 day, 20:00:00",2d29563d6d4f348e3a9aa62cb27e70264ff19823c71e12eb55026f9cb54a05ad
2020-07-07,2020-07-07 00:00:00,2020-07-08 00:00:00,UNRESOLVED,NAS100_LABELLED_D1_BAR_START_DATE_ONLY,2020-07-07T00:00:00-04:00,2020-07-07T04:00:00Z,2020-07-07T12:00:00+08:00,"-1 day, 20:00:00",ca5d37f00b03421befb18d36f718244a8e8f8f4d81f43030484a6b414f2684e4
2020-07-08,2020-07-08 00:00:00,2020-07-09 00:00:00,UNRESOLVED,NAS100_LABELLED_D1_BAR_START_DATE_ONLY,2020-07-08T00:00:00-04:00,2020-07-08T04:00:00Z,2020-07-08T12:00:00+08:00,"-1 day, 20:00:00",3a1b2334a08c78e0d7caf3b7573200a76e2d683ff22c8c954d8840e51108d7f0
2020-07-09,2020-07-09 00:00:00,2020-07-10 00:00:00,UNRESOLVED,NAS100_LABELLED_D1_BAR_START_DATE_ONLY,2020-07-09T00:00:00-04:00,2020-07-09T04:00:00Z,2020-07-09T12:00:00+08:00,"-1 day, 20:00:00",f5bbfa506757c1b24ab75e85b647b7912d2fbc1bf49535c2cf8fc64d86377edc
2020-07-10,2020-07-10 00:00:00,2020-07-11 00:00:00,UNRESOLVED,NAS100_LABELLED_D1_BAR_START_DATE_ONLY,2020-07-10T00:00:00-04:00,2020-07-10T04:00:00Z,2020-07-10T12:00:00+08:00,"-1 day, 20:00:00",0a55bddd1b92f0dabce4b54dfe277cd7394103232b671b290954443dc0dfa2f3
2020-07-13,2020-07-13 00:00:00,2020-07-14 00:00:00,UNRESOLVED,NAS100_LABELLED_D1_BAR_START_DATE_ONLY,2020-07-13T00:00:00-04:00,2020-07-13T04:00:00Z,2020-07-13T12:00:00+08:00,"-1 day, 20:00:00",96f2a6b73ea65e8054ae90305598d59a522e50597d3104ee4059ad19ce04ae1a
2020-07-14,2020-07-14 00:00:00,2020-07-15 00:00:00,UNRESOLVED,NAS100_LABELLED_D1_BAR_START_DATE_ONLY,2020-07-14T00:00:00-04:00,2020-07-14T04:00:00Z,2020-07-14T12:00:00+08:00,"-1 day, 20:00:00",16a8111732b4c9e09b68f16fdce7e288884f6c57cebf227d3faa9c55ea4f10e6
2020-07-15,2020-07-15 00:00:00,2020-07-16 00:00:00,UNRESOLVED,NAS100_LABELLED_D1_BAR_START_DATE_ONLY,2020-07-15T00:00:00-04:00,2020-07-15T04:00:00Z,2020-07-15T12:00:00+08:00,"-1 day, 20:00:00",de65338630acd2662667d24956255db4bc7ac8f54135c81af65380667b6d50e5
2020-07-16,2020-07-16 00:00:00,2020-07-17 00:00:00,UNRESOLVED,NAS100_LABELLED_D1_BAR_START_DATE_ONLY,2020-07-16T00:00:00-04:00,2020-07-16T04:00:00Z,2020-07-16T12:00:00+08:00,"-1 day, 20:00:00",b668e51bef3776b1ea82d7e44afb6623a00aa0693891ec13e133fa8bf21b6238
2020-07-17,2020-07-17 00:00:00,2020-07-18 00:00:00,UNRESOLVED,NAS100_LABELLED_D1_BAR_START_DATE_ONLY,2020-07-17T00:00:00-04:00,2020-07-17T04:00:00Z,2020-07-17T12:00:00+08:00,"-1 day, 20:00:00",a9ed1dbffe6876b89554a86a63db576644146145d4dca88523b6840dfaebc2b7
2020-07-20,2020-07-20 00:00:00,2020-07-21 00:00:00,UNRESOLVED,NAS100_LABELLED_D1_BAR_START_DATE_ONLY,2020-07-20T00:00:00-04:00,2020-07-20T04:00:00Z,2020-07-20T12:00:00+08:00,"-1 day, 20:00:00",e3569fd02baa94cfa1f58729ff552ec0246c49d3ce0c67e9c8f3ce85a69bbdd0
2020-07-21,2020-07-21 00:00:00,2020-07-22 00:00:00,UNRESOLVED,NAS100_LABELLED_D1_BAR_START_DATE_ONLY,2020-07-21T00:00:00-04:00,2020-07-21T04:00:00Z,2020-07-21T12:00:00+08:00,"-1 day, 20:00:00",c330a50b81098122b986afafa35c6ac2fd8244011368cbd6bdbcc92f0c51154e
2020-07-22,2020-07-22 00:00:00,2020-07-23 00:00:00,UNRESOLVED,NAS100_LABELLED_D1_BAR_START_DATE_ONLY,2020-07-22T00:00:00-04:00,2020-07-22T04:00:00Z,2020-07-22T12:00:00+08:00,"-1 day, 20:00:00",dd5990178f09f1fa4ae022380ceeaa10fade4d83cadb76a0724b401580081ade
2020-07-23,2020-07-23 00:00:00,2020-07-24 00:00:00,UNRESOLVED,NAS100_LABELLED_D1_BAR_START_DATE_ONLY,2020-07-23T00:00:00-04:00,2020-07-23T04:00:00Z,2020-07-23T12:00:00+08:00,"-1 day, 20:00:00",e6e8b3b193889ab47c78af45d75acc3b66866677230454423cc19920054925fa
2020-07-24,2020-07-24 00:00:00,2020-07-25 00:00:00,UNRESOLVED,NAS100_LABELLED_D1_BAR_START_DATE_ONLY,2020-07-24T00:00:00-04:00,2020-07-24T04:00:00Z,2020-07-24T12:00:00+08:00,"-1 day, 20:00:00",0e99c64af19f45477e2584ef8ff36bc3eb3b1967f5160ce140c7200a6dda37ce
2020-07-27,2020-07-27 00:00:00,2020-07-28 00:00:00,UNRESOLVED,NAS100_LABELLED_D1_BAR_START_DATE_ONLY,2020-07-27T00:00:00-04:00,2020-07-27T04:00:00Z,2020-07-27T12:00:00+08:00,"-1 day, 20:00:00",60a8d0e3f5e7a26ea81b9fb76809ec7c7c5eb71e66481842ba9d31bae54b129e
2020-07-28,2020-07-28 00:00:00,2020-07-29 00:00:00,UNRESOLVED,NAS100_LABELLED_D1_BAR_START_DATE_ONLY,2020-07-28T00:00:00-04:00,2020-07-28T04:00:00Z,2020-07-28T12:00:00+08:00,"-1 day, 20:00:00",c35daaf6b5c59e14e503c47785be82302b8fe0017900d05add5ad1d35204ff1a
2020-07-29,2020-07-29 00:00:00,2020-07-30 00:00:00,UNRESOLVED,NAS100_LABELLED_D1_BAR_START_DATE_ONLY,2020-07-29T00:00:00-04:00,2020-07-29T04:00:00Z,2020-07-29T12:00:00+08:00,"-1 day, 20:00:00",d179fdf6e7935fa66a5fdc9d62adc1b5b33ba20245663cb471bde38dd36a9a06
2020-07-30,2020-07-30 00:00:00,2020-07-31 00:00:00,UNRESOLVED,NAS100_LABELLED_D1_BAR_START_DATE_ONLY,2020-07-30T00:00:00-04:00,2020-07-30T04:00:00Z,2020-07-30T12:00:00+08:00,"-1 day, 20:00:00",5889c863b441792181c8b8e963f661c6bbbbe1600df4bf0ca89610af3fd3ead5
2020-07-31,2020-07-31 00:00:00,2020-08-01 00:00:00,UNRESOLVED,NAS100_LABELLED_D1_BAR_START_DATE_ONLY,2020-07-31T00:00:00-04:00,2020-07-31T04:00:00Z,2020-07-31T12:00:00+08:00,"-1 day, 20:00:00",fc1e513e59ce92f57c4c3d0032d59c070d99200c9a29c88c86bd433fdb672f36
2020-08-03,2020-08-03 00:00:00,2020-08-04 00:00:00,UNRESOLVED,NAS100_LABELLED_D1_BAR_START_DATE_ONLY,2020-08-03T00:00:00-04:00,2020-08-03T04:00:00Z,2020-08-03T12:00:00+08:00,"-1 day, 20:00:00",5756dd0faefd041e97a8da4c907cf45614572ad69145535e77f93fe59f077194
2020-08-04,2020-08-04 00:00:00,2020-08-05 00:00:00,UNRESOLVED,NAS100_LABELLED_D1_BAR_START_DATE_ONLY,2020-08-04T00:00:00-04:00,2020-08-04T04:00:00Z,2020-08-04T12:00:00+08:00,"-1 day, 20:00:00",ec19b49b8f4e36098388ddab519266015ef6abab899ce820497f972583fda07f
2020-08-05,2020-08-05 00:00:00,2020-08-06 00:00:00,UNRESOLVED,NAS100_LABELLED_D1_BAR_START_DATE_ONLY,2020-08-05T00:00:00-04:00,2020-08-05T04:00:00Z,2020-08-05T12:00:00+08:00,"-1 day, 20:00:00",ccf15b483ba3622355786da92e2089dd7ef0cb304f5b178e87e5c3c0f3b98fd4
2020-08-06,2020-08-06 00:00:00,2020-08-07 00:00:00,UNRESOLVED,NAS100_LABELLED_D1_BAR_START_DATE_ONLY,2020-08-06T00:00:00-04:00,2020-08-06T04:00:00Z,2020-08-06T12:00:00+08:00,"-1 day, 20:00:00",04fcca6a13783818d86fa4886a565ecf55ce176cd83581385d9e27cff91dfa9c
2020-08-07,2020-08-07 00:00:00,2020-08-08 00:00:00,UNRESOLVED,NAS100_LABELLED_D1_BAR_START_DATE_ONLY,2020-08-07T00:00:00-04:00,2020-08-07T04:00:00Z,2020-08-07T12:00:00+08:00,"-1 day, 20:00:00",a6c7d2f69dc39b2ae7d2c61022b03b566698870d89ad4394544be023a57dcf02
2020-08-10,2020-08-10 00:00:00,2020-08-11 00:00:00,UNRESOLVED,NAS100_LABELLED_D1_BAR_START_DATE_ONLY,2020-08-10T00:00:00-04:00,2020-08-10T04:00:00Z,2020-08-10T12:00:00+08:00,"-1 day, 20:00:00",180c6b11359280763993a4d75613f77a91d71f1b87bb8f7718641ec9ed892371
2020-08-11,2020-08-11 00:00:00,2020-08-12 00:00:00,UNRESOLVED,NAS100_LABELLED_D1_BAR_START_DATE_ONLY,2020-08-11T00:00:00-04:00,2020-08-11T04:00:00Z,2020-08-11T12:00:00+08:00,"-1 day, 20:00:00",40525aaf3e7ee8eae1d6b8e741b159564369357688880674fe2ffca6571db8de
2020-08-12,2020-08-12 00:00:00,2020-08-13 00:00:00,UNRESOLVED,NAS100_LABELLED_D1_BAR_START_DATE_ONLY,2020-08-12T00:00:00-04:00,2020-08-12T04:00:00Z,2020-08-12T12:00:00+08:00,"-1 day, 20:00:00",9d89c0c47f76319875af0f67ebae2c2d7885eb0a72641e39b67b6922652e8e9f
2020-08-13,2020-08-13 00:00:00,2020-08-14 00:00:00,UNRESOLVED,NAS100_LABELLED_D1_BAR_START_DATE_ONLY,2020-08-13T00:00:00-04:00,2020-08-13T04:00:00Z,2020-08-13T12:00:00+08:00,"-1 day, 20:00:00",a6acac77ad998db287632221be61abb3971655115b6c7fac3be95f2b4e7fcab5
2020-08-14,2020-08-14 00:00:00,2020-08-15 00:00:00,UNRESOLVED,NAS100_LABELLED_D1_BAR_START_DATE_ONLY,2020-08-14T00:00:00-04:00,2020-08-14T04:00:00Z,2020-08-14T12:00:00+08:00,"-1 day, 20:00:00",a78c90e436c9b7445e35dc64f8564e15cba7fa991388f5968b7129edc7b6fa50
2020-08-17,2020-08-17 00:00:00,2020-08-18 00:00:00,UNRESOLVED,NAS100_LABELLED_D1_BAR_START_DATE_ONLY,2020-08-17T00:00:00-04:00,2020-08-17T04:00:00Z,2020-08-17T12:00:00+08:00,"-1 day, 20:00:00",2379799ac35fe269d77605ce681b5f405cce742eb925fc907a4a9208b6e2bb89
2020-08-18,2020-08-18 00:00:00,2020-08-19 00:00:00,UNRESOLVED,NAS100_LABELLED_D1_BAR_START_DATE_ONLY,2020-08-18T00:00:00-04:00,2020-08-18T04:00:00Z,2020-08-18T12:00:00+08:00,"-1 day, 20:00:00",acc13dbd710f16798a97961e44ced3c073e6f4f0b9059d6bce5ae2004c69e705
2020-08-19,2020-08-19 00:00:00,2020-08-20 00:00:00,UNRESOLVED,NAS100_LABELLED_D1_BAR_START_DATE_ONLY,2020-08-19T00:00:00-04:00,2020-08-19T04:00:00Z,2020-08-19T12:00:00+08:00,"-1 day, 20:00:00",a3b031c679235cebc684fb592768bea462826050b6ff09f191f690e0e570def1
2020-08-20,2020-08-20 00:00:00,2020-08-21 00:00:00,UNRESOLVED,NAS100_LABELLED_D1_BAR_START_DATE_ONLY,2020-08-20T00:00:00-04:00,2020-08-20T04:00:00Z,2020-08-20T12:00:00+08:00,"-1 day, 20:00:00",943d16386892c6151cd5c0e00908289917ffb2f3f4498a3e5a8ad903f8236ca1
2020-08-21,2020-08-21 00:00:00,2020-08-22 00:00:00,UNRESOLVED,NAS100_LABELLED_D1_BAR_START_DATE_ONLY,2020-08-21T00:00:00-04:00,2020-08-21T04:00:00Z,2020-08-21T12:00:00+08:00,"-1 day, 20:00:00",7e7421d63855f2f50954daa0e42aae59643afa54ae5a45682c1dcde372b26b40
2020-08-24,2020-08-24 00:00:00,2020-08-25 00:00:00,UNRESOLVED,NAS100_LABELLED_D1_BAR_START_DATE_ONLY,2020-08-24T00:00:00-04:00,2020-08-24T04:00:00Z,2020-08-24T12:00:00+08:00,"-1 day, 20:00:00",e9129098ffc090f1c1f1d14c35e52ba5cb0bfb8bfe5457246cca23e3d486aea1
2020-08-25,2020-08-25 00:00:00,2020-08-26 00:00:00,UNRESOLVED,NAS100_LABELLED_D1_BAR_START_DATE_ONLY,2020-08-25T00:00:00-04:00,2020-08-25T04:00:00Z,2020-08-25T12:00:00+08:00,"-1 day, 20:00:00",e5bf1235c68734979e6c8c34a35520c2ec2edcd2422e39635b3fe9345cd2af89
2020-08-26,2020-08-26 00:00:00,2020-08-27 00:00:00,UNRESOLVED,NAS100_LABELLED_D1_BAR_START_DATE_ONLY,2020-08-26T00:00:00-04:00,2020-08-26T04:00:00Z,2020-08-26T12:00:00+08:00,"-1 day, 20:00:00",fb1a33a160a3f59d2a9b12bdf5234d8f2171b96b47f04e4113020df4b4ae700f
2020-08-27,2020-08-27 00:00:00,2020-08-28 00:00:00,UNRESOLVED,NAS100_LABELLED_D1_BAR_START_DATE_ONLY,2020-08-27T00:00:00-04:00,2020-08-27T04:00:00Z,2020-08-27T12:00:00+08:00,"-1 day, 20:00:00",51021f79fe9b88e25f8fe657c46ab37b4d4765e5e677c896d0fabfcdfb3b0de2
2020-08-28,2020-08-28 00:00:00,2020-08-29 00:00:00,UNRESOLVED,NAS100_LABELLED_D1_BAR_START_DATE_ONLY,2020-08-28T00:00:00-04:00,2020-08-28T04:00:00Z,2020-08-28T12:00:00+08:00,"-1 day, 20:00:00",32bb9ae7fc823831a7f6ba4b13b41a620c936da2167ca16e72ce0de026f386ee
2020-08-31,2020-08-31 00:00:00,2020-09-01 00:00:00,UNRESOLVED,NAS100_LABELLED_D1_BAR_START_DATE_ONLY,2020-08-31T00:00:00-04:00,2020-08-31T04:00:00Z,2020-08-31T12:00:00+08:00,"-1 day, 20:00:00",b8c9dfe636378982fe3869c401e99b4737abcd8f251c23bb3fd247a14e6ba68f
2020-09-01,2020-09-01 00:00:00,2020-09-02 00:00:00,UNRESOLVED,NAS100_LABELLED_D1_BAR_START_DATE_ONLY,2020-09-01T00:00:00-04:00,2020-09-01T04:00:00Z,2020-09-01T12:00:00+08:00,"-1 day, 20:00:00",451f4f9522600760e12e4a45772057d48574404b65edf117b662566f0fa06530
2020-09-02,2020-09-02 00:00:00,2020-09-03 00:00:00,UNRESOLVED,NAS100_LABELLED_D1_BAR_START_DATE_ONLY,2020-09-02T00:00:00-04:00,2020-09-02T04:00:00Z,2020-09-02T12:00:00+08:00,"-1 day, 20:00:00",a786872e06d1f0fca2ddb0f4501f7da0483dbba02303c925ce784476cadd46b9
2020-09-03,2020-09-03 00:00:00,2020-09-04 00:00:00,UNRESOLVED,NAS100_LABELLED_D1_BAR_START_DATE_ONLY,2020-09-03T00:00:00-04:00,2020-09-03T04:00:00Z,2020-09-03T12:00:00+08:00,"-1 day, 20:00:00",eba3b1f66ea1f227a4c5264452945b3033c012c21a04a9d73c9842a51f225e79
2020-09-04,2020-09-04 00:00:00,2020-09-05 00:00:00,UNRESOLVED,NAS100_LABELLED_D1_BAR_START_DATE_ONLY,2020-09-04T00:00:00-04:00,2020-09-04T04:00:00Z,2020-09-04T12:00:00+08:00,"-1 day, 20:00:00",91f08c84091a08d97e109955ebea2a8772d4243e2ab41bf1690595041e7313c6
2020-09-07,2020-09-07 00:00:00,2020-09-08 00:00:00,UNRESOLVED,NAS100_LABELLED_D1_BAR_START_DATE_ONLY,2020-09-07T00:00:00-04:00,2020-09-07T04:00:00Z,2020-09-07T12:00:00+08:00,"-1 day, 20:00:00",96e974ac0826fd3ff771ddd1f65dac975483ef80c3d6f8a04d34125dfcae6931
2020-09-08,2020-09-08 00:00:00,2020-09-09 00:00:00,UNRESOLVED,NAS100_LABELLED_D1_BAR_START_DATE_ONLY,2020-09-08T00:00:00-04:00,2020-09-08T04:00:00Z,2020-09-08T12:00:00+08:00,"-1 day, 20:00:00",648519d13c2ac0d643d5f2bc39f034162074c0b56869ec1f34b4ed7bf143e4da
2020-09-09,2020-09-09 00:00:00,2020-09-10 00:00:00,UNRESOLVED,NAS100_LABELLED_D1_BAR_START_DATE_ONLY,2020-09-09T00:00:00-04:00,2020-09-09T04:00:00Z,2020-09-09T12:00:00+08:00,"-1 day, 20:00:00",ded40cc3a312e391416550671b87a5425247c698219545abb492ffb773048256
2020-09-10,2020-09-10 00:00:00,2020-09-11 00:00:00,UNRESOLVED,NAS100_LABELLED_D1_BAR_START_DATE_ONLY,2020-09-10T00:00:00-04:00,2020-09-10T04:00:00Z,2020-09-10T12:00:00+08:00,"-1 day, 20:00:00",3d78826ccb9510664c79e00909bced756628c987fee6f86633b0c61dcbd7edaa
2020-09-11,2020-09-11 00:00:00,2020-09-12 00:00:00,UNRESOLVED,NAS100_LABELLED_D1_BAR_START_DATE_ONLY,2020-09-11T00:00:00-04:00,2020-09-11T04:00:00Z,2020-09-11T12:00:00+08:00,"-1 day, 20:00:00",c48d56947a05a570b864b054eaaa88a4a4d03c99afbdd7ce6c8fb1204d793858
2020-09-14,2020-09-14 00:00:00,2020-09-15 00:00:00,UNRESOLVED,NAS100_LABELLED_D1_BAR_START_DATE_ONLY,2020-09-14T00:00:00-04:00,2020-09-14T04:00:00Z,2020-09-14T12:00:00+08:00,"-1 day, 20:00:00",8a7d125f89a9d79b596c74337cc2bc0d37bc03874944bb6714d6683ab076dbc2
2020-09-15,2020-09-15 00:00:00,2020-09-16 00:00:00,UNRESOLVED,NAS100_LABELLED_D1_BAR_START_DATE_ONLY,2020-09-15T00:00:00-04:00,2020-09-15T04:00:00Z,2020-09-15T12:00:00+08:00,"-1 day, 20:00:00",1f270b59ee8d9595221c044da244f3d3ce65495ef9f7fd07658d2aaf6934a73a
2020-09-16,2020-09-16 00:00:00,2020-09-17 00:00:00,UNRESOLVED,NAS100_LABELLED_D1_BAR_START_DATE_ONLY,2020-09-16T00:00:00-04:00,2020-09-16T04:00:00Z,2020-09-16T12:00:00+08:00,"-1 day, 20:00:00",d9e2feebe9fd0146d086cd34e5c7234a2475fdf0f834a0ef3de556eb66de1f4f
2020-09-17,2020-09-17 00:00:00,2020-09-18 00:00:00,UNRESOLVED,NAS100_LABELLED_D1_BAR_START_DATE_ONLY,2020-09-17T00:00:00-04:00,2020-09-17T04:00:00Z,2020-09-17T12:00:00+08:00,"-1 day, 20:00:00",f151c0bf4b4755af0419675d70f0042b73c1479b215fa3e4bf49931422f2b97f
2020-09-18,2020-09-18 00:00:00,2020-09-19 00:00:00,UNRESOLVED,NAS100_LABELLED_D1_BAR_START_DATE_ONLY,2020-09-18T00:00:00-04:00,2020-09-18T04:00:00Z,2020-09-18T12:00:00+08:00,"-1 day, 20:00:00",479814ef3acc835051529e04119d1f4264a0842413d73022372f29aa1208651c
2020-09-21,2020-09-21 00:00:00,2020-09-22 00:00:00,UNRESOLVED,NAS100_LABELLED_D1_BAR_START_DATE_ONLY,2020-09-21T00:00:00-04:00,2020-09-21T04:00:00Z,2020-09-21T12:00:00+08:00,"-1 day, 20:00:00",b76ebbf202439d6b67e54fc2c3438a8ba6b257e67a27000e691a1d00518444e3
2020-09-22,2020-09-22 00:00:00,2020-09-23 00:00:00,UNRESOLVED,NAS100_LABELLED_D1_BAR_START_DATE_ONLY,2020-09-22T00:00:00-04:00,2020-09-22T04:00:00Z,2020-09-22T12:00:00+08:00,"-1 day, 20:00:00",7b226b04e90b28aa7640dd5b5b8fc3d41bbb8d4f97e576183686056c4f7c183d
2020-09-23,2020-09-23 00:00:00,2020-09-24 00:00:00,UNRESOLVED,NAS100_LABELLED_D1_BAR_START_DATE_ONLY,2020-09-23T00:00:00-04:00,2020-09-23T04:00:00Z,2020-09-23T12:00:00+08:00,"-1 day, 20:00:00",713b6bc109feab0a3b4dcc1a2755ed368b7ffc080a0c4ef9052455ebb7214d69
2020-09-24,2020-09-24 00:00:00,2020-09-25 00:00:00,UNRESOLVED,NAS100_LABELLED_D1_BAR_START_DATE_ONLY,2020-09-24T00:00:00-04:00,2020-09-24T04:00:00Z,2020-09-24T12:00:00+08:00,"-1 day, 20:00:00",7df870548958e77502347a94fc313d7549db9d7154f50cf330ec5ba50a0ec294
2020-09-25,2020-09-25 00:00:00,2020-09-26 00:00:00,UNRESOLVED,NAS100_LABELLED_D1_BAR_START_DATE_ONLY,2020-09-25T00:00:00-04:00,2020-09-25T04:00:00Z,2020-09-25T12:00:00+08:00,"-1 day, 20:00:00",495a9d11108ccc0212913d1f5d23af22624fa8bf183ddab7afc0a29019583a24
2020-09-28,2020-09-28 00:00:00,2020-09-29 00:00:00,UNRESOLVED,NAS100_LABELLED_D1_BAR_START_DATE_ONLY,2020-09-28T00:00:00-04:00,2020-09-28T04:00:00Z,2020-09-28T12:00:00+08:00,"-1 day, 20:00:00",6c3ef4efe41e8510caffa49da832296084cf12f0285a358e0bb220078a2fed61
2020-09-29,2020-09-29 00:00:00,2020-09-30 00:00:00,UNRESOLVED,NAS100_LABELLED_D1_BAR_START_DATE_ONLY,2020-09-29T00:00:00-04:00,2020-09-29T04:00:00Z,2020-09-29T12:00:00+08:00,"-1 day, 20:00:00",d915824f9a2bb4bb2c3c274919836374d12825e64f42b318d91b635016b5d9d9
2020-09-30,2020-09-30 00:00:00,2020-10-01 00:00:00,UNRESOLVED,NAS100_LABELLED_D1_BAR_START_DATE_ONLY,2020-09-30T00:00:00-04:00,2020-09-30T04:00:00Z,2020-09-30T12:00:00+08:00,"-1 day, 20:00:00",1f6164d1957a96bcd71d6bae1e405037ffba9c4b50bdf7edf91a7633024da8cc
2020-10-01,2020-10-01 00:00:00,2020-10-02 00:00:00,UNRESOLVED,NAS100_LABELLED_D1_BAR_START_DATE_ONLY,2020-10-01T00:00:00-04:00,2020-10-01T04:00:00Z,2020-10-01T12:00:00+08:00,"-1 day, 20:00:00",c0a944f0ddc905c5c820d5c6d13d853fa892473482600307f815d3e75f056272
2020-10-02,2020-10-02 00:00:00,2020-10-03 00:00:00,UNRESOLVED,NAS100_LABELLED_D1_BAR_START_DATE_ONLY,2020-10-02T00:00:00-04:00,2020-10-02T04:00:00Z,2020-10-02T12:00:00+08:00,"-1 day, 20:00:00",51711a6a36feb249085387ec111da2708d609d02c6f6d924baddbb1acca899b1
2020-10-05,2020-10-05 00:00:00,2020-10-06 00:00:00,UNRESOLVED,NAS100_LABELLED_D1_BAR_START_DATE_ONLY,2020-10-05T00:00:00-04:00,2020-10-05T04:00:00Z,2020-10-05T12:00:00+08:00,"-1 day, 20:00:00",1fc69d85f80b06f84624832d94c6dff985fe6afee363cce62e74c1f83024d914
2020-10-06,2020-10-06 00:00:00,2020-10-07 00:00:00,UNRESOLVED,NAS100_LABELLED_D1_BAR_START_DATE_ONLY,2020-10-06T00:00:00-04:00,2020-10-06T04:00:00Z,2020-10-06T12:00:00+08:00,"-1 day, 20:00:00",9895b6bbb191ac6a8ce43c4ba954e556a289ae295716076fcf7f81adf17b793d
2020-10-07,2020-10-07 00:00:00,2020-10-08 00:00:00,UNRESOLVED,NAS100_LABELLED_D1_BAR_START_DATE_ONLY,2020-10-07T00:00:00-04:00,2020-10-07T04:00:00Z,2020-10-07T12:00:00+08:00,"-1 day, 20:00:00",5d368bb8affae61efdf048eee8f14c740e63b44809074b92c2208ba42eabdc17
2020-10-08,2020-10-08 00:00:00,2020-10-09 00:00:00,UNRESOLVED,NAS100_LABELLED_D1_BAR_START_DATE_ONLY,2020-10-08T00:00:00-04:00,2020-10-08T04:00:00Z,2020-10-08T12:00:00+08:00,"-1 day, 20:00:00",32ddde9137e8eb1f5738e2a4cd0b1a25ec00e0ddb5c7589600d5506b3e59647e
2020-10-09,2020-10-09 00:00:00,2020-10-10 00:00:00,UNRESOLVED,NAS100_LABELLED_D1_BAR_START_DATE_ONLY,2020-10-09T00:00:00-04:00,2020-10-09T04:00:00Z,2020-10-09T12:00:00+08:00,"-1 day, 20:00:00",5c9dfb2b8842fa0543d6fab2a1956aa6cf2a0efbb567d5bbb16863a2f4bd8480
2020-10-12,2020-10-12 00:00:00,2020-10-13 00:00:00,UNRESOLVED,NAS100_LABELLED_D1_BAR_START_DATE_ONLY,2020-10-12T00:00:00-04:00,2020-10-12T04:00:00Z,2020-10-12T12:00:00+08:00,"-1 day, 20:00:00",5886009b3b12f91e684a45e1989792c35039b20ca30756d02ac7f38674bfde43
2020-10-13,2020-10-13 00:00:00,2020-10-14 00:00:00,UNRESOLVED,NAS100_LABELLED_D1_BAR_START_DATE_ONLY,2020-10-13T00:00:00-04:00,2020-10-13T04:00:00Z,2020-10-13T12:00:00+08:00,"-1 day, 20:00:00",d7f7ec71783ff327847bb1ccae8007250cdead380781078f12b5b36d37453ca6
2020-10-14,2020-10-14 00:00:00,2020-10-15 00:00:00,UNRESOLVED,NAS100_LABELLED_D1_BAR_START_DATE_ONLY,2020-10-14T00:00:00-04:00,2020-10-14T04:00:00Z,2020-10-14T12:00:00+08:00,"-1 day, 20:00:00",4d36006734f6bf6ec954e3ea62eb00173f41eca4b5d177fd691f6f3b35d35c26
2020-10-15,2020-10-15 00:00:00,2020-10-16 00:00:00,UNRESOLVED,NAS100_LABELLED_D1_BAR_START_DATE_ONLY,2020-10-15T00:00:00-04:00,2020-10-15T04:00:00Z,2020-10-15T12:00:00+08:00,"-1 day, 20:00:00",285875450a800d6b42f08a74b956f119e004b3327777f199057dad3e4c168f9b
2020-10-16,2020-10-16 00:00:00,2020-10-17 00:00:00,UNRESOLVED,NAS100_LABELLED_D1_BAR_START_DATE_ONLY,2020-10-16T00:00:00-04:00,2020-10-16T04:00:00Z,2020-10-16T12:00:00+08:00,"-1 day, 20:00:00",aedde648c11d77d376588ecfc795e34f4b74357e0c8e3b746662ae99cb2fa052
2020-10-19,2020-10-19 00:00:00,2020-10-20 00:00:00,UNRESOLVED,NAS100_LABELLED_D1_BAR_START_DATE_ONLY,2020-10-19T00:00:00-04:00,2020-10-19T04:00:00Z,2020-10-19T12:00:00+08:00,"-1 day, 20:00:00",bd0764cb2384f3d778837b1a204be603c20c960c208134845c0a3ce80a9c39ef
2020-10-20,2020-10-20 00:00:00,2020-10-21 00:00:00,UNRESOLVED,NAS100_LABELLED_D1_BAR_START_DATE_ONLY,2020-10-20T00:00:00-04:00,2020-10-20T04:00:00Z,2020-10-20T12:00:00+08:00,"-1 day, 20:00:00",e2d0df2caca096e72b4e6e2de69427e794e49e7eec5b0633b450463e7285b473
2020-10-21,2020-10-21 00:00:00,2020-10-22 00:00:00,UNRESOLVED,NAS100_LABELLED_D1_BAR_START_DATE_ONLY,2020-10-21T00:00:00-04:00,2020-10-21T04:00:00Z,2020-10-21T12:00:00+08:00,"-1 day, 20:00:00",94e88ec5079cc998ef45ac9a4e917ef7604b72a5d5e34b799e9b3b7c4b2db656
2020-10-22,2020-10-22 00:00:00,2020-10-23 00:00:00,UNRESOLVED,NAS100_LABELLED_D1_BAR_START_DATE_ONLY,2020-10-22T00:00:00-04:00,2020-10-22T04:00:00Z,2020-10-22T12:00:00+08:00,"-1 day, 20:00:00",164989f28960a332b802d77630661aba800d92f177264a2f0f5f7c392b1bc43d
2020-10-23,2020-10-23 00:00:00,2020-10-24 00:00:00,UNRESOLVED,NAS100_LABELLED_D1_BAR_START_DATE_ONLY,2020-10-23T00:00:00-04:00,2020-10-23T04:00:00Z,2020-10-23T12:00:00+08:00,"-1 day, 20:00:00",dd407b938d4a21c721b44465ce363f118f8bbfe10c59afba4e67f3eddfc3a282
2020-10-26,2020-10-26 00:00:00,2020-10-27 00:00:00,UNRESOLVED,NAS100_LABELLED_D1_BAR_START_DATE_ONLY,2020-10-26T00:00:00-04:00,2020-10-26T04:00:00Z,2020-10-26T12:00:00+08:00,"-1 day, 20:00:00",e28c2dcde51344f414d85c5418656e17504e75db3ed24d1689f42f9b50773e02
2020-10-27,2020-10-27 00:00:00,2020-10-28 00:00:00,UNRESOLVED,NAS100_LABELLED_D1_BAR_START_DATE_ONLY,2020-10-27T00:00:00-04:00,2020-10-27T04:00:00Z,2020-10-27T12:00:00+08:00,"-1 day, 20:00:00",847ea1fa34e89c53cdbbbb19f5070c04283425dd171ff1016175c1fdeb165eac
2020-10-28,2020-10-28 00:00:00,2020-10-29 00:00:00,UNRESOLVED,NAS100_LABELLED_D1_BAR_START_DATE_ONLY,2020-10-28T00:00:00-04:00,2020-10-28T04:00:00Z,2020-10-28T12:00:00+08:00,"-1 day, 20:00:00",920a8e0dcf15d493a2d6f4a3da46c1860a6cd56a96e49808b9997deea8a3949d
2020-10-29,2020-10-29 00:00:00,2020-10-30 00:00:00,UNRESOLVED,NAS100_LABELLED_D1_BAR_START_DATE_ONLY,2020-10-29T00:00:00-04:00,2020-10-29T04:00:00Z,2020-10-29T12:00:00+08:00,"-1 day, 20:00:00",f5cbda1acf2db04accdb1043bc6a6dbcd81ba10b8b800ffa3fff3c12de9761ec
2020-10-30,2020-10-30 00:00:00,2020-10-31 00:00:00,UNRESOLVED,NAS100_LABELLED_D1_BAR_START_DATE_ONLY,2020-10-30T00:00:00-04:00,2020-10-30T04:00:00Z,2020-10-30T12:00:00+08:00,"-1 day, 20:00:00",8dd87e734fc127622036388f171ad2962bae2cb9b82c51b9e00775a9c38ce729
2020-11-02,2020-11-02 00:00:00,2020-11-03 00:00:00,UNRESOLVED,NAS100_LABELLED_D1_BAR_START_DATE_ONLY,2020-11-02T00:00:00-05:00,2020-11-02T05:00:00Z,2020-11-02T13:00:00+08:00,"-1 day, 19:00:00",ffeaa5117c7505360bd9898676f054230cda0b81ee6d443064bf4ec5eb2d87df
2020-11-03,2020-11-03 00:00:00,2020-11-04 00:00:00,UNRESOLVED,NAS100_LABELLED_D1_BAR_START_DATE_ONLY,2020-11-03T00:00:00-05:00,2020-11-03T05:00:00Z,2020-11-03T13:00:00+08:00,"-1 day, 19:00:00",0d809d8873dbfcb6aafc42cbe0fbbb4ee2de0b1807ec982b4e921529efa28a45
2020-11-04,2020-11-04 00:00:00,2020-11-05 00:00:00,UNRESOLVED,NAS100_LABELLED_D1_BAR_START_DATE_ONLY,2020-11-04T00:00:00-05:00,2020-11-04T05:00:00Z,2020-11-04T13:00:00+08:00,"-1 day, 19:00:00",67ece6d6f827e18e118e5d8e1007175b9c52b9e1963afa66515b317ee73bd07e
2020-11-05,2020-11-05 00:00:00,2020-11-06 00:00:00,UNRESOLVED,NAS100_LABELLED_D1_BAR_START_DATE_ONLY,2020-11-05T00:00:00-05:00,2020-11-05T05:00:00Z,2020-11-05T13:00:00+08:00,"-1 day, 19:00:00",71478e3addc2815004148bb3bfee30fcb232afac948f5c3fdf9f542693b150c5
2020-11-06,2020-11-06 00:00:00,2020-11-07 00:00:00,UNRESOLVED,NAS100_LABELLED_D1_BAR_START_DATE_ONLY,2020-11-06T00:00:00-05:00,2020-11-06T05:00:00Z,2020-11-06T13:00:00+08:00,"-1 day, 19:00:00",1e658b4555d28730b425ab9752380a634d2a4e56fc04790fb4f77dab2cfe1177
2020-11-09,2020-11-09 00:00:00,2020-11-10 00:00:00,UNRESOLVED,NAS100_LABELLED_D1_BAR_START_DATE_ONLY,2020-11-09T00:00:00-05:00,2020-11-09T05:00:00Z,2020-11-09T13:00:00+08:00,"-1 day, 19:00:00",8761ae6f5bbf8e80233ef1bad3b9c433895a8c87d1dfae220816f29c8682346d
2020-11-10,2020-11-10 00:00:00,2020-11-11 00:00:00,UNRESOLVED,NAS100_LABELLED_D1_BAR_START_DATE_ONLY,2020-11-10T00:00:00-05:00,2020-11-10T05:00:00Z,2020-11-10T13:00:00+08:00,"-1 day, 19:00:00",6bf03bb3bb0055087dbd9ca6e51e727a13e8b70d5f35fc1489c2709655891062
2020-11-11,2020-11-11 00:00:00,2020-11-12 00:00:00,UNRESOLVED,NAS100_LABELLED_D1_BAR_START_DATE_ONLY,2020-11-11T00:00:00-05:00,2020-11-11T05:00:00Z,2020-11-11T13:00:00+08:00,"-1 day, 19:00:00",74ebf50cac0c28d01e62507201970ba8e31d6f3ac2d08309663624a4df3aac06
2020-11-12,2020-11-12 00:00:00,2020-11-13 00:00:00,UNRESOLVED,NAS100_LABELLED_D1_BAR_START_DATE_ONLY,2020-11-12T00:00:00-05:00,2020-11-12T05:00:00Z,2020-11-12T13:00:00+08:00,"-1 day, 19:00:00",cc3a0b1f9a2856611847587cae41af2782da89fb02610b01671245885b6b6c80
2020-11-13,2020-11-13 00:00:00,2020-11-14 00:00:00,UNRESOLVED,NAS100_LABELLED_D1_BAR_START_DATE_ONLY,2020-11-13T00:00:00-05:00,2020-11-13T05:00:00Z,2020-11-13T13:00:00+08:00,"-1 day, 19:00:00",e21bf41781f2688de4d7060b6992a6701d73b2d9ef71ef2558195ed472f189ae
2020-11-16,2020-11-16 00:00:00,2020-11-17 00:00:00,UNRESOLVED,NAS100_LABELLED_D1_BAR_START_DATE_ONLY,2020-11-16T00:00:00-05:00,2020-11-16T05:00:00Z,2020-11-16T13:00:00+08:00,"-1 day, 19:00:00",ac6b4c904a335f9aca0eb6b4c667a9025f958b4a4a458d1ca07cc66f9731c856
2020-11-17,2020-11-17 00:00:00,2020-11-18 00:00:00,UNRESOLVED,NAS100_LABELLED_D1_BAR_START_DATE_ONLY,2020-11-17T00:00:00-05:00,2020-11-17T05:00:00Z,2020-11-17T13:00:00+08:00,"-1 day, 19:00:00",12b5ccf720e6ad89bd21c075068ecbea40ec3b6d6e51ef3a1fd5c124c95d1cf1
2020-11-18,2020-11-18 00:00:00,2020-11-19 00:00:00,UNRESOLVED,NAS100_LABELLED_D1_BAR_START_DATE_ONLY,2020-11-18T00:00:00-05:00,2020-11-18T05:00:00Z,2020-11-18T13:00:00+08:00,"-1 day, 19:00:00",cdf82c5dcbe8adf3cb8a97986dfb0f776a1e1b17fed97a2c2f8e6ebb754a07b1
2020-11-19,2020-11-19 00:00:00,2020-11-20 00:00:00,UNRESOLVED,NAS100_LABELLED_D1_BAR_START_DATE_ONLY,2020-11-19T00:00:00-05:00,2020-11-19T05:00:00Z,2020-11-19T13:00:00+08:00,"-1 day, 19:00:00",2ee3d473c34c4d1193495c1031c6758f21f8f40f48618f2250f861137849352c
2020-11-20,2020-11-20 00:00:00,2020-11-21 00:00:00,UNRESOLVED,NAS100_LABELLED_D1_BAR_START_DATE_ONLY,2020-11-20T00:00:00-05:00,2020-11-20T05:00:00Z,2020-11-20T13:00:00+08:00,"-1 day, 19:00:00",2652cbb16711e3e1c99cc0c41b92336f2c2be5072a23f704d206ac1769711826
2020-11-23,2020-11-23 00:00:00,2020-11-24 00:00:00,UNRESOLVED,NAS100_LABELLED_D1_BAR_START_DATE_ONLY,2020-11-23T00:00:00-05:00,2020-11-23T05:00:00Z,2020-11-23T13:00:00+08:00,"-1 day, 19:00:00",7b12463325ae79a6125dfcc2c43a611132cfd5434c1431f31538d14b5157ff34
2020-11-24,2020-11-24 00:00:00,2020-11-25 00:00:00,UNRESOLVED,NAS100_LABELLED_D1_BAR_START_DATE_ONLY,2020-11-24T00:00:00-05:00,2020-11-24T05:00:00Z,2020-11-24T13:00:00+08:00,"-1 day, 19:00:00",fd1bce2fefbb9d612bf752b3ebbae75f646e8ce9fc8b8d702fdca2d22d9a9f66
2020-11-25,2020-11-25 00:00:00,2020-11-26 00:00:00,UNRESOLVED,NAS100_LABELLED_D1_BAR_START_DATE_ONLY,2020-11-25T00:00:00-05:00,2020-11-25T05:00:00Z,2020-11-25T13:00:00+08:00,"-1 day, 19:00:00",e11fd24c7b5424f72c55ea64df4fb81291cd214d3919beec552e366694c513a1
2020-11-26,2020-11-26 00:00:00,2020-11-27 00:00:00,UNRESOLVED,NAS100_LABELLED_D1_BAR_START_DATE_ONLY,2020-11-26T00:00:00-05:00,2020-11-26T05:00:00Z,2020-11-26T13:00:00+08:00,"-1 day, 19:00:00",3258c81db57893d7f66bbf37608d96f770f6a87064c79b8e8d6572c3e9f2b6f7
2020-11-27,2020-11-27 00:00:00,2020-11-28 00:00:00,UNRESOLVED,NAS100_LABELLED_D1_BAR_START_DATE_ONLY,2020-11-27T00:00:00-05:00,2020-11-27T05:00:00Z,2020-11-27T13:00:00+08:00,"-1 day, 19:00:00",b074b14bdd543a532c63b3bca0f42f56cd17a60179111c8921661601e91dc9c4
2020-11-30,2020-11-30 00:00:00,2020-12-01 00:00:00,UNRESOLVED,NAS100_LABELLED_D1_BAR_START_DATE_ONLY,2020-11-30T00:00:00-05:00,2020-11-30T05:00:00Z,2020-11-30T13:00:00+08:00,"-1 day, 19:00:00",dcbeee3c7fc0a1a8b0a78f901e4b132f344d1b6a1bed83039a322597e1f89a0b
2020-12-01,2020-12-01 00:00:00,2020-12-02 00:00:00,UNRESOLVED,NAS100_LABELLED_D1_BAR_START_DATE_ONLY,2020-12-01T00:00:00-05:00,2020-12-01T05:00:00Z,2020-12-01T13:00:00+08:00,"-1 day, 19:00:00",874f66b0fc03fd2902177fddf8baf7e1aaa91b52f247bea4c8b06bf540e94f5a
2020-12-02,2020-12-02 00:00:00,2020-12-03 00:00:00,UNRESOLVED,NAS100_LABELLED_D1_BAR_START_DATE_ONLY,2020-12-02T00:00:00-05:00,2020-12-02T05:00:00Z,2020-12-02T13:00:00+08:00,"-1 day, 19:00:00",07c9827fa1728e0154ed103fffa587661297c51f8faba2801fed6e2652cfed40
2020-12-03,2020-12-03 00:00:00,2020-12-04 00:00:00,UNRESOLVED,NAS100_LABELLED_D1_BAR_START_DATE_ONLY,2020-12-03T00:00:00-05:00,2020-12-03T05:00:00Z,2020-12-03T13:00:00+08:00,"-1 day, 19:00:00",9a939f563807e3ec0d57dfcf6c22f29e1b2c45c812c160fbc5aa197d2265690f
2020-12-04,2020-12-04 00:00:00,2020-12-05 00:00:00,UNRESOLVED,NAS100_LABELLED_D1_BAR_START_DATE_ONLY,2020-12-04T00:00:00-05:00,2020-12-04T05:00:00Z,2020-12-04T13:00:00+08:00,"-1 day, 19:00:00",65ad3b752b2926c478b2528c4d4f6c22a5429911ac2540d5fe22f32dca2b5c30
2020-12-07,2020-12-07 00:00:00,2020-12-08 00:00:00,UNRESOLVED,NAS100_LABELLED_D1_BAR_START_DATE_ONLY,2020-12-07T00:00:00-05:00,2020-12-07T05:00:00Z,2020-12-07T13:00:00+08:00,"-1 day, 19:00:00",3e36280af1350f764b30cf6d22feb0022c81c2a71751d9752e9fb3b192429678
2020-12-08,2020-12-08 00:00:00,2020-12-09 00:00:00,UNRESOLVED,NAS100_LABELLED_D1_BAR_START_DATE_ONLY,2020-12-08T00:00:00-05:00,2020-12-08T05:00:00Z,2020-12-08T13:00:00+08:00,"-1 day, 19:00:00",7195f452961a8feff373f19444ac2f375cba762780a9e020d0fc61f5656bef07
2020-12-09,2020-12-09 00:00:00,2020-12-10 00:00:00,UNRESOLVED,NAS100_LABELLED_D1_BAR_START_DATE_ONLY,2020-12-09T00:00:00-05:00,2020-12-09T05:00:00Z,2020-12-09T13:00:00+08:00,"-1 day, 19:00:00",ffd9af20ceff9b1184b5ddc1ec51be0e0583eb44d61d29172a7cb755c7a72411
2020-12-10,2020-12-10 00:00:00,2020-12-11 00:00:00,UNRESOLVED,NAS100_LABELLED_D1_BAR_START_DATE_ONLY,2020-12-10T00:00:00-05:00,2020-12-10T05:00:00Z,2020-12-10T13:00:00+08:00,"-1 day, 19:00:00",c2e06104db5f6ce6ab35ef66de019b50be2cc31fbfb5ef69d15d8264d4edb11c
2020-12-11,2020-12-11 00:00:00,2020-12-12 00:00:00,UNRESOLVED,NAS100_LABELLED_D1_BAR_START_DATE_ONLY,2020-12-11T00:00:00-05:00,2020-12-11T05:00:00Z,2020-12-11T13:00:00+08:00,"-1 day, 19:00:00",e0435172508f33dc4b0bd65f84a2ab1aef6903e5e89666ec61b17c76694b0e82
2020-12-14,2020-12-14 00:00:00,2020-12-15 00:00:00,UNRESOLVED,NAS100_LABELLED_D1_BAR_START_DATE_ONLY,2020-12-14T00:00:00-05:00,2020-12-14T05:00:00Z,2020-12-14T13:00:00+08:00,"-1 day, 19:00:00",a578b465159d1386ece055dd6e67ee6b745c512406ef51d895435c79f321b027
2020-12-15,2020-12-15 00:00:00,2020-12-16 00:00:00,UNRESOLVED,NAS100_LABELLED_D1_BAR_START_DATE_ONLY,2020-12-15T00:00:00-05:00,2020-12-15T05:00:00Z,2020-12-15T13:00:00+08:00,"-1 day, 19:00:00",525f9fd457710c65dc7f83de027df4ef256f466c7d98548059bba25410ab89eb
2020-12-16,2020-12-16 00:00:00,2020-12-17 00:00:00,UNRESOLVED,NAS100_LABELLED_D1_BAR_START_DATE_ONLY,2020-12-16T00:00:00-05:00,2020-12-16T05:00:00Z,2020-12-16T13:00:00+08:00,"-1 day, 19:00:00",4d069d37071036ae063ae29f7452bcdf2cf0488200ee769a2c6ea66e4730eeeb
2020-12-17,2020-12-17 00:00:00,2020-12-18 00:00:00,UNRESOLVED,NAS100_LABELLED_D1_BAR_START_DATE_ONLY,2020-12-17T00:00:00-05:00,2020-12-17T05:00:00Z,2020-12-17T13:00:00+08:00,"-1 day, 19:00:00",eb08d57aff96109fa950577a976846f8e449bdd4ba829889f55956de01270c57
2020-12-18,2020-12-18 00:00:00,2020-12-19 00:00:00,UNRESOLVED,NAS100_LABELLED_D1_BAR_START_DATE_ONLY,2020-12-18T00:00:00-05:00,2020-12-18T05:00:00Z,2020-12-18T13:00:00+08:00,"-1 day, 19:00:00",705c36108b3697349f88567d023c3f896df4aa9f2a1477fe941ca23d08dee21f
2020-12-21,2020-12-21 00:00:00,2020-12-22 00:00:00,UNRESOLVED,NAS100_LABELLED_D1_BAR_START_DATE_ONLY,2020-12-21T00:00:00-05:00,2020-12-21T05:00:00Z,2020-12-21T13:00:00+08:00,"-1 day, 19:00:00",65420099597e7cc44e1f808b9697af0211e56f4bdd94f254615154b9ebe2552f
2020-12-22,2020-12-22 00:00:00,2020-12-23 00:00:00,UNRESOLVED,NAS100_LABELLED_D1_BAR_START_DATE_ONLY,2020-12-22T00:00:00-05:00,2020-12-22T05:00:00Z,2020-12-22T13:00:00+08:00,"-1 day, 19:00:00",a78a1066524432a00bd1ee531babe44c1fc05cbf7134ad92772c33a457077f26
2020-12-23,2020-12-23 00:00:00,2020-12-24 00:00:00,UNRESOLVED,NAS100_LABELLED_D1_BAR_START_DATE_ONLY,2020-12-23T00:00:00-05:00,2020-12-23T05:00:00Z,2020-12-23T13:00:00+08:00,"-1 day, 19:00:00",7ddf077b191ac109d4011b916159ad2fb02802d79d59971542eff279c3f999d6
2020-12-24,2020-12-24 00:00:00,2020-12-25 00:00:00,UNRESOLVED,NAS100_LABELLED_D1_BAR_START_DATE_ONLY,2020-12-24T00:00:00-05:00,2020-12-24T05:00:00Z,2020-12-24T13:00:00+08:00,"-1 day, 19:00:00",a1385a6fb71f5616c2ead06a5d67496d7260f37d572dfcd93118b098cca1c619
2020-12-28,2020-12-28 00:00:00,2020-12-29 00:00:00,UNRESOLVED,NAS100_LABELLED_D1_BAR_START_DATE_ONLY,2020-12-28T00:00:00-05:00,2020-12-28T05:00:00Z,2020-12-28T13:00:00+08:00,"-1 day, 19:00:00",dad5a4b659425921d7c106790ed8053903efa77303383fc7a0d542cbdbbf63a8
2020-12-29,2020-12-29 00:00:00,2020-12-30 00:00:00,UNRESOLVED,NAS100_LABELLED_D1_BAR_START_DATE_ONLY,2020-12-29T00:00:00-05:00,2020-12-29T05:00:00Z,2020-12-29T13:00:00+08:00,"-1 day, 19:00:00",77d010dfdd4964d17a607bb9da91b2f00010f6cb0aa725118d436c7cde1d9a19
2020-12-30,2020-12-30 00:00:00,2020-12-31 00:00:00,UNRESOLVED,NAS100_LABELLED_D1_BAR_START_DATE_ONLY,2020-12-30T00:00:00-05:00,2020-12-30T05:00:00Z,2020-12-30T13:00:00+08:00,"-1 day, 19:00:00",c9d1312a839c1c3178c613a358f45274aeff022ea7888e89d71c6381c016167a
2020-12-31,2020-12-31 00:00:00,2021-01-01 00:00:00,UNRESOLVED,NAS100_LABELLED_D1_BAR_START_DATE_ONLY,2020-12-31T00:00:00-05:00,2020-12-31T05:00:00Z,2020-12-31T13:00:00+08:00,"-1 day, 19:00:00",7adbd3deccd388be1c2946dcc51e9208d824113976a3d36b26baca1a27f4048d
2021-01-04,2021-01-04 00:00:00,2021-01-05 00:00:00,UNRESOLVED,NAS100_LABELLED_D1_BAR_START_DATE_ONLY,2021-01-04T00:00:00-05:00,2021-01-04T05:00:00Z,2021-01-04T13:00:00+08:00,"-1 day, 19:00:00",2513b571b6c47102be9a199bcbc287e55fff4916bb72cf1c121eaa8ce015f05b
2021-01-05,2021-01-05 00:00:00,2021-01-06 00:00:00,UNRESOLVED,NAS100_LABELLED_D1_BAR_START_DATE_ONLY,2021-01-05T00:00:00-05:00,2021-01-05T05:00:00Z,2021-01-05T13:00:00+08:00,"-1 day, 19:00:00",e1cfd8a35d14c7bbdc6c28d178fa02447c9ae427c612dfc23df5f8c7204f57eb
2021-01-06,2021-01-06 00:00:00,2021-01-07 00:00:00,UNRESOLVED,NAS100_LABELLED_D1_BAR_START_DATE_ONLY,2021-01-06T00:00:00-05:00,2021-01-06T05:00:00Z,2021-01-06T13:00:00+08:00,"-1 day, 19:00:00",d15c7f00cb13001246c447c6fb84b07566e5c0775b38309843ea712c5e996fe1
2021-01-07,2021-01-07 00:00:00,2021-01-08 00:00:00,UNRESOLVED,NAS100_LABELLED_D1_BAR_START_DATE_ONLY,2021-01-07T00:00:00-05:00,2021-01-07T05:00:00Z,2021-01-07T13:00:00+08:00,"-1 day, 19:00:00",fef0f286207593aad8601def883dd825141beefeb3260fab9c029cf069df7d2a
2021-01-08,2021-01-08 00:00:00,2021-01-09 00:00:00,UNRESOLVED,NAS100_LABELLED_D1_BAR_START_DATE_ONLY,2021-01-08T00:00:00-05:00,2021-01-08T05:00:00Z,2021-01-08T13:00:00+08:00,"-1 day, 19:00:00",8b7ddb04bbb636dd93c1967245cb59c9248e27a20736ca1109390cb3fec827b4
2021-01-11,2021-01-11 00:00:00,2021-01-12 00:00:00,UNRESOLVED,NAS100_LABELLED_D1_BAR_START_DATE_ONLY,2021-01-11T00:00:00-05:00,2021-01-11T05:00:00Z,2021-01-11T13:00:00+08:00,"-1 day, 19:00:00",a0e3b573d5222c006b7e5312e0a29a0563c2d10da21eb202e67131690afac810
2021-01-12,2021-01-12 00:00:00,2021-01-13 00:00:00,UNRESOLVED,NAS100_LABELLED_D1_BAR_START_DATE_ONLY,2021-01-12T00:00:00-05:00,2021-01-12T05:00:00Z,2021-01-12T13:00:00+08:00,"-1 day, 19:00:00",6b57db6d6f5b09270972ec339f5ed21f405b55804711841a7f49cbe117421e09
2021-01-13,2021-01-13 00:00:00,2021-01-14 00:00:00,UNRESOLVED,NAS100_LABELLED_D1_BAR_START_DATE_ONLY,2021-01-13T00:00:00-05:00,2021-01-13T05:00:00Z,2021-01-13T13:00:00+08:00,"-1 day, 19:00:00",256ac467b88850218d2f58ab6a5415892e2c4d91b352f31cf5b30a5b62124507
2021-01-14,2021-01-14 00:00:00,2021-01-15 00:00:00,UNRESOLVED,NAS100_LABELLED_D1_BAR_START_DATE_ONLY,2021-01-14T00:00:00-05:00,2021-01-14T05:00:00Z,2021-01-14T13:00:00+08:00,"-1 day, 19:00:00",98f753619f21cc7d9fce50dc67114c28d4a1e9bd500ae326542a6e1977c20b43
2021-01-15,2021-01-15 00:00:00,2021-01-16 00:00:00,UNRESOLVED,NAS100_LABELLED_D1_BAR_START_DATE_ONLY,2021-01-15T00:00:00-05:00,2021-01-15T05:00:00Z,2021-01-15T13:00:00+08:00,"-1 day, 19:00:00",51fd3d641f1b5bbb6c6b5dd4859648d2b8d578978267cb56de1a862ba854bd0f
2021-01-18,2021-01-18 00:00:00,2021-01-19 00:00:00,UNRESOLVED,NAS100_LABELLED_D1_BAR_START_DATE_ONLY,2021-01-18T00:00:00-05:00,2021-01-18T05:00:00Z,2021-01-18T13:00:00+08:00,"-1 day, 19:00:00",0463f8e968fea6746ead7b400fd3c2eac548a8ae1b4493632a2e3acdad8bc139
2021-01-19,2021-01-19 00:00:00,2021-01-20 00:00:00,UNRESOLVED,NAS100_LABELLED_D1_BAR_START_DATE_ONLY,2021-01-19T00:00:00-05:00,2021-01-19T05:00:00Z,2021-01-19T13:00:00+08:00,"-1 day, 19:00:00",637d726feb7e59a9147388671c18237e3fa2bff88bd03b25102caf275b83eed6
2021-01-20,2021-01-20 00:00:00,2021-01-21 00:00:00,UNRESOLVED,NAS100_LABELLED_D1_BAR_START_DATE_ONLY,2021-01-20T00:00:00-05:00,2021-01-20T05:00:00Z,2021-01-20T13:00:00+08:00,"-1 day, 19:00:00",70f8f110a1594daa29ad9c08e4883b4e0eb3e2be34c79cf38facc8a46113d22d
2021-01-21,2021-01-21 00:00:00,2021-01-22 00:00:00,UNRESOLVED,NAS100_LABELLED_D1_BAR_START_DATE_ONLY,2021-01-21T00:00:00-05:00,2021-01-21T05:00:00Z,2021-01-21T13:00:00+08:00,"-1 day, 19:00:00",bccb230aa93096e0bca3277a87de6e1a02da56c2769028a2c6091daefe1d30fe
2021-01-22,2021-01-22 00:00:00,2021-01-23 00:00:00,UNRESOLVED,NAS100_LABELLED_D1_BAR_START_DATE_ONLY,2021-01-22T00:00:00-05:00,2021-01-22T05:00:00Z,2021-01-22T13:00:00+08:00,"-1 day, 19:00:00",9574697f130c9150af035c15b83b8a2adb622d66a547a0c014ceaf30284d3fa6
2021-01-25,2021-01-25 00:00:00,2021-01-26 00:00:00,UNRESOLVED,NAS100_LABELLED_D1_BAR_START_DATE_ONLY,2021-01-25T00:00:00-05:00,2021-01-25T05:00:00Z,2021-01-25T13:00:00+08:00,"-1 day, 19:00:00",a004f91894bcf52bc9cb63a2378680881a43ff15e513ebfc807350dce9078511
2021-01-26,2021-01-26 00:00:00,2021-01-27 00:00:00,UNRESOLVED,NAS100_LABELLED_D1_BAR_START_DATE_ONLY,2021-01-26T00:00:00-05:00,2021-01-26T05:00:00Z,2021-01-26T13:00:00+08:00,"-1 day, 19:00:00",1a64f0aef14c085c2dfea9e800e71a0f7088d1a79c5da8c7200dbe557e9b1682
2021-01-27,2021-01-27 00:00:00,2021-01-28 00:00:00,UNRESOLVED,NAS100_LABELLED_D1_BAR_START_DATE_ONLY,2021-01-27T00:00:00-05:00,2021-01-27T05:00:00Z,2021-01-27T13:00:00+08:00,"-1 day, 19:00:00",3190d00cb63fba37b424cb40ae72208fa23087de553f7ef8faec510fb9e9f0ba
2021-01-28,2021-01-28 00:00:00,2021-01-29 00:00:00,UNRESOLVED,NAS100_LABELLED_D1_BAR_START_DATE_ONLY,2021-01-28T00:00:00-05:00,2021-01-28T05:00:00Z,2021-01-28T13:00:00+08:00,"-1 day, 19:00:00",9a212f53373cdcc4ab02d5fae1fd5187caffcc245c588fe1f3cf2e3fa9281d72
2021-01-29,2021-01-29 00:00:00,2021-01-30 00:00:00,UNRESOLVED,NAS100_LABELLED_D1_BAR_START_DATE_ONLY,2021-01-29T00:00:00-05:00,2021-01-29T05:00:00Z,2021-01-29T13:00:00+08:00,"-1 day, 19:00:00",98335ab914b521691bf3b4ae6fde09aba7a24d44721fec38d8589d6a61dce4d5
2021-02-01,2021-02-01 00:00:00,2021-02-02 00:00:00,UNRESOLVED,NAS100_LABELLED_D1_BAR_START_DATE_ONLY,2021-02-01T00:00:00-05:00,2021-02-01T05:00:00Z,2021-02-01T13:00:00+08:00,"-1 day, 19:00:00",1d49f47bec3f6ec0f20890a13c430d0baffd7f8ad7f62a56dc7025cb2431d010
2021-02-02,2021-02-02 00:00:00,2021-02-03 00:00:00,UNRESOLVED,NAS100_LABELLED_D1_BAR_START_DATE_ONLY,2021-02-02T00:00:00-05:00,2021-02-02T05:00:00Z,2021-02-02T13:00:00+08:00,"-1 day, 19:00:00",0b5b7905be9953809e0472358e1b3b63e9da6dae5f9fd12427fc8d7b61bd3c80
2021-02-03,2021-02-03 00:00:00,2021-02-04 00:00:00,UNRESOLVED,NAS100_LABELLED_D1_BAR_START_DATE_ONLY,2021-02-03T00:00:00-05:00,2021-02-03T05:00:00Z,2021-02-03T13:00:00+08:00,"-1 day, 19:00:00",0078fa2105390732582c73f7d1724d9b1b23b56977fd963204efc184c8f38069
2021-02-04,2021-02-04 00:00:00,2021-02-05 00:00:00,UNRESOLVED,NAS100_LABELLED_D1_BAR_START_DATE_ONLY,2021-02-04T00:00:00-05:00,2021-02-04T05:00:00Z,2021-02-04T13:00:00+08:00,"-1 day, 19:00:00",c8cb2a98f7256870e079d4461d201a15aa2fdc0a6cee92cff1ac1d8832520aea
2021-02-05,2021-02-05 00:00:00,2021-02-06 00:00:00,UNRESOLVED,NAS100_LABELLED_D1_BAR_START_DATE_ONLY,2021-02-05T00:00:00-05:00,2021-02-05T05:00:00Z,2021-02-05T13:00:00+08:00,"-1 day, 19:00:00",62e86a7f4ce82c1b1b2bf0933c4fe45333c8859e160de4608b485299273cf780
2021-02-08,2021-02-08 00:00:00,2021-02-09 00:00:00,UNRESOLVED,NAS100_LABELLED_D1_BAR_START_DATE_ONLY,2021-02-08T00:00:00-05:00,2021-02-08T05:00:00Z,2021-02-08T13:00:00+08:00,"-1 day, 19:00:00",4d1b5e402ce71998677126f17958cee83b731bd3d2eef52f794e447b03020bcb
2021-02-09,2021-02-09 00:00:00,2021-02-10 00:00:00,UNRESOLVED,NAS100_LABELLED_D1_BAR_START_DATE_ONLY,2021-02-09T00:00:00-05:00,2021-02-09T05:00:00Z,2021-02-09T13:00:00+08:00,"-1 day, 19:00:00",9441e8b01d08cb09ddb82c09efa549573d5586527f2bfab1ec68cf628be28e33
2021-02-10,2021-02-10 00:00:00,2021-02-11 00:00:00,UNRESOLVED,NAS100_LABELLED_D1_BAR_START_DATE_ONLY,2021-02-10T00:00:00-05:00,2021-02-10T05:00:00Z,2021-02-10T13:00:00+08:00,"-1 day, 19:00:00",b83d39b4776732e4dc8e12377b3ff6313c347afb9775713626ce7636c1b312db
2021-02-11,2021-02-11 00:00:00,2021-02-12 00:00:00,UNRESOLVED,NAS100_LABELLED_D1_BAR_START_DATE_ONLY,2021-02-11T00:00:00-05:00,2021-02-11T05:00:00Z,2021-02-11T13:00:00+08:00,"-1 day, 19:00:00",aded3add6219402f57997a8137a163398672d05f6f77809e47ccd1382d4be27d
2021-02-12,2021-02-12 00:00:00,2021-02-13 00:00:00,UNRESOLVED,NAS100_LABELLED_D1_BAR_START_DATE_ONLY,2021-02-12T00:00:00-05:00,2021-02-12T05:00:00Z,2021-02-12T13:00:00+08:00,"-1 day, 19:00:00",4022b64107fcdca0aea225b73214863f2f85e69e0b59a9c0096915cc2461ec1e
2021-02-15,2021-02-15 00:00:00,2021-02-16 00:00:00,UNRESOLVED,NAS100_LABELLED_D1_BAR_START_DATE_ONLY,2021-02-15T00:00:00-05:00,2021-02-15T05:00:00Z,2021-02-15T13:00:00+08:00,"-1 day, 19:00:00",e86f4006fdceee18c999078da5ada18101d913899dac921686181c72848b5f3a
2021-02-16,2021-02-16 00:00:00,2021-02-17 00:00:00,UNRESOLVED,NAS100_LABELLED_D1_BAR_START_DATE_ONLY,2021-02-16T00:00:00-05:00,2021-02-16T05:00:00Z,2021-02-16T13:00:00+08:00,"-1 day, 19:00:00",2579597de9c03ddab98cb06b3894025813c156a93a1aec1520e3ac465760907c
2021-02-17,2021-02-17 00:00:00,2021-02-18 00:00:00,UNRESOLVED,NAS100_LABELLED_D1_BAR_START_DATE_ONLY,2021-02-17T00:00:00-05:00,2021-02-17T05:00:00Z,2021-02-17T13:00:00+08:00,"-1 day, 19:00:00",b0ef143b323619190f55cdebaa441230419179d23d6ad76d7fe153bbc037afee
2021-02-18,2021-02-18 00:00:00,2021-02-19 00:00:00,UNRESOLVED,NAS100_LABELLED_D1_BAR_START_DATE_ONLY,2021-02-18T00:00:00-05:00,2021-02-18T05:00:00Z,2021-02-18T13:00:00+08:00,"-1 day, 19:00:00",41dd9d4a59345e05cab916b7b1352c11078d89c2b10ad0d230fa0c8950f637a1
2021-02-19,2021-02-19 00:00:00,2021-02-20 00:00:00,UNRESOLVED,NAS100_LABELLED_D1_BAR_START_DATE_ONLY,2021-02-19T00:00:00-05:00,2021-02-19T05:00:00Z,2021-02-19T13:00:00+08:00,"-1 day, 19:00:00",75cba2909a5507cc37df2a1da61b90147fa1c2055280217c6b90429429041e1b
2021-02-22,2021-02-22 00:00:00,2021-02-23 00:00:00,UNRESOLVED,NAS100_LABELLED_D1_BAR_START_DATE_ONLY,2021-02-22T00:00:00-05:00,2021-02-22T05:00:00Z,2021-02-22T13:00:00+08:00,"-1 day, 19:00:00",44d0667f52a4a17d87efb16da1c21bd6178a57498f2342f6f18f647b326d06e5
2021-02-23,2021-02-23 00:00:00,2021-02-24 00:00:00,UNRESOLVED,NAS100_LABELLED_D1_BAR_START_DATE_ONLY,2021-02-23T00:00:00-05:00,2021-02-23T05:00:00Z,2021-02-23T13:00:00+08:00,"-1 day, 19:00:00",3e2c742c52cac619a387bea4af34c402049328f5b26ee6242aac382a2613222f
2021-02-24,2021-02-24 00:00:00,2021-02-25 00:00:00,UNRESOLVED,NAS100_LABELLED_D1_BAR_START_DATE_ONLY,2021-02-24T00:00:00-05:00,2021-02-24T05:00:00Z,2021-02-24T13:00:00+08:00,"-1 day, 19:00:00",ad99931bc645c874ae781a49b6829cba239e7cb0945da4d4e5e3ac326a4d1e89
2021-02-25,2021-02-25 00:00:00,2021-02-26 00:00:00,UNRESOLVED,NAS100_LABELLED_D1_BAR_START_DATE_ONLY,2021-02-25T00:00:00-05:00,2021-02-25T05:00:00Z,2021-02-25T13:00:00+08:00,"-1 day, 19:00:00",92d097a7f60482aa00f0f4bd00c0fa402674a15a9989f65a079a0712366ba142
2021-02-26,2021-02-26 00:00:00,2021-02-27 00:00:00,UNRESOLVED,NAS100_LABELLED_D1_BAR_START_DATE_ONLY,2021-02-26T00:00:00-05:00,2021-02-26T05:00:00Z,2021-02-26T13:00:00+08:00,"-1 day, 19:00:00",f793401bedf858d6c24674e9b31f0e90443ae11d51a695bfa081ea57c6bce4b1
2021-03-01,2021-03-01 00:00:00,2021-03-02 00:00:00,UNRESOLVED,NAS100_LABELLED_D1_BAR_START_DATE_ONLY,2021-03-01T00:00:00-05:00,2021-03-01T05:00:00Z,2021-03-01T13:00:00+08:00,"-1 day, 19:00:00",bda3b84c852145d79eacd021ab63ece7e0b6c64215cb05aa4fa332f00a78a9e1
2021-03-02,2021-03-02 00:00:00,2021-03-03 00:00:00,UNRESOLVED,NAS100_LABELLED_D1_BAR_START_DATE_ONLY,2021-03-02T00:00:00-05:00,2021-03-02T05:00:00Z,2021-03-02T13:00:00+08:00,"-1 day, 19:00:00",f7650e7214cb52298ed7429f75a8015f8c3db5599780f1910db663aa8dd4009e
2021-03-03,2021-03-03 00:00:00,2021-03-04 00:00:00,UNRESOLVED,NAS100_LABELLED_D1_BAR_START_DATE_ONLY,2021-03-03T00:00:00-05:00,2021-03-03T05:00:00Z,2021-03-03T13:00:00+08:00,"-1 day, 19:00:00",05b24a6616450a76c6d624e12df21a63b1541c509907c212d0d613ebf0bf4acb
2021-03-04,2021-03-04 00:00:00,2021-03-05 00:00:00,UNRESOLVED,NAS100_LABELLED_D1_BAR_START_DATE_ONLY,2021-03-04T00:00:00-05:00,2021-03-04T05:00:00Z,2021-03-04T13:00:00+08:00,"-1 day, 19:00:00",7448e4c8155d503ca702863938b27414e9a5552abe64ec758b52c8a97a5e5e5e
2021-03-05,2021-03-05 00:00:00,2021-03-06 00:00:00,UNRESOLVED,NAS100_LABELLED_D1_BAR_START_DATE_ONLY,2021-03-05T00:00:00-05:00,2021-03-05T05:00:00Z,2021-03-05T13:00:00+08:00,"-1 day, 19:00:00",ccf94c82f8b16d4fff559fd74f0281886b104a1d636a03204a9620d1d5a70c70
2021-03-08,2021-03-08 00:00:00,2021-03-09 00:00:00,UNRESOLVED,NAS100_LABELLED_D1_BAR_START_DATE_ONLY,2021-03-08T00:00:00-05:00,2021-03-08T05:00:00Z,2021-03-08T13:00:00+08:00,"-1 day, 19:00:00",c1b1b37cf75c9673243b0e4af6aa566ab8c4ed124e5a783ac81495501f2919cd
2021-03-09,2021-03-09 00:00:00,2021-03-10 00:00:00,UNRESOLVED,NAS100_LABELLED_D1_BAR_START_DATE_ONLY,2021-03-09T00:00:00-05:00,2021-03-09T05:00:00Z,2021-03-09T13:00:00+08:00,"-1 day, 19:00:00",60f8c7c4e5b8d4a4bc16f9c7d737dc0183c430f05eff58f58295c3791fc69296
2021-03-10,2021-03-10 00:00:00,2021-03-11 00:00:00,UNRESOLVED,NAS100_LABELLED_D1_BAR_START_DATE_ONLY,2021-03-10T00:00:00-05:00,2021-03-10T05:00:00Z,2021-03-10T13:00:00+08:00,"-1 day, 19:00:00",cd4ec48953f7d3346a5a860b18aba6729ea8bc085343f682b7bcb8f56f7909ed
2021-03-11,2021-03-11 00:00:00,2021-03-12 00:00:00,UNRESOLVED,NAS100_LABELLED_D1_BAR_START_DATE_ONLY,2021-03-11T00:00:00-05:00,2021-03-11T05:00:00Z,2021-03-11T13:00:00+08:00,"-1 day, 19:00:00",4231efa48d4f482bcc5a8420da44359768b86cf31ab47a26c6c57de0e8d68e2e
2021-03-12,2021-03-12 00:00:00,2021-03-13 00:00:00,UNRESOLVED,NAS100_LABELLED_D1_BAR_START_DATE_ONLY,2021-03-12T00:00:00-05:00,2021-03-12T05:00:00Z,2021-03-12T13:00:00+08:00,"-1 day, 19:00:00",eebfc6245ea4f78cb64e66124eb146e693da16d79e139540c1a4cc2f2d5e7b7f
2021-03-15,2021-03-15 00:00:00,2021-03-16 00:00:00,UNRESOLVED,NAS100_LABELLED_D1_BAR_START_DATE_ONLY,2021-03-15T00:00:00-04:00,2021-03-15T04:00:00Z,2021-03-15T12:00:00+08:00,"-1 day, 20:00:00",f1315bb678c394443c0eb4adedd38066a06ef5ae1be1de0ea118443709a853b9
2021-03-16,2021-03-16 00:00:00,2021-03-17 00:00:00,UNRESOLVED,NAS100_LABELLED_D1_BAR_START_DATE_ONLY,2021-03-16T00:00:00-04:00,2021-03-16T04:00:00Z,2021-03-16T12:00:00+08:00,"-1 day, 20:00:00",4a0ef5a64fa4dc307d6d2c588a06745f720be0ea781a4a5bd34e0c59b8b4b8df
2021-03-17,2021-03-17 00:00:00,2021-03-18 00:00:00,UNRESOLVED,NAS100_LABELLED_D1_BAR_START_DATE_ONLY,2021-03-17T00:00:00-04:00,2021-03-17T04:00:00Z,2021-03-17T12:00:00+08:00,"-1 day, 20:00:00",a76ea5aef01fde4eeeb9b26520e38fe5e62fb09df6764bf322992011d7f3fc97
2021-03-18,2021-03-18 00:00:00,2021-03-19 00:00:00,UNRESOLVED,NAS100_LABELLED_D1_BAR_START_DATE_ONLY,2021-03-18T00:00:00-04:00,2021-03-18T04:00:00Z,2021-03-18T12:00:00+08:00,"-1 day, 20:00:00",bdf5f6ad7e6097f4da2ce794e388ccc4abc7bb9be1b0762fa62b7e35a1ac7307
2021-03-19,2021-03-19 00:00:00,2021-03-20 00:00:00,UNRESOLVED,NAS100_LABELLED_D1_BAR_START_DATE_ONLY,2021-03-19T00:00:00-04:00,2021-03-19T04:00:00Z,2021-03-19T12:00:00+08:00,"-1 day, 20:00:00",28f166e22876c2b7df03bb32c8147efc5e109adb5288db5a7f518b00c6a85599
2021-03-22,2021-03-22 00:00:00,2021-03-23 00:00:00,UNRESOLVED,NAS100_LABELLED_D1_BAR_START_DATE_ONLY,2021-03-22T00:00:00-04:00,2021-03-22T04:00:00Z,2021-03-22T12:00:00+08:00,"-1 day, 20:00:00",a4bcc3789d39853ffd4116055849d09b9c796077158dfae021a0fe89d91fadb0
2021-03-23,2021-03-23 00:00:00,2021-03-24 00:00:00,UNRESOLVED,NAS100_LABELLED_D1_BAR_START_DATE_ONLY,2021-03-23T00:00:00-04:00,2021-03-23T04:00:00Z,2021-03-23T12:00:00+08:00,"-1 day, 20:00:00",8063f769bce8d0e373d32eab4848ace6fdb250bd57058ad34d4981d91802f4e2
2021-03-24,2021-03-24 00:00:00,2021-03-25 00:00:00,UNRESOLVED,NAS100_LABELLED_D1_BAR_START_DATE_ONLY,2021-03-24T00:00:00-04:00,2021-03-24T04:00:00Z,2021-03-24T12:00:00+08:00,"-1 day, 20:00:00",608bb936efaab4be900e5065bbcba3ed7cd8fa74b4fbd05ceaf505dfb71afafa
2021-03-25,2021-03-25 00:00:00,2021-03-26 00:00:00,UNRESOLVED,NAS100_LABELLED_D1_BAR_START_DATE_ONLY,2021-03-25T00:00:00-04:00,2021-03-25T04:00:00Z,2021-03-25T12:00:00+08:00,"-1 day, 20:00:00",19063ae86cd1fb277bc4dd3df5113ad7335cacf807b92dcf7c7ac0dc7bbf0e4c
2021-03-26,2021-03-26 00:00:00,2021-03-27 00:00:00,UNRESOLVED,NAS100_LABELLED_D1_BAR_START_DATE_ONLY,2021-03-26T00:00:00-04:00,2021-03-26T04:00:00Z,2021-03-26T12:00:00+08:00,"-1 day, 20:00:00",dfba5172cb424119ce1c4e0af08eb25620c82d9ac3c5006fc2ddaf7c7e61338a
2021-03-29,2021-03-29 00:00:00,2021-03-30 00:00:00,UNRESOLVED,NAS100_LABELLED_D1_BAR_START_DATE_ONLY,2021-03-29T00:00:00-04:00,2021-03-29T04:00:00Z,2021-03-29T12:00:00+08:00,"-1 day, 20:00:00",a57395984b6b76e899725a2f9ff2797f594c8900e8303b2f7941c78958109953
2021-03-30,2021-03-30 00:00:00,2021-03-31 00:00:00,UNRESOLVED,NAS100_LABELLED_D1_BAR_START_DATE_ONLY,2021-03-30T00:00:00-04:00,2021-03-30T04:00:00Z,2021-03-30T12:00:00+08:00,"-1 day, 20:00:00",d64663ac6e7e5b66d357376ccd0ebf871c87712a52f71e82be2dcc3d3b7ff701
2021-03-31,2021-03-31 00:00:00,2021-04-01 00:00:00,UNRESOLVED,NAS100_LABELLED_D1_BAR_START_DATE_ONLY,2021-03-31T00:00:00-04:00,2021-03-31T04:00:00Z,2021-03-31T12:00:00+08:00,"-1 day, 20:00:00",7cdeffd760675b681e5e7c3b1dc370eab4f2d2f38e899b71e1d840b86b249f7c
2021-04-01,2021-04-01 00:00:00,2021-04-02 00:00:00,UNRESOLVED,NAS100_LABELLED_D1_BAR_START_DATE_ONLY,2021-04-01T00:00:00-04:00,2021-04-01T04:00:00Z,2021-04-01T12:00:00+08:00,"-1 day, 20:00:00",3bd6177fcd74fe10ddf8ac8f0f615e462bc690251c0f6b35d2dbcc0281b67c9c
2021-04-02,2021-04-02 00:00:00,2021-04-03 00:00:00,UNRESOLVED,NAS100_LABELLED_D1_BAR_START_DATE_ONLY,2021-04-02T00:00:00-04:00,2021-04-02T04:00:00Z,2021-04-02T12:00:00+08:00,"-1 day, 20:00:00",716fe299265acf5de13763287c8ec94f364ab2fb1c912fd228af8cd7fb32f90d
2021-04-05,2021-04-05 00:00:00,2021-04-06 00:00:00,UNRESOLVED,NAS100_LABELLED_D1_BAR_START_DATE_ONLY,2021-04-05T00:00:00-04:00,2021-04-05T04:00:00Z,2021-04-05T12:00:00+08:00,"-1 day, 20:00:00",3d9a77e9e010bb6c6e7c1fc39da9e2a01a0eedd0aceab582a238bb171c39deed
2021-04-06,2021-04-06 00:00:00,2021-04-07 00:00:00,UNRESOLVED,NAS100_LABELLED_D1_BAR_START_DATE_ONLY,2021-04-06T00:00:00-04:00,2021-04-06T04:00:00Z,2021-04-06T12:00:00+08:00,"-1 day, 20:00:00",9de31daedfc27066084e30ae96a89f5d1b43e49cd8fa0701903acdee0fe07c77
2021-04-07,2021-04-07 00:00:00,2021-04-08 00:00:00,UNRESOLVED,NAS100_LABELLED_D1_BAR_START_DATE_ONLY,2021-04-07T00:00:00-04:00,2021-04-07T04:00:00Z,2021-04-07T12:00:00+08:00,"-1 day, 20:00:00",4b3f22adaa1e4558c11ea35e0ff501121c28d9607cdeecbe5bf0d5df936d4a02
2021-04-08,2021-04-08 00:00:00,2021-04-09 00:00:00,UNRESOLVED,NAS100_LABELLED_D1_BAR_START_DATE_ONLY,2021-04-08T00:00:00-04:00,2021-04-08T04:00:00Z,2021-04-08T12:00:00+08:00,"-1 day, 20:00:00",900fff1baf3313ff594c6efae99f9b2b86b5e6bcc5c0a153cfa9913b55e421b9
2021-04-09,2021-04-09 00:00:00,2021-04-10 00:00:00,UNRESOLVED,NAS100_LABELLED_D1_BAR_START_DATE_ONLY,2021-04-09T00:00:00-04:00,2021-04-09T04:00:00Z,2021-04-09T12:00:00+08:00,"-1 day, 20:00:00",5b1b5f3f2c18c824a8e3a320919559bde5b0ebe8f53d969bbb9f1aa7fab6bc4e
2021-04-12,2021-04-12 00:00:00,2021-04-13 00:00:00,UNRESOLVED,NAS100_LABELLED_D1_BAR_START_DATE_ONLY,2021-04-12T00:00:00-04:00,2021-04-12T04:00:00Z,2021-04-12T12:00:00+08:00,"-1 day, 20:00:00",20dc863cf47c1a7b77acc0973445b4f632ee320b66b880897d885763b5e43669
2021-04-13,2021-04-13 00:00:00,2021-04-14 00:00:00,UNRESOLVED,NAS100_LABELLED_D1_BAR_START_DATE_ONLY,2021-04-13T00:00:00-04:00,2021-04-13T04:00:00Z,2021-04-13T12:00:00+08:00,"-1 day, 20:00:00",b0b48449b541ff9ed00e9c78a9d9021a49eb52e4287ed0ea3765d40a2f7210e6
2021-04-14,2021-04-14 00:00:00,2021-04-15 00:00:00,UNRESOLVED,NAS100_LABELLED_D1_BAR_START_DATE_ONLY,2021-04-14T00:00:00-04:00,2021-04-14T04:00:00Z,2021-04-14T12:00:00+08:00,"-1 day, 20:00:00",b2f59e88101d18ac0dc9af3c13bd6ededd54106dc57fb234f1c0e7159e182f0f
2021-04-15,2021-04-15 00:00:00,2021-04-16 00:00:00,UNRESOLVED,NAS100_LABELLED_D1_BAR_START_DATE_ONLY,2021-04-15T00:00:00-04:00,2021-04-15T04:00:00Z,2021-04-15T12:00:00+08:00,"-1 day, 20:00:00",7db72f26078d81cbb025febec41c435d6ff82f45f728eda4e6b34dba30b63f4e
2021-04-16,2021-04-16 00:00:00,2021-04-17 00:00:00,UNRESOLVED,NAS100_LABELLED_D1_BAR_START_DATE_ONLY,2021-04-16T00:00:00-04:00,2021-04-16T04:00:00Z,2021-04-16T12:00:00+08:00,"-1 day, 20:00:00",cd68a5f90e7bc37e6e132cfc1bc8b69ac3fefc4fb3cd18a10482bb1a9a25be68
2021-04-19,2021-04-19 00:00:00,2021-04-20 00:00:00,UNRESOLVED,NAS100_LABELLED_D1_BAR_START_DATE_ONLY,2021-04-19T00:00:00-04:00,2021-04-19T04:00:00Z,2021-04-19T12:00:00+08:00,"-1 day, 20:00:00",1cf2b270d5be1a943c78d8f7c4c02064c00fa9f9afd0a28c186961c75c334770
2021-04-20,2021-04-20 00:00:00,2021-04-21 00:00:00,UNRESOLVED,NAS100_LABELLED_D1_BAR_START_DATE_ONLY,2021-04-20T00:00:00-04:00,2021-04-20T04:00:00Z,2021-04-20T12:00:00+08:00,"-1 day, 20:00:00",1a0142ef6c35144ebcf21acb690cd3dbb25cf60b5ef982743db84b01887a99cf
2021-04-21,2021-04-21 00:00:00,2021-04-22 00:00:00,UNRESOLVED,NAS100_LABELLED_D1_BAR_START_DATE_ONLY,2021-04-21T00:00:00-04:00,2021-04-21T04:00:00Z,2021-04-21T12:00:00+08:00,"-1 day, 20:00:00",1cc4698674044c475bfbd9df3ac9381f21350e0f796d078abba3790147ef0b7a
2021-04-22,2021-04-22 00:00:00,2021-04-23 00:00:00,UNRESOLVED,NAS100_LABELLED_D1_BAR_START_DATE_ONLY,2021-04-22T00:00:00-04:00,2021-04-22T04:00:00Z,2021-04-22T12:00:00+08:00,"-1 day, 20:00:00",5e53ef6dfad6b9bb150556910da14c4a71443ac465ce767936053a8f2d6786ff
2021-04-23,2021-04-23 00:00:00,2021-04-24 00:00:00,UNRESOLVED,NAS100_LABELLED_D1_BAR_START_DATE_ONLY,2021-04-23T00:00:00-04:00,2021-04-23T04:00:00Z,2021-04-23T12:00:00+08:00,"-1 day, 20:00:00",a11c5a20e63d653a62293059543a3965796a8ae96c6fa657026a217d52b7c3fe
2021-04-26,2021-04-26 00:00:00,2021-04-27 00:00:00,UNRESOLVED,NAS100_LABELLED_D1_BAR_START_DATE_ONLY,2021-04-26T00:00:00-04:00,2021-04-26T04:00:00Z,2021-04-26T12:00:00+08:00,"-1 day, 20:00:00",4ffb5bb6582cb4682008442a7a6c430b8ec9ca73bf115a89fff0dc8f66841ff4
2021-04-27,2021-04-27 00:00:00,2021-04-28 00:00:00,UNRESOLVED,NAS100_LABELLED_D1_BAR_START_DATE_ONLY,2021-04-27T00:00:00-04:00,2021-04-27T04:00:00Z,2021-04-27T12:00:00+08:00,"-1 day, 20:00:00",3bc095572bf4e8a1cf3ddc324cc3db1fd778931936768778b4f1be6f90ac6ff5
2021-04-28,2021-04-28 00:00:00,2021-04-29 00:00:00,UNRESOLVED,NAS100_LABELLED_D1_BAR_START_DATE_ONLY,2021-04-28T00:00:00-04:00,2021-04-28T04:00:00Z,2021-04-28T12:00:00+08:00,"-1 day, 20:00:00",fa837048bd863e70ae83568c797dd72bec0ab5d09424d809ce3182183186871c
2021-04-29,2021-04-29 00:00:00,2021-04-30 00:00:00,UNRESOLVED,NAS100_LABELLED_D1_BAR_START_DATE_ONLY,2021-04-29T00:00:00-04:00,2021-04-29T04:00:00Z,2021-04-29T12:00:00+08:00,"-1 day, 20:00:00",72ac3fb08348a67b02b871f9237368be5d32e4cf3d9614d7600464acf25ae43c
2021-04-30,2021-04-30 00:00:00,2021-05-01 00:00:00,UNRESOLVED,NAS100_LABELLED_D1_BAR_START_DATE_ONLY,2021-04-30T00:00:00-04:00,2021-04-30T04:00:00Z,2021-04-30T12:00:00+08:00,"-1 day, 20:00:00",1f1001a0526041984e61a113fb59bb50134fa7f928bbb933d4fc3920b1567758
2021-05-03,2021-05-03 00:00:00,2021-05-04 00:00:00,UNRESOLVED,NAS100_LABELLED_D1_BAR_START_DATE_ONLY,2021-05-03T00:00:00-04:00,2021-05-03T04:00:00Z,2021-05-03T12:00:00+08:00,"-1 day, 20:00:00",0ffb7ebb75ef505ee57460ff21ed48019f38124fad38c45fe7f5a74f14110329
2021-05-04,2021-05-04 00:00:00,2021-05-05 00:00:00,UNRESOLVED,NAS100_LABELLED_D1_BAR_START_DATE_ONLY,2021-05-04T00:00:00-04:00,2021-05-04T04:00:00Z,2021-05-04T12:00:00+08:00,"-1 day, 20:00:00",2a59c5faeb40a48d24b885ec7ea7f8497fa9ef08d7972e7babe1618f4e3fb195
2021-05-05,2021-05-05 00:00:00,2021-05-06 00:00:00,UNRESOLVED,NAS100_LABELLED_D1_BAR_START_DATE_ONLY,2021-05-05T00:00:00-04:00,2021-05-05T04:00:00Z,2021-05-05T12:00:00+08:00,"-1 day, 20:00:00",ea214fcc02a4d8e66d733395724ea4ce3352182c989c95c999731d7caef1ed00
2021-05-06,2021-05-06 00:00:00,2021-05-07 00:00:00,UNRESOLVED,NAS100_LABELLED_D1_BAR_START_DATE_ONLY,2021-05-06T00:00:00-04:00,2021-05-06T04:00:00Z,2021-05-06T12:00:00+08:00,"-1 day, 20:00:00",4552b7eec6a50eead86994eb00aa2ccb2fcb06110b97cd92e2fe3b014555e644
2021-05-07,2021-05-07 00:00:00,2021-05-08 00:00:00,UNRESOLVED,NAS100_LABELLED_D1_BAR_START_DATE_ONLY,2021-05-07T00:00:00-04:00,2021-05-07T04:00:00Z,2021-05-07T12:00:00+08:00,"-1 day, 20:00:00",9e449a357adbe41ed67e2a2d17c0220d7535bd5232f4561a411d35bbc426edb2
2021-05-10,2021-05-10 00:00:00,2021-05-11 00:00:00,UNRESOLVED,NAS100_LABELLED_D1_BAR_START_DATE_ONLY,2021-05-10T00:00:00-04:00,2021-05-10T04:00:00Z,2021-05-10T12:00:00+08:00,"-1 day, 20:00:00",e1c8604fb7b25c3f415966f76018b0b34d4d88054565abd957041404c5002c1f
2021-05-11,2021-05-11 00:00:00,2021-05-12 00:00:00,UNRESOLVED,NAS100_LABELLED_D1_BAR_START_DATE_ONLY,2021-05-11T00:00:00-04:00,2021-05-11T04:00:00Z,2021-05-11T12:00:00+08:00,"-1 day, 20:00:00",ba0c983f7437936bf7298a913c8861de8d79213b9f77143803464d926c54d65b
2021-05-12,2021-05-12 00:00:00,2021-05-13 00:00:00,UNRESOLVED,NAS100_LABELLED_D1_BAR_START_DATE_ONLY,2021-05-12T00:00:00-04:00,2021-05-12T04:00:00Z,2021-05-12T12:00:00+08:00,"-1 day, 20:00:00",ca16986d46d6b283dcda3417f359323f8b101e09c687df89024e140c691ca344
2021-05-13,2021-05-13 00:00:00,2021-05-14 00:00:00,UNRESOLVED,NAS100_LABELLED_D1_BAR_START_DATE_ONLY,2021-05-13T00:00:00-04:00,2021-05-13T04:00:00Z,2021-05-13T12:00:00+08:00,"-1 day, 20:00:00",884258db574a02ebea1f66a8ff590d223fdd6ce76776e5ae821fa1a9f68abf5e
2021-05-14,2021-05-14 00:00:00,2021-05-15 00:00:00,UNRESOLVED,NAS100_LABELLED_D1_BAR_START_DATE_ONLY,2021-05-14T00:00:00-04:00,2021-05-14T04:00:00Z,2021-05-14T12:00:00+08:00,"-1 day, 20:00:00",f40300560d19a75e2113cbab1a8d3cdf7643369b56e828b9ec21f3cc8d2e66e1
2021-05-17,2021-05-17 00:00:00,2021-05-18 00:00:00,UNRESOLVED,NAS100_LABELLED_D1_BAR_START_DATE_ONLY,2021-05-17T00:00:00-04:00,2021-05-17T04:00:00Z,2021-05-17T12:00:00+08:00,"-1 day, 20:00:00",36e9df29e2fa08a39fd387c83b89b49941f326f6adf3447f3df066ebeb373d79
2021-05-18,2021-05-18 00:00:00,2021-05-19 00:00:00,UNRESOLVED,NAS100_LABELLED_D1_BAR_START_DATE_ONLY,2021-05-18T00:00:00-04:00,2021-05-18T04:00:00Z,2021-05-18T12:00:00+08:00,"-1 day, 20:00:00",589946b00d47508a5d7dc776fa2a26e0997a9161d562ce0a562f5285412a14d3
2021-05-19,2021-05-19 00:00:00,2021-05-20 00:00:00,UNRESOLVED,NAS100_LABELLED_D1_BAR_START_DATE_ONLY,2021-05-19T00:00:00-04:00,2021-05-19T04:00:00Z,2021-05-19T12:00:00+08:00,"-1 day, 20:00:00",5248da0b9b01eca3d5b4179421b19422f30c6f4c256e3915464c475d045b67fb
2021-05-20,2021-05-20 00:00:00,2021-05-21 00:00:00,UNRESOLVED,NAS100_LABELLED_D1_BAR_START_DATE_ONLY,2021-05-20T00:00:00-04:00,2021-05-20T04:00:00Z,2021-05-20T12:00:00+08:00,"-1 day, 20:00:00",cbc50e5cd8a80b3a2f6257d93bf190564cda508847df080d557cc26c32c73fdf
2021-05-21,2021-05-21 00:00:00,2021-05-22 00:00:00,UNRESOLVED,NAS100_LABELLED_D1_BAR_START_DATE_ONLY,2021-05-21T00:00:00-04:00,2021-05-21T04:00:00Z,2021-05-21T12:00:00+08:00,"-1 day, 20:00:00",31b3120352bea75472c830b1fb98dc15a9b9f5c686deef44fb4b761ad6290feb
2021-05-24,2021-05-24 00:00:00,2021-05-25 00:00:00,UNRESOLVED,NAS100_LABELLED_D1_BAR_START_DATE_ONLY,2021-05-24T00:00:00-04:00,2021-05-24T04:00:00Z,2021-05-24T12:00:00+08:00,"-1 day, 20:00:00",3a0bd5664518b79323a5f7969a77ec4fae10c41e57e27a4c319f5428a409d050
2021-05-25,2021-05-25 00:00:00,2021-05-26 00:00:00,UNRESOLVED,NAS100_LABELLED_D1_BAR_START_DATE_ONLY,2021-05-25T00:00:00-04:00,2021-05-25T04:00:00Z,2021-05-25T12:00:00+08:00,"-1 day, 20:00:00",ab3b5fff9bb28a6a31ed990871d7df0e98710be8c2cb4074429f9e925ff2c128
2021-05-26,2021-05-26 00:00:00,2021-05-27 00:00:00,UNRESOLVED,NAS100_LABELLED_D1_BAR_START_DATE_ONLY,2021-05-26T00:00:00-04:00,2021-05-26T04:00:00Z,2021-05-26T12:00:00+08:00,"-1 day, 20:00:00",1a7249fe37072aa45d58289dff6b00cb67fb95c213a755987fb01763387294f1
2021-05-27,2021-05-27 00:00:00,2021-05-28 00:00:00,UNRESOLVED,NAS100_LABELLED_D1_BAR_START_DATE_ONLY,2021-05-27T00:00:00-04:00,2021-05-27T04:00:00Z,2021-05-27T12:00:00+08:00,"-1 day, 20:00:00",d4232a50195bc94fcce3024cebfade2b768782e6635ffd00e8df2b5fbae03f2c
2021-05-28,2021-05-28 00:00:00,2021-05-29 00:00:00,UNRESOLVED,NAS100_LABELLED_D1_BAR_START_DATE_ONLY,2021-05-28T00:00:00-04:00,2021-05-28T04:00:00Z,2021-05-28T12:00:00+08:00,"-1 day, 20:00:00",05716d039bb90c2f0fa92710c3d72f9ba391612948fdb65ec0983acf29bfce69
2021-05-31,2021-05-31 00:00:00,2021-06-01 00:00:00,UNRESOLVED,NAS100_LABELLED_D1_BAR_START_DATE_ONLY,2021-05-31T00:00:00-04:00,2021-05-31T04:00:00Z,2021-05-31T12:00:00+08:00,"-1 day, 20:00:00",f2c5d6cb8c99ac4244252123a21a23fe035e4bb39654bfe7eb08c745b7212d98
2021-06-01,2021-06-01 00:00:00,2021-06-02 00:00:00,UNRESOLVED,NAS100_LABELLED_D1_BAR_START_DATE_ONLY,2021-06-01T00:00:00-04:00,2021-06-01T04:00:00Z,2021-06-01T12:00:00+08:00,"-1 day, 20:00:00",73563ace98b99c956d9b5e7c3432230ae294fb0ecdd9a88f0612d8e41a774a20
2021-06-02,2021-06-02 00:00:00,2021-06-03 00:00:00,UNRESOLVED,NAS100_LABELLED_D1_BAR_START_DATE_ONLY,2021-06-02T00:00:00-04:00,2021-06-02T04:00:00Z,2021-06-02T12:00:00+08:00,"-1 day, 20:00:00",ec7b874bd2379221ad3c03889fec2761f4999e0758abceed6818caebb1898ed1
2021-06-03,2021-06-03 00:00:00,2021-06-04 00:00:00,UNRESOLVED,NAS100_LABELLED_D1_BAR_START_DATE_ONLY,2021-06-03T00:00:00-04:00,2021-06-03T04:00:00Z,2021-06-03T12:00:00+08:00,"-1 day, 20:00:00",fc9fe644a95b7af3013be4c03ba844be9d9f4563e7b3c56975592fd8947a8543
2021-06-04,2021-06-04 00:00:00,2021-06-05 00:00:00,UNRESOLVED,NAS100_LABELLED_D1_BAR_START_DATE_ONLY,2021-06-04T00:00:00-04:00,2021-06-04T04:00:00Z,2021-06-04T12:00:00+08:00,"-1 day, 20:00:00",46c8f068b20366b5239940cf5cfc9f52936fdcc2b6711992fe13681c5cb5e05c
2021-06-07,2021-06-07 00:00:00,2021-06-08 00:00:00,UNRESOLVED,NAS100_LABELLED_D1_BAR_START_DATE_ONLY,2021-06-07T00:00:00-04:00,2021-06-07T04:00:00Z,2021-06-07T12:00:00+08:00,"-1 day, 20:00:00",82b91dd558bddbeb201ffe7edabb3e3d97c447b0e7b864f66b4eeb7b8b403bc1
2021-06-08,2021-06-08 00:00:00,2021-06-09 00:00:00,UNRESOLVED,NAS100_LABELLED_D1_BAR_START_DATE_ONLY,2021-06-08T00:00:00-04:00,2021-06-08T04:00:00Z,2021-06-08T12:00:00+08:00,"-1 day, 20:00:00",4c6cbc1e9484084ecc6dfeb4778ff1e557d194545077d722db085104eb9151b6
2021-06-09,2021-06-09 00:00:00,2021-06-10 00:00:00,UNRESOLVED,NAS100_LABELLED_D1_BAR_START_DATE_ONLY,2021-06-09T00:00:00-04:00,2021-06-09T04:00:00Z,2021-06-09T12:00:00+08:00,"-1 day, 20:00:00",275e0346c2299017b6e597bc7a7289efebf1b9aa9e6856b44ebac591a66d356b
2021-06-10,2021-06-10 00:00:00,2021-06-11 00:00:00,UNRESOLVED,NAS100_LABELLED_D1_BAR_START_DATE_ONLY,2021-06-10T00:00:00-04:00,2021-06-10T04:00:00Z,2021-06-10T12:00:00+08:00,"-1 day, 20:00:00",1fcbe27d1bd02e538862213d69207e06979eb8a17785f4650149a181c9076a76
2021-06-11,2021-06-11 00:00:00,2021-06-12 00:00:00,UNRESOLVED,NAS100_LABELLED_D1_BAR_START_DATE_ONLY,2021-06-11T00:00:00-04:00,2021-06-11T04:00:00Z,2021-06-11T12:00:00+08:00,"-1 day, 20:00:00",4cc3de82ac14875fe1286f98d4642b757be056172c386522358a1a3f93a4fe94
2021-06-14,2021-06-14 00:00:00,2021-06-15 00:00:00,UNRESOLVED,NAS100_LABELLED_D1_BAR_START_DATE_ONLY,2021-06-14T00:00:00-04:00,2021-06-14T04:00:00Z,2021-06-14T12:00:00+08:00,"-1 day, 20:00:00",08a7d3318926cdc534a770616fa40eb02ab702bca158acfa2222149244bb246b
2021-06-15,2021-06-15 00:00:00,2021-06-16 00:00:00,UNRESOLVED,NAS100_LABELLED_D1_BAR_START_DATE_ONLY,2021-06-15T00:00:00-04:00,2021-06-15T04:00:00Z,2021-06-15T12:00:00+08:00,"-1 day, 20:00:00",7202e2dfe30b05ea7b48d122eb1f633fe06f364b1c9a43930d80d5de8beb0375
2021-06-16,2021-06-16 00:00:00,2021-06-17 00:00:00,UNRESOLVED,NAS100_LABELLED_D1_BAR_START_DATE_ONLY,2021-06-16T00:00:00-04:00,2021-06-16T04:00:00Z,2021-06-16T12:00:00+08:00,"-1 day, 20:00:00",2f41b30257dd3b335ffcb32db3f3b3af3c9fc4f80a3efce5d1178eb1cd63aafa
2021-06-17,2021-06-17 00:00:00,2021-06-18 00:00:00,UNRESOLVED,NAS100_LABELLED_D1_BAR_START_DATE_ONLY,2021-06-17T00:00:00-04:00,2021-06-17T04:00:00Z,2021-06-17T12:00:00+08:00,"-1 day, 20:00:00",879f77e0958ca75fa8821219e86d341f34e8a33f755ce46648965adc6a764e68
2021-06-18,2021-06-18 00:00:00,2021-06-19 00:00:00,UNRESOLVED,NAS100_LABELLED_D1_BAR_START_DATE_ONLY,2021-06-18T00:00:00-04:00,2021-06-18T04:00:00Z,2021-06-18T12:00:00+08:00,"-1 day, 20:00:00",3a5060cd5d751b2a92fe6279220eeca7171ac98a055fc3e93b38e4a6d25c2c2d
2021-06-21,2021-06-21 00:00:00,2021-06-22 00:00:00,UNRESOLVED,NAS100_LABELLED_D1_BAR_START_DATE_ONLY,2021-06-21T00:00:00-04:00,2021-06-21T04:00:00Z,2021-06-21T12:00:00+08:00,"-1 day, 20:00:00",6d9cc049a738a647fa657dc88424e88c50e9b1ed79c14c8d637282a1316b736c
2021-06-22,2021-06-22 00:00:00,2021-06-23 00:00:00,UNRESOLVED,NAS100_LABELLED_D1_BAR_START_DATE_ONLY,2021-06-22T00:00:00-04:00,2021-06-22T04:00:00Z,2021-06-22T12:00:00+08:00,"-1 day, 20:00:00",43f07c03d30a264d2fa4cac9e983813dae070b4dbd119d883256c9253a6f6785
2021-06-23,2021-06-23 00:00:00,2021-06-24 00:00:00,UNRESOLVED,NAS100_LABELLED_D1_BAR_START_DATE_ONLY,2021-06-23T00:00:00-04:00,2021-06-23T04:00:00Z,2021-06-23T12:00:00+08:00,"-1 day, 20:00:00",5ba46ad6f1aa434c4b6be982744506cc45f873416a741cba82d370edced5fc98
2021-06-24,2021-06-24 00:00:00,2021-06-25 00:00:00,UNRESOLVED,NAS100_LABELLED_D1_BAR_START_DATE_ONLY,2021-06-24T00:00:00-04:00,2021-06-24T04:00:00Z,2021-06-24T12:00:00+08:00,"-1 day, 20:00:00",c542e17be7638e21ca8d366dd0caaa8759d571a08b217bf01b03253ab5d893ff
2021-06-25,2021-06-25 00:00:00,2021-06-26 00:00:00,UNRESOLVED,NAS100_LABELLED_D1_BAR_START_DATE_ONLY,2021-06-25T00:00:00-04:00,2021-06-25T04:00:00Z,2021-06-25T12:00:00+08:00,"-1 day, 20:00:00",e5bc4f59f3f69eabb6fcec5e46f8b7de30856c5c34711a9f9e7591e71f262a56
2021-06-28,2021-06-28 00:00:00,2021-06-29 00:00:00,UNRESOLVED,NAS100_LABELLED_D1_BAR_START_DATE_ONLY,2021-06-28T00:00:00-04:00,2021-06-28T04:00:00Z,2021-06-28T12:00:00+08:00,"-1 day, 20:00:00",2f42fc27f0fc96d21de6135c89a4b62f3cf147710fe9b2785e3df5906cc72123
2021-06-29,2021-06-29 00:00:00,2021-06-30 00:00:00,UNRESOLVED,NAS100_LABELLED_D1_BAR_START_DATE_ONLY,2021-06-29T00:00:00-04:00,2021-06-29T04:00:00Z,2021-06-29T12:00:00+08:00,"-1 day, 20:00:00",dee7bf307ed87f4c6fee9fef30cf3d55cf249ac337fc43a7bb4dd9ec99547ace
2021-06-30,2021-06-30 00:00:00,2021-07-01 00:00:00,UNRESOLVED,NAS100_LABELLED_D1_BAR_START_DATE_ONLY,2021-06-30T00:00:00-04:00,2021-06-30T04:00:00Z,2021-06-30T12:00:00+08:00,"-1 day, 20:00:00",7816941b01a3a53d07ccea1365b0b4718b46fa56d2d128aac5a4100f7d55cb3d
2021-07-01,2021-07-01 00:00:00,2021-07-02 00:00:00,UNRESOLVED,NAS100_LABELLED_D1_BAR_START_DATE_ONLY,2021-07-01T00:00:00-04:00,2021-07-01T04:00:00Z,2021-07-01T12:00:00+08:00,"-1 day, 20:00:00",4c888d7d97b56440818f197e3f23f61a17e6f41c99ba5e0af15e903ad2093e24
2021-07-02,2021-07-02 00:00:00,2021-07-03 00:00:00,UNRESOLVED,NAS100_LABELLED_D1_BAR_START_DATE_ONLY,2021-07-02T00:00:00-04:00,2021-07-02T04:00:00Z,2021-07-02T12:00:00+08:00,"-1 day, 20:00:00",934d42f9f3a2f9bbdca5226da1cea7765595be8f3fc93e01a16d93503e0e8b00
2021-07-05,2021-07-05 00:00:00,2021-07-06 00:00:00,UNRESOLVED,NAS100_LABELLED_D1_BAR_START_DATE_ONLY,2021-07-05T00:00:00-04:00,2021-07-05T04:00:00Z,2021-07-05T12:00:00+08:00,"-1 day, 20:00:00",cc4d327be54af9f01b49de6c85c0490081e83fda6e0941e697c782ab873d2bd4
2021-07-06,2021-07-06 00:00:00,2021-07-07 00:00:00,UNRESOLVED,NAS100_LABELLED_D1_BAR_START_DATE_ONLY,2021-07-06T00:00:00-04:00,2021-07-06T04:00:00Z,2021-07-06T12:00:00+08:00,"-1 day, 20:00:00",5f1751b15aa72c8d401117807bd15c37cf54d13e4fb01c3eccca9b926b609a77
2021-07-07,2021-07-07 00:00:00,2021-07-08 00:00:00,UNRESOLVED,NAS100_LABELLED_D1_BAR_START_DATE_ONLY,2021-07-07T00:00:00-04:00,2021-07-07T04:00:00Z,2021-07-07T12:00:00+08:00,"-1 day, 20:00:00",7dba8b56ebd824215cdabe21f37529624636d5a1c9df113c7a4349cc2612995a
2021-07-08,2021-07-08 00:00:00,2021-07-09 00:00:00,UNRESOLVED,NAS100_LABELLED_D1_BAR_START_DATE_ONLY,2021-07-08T00:00:00-04:00,2021-07-08T04:00:00Z,2021-07-08T12:00:00+08:00,"-1 day, 20:00:00",40f570ac8c18b5ee6c898cf4800e8aa4fd19f52917d80ba7425fdc19b8d6419e
2021-07-09,2021-07-09 00:00:00,2021-07-10 00:00:00,UNRESOLVED,NAS100_LABELLED_D1_BAR_START_DATE_ONLY,2021-07-09T00:00:00-04:00,2021-07-09T04:00:00Z,2021-07-09T12:00:00+08:00,"-1 day, 20:00:00",2adf6b67196b42a020b411c938095a5429004ff370f7b7565866d87a6410922c
2021-07-12,2021-07-12 00:00:00,2021-07-13 00:00:00,UNRESOLVED,NAS100_LABELLED_D1_BAR_START_DATE_ONLY,2021-07-12T00:00:00-04:00,2021-07-12T04:00:00Z,2021-07-12T12:00:00+08:00,"-1 day, 20:00:00",11e77ef20cac52bae10db8fc2ca4c30ee433209da8039fbdd642ab0bc9f3c98d
2021-07-13,2021-07-13 00:00:00,2021-07-14 00:00:00,UNRESOLVED,NAS100_LABELLED_D1_BAR_START_DATE_ONLY,2021-07-13T00:00:00-04:00,2021-07-13T04:00:00Z,2021-07-13T12:00:00+08:00,"-1 day, 20:00:00",73a59569bb2d4665851480f12a45c79fe7c08f70981c35cb8ddf73d8b4dc1c3d
2021-07-14,2021-07-14 00:00:00,2021-07-15 00:00:00,UNRESOLVED,NAS100_LABELLED_D1_BAR_START_DATE_ONLY,2021-07-14T00:00:00-04:00,2021-07-14T04:00:00Z,2021-07-14T12:00:00+08:00,"-1 day, 20:00:00",e127bcff33e7552c18d0ef451df91736dd9fc48d59350fded98a622db8008e01
2021-07-15,2021-07-15 00:00:00,2021-07-16 00:00:00,UNRESOLVED,NAS100_LABELLED_D1_BAR_START_DATE_ONLY,2021-07-15T00:00:00-04:00,2021-07-15T04:00:00Z,2021-07-15T12:00:00+08:00,"-1 day, 20:00:00",dff10f429d7dfc2f8d3c9d4afc92a3dd1acb74cb91e760c07fc0044682de35d2
2021-07-16,2021-07-16 00:00:00,2021-07-17 00:00:00,UNRESOLVED,NAS100_LABELLED_D1_BAR_START_DATE_ONLY,2021-07-16T00:00:00-04:00,2021-07-16T04:00:00Z,2021-07-16T12:00:00+08:00,"-1 day, 20:00:00",549b2675762d4b9f4c5f0c508a6fff0d00e5d4ceeed7aa6cb11f4cd20c95c518
2021-07-19,2021-07-19 00:00:00,2021-07-20 00:00:00,UNRESOLVED,NAS100_LABELLED_D1_BAR_START_DATE_ONLY,2021-07-19T00:00:00-04:00,2021-07-19T04:00:00Z,2021-07-19T12:00:00+08:00,"-1 day, 20:00:00",2df5d3c3e0d6eb2682a95eef2857c5bff4e5ddfc81a7e01caebd0ce8cb09f06b
2021-07-20,2021-07-20 00:00:00,2021-07-21 00:00:00,UNRESOLVED,NAS100_LABELLED_D1_BAR_START_DATE_ONLY,2021-07-20T00:00:00-04:00,2021-07-20T04:00:00Z,2021-07-20T12:00:00+08:00,"-1 day, 20:00:00",ca33bd1566a2e6e2732cfbe04d987090cbff0e8837a9551a13dfd813f3fa21d6
2021-07-21,2021-07-21 00:00:00,2021-07-22 00:00:00,UNRESOLVED,NAS100_LABELLED_D1_BAR_START_DATE_ONLY,2021-07-21T00:00:00-04:00,2021-07-21T04:00:00Z,2021-07-21T12:00:00+08:00,"-1 day, 20:00:00",35b31ad8582958e7da37cb9b0c332a64edaa6bfcdfd08e04d8aee7383b44683a
2021-07-22,2021-07-22 00:00:00,2021-07-23 00:00:00,UNRESOLVED,NAS100_LABELLED_D1_BAR_START_DATE_ONLY,2021-07-22T00:00:00-04:00,2021-07-22T04:00:00Z,2021-07-22T12:00:00+08:00,"-1 day, 20:00:00",fb608eb9cd5f33ea35eefb07ca8b5dc6747da2ba56dc798fb2ac335c8086ac4f
2021-07-23,2021-07-23 00:00:00,2021-07-24 00:00:00,UNRESOLVED,NAS100_LABELLED_D1_BAR_START_DATE_ONLY,2021-07-23T00:00:00-04:00,2021-07-23T04:00:00Z,2021-07-23T12:00:00+08:00,"-1 day, 20:00:00",e18d10e516fe16414f92e87b58aa7865b777877f97232a425a61ff93d884e30f
2021-07-26,2021-07-26 00:00:00,2021-07-27 00:00:00,UNRESOLVED,NAS100_LABELLED_D1_BAR_START_DATE_ONLY,2021-07-26T00:00:00-04:00,2021-07-26T04:00:00Z,2021-07-26T12:00:00+08:00,"-1 day, 20:00:00",2d6abb8728ff56319f9b7402d5764d3dd5a6d6da2bfdc16fd3fead257a969e9f
2021-07-27,2021-07-27 00:00:00,2021-07-28 00:00:00,UNRESOLVED,NAS100_LABELLED_D1_BAR_START_DATE_ONLY,2021-07-27T00:00:00-04:00,2021-07-27T04:00:00Z,2021-07-27T12:00:00+08:00,"-1 day, 20:00:00",81e235d94512ea4e54cfc8ae1f2e0929194965f58d2b645a7140df66ebb8926b
2021-07-28,2021-07-28 00:00:00,2021-07-29 00:00:00,UNRESOLVED,NAS100_LABELLED_D1_BAR_START_DATE_ONLY,2021-07-28T00:00:00-04:00,2021-07-28T04:00:00Z,2021-07-28T12:00:00+08:00,"-1 day, 20:00:00",f8a833e4e6b8132e0b4ae26eda28c66f79f8d2ce9ee17c360bc962ad369a2a30
2021-07-29,2021-07-29 00:00:00,2021-07-30 00:00:00,UNRESOLVED,NAS100_LABELLED_D1_BAR_START_DATE_ONLY,2021-07-29T00:00:00-04:00,2021-07-29T04:00:00Z,2021-07-29T12:00:00+08:00,"-1 day, 20:00:00",32c607f39f84ea7a19b34231ad7d7194c0446b7293685082be29d63400c83dc1
2021-07-30,2021-07-30 00:00:00,2021-07-31 00:00:00,UNRESOLVED,NAS100_LABELLED_D1_BAR_START_DATE_ONLY,2021-07-30T00:00:00-04:00,2021-07-30T04:00:00Z,2021-07-30T12:00:00+08:00,"-1 day, 20:00:00",5b74e97d7211f7b0ae13ffb813da2815470339ef10b9ddea2f2ec395dba36fa9
2021-08-02,2021-08-02 00:00:00,2021-08-03 00:00:00,UNRESOLVED,NAS100_LABELLED_D1_BAR_START_DATE_ONLY,2021-08-02T00:00:00-04:00,2021-08-02T04:00:00Z,2021-08-02T12:00:00+08:00,"-1 day, 20:00:00",d1ba31cb242d06f0be9f0dfcba1ec7fda814ab90027fa1114b2215d25604e24a
2021-08-03,2021-08-03 00:00:00,2021-08-04 00:00:00,UNRESOLVED,NAS100_LABELLED_D1_BAR_START_DATE_ONLY,2021-08-03T00:00:00-04:00,2021-08-03T04:00:00Z,2021-08-03T12:00:00+08:00,"-1 day, 20:00:00",b76447f5fa571ac3f16df69a97aebdc7df211ad420bc002e04510c3a5a6f6f0c
2021-08-04,2021-08-04 00:00:00,2021-08-05 00:00:00,UNRESOLVED,NAS100_LABELLED_D1_BAR_START_DATE_ONLY,2021-08-04T00:00:00-04:00,2021-08-04T04:00:00Z,2021-08-04T12:00:00+08:00,"-1 day, 20:00:00",fa382e0e327bda83cd24c292a828c76f2c063255004ab00e26cfb981a0d3111f
2021-08-05,2021-08-05 00:00:00,2021-08-06 00:00:00,UNRESOLVED,NAS100_LABELLED_D1_BAR_START_DATE_ONLY,2021-08-05T00:00:00-04:00,2021-08-05T04:00:00Z,2021-08-05T12:00:00+08:00,"-1 day, 20:00:00",050c7e49b7b25ab9498f128924de8c21e4d65afbc2f52d32464a3b9ed9f6db98
2021-08-06,2021-08-06 00:00:00,2021-08-07 00:00:00,UNRESOLVED,NAS100_LABELLED_D1_BAR_START_DATE_ONLY,2021-08-06T00:00:00-04:00,2021-08-06T04:00:00Z,2021-08-06T12:00:00+08:00,"-1 day, 20:00:00",f49da7abce1c00ef23761ed63d5e481dedfbf95efe529ab1e262d81c7b219b1e
2021-08-09,2021-08-09 00:00:00,2021-08-10 00:00:00,UNRESOLVED,NAS100_LABELLED_D1_BAR_START_DATE_ONLY,2021-08-09T00:00:00-04:00,2021-08-09T04:00:00Z,2021-08-09T12:00:00+08:00,"-1 day, 20:00:00",86e506d31d21f41a2c0ed4aaee11e7492254ad3ca6a2d3ada5cf8441fabfe073
2021-08-10,2021-08-10 00:00:00,2021-08-11 00:00:00,UNRESOLVED,NAS100_LABELLED_D1_BAR_START_DATE_ONLY,2021-08-10T00:00:00-04:00,2021-08-10T04:00:00Z,2021-08-10T12:00:00+08:00,"-1 day, 20:00:00",4a2de5e53ae8db7b1ebc79fb82ee3c3b2cf056b92cafb1252501db7daa9528f4
2021-08-11,2021-08-11 00:00:00,2021-08-12 00:00:00,UNRESOLVED,NAS100_LABELLED_D1_BAR_START_DATE_ONLY,2021-08-11T00:00:00-04:00,2021-08-11T04:00:00Z,2021-08-11T12:00:00+08:00,"-1 day, 20:00:00",399d0b44a61cd1b3a879a7cdb327c3fa4c493e3a9d5dde56d80d20bacd673cee
2021-08-12,2021-08-12 00:00:00,2021-08-13 00:00:00,UNRESOLVED,NAS100_LABELLED_D1_BAR_START_DATE_ONLY,2021-08-12T00:00:00-04:00,2021-08-12T04:00:00Z,2021-08-12T12:00:00+08:00,"-1 day, 20:00:00",0b2832cc44ba4f45b0bd4edf3c15e29a074d212bf4412a60d9982d6c1487cc0f
2021-08-13,2021-08-13 00:00:00,2021-08-14 00:00:00,UNRESOLVED,NAS100_LABELLED_D1_BAR_START_DATE_ONLY,2021-08-13T00:00:00-04:00,2021-08-13T04:00:00Z,2021-08-13T12:00:00+08:00,"-1 day, 20:00:00",3343221868196d8e38722eac8237b453e88aeee1e7cc28664e9ee0d97076dabd
2021-08-16,2021-08-16 00:00:00,2021-08-17 00:00:00,UNRESOLVED,NAS100_LABELLED_D1_BAR_START_DATE_ONLY,2021-08-16T00:00:00-04:00,2021-08-16T04:00:00Z,2021-08-16T12:00:00+08:00,"-1 day, 20:00:00",5f7445538e95a6042675c9ea0921c58584ece3995b54370c360c342a89527939
2021-08-17,2021-08-17 00:00:00,2021-08-18 00:00:00,UNRESOLVED,NAS100_LABELLED_D1_BAR_START_DATE_ONLY,2021-08-17T00:00:00-04:00,2021-08-17T04:00:00Z,2021-08-17T12:00:00+08:00,"-1 day, 20:00:00",02c18d916d084d2d4ed76259d3dc037ee7767200d8dc1eb0223a760b9466ab62
2021-08-18,2021-08-18 00:00:00,2021-08-19 00:00:00,UNRESOLVED,NAS100_LABELLED_D1_BAR_START_DATE_ONLY,2021-08-18T00:00:00-04:00,2021-08-18T04:00:00Z,2021-08-18T12:00:00+08:00,"-1 day, 20:00:00",6132df1df38fb3db82dce0b32de749ee73fc1de706bf9e0d105a0e1e11985031
2021-08-19,2021-08-19 00:00:00,2021-08-20 00:00:00,UNRESOLVED,NAS100_LABELLED_D1_BAR_START_DATE_ONLY,2021-08-19T00:00:00-04:00,2021-08-19T04:00:00Z,2021-08-19T12:00:00+08:00,"-1 day, 20:00:00",bbe53b56e2a7ef90f8749d155f7721f7eca545c661151b179c7bbaa9a72fe269
2021-08-20,2021-08-20 00:00:00,2021-08-21 00:00:00,UNRESOLVED,NAS100_LABELLED_D1_BAR_START_DATE_ONLY,2021-08-20T00:00:00-04:00,2021-08-20T04:00:00Z,2021-08-20T12:00:00+08:00,"-1 day, 20:00:00",0779b68ca88bde400d755fad5292e7e3e51feac64e4a553392390fe25e411699
2021-08-23,2021-08-23 00:00:00,2021-08-24 00:00:00,UNRESOLVED,NAS100_LABELLED_D1_BAR_START_DATE_ONLY,2021-08-23T00:00:00-04:00,2021-08-23T04:00:00Z,2021-08-23T12:00:00+08:00,"-1 day, 20:00:00",258e2e409ef04309a2395900c343dc680dfb214ba5d5f4650554a8c4961b339f
2021-08-24,2021-08-24 00:00:00,2021-08-25 00:00:00,UNRESOLVED,NAS100_LABELLED_D1_BAR_START_DATE_ONLY,2021-08-24T00:00:00-04:00,2021-08-24T04:00:00Z,2021-08-24T12:00:00+08:00,"-1 day, 20:00:00",8855ec3e1a9a708ceed70c83f66ad69086220dec5142509f0e9d4a0b625d9605
2021-08-25,2021-08-25 00:00:00,2021-08-26 00:00:00,UNRESOLVED,NAS100_LABELLED_D1_BAR_START_DATE_ONLY,2021-08-25T00:00:00-04:00,2021-08-25T04:00:00Z,2021-08-25T12:00:00+08:00,"-1 day, 20:00:00",b812827a2d73eef6d51ee4484cef845f586a0b3216c7e4c9e56eb1c5dec034ca
2021-08-26,2021-08-26 00:00:00,2021-08-27 00:00:00,UNRESOLVED,NAS100_LABELLED_D1_BAR_START_DATE_ONLY,2021-08-26T00:00:00-04:00,2021-08-26T04:00:00Z,2021-08-26T12:00:00+08:00,"-1 day, 20:00:00",df15cd8861e2ed589e2c46c39156176af9f42ace8cef68e8f1b2b1c0ad7412e3
2021-08-27,2021-08-27 00:00:00,2021-08-28 00:00:00,UNRESOLVED,NAS100_LABELLED_D1_BAR_START_DATE_ONLY,2021-08-27T00:00:00-04:00,2021-08-27T04:00:00Z,2021-08-27T12:00:00+08:00,"-1 day, 20:00:00",aa6e72c80ad489b22cd440d375acbc095d1ce50f40a5a103e0f6eb43ea9f0ccc
2021-08-30,2021-08-30 00:00:00,2021-08-31 00:00:00,UNRESOLVED,NAS100_LABELLED_D1_BAR_START_DATE_ONLY,2021-08-30T00:00:00-04:00,2021-08-30T04:00:00Z,2021-08-30T12:00:00+08:00,"-1 day, 20:00:00",d39c37e996ca551b5a9a7411792b31582d425f2cea3ae22dcde4915323aa8cf7
2021-08-31,2021-08-31 00:00:00,2021-09-01 00:00:00,UNRESOLVED,NAS100_LABELLED_D1_BAR_START_DATE_ONLY,2021-08-31T00:00:00-04:00,2021-08-31T04:00:00Z,2021-08-31T12:00:00+08:00,"-1 day, 20:00:00",d4fcc1f93ad092a40601a843c20ad7691b4d38ffdde9dc158e12d7b7b6a1190c
2021-09-01,2021-09-01 00:00:00,2021-09-02 00:00:00,UNRESOLVED,NAS100_LABELLED_D1_BAR_START_DATE_ONLY,2021-09-01T00:00:00-04:00,2021-09-01T04:00:00Z,2021-09-01T12:00:00+08:00,"-1 day, 20:00:00",2374c365cad0f6d345c5c296533106f0dcc51b977ba8323bd5e7d3e796ccb0b1
2021-09-02,2021-09-02 00:00:00,2021-09-03 00:00:00,UNRESOLVED,NAS100_LABELLED_D1_BAR_START_DATE_ONLY,2021-09-02T00:00:00-04:00,2021-09-02T04:00:00Z,2021-09-02T12:00:00+08:00,"-1 day, 20:00:00",f662d1df228239acda395a375514cdbb495bfa4295cdb7160d973c00183a71cd
2021-09-03,2021-09-03 00:00:00,2021-09-04 00:00:00,UNRESOLVED,NAS100_LABELLED_D1_BAR_START_DATE_ONLY,2021-09-03T00:00:00-04:00,2021-09-03T04:00:00Z,2021-09-03T12:00:00+08:00,"-1 day, 20:00:00",c1c4365f1e9f5607995c3320204b1468bde429d698ac765df9da4b5f044bc5e2
2021-09-06,2021-09-06 00:00:00,2021-09-07 00:00:00,UNRESOLVED,NAS100_LABELLED_D1_BAR_START_DATE_ONLY,2021-09-06T00:00:00-04:00,2021-09-06T04:00:00Z,2021-09-06T12:00:00+08:00,"-1 day, 20:00:00",fca0acb4bede5f5b41bd6337b393eb02fc4df6ace2dda2d0c9f1ef57200921be
2021-09-07,2021-09-07 00:00:00,2021-09-08 00:00:00,UNRESOLVED,NAS100_LABELLED_D1_BAR_START_DATE_ONLY,2021-09-07T00:00:00-04:00,2021-09-07T04:00:00Z,2021-09-07T12:00:00+08:00,"-1 day, 20:00:00",231d19ba62c1628268456e6a722c8777dcb420905de822c9593155129b5749f7
2021-09-08,2021-09-08 00:00:00,2021-09-09 00:00:00,UNRESOLVED,NAS100_LABELLED_D1_BAR_START_DATE_ONLY,2021-09-08T00:00:00-04:00,2021-09-08T04:00:00Z,2021-09-08T12:00:00+08:00,"-1 day, 20:00:00",9eb1e9cd74ea0f6b1e30718eb853366ee04bee86aa76852fdafc38a02d2e19a7
2021-09-09,2021-09-09 00:00:00,2021-09-10 00:00:00,UNRESOLVED,NAS100_LABELLED_D1_BAR_START_DATE_ONLY,2021-09-09T00:00:00-04:00,2021-09-09T04:00:00Z,2021-09-09T12:00:00+08:00,"-1 day, 20:00:00",c5477437700df8804604186429503eda19469b72eeb050808b644d974845bb45
2021-09-10,2021-09-10 00:00:00,2021-09-11 00:00:00,UNRESOLVED,NAS100_LABELLED_D1_BAR_START_DATE_ONLY,2021-09-10T00:00:00-04:00,2021-09-10T04:00:00Z,2021-09-10T12:00:00+08:00,"-1 day, 20:00:00",5edc52f3c5a44b6bd648fb4af1d8fadcacf94f2cb8bff33b4608d225dc7a7588
2021-09-13,2021-09-13 00:00:00,2021-09-14 00:00:00,UNRESOLVED,NAS100_LABELLED_D1_BAR_START_DATE_ONLY,2021-09-13T00:00:00-04:00,2021-09-13T04:00:00Z,2021-09-13T12:00:00+08:00,"-1 day, 20:00:00",51acf66c50b04480a1a3d8a63ba4bd0ed6cbb0f47e547efb4c6f109d061b2a9b
2021-09-14,2021-09-14 00:00:00,2021-09-15 00:00:00,UNRESOLVED,NAS100_LABELLED_D1_BAR_START_DATE_ONLY,2021-09-14T00:00:00-04:00,2021-09-14T04:00:00Z,2021-09-14T12:00:00+08:00,"-1 day, 20:00:00",a5293445d73f7ac6538482cf8de14f013740741171c2171ccab76e827d43d75d
2021-09-15,2021-09-15 00:00:00,2021-09-16 00:00:00,UNRESOLVED,NAS100_LABELLED_D1_BAR_START_DATE_ONLY,2021-09-15T00:00:00-04:00,2021-09-15T04:00:00Z,2021-09-15T12:00:00+08:00,"-1 day, 20:00:00",c395e5ba82d9703e9a5528b1b1781bb8b165c663159f0009ecf36afe222e7efc
2021-09-16,2021-09-16 00:00:00,2021-09-17 00:00:00,UNRESOLVED,NAS100_LABELLED_D1_BAR_START_DATE_ONLY,2021-09-16T00:00:00-04:00,2021-09-16T04:00:00Z,2021-09-16T12:00:00+08:00,"-1 day, 20:00:00",83d3eafbbe7d200c62c7c5a526a293b0220aebf94ce0a260a8c02c94fb3f34e8
2021-09-17,2021-09-17 00:00:00,2021-09-18 00:00:00,UNRESOLVED,NAS100_LABELLED_D1_BAR_START_DATE_ONLY,2021-09-17T00:00:00-04:00,2021-09-17T04:00:00Z,2021-09-17T12:00:00+08:00,"-1 day, 20:00:00",0df194897aba491a09efc5212a0ea0331b408864e8e2bebc904923b557bf0c26
2021-09-20,2021-09-20 00:00:00,2021-09-21 00:00:00,UNRESOLVED,NAS100_LABELLED_D1_BAR_START_DATE_ONLY,2021-09-20T00:00:00-04:00,2021-09-20T04:00:00Z,2021-09-20T12:00:00+08:00,"-1 day, 20:00:00",56be79dc43c12b0fc2dea684b2924667a66e8847729c8e2aa95738e7fde78faa
2021-09-21,2021-09-21 00:00:00,2021-09-22 00:00:00,UNRESOLVED,NAS100_LABELLED_D1_BAR_START_DATE_ONLY,2021-09-21T00:00:00-04:00,2021-09-21T04:00:00Z,2021-09-21T12:00:00+08:00,"-1 day, 20:00:00",0994de4c7542300857c97ecee6051936eb787e96e6791adfae0f8dca0fc2a509
2021-09-22,2021-09-22 00:00:00,2021-09-23 00:00:00,UNRESOLVED,NAS100_LABELLED_D1_BAR_START_DATE_ONLY,2021-09-22T00:00:00-04:00,2021-09-22T04:00:00Z,2021-09-22T12:00:00+08:00,"-1 day, 20:00:00",026c04c1700195265e47b73714f296f16816c56dade89ef8a437531311823e14
2021-09-23,2021-09-23 00:00:00,2021-09-24 00:00:00,UNRESOLVED,NAS100_LABELLED_D1_BAR_START_DATE_ONLY,2021-09-23T00:00:00-04:00,2021-09-23T04:00:00Z,2021-09-23T12:00:00+08:00,"-1 day, 20:00:00",6bb0877a9a5a7844b872e80490a793ba9fd68cf8ad9ec191279ac2905475654f
2021-09-24,2021-09-24 00:00:00,2021-09-25 00:00:00,UNRESOLVED,NAS100_LABELLED_D1_BAR_START_DATE_ONLY,2021-09-24T00:00:00-04:00,2021-09-24T04:00:00Z,2021-09-24T12:00:00+08:00,"-1 day, 20:00:00",9bf4a7ead70f216c7a622f9dc978529b4b0109b4cee1b7795299c6cad73759ea
2021-09-27,2021-09-27 00:00:00,2021-09-28 00:00:00,UNRESOLVED,NAS100_LABELLED_D1_BAR_START_DATE_ONLY,2021-09-27T00:00:00-04:00,2021-09-27T04:00:00Z,2021-09-27T12:00:00+08:00,"-1 day, 20:00:00",797a1c0f64ef337f72ef15555d77e3346f9ca21b3fcfaa87ffb23c01634841b5
2021-09-28,2021-09-28 00:00:00,2021-09-29 00:00:00,UNRESOLVED,NAS100_LABELLED_D1_BAR_START_DATE_ONLY,2021-09-28T00:00:00-04:00,2021-09-28T04:00:00Z,2021-09-28T12:00:00+08:00,"-1 day, 20:00:00",eb6bacfd4fe0b18df4791f6b3c961bcd2e52f35d091930f4a19f943c86c062c9
2021-09-29,2021-09-29 00:00:00,2021-09-30 00:00:00,UNRESOLVED,NAS100_LABELLED_D1_BAR_START_DATE_ONLY,2021-09-29T00:00:00-04:00,2021-09-29T04:00:00Z,2021-09-29T12:00:00+08:00,"-1 day, 20:00:00",f082d6c490c92e9f8b4b9c3b1f28fc9e6c86bf08ae2540a17c63ae51a7539a46
2021-09-30,2021-09-30 00:00:00,2021-10-01 00:00:00,UNRESOLVED,NAS100_LABELLED_D1_BAR_START_DATE_ONLY,2021-09-30T00:00:00-04:00,2021-09-30T04:00:00Z,2021-09-30T12:00:00+08:00,"-1 day, 20:00:00",87cbf87588cb8fda345f34a759d8a73d210a65447cf65554aa17b86c2b8e2d59
2021-10-01,2021-10-01 00:00:00,2021-10-02 00:00:00,UNRESOLVED,NAS100_LABELLED_D1_BAR_START_DATE_ONLY,2021-10-01T00:00:00-04:00,2021-10-01T04:00:00Z,2021-10-01T12:00:00+08:00,"-1 day, 20:00:00",de6e59fa086082feee7eb47b98684256d27b8f146645f722f33f4c3cb8501f95
2021-10-04,2021-10-04 00:00:00,2021-10-05 00:00:00,UNRESOLVED,NAS100_LABELLED_D1_BAR_START_DATE_ONLY,2021-10-04T00:00:00-04:00,2021-10-04T04:00:00Z,2021-10-04T12:00:00+08:00,"-1 day, 20:00:00",a612f2241da6e039e628c0b123328fd24cf8120043d6d442050baaa21ab45803
2021-10-05,2021-10-05 00:00:00,2021-10-06 00:00:00,UNRESOLVED,NAS100_LABELLED_D1_BAR_START_DATE_ONLY,2021-10-05T00:00:00-04:00,2021-10-05T04:00:00Z,2021-10-05T12:00:00+08:00,"-1 day, 20:00:00",46a88706da1cf9a1ad6c2ee602ca44ff8903bfa5a543304351e9c8e5c48ff6de
2021-10-06,2021-10-06 00:00:00,2021-10-07 00:00:00,UNRESOLVED,NAS100_LABELLED_D1_BAR_START_DATE_ONLY,2021-10-06T00:00:00-04:00,2021-10-06T04:00:00Z,2021-10-06T12:00:00+08:00,"-1 day, 20:00:00",86f3e28b38d8a2dd2874025b012dedbe581fa4428a7326c1ee9534e4ed2372bc
2021-10-07,2021-10-07 00:00:00,2021-10-08 00:00:00,UNRESOLVED,NAS100_LABELLED_D1_BAR_START_DATE_ONLY,2021-10-07T00:00:00-04:00,2021-10-07T04:00:00Z,2021-10-07T12:00:00+08:00,"-1 day, 20:00:00",cbc1ad52d1c0a38b1aa2472fc94d65d901d1b98f33f5600ffa9c541cc572de21
2021-10-08,2021-10-08 00:00:00,2021-10-09 00:00:00,UNRESOLVED,NAS100_LABELLED_D1_BAR_START_DATE_ONLY,2021-10-08T00:00:00-04:00,2021-10-08T04:00:00Z,2021-10-08T12:00:00+08:00,"-1 day, 20:00:00",fa6bb70714f3872f97eab2f53c2bb237f21950e433b0ce9c4151caecfe53a3cf
2021-10-11,2021-10-11 00:00:00,2021-10-12 00:00:00,UNRESOLVED,NAS100_LABELLED_D1_BAR_START_DATE_ONLY,2021-10-11T00:00:00-04:00,2021-10-11T04:00:00Z,2021-10-11T12:00:00+08:00,"-1 day, 20:00:00",73718e2baf77e67ddf7280fadd5ce057104d37b5e421c8770d7389274a3851f5
2021-10-12,2021-10-12 00:00:00,2021-10-13 00:00:00,UNRESOLVED,NAS100_LABELLED_D1_BAR_START_DATE_ONLY,2021-10-12T00:00:00-04:00,2021-10-12T04:00:00Z,2021-10-12T12:00:00+08:00,"-1 day, 20:00:00",348dfadc2d7d565024ba8eed17f192cc2ee02cca822057b59569f33525983370
2021-10-13,2021-10-13 00:00:00,2021-10-14 00:00:00,UNRESOLVED,NAS100_LABELLED_D1_BAR_START_DATE_ONLY,2021-10-13T00:00:00-04:00,2021-10-13T04:00:00Z,2021-10-13T12:00:00+08:00,"-1 day, 20:00:00",fd1543c717343f7fe65a6c2306a61a0c1a86c813e2158ee9d66bd2fd3f32e20e
2021-10-14,2021-10-14 00:00:00,2021-10-15 00:00:00,UNRESOLVED,NAS100_LABELLED_D1_BAR_START_DATE_ONLY,2021-10-14T00:00:00-04:00,2021-10-14T04:00:00Z,2021-10-14T12:00:00+08:00,"-1 day, 20:00:00",fdd74eb3efe0f3717f49349509d6f7abf08971b9745426884661bad8b4e19161
2021-10-15,2021-10-15 00:00:00,2021-10-16 00:00:00,UNRESOLVED,NAS100_LABELLED_D1_BAR_START_DATE_ONLY,2021-10-15T00:00:00-04:00,2021-10-15T04:00:00Z,2021-10-15T12:00:00+08:00,"-1 day, 20:00:00",ed92354c53997a3d46acb034db869fc559de374452fd59a33568a26b7f636402
2021-10-18,2021-10-18 00:00:00,2021-10-19 00:00:00,UNRESOLVED,NAS100_LABELLED_D1_BAR_START_DATE_ONLY,2021-10-18T00:00:00-04:00,2021-10-18T04:00:00Z,2021-10-18T12:00:00+08:00,"-1 day, 20:00:00",6944c530bc0333cfd60491cec9fcf4229e8465d9cc511c8518427c8dd0ae763a
2021-10-19,2021-10-19 00:00:00,2021-10-20 00:00:00,UNRESOLVED,NAS100_LABELLED_D1_BAR_START_DATE_ONLY,2021-10-19T00:00:00-04:00,2021-10-19T04:00:00Z,2021-10-19T12:00:00+08:00,"-1 day, 20:00:00",beca414f58aae147825222336c54c45c4f5155c8700e2c41cd757f3b130064e0
2021-10-20,2021-10-20 00:00:00,2021-10-21 00:00:00,UNRESOLVED,NAS100_LABELLED_D1_BAR_START_DATE_ONLY,2021-10-20T00:00:00-04:00,2021-10-20T04:00:00Z,2021-10-20T12:00:00+08:00,"-1 day, 20:00:00",c10568c6f157357d9d1942d290fc2eb4633a128355c0975672f706c4b6a54ed2
2021-10-21,2021-10-21 00:00:00,2021-10-22 00:00:00,UNRESOLVED,NAS100_LABELLED_D1_BAR_START_DATE_ONLY,2021-10-21T00:00:00-04:00,2021-10-21T04:00:00Z,2021-10-21T12:00:00+08:00,"-1 day, 20:00:00",68f26844ee1addb2105bfe5426744ab1c4808e49aa423de56f9c212226ef7fbd
2021-10-22,2021-10-22 00:00:00,2021-10-23 00:00:00,UNRESOLVED,NAS100_LABELLED_D1_BAR_START_DATE_ONLY,2021-10-22T00:00:00-04:00,2021-10-22T04:00:00Z,2021-10-22T12:00:00+08:00,"-1 day, 20:00:00",05822942a4d32fa59fa4abcb1dcc499c70c3089d3ec954a1bbacf5155bc8bfba
2021-10-25,2021-10-25 00:00:00,2021-10-26 00:00:00,UNRESOLVED,NAS100_LABELLED_D1_BAR_START_DATE_ONLY,2021-10-25T00:00:00-04:00,2021-10-25T04:00:00Z,2021-10-25T12:00:00+08:00,"-1 day, 20:00:00",4706e45a5a6f12771e317d6fab13fc4a8c19cc62e2136adfbb3ea7e0263e5840
2021-10-26,2021-10-26 00:00:00,2021-10-27 00:00:00,UNRESOLVED,NAS100_LABELLED_D1_BAR_START_DATE_ONLY,2021-10-26T00:00:00-04:00,2021-10-26T04:00:00Z,2021-10-26T12:00:00+08:00,"-1 day, 20:00:00",bd3363755c91efda9b210c7ec6bbafdc28f343ca8ac674b549f68578a7233a93
2021-10-27,2021-10-27 00:00:00,2021-10-28 00:00:00,UNRESOLVED,NAS100_LABELLED_D1_BAR_START_DATE_ONLY,2021-10-27T00:00:00-04:00,2021-10-27T04:00:00Z,2021-10-27T12:00:00+08:00,"-1 day, 20:00:00",e7b8bd124456da04734fd0154dfdc180ed983f8284e2a684fc5625fb2c62ecec
2021-10-28,2021-10-28 00:00:00,2021-10-29 00:00:00,UNRESOLVED,NAS100_LABELLED_D1_BAR_START_DATE_ONLY,2021-10-28T00:00:00-04:00,2021-10-28T04:00:00Z,2021-10-28T12:00:00+08:00,"-1 day, 20:00:00",9ab49d62ab165ced2b5a88eabc8f5a6d3e1b8cc91df4ed9e129b799327b2c8ce
2021-10-29,2021-10-29 00:00:00,2021-10-30 00:00:00,UNRESOLVED,NAS100_LABELLED_D1_BAR_START_DATE_ONLY,2021-10-29T00:00:00-04:00,2021-10-29T04:00:00Z,2021-10-29T12:00:00+08:00,"-1 day, 20:00:00",6b446944506012ed2aab34182feeeb80f8dba7258c30d2e0cb4d829295d58e8f
2021-11-01,2021-11-01 00:00:00,2021-11-02 00:00:00,UNRESOLVED,NAS100_LABELLED_D1_BAR_START_DATE_ONLY,2021-11-01T00:00:00-04:00,2021-11-01T04:00:00Z,2021-11-01T12:00:00+08:00,"-1 day, 20:00:00",b73e1719c85dfa39e1205019f24d202b5e2aba613cba73e2e9e4bd144b2ec6f0
2021-11-02,2021-11-02 00:00:00,2021-11-03 00:00:00,UNRESOLVED,NAS100_LABELLED_D1_BAR_START_DATE_ONLY,2021-11-02T00:00:00-04:00,2021-11-02T04:00:00Z,2021-11-02T12:00:00+08:00,"-1 day, 20:00:00",874b2e84df4ed1f2ae88441458be2f97062c095f7c174f70c583fc5dd22e61d6
2021-11-03,2021-11-03 00:00:00,2021-11-04 00:00:00,UNRESOLVED,NAS100_LABELLED_D1_BAR_START_DATE_ONLY,2021-11-03T00:00:00-04:00,2021-11-03T04:00:00Z,2021-11-03T12:00:00+08:00,"-1 day, 20:00:00",cc7698c4f9575493a82d310325ea0cc3c6a4b742b8d9d9de3b1e32ed7f071db0
2021-11-04,2021-11-04 00:00:00,2021-11-05 00:00:00,UNRESOLVED,NAS100_LABELLED_D1_BAR_START_DATE_ONLY,2021-11-04T00:00:00-04:00,2021-11-04T04:00:00Z,2021-11-04T12:00:00+08:00,"-1 day, 20:00:00",21dac0888727476b4cbade019ca5f7d873ebdced32d07c8db71ccb04ae19df2d
2021-11-05,2021-11-05 00:00:00,2021-11-06 00:00:00,UNRESOLVED,NAS100_LABELLED_D1_BAR_START_DATE_ONLY,2021-11-05T00:00:00-04:00,2021-11-05T04:00:00Z,2021-11-05T12:00:00+08:00,"-1 day, 20:00:00",d46c7743822800190f8efb35c3a48aee3c962d1c69c4bc86433cf20bd72e6606
2021-11-08,2021-11-08 00:00:00,2021-11-09 00:00:00,UNRESOLVED,NAS100_LABELLED_D1_BAR_START_DATE_ONLY,2021-11-08T00:00:00-05:00,2021-11-08T05:00:00Z,2021-11-08T13:00:00+08:00,"-1 day, 19:00:00",c036011b59763285aabc823614f0d143d647a36803fbff7b0c36627232e0f7c9
2021-11-09,2021-11-09 00:00:00,2021-11-10 00:00:00,UNRESOLVED,NAS100_LABELLED_D1_BAR_START_DATE_ONLY,2021-11-09T00:00:00-05:00,2021-11-09T05:00:00Z,2021-11-09T13:00:00+08:00,"-1 day, 19:00:00",d5d34f7db2a2a441de9bbe6a661f696dd0ae3cb9536d9d80bc68326f9478eb8f
2021-11-10,2021-11-10 00:00:00,2021-11-11 00:00:00,UNRESOLVED,NAS100_LABELLED_D1_BAR_START_DATE_ONLY,2021-11-10T00:00:00-05:00,2021-11-10T05:00:00Z,2021-11-10T13:00:00+08:00,"-1 day, 19:00:00",a7abab056aae88894f3cb30ca5a07517402a0bfa408346051bd76f30e32ce344
2021-11-11,2021-11-11 00:00:00,2021-11-12 00:00:00,UNRESOLVED,NAS100_LABELLED_D1_BAR_START_DATE_ONLY,2021-11-11T00:00:00-05:00,2021-11-11T05:00:00Z,2021-11-11T13:00:00+08:00,"-1 day, 19:00:00",a1ba5bddfa8c804c71a6af388d070dfaf165d60148f197daa4137a3b591c22e2
2021-11-12,2021-11-12 00:00:00,2021-11-13 00:00:00,UNRESOLVED,NAS100_LABELLED_D1_BAR_START_DATE_ONLY,2021-11-12T00:00:00-05:00,2021-11-12T05:00:00Z,2021-11-12T13:00:00+08:00,"-1 day, 19:00:00",31ce63c9499d8e2a7edb88ed698677e1284e154214e9ae5dd8a45e5afa8688ad
2021-11-15,2021-11-15 00:00:00,2021-11-16 00:00:00,UNRESOLVED,NAS100_LABELLED_D1_BAR_START_DATE_ONLY,2021-11-15T00:00:00-05:00,2021-11-15T05:00:00Z,2021-11-15T13:00:00+08:00,"-1 day, 19:00:00",2b5e7b931eb1bccc9dfc51cc4ae1f57e44cf9f1879c92e8f9ab180d13b97ccbc
2021-11-16,2021-11-16 00:00:00,2021-11-17 00:00:00,UNRESOLVED,NAS100_LABELLED_D1_BAR_START_DATE_ONLY,2021-11-16T00:00:00-05:00,2021-11-16T05:00:00Z,2021-11-16T13:00:00+08:00,"-1 day, 19:00:00",b3f317d24e92aa3724f571f9b3f8fa61c5efce06eeac5ab919632d6414019688
2021-11-17,2021-11-17 00:00:00,2021-11-18 00:00:00,UNRESOLVED,NAS100_LABELLED_D1_BAR_START_DATE_ONLY,2021-11-17T00:00:00-05:00,2021-11-17T05:00:00Z,2021-11-17T13:00:00+08:00,"-1 day, 19:00:00",fa4ffb36834cf566120022f1e8ec4a6124830cb33b79e676c221b627f447f050
2021-11-18,2021-11-18 00:00:00,2021-11-19 00:00:00,UNRESOLVED,NAS100_LABELLED_D1_BAR_START_DATE_ONLY,2021-11-18T00:00:00-05:00,2021-11-18T05:00:00Z,2021-11-18T13:00:00+08:00,"-1 day, 19:00:00",d47bb19a7af82fcac87f987c621df764569acc836f4d8796748739f7fdb41dda
2021-11-19,2021-11-19 00:00:00,2021-11-20 00:00:00,UNRESOLVED,NAS100_LABELLED_D1_BAR_START_DATE_ONLY,2021-11-19T00:00:00-05:00,2021-11-19T05:00:00Z,2021-11-19T13:00:00+08:00,"-1 day, 19:00:00",3322824caff07055a0eacd7e72d67f0d0fa7f302292fac2282d5fcc84ac65699
2021-11-22,2021-11-22 00:00:00,2021-11-23 00:00:00,UNRESOLVED,NAS100_LABELLED_D1_BAR_START_DATE_ONLY,2021-11-22T00:00:00-05:00,2021-11-22T05:00:00Z,2021-11-22T13:00:00+08:00,"-1 day, 19:00:00",dd3b058ab6ba458c29aa806d04d3e0d54f1116d0645565a8d6a4fa34f36bdaf5
2021-11-23,2021-11-23 00:00:00,2021-11-24 00:00:00,UNRESOLVED,NAS100_LABELLED_D1_BAR_START_DATE_ONLY,2021-11-23T00:00:00-05:00,2021-11-23T05:00:00Z,2021-11-23T13:00:00+08:00,"-1 day, 19:00:00",faef1bb90a1cc0696bd1a111a79ce9ae504cfaa1449231b0497dbce323b7f23b
2021-11-24,2021-11-24 00:00:00,2021-11-25 00:00:00,UNRESOLVED,NAS100_LABELLED_D1_BAR_START_DATE_ONLY,2021-11-24T00:00:00-05:00,2021-11-24T05:00:00Z,2021-11-24T13:00:00+08:00,"-1 day, 19:00:00",e1f9bc1d24674d36b1aa7e60aef68791e100b932043f610d2a31fe364a0fb402
2021-11-25,2021-11-25 00:00:00,2021-11-26 00:00:00,UNRESOLVED,NAS100_LABELLED_D1_BAR_START_DATE_ONLY,2021-11-25T00:00:00-05:00,2021-11-25T05:00:00Z,2021-11-25T13:00:00+08:00,"-1 day, 19:00:00",44b9254a571303e34dfc5c1581922e10d4f72dcae0d15870c4b5bef4929e1cd8
2021-11-26,2021-11-26 00:00:00,2021-11-27 00:00:00,UNRESOLVED,NAS100_LABELLED_D1_BAR_START_DATE_ONLY,2021-11-26T00:00:00-05:00,2021-11-26T05:00:00Z,2021-11-26T13:00:00+08:00,"-1 day, 19:00:00",5a93e6759703811023f7e56c3e1e1c8230a2fb12cbe3b4d844514f025cacd0b6
2021-11-29,2021-11-29 00:00:00,2021-11-30 00:00:00,UNRESOLVED,NAS100_LABELLED_D1_BAR_START_DATE_ONLY,2021-11-29T00:00:00-05:00,2021-11-29T05:00:00Z,2021-11-29T13:00:00+08:00,"-1 day, 19:00:00",40066f96f240884de43fa1e1a2b0df4da080e1c4eccde3304176cf38758c727b
2021-11-30,2021-11-30 00:00:00,2021-12-01 00:00:00,UNRESOLVED,NAS100_LABELLED_D1_BAR_START_DATE_ONLY,2021-11-30T00:00:00-05:00,2021-11-30T05:00:00Z,2021-11-30T13:00:00+08:00,"-1 day, 19:00:00",dbd76d921a99e9ba492184254243f36a6b0b53b8949b95aafb6aee75bf561055
2021-12-01,2021-12-01 00:00:00,2021-12-02 00:00:00,UNRESOLVED,NAS100_LABELLED_D1_BAR_START_DATE_ONLY,2021-12-01T00:00:00-05:00,2021-12-01T05:00:00Z,2021-12-01T13:00:00+08:00,"-1 day, 19:00:00",412981348fe94a65c5a39f45be5c54650568d23cbd5ea7939d85a087f0856db4
2021-12-02,2021-12-02 00:00:00,2021-12-03 00:00:00,UNRESOLVED,NAS100_LABELLED_D1_BAR_START_DATE_ONLY,2021-12-02T00:00:00-05:00,2021-12-02T05:00:00Z,2021-12-02T13:00:00+08:00,"-1 day, 19:00:00",ca90464fe3793afe5629e149476584d04c020cda0e5874d04a340d80b47fd0b5
2021-12-03,2021-12-03 00:00:00,2021-12-04 00:00:00,UNRESOLVED,NAS100_LABELLED_D1_BAR_START_DATE_ONLY,2021-12-03T00:00:00-05:00,2021-12-03T05:00:00Z,2021-12-03T13:00:00+08:00,"-1 day, 19:00:00",402df5e871086ae0e4860788839ee362ea9a70b6b0a22330bf84a66e9bea8b70
2021-12-06,2021-12-06 00:00:00,2021-12-07 00:00:00,UNRESOLVED,NAS100_LABELLED_D1_BAR_START_DATE_ONLY,2021-12-06T00:00:00-05:00,2021-12-06T05:00:00Z,2021-12-06T13:00:00+08:00,"-1 day, 19:00:00",b055dfb31da50e03b1807b51e5860ee6229f7768b584abf31a39dda7c74388d1
2021-12-07,2021-12-07 00:00:00,2021-12-08 00:00:00,UNRESOLVED,NAS100_LABELLED_D1_BAR_START_DATE_ONLY,2021-12-07T00:00:00-05:00,2021-12-07T05:00:00Z,2021-12-07T13:00:00+08:00,"-1 day, 19:00:00",f7245c4e1208494621c849c25ac58828d82e9e836e3ead74c4dce04f53890d9c
2021-12-08,2021-12-08 00:00:00,2021-12-09 00:00:00,UNRESOLVED,NAS100_LABELLED_D1_BAR_START_DATE_ONLY,2021-12-08T00:00:00-05:00,2021-12-08T05:00:00Z,2021-12-08T13:00:00+08:00,"-1 day, 19:00:00",6ddca856d8c5df1f426269c51f4eb6abfaa411f794f0ce21ecb44532cee8f4e5
2021-12-09,2021-12-09 00:00:00,2021-12-10 00:00:00,UNRESOLVED,NAS100_LABELLED_D1_BAR_START_DATE_ONLY,2021-12-09T00:00:00-05:00,2021-12-09T05:00:00Z,2021-12-09T13:00:00+08:00,"-1 day, 19:00:00",ab400ae43e51fdf830c312013820c37d0934b7ffab5da2465183291b09405b66
2021-12-10,2021-12-10 00:00:00,2021-12-11 00:00:00,UNRESOLVED,NAS100_LABELLED_D1_BAR_START_DATE_ONLY,2021-12-10T00:00:00-05:00,2021-12-10T05:00:00Z,2021-12-10T13:00:00+08:00,"-1 day, 19:00:00",fc28a270708e3e60a15696cd9ded18cab6f004a4b903d866f57cf06ce6c326c4
2021-12-13,2021-12-13 00:00:00,2021-12-14 00:00:00,UNRESOLVED,NAS100_LABELLED_D1_BAR_START_DATE_ONLY,2021-12-13T00:00:00-05:00,2021-12-13T05:00:00Z,2021-12-13T13:00:00+08:00,"-1 day, 19:00:00",8503dd2643207ce692321b3828167480e848a6a88809bda34af61879b3884ba0
2021-12-14,2021-12-14 00:00:00,2021-12-15 00:00:00,UNRESOLVED,NAS100_LABELLED_D1_BAR_START_DATE_ONLY,2021-12-14T00:00:00-05:00,2021-12-14T05:00:00Z,2021-12-14T13:00:00+08:00,"-1 day, 19:00:00",efc41fbf639ad6d814968092c5a5efa48751239cf57d147d60e794cb784e0ca9
2021-12-15,2021-12-15 00:00:00,2021-12-16 00:00:00,UNRESOLVED,NAS100_LABELLED_D1_BAR_START_DATE_ONLY,2021-12-15T00:00:00-05:00,2021-12-15T05:00:00Z,2021-12-15T13:00:00+08:00,"-1 day, 19:00:00",35a274df05627e8889ff62854561fed31fb0b9c4822d4ce68d656b70b2250d49
2021-12-16,2021-12-16 00:00:00,2021-12-17 00:00:00,UNRESOLVED,NAS100_LABELLED_D1_BAR_START_DATE_ONLY,2021-12-16T00:00:00-05:00,2021-12-16T05:00:00Z,2021-12-16T13:00:00+08:00,"-1 day, 19:00:00",7e29dc791b8f1fdef1818848cf9f73e7caeadfc8d36bfe5c1cce8e138e9fd4b8
2021-12-17,2021-12-17 00:00:00,2021-12-18 00:00:00,UNRESOLVED,NAS100_LABELLED_D1_BAR_START_DATE_ONLY,2021-12-17T00:00:00-05:00,2021-12-17T05:00:00Z,2021-12-17T13:00:00+08:00,"-1 day, 19:00:00",97e1dbb553b7f6949f13a23e488c690ab35de4eac4189b3e4c7337c5f360766a
2021-12-20,2021-12-20 00:00:00,2021-12-21 00:00:00,UNRESOLVED,NAS100_LABELLED_D1_BAR_START_DATE_ONLY,2021-12-20T00:00:00-05:00,2021-12-20T05:00:00Z,2021-12-20T13:00:00+08:00,"-1 day, 19:00:00",e984bd69cbd2db2fcfd99362b2c83dfa918248639a0b5302d29946031bd232cd
2021-12-21,2021-12-21 00:00:00,2021-12-22 00:00:00,UNRESOLVED,NAS100_LABELLED_D1_BAR_START_DATE_ONLY,2021-12-21T00:00:00-05:00,2021-12-21T05:00:00Z,2021-12-21T13:00:00+08:00,"-1 day, 19:00:00",5ef767a344bea4d2f9da16cb608b21fedc7e94e7b8b331aaf1ddbb2750ad275c
2021-12-22,2021-12-22 00:00:00,2021-12-23 00:00:00,UNRESOLVED,NAS100_LABELLED_D1_BAR_START_DATE_ONLY,2021-12-22T00:00:00-05:00,2021-12-22T05:00:00Z,2021-12-22T13:00:00+08:00,"-1 day, 19:00:00",b64ecea76d7a59a1855a240a37c53e7ffe0d812171054b49df5f84e4c007bb6b
2021-12-23,2021-12-23 00:00:00,2021-12-24 00:00:00,UNRESOLVED,NAS100_LABELLED_D1_BAR_START_DATE_ONLY,2021-12-23T00:00:00-05:00,2021-12-23T05:00:00Z,2021-12-23T13:00:00+08:00,"-1 day, 19:00:00",f3c1865d702868e14b6c73268f60bcf914e9e241d760135297457afad3dbeb44
2021-12-27,2021-12-27 00:00:00,2021-12-28 00:00:00,UNRESOLVED,NAS100_LABELLED_D1_BAR_START_DATE_ONLY,2021-12-27T00:00:00-05:00,2021-12-27T05:00:00Z,2021-12-27T13:00:00+08:00,"-1 day, 19:00:00",5d298ea3d5595b2e8f5bba7971617113d506ac04f21291483cd963d286636333
2021-12-28,2021-12-28 00:00:00,2021-12-29 00:00:00,UNRESOLVED,NAS100_LABELLED_D1_BAR_START_DATE_ONLY,2021-12-28T00:00:00-05:00,2021-12-28T05:00:00Z,2021-12-28T13:00:00+08:00,"-1 day, 19:00:00",88b1696ec9e1752b01d84aa7ba5d87d1042caa98ba118578dbcef40717e5f9ed
2021-12-29,2021-12-29 00:00:00,2021-12-30 00:00:00,UNRESOLVED,NAS100_LABELLED_D1_BAR_START_DATE_ONLY,2021-12-29T00:00:00-05:00,2021-12-29T05:00:00Z,2021-12-29T13:00:00+08:00,"-1 day, 19:00:00",df731fbddb077fc5fadb26e6454f00a444544bcbbfd231d11dd65976ed888614
2021-12-30,2021-12-30 00:00:00,2021-12-31 00:00:00,UNRESOLVED,NAS100_LABELLED_D1_BAR_START_DATE_ONLY,2021-12-30T00:00:00-05:00,2021-12-30T05:00:00Z,2021-12-30T13:00:00+08:00,"-1 day, 19:00:00",38db9f0b65eec2cd844e32daf401d3c9082a95ac7941f7635cb200bc3b9d1ca3
2021-12-31,2021-12-31 00:00:00,2022-01-01 00:00:00,UNRESOLVED,NAS100_LABELLED_D1_BAR_START_DATE_ONLY,2021-12-31T00:00:00-05:00,2021-12-31T05:00:00Z,2021-12-31T13:00:00+08:00,"-1 day, 19:00:00",162325b66a286810dce956b941d300dec76f5f2cd380584eef03e30b86174975
2022-01-03,2022-01-03 00:00:00,2022-01-04 00:00:00,UNRESOLVED,NAS100_LABELLED_D1_BAR_START_DATE_ONLY,2022-01-03T00:00:00-05:00,2022-01-03T05:00:00Z,2022-01-03T13:00:00+08:00,"-1 day, 19:00:00",5edd311211b24022846a0c193f332853b1edd5cf25accc43c1815c8ee57bb582
2022-01-04,2022-01-04 00:00:00,2022-01-05 00:00:00,UNRESOLVED,NAS100_LABELLED_D1_BAR_START_DATE_ONLY,2022-01-04T00:00:00-05:00,2022-01-04T05:00:00Z,2022-01-04T13:00:00+08:00,"-1 day, 19:00:00",2ab6a829d28c4baaf76ec22ebc89d850f7ac6b534888852352b32b7348a26a29
2022-01-05,2022-01-05 00:00:00,2022-01-06 00:00:00,UNRESOLVED,NAS100_LABELLED_D1_BAR_START_DATE_ONLY,2022-01-05T00:00:00-05:00,2022-01-05T05:00:00Z,2022-01-05T13:00:00+08:00,"-1 day, 19:00:00",2260dc4147eacff12c7d71d4532da4c19ae954e65a8de0bad6f173639e132c9e
2022-01-06,2022-01-06 00:00:00,2022-01-07 00:00:00,UNRESOLVED,NAS100_LABELLED_D1_BAR_START_DATE_ONLY,2022-01-06T00:00:00-05:00,2022-01-06T05:00:00Z,2022-01-06T13:00:00+08:00,"-1 day, 19:00:00",4323d8820ed879fe85b0955afd3c796a30efb128eb16d41e86ca4f9d72595c25
2022-01-07,2022-01-07 00:00:00,2022-01-08 00:00:00,UNRESOLVED,NAS100_LABELLED_D1_BAR_START_DATE_ONLY,2022-01-07T00:00:00-05:00,2022-01-07T05:00:00Z,2022-01-07T13:00:00+08:00,"-1 day, 19:00:00",c0c84c5ab8b94f1b1b5afa114ed00907158dc212f30bb35e66ad50809b667a85
2022-01-10,2022-01-10 00:00:00,2022-01-11 00:00:00,UNRESOLVED,NAS100_LABELLED_D1_BAR_START_DATE_ONLY,2022-01-10T00:00:00-05:00,2022-01-10T05:00:00Z,2022-01-10T13:00:00+08:00,"-1 day, 19:00:00",d25e9834d186f5ef8a1fc9059ed97a609717ff95365b59509650222b1df5628a
2022-01-11,2022-01-11 00:00:00,2022-01-12 00:00:00,UNRESOLVED,NAS100_LABELLED_D1_BAR_START_DATE_ONLY,2022-01-11T00:00:00-05:00,2022-01-11T05:00:00Z,2022-01-11T13:00:00+08:00,"-1 day, 19:00:00",0e337f3e109641514eb2d43c1338f4ac862d4ec421bcd94fb3781d28756fdfe7
2022-01-12,2022-01-12 00:00:00,2022-01-13 00:00:00,UNRESOLVED,NAS100_LABELLED_D1_BAR_START_DATE_ONLY,2022-01-12T00:00:00-05:00,2022-01-12T05:00:00Z,2022-01-12T13:00:00+08:00,"-1 day, 19:00:00",a27463d7d8a657ff75d841503850f945953f3d9924bbfceed51a59f3d356d127
2022-01-13,2022-01-13 00:00:00,2022-01-14 00:00:00,UNRESOLVED,NAS100_LABELLED_D1_BAR_START_DATE_ONLY,2022-01-13T00:00:00-05:00,2022-01-13T05:00:00Z,2022-01-13T13:00:00+08:00,"-1 day, 19:00:00",0135779b480d3d29c13a0474f126ce886d388a6e734f00143962064d81b0231a
2022-01-14,2022-01-14 00:00:00,2022-01-15 00:00:00,UNRESOLVED,NAS100_LABELLED_D1_BAR_START_DATE_ONLY,2022-01-14T00:00:00-05:00,2022-01-14T05:00:00Z,2022-01-14T13:00:00+08:00,"-1 day, 19:00:00",5f4225efb9b0a563249c9108e8fdd733e336328b376b6001920707c6c442504c
2022-01-17,2022-01-17 00:00:00,2022-01-18 00:00:00,UNRESOLVED,NAS100_LABELLED_D1_BAR_START_DATE_ONLY,2022-01-17T00:00:00-05:00,2022-01-17T05:00:00Z,2022-01-17T13:00:00+08:00,"-1 day, 19:00:00",0c478760ae025e2bef780470bc57fa2d62c292dbda63d829975d7dfc4216dd4f
2022-01-18,2022-01-18 00:00:00,2022-01-19 00:00:00,UNRESOLVED,NAS100_LABELLED_D1_BAR_START_DATE_ONLY,2022-01-18T00:00:00-05:00,2022-01-18T05:00:00Z,2022-01-18T13:00:00+08:00,"-1 day, 19:00:00",ffcf02b1e2df8a3a5e461ce76627ebaa95ae0e8ecce65636267a08b321ef07d7
2022-01-19,2022-01-19 00:00:00,2022-01-20 00:00:00,UNRESOLVED,NAS100_LABELLED_D1_BAR_START_DATE_ONLY,2022-01-19T00:00:00-05:00,2022-01-19T05:00:00Z,2022-01-19T13:00:00+08:00,"-1 day, 19:00:00",4eb157107a7a72147cb485db656470bef2c1d5cf21c6a9d52f946b4e51c51375
2022-01-20,2022-01-20 00:00:00,2022-01-21 00:00:00,UNRESOLVED,NAS100_LABELLED_D1_BAR_START_DATE_ONLY,2022-01-20T00:00:00-05:00,2022-01-20T05:00:00Z,2022-01-20T13:00:00+08:00,"-1 day, 19:00:00",27cc07fef8ad66eb5bff857aa123cb3e3a57ef2c7a088b2f7ea1771bb52405c9
2022-01-21,2022-01-21 00:00:00,2022-01-22 00:00:00,UNRESOLVED,NAS100_LABELLED_D1_BAR_START_DATE_ONLY,2022-01-21T00:00:00-05:00,2022-01-21T05:00:00Z,2022-01-21T13:00:00+08:00,"-1 day, 19:00:00",2631425959598d885b889b30abe993109b1f1bb95fe8b7d1f6ad6c3d30d0d055
2022-01-24,2022-01-24 00:00:00,2022-01-25 00:00:00,UNRESOLVED,NAS100_LABELLED_D1_BAR_START_DATE_ONLY,2022-01-24T00:00:00-05:00,2022-01-24T05:00:00Z,2022-01-24T13:00:00+08:00,"-1 day, 19:00:00",2b64e7489b4d1c80a47963482f89da3726d296050f8c86d86cc6b726fbf4228c
2022-01-25,2022-01-25 00:00:00,2022-01-26 00:00:00,UNRESOLVED,NAS100_LABELLED_D1_BAR_START_DATE_ONLY,2022-01-25T00:00:00-05:00,2022-01-25T05:00:00Z,2022-01-25T13:00:00+08:00,"-1 day, 19:00:00",c0b255e59613bc92b58e4a8063a26bc8ee1cd13568d9854dbe1e2ba86bb93e23
2022-01-26,2022-01-26 00:00:00,2022-01-27 00:00:00,UNRESOLVED,NAS100_LABELLED_D1_BAR_START_DATE_ONLY,2022-01-26T00:00:00-05:00,2022-01-26T05:00:00Z,2022-01-26T13:00:00+08:00,"-1 day, 19:00:00",cce6ea14cec1aa4ee577b94850b4d4f25776ebcff7201ba3f054f1ae4c50b73d
2022-01-27,2022-01-27 00:00:00,2022-01-28 00:00:00,UNRESOLVED,NAS100_LABELLED_D1_BAR_START_DATE_ONLY,2022-01-27T00:00:00-05:00,2022-01-27T05:00:00Z,2022-01-27T13:00:00+08:00,"-1 day, 19:00:00",47015275f5b8edaf44014adcef1d0f050a81ff7150c560afa918cb67fc9a1a07
2022-01-28,2022-01-28 00:00:00,2022-01-29 00:00:00,UNRESOLVED,NAS100_LABELLED_D1_BAR_START_DATE_ONLY,2022-01-28T00:00:00-05:00,2022-01-28T05:00:00Z,2022-01-28T13:00:00+08:00,"-1 day, 19:00:00",4ad9bca2a68ae425a5d9545b360c51b9b9af0511d47be389f78498dcb69c5946
2022-01-31,2022-01-31 00:00:00,2022-02-01 00:00:00,UNRESOLVED,NAS100_LABELLED_D1_BAR_START_DATE_ONLY,2022-01-31T00:00:00-05:00,2022-01-31T05:00:00Z,2022-01-31T13:00:00+08:00,"-1 day, 19:00:00",f22674f686c6063e2723fdd1344ed277df2f40ecae5125129063816f2c15743c
2022-02-01,2022-02-01 00:00:00,2022-02-02 00:00:00,UNRESOLVED,NAS100_LABELLED_D1_BAR_START_DATE_ONLY,2022-02-01T00:00:00-05:00,2022-02-01T05:00:00Z,2022-02-01T13:00:00+08:00,"-1 day, 19:00:00",baaab4b6c9303d2b02c380e46fd05e881d1203d937baae8e29114891c1127f2f
2022-02-02,2022-02-02 00:00:00,2022-02-03 00:00:00,UNRESOLVED,NAS100_LABELLED_D1_BAR_START_DATE_ONLY,2022-02-02T00:00:00-05:00,2022-02-02T05:00:00Z,2022-02-02T13:00:00+08:00,"-1 day, 19:00:00",9e8e363b67c62079ad1918877408c900a1e0b32f4ba682110de80fb482f17bbb
2022-02-03,2022-02-03 00:00:00,2022-02-04 00:00:00,UNRESOLVED,NAS100_LABELLED_D1_BAR_START_DATE_ONLY,2022-02-03T00:00:00-05:00,2022-02-03T05:00:00Z,2022-02-03T13:00:00+08:00,"-1 day, 19:00:00",7b92c01228e632c4232d9bca114ab44cc69f64470b29b3f91e97f58aea0b1c2b
2022-02-04,2022-02-04 00:00:00,2022-02-05 00:00:00,UNRESOLVED,NAS100_LABELLED_D1_BAR_START_DATE_ONLY,2022-02-04T00:00:00-05:00,2022-02-04T05:00:00Z,2022-02-04T13:00:00+08:00,"-1 day, 19:00:00",8c766866971e09fa9413f174c37cf2d85d0b43212a4d23a776d0c046838316ce
2022-02-07,2022-02-07 00:00:00,2022-02-08 00:00:00,UNRESOLVED,NAS100_LABELLED_D1_BAR_START_DATE_ONLY,2022-02-07T00:00:00-05:00,2022-02-07T05:00:00Z,2022-02-07T13:00:00+08:00,"-1 day, 19:00:00",c0cc75a322146ac51c2aa01903209aa80dc3614ede6f7a37f3ab076e9ace8cd1
2022-02-08,2022-02-08 00:00:00,2022-02-09 00:00:00,UNRESOLVED,NAS100_LABELLED_D1_BAR_START_DATE_ONLY,2022-02-08T00:00:00-05:00,2022-02-08T05:00:00Z,2022-02-08T13:00:00+08:00,"-1 day, 19:00:00",2c7165995e1ac2c8a2c3f65badcadda97499d4b77971546ce5504818bffd9f30
2022-02-09,2022-02-09 00:00:00,2022-02-10 00:00:00,UNRESOLVED,NAS100_LABELLED_D1_BAR_START_DATE_ONLY,2022-02-09T00:00:00-05:00,2022-02-09T05:00:00Z,2022-02-09T13:00:00+08:00,"-1 day, 19:00:00",aaf32c9208906e73b3c88ae86e7441164bfd04da502b4d1ede51ffc374480f45
2022-02-10,2022-02-10 00:00:00,2022-02-11 00:00:00,UNRESOLVED,NAS100_LABELLED_D1_BAR_START_DATE_ONLY,2022-02-10T00:00:00-05:00,2022-02-10T05:00:00Z,2022-02-10T13:00:00+08:00,"-1 day, 19:00:00",ec2eef43ec5904b7559b7e594d1be6af9e02ed629eebb8e8e9256ea973b967da
2022-02-11,2022-02-11 00:00:00,2022-02-12 00:00:00,UNRESOLVED,NAS100_LABELLED_D1_BAR_START_DATE_ONLY,2022-02-11T00:00:00-05:00,2022-02-11T05:00:00Z,2022-02-11T13:00:00+08:00,"-1 day, 19:00:00",91bb0d5be6b8d6d446de8275535e24d28d33b5e3794c433494ddc2b16b87ea8c
2022-02-14,2022-02-14 00:00:00,2022-02-15 00:00:00,UNRESOLVED,NAS100_LABELLED_D1_BAR_START_DATE_ONLY,2022-02-14T00:00:00-05:00,2022-02-14T05:00:00Z,2022-02-14T13:00:00+08:00,"-1 day, 19:00:00",32f5bf78f393574f9845954544731490a91d9f7b47330cf7d622b9fc21484567
2022-02-15,2022-02-15 00:00:00,2022-02-16 00:00:00,UNRESOLVED,NAS100_LABELLED_D1_BAR_START_DATE_ONLY,2022-02-15T00:00:00-05:00,2022-02-15T05:00:00Z,2022-02-15T13:00:00+08:00,"-1 day, 19:00:00",787da784f70b7840f50d75618eebc04d8a1c50c2087a89b1ea79abcf558ef2dd
2022-02-16,2022-02-16 00:00:00,2022-02-17 00:00:00,UNRESOLVED,NAS100_LABELLED_D1_BAR_START_DATE_ONLY,2022-02-16T00:00:00-05:00,2022-02-16T05:00:00Z,2022-02-16T13:00:00+08:00,"-1 day, 19:00:00",b54d0cce7575b033f073897fa21d43b4e6bc7c86d45455e2c92320aa37adc9f7
2022-02-17,2022-02-17 00:00:00,2022-02-18 00:00:00,UNRESOLVED,NAS100_LABELLED_D1_BAR_START_DATE_ONLY,2022-02-17T00:00:00-05:00,2022-02-17T05:00:00Z,2022-02-17T13:00:00+08:00,"-1 day, 19:00:00",5e30ceff27ed875bf61f424d75d42535e755e281f29d5f7263e1aa22ae1d2e77
2022-02-18,2022-02-18 00:00:00,2022-02-19 00:00:00,UNRESOLVED,NAS100_LABELLED_D1_BAR_START_DATE_ONLY,2022-02-18T00:00:00-05:00,2022-02-18T05:00:00Z,2022-02-18T13:00:00+08:00,"-1 day, 19:00:00",f59675a154badb4021a7a7f2382f8f4961b13070c8120c934e5503b757a0ab96
2022-02-21,2022-02-21 00:00:00,2022-02-22 00:00:00,UNRESOLVED,NAS100_LABELLED_D1_BAR_START_DATE_ONLY,2022-02-21T00:00:00-05:00,2022-02-21T05:00:00Z,2022-02-21T13:00:00+08:00,"-1 day, 19:00:00",e603e3792a76e14dd1440c37a681c916f09e987cf71a378c6903004a61e6ffce
2022-02-22,2022-02-22 00:00:00,2022-02-23 00:00:00,UNRESOLVED,NAS100_LABELLED_D1_BAR_START_DATE_ONLY,2022-02-22T00:00:00-05:00,2022-02-22T05:00:00Z,2022-02-22T13:00:00+08:00,"-1 day, 19:00:00",1a9fe9549141609edec90eeb65c664f9c3d9e6bb97726921e0bd4425bd5f4d5c
2022-02-23,2022-02-23 00:00:00,2022-02-24 00:00:00,UNRESOLVED,NAS100_LABELLED_D1_BAR_START_DATE_ONLY,2022-02-23T00:00:00-05:00,2022-02-23T05:00:00Z,2022-02-23T13:00:00+08:00,"-1 day, 19:00:00",d6589dea9b054f525c838063870295b632cdd74e264d640081e375df6ad607f5
2022-02-24,2022-02-24 00:00:00,2022-02-25 00:00:00,UNRESOLVED,NAS100_LABELLED_D1_BAR_START_DATE_ONLY,2022-02-24T00:00:00-05:00,2022-02-24T05:00:00Z,2022-02-24T13:00:00+08:00,"-1 day, 19:00:00",6c90ae597cf6f74ac1c09865ee3ff1c47e6d4eb3b2be8cdf9738b0eabfb76bee
2022-02-25,2022-02-25 00:00:00,2022-02-26 00:00:00,UNRESOLVED,NAS100_LABELLED_D1_BAR_START_DATE_ONLY,2022-02-25T00:00:00-05:00,2022-02-25T05:00:00Z,2022-02-25T13:00:00+08:00,"-1 day, 19:00:00",e516df50be3f2cb638d53cdf44338ee245110bdcff0403d6862b98e199e04672
2022-02-28,2022-02-28 00:00:00,2022-03-01 00:00:00,UNRESOLVED,NAS100_LABELLED_D1_BAR_START_DATE_ONLY,2022-02-28T00:00:00-05:00,2022-02-28T05:00:00Z,2022-02-28T13:00:00+08:00,"-1 day, 19:00:00",5f023366e0d872ab35a9f785407151c5b2e9ca95e362f52544dd65094af860e9
2022-03-01,2022-03-01 00:00:00,2022-03-02 00:00:00,UNRESOLVED,NAS100_LABELLED_D1_BAR_START_DATE_ONLY,2022-03-01T00:00:00-05:00,2022-03-01T05:00:00Z,2022-03-01T13:00:00+08:00,"-1 day, 19:00:00",43fc11bca7c67222d1b70019ee330db18d968e39c1fcb1f1d19eb8c02ecea979
2022-03-02,2022-03-02 00:00:00,2022-03-03 00:00:00,UNRESOLVED,NAS100_LABELLED_D1_BAR_START_DATE_ONLY,2022-03-02T00:00:00-05:00,2022-03-02T05:00:00Z,2022-03-02T13:00:00+08:00,"-1 day, 19:00:00",85cf98e01f615ea12aa16719c093ca511438c561c65369e5a974da49783cc519
2022-03-03,2022-03-03 00:00:00,2022-03-04 00:00:00,UNRESOLVED,NAS100_LABELLED_D1_BAR_START_DATE_ONLY,2022-03-03T00:00:00-05:00,2022-03-03T05:00:00Z,2022-03-03T13:00:00+08:00,"-1 day, 19:00:00",8f2176ae9f01f4945443b270fc30c2657c19a0965e2f6669364c8af471833bf6
2022-03-04,2022-03-04 00:00:00,2022-03-05 00:00:00,UNRESOLVED,NAS100_LABELLED_D1_BAR_START_DATE_ONLY,2022-03-04T00:00:00-05:00,2022-03-04T05:00:00Z,2022-03-04T13:00:00+08:00,"-1 day, 19:00:00",ae846360c4a0949f3d486fd3e086183c6473c4da18cecb4e3dd1c193360c178f
2022-03-07,2022-03-07 00:00:00,2022-03-08 00:00:00,UNRESOLVED,NAS100_LABELLED_D1_BAR_START_DATE_ONLY,2022-03-07T00:00:00-05:00,2022-03-07T05:00:00Z,2022-03-07T13:00:00+08:00,"-1 day, 19:00:00",f7dca9080db1c51363bca5a2b566eb1e5a606cb75ba8705122c77ff765f6f777
2022-03-08,2022-03-08 00:00:00,2022-03-09 00:00:00,UNRESOLVED,NAS100_LABELLED_D1_BAR_START_DATE_ONLY,2022-03-08T00:00:00-05:00,2022-03-08T05:00:00Z,2022-03-08T13:00:00+08:00,"-1 day, 19:00:00",09d16098ca7193320423418cc4985aeebfef44c570dfe826118aab9c77088653
2022-03-09,2022-03-09 00:00:00,2022-03-10 00:00:00,UNRESOLVED,NAS100_LABELLED_D1_BAR_START_DATE_ONLY,2022-03-09T00:00:00-05:00,2022-03-09T05:00:00Z,2022-03-09T13:00:00+08:00,"-1 day, 19:00:00",0a8af53bf063f68e9e0142045f7372a56bd2b7dabd3b0b0eb0bfec123406a0a2
2022-03-10,2022-03-10 00:00:00,2022-03-11 00:00:00,UNRESOLVED,NAS100_LABELLED_D1_BAR_START_DATE_ONLY,2022-03-10T00:00:00-05:00,2022-03-10T05:00:00Z,2022-03-10T13:00:00+08:00,"-1 day, 19:00:00",578d8cd3e896a865d04d7c97d9deeaf3b660ae185589e2deaa44e836f27b994c
2022-03-11,2022-03-11 00:00:00,2022-03-12 00:00:00,UNRESOLVED,NAS100_LABELLED_D1_BAR_START_DATE_ONLY,2022-03-11T00:00:00-05:00,2022-03-11T05:00:00Z,2022-03-11T13:00:00+08:00,"-1 day, 19:00:00",02b2c61df613011d14d990a5e8de272f3cccf62f97a0c50d40f6f32ffafabb9d
2022-03-14,2022-03-14 00:00:00,2022-03-15 00:00:00,UNRESOLVED,NAS100_LABELLED_D1_BAR_START_DATE_ONLY,2022-03-14T00:00:00-04:00,2022-03-14T04:00:00Z,2022-03-14T12:00:00+08:00,"-1 day, 20:00:00",24f1e6a1632bbaa24b866d4d428cfe6d011d5bbcb3fa482903c3366513f68901
2022-03-15,2022-03-15 00:00:00,2022-03-16 00:00:00,UNRESOLVED,NAS100_LABELLED_D1_BAR_START_DATE_ONLY,2022-03-15T00:00:00-04:00,2022-03-15T04:00:00Z,2022-03-15T12:00:00+08:00,"-1 day, 20:00:00",a7e05a57954149ccf4d35d6732d27421376474c4f29c5f644655e849de008248
2022-03-16,2022-03-16 00:00:00,2022-03-17 00:00:00,UNRESOLVED,NAS100_LABELLED_D1_BAR_START_DATE_ONLY,2022-03-16T00:00:00-04:00,2022-03-16T04:00:00Z,2022-03-16T12:00:00+08:00,"-1 day, 20:00:00",02817579ed10b4cc77af0181514f431c6560d688e14562dd3c6bdcb2880a2c51
2022-03-17,2022-03-17 00:00:00,2022-03-18 00:00:00,UNRESOLVED,NAS100_LABELLED_D1_BAR_START_DATE_ONLY,2022-03-17T00:00:00-04:00,2022-03-17T04:00:00Z,2022-03-17T12:00:00+08:00,"-1 day, 20:00:00",9255207f3a0e3f01372eeeac0030b2b0424fc15713d9e9145d84d32f88df7f84
2022-03-18,2022-03-18 00:00:00,2022-03-19 00:00:00,UNRESOLVED,NAS100_LABELLED_D1_BAR_START_DATE_ONLY,2022-03-18T00:00:00-04:00,2022-03-18T04:00:00Z,2022-03-18T12:00:00+08:00,"-1 day, 20:00:00",503d1d95e49e09d8ca9bd8c4d146789dc3531ce7d8f065f370d854208839ff10
2022-03-21,2022-03-21 00:00:00,2022-03-22 00:00:00,UNRESOLVED,NAS100_LABELLED_D1_BAR_START_DATE_ONLY,2022-03-21T00:00:00-04:00,2022-03-21T04:00:00Z,2022-03-21T12:00:00+08:00,"-1 day, 20:00:00",fe66301ad64bbeaa40b9ba0061f9b28bf27e8ae19800ded22b776aafe86801d1
2022-03-22,2022-03-22 00:00:00,2022-03-23 00:00:00,UNRESOLVED,NAS100_LABELLED_D1_BAR_START_DATE_ONLY,2022-03-22T00:00:00-04:00,2022-03-22T04:00:00Z,2022-03-22T12:00:00+08:00,"-1 day, 20:00:00",5def98f7d492cc39c539a8c941050c0830a74c9d6e2d55e3ee727244040ecda2
2022-03-23,2022-03-23 00:00:00,2022-03-24 00:00:00,UNRESOLVED,NAS100_LABELLED_D1_BAR_START_DATE_ONLY,2022-03-23T00:00:00-04:00,2022-03-23T04:00:00Z,2022-03-23T12:00:00+08:00,"-1 day, 20:00:00",9bc385263d7ebe9c0f40cf9014920bed154b178364f3d1a209fa84891789b93c
2022-03-24,2022-03-24 00:00:00,2022-03-25 00:00:00,UNRESOLVED,NAS100_LABELLED_D1_BAR_START_DATE_ONLY,2022-03-24T00:00:00-04:00,2022-03-24T04:00:00Z,2022-03-24T12:00:00+08:00,"-1 day, 20:00:00",6d6bb9630b806020c86e89f3b1dd55a096bb8597b6bf3e385a0e0eec8ec22a75
2022-03-25,2022-03-25 00:00:00,2022-03-26 00:00:00,UNRESOLVED,NAS100_LABELLED_D1_BAR_START_DATE_ONLY,2022-03-25T00:00:00-04:00,2022-03-25T04:00:00Z,2022-03-25T12:00:00+08:00,"-1 day, 20:00:00",cc5f16745aee30283750a5906504b81cd8cdf6362436d4ca3995e978ddecc903
2022-03-28,2022-03-28 00:00:00,2022-03-29 00:00:00,UNRESOLVED,NAS100_LABELLED_D1_BAR_START_DATE_ONLY,2022-03-28T00:00:00-04:00,2022-03-28T04:00:00Z,2022-03-28T12:00:00+08:00,"-1 day, 20:00:00",1a8472836aff56b29fac594ee1f0e7a16332726f02d071aa09866b7b3f160776
2022-03-29,2022-03-29 00:00:00,2022-03-30 00:00:00,UNRESOLVED,NAS100_LABELLED_D1_BAR_START_DATE_ONLY,2022-03-29T00:00:00-04:00,2022-03-29T04:00:00Z,2022-03-29T12:00:00+08:00,"-1 day, 20:00:00",bde2a006c122a5c76ce457a347b86e94b5c0a0d31c3082bd2b782bf24eba5218
2022-03-30,2022-03-30 00:00:00,2022-03-31 00:00:00,UNRESOLVED,NAS100_LABELLED_D1_BAR_START_DATE_ONLY,2022-03-30T00:00:00-04:00,2022-03-30T04:00:00Z,2022-03-30T12:00:00+08:00,"-1 day, 20:00:00",250a84241069458d0acefb2b9e780644e396cf9af1233c251e7ec1d9abf89afb
2022-03-31,2022-03-31 00:00:00,2022-04-01 00:00:00,UNRESOLVED,NAS100_LABELLED_D1_BAR_START_DATE_ONLY,2022-03-31T00:00:00-04:00,2022-03-31T04:00:00Z,2022-03-31T12:00:00+08:00,"-1 day, 20:00:00",d388495ce0103ed0ca9dc8d3a7027a24e51436f22a5bfb5cb98a97b05bc9b7fb
2022-04-01,2022-04-01 00:00:00,2022-04-02 00:00:00,UNRESOLVED,NAS100_LABELLED_D1_BAR_START_DATE_ONLY,2022-04-01T00:00:00-04:00,2022-04-01T04:00:00Z,2022-04-01T12:00:00+08:00,"-1 day, 20:00:00",b3e405edf3a444ab25eef5eb712a6bbd2bd3eae37fe27a85b30b770ceb3b69de
2022-04-04,2022-04-04 00:00:00,2022-04-05 00:00:00,UNRESOLVED,NAS100_LABELLED_D1_BAR_START_DATE_ONLY,2022-04-04T00:00:00-04:00,2022-04-04T04:00:00Z,2022-04-04T12:00:00+08:00,"-1 day, 20:00:00",6ef4bf4f15679f7351ce3339fe64e6a0482d8f28d39d55c3e2d85a020f84c453
2022-04-05,2022-04-05 00:00:00,2022-04-06 00:00:00,UNRESOLVED,NAS100_LABELLED_D1_BAR_START_DATE_ONLY,2022-04-05T00:00:00-04:00,2022-04-05T04:00:00Z,2022-04-05T12:00:00+08:00,"-1 day, 20:00:00",e894163a73e1f2eb3e6986fa1b832b1e6c35d34f5734414f80869e5060cf17a0
2022-04-06,2022-04-06 00:00:00,2022-04-07 00:00:00,UNRESOLVED,NAS100_LABELLED_D1_BAR_START_DATE_ONLY,2022-04-06T00:00:00-04:00,2022-04-06T04:00:00Z,2022-04-06T12:00:00+08:00,"-1 day, 20:00:00",35680871b4f0c9d2cdbeb26eb7df894bb6df5c9f647f21faa52cb9cac77d54a1
2022-04-07,2022-04-07 00:00:00,2022-04-08 00:00:00,UNRESOLVED,NAS100_LABELLED_D1_BAR_START_DATE_ONLY,2022-04-07T00:00:00-04:00,2022-04-07T04:00:00Z,2022-04-07T12:00:00+08:00,"-1 day, 20:00:00",a4ac33a96eb2c46b484c8bb17db9e116a47dcf51e35ec1137b2050178c2e34cf
2022-04-08,2022-04-08 00:00:00,2022-04-09 00:00:00,UNRESOLVED,NAS100_LABELLED_D1_BAR_START_DATE_ONLY,2022-04-08T00:00:00-04:00,2022-04-08T04:00:00Z,2022-04-08T12:00:00+08:00,"-1 day, 20:00:00",4ea13d28d9b98dc622e0ca39254a28ebcac5e5b24480fc78b3342353cfec3409
2022-04-11,2022-04-11 00:00:00,2022-04-12 00:00:00,UNRESOLVED,NAS100_LABELLED_D1_BAR_START_DATE_ONLY,2022-04-11T00:00:00-04:00,2022-04-11T04:00:00Z,2022-04-11T12:00:00+08:00,"-1 day, 20:00:00",210dac00ac8584ef4d55198268b635d9df5104b7617b888f2427ba66159a15fe
2022-04-12,2022-04-12 00:00:00,2022-04-13 00:00:00,UNRESOLVED,NAS100_LABELLED_D1_BAR_START_DATE_ONLY,2022-04-12T00:00:00-04:00,2022-04-12T04:00:00Z,2022-04-12T12:00:00+08:00,"-1 day, 20:00:00",a484e232594ac75a08c146c719a1616c644b5ecd8ea4df7c2ae8e4b8f287c48b
2022-04-13,2022-04-13 00:00:00,2022-04-14 00:00:00,UNRESOLVED,NAS100_LABELLED_D1_BAR_START_DATE_ONLY,2022-04-13T00:00:00-04:00,2022-04-13T04:00:00Z,2022-04-13T12:00:00+08:00,"-1 day, 20:00:00",94bdf0d957e42ab5a251f20f3d5db44077cdc691cffe98e7692988aa93e2a9c9
2022-04-14,2022-04-14 00:00:00,2022-04-15 00:00:00,UNRESOLVED,NAS100_LABELLED_D1_BAR_START_DATE_ONLY,2022-04-14T00:00:00-04:00,2022-04-14T04:00:00Z,2022-04-14T12:00:00+08:00,"-1 day, 20:00:00",2ed751f300c660acfb2b7e7895d7bdd935361805f8a9767fe2f2534201547f7f
2022-04-18,2022-04-18 00:00:00,2022-04-19 00:00:00,UNRESOLVED,NAS100_LABELLED_D1_BAR_START_DATE_ONLY,2022-04-18T00:00:00-04:00,2022-04-18T04:00:00Z,2022-04-18T12:00:00+08:00,"-1 day, 20:00:00",d34dc389e2b4edbf52cd507a244ee655ff0ad9a9b9ca1474ee6f079df12f544d
2022-04-19,2022-04-19 00:00:00,2022-04-20 00:00:00,UNRESOLVED,NAS100_LABELLED_D1_BAR_START_DATE_ONLY,2022-04-19T00:00:00-04:00,2022-04-19T04:00:00Z,2022-04-19T12:00:00+08:00,"-1 day, 20:00:00",c4baadf53be1c933b44466233ab29f5cdaa191185c85f32d424e177a97e20526
2022-04-20,2022-04-20 00:00:00,2022-04-21 00:00:00,UNRESOLVED,NAS100_LABELLED_D1_BAR_START_DATE_ONLY,2022-04-20T00:00:00-04:00,2022-04-20T04:00:00Z,2022-04-20T12:00:00+08:00,"-1 day, 20:00:00",a60e12e5243a463e1ecd0dfd6348968c2514d7d7011cf2616ae1111ad48edd2e
2022-04-21,2022-04-21 00:00:00,2022-04-22 00:00:00,UNRESOLVED,NAS100_LABELLED_D1_BAR_START_DATE_ONLY,2022-04-21T00:00:00-04:00,2022-04-21T04:00:00Z,2022-04-21T12:00:00+08:00,"-1 day, 20:00:00",99b4999a8fd0096b6b06809bbe15592a378d4d705b36ecd378a56a1ceedd5511
2022-04-22,2022-04-22 00:00:00,2022-04-23 00:00:00,UNRESOLVED,NAS100_LABELLED_D1_BAR_START_DATE_ONLY,2022-04-22T00:00:00-04:00,2022-04-22T04:00:00Z,2022-04-22T12:00:00+08:00,"-1 day, 20:00:00",73cd5e2ae75e80657005b68744377cea67fde54abae3f8a1ed2cf2c3daf68940
2022-04-25,2022-04-25 00:00:00,2022-04-26 00:00:00,UNRESOLVED,NAS100_LABELLED_D1_BAR_START_DATE_ONLY,2022-04-25T00:00:00-04:00,2022-04-25T04:00:00Z,2022-04-25T12:00:00+08:00,"-1 day, 20:00:00",d695adb9c136593690a8491e8bcb5e565c85f1f82a011d151dfb6f63732e08e1
2022-04-26,2022-04-26 00:00:00,2022-04-27 00:00:00,UNRESOLVED,NAS100_LABELLED_D1_BAR_START_DATE_ONLY,2022-04-26T00:00:00-04:00,2022-04-26T04:00:00Z,2022-04-26T12:00:00+08:00,"-1 day, 20:00:00",760b0acfed75a90a51771006402d8de6c66653b69755ae44a91d611f17989c80
2022-04-27,2022-04-27 00:00:00,2022-04-28 00:00:00,UNRESOLVED,NAS100_LABELLED_D1_BAR_START_DATE_ONLY,2022-04-27T00:00:00-04:00,2022-04-27T04:00:00Z,2022-04-27T12:00:00+08:00,"-1 day, 20:00:00",00ab54ef775220fc80af1f438af662df99c91181e6a46999aa8838c69ddd61d0
2022-04-28,2022-04-28 00:00:00,2022-04-29 00:00:00,UNRESOLVED,NAS100_LABELLED_D1_BAR_START_DATE_ONLY,2022-04-28T00:00:00-04:00,2022-04-28T04:00:00Z,2022-04-28T12:00:00+08:00,"-1 day, 20:00:00",f77b94f9672bc48b1192e879d73d4884dbd76ea4933eb6956d118e1ce578f857
2022-04-29,2022-04-29 00:00:00,2022-04-30 00:00:00,UNRESOLVED,NAS100_LABELLED_D1_BAR_START_DATE_ONLY,2022-04-29T00:00:00-04:00,2022-04-29T04:00:00Z,2022-04-29T12:00:00+08:00,"-1 day, 20:00:00",8889506dbcde2d7cdfb489cb7954ebfa267a6fbc0ccb1e6ea1ceb517a074318a
2022-05-02,2022-05-02 00:00:00,2022-05-03 00:00:00,UNRESOLVED,NAS100_LABELLED_D1_BAR_START_DATE_ONLY,2022-05-02T00:00:00-04:00,2022-05-02T04:00:00Z,2022-05-02T12:00:00+08:00,"-1 day, 20:00:00",b18d4f81339440d773f952e73583619cddf79ea5bdce01a5993590fafa2347fd
2022-05-03,2022-05-03 00:00:00,2022-05-04 00:00:00,UNRESOLVED,NAS100_LABELLED_D1_BAR_START_DATE_ONLY,2022-05-03T00:00:00-04:00,2022-05-03T04:00:00Z,2022-05-03T12:00:00+08:00,"-1 day, 20:00:00",5adf71d9d52ff5c6d41a45988f507304b9704b2e94b675d74088238158694661
2022-05-04,2022-05-04 00:00:00,2022-05-05 00:00:00,UNRESOLVED,NAS100_LABELLED_D1_BAR_START_DATE_ONLY,2022-05-04T00:00:00-04:00,2022-05-04T04:00:00Z,2022-05-04T12:00:00+08:00,"-1 day, 20:00:00",852013c380e9bfa410baaad322b41b4ce967de2e8161f3ba21116d52dec1866f
2022-05-05,2022-05-05 00:00:00,2022-05-06 00:00:00,UNRESOLVED,NAS100_LABELLED_D1_BAR_START_DATE_ONLY,2022-05-05T00:00:00-04:00,2022-05-05T04:00:00Z,2022-05-05T12:00:00+08:00,"-1 day, 20:00:00",4c4f15eabfc366c18a1eb985e8893144a3d44fb8028b1eb64854f586f9d547af
2022-05-06,2022-05-06 00:00:00,2022-05-07 00:00:00,UNRESOLVED,NAS100_LABELLED_D1_BAR_START_DATE_ONLY,2022-05-06T00:00:00-04:00,2022-05-06T04:00:00Z,2022-05-06T12:00:00+08:00,"-1 day, 20:00:00",92075b159ca2e0607a72772e11edbd998d861eda794f728b213971473ca03191
2022-05-09,2022-05-09 00:00:00,2022-05-10 00:00:00,UNRESOLVED,NAS100_LABELLED_D1_BAR_START_DATE_ONLY,2022-05-09T00:00:00-04:00,2022-05-09T04:00:00Z,2022-05-09T12:00:00+08:00,"-1 day, 20:00:00",a702a323656a99c39e09f5c0f2175ec3d4b80a90b1f0ce6bb94ed3240d4b1486
2022-05-10,2022-05-10 00:00:00,2022-05-11 00:00:00,UNRESOLVED,NAS100_LABELLED_D1_BAR_START_DATE_ONLY,2022-05-10T00:00:00-04:00,2022-05-10T04:00:00Z,2022-05-10T12:00:00+08:00,"-1 day, 20:00:00",7cef6a4ac00b256628054e4f1f66ec232c255480793e765a8598bf16e2bf70cf
2022-05-11,2022-05-11 00:00:00,2022-05-12 00:00:00,UNRESOLVED,NAS100_LABELLED_D1_BAR_START_DATE_ONLY,2022-05-11T00:00:00-04:00,2022-05-11T04:00:00Z,2022-05-11T12:00:00+08:00,"-1 day, 20:00:00",1cece7029ad08031882b837d03a0d670658299082ce756e599c090a95f949f67
2022-05-12,2022-05-12 00:00:00,2022-05-13 00:00:00,UNRESOLVED,NAS100_LABELLED_D1_BAR_START_DATE_ONLY,2022-05-12T00:00:00-04:00,2022-05-12T04:00:00Z,2022-05-12T12:00:00+08:00,"-1 day, 20:00:00",ca338e354c8fc3243206b169fc92a75270af258d9582ea8300cfb58b51e27a6f
2022-05-13,2022-05-13 00:00:00,2022-05-14 00:00:00,UNRESOLVED,NAS100_LABELLED_D1_BAR_START_DATE_ONLY,2022-05-13T00:00:00-04:00,2022-05-13T04:00:00Z,2022-05-13T12:00:00+08:00,"-1 day, 20:00:00",5b406f3cfd82c1a961ebf8451d0a95534449b81f1ee7d30a01bb8f4c07905377
2022-05-16,2022-05-16 00:00:00,2022-05-17 00:00:00,UNRESOLVED,NAS100_LABELLED_D1_BAR_START_DATE_ONLY,2022-05-16T00:00:00-04:00,2022-05-16T04:00:00Z,2022-05-16T12:00:00+08:00,"-1 day, 20:00:00",00773b783bf4d5791f05314b0e5feef88b8ec38064e973cef707491beb083520
2022-05-17,2022-05-17 00:00:00,2022-05-18 00:00:00,UNRESOLVED,NAS100_LABELLED_D1_BAR_START_DATE_ONLY,2022-05-17T00:00:00-04:00,2022-05-17T04:00:00Z,2022-05-17T12:00:00+08:00,"-1 day, 20:00:00",dfc20b56420d144f6f61f2df67013ce89d97af7edabcb66e6a5a733cc8a4bc89
2022-05-18,2022-05-18 00:00:00,2022-05-19 00:00:00,UNRESOLVED,NAS100_LABELLED_D1_BAR_START_DATE_ONLY,2022-05-18T00:00:00-04:00,2022-05-18T04:00:00Z,2022-05-18T12:00:00+08:00,"-1 day, 20:00:00",866bb4b1f73c27e26c60856bf95c05d2433e503727c9a08c67a33aef25828fa3
2022-05-19,2022-05-19 00:00:00,2022-05-20 00:00:00,UNRESOLVED,NAS100_LABELLED_D1_BAR_START_DATE_ONLY,2022-05-19T00:00:00-04:00,2022-05-19T04:00:00Z,2022-05-19T12:00:00+08:00,"-1 day, 20:00:00",ed4b9493b31ce1b5418293495f4358bc66648f60551c5477f56ab8d5477574fe
2022-05-20,2022-05-20 00:00:00,2022-05-21 00:00:00,UNRESOLVED,NAS100_LABELLED_D1_BAR_START_DATE_ONLY,2022-05-20T00:00:00-04:00,2022-05-20T04:00:00Z,2022-05-20T12:00:00+08:00,"-1 day, 20:00:00",1645e8e7030a3a97530c3fe32d1b1daeb68c0d16f4e378d170c9b86d915eb8c8
2022-05-23,2022-05-23 00:00:00,2022-05-24 00:00:00,UNRESOLVED,NAS100_LABELLED_D1_BAR_START_DATE_ONLY,2022-05-23T00:00:00-04:00,2022-05-23T04:00:00Z,2022-05-23T12:00:00+08:00,"-1 day, 20:00:00",63b58c379eb08591ea39ba39db7813d110af22ff782ca634f7be8dbb5830cbd2
2022-05-24,2022-05-24 00:00:00,2022-05-25 00:00:00,UNRESOLVED,NAS100_LABELLED_D1_BAR_START_DATE_ONLY,2022-05-24T00:00:00-04:00,2022-05-24T04:00:00Z,2022-05-24T12:00:00+08:00,"-1 day, 20:00:00",bc4642b13e45a6fcfc38bfbc0be78274c7bdeec98f415814f5c2a3c134a96419
2022-05-25,2022-05-25 00:00:00,2022-05-26 00:00:00,UNRESOLVED,NAS100_LABELLED_D1_BAR_START_DATE_ONLY,2022-05-25T00:00:00-04:00,2022-05-25T04:00:00Z,2022-05-25T12:00:00+08:00,"-1 day, 20:00:00",555c2f9028e6557872453cc5f30a87ec726096efac8b3837b722f84323011256
2022-05-26,2022-05-26 00:00:00,2022-05-27 00:00:00,UNRESOLVED,NAS100_LABELLED_D1_BAR_START_DATE_ONLY,2022-05-26T00:00:00-04:00,2022-05-26T04:00:00Z,2022-05-26T12:00:00+08:00,"-1 day, 20:00:00",edf302742fb9e40788e179fee21f7ca2ae4f06c89b677f5dda5922261c0f355a
2022-05-27,2022-05-27 00:00:00,2022-05-28 00:00:00,UNRESOLVED,NAS100_LABELLED_D1_BAR_START_DATE_ONLY,2022-05-27T00:00:00-04:00,2022-05-27T04:00:00Z,2022-05-27T12:00:00+08:00,"-1 day, 20:00:00",a408e8303ecec2df173736cd048db85f7a62347afc4c53041ba99adaa3138c23
2022-05-30,2022-05-30 00:00:00,2022-05-31 00:00:00,UNRESOLVED,NAS100_LABELLED_D1_BAR_START_DATE_ONLY,2022-05-30T00:00:00-04:00,2022-05-30T04:00:00Z,2022-05-30T12:00:00+08:00,"-1 day, 20:00:00",30fd69870e9a4644d6cd5e7781a098ff8dec84fb5ecf646b53d1a7c93be1f9b7
2022-05-31,2022-05-31 00:00:00,2022-06-01 00:00:00,UNRESOLVED,NAS100_LABELLED_D1_BAR_START_DATE_ONLY,2022-05-31T00:00:00-04:00,2022-05-31T04:00:00Z,2022-05-31T12:00:00+08:00,"-1 day, 20:00:00",ca850a12a097baaa75da88a6890e64e7c77236047f9b2d951aaea4149f46ee88
2022-06-01,2022-06-01 00:00:00,2022-06-02 00:00:00,UNRESOLVED,NAS100_LABELLED_D1_BAR_START_DATE_ONLY,2022-06-01T00:00:00-04:00,2022-06-01T04:00:00Z,2022-06-01T12:00:00+08:00,"-1 day, 20:00:00",d4113dfc0b791477af89978b280b4193bcb52294eb80a5d68cd9b65ad84702f6
2022-06-02,2022-06-02 00:00:00,2022-06-03 00:00:00,UNRESOLVED,NAS100_LABELLED_D1_BAR_START_DATE_ONLY,2022-06-02T00:00:00-04:00,2022-06-02T04:00:00Z,2022-06-02T12:00:00+08:00,"-1 day, 20:00:00",ec73af51a56e299641c1120fedabaf4ebd58d9f6ade83453aaeed8bcea09ceb0
2022-06-03,2022-06-03 00:00:00,2022-06-04 00:00:00,UNRESOLVED,NAS100_LABELLED_D1_BAR_START_DATE_ONLY,2022-06-03T00:00:00-04:00,2022-06-03T04:00:00Z,2022-06-03T12:00:00+08:00,"-1 day, 20:00:00",cda651e652ac9b1aa9cdede5a67a02cb3007ba551b1ef2b3a4872a8f52b30ec6
2022-06-06,2022-06-06 00:00:00,2022-06-07 00:00:00,UNRESOLVED,NAS100_LABELLED_D1_BAR_START_DATE_ONLY,2022-06-06T00:00:00-04:00,2022-06-06T04:00:00Z,2022-06-06T12:00:00+08:00,"-1 day, 20:00:00",832b04d800cf87fedfc33b78b2168309d745df6f059ff5470f09589886f8d4dc
2022-06-07,2022-06-07 00:00:00,2022-06-08 00:00:00,UNRESOLVED,NAS100_LABELLED_D1_BAR_START_DATE_ONLY,2022-06-07T00:00:00-04:00,2022-06-07T04:00:00Z,2022-06-07T12:00:00+08:00,"-1 day, 20:00:00",59f3427d249fbe6caffe97b17c4a52dbe9cee6e9b36e839f65d08c63c7209070
2022-06-08,2022-06-08 00:00:00,2022-06-09 00:00:00,UNRESOLVED,NAS100_LABELLED_D1_BAR_START_DATE_ONLY,2022-06-08T00:00:00-04:00,2022-06-08T04:00:00Z,2022-06-08T12:00:00+08:00,"-1 day, 20:00:00",f287d2c20c272cd1067cece9409fba08fa32c01f04a979bf3c18f8b035db0ae9
2022-06-09,2022-06-09 00:00:00,2022-06-10 00:00:00,UNRESOLVED,NAS100_LABELLED_D1_BAR_START_DATE_ONLY,2022-06-09T00:00:00-04:00,2022-06-09T04:00:00Z,2022-06-09T12:00:00+08:00,"-1 day, 20:00:00",bfab8299653e0069dd2a6154f9306d1a98c49f860ea869c794dc6d7fd9acc32a
2022-06-10,2022-06-10 00:00:00,2022-06-11 00:00:00,UNRESOLVED,NAS100_LABELLED_D1_BAR_START_DATE_ONLY,2022-06-10T00:00:00-04:00,2022-06-10T04:00:00Z,2022-06-10T12:00:00+08:00,"-1 day, 20:00:00",5c1714d9f821220b0a969dc2adab47be9427d49767e955e157ca03cb8d61651b
2022-06-13,2022-06-13 00:00:00,2022-06-14 00:00:00,UNRESOLVED,NAS100_LABELLED_D1_BAR_START_DATE_ONLY,2022-06-13T00:00:00-04:00,2022-06-13T04:00:00Z,2022-06-13T12:00:00+08:00,"-1 day, 20:00:00",9266d46c02dde684cce5354a5a879afa859fa801d7990c24a291d9ba9077b5ba
2022-06-14,2022-06-14 00:00:00,2022-06-15 00:00:00,UNRESOLVED,NAS100_LABELLED_D1_BAR_START_DATE_ONLY,2022-06-14T00:00:00-04:00,2022-06-14T04:00:00Z,2022-06-14T12:00:00+08:00,"-1 day, 20:00:00",103a2942faab3d9375065109c3dc4e70bc8427c9557dddb12016c6242834550f
2022-06-15,2022-06-15 00:00:00,2022-06-16 00:00:00,UNRESOLVED,NAS100_LABELLED_D1_BAR_START_DATE_ONLY,2022-06-15T00:00:00-04:00,2022-06-15T04:00:00Z,2022-06-15T12:00:00+08:00,"-1 day, 20:00:00",51cb17fef590492e2b9f5a69d9ea2ef55637a6ada291e5d96cfe6283dbb7c000
2022-06-16,2022-06-16 00:00:00,2022-06-17 00:00:00,UNRESOLVED,NAS100_LABELLED_D1_BAR_START_DATE_ONLY,2022-06-16T00:00:00-04:00,2022-06-16T04:00:00Z,2022-06-16T12:00:00+08:00,"-1 day, 20:00:00",39dea13a7a39431a450b36fe669564e4b9519dd9c94d1954987197df682b0da5
2022-06-17,2022-06-17 00:00:00,2022-06-18 00:00:00,UNRESOLVED,NAS100_LABELLED_D1_BAR_START_DATE_ONLY,2022-06-17T00:00:00-04:00,2022-06-17T04:00:00Z,2022-06-17T12:00:00+08:00,"-1 day, 20:00:00",50c3f053d3f8ebbfc439e1bb5e2c41dd0757e1bf14f47da27047b1c64e1fff24
2022-06-20,2022-06-20 00:00:00,2022-06-21 00:00:00,UNRESOLVED,NAS100_LABELLED_D1_BAR_START_DATE_ONLY,2022-06-20T00:00:00-04:00,2022-06-20T04:00:00Z,2022-06-20T12:00:00+08:00,"-1 day, 20:00:00",4a685da75f0d06dc69ad2808e1685886a8f302bf01828f838df18bec69308957
2022-06-21,2022-06-21 00:00:00,2022-06-22 00:00:00,UNRESOLVED,NAS100_LABELLED_D1_BAR_START_DATE_ONLY,2022-06-21T00:00:00-04:00,2022-06-21T04:00:00Z,2022-06-21T12:00:00+08:00,"-1 day, 20:00:00",7f6feb14eb7ff3bb1b9df3d67e08a26a7c23fc2fa73ce24da866c744beabce8e
2022-06-22,2022-06-22 00:00:00,2022-06-23 00:00:00,UNRESOLVED,NAS100_LABELLED_D1_BAR_START_DATE_ONLY,2022-06-22T00:00:00-04:00,2022-06-22T04:00:00Z,2022-06-22T12:00:00+08:00,"-1 day, 20:00:00",8adab11b8775b10a44a113d0dd6a923bc7d709fb98cc7ba3c2b754441953d098
2022-06-23,2022-06-23 00:00:00,2022-06-24 00:00:00,UNRESOLVED,NAS100_LABELLED_D1_BAR_START_DATE_ONLY,2022-06-23T00:00:00-04:00,2022-06-23T04:00:00Z,2022-06-23T12:00:00+08:00,"-1 day, 20:00:00",d569fb0095c26718e186dbc8d3182d2c6e001caf8364470fc0eb975f78e991a0
2022-06-24,2022-06-24 00:00:00,2022-06-25 00:00:00,UNRESOLVED,NAS100_LABELLED_D1_BAR_START_DATE_ONLY,2022-06-24T00:00:00-04:00,2022-06-24T04:00:00Z,2022-06-24T12:00:00+08:00,"-1 day, 20:00:00",f05b04c16a77f249d0b8445f7cf23956cc2b4f5b95c5794ef1d88fab0e1a8488
2022-06-27,2022-06-27 00:00:00,2022-06-28 00:00:00,UNRESOLVED,NAS100_LABELLED_D1_BAR_START_DATE_ONLY,2022-06-27T00:00:00-04:00,2022-06-27T04:00:00Z,2022-06-27T12:00:00+08:00,"-1 day, 20:00:00",fd796f740bf3d2bbe30e113d9e77865ab678669db56cb59847bf6fff61830b73
2022-06-28,2022-06-28 00:00:00,2022-06-29 00:00:00,UNRESOLVED,NAS100_LABELLED_D1_BAR_START_DATE_ONLY,2022-06-28T00:00:00-04:00,2022-06-28T04:00:00Z,2022-06-28T12:00:00+08:00,"-1 day, 20:00:00",4983f17fd2f66131dbb0d3795d6068e19b0d43f660ab67e4d85809a4029c8594
2022-06-29,2022-06-29 00:00:00,2022-06-30 00:00:00,UNRESOLVED,NAS100_LABELLED_D1_BAR_START_DATE_ONLY,2022-06-29T00:00:00-04:00,2022-06-29T04:00:00Z,2022-06-29T12:00:00+08:00,"-1 day, 20:00:00",516f018d55618f217cebc8b809b2b9c997823eea4211c948322efc9bff328706
2022-06-30,2022-06-30 00:00:00,2022-07-01 00:00:00,UNRESOLVED,NAS100_LABELLED_D1_BAR_START_DATE_ONLY,2022-06-30T00:00:00-04:00,2022-06-30T04:00:00Z,2022-06-30T12:00:00+08:00,"-1 day, 20:00:00",b136120422fc6bbd6ba0c6e7503ad49cd9202c674459154f55ada911e9931baa
2022-07-01,2022-07-01 00:00:00,2022-07-02 00:00:00,UNRESOLVED,NAS100_LABELLED_D1_BAR_START_DATE_ONLY,2022-07-01T00:00:00-04:00,2022-07-01T04:00:00Z,2022-07-01T12:00:00+08:00,"-1 day, 20:00:00",315d8d3d39aa2a763ec54685ba83e30241a7e66520bddfa2d70855c66d0b8b82
2022-07-04,2022-07-04 00:00:00,2022-07-05 00:00:00,UNRESOLVED,NAS100_LABELLED_D1_BAR_START_DATE_ONLY,2022-07-04T00:00:00-04:00,2022-07-04T04:00:00Z,2022-07-04T12:00:00+08:00,"-1 day, 20:00:00",26485b016af85143c25fcd95054fc475c5bf4237265e1f2be01daa05445e6177
2022-07-05,2022-07-05 00:00:00,2022-07-06 00:00:00,UNRESOLVED,NAS100_LABELLED_D1_BAR_START_DATE_ONLY,2022-07-05T00:00:00-04:00,2022-07-05T04:00:00Z,2022-07-05T12:00:00+08:00,"-1 day, 20:00:00",972fc0fce1a615a9cfa91b6683df8329bfc1dc858b15006a5c243623ded1f308
2022-07-06,2022-07-06 00:00:00,2022-07-07 00:00:00,UNRESOLVED,NAS100_LABELLED_D1_BAR_START_DATE_ONLY,2022-07-06T00:00:00-04:00,2022-07-06T04:00:00Z,2022-07-06T12:00:00+08:00,"-1 day, 20:00:00",303ca93a9f31836214dbd4b8fd1069423033fb58c64adf9d6bf6503a6c6c6811
2022-07-07,2022-07-07 00:00:00,2022-07-08 00:00:00,UNRESOLVED,NAS100_LABELLED_D1_BAR_START_DATE_ONLY,2022-07-07T00:00:00-04:00,2022-07-07T04:00:00Z,2022-07-07T12:00:00+08:00,"-1 day, 20:00:00",8276c3ad03024a3d5672f504ee6c0a4cb579dfb284d6672cd0769f8f745fde75
2022-07-08,2022-07-08 00:00:00,2022-07-09 00:00:00,UNRESOLVED,NAS100_LABELLED_D1_BAR_START_DATE_ONLY,2022-07-08T00:00:00-04:00,2022-07-08T04:00:00Z,2022-07-08T12:00:00+08:00,"-1 day, 20:00:00",6de9a9b514c2eb52f66c194804711a0f70e3cafa93aa63b8b3331b9ebea97cd3
2022-07-11,2022-07-11 00:00:00,2022-07-12 00:00:00,UNRESOLVED,NAS100_LABELLED_D1_BAR_START_DATE_ONLY,2022-07-11T00:00:00-04:00,2022-07-11T04:00:00Z,2022-07-11T12:00:00+08:00,"-1 day, 20:00:00",034cc18300eea7687fbd583f69fb7e5ac1a8d2992db99470a42aaba143b42336
2022-07-12,2022-07-12 00:00:00,2022-07-13 00:00:00,UNRESOLVED,NAS100_LABELLED_D1_BAR_START_DATE_ONLY,2022-07-12T00:00:00-04:00,2022-07-12T04:00:00Z,2022-07-12T12:00:00+08:00,"-1 day, 20:00:00",1ecb0440d5c532b1b4fdd735739e395c222f9e70ace64a2baad16bfe10d2bea5
2022-07-13,2022-07-13 00:00:00,2022-07-14 00:00:00,UNRESOLVED,NAS100_LABELLED_D1_BAR_START_DATE_ONLY,2022-07-13T00:00:00-04:00,2022-07-13T04:00:00Z,2022-07-13T12:00:00+08:00,"-1 day, 20:00:00",686625b98730aa629c57995736069cd23b4dccad4eefe4341f20659fd855b718
2022-07-14,2022-07-14 00:00:00,2022-07-15 00:00:00,UNRESOLVED,NAS100_LABELLED_D1_BAR_START_DATE_ONLY,2022-07-14T00:00:00-04:00,2022-07-14T04:00:00Z,2022-07-14T12:00:00+08:00,"-1 day, 20:00:00",e3abf489ce0bb4c11127cab1c7d01c6e74bf4bdabe43254af6f105b88c648bb3
2022-07-15,2022-07-15 00:00:00,2022-07-16 00:00:00,UNRESOLVED,NAS100_LABELLED_D1_BAR_START_DATE_ONLY,2022-07-15T00:00:00-04:00,2022-07-15T04:00:00Z,2022-07-15T12:00:00+08:00,"-1 day, 20:00:00",210454d9086cbe1d408c075a92c77ee44d17a3b400ea4142e5a6d29dd46a8d6c
2022-07-18,2022-07-18 00:00:00,2022-07-19 00:00:00,UNRESOLVED,NAS100_LABELLED_D1_BAR_START_DATE_ONLY,2022-07-18T00:00:00-04:00,2022-07-18T04:00:00Z,2022-07-18T12:00:00+08:00,"-1 day, 20:00:00",f6e684513ff6b77f9911becc2c05a8797e6ffb4723ab7d138034fdc4ab5acaf4
2022-07-19,2022-07-19 00:00:00,2022-07-20 00:00:00,UNRESOLVED,NAS100_LABELLED_D1_BAR_START_DATE_ONLY,2022-07-19T00:00:00-04:00,2022-07-19T04:00:00Z,2022-07-19T12:00:00+08:00,"-1 day, 20:00:00",59b3e249d7706315eaff49b622c2a875ae4ec3c592f92d58d9dc461f2bf7e2e0
2022-07-20,2022-07-20 00:00:00,2022-07-21 00:00:00,UNRESOLVED,NAS100_LABELLED_D1_BAR_START_DATE_ONLY,2022-07-20T00:00:00-04:00,2022-07-20T04:00:00Z,2022-07-20T12:00:00+08:00,"-1 day, 20:00:00",139f6ffab7d44a10d38eda526a7a632cc08d90edb7114ca52e48842603ad3ebb
2022-07-21,2022-07-21 00:00:00,2022-07-22 00:00:00,UNRESOLVED,NAS100_LABELLED_D1_BAR_START_DATE_ONLY,2022-07-21T00:00:00-04:00,2022-07-21T04:00:00Z,2022-07-21T12:00:00+08:00,"-1 day, 20:00:00",9bee7afd89fcb267235caa23ff49f145e957b887ca00b9f15ee08ce38181102d
2022-07-22,2022-07-22 00:00:00,2022-07-23 00:00:00,UNRESOLVED,NAS100_LABELLED_D1_BAR_START_DATE_ONLY,2022-07-22T00:00:00-04:00,2022-07-22T04:00:00Z,2022-07-22T12:00:00+08:00,"-1 day, 20:00:00",c4398f08ca6eea4513f509c8cc94d62d4dc34123d4f7324dbdcba08a805db1cf
2022-07-25,2022-07-25 00:00:00,2022-07-26 00:00:00,UNRESOLVED,NAS100_LABELLED_D1_BAR_START_DATE_ONLY,2022-07-25T00:00:00-04:00,2022-07-25T04:00:00Z,2022-07-25T12:00:00+08:00,"-1 day, 20:00:00",77fae745d576221fa06ad5b6a4603af079e62b516e39f9833b68b9778a41b39a
2022-07-26,2022-07-26 00:00:00,2022-07-27 00:00:00,UNRESOLVED,NAS100_LABELLED_D1_BAR_START_DATE_ONLY,2022-07-26T00:00:00-04:00,2022-07-26T04:00:00Z,2022-07-26T12:00:00+08:00,"-1 day, 20:00:00",5001767fdcf2e50cf2970ee39077f86c8c9226b0c1940325a08a29084d78a609
2022-07-27,2022-07-27 00:00:00,2022-07-28 00:00:00,UNRESOLVED,NAS100_LABELLED_D1_BAR_START_DATE_ONLY,2022-07-27T00:00:00-04:00,2022-07-27T04:00:00Z,2022-07-27T12:00:00+08:00,"-1 day, 20:00:00",eb61744eab575d5a5a430b7988872d78e9d1521bc7d3d19c2bb009f16d3b0d78
2022-07-28,2022-07-28 00:00:00,2022-07-29 00:00:00,UNRESOLVED,NAS100_LABELLED_D1_BAR_START_DATE_ONLY,2022-07-28T00:00:00-04:00,2022-07-28T04:00:00Z,2022-07-28T12:00:00+08:00,"-1 day, 20:00:00",255e45c2133665ed8087c59f47de2abe63b2ee63879d171479090e7aea8b8ce9
2022-07-29,2022-07-29 00:00:00,2022-07-30 00:00:00,UNRESOLVED,NAS100_LABELLED_D1_BAR_START_DATE_ONLY,2022-07-29T00:00:00-04:00,2022-07-29T04:00:00Z,2022-07-29T12:00:00+08:00,"-1 day, 20:00:00",486aac5999b4894555036ac264044a57aa6a91bd2befa850909ed283a7d33cb1
2022-08-01,2022-08-01 00:00:00,2022-08-02 00:00:00,UNRESOLVED,NAS100_LABELLED_D1_BAR_START_DATE_ONLY,2022-08-01T00:00:00-04:00,2022-08-01T04:00:00Z,2022-08-01T12:00:00+08:00,"-1 day, 20:00:00",a3735a99319a54c6194761e0a04d4107812ce71ecebabf20e45dcf510cb5b500
2022-08-02,2022-08-02 00:00:00,2022-08-03 00:00:00,UNRESOLVED,NAS100_LABELLED_D1_BAR_START_DATE_ONLY,2022-08-02T00:00:00-04:00,2022-08-02T04:00:00Z,2022-08-02T12:00:00+08:00,"-1 day, 20:00:00",c3a2bdb97a537a60186a9a741e75fb5aff92cb58bd79cab88665f3460f74ccd2
2022-08-03,2022-08-03 00:00:00,2022-08-04 00:00:00,UNRESOLVED,NAS100_LABELLED_D1_BAR_START_DATE_ONLY,2022-08-03T00:00:00-04:00,2022-08-03T04:00:00Z,2022-08-03T12:00:00+08:00,"-1 day, 20:00:00",eaee7a532c61c3603badb30a9eda960531c96693bd2a5421efb460100640f4a7
2022-08-04,2022-08-04 00:00:00,2022-08-05 00:00:00,UNRESOLVED,NAS100_LABELLED_D1_BAR_START_DATE_ONLY,2022-08-04T00:00:00-04:00,2022-08-04T04:00:00Z,2022-08-04T12:00:00+08:00,"-1 day, 20:00:00",98db74eb57631d3c594e10d5b6aaa56ee629674a33089f86f6ed9178c0a07aa0
2022-08-05,2022-08-05 00:00:00,2022-08-06 00:00:00,UNRESOLVED,NAS100_LABELLED_D1_BAR_START_DATE_ONLY,2022-08-05T00:00:00-04:00,2022-08-05T04:00:00Z,2022-08-05T12:00:00+08:00,"-1 day, 20:00:00",d0ef6b9f72afed7e98144946756b6601f746bd373d2d41110e5277ff7d99c20a
2022-08-08,2022-08-08 00:00:00,2022-08-09 00:00:00,UNRESOLVED,NAS100_LABELLED_D1_BAR_START_DATE_ONLY,2022-08-08T00:00:00-04:00,2022-08-08T04:00:00Z,2022-08-08T12:00:00+08:00,"-1 day, 20:00:00",b6016ba997da502b214484356e712c00dd2ff7529f26add71939e8f920580c21
2022-08-09,2022-08-09 00:00:00,2022-08-10 00:00:00,UNRESOLVED,NAS100_LABELLED_D1_BAR_START_DATE_ONLY,2022-08-09T00:00:00-04:00,2022-08-09T04:00:00Z,2022-08-09T12:00:00+08:00,"-1 day, 20:00:00",81c6e9a6d9653c920ac2159641e1af7f22436f4018a8a3b9aa2a31777e63c59c
2022-08-10,2022-08-10 00:00:00,2022-08-11 00:00:00,UNRESOLVED,NAS100_LABELLED_D1_BAR_START_DATE_ONLY,2022-08-10T00:00:00-04:00,2022-08-10T04:00:00Z,2022-08-10T12:00:00+08:00,"-1 day, 20:00:00",2c06f593ab017cb6896afd7d242bab8c19e814995add22d88c7519fa540e8f0c
2022-08-11,2022-08-11 00:00:00,2022-08-12 00:00:00,UNRESOLVED,NAS100_LABELLED_D1_BAR_START_DATE_ONLY,2022-08-11T00:00:00-04:00,2022-08-11T04:00:00Z,2022-08-11T12:00:00+08:00,"-1 day, 20:00:00",b80981d9536041f193d4f1a04198bac4eece955dc4172ccb19c9b59a7e3b21d0
2022-08-12,2022-08-12 00:00:00,2022-08-13 00:00:00,UNRESOLVED,NAS100_LABELLED_D1_BAR_START_DATE_ONLY,2022-08-12T00:00:00-04:00,2022-08-12T04:00:00Z,2022-08-12T12:00:00+08:00,"-1 day, 20:00:00",fdb1b30c74d7216e60f3e5f7c361a557ca58c6a6f671a7ac2a22f67d7091863c
2022-08-15,2022-08-15 00:00:00,2022-08-16 00:00:00,UNRESOLVED,NAS100_LABELLED_D1_BAR_START_DATE_ONLY,2022-08-15T00:00:00-04:00,2022-08-15T04:00:00Z,2022-08-15T12:00:00+08:00,"-1 day, 20:00:00",5058b25d784d2ef06d53a21a2a93de7654c6e3a00773f638ccb58292a3cc00ff
2022-08-16,2022-08-16 00:00:00,2022-08-17 00:00:00,UNRESOLVED,NAS100_LABELLED_D1_BAR_START_DATE_ONLY,2022-08-16T00:00:00-04:00,2022-08-16T04:00:00Z,2022-08-16T12:00:00+08:00,"-1 day, 20:00:00",1c9bb0488953d71df362f96d4b1f39284d6688cf803a5b09ca54e8d6cf40180b
2022-08-17,2022-08-17 00:00:00,2022-08-18 00:00:00,UNRESOLVED,NAS100_LABELLED_D1_BAR_START_DATE_ONLY,2022-08-17T00:00:00-04:00,2022-08-17T04:00:00Z,2022-08-17T12:00:00+08:00,"-1 day, 20:00:00",9f8e188e6253de5e255efa46e5cd0228a6e7c937e734b6320695bf85f5a61cef
2022-08-18,2022-08-18 00:00:00,2022-08-19 00:00:00,UNRESOLVED,NAS100_LABELLED_D1_BAR_START_DATE_ONLY,2022-08-18T00:00:00-04:00,2022-08-18T04:00:00Z,2022-08-18T12:00:00+08:00,"-1 day, 20:00:00",b478a8057195fd460915fdae3320da0f930595ed63c137472aab53f679aba9e4
2022-08-19,2022-08-19 00:00:00,2022-08-20 00:00:00,UNRESOLVED,NAS100_LABELLED_D1_BAR_START_DATE_ONLY,2022-08-19T00:00:00-04:00,2022-08-19T04:00:00Z,2022-08-19T12:00:00+08:00,"-1 day, 20:00:00",7d84f30d2c07d708f0ed3c03877d02c1450dedd98f020966f9185d62d658a39f
2022-08-22,2022-08-22 00:00:00,2022-08-23 00:00:00,UNRESOLVED,NAS100_LABELLED_D1_BAR_START_DATE_ONLY,2022-08-22T00:00:00-04:00,2022-08-22T04:00:00Z,2022-08-22T12:00:00+08:00,"-1 day, 20:00:00",43a51b3744e0b00969cb706e360a2417b0346a7142021ac8ec2bed926b7dd73c
2022-08-23,2022-08-23 00:00:00,2022-08-24 00:00:00,UNRESOLVED,NAS100_LABELLED_D1_BAR_START_DATE_ONLY,2022-08-23T00:00:00-04:00,2022-08-23T04:00:00Z,2022-08-23T12:00:00+08:00,"-1 day, 20:00:00",4122c10b7856abd542f80bf79bc4ec549536d76ff5a4c5badb2e78766085ceb8
2022-08-24,2022-08-24 00:00:00,2022-08-25 00:00:00,UNRESOLVED,NAS100_LABELLED_D1_BAR_START_DATE_ONLY,2022-08-24T00:00:00-04:00,2022-08-24T04:00:00Z,2022-08-24T12:00:00+08:00,"-1 day, 20:00:00",cdf500b1bb450c03fb5a80f6d23a28e50079ac146bdd92eacfa640ed3ba186d2
2022-08-25,2022-08-25 00:00:00,2022-08-26 00:00:00,UNRESOLVED,NAS100_LABELLED_D1_BAR_START_DATE_ONLY,2022-08-25T00:00:00-04:00,2022-08-25T04:00:00Z,2022-08-25T12:00:00+08:00,"-1 day, 20:00:00",8adfe9dfa03c7672f0cde3651e3a889f8c41141600ab6ab49b178aef20c4b61f
2022-08-26,2022-08-26 00:00:00,2022-08-27 00:00:00,UNRESOLVED,NAS100_LABELLED_D1_BAR_START_DATE_ONLY,2022-08-26T00:00:00-04:00,2022-08-26T04:00:00Z,2022-08-26T12:00:00+08:00,"-1 day, 20:00:00",5f24ccaf12c495b2d48031a28ac626de638c860bc67196f3c552a8c7d8f31a05
2022-08-29,2022-08-29 00:00:00,2022-08-30 00:00:00,UNRESOLVED,NAS100_LABELLED_D1_BAR_START_DATE_ONLY,2022-08-29T00:00:00-04:00,2022-08-29T04:00:00Z,2022-08-29T12:00:00+08:00,"-1 day, 20:00:00",b6309e8b12221dc5593a9ae1abaf49c0ec85e8b756ed973da76c1799f0dd2e3d
2022-08-30,2022-08-30 00:00:00,2022-08-31 00:00:00,UNRESOLVED,NAS100_LABELLED_D1_BAR_START_DATE_ONLY,2022-08-30T00:00:00-04:00,2022-08-30T04:00:00Z,2022-08-30T12:00:00+08:00,"-1 day, 20:00:00",cd53f94ded9b680280bb77181537b383fc58115e1a26773c772e997f51e3cb73
2022-08-31,2022-08-31 00:00:00,2022-09-01 00:00:00,UNRESOLVED,NAS100_LABELLED_D1_BAR_START_DATE_ONLY,2022-08-31T00:00:00-04:00,2022-08-31T04:00:00Z,2022-08-31T12:00:00+08:00,"-1 day, 20:00:00",789dfa1b9c18b33080cd55db3fc239e33cc77c778d1eb8f22d4b11872f67c3c4
2022-09-01,2022-09-01 00:00:00,2022-09-02 00:00:00,UNRESOLVED,NAS100_LABELLED_D1_BAR_START_DATE_ONLY,2022-09-01T00:00:00-04:00,2022-09-01T04:00:00Z,2022-09-01T12:00:00+08:00,"-1 day, 20:00:00",dadd2c1616d09666e434c00cb21c054ecd0916e3de3d9f4c70ecb4f6a7b032e9
2022-09-02,2022-09-02 00:00:00,2022-09-03 00:00:00,UNRESOLVED,NAS100_LABELLED_D1_BAR_START_DATE_ONLY,2022-09-02T00:00:00-04:00,2022-09-02T04:00:00Z,2022-09-02T12:00:00+08:00,"-1 day, 20:00:00",29bed03765e845bce57b03c846e311a607d8c2a74bdfd91b176f1a116bcd5af8
2022-09-05,2022-09-05 00:00:00,2022-09-06 00:00:00,UNRESOLVED,NAS100_LABELLED_D1_BAR_START_DATE_ONLY,2022-09-05T00:00:00-04:00,2022-09-05T04:00:00Z,2022-09-05T12:00:00+08:00,"-1 day, 20:00:00",28b30fb7aa8157e233e2d8fea59bde7b6e98b7a93c2a9b8584ced10086db679f
2022-09-06,2022-09-06 00:00:00,2022-09-07 00:00:00,UNRESOLVED,NAS100_LABELLED_D1_BAR_START_DATE_ONLY,2022-09-06T00:00:00-04:00,2022-09-06T04:00:00Z,2022-09-06T12:00:00+08:00,"-1 day, 20:00:00",c0e77ed908379276bd35b886cf09a4793086464c0768372b9ae2923d26ceeafa
2022-09-07,2022-09-07 00:00:00,2022-09-08 00:00:00,UNRESOLVED,NAS100_LABELLED_D1_BAR_START_DATE_ONLY,2022-09-07T00:00:00-04:00,2022-09-07T04:00:00Z,2022-09-07T12:00:00+08:00,"-1 day, 20:00:00",8f1bb33c72f6acf110b0bd9d6a695e2c03139b7109bf9bef6eab0ec40efc584f
2022-09-08,2022-09-08 00:00:00,2022-09-09 00:00:00,UNRESOLVED,NAS100_LABELLED_D1_BAR_START_DATE_ONLY,2022-09-08T00:00:00-04:00,2022-09-08T04:00:00Z,2022-09-08T12:00:00+08:00,"-1 day, 20:00:00",353543a1dae069f3741d460b61cd1dddb0ed88ad6c93331217cf6e693f58ff09
2022-09-09,2022-09-09 00:00:00,2022-09-10 00:00:00,UNRESOLVED,NAS100_LABELLED_D1_BAR_START_DATE_ONLY,2022-09-09T00:00:00-04:00,2022-09-09T04:00:00Z,2022-09-09T12:00:00+08:00,"-1 day, 20:00:00",3dc02a3ca89d2c6d4765689ff3ff6b532b9c6744b9f7cc9f03cadbe8b3a072c6
2022-09-12,2022-09-12 00:00:00,2022-09-13 00:00:00,UNRESOLVED,NAS100_LABELLED_D1_BAR_START_DATE_ONLY,2022-09-12T00:00:00-04:00,2022-09-12T04:00:00Z,2022-09-12T12:00:00+08:00,"-1 day, 20:00:00",e52bbf13efb857bec504810275b05a424112a7e7e570a4554957e16a1c31e16e
2022-09-13,2022-09-13 00:00:00,2022-09-14 00:00:00,UNRESOLVED,NAS100_LABELLED_D1_BAR_START_DATE_ONLY,2022-09-13T00:00:00-04:00,2022-09-13T04:00:00Z,2022-09-13T12:00:00+08:00,"-1 day, 20:00:00",78106e258568d5b40869b1f07e2b71aa2e47b5a5fafa6bbab8f00f2f77ca3798
2022-09-14,2022-09-14 00:00:00,2022-09-15 00:00:00,UNRESOLVED,NAS100_LABELLED_D1_BAR_START_DATE_ONLY,2022-09-14T00:00:00-04:00,2022-09-14T04:00:00Z,2022-09-14T12:00:00+08:00,"-1 day, 20:00:00",7b84ce1d27432b28d84ec196820e2ee6a25f20ee2e84e11120a550f49ac0b130
2022-09-15,2022-09-15 00:00:00,2022-09-16 00:00:00,UNRESOLVED,NAS100_LABELLED_D1_BAR_START_DATE_ONLY,2022-09-15T00:00:00-04:00,2022-09-15T04:00:00Z,2022-09-15T12:00:00+08:00,"-1 day, 20:00:00",14d102bd1d4c070eba4b4e45eb5fd18ae592440abcc7bbc9f0e00fb79b5bd4a3
2022-09-16,2022-09-16 00:00:00,2022-09-17 00:00:00,UNRESOLVED,NAS100_LABELLED_D1_BAR_START_DATE_ONLY,2022-09-16T00:00:00-04:00,2022-09-16T04:00:00Z,2022-09-16T12:00:00+08:00,"-1 day, 20:00:00",b9286179d21dc422502e5d3a36c5b5ccfcdb9a7ff11c0ea414c5dacc2b7af3cf
2022-09-19,2022-09-19 00:00:00,2022-09-20 00:00:00,UNRESOLVED,NAS100_LABELLED_D1_BAR_START_DATE_ONLY,2022-09-19T00:00:00-04:00,2022-09-19T04:00:00Z,2022-09-19T12:00:00+08:00,"-1 day, 20:00:00",76206a027c457eb501f8549f842b94e810e86cc5753f056c9a3e839c121041d8
2022-09-20,2022-09-20 00:00:00,2022-09-21 00:00:00,UNRESOLVED,NAS100_LABELLED_D1_BAR_START_DATE_ONLY,2022-09-20T00:00:00-04:00,2022-09-20T04:00:00Z,2022-09-20T12:00:00+08:00,"-1 day, 20:00:00",edcadf6ae554d573e886706e2fd16b75cbf81d6339a98ec70fa8b52f22f37d7d
2022-09-21,2022-09-21 00:00:00,2022-09-22 00:00:00,UNRESOLVED,NAS100_LABELLED_D1_BAR_START_DATE_ONLY,2022-09-21T00:00:00-04:00,2022-09-21T04:00:00Z,2022-09-21T12:00:00+08:00,"-1 day, 20:00:00",49807d7bdcea3348e4700cfb681bd2666ea032d9050b86368a417b2e9739352f
2022-09-22,2022-09-22 00:00:00,2022-09-23 00:00:00,UNRESOLVED,NAS100_LABELLED_D1_BAR_START_DATE_ONLY,2022-09-22T00:00:00-04:00,2022-09-22T04:00:00Z,2022-09-22T12:00:00+08:00,"-1 day, 20:00:00",42b21d7c44699180e7b1005582e9f72ccbea98c42fe46ff13b5e6172803d7cf2
2022-09-23,2022-09-23 00:00:00,2022-09-24 00:00:00,UNRESOLVED,NAS100_LABELLED_D1_BAR_START_DATE_ONLY,2022-09-23T00:00:00-04:00,2022-09-23T04:00:00Z,2022-09-23T12:00:00+08:00,"-1 day, 20:00:00",80ca2acbb926c28f077ba5226a70b66aa5c8cbd7fcad4054e87ab87fb0c3a28f
2022-09-26,2022-09-26 00:00:00,2022-09-27 00:00:00,UNRESOLVED,NAS100_LABELLED_D1_BAR_START_DATE_ONLY,2022-09-26T00:00:00-04:00,2022-09-26T04:00:00Z,2022-09-26T12:00:00+08:00,"-1 day, 20:00:00",af3ebf97abaf65bfc24e4f38291ed2c0b297a0ebddb949c921241881046f819b
2022-09-27,2022-09-27 00:00:00,2022-09-28 00:00:00,UNRESOLVED,NAS100_LABELLED_D1_BAR_START_DATE_ONLY,2022-09-27T00:00:00-04:00,2022-09-27T04:00:00Z,2022-09-27T12:00:00+08:00,"-1 day, 20:00:00",1450772655727f5b136dd4fb565f9b06e80236383df49eed72047ee3470cf566
2022-09-28,2022-09-28 00:00:00,2022-09-29 00:00:00,UNRESOLVED,NAS100_LABELLED_D1_BAR_START_DATE_ONLY,2022-09-28T00:00:00-04:00,2022-09-28T04:00:00Z,2022-09-28T12:00:00+08:00,"-1 day, 20:00:00",9a3fc714734103ac46bfc189b967a88128beee731bf67f5841336f17d01d4af7
2022-09-29,2022-09-29 00:00:00,2022-09-30 00:00:00,UNRESOLVED,NAS100_LABELLED_D1_BAR_START_DATE_ONLY,2022-09-29T00:00:00-04:00,2022-09-29T04:00:00Z,2022-09-29T12:00:00+08:00,"-1 day, 20:00:00",d84fa404a347a2e0088bd85fbe93923d3e8334a446c7f9ee08d709a61f1e875e
2022-09-30,2022-09-30 00:00:00,2022-10-01 00:00:00,UNRESOLVED,NAS100_LABELLED_D1_BAR_START_DATE_ONLY,2022-09-30T00:00:00-04:00,2022-09-30T04:00:00Z,2022-09-30T12:00:00+08:00,"-1 day, 20:00:00",961a0478ef7708be0224bd6cab4f843e106bc7900fb80a6bb3816273b19ac9d0
2022-10-03,2022-10-03 00:00:00,2022-10-04 00:00:00,UNRESOLVED,NAS100_LABELLED_D1_BAR_START_DATE_ONLY,2022-10-03T00:00:00-04:00,2022-10-03T04:00:00Z,2022-10-03T12:00:00+08:00,"-1 day, 20:00:00",3423b1ae4732823a4ede529ca7a68deadf147702406483dd2df907d517104df2
2022-10-04,2022-10-04 00:00:00,2022-10-05 00:00:00,UNRESOLVED,NAS100_LABELLED_D1_BAR_START_DATE_ONLY,2022-10-04T00:00:00-04:00,2022-10-04T04:00:00Z,2022-10-04T12:00:00+08:00,"-1 day, 20:00:00",296e85802097f79cc6cbc9f10cded5fa13df3e28f2e19dbe1de759aa8dbcf9f2
2022-10-05,2022-10-05 00:00:00,2022-10-06 00:00:00,UNRESOLVED,NAS100_LABELLED_D1_BAR_START_DATE_ONLY,2022-10-05T00:00:00-04:00,2022-10-05T04:00:00Z,2022-10-05T12:00:00+08:00,"-1 day, 20:00:00",b35366d7234bf66fa6b0f7e6db3d0b13ed653def8c61e4c147f3b5b5fd516597
2022-10-06,2022-10-06 00:00:00,2022-10-07 00:00:00,UNRESOLVED,NAS100_LABELLED_D1_BAR_START_DATE_ONLY,2022-10-06T00:00:00-04:00,2022-10-06T04:00:00Z,2022-10-06T12:00:00+08:00,"-1 day, 20:00:00",ff7c2487228a343ed3abd35b09825a3e5a157d43ada1c605e4c295770843970d
2022-10-07,2022-10-07 00:00:00,2022-10-08 00:00:00,UNRESOLVED,NAS100_LABELLED_D1_BAR_START_DATE_ONLY,2022-10-07T00:00:00-04:00,2022-10-07T04:00:00Z,2022-10-07T12:00:00+08:00,"-1 day, 20:00:00",abed7809090181fcb87e6dbb6ca465a63b17c9b6f32302c566c72d3aa59b318d
2022-10-10,2022-10-10 00:00:00,2022-10-11 00:00:00,UNRESOLVED,NAS100_LABELLED_D1_BAR_START_DATE_ONLY,2022-10-10T00:00:00-04:00,2022-10-10T04:00:00Z,2022-10-10T12:00:00+08:00,"-1 day, 20:00:00",16e93509c53cf89f50ab6b8b190273ee6ae6f91e678545b0f671a0296af3eead
2022-10-11,2022-10-11 00:00:00,2022-10-12 00:00:00,UNRESOLVED,NAS100_LABELLED_D1_BAR_START_DATE_ONLY,2022-10-11T00:00:00-04:00,2022-10-11T04:00:00Z,2022-10-11T12:00:00+08:00,"-1 day, 20:00:00",9bcfae3696837b983504e8514d1f5d64fc1b17d822a88be5bd38ef11c411c7a7
2022-10-12,2022-10-12 00:00:00,2022-10-13 00:00:00,UNRESOLVED,NAS100_LABELLED_D1_BAR_START_DATE_ONLY,2022-10-12T00:00:00-04:00,2022-10-12T04:00:00Z,2022-10-12T12:00:00+08:00,"-1 day, 20:00:00",a4228971125c1350e3a0a88d282ac3de8cc3e4a045ce3b1d6333ead144aff415
2022-10-13,2022-10-13 00:00:00,2022-10-14 00:00:00,UNRESOLVED,NAS100_LABELLED_D1_BAR_START_DATE_ONLY,2022-10-13T00:00:00-04:00,2022-10-13T04:00:00Z,2022-10-13T12:00:00+08:00,"-1 day, 20:00:00",7df66b069204b287cf725401f52ad597b383119e6c446307b9ae0e45d8c03793
2022-10-14,2022-10-14 00:00:00,2022-10-15 00:00:00,UNRESOLVED,NAS100_LABELLED_D1_BAR_START_DATE_ONLY,2022-10-14T00:00:00-04:00,2022-10-14T04:00:00Z,2022-10-14T12:00:00+08:00,"-1 day, 20:00:00",122564347759d2030cebc095b176b042afcdfa789cad5dffac7868cc21c866be
2022-10-17,2022-10-17 00:00:00,2022-10-18 00:00:00,UNRESOLVED,NAS100_LABELLED_D1_BAR_START_DATE_ONLY,2022-10-17T00:00:00-04:00,2022-10-17T04:00:00Z,2022-10-17T12:00:00+08:00,"-1 day, 20:00:00",523e97881749876380c54ae00cc9f22949ff81a70c806126eac2658ec7429882
2022-10-18,2022-10-18 00:00:00,2022-10-19 00:00:00,UNRESOLVED,NAS100_LABELLED_D1_BAR_START_DATE_ONLY,2022-10-18T00:00:00-04:00,2022-10-18T04:00:00Z,2022-10-18T12:00:00+08:00,"-1 day, 20:00:00",3fa18d7ee82dd3a0be0d0defee0fe38b8f8ea03bda70657882070955d8a996dd
2022-10-19,2022-10-19 00:00:00,2022-10-20 00:00:00,UNRESOLVED,NAS100_LABELLED_D1_BAR_START_DATE_ONLY,2022-10-19T00:00:00-04:00,2022-10-19T04:00:00Z,2022-10-19T12:00:00+08:00,"-1 day, 20:00:00",f40103173e1be221f24a2a6903e81d4ff082b5336226fbec3dd0806436016f0d
2022-10-20,2022-10-20 00:00:00,2022-10-21 00:00:00,UNRESOLVED,NAS100_LABELLED_D1_BAR_START_DATE_ONLY,2022-10-20T00:00:00-04:00,2022-10-20T04:00:00Z,2022-10-20T12:00:00+08:00,"-1 day, 20:00:00",60dc0ef7ff44d5b3c3bdcb8aa92528c3c6fefcbcbdf5841cf426c8c908868fd6
2022-10-21,2022-10-21 00:00:00,2022-10-22 00:00:00,UNRESOLVED,NAS100_LABELLED_D1_BAR_START_DATE_ONLY,2022-10-21T00:00:00-04:00,2022-10-21T04:00:00Z,2022-10-21T12:00:00+08:00,"-1 day, 20:00:00",ba9492c43f93bb8022b030725d7f7b4b2a78ab144e8960c4db23beb16d055f24
2022-10-24,2022-10-24 00:00:00,2022-10-25 00:00:00,UNRESOLVED,NAS100_LABELLED_D1_BAR_START_DATE_ONLY,2022-10-24T00:00:00-04:00,2022-10-24T04:00:00Z,2022-10-24T12:00:00+08:00,"-1 day, 20:00:00",594d43bba119c95046b639396ec5802d7c42144f5b9c7df775693a72ad325c57
2022-10-25,2022-10-25 00:00:00,2022-10-26 00:00:00,UNRESOLVED,NAS100_LABELLED_D1_BAR_START_DATE_ONLY,2022-10-25T00:00:00-04:00,2022-10-25T04:00:00Z,2022-10-25T12:00:00+08:00,"-1 day, 20:00:00",8b34b434e99b0ecb4f165f9b4cf790c52aa2cca1bb5ed324975bd6ad45c36fca
2022-10-26,2022-10-26 00:00:00,2022-10-27 00:00:00,UNRESOLVED,NAS100_LABELLED_D1_BAR_START_DATE_ONLY,2022-10-26T00:00:00-04:00,2022-10-26T04:00:00Z,2022-10-26T12:00:00+08:00,"-1 day, 20:00:00",86427fddf40e2ca7ec3afc597ca9aaafff5ffda3bdb1df19a35d0734c12d6544
2022-10-27,2022-10-27 00:00:00,2022-10-28 00:00:00,UNRESOLVED,NAS100_LABELLED_D1_BAR_START_DATE_ONLY,2022-10-27T00:00:00-04:00,2022-10-27T04:00:00Z,2022-10-27T12:00:00+08:00,"-1 day, 20:00:00",9d1357ae19c6caa6df7e9d32877e98d6b4c9c63a673cc622ba9fbd78e3c1c256
2022-10-28,2022-10-28 00:00:00,2022-10-29 00:00:00,UNRESOLVED,NAS100_LABELLED_D1_BAR_START_DATE_ONLY,2022-10-28T00:00:00-04:00,2022-10-28T04:00:00Z,2022-10-28T12:00:00+08:00,"-1 day, 20:00:00",fa7deab45c93a62bdc0018a248203153168bfd08d65e46c7418ad5f38c675e25
2022-10-31,2022-10-31 00:00:00,2022-11-01 00:00:00,UNRESOLVED,NAS100_LABELLED_D1_BAR_START_DATE_ONLY,2022-10-31T00:00:00-04:00,2022-10-31T04:00:00Z,2022-10-31T12:00:00+08:00,"-1 day, 20:00:00",19e0779c7c3cc7934ad7fb57ddb5a6ffc5b976b8e28fe8482342bc63b3e82d01
2022-11-01,2022-11-01 00:00:00,2022-11-02 00:00:00,UNRESOLVED,NAS100_LABELLED_D1_BAR_START_DATE_ONLY,2022-11-01T00:00:00-04:00,2022-11-01T04:00:00Z,2022-11-01T12:00:00+08:00,"-1 day, 20:00:00",69cf06e90db26b36170d747ba3aa8eda333086829e693ec378dea8f8fb68a903
2022-11-02,2022-11-02 00:00:00,2022-11-03 00:00:00,UNRESOLVED,NAS100_LABELLED_D1_BAR_START_DATE_ONLY,2022-11-02T00:00:00-04:00,2022-11-02T04:00:00Z,2022-11-02T12:00:00+08:00,"-1 day, 20:00:00",021cda92321b2be46791142c0de8d7f0a0e975fd56b8f85463ca432679cd33cb
2022-11-03,2022-11-03 00:00:00,2022-11-04 00:00:00,UNRESOLVED,NAS100_LABELLED_D1_BAR_START_DATE_ONLY,2022-11-03T00:00:00-04:00,2022-11-03T04:00:00Z,2022-11-03T12:00:00+08:00,"-1 day, 20:00:00",a29f028f077f99ad2360b1b5b1e28d3fa863d7635c8966134c2b6c1e6163a7b3
2022-11-04,2022-11-04 00:00:00,2022-11-05 00:00:00,UNRESOLVED,NAS100_LABELLED_D1_BAR_START_DATE_ONLY,2022-11-04T00:00:00-04:00,2022-11-04T04:00:00Z,2022-11-04T12:00:00+08:00,"-1 day, 20:00:00",ef759e250ad44c409e77d32f50864f3834d1d8ec358a13596a8accb580a0f273
2022-11-07,2022-11-07 00:00:00,2022-11-08 00:00:00,UNRESOLVED,NAS100_LABELLED_D1_BAR_START_DATE_ONLY,2022-11-07T00:00:00-05:00,2022-11-07T05:00:00Z,2022-11-07T13:00:00+08:00,"-1 day, 19:00:00",1e9c0005fde8dff87f04632fdfe50d2c62eb8d140632102ee4b38f2be5025220
2022-11-08,2022-11-08 00:00:00,2022-11-09 00:00:00,UNRESOLVED,NAS100_LABELLED_D1_BAR_START_DATE_ONLY,2022-11-08T00:00:00-05:00,2022-11-08T05:00:00Z,2022-11-08T13:00:00+08:00,"-1 day, 19:00:00",da92a8746eb79677f7f3a2557486e9b2ba8d31fc1df678d07c1376724ff00e7f
2022-11-09,2022-11-09 00:00:00,2022-11-10 00:00:00,UNRESOLVED,NAS100_LABELLED_D1_BAR_START_DATE_ONLY,2022-11-09T00:00:00-05:00,2022-11-09T05:00:00Z,2022-11-09T13:00:00+08:00,"-1 day, 19:00:00",3d7b7b15090b44d98262e03737d6b3b4dd0f7cf5705da585203c288118233d95
2022-11-10,2022-11-10 00:00:00,2022-11-11 00:00:00,UNRESOLVED,NAS100_LABELLED_D1_BAR_START_DATE_ONLY,2022-11-10T00:00:00-05:00,2022-11-10T05:00:00Z,2022-11-10T13:00:00+08:00,"-1 day, 19:00:00",d6cd129447fe0c38d6c03d2932005f8fdadb27de4f55baf77aa605377fc0ff3f
2022-11-11,2022-11-11 00:00:00,2022-11-12 00:00:00,UNRESOLVED,NAS100_LABELLED_D1_BAR_START_DATE_ONLY,2022-11-11T00:00:00-05:00,2022-11-11T05:00:00Z,2022-11-11T13:00:00+08:00,"-1 day, 19:00:00",84d60becda8353545f1f95afab6cfcc6ee40ad09078b3c52c1ddfb313b57e493
2022-11-14,2022-11-14 00:00:00,2022-11-15 00:00:00,UNRESOLVED,NAS100_LABELLED_D1_BAR_START_DATE_ONLY,2022-11-14T00:00:00-05:00,2022-11-14T05:00:00Z,2022-11-14T13:00:00+08:00,"-1 day, 19:00:00",7993ce7dd9c9116e857b32b4a1d0c579788c73ecd882cbb1f07a6769aa89c65e
2022-11-15,2022-11-15 00:00:00,2022-11-16 00:00:00,UNRESOLVED,NAS100_LABELLED_D1_BAR_START_DATE_ONLY,2022-11-15T00:00:00-05:00,2022-11-15T05:00:00Z,2022-11-15T13:00:00+08:00,"-1 day, 19:00:00",e3309369ae4939df9951aef11e37e8a54f74e34a662e61dad6dae072cd1b960b
2022-11-16,2022-11-16 00:00:00,2022-11-17 00:00:00,UNRESOLVED,NAS100_LABELLED_D1_BAR_START_DATE_ONLY,2022-11-16T00:00:00-05:00,2022-11-16T05:00:00Z,2022-11-16T13:00:00+08:00,"-1 day, 19:00:00",e589ee8596885374a6d6e0650edfa2af587cc02005657d7046021c57c927a002
2022-11-17,2022-11-17 00:00:00,2022-11-18 00:00:00,UNRESOLVED,NAS100_LABELLED_D1_BAR_START_DATE_ONLY,2022-11-17T00:00:00-05:00,2022-11-17T05:00:00Z,2022-11-17T13:00:00+08:00,"-1 day, 19:00:00",5f44a333e260a5c618c51ed91a4abe07e680031961ee1d2ac3c27bd7b4c890e7
2022-11-18,2022-11-18 00:00:00,2022-11-19 00:00:00,UNRESOLVED,NAS100_LABELLED_D1_BAR_START_DATE_ONLY,2022-11-18T00:00:00-05:00,2022-11-18T05:00:00Z,2022-11-18T13:00:00+08:00,"-1 day, 19:00:00",1b7e00a1427c7295cbeef9020cd8184793801ac78f510cdcc31c316e3028d0c2
2022-11-21,2022-11-21 00:00:00,2022-11-22 00:00:00,UNRESOLVED,NAS100_LABELLED_D1_BAR_START_DATE_ONLY,2022-11-21T00:00:00-05:00,2022-11-21T05:00:00Z,2022-11-21T13:00:00+08:00,"-1 day, 19:00:00",417bcad6ca17b3eb80027dc80481f677056e09b5b1154c4ef7e49d1b7917772d
2022-11-22,2022-11-22 00:00:00,2022-11-23 00:00:00,UNRESOLVED,NAS100_LABELLED_D1_BAR_START_DATE_ONLY,2022-11-22T00:00:00-05:00,2022-11-22T05:00:00Z,2022-11-22T13:00:00+08:00,"-1 day, 19:00:00",f2406a76d7fdc9430eb693b4d7f47defe107415ee9d0f062b4cca4959b6b7b29
2022-11-23,2022-11-23 00:00:00,2022-11-24 00:00:00,UNRESOLVED,NAS100_LABELLED_D1_BAR_START_DATE_ONLY,2022-11-23T00:00:00-05:00,2022-11-23T05:00:00Z,2022-11-23T13:00:00+08:00,"-1 day, 19:00:00",689cde019d2942cb49477409cd50621df3294acd3fa679ddbccd0c4b7ae02bca
2022-11-24,2022-11-24 00:00:00,2022-11-25 00:00:00,UNRESOLVED,NAS100_LABELLED_D1_BAR_START_DATE_ONLY,2022-11-24T00:00:00-05:00,2022-11-24T05:00:00Z,2022-11-24T13:00:00+08:00,"-1 day, 19:00:00",7b41d96050b10b574d15c85764c89fc99fc0a4007e2e3bdb12307333f47dd6b6
2022-11-25,2022-11-25 00:00:00,2022-11-26 00:00:00,UNRESOLVED,NAS100_LABELLED_D1_BAR_START_DATE_ONLY,2022-11-25T00:00:00-05:00,2022-11-25T05:00:00Z,2022-11-25T13:00:00+08:00,"-1 day, 19:00:00",2bea8d837fad20349266048740ccb5e6617907bba2381fd00bf72741bda27cd5
2022-11-28,2022-11-28 00:00:00,2022-11-29 00:00:00,UNRESOLVED,NAS100_LABELLED_D1_BAR_START_DATE_ONLY,2022-11-28T00:00:00-05:00,2022-11-28T05:00:00Z,2022-11-28T13:00:00+08:00,"-1 day, 19:00:00",f6331a95d0610ed9352ccc68527bb9b92383b308275157c641d1d55522b1b046
2022-11-29,2022-11-29 00:00:00,2022-11-30 00:00:00,UNRESOLVED,NAS100_LABELLED_D1_BAR_START_DATE_ONLY,2022-11-29T00:00:00-05:00,2022-11-29T05:00:00Z,2022-11-29T13:00:00+08:00,"-1 day, 19:00:00",ca66a6517ffad1f0a7d8bddf8fcbdb937bcf2c1635d9b1e803d1dca8655d8a89
2022-11-30,2022-11-30 00:00:00,2022-12-01 00:00:00,UNRESOLVED,NAS100_LABELLED_D1_BAR_START_DATE_ONLY,2022-11-30T00:00:00-05:00,2022-11-30T05:00:00Z,2022-11-30T13:00:00+08:00,"-1 day, 19:00:00",577f361260f7f0ca20ca94b0d84ad64859f75f03e3247835f27aec939c806820
2022-12-01,2022-12-01 00:00:00,2022-12-02 00:00:00,UNRESOLVED,NAS100_LABELLED_D1_BAR_START_DATE_ONLY,2022-12-01T00:00:00-05:00,2022-12-01T05:00:00Z,2022-12-01T13:00:00+08:00,"-1 day, 19:00:00",9fe7834e61134c5622544b628e543a64dc1f990c5232bbf655a50658c1b42f9b
2022-12-02,2022-12-02 00:00:00,2022-12-03 00:00:00,UNRESOLVED,NAS100_LABELLED_D1_BAR_START_DATE_ONLY,2022-12-02T00:00:00-05:00,2022-12-02T05:00:00Z,2022-12-02T13:00:00+08:00,"-1 day, 19:00:00",a6e1bf75572624720cb21143514fa8e03dd01058557795b56580c03713275e97
2022-12-05,2022-12-05 00:00:00,2022-12-06 00:00:00,UNRESOLVED,NAS100_LABELLED_D1_BAR_START_DATE_ONLY,2022-12-05T00:00:00-05:00,2022-12-05T05:00:00Z,2022-12-05T13:00:00+08:00,"-1 day, 19:00:00",ab57286d030a1678fea07dfee0e24e2465d84c0c115e103a0160686848a51e03
2022-12-06,2022-12-06 00:00:00,2022-12-07 00:00:00,UNRESOLVED,NAS100_LABELLED_D1_BAR_START_DATE_ONLY,2022-12-06T00:00:00-05:00,2022-12-06T05:00:00Z,2022-12-06T13:00:00+08:00,"-1 day, 19:00:00",b4aa091edab9fcd53ce8e53813e557dd0c147b9f73f16b9be678d143bf69a103
2022-12-07,2022-12-07 00:00:00,2022-12-08 00:00:00,UNRESOLVED,NAS100_LABELLED_D1_BAR_START_DATE_ONLY,2022-12-07T00:00:00-05:00,2022-12-07T05:00:00Z,2022-12-07T13:00:00+08:00,"-1 day, 19:00:00",cb133ed79d6984513424c57c5433a95b24d98d63e90c55e00e9511d1a6198942
2022-12-08,2022-12-08 00:00:00,2022-12-09 00:00:00,UNRESOLVED,NAS100_LABELLED_D1_BAR_START_DATE_ONLY,2022-12-08T00:00:00-05:00,2022-12-08T05:00:00Z,2022-12-08T13:00:00+08:00,"-1 day, 19:00:00",5816a1e4fe999f83536eeb91f38f55162644c310f62e2cd0496d25e2fb5417b8
2022-12-09,2022-12-09 00:00:00,2022-12-10 00:00:00,UNRESOLVED,NAS100_LABELLED_D1_BAR_START_DATE_ONLY,2022-12-09T00:00:00-05:00,2022-12-09T05:00:00Z,2022-12-09T13:00:00+08:00,"-1 day, 19:00:00",b6eca78fcdf7ab22c15b6e21595207533d6af641bc24f292265035f6af203548
2022-12-12,2022-12-12 00:00:00,2022-12-13 00:00:00,UNRESOLVED,NAS100_LABELLED_D1_BAR_START_DATE_ONLY,2022-12-12T00:00:00-05:00,2022-12-12T05:00:00Z,2022-12-12T13:00:00+08:00,"-1 day, 19:00:00",1689df7b6fa288d987916a94e51a4d6677af5bf701c841441afc1794a7a7172a
2022-12-13,2022-12-13 00:00:00,2022-12-14 00:00:00,UNRESOLVED,NAS100_LABELLED_D1_BAR_START_DATE_ONLY,2022-12-13T00:00:00-05:00,2022-12-13T05:00:00Z,2022-12-13T13:00:00+08:00,"-1 day, 19:00:00",c0cd58483fe6685ddc45023c927303c48daddb861f709adeeb713e59c15c60a1
2022-12-14,2022-12-14 00:00:00,2022-12-15 00:00:00,UNRESOLVED,NAS100_LABELLED_D1_BAR_START_DATE_ONLY,2022-12-14T00:00:00-05:00,2022-12-14T05:00:00Z,2022-12-14T13:00:00+08:00,"-1 day, 19:00:00",6c9ee76e73ec67660a9e4a8c9ab4bfd377bbff884aa5a89cd3569c873bae7904
2022-12-15,2022-12-15 00:00:00,2022-12-16 00:00:00,UNRESOLVED,NAS100_LABELLED_D1_BAR_START_DATE_ONLY,2022-12-15T00:00:00-05:00,2022-12-15T05:00:00Z,2022-12-15T13:00:00+08:00,"-1 day, 19:00:00",3de7d5cce2be4b779ac21036be04e6a7796752814b8d07face1e7c8810542d5d
2022-12-16,2022-12-16 00:00:00,2022-12-17 00:00:00,UNRESOLVED,NAS100_LABELLED_D1_BAR_START_DATE_ONLY,2022-12-16T00:00:00-05:00,2022-12-16T05:00:00Z,2022-12-16T13:00:00+08:00,"-1 day, 19:00:00",dff53db90d992042c0574270b6575b9f99632baf4ac22207a28700ee92ec3c0b
2022-12-19,2022-12-19 00:00:00,2022-12-20 00:00:00,UNRESOLVED,NAS100_LABELLED_D1_BAR_START_DATE_ONLY,2022-12-19T00:00:00-05:00,2022-12-19T05:00:00Z,2022-12-19T13:00:00+08:00,"-1 day, 19:00:00",25af8d164d27a31909a114aa597249005c000974e6a28afb0cfffd983c7a25af
2022-12-20,2022-12-20 00:00:00,2022-12-21 00:00:00,UNRESOLVED,NAS100_LABELLED_D1_BAR_START_DATE_ONLY,2022-12-20T00:00:00-05:00,2022-12-20T05:00:00Z,2022-12-20T13:00:00+08:00,"-1 day, 19:00:00",200d764d96a5d32a169b99ec2d3963cf42f06d45ff61addef98ab7e5b58a3a7b
2022-12-21,2022-12-21 00:00:00,2022-12-22 00:00:00,UNRESOLVED,NAS100_LABELLED_D1_BAR_START_DATE_ONLY,2022-12-21T00:00:00-05:00,2022-12-21T05:00:00Z,2022-12-21T13:00:00+08:00,"-1 day, 19:00:00",7ed6d5d74803e615c30c4094f5d0498289ed15f0d08b0e49dcd9cd290b7e8b4b
2022-12-22,2022-12-22 00:00:00,2022-12-23 00:00:00,UNRESOLVED,NAS100_LABELLED_D1_BAR_START_DATE_ONLY,2022-12-22T00:00:00-05:00,2022-12-22T05:00:00Z,2022-12-22T13:00:00+08:00,"-1 day, 19:00:00",d8b7537268b97396ca7721ad62d0550d9bb6ba67f97d2dde672c59aa62b8bf86
2022-12-23,2022-12-23 00:00:00,2022-12-24 00:00:00,UNRESOLVED,NAS100_LABELLED_D1_BAR_START_DATE_ONLY,2022-12-23T00:00:00-05:00,2022-12-23T05:00:00Z,2022-12-23T13:00:00+08:00,"-1 day, 19:00:00",1a9eab86633d07c2bfe4308531d9c65eeaa233e4d6714bf64e09d164e8632d95
2022-12-27,2022-12-27 00:00:00,2022-12-28 00:00:00,UNRESOLVED,NAS100_LABELLED_D1_BAR_START_DATE_ONLY,2022-12-27T00:00:00-05:00,2022-12-27T05:00:00Z,2022-12-27T13:00:00+08:00,"-1 day, 19:00:00",8b1b46640d6b342b7e9140b59dd230713e8c338b134c3b0f5c6f633cccbef7fd
2022-12-28,2022-12-28 00:00:00,2022-12-29 00:00:00,UNRESOLVED,NAS100_LABELLED_D1_BAR_START_DATE_ONLY,2022-12-28T00:00:00-05:00,2022-12-28T05:00:00Z,2022-12-28T13:00:00+08:00,"-1 day, 19:00:00",5e022315639d11a856f329cf79396b17bbf8174b89923cae83730c1d530557f9
2022-12-29,2022-12-29 00:00:00,2022-12-30 00:00:00,UNRESOLVED,NAS100_LABELLED_D1_BAR_START_DATE_ONLY,2022-12-29T00:00:00-05:00,2022-12-29T05:00:00Z,2022-12-29T13:00:00+08:00,"-1 day, 19:00:00",6cc89ffa9e172670a72c27b32c39f5536c8b3c3f96158cd26a0a418f72c745f2
2022-12-30,2022-12-30 00:00:00,2022-12-31 00:00:00,UNRESOLVED,NAS100_LABELLED_D1_BAR_START_DATE_ONLY,2022-12-30T00:00:00-05:00,2022-12-30T05:00:00Z,2022-12-30T13:00:00+08:00,"-1 day, 19:00:00",703b10e3755a2a7d7b1370870b5abc4aca0e33e0b2b0ad444776ed43f05417a0
2023-01-03,2023-01-03 00:00:00,2023-01-04 00:00:00,UNRESOLVED,NAS100_LABELLED_D1_BAR_START_DATE_ONLY,2023-01-03T00:00:00-05:00,2023-01-03T05:00:00Z,2023-01-03T13:00:00+08:00,"-1 day, 19:00:00",4509c0a2f06be968250a8e70532fabd18c5b09244398a0a78ac2ae4c21d411ef
2023-01-04,2023-01-04 00:00:00,2023-01-05 00:00:00,UNRESOLVED,NAS100_LABELLED_D1_BAR_START_DATE_ONLY,2023-01-04T00:00:00-05:00,2023-01-04T05:00:00Z,2023-01-04T13:00:00+08:00,"-1 day, 19:00:00",75ac3c8476600aafad7bffd703e489f3aa4e0e47c6bd4ff50a1eb3163b91b935
2023-01-05,2023-01-05 00:00:00,2023-01-06 00:00:00,UNRESOLVED,NAS100_LABELLED_D1_BAR_START_DATE_ONLY,2023-01-05T00:00:00-05:00,2023-01-05T05:00:00Z,2023-01-05T13:00:00+08:00,"-1 day, 19:00:00",708bbc9e27ccd6d0a70bef1a06d2a495644356ddc6060f47834928d886b48573
2023-01-06,2023-01-06 00:00:00,2023-01-07 00:00:00,UNRESOLVED,NAS100_LABELLED_D1_BAR_START_DATE_ONLY,2023-01-06T00:00:00-05:00,2023-01-06T05:00:00Z,2023-01-06T13:00:00+08:00,"-1 day, 19:00:00",115ed8c3a48a61a0b0046f60ca0a78a7f3adb73b1312509dffb80f0fbff2fa85
2023-01-09,2023-01-09 00:00:00,2023-01-10 00:00:00,UNRESOLVED,NAS100_LABELLED_D1_BAR_START_DATE_ONLY,2023-01-09T00:00:00-05:00,2023-01-09T05:00:00Z,2023-01-09T13:00:00+08:00,"-1 day, 19:00:00",0c2200930e9426d3d42f68ff9246b7bd88661b844aa965492a2f11016649d414
2023-01-10,2023-01-10 00:00:00,2023-01-11 00:00:00,UNRESOLVED,NAS100_LABELLED_D1_BAR_START_DATE_ONLY,2023-01-10T00:00:00-05:00,2023-01-10T05:00:00Z,2023-01-10T13:00:00+08:00,"-1 day, 19:00:00",50c32ff635d01d6febf8c6b987b89eec1cbc81d41ae9aba4f67f8d4d24dacc6b
2023-01-11,2023-01-11 00:00:00,2023-01-12 00:00:00,UNRESOLVED,NAS100_LABELLED_D1_BAR_START_DATE_ONLY,2023-01-11T00:00:00-05:00,2023-01-11T05:00:00Z,2023-01-11T13:00:00+08:00,"-1 day, 19:00:00",f2f1de1fc6a9085b93ba9e9f6f804b044ca1a3b033edd6d09d498d666ca2923c
2023-01-12,2023-01-12 00:00:00,2023-01-13 00:00:00,UNRESOLVED,NAS100_LABELLED_D1_BAR_START_DATE_ONLY,2023-01-12T00:00:00-05:00,2023-01-12T05:00:00Z,2023-01-12T13:00:00+08:00,"-1 day, 19:00:00",3faa24fb927fa673c0b53145dde3128975785187c6237d1dc6b20036572baf20
2023-01-13,2023-01-13 00:00:00,2023-01-14 00:00:00,UNRESOLVED,NAS100_LABELLED_D1_BAR_START_DATE_ONLY,2023-01-13T00:00:00-05:00,2023-01-13T05:00:00Z,2023-01-13T13:00:00+08:00,"-1 day, 19:00:00",b464915e24e5ddf8adc4cb684e8d38cd28266c5e15947d687877de0e18a7bce7
2023-01-16,2023-01-16 00:00:00,2023-01-17 00:00:00,UNRESOLVED,NAS100_LABELLED_D1_BAR_START_DATE_ONLY,2023-01-16T00:00:00-05:00,2023-01-16T05:00:00Z,2023-01-16T13:00:00+08:00,"-1 day, 19:00:00",494ddb8e7c55dfb8be4c4e03015448d7388a8c6816a7936aeb3d899316131b0b
2023-01-17,2023-01-17 00:00:00,2023-01-18 00:00:00,UNRESOLVED,NAS100_LABELLED_D1_BAR_START_DATE_ONLY,2023-01-17T00:00:00-05:00,2023-01-17T05:00:00Z,2023-01-17T13:00:00+08:00,"-1 day, 19:00:00",2730a80a550ea0b4abfda7664905911359de23b8be84a74db49637063d141cd1
2023-01-18,2023-01-18 00:00:00,2023-01-19 00:00:00,UNRESOLVED,NAS100_LABELLED_D1_BAR_START_DATE_ONLY,2023-01-18T00:00:00-05:00,2023-01-18T05:00:00Z,2023-01-18T13:00:00+08:00,"-1 day, 19:00:00",67a92e00d657c0977a3a10c1ca0a9be454b426cbd83d7eaa026c792bece052fe
2023-01-19,2023-01-19 00:00:00,2023-01-20 00:00:00,UNRESOLVED,NAS100_LABELLED_D1_BAR_START_DATE_ONLY,2023-01-19T00:00:00-05:00,2023-01-19T05:00:00Z,2023-01-19T13:00:00+08:00,"-1 day, 19:00:00",e01b194fe51d0f545bc93da0c9fd40784a67f5855d858b4663b532ab8c5d8a62
2023-01-20,2023-01-20 00:00:00,2023-01-21 00:00:00,UNRESOLVED,NAS100_LABELLED_D1_BAR_START_DATE_ONLY,2023-01-20T00:00:00-05:00,2023-01-20T05:00:00Z,2023-01-20T13:00:00+08:00,"-1 day, 19:00:00",e12fd876b823c8651bae0c82d97c0df6fcabda2f3d8d9424e3bbff0e7202b344
2023-01-23,2023-01-23 00:00:00,2023-01-24 00:00:00,UNRESOLVED,NAS100_LABELLED_D1_BAR_START_DATE_ONLY,2023-01-23T00:00:00-05:00,2023-01-23T05:00:00Z,2023-01-23T13:00:00+08:00,"-1 day, 19:00:00",0c59e762cf5bdb1b995b4b73de0d4d4369b0b37fd2947e8335442d9e137395a4
2023-01-24,2023-01-24 00:00:00,2023-01-25 00:00:00,UNRESOLVED,NAS100_LABELLED_D1_BAR_START_DATE_ONLY,2023-01-24T00:00:00-05:00,2023-01-24T05:00:00Z,2023-01-24T13:00:00+08:00,"-1 day, 19:00:00",10e691081bfb503f3fe5ff875035ad46c711171d95376854123e553985e4d3cb
2023-01-25,2023-01-25 00:00:00,2023-01-26 00:00:00,UNRESOLVED,NAS100_LABELLED_D1_BAR_START_DATE_ONLY,2023-01-25T00:00:00-05:00,2023-01-25T05:00:00Z,2023-01-25T13:00:00+08:00,"-1 day, 19:00:00",d839e63702a91192dda3aacb583da2e4facf82e4d5810504f84f5df276ff547b
2023-01-26,2023-01-26 00:00:00,2023-01-27 00:00:00,UNRESOLVED,NAS100_LABELLED_D1_BAR_START_DATE_ONLY,2023-01-26T00:00:00-05:00,2023-01-26T05:00:00Z,2023-01-26T13:00:00+08:00,"-1 day, 19:00:00",84a6ccb6aeb2236b71100d3aec7a84752c4c0a181693b263256afd718b158b93
2023-01-27,2023-01-27 00:00:00,2023-01-28 00:00:00,UNRESOLVED,NAS100_LABELLED_D1_BAR_START_DATE_ONLY,2023-01-27T00:00:00-05:00,2023-01-27T05:00:00Z,2023-01-27T13:00:00+08:00,"-1 day, 19:00:00",09f39a3a2f0aaf29e2e51f5621f9b1a40272e735dd607f0c0bcfe1dbd05e95ef
2023-01-30,2023-01-30 00:00:00,2023-01-31 00:00:00,UNRESOLVED,NAS100_LABELLED_D1_BAR_START_DATE_ONLY,2023-01-30T00:00:00-05:00,2023-01-30T05:00:00Z,2023-01-30T13:00:00+08:00,"-1 day, 19:00:00",ba72e5e23b8dfbb795087b755b1d1165c9df048c2687e27510de6b59c716f10b
2023-01-31,2023-01-31 00:00:00,2023-02-01 00:00:00,UNRESOLVED,NAS100_LABELLED_D1_BAR_START_DATE_ONLY,2023-01-31T00:00:00-05:00,2023-01-31T05:00:00Z,2023-01-31T13:00:00+08:00,"-1 day, 19:00:00",a5cdd2c6914981bc5bcc00852793ebd8e10b6ee4635ee0dad1d1e716f04ce5f1
2023-02-01,2023-02-01 00:00:00,2023-02-02 00:00:00,UNRESOLVED,NAS100_LABELLED_D1_BAR_START_DATE_ONLY,2023-02-01T00:00:00-05:00,2023-02-01T05:00:00Z,2023-02-01T13:00:00+08:00,"-1 day, 19:00:00",16fa29690821be984cd0985d64cd7dbaf9c317f45697889aec5e1398f0dcaa8e
2023-02-02,2023-02-02 00:00:00,2023-02-03 00:00:00,UNRESOLVED,NAS100_LABELLED_D1_BAR_START_DATE_ONLY,2023-02-02T00:00:00-05:00,2023-02-02T05:00:00Z,2023-02-02T13:00:00+08:00,"-1 day, 19:00:00",7bfbfc6e84821adf7011dcec51acac9c7804a7b584eee150286f52aeed3df1c7
2023-02-03,2023-02-03 00:00:00,2023-02-04 00:00:00,UNRESOLVED,NAS100_LABELLED_D1_BAR_START_DATE_ONLY,2023-02-03T00:00:00-05:00,2023-02-03T05:00:00Z,2023-02-03T13:00:00+08:00,"-1 day, 19:00:00",0c4c6f4f363a1ec519653368a86ca2451249c305deb30b223bffc7f43c2a7c85
2023-02-06,2023-02-06 00:00:00,2023-02-07 00:00:00,UNRESOLVED,NAS100_LABELLED_D1_BAR_START_DATE_ONLY,2023-02-06T00:00:00-05:00,2023-02-06T05:00:00Z,2023-02-06T13:00:00+08:00,"-1 day, 19:00:00",cfb5f098b1c96209d30efa1a49a75edb040da43fa92db1c40a9d80f1eedf19c7
2023-02-07,2023-02-07 00:00:00,2023-02-08 00:00:00,UNRESOLVED,NAS100_LABELLED_D1_BAR_START_DATE_ONLY,2023-02-07T00:00:00-05:00,2023-02-07T05:00:00Z,2023-02-07T13:00:00+08:00,"-1 day, 19:00:00",eda2f6c8cb49b3642d456ad66817bd877e8be7d1c9d5d2842b5c9ea62c7c1055
2023-02-08,2023-02-08 00:00:00,2023-02-09 00:00:00,UNRESOLVED,NAS100_LABELLED_D1_BAR_START_DATE_ONLY,2023-02-08T00:00:00-05:00,2023-02-08T05:00:00Z,2023-02-08T13:00:00+08:00,"-1 day, 19:00:00",62ef0907d9a6304b859739dc09a5e0edba89034ea224c044e93c3c465e3963d7
2023-02-09,2023-02-09 00:00:00,2023-02-10 00:00:00,UNRESOLVED,NAS100_LABELLED_D1_BAR_START_DATE_ONLY,2023-02-09T00:00:00-05:00,2023-02-09T05:00:00Z,2023-02-09T13:00:00+08:00,"-1 day, 19:00:00",0201f6eaf16fe5d2f6f8fd0cf4e3bfb2b37132be4b047c08d3a568e44b226180
2023-02-10,2023-02-10 00:00:00,2023-02-11 00:00:00,UNRESOLVED,NAS100_LABELLED_D1_BAR_START_DATE_ONLY,2023-02-10T00:00:00-05:00,2023-02-10T05:00:00Z,2023-02-10T13:00:00+08:00,"-1 day, 19:00:00",4bf230f6ac039dabbef72977859d43202e84390f08c75544ed626dda3730eac5
2023-02-13,2023-02-13 00:00:00,2023-02-14 00:00:00,UNRESOLVED,NAS100_LABELLED_D1_BAR_START_DATE_ONLY,2023-02-13T00:00:00-05:00,2023-02-13T05:00:00Z,2023-02-13T13:00:00+08:00,"-1 day, 19:00:00",d3aee4da60c5a86377557446017fae14b4b9f8857baa821ba7bea921129275fd
2023-02-14,2023-02-14 00:00:00,2023-02-15 00:00:00,UNRESOLVED,NAS100_LABELLED_D1_BAR_START_DATE_ONLY,2023-02-14T00:00:00-05:00,2023-02-14T05:00:00Z,2023-02-14T13:00:00+08:00,"-1 day, 19:00:00",bce8004a27ea5ff7dc9239f27921fc50cbac4f8db49091ee643b69edadd42bd2
2023-02-15,2023-02-15 00:00:00,2023-02-16 00:00:00,UNRESOLVED,NAS100_LABELLED_D1_BAR_START_DATE_ONLY,2023-02-15T00:00:00-05:00,2023-02-15T05:00:00Z,2023-02-15T13:00:00+08:00,"-1 day, 19:00:00",6a81838513c27347394b65a83a551d1350301f0af6ca5c1a6dbf5e7fff287f0c
2023-02-16,2023-02-16 00:00:00,2023-02-17 00:00:00,UNRESOLVED,NAS100_LABELLED_D1_BAR_START_DATE_ONLY,2023-02-16T00:00:00-05:00,2023-02-16T05:00:00Z,2023-02-16T13:00:00+08:00,"-1 day, 19:00:00",d092e7edd82e78e8df8cabd318b3d69c359c7e724c43f458d103c6c0a63d22d2
2023-02-17,2023-02-17 00:00:00,2023-02-18 00:00:00,UNRESOLVED,NAS100_LABELLED_D1_BAR_START_DATE_ONLY,2023-02-17T00:00:00-05:00,2023-02-17T05:00:00Z,2023-02-17T13:00:00+08:00,"-1 day, 19:00:00",024e9ebb8723a46ee406793c340f13047712e1fdf7b49aa9f0dd42889a7e4031
2023-02-20,2023-02-20 00:00:00,2023-02-21 00:00:00,UNRESOLVED,NAS100_LABELLED_D1_BAR_START_DATE_ONLY,2023-02-20T00:00:00-05:00,2023-02-20T05:00:00Z,2023-02-20T13:00:00+08:00,"-1 day, 19:00:00",712245c91548e846965c21cffce5717812b4d509cb99766d4ca3939ebfc67ef6
2023-02-21,2023-02-21 00:00:00,2023-02-22 00:00:00,UNRESOLVED,NAS100_LABELLED_D1_BAR_START_DATE_ONLY,2023-02-21T00:00:00-05:00,2023-02-21T05:00:00Z,2023-02-21T13:00:00+08:00,"-1 day, 19:00:00",6a42e4fa7e661e1ceb46a5d5a2ba4ee5107cd9cf07d914487f0dc1adc42f34d0
2023-02-22,2023-02-22 00:00:00,2023-02-23 00:00:00,UNRESOLVED,NAS100_LABELLED_D1_BAR_START_DATE_ONLY,2023-02-22T00:00:00-05:00,2023-02-22T05:00:00Z,2023-02-22T13:00:00+08:00,"-1 day, 19:00:00",b25d155b5e35a7dc0d451abfd44e365ab358f5a61c5578d1c5d7505e6fdfd8f5
2023-02-23,2023-02-23 00:00:00,2023-02-24 00:00:00,UNRESOLVED,NAS100_LABELLED_D1_BAR_START_DATE_ONLY,2023-02-23T00:00:00-05:00,2023-02-23T05:00:00Z,2023-02-23T13:00:00+08:00,"-1 day, 19:00:00",43a4a80cedfa53aa7a1495416dd7f9d0d6890b473bbfd2709ac36a3e584aa38e
2023-02-24,2023-02-24 00:00:00,2023-02-25 00:00:00,UNRESOLVED,NAS100_LABELLED_D1_BAR_START_DATE_ONLY,2023-02-24T00:00:00-05:00,2023-02-24T05:00:00Z,2023-02-24T13:00:00+08:00,"-1 day, 19:00:00",252a3e825b5a2bdbc292bbb42fba5060eec2484b23bf7d65101fefcd8d244bbb
2023-02-27,2023-02-27 00:00:00,2023-02-28 00:00:00,UNRESOLVED,NAS100_LABELLED_D1_BAR_START_DATE_ONLY,2023-02-27T00:00:00-05:00,2023-02-27T05:00:00Z,2023-02-27T13:00:00+08:00,"-1 day, 19:00:00",8d0b0088096740dc5482f8a5b6ab34eb43cb6a35ee372297812f39c5c37dca6a
2023-02-28,2023-02-28 00:00:00,2023-03-01 00:00:00,UNRESOLVED,NAS100_LABELLED_D1_BAR_START_DATE_ONLY,2023-02-28T00:00:00-05:00,2023-02-28T05:00:00Z,2023-02-28T13:00:00+08:00,"-1 day, 19:00:00",7349ba6c77e7aad711ce0c83370e9d9ce2fd483a99bdd760f4ffda9ecbc19b40
2023-03-01,2023-03-01 00:00:00,2023-03-02 00:00:00,UNRESOLVED,NAS100_LABELLED_D1_BAR_START_DATE_ONLY,2023-03-01T00:00:00-05:00,2023-03-01T05:00:00Z,2023-03-01T13:00:00+08:00,"-1 day, 19:00:00",643c958b1aec5df4f784b45954b1f3ceca012b9a0a847b947917351a00907258
2023-03-02,2023-03-02 00:00:00,2023-03-03 00:00:00,UNRESOLVED,NAS100_LABELLED_D1_BAR_START_DATE_ONLY,2023-03-02T00:00:00-05:00,2023-03-02T05:00:00Z,2023-03-02T13:00:00+08:00,"-1 day, 19:00:00",ebcb17eae43a4f4b9ccaf4c8a3aff547aa42c5eea1bce3c8112894554d279eee
2023-03-03,2023-03-03 00:00:00,2023-03-04 00:00:00,UNRESOLVED,NAS100_LABELLED_D1_BAR_START_DATE_ONLY,2023-03-03T00:00:00-05:00,2023-03-03T05:00:00Z,2023-03-03T13:00:00+08:00,"-1 day, 19:00:00",681b986907e009807582a9a8661c7b09074ea058027ab238e7c431ed801bb947
2023-03-06,2023-03-06 00:00:00,2023-03-07 00:00:00,UNRESOLVED,NAS100_LABELLED_D1_BAR_START_DATE_ONLY,2023-03-06T00:00:00-05:00,2023-03-06T05:00:00Z,2023-03-06T13:00:00+08:00,"-1 day, 19:00:00",e512db42f61a27f56973e925ca9ea71af2ea0a8d0343d66b8da8d00934ea600b
2023-03-07,2023-03-07 00:00:00,2023-03-08 00:00:00,UNRESOLVED,NAS100_LABELLED_D1_BAR_START_DATE_ONLY,2023-03-07T00:00:00-05:00,2023-03-07T05:00:00Z,2023-03-07T13:00:00+08:00,"-1 day, 19:00:00",965ebe9ce68272a36d9c409cb1cb30690bbf450256e5efefb9c97b05212371a8
2023-03-08,2023-03-08 00:00:00,2023-03-09 00:00:00,UNRESOLVED,NAS100_LABELLED_D1_BAR_START_DATE_ONLY,2023-03-08T00:00:00-05:00,2023-03-08T05:00:00Z,2023-03-08T13:00:00+08:00,"-1 day, 19:00:00",b065b263e9dc9d31ddfeea7240e122811745904f5d8b81cc875dd2d98063e080
2023-03-09,2023-03-09 00:00:00,2023-03-10 00:00:00,UNRESOLVED,NAS100_LABELLED_D1_BAR_START_DATE_ONLY,2023-03-09T00:00:00-05:00,2023-03-09T05:00:00Z,2023-03-09T13:00:00+08:00,"-1 day, 19:00:00",bff70cecd7c19554c26f29bf2182cb925405c803de56d9a9d63f243944c9421d
2023-03-10,2023-03-10 00:00:00,2023-03-11 00:00:00,UNRESOLVED,NAS100_LABELLED_D1_BAR_START_DATE_ONLY,2023-03-10T00:00:00-05:00,2023-03-10T05:00:00Z,2023-03-10T13:00:00+08:00,"-1 day, 19:00:00",4ecb5e823d72ce944c5fdda0ee72a12c32e9daa41f17f60327514c5a82587973
2023-03-13,2023-03-13 00:00:00,2023-03-14 00:00:00,UNRESOLVED,NAS100_LABELLED_D1_BAR_START_DATE_ONLY,2023-03-13T00:00:00-04:00,2023-03-13T04:00:00Z,2023-03-13T12:00:00+08:00,"-1 day, 20:00:00",1f7e67d020fb642d455f9d1e63a3a37c24436aa915a38012648eba99692cab37
2023-03-14,2023-03-14 00:00:00,2023-03-15 00:00:00,UNRESOLVED,NAS100_LABELLED_D1_BAR_START_DATE_ONLY,2023-03-14T00:00:00-04:00,2023-03-14T04:00:00Z,2023-03-14T12:00:00+08:00,"-1 day, 20:00:00",d30e426579d53a55dc012f642d0d02c646d3c762acbb29040a25ca794680d10b
2023-03-15,2023-03-15 00:00:00,2023-03-16 00:00:00,UNRESOLVED,NAS100_LABELLED_D1_BAR_START_DATE_ONLY,2023-03-15T00:00:00-04:00,2023-03-15T04:00:00Z,2023-03-15T12:00:00+08:00,"-1 day, 20:00:00",dcb2a647d0a54a494ca17a0779eca928d4271643d4b11a9c4633f94e07d89362
2023-03-16,2023-03-16 00:00:00,2023-03-17 00:00:00,UNRESOLVED,NAS100_LABELLED_D1_BAR_START_DATE_ONLY,2023-03-16T00:00:00-04:00,2023-03-16T04:00:00Z,2023-03-16T12:00:00+08:00,"-1 day, 20:00:00",745cb02a2dd42850c3b0eb541de458ddfb00f138e4738d237d8532088e2519d6
2023-03-17,2023-03-17 00:00:00,2023-03-18 00:00:00,UNRESOLVED,NAS100_LABELLED_D1_BAR_START_DATE_ONLY,2023-03-17T00:00:00-04:00,2023-03-17T04:00:00Z,2023-03-17T12:00:00+08:00,"-1 day, 20:00:00",c87e5204a955ce8846f191470673d8234722d8524ed895c5b42413ecb4281a81
2023-03-20,2023-03-20 00:00:00,2023-03-21 00:00:00,UNRESOLVED,NAS100_LABELLED_D1_BAR_START_DATE_ONLY,2023-03-20T00:00:00-04:00,2023-03-20T04:00:00Z,2023-03-20T12:00:00+08:00,"-1 day, 20:00:00",a836c217a5111def549c3f0b5f537278b3bb0d926e7cbb1ca166944db0165b00
2023-03-21,2023-03-21 00:00:00,2023-03-22 00:00:00,UNRESOLVED,NAS100_LABELLED_D1_BAR_START_DATE_ONLY,2023-03-21T00:00:00-04:00,2023-03-21T04:00:00Z,2023-03-21T12:00:00+08:00,"-1 day, 20:00:00",723f0235e0545ecbbe52d385270dcf5568b7b72283e44ffc9c268da6f113dc46
2023-03-22,2023-03-22 00:00:00,2023-03-23 00:00:00,UNRESOLVED,NAS100_LABELLED_D1_BAR_START_DATE_ONLY,2023-03-22T00:00:00-04:00,2023-03-22T04:00:00Z,2023-03-22T12:00:00+08:00,"-1 day, 20:00:00",2e275b2add189d8e81cff27d253ac67108ea1d62345424f767b70fce9c1c5f79
2023-03-23,2023-03-23 00:00:00,2023-03-24 00:00:00,UNRESOLVED,NAS100_LABELLED_D1_BAR_START_DATE_ONLY,2023-03-23T00:00:00-04:00,2023-03-23T04:00:00Z,2023-03-23T12:00:00+08:00,"-1 day, 20:00:00",19bfc0e632becb3dcb3fe32db98f34ac32522a3e4a68c7699aebc3fbed950366
2023-03-24,2023-03-24 00:00:00,2023-03-25 00:00:00,UNRESOLVED,NAS100_LABELLED_D1_BAR_START_DATE_ONLY,2023-03-24T00:00:00-04:00,2023-03-24T04:00:00Z,2023-03-24T12:00:00+08:00,"-1 day, 20:00:00",a97d8bb58cbaa9a1811746280f725a71b543ce30d3f4ae11a76617d5ee6e029e
2023-03-27,2023-03-27 00:00:00,2023-03-28 00:00:00,UNRESOLVED,NAS100_LABELLED_D1_BAR_START_DATE_ONLY,2023-03-27T00:00:00-04:00,2023-03-27T04:00:00Z,2023-03-27T12:00:00+08:00,"-1 day, 20:00:00",ce390eb73147d891d6ece9dd49d2ab4bf7d9883ba15820d6673ec05699387ecf
2023-03-28,2023-03-28 00:00:00,2023-03-29 00:00:00,UNRESOLVED,NAS100_LABELLED_D1_BAR_START_DATE_ONLY,2023-03-28T00:00:00-04:00,2023-03-28T04:00:00Z,2023-03-28T12:00:00+08:00,"-1 day, 20:00:00",d5405050d38d27a8d76835ffb1e64a37d0066a99630ca7449627748716776b80
2023-03-29,2023-03-29 00:00:00,2023-03-30 00:00:00,UNRESOLVED,NAS100_LABELLED_D1_BAR_START_DATE_ONLY,2023-03-29T00:00:00-04:00,2023-03-29T04:00:00Z,2023-03-29T12:00:00+08:00,"-1 day, 20:00:00",7f39e43e460f3928622066f46234143193a6786af4bb282c64abcb03cc4cd303
2023-03-30,2023-03-30 00:00:00,2023-03-31 00:00:00,UNRESOLVED,NAS100_LABELLED_D1_BAR_START_DATE_ONLY,2023-03-30T00:00:00-04:00,2023-03-30T04:00:00Z,2023-03-30T12:00:00+08:00,"-1 day, 20:00:00",a8c43adc3925bb64476019d9aa23fec1ee92975c0ea154a4a9366bc708b3f86f
2023-03-31,2023-03-31 00:00:00,2023-04-01 00:00:00,UNRESOLVED,NAS100_LABELLED_D1_BAR_START_DATE_ONLY,2023-03-31T00:00:00-04:00,2023-03-31T04:00:00Z,2023-03-31T12:00:00+08:00,"-1 day, 20:00:00",58e8018ae0de9a4704e749b273f3d0f877f0eef80a6f706a4b303a6c09f343ad
2023-04-03,2023-04-03 00:00:00,2023-04-04 00:00:00,UNRESOLVED,NAS100_LABELLED_D1_BAR_START_DATE_ONLY,2023-04-03T00:00:00-04:00,2023-04-03T04:00:00Z,2023-04-03T12:00:00+08:00,"-1 day, 20:00:00",4e3bb6fe6009e1a86d2c72152c34ad8063093839f5d95dbc408dc9d0e0192ccd
2023-04-04,2023-04-04 00:00:00,2023-04-05 00:00:00,UNRESOLVED,NAS100_LABELLED_D1_BAR_START_DATE_ONLY,2023-04-04T00:00:00-04:00,2023-04-04T04:00:00Z,2023-04-04T12:00:00+08:00,"-1 day, 20:00:00",dc3ee014e1ddca4377ab725ff12efa01295b28c6226101b6218fbdbaf688b365
2023-04-05,2023-04-05 00:00:00,2023-04-06 00:00:00,UNRESOLVED,NAS100_LABELLED_D1_BAR_START_DATE_ONLY,2023-04-05T00:00:00-04:00,2023-04-05T04:00:00Z,2023-04-05T12:00:00+08:00,"-1 day, 20:00:00",a23c05c92692b056451ede07f05fe37ae33e28b88d975befc3ef5369732eb2e3
2023-04-06,2023-04-06 00:00:00,2023-04-07 00:00:00,UNRESOLVED,NAS100_LABELLED_D1_BAR_START_DATE_ONLY,2023-04-06T00:00:00-04:00,2023-04-06T04:00:00Z,2023-04-06T12:00:00+08:00,"-1 day, 20:00:00",7eee1fd870a90eddba219df3caf020cee508cad512cfdf7ed7d031c482b15aad
2023-04-07,2023-04-07 00:00:00,2023-04-08 00:00:00,UNRESOLVED,NAS100_LABELLED_D1_BAR_START_DATE_ONLY,2023-04-07T00:00:00-04:00,2023-04-07T04:00:00Z,2023-04-07T12:00:00+08:00,"-1 day, 20:00:00",9b1001ab62ae17b4fb5eb69ec5a7a903f662752b4e4a4a4edcd0d452c0dcc0a6
2023-04-10,2023-04-10 00:00:00,2023-04-11 00:00:00,UNRESOLVED,NAS100_LABELLED_D1_BAR_START_DATE_ONLY,2023-04-10T00:00:00-04:00,2023-04-10T04:00:00Z,2023-04-10T12:00:00+08:00,"-1 day, 20:00:00",702260a00e3643b88d6da93642036b0cc00ae20b611934950259ff078deacc43
2023-04-11,2023-04-11 00:00:00,2023-04-12 00:00:00,UNRESOLVED,NAS100_LABELLED_D1_BAR_START_DATE_ONLY,2023-04-11T00:00:00-04:00,2023-04-11T04:00:00Z,2023-04-11T12:00:00+08:00,"-1 day, 20:00:00",b864877aa6156a0d7dd4618a6cf8611786cd8938cf6b17d24d39b8adab81cb78
2023-04-12,2023-04-12 00:00:00,2023-04-13 00:00:00,UNRESOLVED,NAS100_LABELLED_D1_BAR_START_DATE_ONLY,2023-04-12T00:00:00-04:00,2023-04-12T04:00:00Z,2023-04-12T12:00:00+08:00,"-1 day, 20:00:00",8fb532a9f3b6d0a1602295de063a76c8b453d7f3af4bdc3e8c93482e8da81316
2023-04-13,2023-04-13 00:00:00,2023-04-14 00:00:00,UNRESOLVED,NAS100_LABELLED_D1_BAR_START_DATE_ONLY,2023-04-13T00:00:00-04:00,2023-04-13T04:00:00Z,2023-04-13T12:00:00+08:00,"-1 day, 20:00:00",c2e49daaf79c59ac04058dcad5e9b50b9da471dc3a30250cb802df943697682c
2023-04-14,2023-04-14 00:00:00,2023-04-15 00:00:00,UNRESOLVED,NAS100_LABELLED_D1_BAR_START_DATE_ONLY,2023-04-14T00:00:00-04:00,2023-04-14T04:00:00Z,2023-04-14T12:00:00+08:00,"-1 day, 20:00:00",1c59558be7812c3c59c65603217ff6896382168bd9a526d364118cfe11b5a2d4
2023-04-17,2023-04-17 00:00:00,2023-04-18 00:00:00,UNRESOLVED,NAS100_LABELLED_D1_BAR_START_DATE_ONLY,2023-04-17T00:00:00-04:00,2023-04-17T04:00:00Z,2023-04-17T12:00:00+08:00,"-1 day, 20:00:00",6d762bd1f3ee73e7400964acc1f1f44d40926e7c3c20f783df8473e56968f7ad
2023-04-18,2023-04-18 00:00:00,2023-04-19 00:00:00,UNRESOLVED,NAS100_LABELLED_D1_BAR_START_DATE_ONLY,2023-04-18T00:00:00-04:00,2023-04-18T04:00:00Z,2023-04-18T12:00:00+08:00,"-1 day, 20:00:00",17a58dcad16d0b648db68776abc27df910bffde28453458513c9c087fdc58bda
2023-04-19,2023-04-19 00:00:00,2023-04-20 00:00:00,UNRESOLVED,NAS100_LABELLED_D1_BAR_START_DATE_ONLY,2023-04-19T00:00:00-04:00,2023-04-19T04:00:00Z,2023-04-19T12:00:00+08:00,"-1 day, 20:00:00",0f0589182f036ca3e5812be9ec41177c54d5abe2700fe3ffb723ac75791846d2
2023-04-20,2023-04-20 00:00:00,2023-04-21 00:00:00,UNRESOLVED,NAS100_LABELLED_D1_BAR_START_DATE_ONLY,2023-04-20T00:00:00-04:00,2023-04-20T04:00:00Z,2023-04-20T12:00:00+08:00,"-1 day, 20:00:00",00e8091d124f3f1876369c30ee5a07d957c5d09d4d8199638fd892f55ba1c20c
2023-04-21,2023-04-21 00:00:00,2023-04-22 00:00:00,UNRESOLVED,NAS100_LABELLED_D1_BAR_START_DATE_ONLY,2023-04-21T00:00:00-04:00,2023-04-21T04:00:00Z,2023-04-21T12:00:00+08:00,"-1 day, 20:00:00",fe81f49bf6e2d74ca766ff8b04b83bf6cf5160e8b92df183ed030511493508cc
2023-04-24,2023-04-24 00:00:00,2023-04-25 00:00:00,UNRESOLVED,NAS100_LABELLED_D1_BAR_START_DATE_ONLY,2023-04-24T00:00:00-04:00,2023-04-24T04:00:00Z,2023-04-24T12:00:00+08:00,"-1 day, 20:00:00",8b8807f9394366cadb8e2ba207c5b6caacf1ab46fc79751903b1c94dcaf0fc97
2023-04-25,2023-04-25 00:00:00,2023-04-26 00:00:00,UNRESOLVED,NAS100_LABELLED_D1_BAR_START_DATE_ONLY,2023-04-25T00:00:00-04:00,2023-04-25T04:00:00Z,2023-04-25T12:00:00+08:00,"-1 day, 20:00:00",728dbbe08911e0b508290378ebbf1d3397199f94f0fd44b4332d9e68c739cb27
2023-04-26,2023-04-26 00:00:00,2023-04-27 00:00:00,UNRESOLVED,NAS100_LABELLED_D1_BAR_START_DATE_ONLY,2023-04-26T00:00:00-04:00,2023-04-26T04:00:00Z,2023-04-26T12:00:00+08:00,"-1 day, 20:00:00",e73b694dc84c5d077d852412404b6203f9bd1ab6bf46b6e139c745db1d1710c0
2023-04-27,2023-04-27 00:00:00,2023-04-28 00:00:00,UNRESOLVED,NAS100_LABELLED_D1_BAR_START_DATE_ONLY,2023-04-27T00:00:00-04:00,2023-04-27T04:00:00Z,2023-04-27T12:00:00+08:00,"-1 day, 20:00:00",02a5c891c85694848a0234f9df2161ea3f4390148e192a6fd6fd0a27e3ec72b9
2023-04-28,2023-04-28 00:00:00,2023-04-29 00:00:00,UNRESOLVED,NAS100_LABELLED_D1_BAR_START_DATE_ONLY,2023-04-28T00:00:00-04:00,2023-04-28T04:00:00Z,2023-04-28T12:00:00+08:00,"-1 day, 20:00:00",822c0b6523121767f1c4dff57f46bda298d414fcb8de2fb0279b6dc15eb28dcd
2023-05-01,2023-05-01 00:00:00,2023-05-02 00:00:00,UNRESOLVED,NAS100_LABELLED_D1_BAR_START_DATE_ONLY,2023-05-01T00:00:00-04:00,2023-05-01T04:00:00Z,2023-05-01T12:00:00+08:00,"-1 day, 20:00:00",e02d69497a0f9b9d420c642f9240c11a1a24d69a306cfd06e3d34bbf309f2aa9
2023-05-02,2023-05-02 00:00:00,2023-05-03 00:00:00,UNRESOLVED,NAS100_LABELLED_D1_BAR_START_DATE_ONLY,2023-05-02T00:00:00-04:00,2023-05-02T04:00:00Z,2023-05-02T12:00:00+08:00,"-1 day, 20:00:00",204420537f3385169fcbd7587aa7eb7b138d32bb0daefbf3d36b098af99224e2
2023-05-03,2023-05-03 00:00:00,2023-05-04 00:00:00,UNRESOLVED,NAS100_LABELLED_D1_BAR_START_DATE_ONLY,2023-05-03T00:00:00-04:00,2023-05-03T04:00:00Z,2023-05-03T12:00:00+08:00,"-1 day, 20:00:00",789906a0d7747d5710fb9be7c15365feb56ee264b47ddb1d94851a42122aee13
2023-05-04,2023-05-04 00:00:00,2023-05-05 00:00:00,UNRESOLVED,NAS100_LABELLED_D1_BAR_START_DATE_ONLY,2023-05-04T00:00:00-04:00,2023-05-04T04:00:00Z,2023-05-04T12:00:00+08:00,"-1 day, 20:00:00",8f3ae6de1861745e9d5812cff342f5820be7818ff2a6190ab28f906b458b4c37
2023-05-05,2023-05-05 00:00:00,2023-05-06 00:00:00,UNRESOLVED,NAS100_LABELLED_D1_BAR_START_DATE_ONLY,2023-05-05T00:00:00-04:00,2023-05-05T04:00:00Z,2023-05-05T12:00:00+08:00,"-1 day, 20:00:00",efa6a7819e67b46fd3c941a7aac67bde10ff4e3a51a33636da48dc4afed8935b
2023-05-08,2023-05-08 00:00:00,2023-05-09 00:00:00,UNRESOLVED,NAS100_LABELLED_D1_BAR_START_DATE_ONLY,2023-05-08T00:00:00-04:00,2023-05-08T04:00:00Z,2023-05-08T12:00:00+08:00,"-1 day, 20:00:00",5177a5192512bdf2d92302e4cfc88657d48b3387e96341c8b27a59d730636423
2023-05-09,2023-05-09 00:00:00,2023-05-10 00:00:00,UNRESOLVED,NAS100_LABELLED_D1_BAR_START_DATE_ONLY,2023-05-09T00:00:00-04:00,2023-05-09T04:00:00Z,2023-05-09T12:00:00+08:00,"-1 day, 20:00:00",4243023e2381843483a718f47a6f21a008df4b3ba9c9ad9f8afd63665ab3088c
2023-05-10,2023-05-10 00:00:00,2023-05-11 00:00:00,UNRESOLVED,NAS100_LABELLED_D1_BAR_START_DATE_ONLY,2023-05-10T00:00:00-04:00,2023-05-10T04:00:00Z,2023-05-10T12:00:00+08:00,"-1 day, 20:00:00",74b5c7f664f1ea0bbd658b216da7bba2894f75da1322f616fb0ca10a8dafb9cc
2023-05-11,2023-05-11 00:00:00,2023-05-12 00:00:00,UNRESOLVED,NAS100_LABELLED_D1_BAR_START_DATE_ONLY,2023-05-11T00:00:00-04:00,2023-05-11T04:00:00Z,2023-05-11T12:00:00+08:00,"-1 day, 20:00:00",b14c8a65e0b603329108b388485d1a9dc3bb5bb90f34bfa1f8f9640c2d9c7940
2023-05-12,2023-05-12 00:00:00,2023-05-13 00:00:00,UNRESOLVED,NAS100_LABELLED_D1_BAR_START_DATE_ONLY,2023-05-12T00:00:00-04:00,2023-05-12T04:00:00Z,2023-05-12T12:00:00+08:00,"-1 day, 20:00:00",c95b352a93e760fd3ff4d4594422a28e39434f466a83a0d01313936ff74430aa
2023-05-15,2023-05-15 00:00:00,2023-05-16 00:00:00,UNRESOLVED,NAS100_LABELLED_D1_BAR_START_DATE_ONLY,2023-05-15T00:00:00-04:00,2023-05-15T04:00:00Z,2023-05-15T12:00:00+08:00,"-1 day, 20:00:00",c3ef176f05d615ec2f04ea01754bc0c31727a6585d4eb9481536a0a4a633e09f
2023-05-16,2023-05-16 00:00:00,2023-05-17 00:00:00,UNRESOLVED,NAS100_LABELLED_D1_BAR_START_DATE_ONLY,2023-05-16T00:00:00-04:00,2023-05-16T04:00:00Z,2023-05-16T12:00:00+08:00,"-1 day, 20:00:00",f611b312560df3d89b4f1e50335b4d219df86b4dd18e70d04398d8561f367f82
2023-05-17,2023-05-17 00:00:00,2023-05-18 00:00:00,UNRESOLVED,NAS100_LABELLED_D1_BAR_START_DATE_ONLY,2023-05-17T00:00:00-04:00,2023-05-17T04:00:00Z,2023-05-17T12:00:00+08:00,"-1 day, 20:00:00",14b1a34b6fa92c9ec238a7bdc17f8df4fe62160a7fc83ffc1d214350e52d35f6
2023-05-18,2023-05-18 00:00:00,2023-05-19 00:00:00,UNRESOLVED,NAS100_LABELLED_D1_BAR_START_DATE_ONLY,2023-05-18T00:00:00-04:00,2023-05-18T04:00:00Z,2023-05-18T12:00:00+08:00,"-1 day, 20:00:00",e431d725c8c4c81e19bd8100f78372fac03afae932f9c75551b72dc5bbeea2e2
2023-05-19,2023-05-19 00:00:00,2023-05-20 00:00:00,UNRESOLVED,NAS100_LABELLED_D1_BAR_START_DATE_ONLY,2023-05-19T00:00:00-04:00,2023-05-19T04:00:00Z,2023-05-19T12:00:00+08:00,"-1 day, 20:00:00",0e410f9e20f4a184c27506df59ad4769b041d592dde802d77d6df7c250bfcdc4
2023-05-22,2023-05-22 00:00:00,2023-05-23 00:00:00,UNRESOLVED,NAS100_LABELLED_D1_BAR_START_DATE_ONLY,2023-05-22T00:00:00-04:00,2023-05-22T04:00:00Z,2023-05-22T12:00:00+08:00,"-1 day, 20:00:00",210244d942b7dbadbc926ae5ad5419a745b4b33b8a804f70119decb0caca8b2f
2023-05-23,2023-05-23 00:00:00,2023-05-24 00:00:00,UNRESOLVED,NAS100_LABELLED_D1_BAR_START_DATE_ONLY,2023-05-23T00:00:00-04:00,2023-05-23T04:00:00Z,2023-05-23T12:00:00+08:00,"-1 day, 20:00:00",e4a77971b7707951429906a312637c2ebbd9149c16658a8ee5873ea6e25ccdb2
2023-05-24,2023-05-24 00:00:00,2023-05-25 00:00:00,UNRESOLVED,NAS100_LABELLED_D1_BAR_START_DATE_ONLY,2023-05-24T00:00:00-04:00,2023-05-24T04:00:00Z,2023-05-24T12:00:00+08:00,"-1 day, 20:00:00",9d077b5ab2c7b487115cc850a47ff777f2933b591d1af647c7e8cda08ebaaeec
2023-05-25,2023-05-25 00:00:00,2023-05-26 00:00:00,UNRESOLVED,NAS100_LABELLED_D1_BAR_START_DATE_ONLY,2023-05-25T00:00:00-04:00,2023-05-25T04:00:00Z,2023-05-25T12:00:00+08:00,"-1 day, 20:00:00",0c5fa7a907026333ca8e9f3eb1a599f3e242a123738956e508df480ce3b06a4e
2023-05-26,2023-05-26 00:00:00,2023-05-27 00:00:00,UNRESOLVED,NAS100_LABELLED_D1_BAR_START_DATE_ONLY,2023-05-26T00:00:00-04:00,2023-05-26T04:00:00Z,2023-05-26T12:00:00+08:00,"-1 day, 20:00:00",0b8ce83499e59e1b324d6cf696726e9d480dc1977ef1e38b7d166db96ed558ee
2023-05-29,2023-05-29 00:00:00,2023-05-30 00:00:00,UNRESOLVED,NAS100_LABELLED_D1_BAR_START_DATE_ONLY,2023-05-29T00:00:00-04:00,2023-05-29T04:00:00Z,2023-05-29T12:00:00+08:00,"-1 day, 20:00:00",170b8ebefcadbc7505487e01ae93b344efb39cf61008278d0d777e521be627d1
2023-05-30,2023-05-30 00:00:00,2023-05-31 00:00:00,UNRESOLVED,NAS100_LABELLED_D1_BAR_START_DATE_ONLY,2023-05-30T00:00:00-04:00,2023-05-30T04:00:00Z,2023-05-30T12:00:00+08:00,"-1 day, 20:00:00",d1b7ae82854aa5b5341f66b7ca844e8e7ab556770174b8ed0f9ca4b1d0c80280
2023-05-31,2023-05-31 00:00:00,2023-06-01 00:00:00,UNRESOLVED,NAS100_LABELLED_D1_BAR_START_DATE_ONLY,2023-05-31T00:00:00-04:00,2023-05-31T04:00:00Z,2023-05-31T12:00:00+08:00,"-1 day, 20:00:00",e392843f3670f122cad92e375e6cb0c79ce8b692ab7cf48d7adb995e12f6ca89
2023-06-01,2023-06-01 00:00:00,2023-06-02 00:00:00,UNRESOLVED,NAS100_LABELLED_D1_BAR_START_DATE_ONLY,2023-06-01T00:00:00-04:00,2023-06-01T04:00:00Z,2023-06-01T12:00:00+08:00,"-1 day, 20:00:00",45603877164087b7ba1e152f839814d70a5d671c80018d44ef89de88f9c765f6
2023-06-02,2023-06-02 00:00:00,2023-06-03 00:00:00,UNRESOLVED,NAS100_LABELLED_D1_BAR_START_DATE_ONLY,2023-06-02T00:00:00-04:00,2023-06-02T04:00:00Z,2023-06-02T12:00:00+08:00,"-1 day, 20:00:00",bb146afa5b812d7795ed73467217fd9fe86270320980733272b3a28cf432cc45
2023-06-05,2023-06-05 00:00:00,2023-06-06 00:00:00,UNRESOLVED,NAS100_LABELLED_D1_BAR_START_DATE_ONLY,2023-06-05T00:00:00-04:00,2023-06-05T04:00:00Z,2023-06-05T12:00:00+08:00,"-1 day, 20:00:00",527efba4258c3bb364bb95f98259d02498064d3cc464a5ad9a06614c324d65d4
2023-06-06,2023-06-06 00:00:00,2023-06-07 00:00:00,UNRESOLVED,NAS100_LABELLED_D1_BAR_START_DATE_ONLY,2023-06-06T00:00:00-04:00,2023-06-06T04:00:00Z,2023-06-06T12:00:00+08:00,"-1 day, 20:00:00",6491b8242080b83e10b5e31ff8ed27f38d3853bd7c15a993cd9c693c746b9b9a
2023-06-07,2023-06-07 00:00:00,2023-06-08 00:00:00,UNRESOLVED,NAS100_LABELLED_D1_BAR_START_DATE_ONLY,2023-06-07T00:00:00-04:00,2023-06-07T04:00:00Z,2023-06-07T12:00:00+08:00,"-1 day, 20:00:00",977044179006fd745b2b98bcb505016a772094a21347004fc77f88da5a9908e0
2023-06-08,2023-06-08 00:00:00,2023-06-09 00:00:00,UNRESOLVED,NAS100_LABELLED_D1_BAR_START_DATE_ONLY,2023-06-08T00:00:00-04:00,2023-06-08T04:00:00Z,2023-06-08T12:00:00+08:00,"-1 day, 20:00:00",fdf660f11789f8ac78d19866f2bb790de4e9862067c8a5f7379f85c528e70c9b
2023-06-09,2023-06-09 00:00:00,2023-06-10 00:00:00,UNRESOLVED,NAS100_LABELLED_D1_BAR_START_DATE_ONLY,2023-06-09T00:00:00-04:00,2023-06-09T04:00:00Z,2023-06-09T12:00:00+08:00,"-1 day, 20:00:00",0884f31469f14fa0c8722d7b6e35af6f50b68d080c9e6925208c6269054454a1
2023-06-12,2023-06-12 00:00:00,2023-06-13 00:00:00,UNRESOLVED,NAS100_LABELLED_D1_BAR_START_DATE_ONLY,2023-06-12T00:00:00-04:00,2023-06-12T04:00:00Z,2023-06-12T12:00:00+08:00,"-1 day, 20:00:00",44aa397073f9efa02ef83d7ab66d9a0c5931a1f1a6fcf39720c67326e33b298c
2023-06-13,2023-06-13 00:00:00,2023-06-14 00:00:00,UNRESOLVED,NAS100_LABELLED_D1_BAR_START_DATE_ONLY,2023-06-13T00:00:00-04:00,2023-06-13T04:00:00Z,2023-06-13T12:00:00+08:00,"-1 day, 20:00:00",b032b2bc544ff7ab4f570b479d87f29640d91c1b20bea76b876b5c339f85d1f4
2023-06-14,2023-06-14 00:00:00,2023-06-15 00:00:00,UNRESOLVED,NAS100_LABELLED_D1_BAR_START_DATE_ONLY,2023-06-14T00:00:00-04:00,2023-06-14T04:00:00Z,2023-06-14T12:00:00+08:00,"-1 day, 20:00:00",fc88dd4d12ad4cdfe0df9e2af516b1deeba9d971f00ea2358496187158671452
2023-06-15,2023-06-15 00:00:00,2023-06-16 00:00:00,UNRESOLVED,NAS100_LABELLED_D1_BAR_START_DATE_ONLY,2023-06-15T00:00:00-04:00,2023-06-15T04:00:00Z,2023-06-15T12:00:00+08:00,"-1 day, 20:00:00",6903ff2f2d807a89deabb11cb69ca04a1816dd750c2c90e888bc26092640cb75
2023-06-16,2023-06-16 00:00:00,2023-06-17 00:00:00,UNRESOLVED,NAS100_LABELLED_D1_BAR_START_DATE_ONLY,2023-06-16T00:00:00-04:00,2023-06-16T04:00:00Z,2023-06-16T12:00:00+08:00,"-1 day, 20:00:00",ec32dc87dc7287d60bd392e4df0b7cc3c5c16b1037bff0f69b63488596efbffe
2023-06-19,2023-06-19 00:00:00,2023-06-20 00:00:00,UNRESOLVED,NAS100_LABELLED_D1_BAR_START_DATE_ONLY,2023-06-19T00:00:00-04:00,2023-06-19T04:00:00Z,2023-06-19T12:00:00+08:00,"-1 day, 20:00:00",ebf1defa0776d525ed37aea325b34e732788508143bae0646c0d2a597e108bf9
2023-06-20,2023-06-20 00:00:00,2023-06-21 00:00:00,UNRESOLVED,NAS100_LABELLED_D1_BAR_START_DATE_ONLY,2023-06-20T00:00:00-04:00,2023-06-20T04:00:00Z,2023-06-20T12:00:00+08:00,"-1 day, 20:00:00",399931622e98da26159853f72067b4a5a5cae9b2637e8570242e4f566640e0f6
2023-06-21,2023-06-21 00:00:00,2023-06-22 00:00:00,UNRESOLVED,NAS100_LABELLED_D1_BAR_START_DATE_ONLY,2023-06-21T00:00:00-04:00,2023-06-21T04:00:00Z,2023-06-21T12:00:00+08:00,"-1 day, 20:00:00",c01fb2ae97e2e10e7ca40b0232730babf7ebea4cc56a13174190f85e9c9d3561
2023-06-22,2023-06-22 00:00:00,2023-06-23 00:00:00,UNRESOLVED,NAS100_LABELLED_D1_BAR_START_DATE_ONLY,2023-06-22T00:00:00-04:00,2023-06-22T04:00:00Z,2023-06-22T12:00:00+08:00,"-1 day, 20:00:00",9db71d78f5050c83119a0f13c6a5c34b2e719c11b60909be28e1e6df7b1a13e5
2023-06-23,2023-06-23 00:00:00,2023-06-24 00:00:00,UNRESOLVED,NAS100_LABELLED_D1_BAR_START_DATE_ONLY,2023-06-23T00:00:00-04:00,2023-06-23T04:00:00Z,2023-06-23T12:00:00+08:00,"-1 day, 20:00:00",1f9752166f8ecbbad6af67a9de6c2d8333a510c0d028926975e05ce6b3f63acf
2023-06-26,2023-06-26 00:00:00,2023-06-27 00:00:00,UNRESOLVED,NAS100_LABELLED_D1_BAR_START_DATE_ONLY,2023-06-26T00:00:00-04:00,2023-06-26T04:00:00Z,2023-06-26T12:00:00+08:00,"-1 day, 20:00:00",48371da23d71619356f7f9f4883e40e55fc1eade4bab00df76371e65a2f162ca
2023-06-27,2023-06-27 00:00:00,2023-06-28 00:00:00,UNRESOLVED,NAS100_LABELLED_D1_BAR_START_DATE_ONLY,2023-06-27T00:00:00-04:00,2023-06-27T04:00:00Z,2023-06-27T12:00:00+08:00,"-1 day, 20:00:00",dd2b931383f38122ecc5619c3c7929827418739d7b68befaeb863f12b86ebc4a
2023-06-28,2023-06-28 00:00:00,2023-06-29 00:00:00,UNRESOLVED,NAS100_LABELLED_D1_BAR_START_DATE_ONLY,2023-06-28T00:00:00-04:00,2023-06-28T04:00:00Z,2023-06-28T12:00:00+08:00,"-1 day, 20:00:00",52e7097bb562efe00fa43c90877f0a24257b849840793f33e9a940ad634718d4
2023-06-29,2023-06-29 00:00:00,2023-06-30 00:00:00,UNRESOLVED,NAS100_LABELLED_D1_BAR_START_DATE_ONLY,2023-06-29T00:00:00-04:00,2023-06-29T04:00:00Z,2023-06-29T12:00:00+08:00,"-1 day, 20:00:00",8fb6653b012e850193193738ed3c967d1b52733b3032674a880c516727ffb73a
2023-06-30,2023-06-30 00:00:00,2023-07-01 00:00:00,UNRESOLVED,NAS100_LABELLED_D1_BAR_START_DATE_ONLY,2023-06-30T00:00:00-04:00,2023-06-30T04:00:00Z,2023-06-30T12:00:00+08:00,"-1 day, 20:00:00",ed4c5b1b1ae55ce482acdbe11cbccdca57b06db5d80ffdce7bee074cdbe3c17d
2023-07-03,2023-07-03 00:00:00,2023-07-04 00:00:00,UNRESOLVED,NAS100_LABELLED_D1_BAR_START_DATE_ONLY,2023-07-03T00:00:00-04:00,2023-07-03T04:00:00Z,2023-07-03T12:00:00+08:00,"-1 day, 20:00:00",f219230d577c1ce5ed1ae1dd3b58645d981c8a93f5b92d28b7a9af42a2e4bd5d
2023-07-04,2023-07-04 00:00:00,2023-07-05 00:00:00,UNRESOLVED,NAS100_LABELLED_D1_BAR_START_DATE_ONLY,2023-07-04T00:00:00-04:00,2023-07-04T04:00:00Z,2023-07-04T12:00:00+08:00,"-1 day, 20:00:00",4df19ab70dc092cb3ad5594851841f471d29d518e279a77d1c4ddff9810aebf3
2023-07-05,2023-07-05 00:00:00,2023-07-06 00:00:00,UNRESOLVED,NAS100_LABELLED_D1_BAR_START_DATE_ONLY,2023-07-05T00:00:00-04:00,2023-07-05T04:00:00Z,2023-07-05T12:00:00+08:00,"-1 day, 20:00:00",79a36c7adff0ec3ad162f5868adacad1323c8db0ccfd206105ace241683a9180
2023-07-06,2023-07-06 00:00:00,2023-07-07 00:00:00,UNRESOLVED,NAS100_LABELLED_D1_BAR_START_DATE_ONLY,2023-07-06T00:00:00-04:00,2023-07-06T04:00:00Z,2023-07-06T12:00:00+08:00,"-1 day, 20:00:00",456d58b8edc5b5c79fad061949f29301d496ab6a61aea698f0f4e43f75ad2523
2023-07-07,2023-07-07 00:00:00,2023-07-08 00:00:00,UNRESOLVED,NAS100_LABELLED_D1_BAR_START_DATE_ONLY,2023-07-07T00:00:00-04:00,2023-07-07T04:00:00Z,2023-07-07T12:00:00+08:00,"-1 day, 20:00:00",8375df523cbd981cbec217be0315192991dc019de2264535bbd8643c37292f46
2023-07-10,2023-07-10 00:00:00,2023-07-11 00:00:00,UNRESOLVED,NAS100_LABELLED_D1_BAR_START_DATE_ONLY,2023-07-10T00:00:00-04:00,2023-07-10T04:00:00Z,2023-07-10T12:00:00+08:00,"-1 day, 20:00:00",7c9f17b1554410a0143f088fe209198c10100582feb722de5d776054c4feecb5
2023-07-11,2023-07-11 00:00:00,2023-07-12 00:00:00,UNRESOLVED,NAS100_LABELLED_D1_BAR_START_DATE_ONLY,2023-07-11T00:00:00-04:00,2023-07-11T04:00:00Z,2023-07-11T12:00:00+08:00,"-1 day, 20:00:00",acddba51dafdfbeb7e4cd5528a2233843a110470fbcb7f4418fad30608f9c24c
2023-07-12,2023-07-12 00:00:00,2023-07-13 00:00:00,UNRESOLVED,NAS100_LABELLED_D1_BAR_START_DATE_ONLY,2023-07-12T00:00:00-04:00,2023-07-12T04:00:00Z,2023-07-12T12:00:00+08:00,"-1 day, 20:00:00",708c2740dc43d4d16b46b0b1af42ddd3c4679d949161d5837108d41a4398f9a8
2023-07-13,2023-07-13 00:00:00,2023-07-14 00:00:00,UNRESOLVED,NAS100_LABELLED_D1_BAR_START_DATE_ONLY,2023-07-13T00:00:00-04:00,2023-07-13T04:00:00Z,2023-07-13T12:00:00+08:00,"-1 day, 20:00:00",e4271e247d76b37b5529da5c7f1a5ebcffba4eed03c34ab2be63836745aadeff
2023-07-14,2023-07-14 00:00:00,2023-07-15 00:00:00,UNRESOLVED,NAS100_LABELLED_D1_BAR_START_DATE_ONLY,2023-07-14T00:00:00-04:00,2023-07-14T04:00:00Z,2023-07-14T12:00:00+08:00,"-1 day, 20:00:00",e869d5a1d937eaa408e0cef6e81f6372ae3dcb2cf254e63e8134871dd07f8a9d
2023-07-17,2023-07-17 00:00:00,2023-07-18 00:00:00,UNRESOLVED,NAS100_LABELLED_D1_BAR_START_DATE_ONLY,2023-07-17T00:00:00-04:00,2023-07-17T04:00:00Z,2023-07-17T12:00:00+08:00,"-1 day, 20:00:00",a8412bb93f8652be3474b5bf56425ffcb24367b491c4e6f5336ce9f8f6b860a9
2023-07-18,2023-07-18 00:00:00,2023-07-19 00:00:00,UNRESOLVED,NAS100_LABELLED_D1_BAR_START_DATE_ONLY,2023-07-18T00:00:00-04:00,2023-07-18T04:00:00Z,2023-07-18T12:00:00+08:00,"-1 day, 20:00:00",df712f5f7f745c9451a4205aee5f56694bfc8df3992b0291602a323c7cc910cf
2023-07-19,2023-07-19 00:00:00,2023-07-20 00:00:00,UNRESOLVED,NAS100_LABELLED_D1_BAR_START_DATE_ONLY,2023-07-19T00:00:00-04:00,2023-07-19T04:00:00Z,2023-07-19T12:00:00+08:00,"-1 day, 20:00:00",72468aa32391aeba4c5cd697c4cd084054172208f8ced10b0213ccdb4a69d0a7
2023-07-20,2023-07-20 00:00:00,2023-07-21 00:00:00,UNRESOLVED,NAS100_LABELLED_D1_BAR_START_DATE_ONLY,2023-07-20T00:00:00-04:00,2023-07-20T04:00:00Z,2023-07-20T12:00:00+08:00,"-1 day, 20:00:00",3fe7e882460eb016990b5a5bf9bce8196167935d53d09186fbfb01c87f07f2c0
2023-07-21,2023-07-21 00:00:00,2023-07-22 00:00:00,UNRESOLVED,NAS100_LABELLED_D1_BAR_START_DATE_ONLY,2023-07-21T00:00:00-04:00,2023-07-21T04:00:00Z,2023-07-21T12:00:00+08:00,"-1 day, 20:00:00",e64930822e85c01b889586284d539c613ca16d004da9875aa0dea8e98a3a72ed
2023-07-24,2023-07-24 00:00:00,2023-07-25 00:00:00,UNRESOLVED,NAS100_LABELLED_D1_BAR_START_DATE_ONLY,2023-07-24T00:00:00-04:00,2023-07-24T04:00:00Z,2023-07-24T12:00:00+08:00,"-1 day, 20:00:00",fd7f73b0b2a048e4c39dc6544a2c191f6ef4d2eb6a064ea4d193f2d7d4e3da84
2023-07-25,2023-07-25 00:00:00,2023-07-26 00:00:00,UNRESOLVED,NAS100_LABELLED_D1_BAR_START_DATE_ONLY,2023-07-25T00:00:00-04:00,2023-07-25T04:00:00Z,2023-07-25T12:00:00+08:00,"-1 day, 20:00:00",30f2dc7ab589c9a581b6a86211fed8691f6846e87bae33ba28d82c993fe4ce05
2023-07-26,2023-07-26 00:00:00,2023-07-27 00:00:00,UNRESOLVED,NAS100_LABELLED_D1_BAR_START_DATE_ONLY,2023-07-26T00:00:00-04:00,2023-07-26T04:00:00Z,2023-07-26T12:00:00+08:00,"-1 day, 20:00:00",e62477af6287cc807b31ba1e7ac66c7d22676a1f7b6a22bbd3bc4184ca263a69
2023-07-27,2023-07-27 00:00:00,2023-07-28 00:00:00,UNRESOLVED,NAS100_LABELLED_D1_BAR_START_DATE_ONLY,2023-07-27T00:00:00-04:00,2023-07-27T04:00:00Z,2023-07-27T12:00:00+08:00,"-1 day, 20:00:00",e745392b82096633a356890b004a1462dd76466f56e28fb6e274471ee1e669e5
2023-07-28,2023-07-28 00:00:00,2023-07-29 00:00:00,UNRESOLVED,NAS100_LABELLED_D1_BAR_START_DATE_ONLY,2023-07-28T00:00:00-04:00,2023-07-28T04:00:00Z,2023-07-28T12:00:00+08:00,"-1 day, 20:00:00",3cb6eb9e49311145d403111bbf770cd8a5b487fa4519c7f4dea1248bb1306015
2023-07-31,2023-07-31 00:00:00,2023-08-01 00:00:00,UNRESOLVED,NAS100_LABELLED_D1_BAR_START_DATE_ONLY,2023-07-31T00:00:00-04:00,2023-07-31T04:00:00Z,2023-07-31T12:00:00+08:00,"-1 day, 20:00:00",7babb96be309c02a464975851fc9568a67e69e69af44441cc0b0d280c4c8d526
2023-08-01,2023-08-01 00:00:00,2023-08-02 00:00:00,UNRESOLVED,NAS100_LABELLED_D1_BAR_START_DATE_ONLY,2023-08-01T00:00:00-04:00,2023-08-01T04:00:00Z,2023-08-01T12:00:00+08:00,"-1 day, 20:00:00",05fb2888df447c47b2ae98e28153413599439fb93b86fd54fc710d68cb22e876
2023-08-02,2023-08-02 00:00:00,2023-08-03 00:00:00,UNRESOLVED,NAS100_LABELLED_D1_BAR_START_DATE_ONLY,2023-08-02T00:00:00-04:00,2023-08-02T04:00:00Z,2023-08-02T12:00:00+08:00,"-1 day, 20:00:00",144fbb450d42476bdab7421aebcb1b14e3c369fc135ea83f166b5307bd34b748
2023-08-03,2023-08-03 00:00:00,2023-08-04 00:00:00,UNRESOLVED,NAS100_LABELLED_D1_BAR_START_DATE_ONLY,2023-08-03T00:00:00-04:00,2023-08-03T04:00:00Z,2023-08-03T12:00:00+08:00,"-1 day, 20:00:00",6586d24005c84cf97c272674a166438a40e9f94ece8a4b7bfec5b419fc662292
2023-08-04,2023-08-04 00:00:00,2023-08-05 00:00:00,UNRESOLVED,NAS100_LABELLED_D1_BAR_START_DATE_ONLY,2023-08-04T00:00:00-04:00,2023-08-04T04:00:00Z,2023-08-04T12:00:00+08:00,"-1 day, 20:00:00",f489a21ee7315a4f34bfb65a8872ba99f1bbdf9418ac5679e225e6c0117859e2
2023-08-07,2023-08-07 00:00:00,2023-08-08 00:00:00,UNRESOLVED,NAS100_LABELLED_D1_BAR_START_DATE_ONLY,2023-08-07T00:00:00-04:00,2023-08-07T04:00:00Z,2023-08-07T12:00:00+08:00,"-1 day, 20:00:00",5c3d3d66466ddaf772237caded3f31fd9a55f902430eb908fead8d58f87b81e6
2023-08-08,2023-08-08 00:00:00,2023-08-09 00:00:00,UNRESOLVED,NAS100_LABELLED_D1_BAR_START_DATE_ONLY,2023-08-08T00:00:00-04:00,2023-08-08T04:00:00Z,2023-08-08T12:00:00+08:00,"-1 day, 20:00:00",d5909b00df8d24730002ade65fb0e9ef5a8877c6b2a65cfa001e7e28d4bd598a
2023-08-09,2023-08-09 00:00:00,2023-08-10 00:00:00,UNRESOLVED,NAS100_LABELLED_D1_BAR_START_DATE_ONLY,2023-08-09T00:00:00-04:00,2023-08-09T04:00:00Z,2023-08-09T12:00:00+08:00,"-1 day, 20:00:00",518bca6812902a663ae7c92dbdff607d0b10ecdffb4f2d371a41732551936468
2023-08-10,2023-08-10 00:00:00,2023-08-11 00:00:00,UNRESOLVED,NAS100_LABELLED_D1_BAR_START_DATE_ONLY,2023-08-10T00:00:00-04:00,2023-08-10T04:00:00Z,2023-08-10T12:00:00+08:00,"-1 day, 20:00:00",7398d2c889f30a6aa696da9d546de6f78d37025f640ee9ad2f7ed60536fc6838
2023-08-11,2023-08-11 00:00:00,2023-08-12 00:00:00,UNRESOLVED,NAS100_LABELLED_D1_BAR_START_DATE_ONLY,2023-08-11T00:00:00-04:00,2023-08-11T04:00:00Z,2023-08-11T12:00:00+08:00,"-1 day, 20:00:00",14cdb5fc90f0ceba47e72adf06dbb0d38b9184284bdb12ec7e66fda40dd26b79
2023-08-14,2023-08-14 00:00:00,2023-08-15 00:00:00,UNRESOLVED,NAS100_LABELLED_D1_BAR_START_DATE_ONLY,2023-08-14T00:00:00-04:00,2023-08-14T04:00:00Z,2023-08-14T12:00:00+08:00,"-1 day, 20:00:00",d76c736b50dc22de8ee40ea09a6b6086ba0673cf1e434b779cea6f459aa1f4f8
2023-08-15,2023-08-15 00:00:00,2023-08-16 00:00:00,UNRESOLVED,NAS100_LABELLED_D1_BAR_START_DATE_ONLY,2023-08-15T00:00:00-04:00,2023-08-15T04:00:00Z,2023-08-15T12:00:00+08:00,"-1 day, 20:00:00",b76c810a696258c910146e03dc2ee5aca98d9a0fe77526261a47e63f2678bb90
2023-08-16,2023-08-16 00:00:00,2023-08-17 00:00:00,UNRESOLVED,NAS100_LABELLED_D1_BAR_START_DATE_ONLY,2023-08-16T00:00:00-04:00,2023-08-16T04:00:00Z,2023-08-16T12:00:00+08:00,"-1 day, 20:00:00",3cc768ce2840b4c895d84d90874ab40984c954e627324ae0d806854661b5c6bb
2023-08-17,2023-08-17 00:00:00,2023-08-18 00:00:00,UNRESOLVED,NAS100_LABELLED_D1_BAR_START_DATE_ONLY,2023-08-17T00:00:00-04:00,2023-08-17T04:00:00Z,2023-08-17T12:00:00+08:00,"-1 day, 20:00:00",d3a052b9dcbedb16bd57962ddc6a8d04f4784a78cdb9570901cb77c97644ca2a
2023-08-18,2023-08-18 00:00:00,2023-08-19 00:00:00,UNRESOLVED,NAS100_LABELLED_D1_BAR_START_DATE_ONLY,2023-08-18T00:00:00-04:00,2023-08-18T04:00:00Z,2023-08-18T12:00:00+08:00,"-1 day, 20:00:00",fb70346b98cf8b4ec0abfda90d123da20c2b766da491ae06d324b3a7dcce855b
2023-08-21,2023-08-21 00:00:00,2023-08-22 00:00:00,UNRESOLVED,NAS100_LABELLED_D1_BAR_START_DATE_ONLY,2023-08-21T00:00:00-04:00,2023-08-21T04:00:00Z,2023-08-21T12:00:00+08:00,"-1 day, 20:00:00",9e5b5dad296ab6774913da1a583848f9603ec8bc0d4f49a0a618832e66050fbc
2023-08-22,2023-08-22 00:00:00,2023-08-23 00:00:00,UNRESOLVED,NAS100_LABELLED_D1_BAR_START_DATE_ONLY,2023-08-22T00:00:00-04:00,2023-08-22T04:00:00Z,2023-08-22T12:00:00+08:00,"-1 day, 20:00:00",6633786e45872290827993cb83107efa144b2b1eb14ab2b33806edcf4c0e1705
2023-08-23,2023-08-23 00:00:00,2023-08-24 00:00:00,UNRESOLVED,NAS100_LABELLED_D1_BAR_START_DATE_ONLY,2023-08-23T00:00:00-04:00,2023-08-23T04:00:00Z,2023-08-23T12:00:00+08:00,"-1 day, 20:00:00",e99bd0d5f295d9fe667020b8f1de3afeaf549d79b190a0abc10b8094dbd21677
2023-08-24,2023-08-24 00:00:00,2023-08-25 00:00:00,UNRESOLVED,NAS100_LABELLED_D1_BAR_START_DATE_ONLY,2023-08-24T00:00:00-04:00,2023-08-24T04:00:00Z,2023-08-24T12:00:00+08:00,"-1 day, 20:00:00",2d7199a4d7d53c942782862ee196cb6c7de84c135411123a556b1e2e0f27baaa
2023-08-25,2023-08-25 00:00:00,2023-08-26 00:00:00,UNRESOLVED,NAS100_LABELLED_D1_BAR_START_DATE_ONLY,2023-08-25T00:00:00-04:00,2023-08-25T04:00:00Z,2023-08-25T12:00:00+08:00,"-1 day, 20:00:00",c55496df94cd723ede4ae6d000a7c3b0bb4d9f295af3663acaaa0122aff7e5d2
2023-08-28,2023-08-28 00:00:00,2023-08-29 00:00:00,UNRESOLVED,NAS100_LABELLED_D1_BAR_START_DATE_ONLY,2023-08-28T00:00:00-04:00,2023-08-28T04:00:00Z,2023-08-28T12:00:00+08:00,"-1 day, 20:00:00",26b7ec371d2dd0921c0fc033011e315d0a87402c3d070b77514732f519fb899a
2023-08-29,2023-08-29 00:00:00,2023-08-30 00:00:00,UNRESOLVED,NAS100_LABELLED_D1_BAR_START_DATE_ONLY,2023-08-29T00:00:00-04:00,2023-08-29T04:00:00Z,2023-08-29T12:00:00+08:00,"-1 day, 20:00:00",2d49dcf52f05b177f38012e4d047824c113d58c1ea977129c4e42ee1e619b848
2023-08-30,2023-08-30 00:00:00,2023-08-31 00:00:00,UNRESOLVED,NAS100_LABELLED_D1_BAR_START_DATE_ONLY,2023-08-30T00:00:00-04:00,2023-08-30T04:00:00Z,2023-08-30T12:00:00+08:00,"-1 day, 20:00:00",b285cce9772c571b170c4ce74aad620de027f94a3c86eb5a85d18dca807850f3
2023-08-31,2023-08-31 00:00:00,2023-09-01 00:00:00,UNRESOLVED,NAS100_LABELLED_D1_BAR_START_DATE_ONLY,2023-08-31T00:00:00-04:00,2023-08-31T04:00:00Z,2023-08-31T12:00:00+08:00,"-1 day, 20:00:00",1321f3a0237d995d6544c35148416ef46a783f570e3ab2a3f70048a24aaf0cc1
2023-09-01,2023-09-01 00:00:00,2023-09-02 00:00:00,UNRESOLVED,NAS100_LABELLED_D1_BAR_START_DATE_ONLY,2023-09-01T00:00:00-04:00,2023-09-01T04:00:00Z,2023-09-01T12:00:00+08:00,"-1 day, 20:00:00",fe23aaa8fe3ac683d6dcf9e6206b8adadd5435bf4e052bb16c16ee6afc15ca17
2023-09-04,2023-09-04 00:00:00,2023-09-05 00:00:00,UNRESOLVED,NAS100_LABELLED_D1_BAR_START_DATE_ONLY,2023-09-04T00:00:00-04:00,2023-09-04T04:00:00Z,2023-09-04T12:00:00+08:00,"-1 day, 20:00:00",a447e840d28e786f47ca09103138a787ee547ad2c07b53a223513b7ba27f65d7
2023-09-05,2023-09-05 00:00:00,2023-09-06 00:00:00,UNRESOLVED,NAS100_LABELLED_D1_BAR_START_DATE_ONLY,2023-09-05T00:00:00-04:00,2023-09-05T04:00:00Z,2023-09-05T12:00:00+08:00,"-1 day, 20:00:00",ff215e892ec7fb989354ab76176381d8860528e6b4e7608d942e01e64ff44594
2023-09-06,2023-09-06 00:00:00,2023-09-07 00:00:00,UNRESOLVED,NAS100_LABELLED_D1_BAR_START_DATE_ONLY,2023-09-06T00:00:00-04:00,2023-09-06T04:00:00Z,2023-09-06T12:00:00+08:00,"-1 day, 20:00:00",22d436dedbd4cc2598ec1d84cbd8f3190991fb3eb15d235f2c02edcfdf4d4642
2023-09-07,2023-09-07 00:00:00,2023-09-08 00:00:00,UNRESOLVED,NAS100_LABELLED_D1_BAR_START_DATE_ONLY,2023-09-07T00:00:00-04:00,2023-09-07T04:00:00Z,2023-09-07T12:00:00+08:00,"-1 day, 20:00:00",bc73cf3074863093c7b5c29241261783d0c38f4da40b322de24cb74cd174fbb2
2023-09-08,2023-09-08 00:00:00,2023-09-09 00:00:00,UNRESOLVED,NAS100_LABELLED_D1_BAR_START_DATE_ONLY,2023-09-08T00:00:00-04:00,2023-09-08T04:00:00Z,2023-09-08T12:00:00+08:00,"-1 day, 20:00:00",a6f642543a9243322f06e02c13cfe4656276beb43ebcd11dfd5bf31f0cfd00d3
2023-09-11,2023-09-11 00:00:00,2023-09-12 00:00:00,UNRESOLVED,NAS100_LABELLED_D1_BAR_START_DATE_ONLY,2023-09-11T00:00:00-04:00,2023-09-11T04:00:00Z,2023-09-11T12:00:00+08:00,"-1 day, 20:00:00",0a83a9f63f9827a403e232034682dee0520cf045e35b18f1597fe468d7446719
2023-09-12,2023-09-12 00:00:00,2023-09-13 00:00:00,UNRESOLVED,NAS100_LABELLED_D1_BAR_START_DATE_ONLY,2023-09-12T00:00:00-04:00,2023-09-12T04:00:00Z,2023-09-12T12:00:00+08:00,"-1 day, 20:00:00",d74899b5f9ad065555a25baef9d5db97c7df3188260cbb1911d2f3d2bda7f822
2023-09-13,2023-09-13 00:00:00,2023-09-14 00:00:00,UNRESOLVED,NAS100_LABELLED_D1_BAR_START_DATE_ONLY,2023-09-13T00:00:00-04:00,2023-09-13T04:00:00Z,2023-09-13T12:00:00+08:00,"-1 day, 20:00:00",f7fd30c2176e71a6540121d8864620a999fdb736b82d6d419378690bfbb0c9ca
2023-09-14,2023-09-14 00:00:00,2023-09-15 00:00:00,UNRESOLVED,NAS100_LABELLED_D1_BAR_START_DATE_ONLY,2023-09-14T00:00:00-04:00,2023-09-14T04:00:00Z,2023-09-14T12:00:00+08:00,"-1 day, 20:00:00",1a37ae8ec4acf87876551cf11906274ce05cbdbe0592a79ba7d86d4105c8db52
2023-09-15,2023-09-15 00:00:00,2023-09-16 00:00:00,UNRESOLVED,NAS100_LABELLED_D1_BAR_START_DATE_ONLY,2023-09-15T00:00:00-04:00,2023-09-15T04:00:00Z,2023-09-15T12:00:00+08:00,"-1 day, 20:00:00",38a31d80e078ace50f54ec5a2cfcda8b9ce1bb54ec3a4e3070937cc99ce0632f
2023-09-18,2023-09-18 00:00:00,2023-09-19 00:00:00,UNRESOLVED,NAS100_LABELLED_D1_BAR_START_DATE_ONLY,2023-09-18T00:00:00-04:00,2023-09-18T04:00:00Z,2023-09-18T12:00:00+08:00,"-1 day, 20:00:00",6a024db0ced0c7885b8194a28ab165b6432fea782f1ac78dca4be56ed92f47f8
2023-09-19,2023-09-19 00:00:00,2023-09-20 00:00:00,UNRESOLVED,NAS100_LABELLED_D1_BAR_START_DATE_ONLY,2023-09-19T00:00:00-04:00,2023-09-19T04:00:00Z,2023-09-19T12:00:00+08:00,"-1 day, 20:00:00",657979276b664c7d767e5cae8079737dd4c69255604b76825f77c3a6041e7ded
2023-09-20,2023-09-20 00:00:00,2023-09-21 00:00:00,UNRESOLVED,NAS100_LABELLED_D1_BAR_START_DATE_ONLY,2023-09-20T00:00:00-04:00,2023-09-20T04:00:00Z,2023-09-20T12:00:00+08:00,"-1 day, 20:00:00",9ad1c3ed97e4354af2bbcdadd749a4eb9a5cc6d7134d45a52b76161b3ef3ad86
2023-09-21,2023-09-21 00:00:00,2023-09-22 00:00:00,UNRESOLVED,NAS100_LABELLED_D1_BAR_START_DATE_ONLY,2023-09-21T00:00:00-04:00,2023-09-21T04:00:00Z,2023-09-21T12:00:00+08:00,"-1 day, 20:00:00",097eba08c2efb6d32775d74f4e1aa2838bd1dde961b01517010e08aeb09856df
2023-09-22,2023-09-22 00:00:00,2023-09-23 00:00:00,UNRESOLVED,NAS100_LABELLED_D1_BAR_START_DATE_ONLY,2023-09-22T00:00:00-04:00,2023-09-22T04:00:00Z,2023-09-22T12:00:00+08:00,"-1 day, 20:00:00",9f4103e370cd2112c738440a3c81bd4b4a0ad67e250b53b4f1ca4ae5c4cbbb87
2023-09-25,2023-09-25 00:00:00,2023-09-26 00:00:00,UNRESOLVED,NAS100_LABELLED_D1_BAR_START_DATE_ONLY,2023-09-25T00:00:00-04:00,2023-09-25T04:00:00Z,2023-09-25T12:00:00+08:00,"-1 day, 20:00:00",f80e439efb03a03dc3375505c0c63a986fd3b38f87308ee209ed0ca93f63b86d
2023-09-26,2023-09-26 00:00:00,2023-09-27 00:00:00,UNRESOLVED,NAS100_LABELLED_D1_BAR_START_DATE_ONLY,2023-09-26T00:00:00-04:00,2023-09-26T04:00:00Z,2023-09-26T12:00:00+08:00,"-1 day, 20:00:00",555f5697fcbc4328eeac14b23ef560805a683ba85c6085bea3865069cbf0c06f
2023-09-27,2023-09-27 00:00:00,2023-09-28 00:00:00,UNRESOLVED,NAS100_LABELLED_D1_BAR_START_DATE_ONLY,2023-09-27T00:00:00-04:00,2023-09-27T04:00:00Z,2023-09-27T12:00:00+08:00,"-1 day, 20:00:00",1ec41d74987d4c51dbfaf84ffef48beb022022ef473090ef676c5a3a1010d58d
2023-09-28,2023-09-28 00:00:00,2023-09-29 00:00:00,UNRESOLVED,NAS100_LABELLED_D1_BAR_START_DATE_ONLY,2023-09-28T00:00:00-04:00,2023-09-28T04:00:00Z,2023-09-28T12:00:00+08:00,"-1 day, 20:00:00",8378e2421c168f2ffe0badb2fcd4e2a69641b87e79c96e13f277ced33ab37307
2023-09-29,2023-09-29 00:00:00,2023-09-30 00:00:00,UNRESOLVED,NAS100_LABELLED_D1_BAR_START_DATE_ONLY,2023-09-29T00:00:00-04:00,2023-09-29T04:00:00Z,2023-09-29T12:00:00+08:00,"-1 day, 20:00:00",f79a120eeb80676d57e7a1e0fdfa9068d261c8ba41d55c99973bf0208ada7371
2023-10-02,2023-10-02 00:00:00,2023-10-03 00:00:00,UNRESOLVED,NAS100_LABELLED_D1_BAR_START_DATE_ONLY,2023-10-02T00:00:00-04:00,2023-10-02T04:00:00Z,2023-10-02T12:00:00+08:00,"-1 day, 20:00:00",5671fb965d2b8eb41d0db84594374d95a5fa64abc74087ce969e316e43b85394
2023-10-03,2023-10-03 00:00:00,2023-10-04 00:00:00,UNRESOLVED,NAS100_LABELLED_D1_BAR_START_DATE_ONLY,2023-10-03T00:00:00-04:00,2023-10-03T04:00:00Z,2023-10-03T12:00:00+08:00,"-1 day, 20:00:00",781d0746dec65e9c67a51e6bedfff1a7999247fc37ac0d6f0d34eb0fb1f3e55c
2023-10-04,2023-10-04 00:00:00,2023-10-05 00:00:00,UNRESOLVED,NAS100_LABELLED_D1_BAR_START_DATE_ONLY,2023-10-04T00:00:00-04:00,2023-10-04T04:00:00Z,2023-10-04T12:00:00+08:00,"-1 day, 20:00:00",e0952ca011d10e75d0bfcddcdd757018ef04919615e38247d7895f6c72a109c0
2023-10-05,2023-10-05 00:00:00,2023-10-06 00:00:00,UNRESOLVED,NAS100_LABELLED_D1_BAR_START_DATE_ONLY,2023-10-05T00:00:00-04:00,2023-10-05T04:00:00Z,2023-10-05T12:00:00+08:00,"-1 day, 20:00:00",502f11dca7a8e0d62c91d88344ab57f2d77aa5fa0b3af89d9326371702b9f53d
2023-10-06,2023-10-06 00:00:00,2023-10-07 00:00:00,UNRESOLVED,NAS100_LABELLED_D1_BAR_START_DATE_ONLY,2023-10-06T00:00:00-04:00,2023-10-06T04:00:00Z,2023-10-06T12:00:00+08:00,"-1 day, 20:00:00",663b0f32bdd4d695018362f692fea44d253ae27620b8c4a39b7e76b23f7bffac
2023-10-09,2023-10-09 00:00:00,2023-10-10 00:00:00,UNRESOLVED,NAS100_LABELLED_D1_BAR_START_DATE_ONLY,2023-10-09T00:00:00-04:00,2023-10-09T04:00:00Z,2023-10-09T12:00:00+08:00,"-1 day, 20:00:00",97fdeb9b316740243e43c0dc140f58573add3e7f24d7fcfb476294b006879fba
2023-10-10,2023-10-10 00:00:00,2023-10-11 00:00:00,UNRESOLVED,NAS100_LABELLED_D1_BAR_START_DATE_ONLY,2023-10-10T00:00:00-04:00,2023-10-10T04:00:00Z,2023-10-10T12:00:00+08:00,"-1 day, 20:00:00",80b8fddf3bdf18e544b8d2f597bd2b368ff62bdfd6abaaa987584993e8e5cb99
2023-10-11,2023-10-11 00:00:00,2023-10-12 00:00:00,UNRESOLVED,NAS100_LABELLED_D1_BAR_START_DATE_ONLY,2023-10-11T00:00:00-04:00,2023-10-11T04:00:00Z,2023-10-11T12:00:00+08:00,"-1 day, 20:00:00",6080f2edc942718e73951035436e1f7ab8d784dfea1a7ba20dc37b67663ae79c
2023-10-12,2023-10-12 00:00:00,2023-10-13 00:00:00,UNRESOLVED,NAS100_LABELLED_D1_BAR_START_DATE_ONLY,2023-10-12T00:00:00-04:00,2023-10-12T04:00:00Z,2023-10-12T12:00:00+08:00,"-1 day, 20:00:00",6f13a3b97170c4be8f9a7468176862b28615f08bc15b63dbe4df182df35d9a73
2023-10-13,2023-10-13 00:00:00,2023-10-14 00:00:00,UNRESOLVED,NAS100_LABELLED_D1_BAR_START_DATE_ONLY,2023-10-13T00:00:00-04:00,2023-10-13T04:00:00Z,2023-10-13T12:00:00+08:00,"-1 day, 20:00:00",ff59f227ebc6a856f2f4fc95d5ee3e12069c2f2f72841bcadb324cfc1c692037
2023-10-16,2023-10-16 00:00:00,2023-10-17 00:00:00,UNRESOLVED,NAS100_LABELLED_D1_BAR_START_DATE_ONLY,2023-10-16T00:00:00-04:00,2023-10-16T04:00:00Z,2023-10-16T12:00:00+08:00,"-1 day, 20:00:00",1aee9c7e668ea929221f12c0b0c18d138a5804e8ccb4f3cdfec31c7609449f16
2023-10-17,2023-10-17 00:00:00,2023-10-18 00:00:00,UNRESOLVED,NAS100_LABELLED_D1_BAR_START_DATE_ONLY,2023-10-17T00:00:00-04:00,2023-10-17T04:00:00Z,2023-10-17T12:00:00+08:00,"-1 day, 20:00:00",8208211a3a8537d9be53889220170ed757bf757b5f7fc4b10127cc0ddf859319
2023-10-18,2023-10-18 00:00:00,2023-10-19 00:00:00,UNRESOLVED,NAS100_LABELLED_D1_BAR_START_DATE_ONLY,2023-10-18T00:00:00-04:00,2023-10-18T04:00:00Z,2023-10-18T12:00:00+08:00,"-1 day, 20:00:00",d3c356dbd59b31714d2c1d8a07216a95e4194e8f8ff3158826f93f4bff48ad62
2023-10-19,2023-10-19 00:00:00,2023-10-20 00:00:00,UNRESOLVED,NAS100_LABELLED_D1_BAR_START_DATE_ONLY,2023-10-19T00:00:00-04:00,2023-10-19T04:00:00Z,2023-10-19T12:00:00+08:00,"-1 day, 20:00:00",c6b699cd89ed1233a27943c97d2f85f63a49b45cf216f4ba435b29062fc5f9ce
2023-10-20,2023-10-20 00:00:00,2023-10-21 00:00:00,UNRESOLVED,NAS100_LABELLED_D1_BAR_START_DATE_ONLY,2023-10-20T00:00:00-04:00,2023-10-20T04:00:00Z,2023-10-20T12:00:00+08:00,"-1 day, 20:00:00",ffa00b58753440b8d86442de9def7d9f3089bb93edf35a3d7326dcf239e9a2b3
2023-10-23,2023-10-23 00:00:00,2023-10-24 00:00:00,UNRESOLVED,NAS100_LABELLED_D1_BAR_START_DATE_ONLY,2023-10-23T00:00:00-04:00,2023-10-23T04:00:00Z,2023-10-23T12:00:00+08:00,"-1 day, 20:00:00",6de5de7bf093ac608071d9b7eb8d881bd18610fe640c1fa5284c9b3e3a3506b7
2023-10-24,2023-10-24 00:00:00,2023-10-25 00:00:00,UNRESOLVED,NAS100_LABELLED_D1_BAR_START_DATE_ONLY,2023-10-24T00:00:00-04:00,2023-10-24T04:00:00Z,2023-10-24T12:00:00+08:00,"-1 day, 20:00:00",cdcd618c0d4658ff9a061508da73012e1aa2d47990d4b04eb5535f7f216b2eaf
2023-10-25,2023-10-25 00:00:00,2023-10-26 00:00:00,UNRESOLVED,NAS100_LABELLED_D1_BAR_START_DATE_ONLY,2023-10-25T00:00:00-04:00,2023-10-25T04:00:00Z,2023-10-25T12:00:00+08:00,"-1 day, 20:00:00",fb7b8e6c3e3e7a158a0d0eb03cb2890a9d0d56e40a21c60135443b9df1cd08ba
2023-10-26,2023-10-26 00:00:00,2023-10-27 00:00:00,UNRESOLVED,NAS100_LABELLED_D1_BAR_START_DATE_ONLY,2023-10-26T00:00:00-04:00,2023-10-26T04:00:00Z,2023-10-26T12:00:00+08:00,"-1 day, 20:00:00",e88146eb93187c73d75f6fa5ef4fe0e4fa7e53487ed76cae1862837082c9afee
2023-10-27,2023-10-27 00:00:00,2023-10-28 00:00:00,UNRESOLVED,NAS100_LABELLED_D1_BAR_START_DATE_ONLY,2023-10-27T00:00:00-04:00,2023-10-27T04:00:00Z,2023-10-27T12:00:00+08:00,"-1 day, 20:00:00",63355f2a0c90648f8058722ff090f0b9d8e8487b6cbd5081bbeffc807b239562
2023-10-30,2023-10-30 00:00:00,2023-10-31 00:00:00,UNRESOLVED,NAS100_LABELLED_D1_BAR_START_DATE_ONLY,2023-10-30T00:00:00-04:00,2023-10-30T04:00:00Z,2023-10-30T12:00:00+08:00,"-1 day, 20:00:00",674124e2ba9a63878b6dde672ff65ccd2503e160f8af840a4635b0e4bab8cb40
2023-10-31,2023-10-31 00:00:00,2023-11-01 00:00:00,UNRESOLVED,NAS100_LABELLED_D1_BAR_START_DATE_ONLY,2023-10-31T00:00:00-04:00,2023-10-31T04:00:00Z,2023-10-31T12:00:00+08:00,"-1 day, 20:00:00",bf2c47294c4b9b3c4210310c1a6b9fe177307d45d11d173619f672222460b6e6
2023-11-01,2023-11-01 00:00:00,2023-11-02 00:00:00,UNRESOLVED,NAS100_LABELLED_D1_BAR_START_DATE_ONLY,2023-11-01T00:00:00-04:00,2023-11-01T04:00:00Z,2023-11-01T12:00:00+08:00,"-1 day, 20:00:00",214d01b61d3bf439892499c5288437b5bee6699b805bff64ac385d2bb2d461b1
2023-11-02,2023-11-02 00:00:00,2023-11-03 00:00:00,UNRESOLVED,NAS100_LABELLED_D1_BAR_START_DATE_ONLY,2023-11-02T00:00:00-04:00,2023-11-02T04:00:00Z,2023-11-02T12:00:00+08:00,"-1 day, 20:00:00",7bd4e42e37187d9c1b71179281555ec233f299a79a0f13e836454695daaeb239
2023-11-03,2023-11-03 00:00:00,2023-11-04 00:00:00,UNRESOLVED,NAS100_LABELLED_D1_BAR_START_DATE_ONLY,2023-11-03T00:00:00-04:00,2023-11-03T04:00:00Z,2023-11-03T12:00:00+08:00,"-1 day, 20:00:00",1a063c2bc4a34e8ca01e496a9a2457c5e78f003020cecc578c4917dd306c2256
2023-11-06,2023-11-06 00:00:00,2023-11-07 00:00:00,UNRESOLVED,NAS100_LABELLED_D1_BAR_START_DATE_ONLY,2023-11-06T00:00:00-05:00,2023-11-06T05:00:00Z,2023-11-06T13:00:00+08:00,"-1 day, 19:00:00",ad6e347f6dd8887eefc51d58156ec7f0c735a696d5a5d91109528f288c0e1685
2023-11-07,2023-11-07 00:00:00,2023-11-08 00:00:00,UNRESOLVED,NAS100_LABELLED_D1_BAR_START_DATE_ONLY,2023-11-07T00:00:00-05:00,2023-11-07T05:00:00Z,2023-11-07T13:00:00+08:00,"-1 day, 19:00:00",3deb38ce021055c36864ff4459329d8576afd2a3aa060160ca42ceb29926e619
2023-11-08,2023-11-08 00:00:00,2023-11-09 00:00:00,UNRESOLVED,NAS100_LABELLED_D1_BAR_START_DATE_ONLY,2023-11-08T00:00:00-05:00,2023-11-08T05:00:00Z,2023-11-08T13:00:00+08:00,"-1 day, 19:00:00",ba8bc6740981b4a43ded95126cd77d92cfedbf9e15ad68d8d49a0cf750bc6516
2023-11-09,2023-11-09 00:00:00,2023-11-10 00:00:00,UNRESOLVED,NAS100_LABELLED_D1_BAR_START_DATE_ONLY,2023-11-09T00:00:00-05:00,2023-11-09T05:00:00Z,2023-11-09T13:00:00+08:00,"-1 day, 19:00:00",5edf6257958b905af5e15be8885b3e5c96b6e52c938f678a1fd55f8b404cc376
2023-11-10,2023-11-10 00:00:00,2023-11-11 00:00:00,UNRESOLVED,NAS100_LABELLED_D1_BAR_START_DATE_ONLY,2023-11-10T00:00:00-05:00,2023-11-10T05:00:00Z,2023-11-10T13:00:00+08:00,"-1 day, 19:00:00",49098c31a32b8cc078f95650a8d755162bb4a91580803c461063b6dcb8ae3aee
2023-11-13,2023-11-13 00:00:00,2023-11-14 00:00:00,UNRESOLVED,NAS100_LABELLED_D1_BAR_START_DATE_ONLY,2023-11-13T00:00:00-05:00,2023-11-13T05:00:00Z,2023-11-13T13:00:00+08:00,"-1 day, 19:00:00",c5d801255c315b183273db24b98cf8dfb52c045690a72e890f5f769cd073277e
2023-11-14,2023-11-14 00:00:00,2023-11-15 00:00:00,UNRESOLVED,NAS100_LABELLED_D1_BAR_START_DATE_ONLY,2023-11-14T00:00:00-05:00,2023-11-14T05:00:00Z,2023-11-14T13:00:00+08:00,"-1 day, 19:00:00",14b973786140106c9105356a1c37965b26691d9786567cf95bbffe8bf00f7da7
2023-11-15,2023-11-15 00:00:00,2023-11-16 00:00:00,UNRESOLVED,NAS100_LABELLED_D1_BAR_START_DATE_ONLY,2023-11-15T00:00:00-05:00,2023-11-15T05:00:00Z,2023-11-15T13:00:00+08:00,"-1 day, 19:00:00",70d10d9df25dcc591a11befb11637e3e4bc1ae55821ecad0abb46f139a0258a2
2023-11-16,2023-11-16 00:00:00,2023-11-17 00:00:00,UNRESOLVED,NAS100_LABELLED_D1_BAR_START_DATE_ONLY,2023-11-16T00:00:00-05:00,2023-11-16T05:00:00Z,2023-11-16T13:00:00+08:00,"-1 day, 19:00:00",32bf7b9042fc56dd2adf6b0d0a0dc8cedda9c14c508d8013af7d0b6c4ff19506
2023-11-17,2023-11-17 00:00:00,2023-11-18 00:00:00,UNRESOLVED,NAS100_LABELLED_D1_BAR_START_DATE_ONLY,2023-11-17T00:00:00-05:00,2023-11-17T05:00:00Z,2023-11-17T13:00:00+08:00,"-1 day, 19:00:00",f23f7c941bba7f4fae8cf5ad7656021a9ea0037e9d23692b9f1ca009d513645f
2023-11-20,2023-11-20 00:00:00,2023-11-21 00:00:00,UNRESOLVED,NAS100_LABELLED_D1_BAR_START_DATE_ONLY,2023-11-20T00:00:00-05:00,2023-11-20T05:00:00Z,2023-11-20T13:00:00+08:00,"-1 day, 19:00:00",5b1749d3feff98c692e7d26f12571f7ed9b4e72cb22d0985532cfaa1701e6830
2023-11-21,2023-11-21 00:00:00,2023-11-22 00:00:00,UNRESOLVED,NAS100_LABELLED_D1_BAR_START_DATE_ONLY,2023-11-21T00:00:00-05:00,2023-11-21T05:00:00Z,2023-11-21T13:00:00+08:00,"-1 day, 19:00:00",3d874b4955a9f918bfe2da14686d03b9e6f37eeed6b1bd063f3a3631626e3f70
2023-11-22,2023-11-22 00:00:00,2023-11-23 00:00:00,UNRESOLVED,NAS100_LABELLED_D1_BAR_START_DATE_ONLY,2023-11-22T00:00:00-05:00,2023-11-22T05:00:00Z,2023-11-22T13:00:00+08:00,"-1 day, 19:00:00",7235a2f447e33bec521ed6cb110fecdcb53085a8d3165426d3ae7e42c6af0b5f
2023-11-23,2023-11-23 00:00:00,2023-11-24 00:00:00,UNRESOLVED,NAS100_LABELLED_D1_BAR_START_DATE_ONLY,2023-11-23T00:00:00-05:00,2023-11-23T05:00:00Z,2023-11-23T13:00:00+08:00,"-1 day, 19:00:00",e3ac6b8c958b52b6625ee40e6fb234e0f127f1149e008297777658734e594b46
2023-11-24,2023-11-24 00:00:00,2023-11-25 00:00:00,UNRESOLVED,NAS100_LABELLED_D1_BAR_START_DATE_ONLY,2023-11-24T00:00:00-05:00,2023-11-24T05:00:00Z,2023-11-24T13:00:00+08:00,"-1 day, 19:00:00",e8eb1e5f22c927f0cf0fee0edc916286e284ee0e17a222e9fd6d612d95232770
2023-11-27,2023-11-27 00:00:00,2023-11-28 00:00:00,UNRESOLVED,NAS100_LABELLED_D1_BAR_START_DATE_ONLY,2023-11-27T00:00:00-05:00,2023-11-27T05:00:00Z,2023-11-27T13:00:00+08:00,"-1 day, 19:00:00",31e61fb6629d5c0dce8abc024d0fa797faa277a0a186a99eec9e3e84aa900b11
2023-11-28,2023-11-28 00:00:00,2023-11-29 00:00:00,UNRESOLVED,NAS100_LABELLED_D1_BAR_START_DATE_ONLY,2023-11-28T00:00:00-05:00,2023-11-28T05:00:00Z,2023-11-28T13:00:00+08:00,"-1 day, 19:00:00",ee6c438e531d27028deab29f2ab7f7fe9b34fc4c2cce18e3ea4008541c0e325c
2023-11-29,2023-11-29 00:00:00,2023-11-30 00:00:00,UNRESOLVED,NAS100_LABELLED_D1_BAR_START_DATE_ONLY,2023-11-29T00:00:00-05:00,2023-11-29T05:00:00Z,2023-11-29T13:00:00+08:00,"-1 day, 19:00:00",e6e1872358aa759220ea6fd280216a6f0e29b0e522f60d5570ebf5d1cc9db340
2023-11-30,2023-11-30 00:00:00,2023-12-01 00:00:00,UNRESOLVED,NAS100_LABELLED_D1_BAR_START_DATE_ONLY,2023-11-30T00:00:00-05:00,2023-11-30T05:00:00Z,2023-11-30T13:00:00+08:00,"-1 day, 19:00:00",663822217f7b320fe36c9e74e13f5c312b9f05cb0badd3960cf08899723078e6
2023-12-01,2023-12-01 00:00:00,2023-12-02 00:00:00,UNRESOLVED,NAS100_LABELLED_D1_BAR_START_DATE_ONLY,2023-12-01T00:00:00-05:00,2023-12-01T05:00:00Z,2023-12-01T13:00:00+08:00,"-1 day, 19:00:00",a66d53b897273369f1de88c21f9b7896b5b5606d7a7b0c9e282906c15d26aaa3
2023-12-04,2023-12-04 00:00:00,2023-12-05 00:00:00,UNRESOLVED,NAS100_LABELLED_D1_BAR_START_DATE_ONLY,2023-12-04T00:00:00-05:00,2023-12-04T05:00:00Z,2023-12-04T13:00:00+08:00,"-1 day, 19:00:00",d2b2c398f36a0d96d24623568e30dd0538dfb98a6541a183eaae8d53f2d4f5ab
2023-12-05,2023-12-05 00:00:00,2023-12-06 00:00:00,UNRESOLVED,NAS100_LABELLED_D1_BAR_START_DATE_ONLY,2023-12-05T00:00:00-05:00,2023-12-05T05:00:00Z,2023-12-05T13:00:00+08:00,"-1 day, 19:00:00",880d27d81a4453e98a33a865d4e6f14fc8927dc6311fad88d4c1a7252f53b2e0
2023-12-06,2023-12-06 00:00:00,2023-12-07 00:00:00,UNRESOLVED,NAS100_LABELLED_D1_BAR_START_DATE_ONLY,2023-12-06T00:00:00-05:00,2023-12-06T05:00:00Z,2023-12-06T13:00:00+08:00,"-1 day, 19:00:00",47032aea777897c561d63f1a6ef2df51faac98cd990d2049b59eb13abe1bbe98
2023-12-07,2023-12-07 00:00:00,2023-12-08 00:00:00,UNRESOLVED,NAS100_LABELLED_D1_BAR_START_DATE_ONLY,2023-12-07T00:00:00-05:00,2023-12-07T05:00:00Z,2023-12-07T13:00:00+08:00,"-1 day, 19:00:00",ec80001669f8da5d2f46c54e1126283803044081db05fff9136e5f3e783dab03
2023-12-08,2023-12-08 00:00:00,2023-12-09 00:00:00,UNRESOLVED,NAS100_LABELLED_D1_BAR_START_DATE_ONLY,2023-12-08T00:00:00-05:00,2023-12-08T05:00:00Z,2023-12-08T13:00:00+08:00,"-1 day, 19:00:00",afe9b936d0794d55bfa886b1b8b2eca915c81a684872277381bdc69e5c49d1ff
2023-12-11,2023-12-11 00:00:00,2023-12-12 00:00:00,UNRESOLVED,NAS100_LABELLED_D1_BAR_START_DATE_ONLY,2023-12-11T00:00:00-05:00,2023-12-11T05:00:00Z,2023-12-11T13:00:00+08:00,"-1 day, 19:00:00",b678dc2537740fc14d07268fefbaca11809f95f006b65c28855d50b72fe34e24
2023-12-12,2023-12-12 00:00:00,2023-12-13 00:00:00,UNRESOLVED,NAS100_LABELLED_D1_BAR_START_DATE_ONLY,2023-12-12T00:00:00-05:00,2023-12-12T05:00:00Z,2023-12-12T13:00:00+08:00,"-1 day, 19:00:00",1dc87259a8043188e854f48e00fe3ff62fd790be8e3a4f80947783e6dd39657f
2023-12-13,2023-12-13 00:00:00,2023-12-14 00:00:00,UNRESOLVED,NAS100_LABELLED_D1_BAR_START_DATE_ONLY,2023-12-13T00:00:00-05:00,2023-12-13T05:00:00Z,2023-12-13T13:00:00+08:00,"-1 day, 19:00:00",633e5f54f47c5aead4fa7921fab9071a299e2fa4c0522e0aae8baff3ec15840e
2023-12-14,2023-12-14 00:00:00,2023-12-15 00:00:00,UNRESOLVED,NAS100_LABELLED_D1_BAR_START_DATE_ONLY,2023-12-14T00:00:00-05:00,2023-12-14T05:00:00Z,2023-12-14T13:00:00+08:00,"-1 day, 19:00:00",6b93f7d07d436eba1d026d27083ba75b008911df0509ca369e5653d7e708d959
2023-12-15,2023-12-15 00:00:00,2023-12-16 00:00:00,UNRESOLVED,NAS100_LABELLED_D1_BAR_START_DATE_ONLY,2023-12-15T00:00:00-05:00,2023-12-15T05:00:00Z,2023-12-15T13:00:00+08:00,"-1 day, 19:00:00",18e990e9fb51b68b38ed2edb8f2a8196eb7e56fa9c76144bac15fd8c669ab8b5
2023-12-18,2023-12-18 00:00:00,2023-12-19 00:00:00,UNRESOLVED,NAS100_LABELLED_D1_BAR_START_DATE_ONLY,2023-12-18T00:00:00-05:00,2023-12-18T05:00:00Z,2023-12-18T13:00:00+08:00,"-1 day, 19:00:00",3d8bd3ccb5dd4d4059cfd6536805727fafb5d52c7dd4c5a8c4f4513cc89a2d4f
2023-12-19,2023-12-19 00:00:00,2023-12-20 00:00:00,UNRESOLVED,NAS100_LABELLED_D1_BAR_START_DATE_ONLY,2023-12-19T00:00:00-05:00,2023-12-19T05:00:00Z,2023-12-19T13:00:00+08:00,"-1 day, 19:00:00",8576034fdbb3dcc84eec58b38768943aa635849dc77283ef93cd191d3262f6f4
2023-12-20,2023-12-20 00:00:00,2023-12-21 00:00:00,UNRESOLVED,NAS100_LABELLED_D1_BAR_START_DATE_ONLY,2023-12-20T00:00:00-05:00,2023-12-20T05:00:00Z,2023-12-20T13:00:00+08:00,"-1 day, 19:00:00",c5d35be2f8bd21115eefa1d42a2bfa3e2505e48af622a3e761b77771dac94ffd
2023-12-21,2023-12-21 00:00:00,2023-12-22 00:00:00,UNRESOLVED,NAS100_LABELLED_D1_BAR_START_DATE_ONLY,2023-12-21T00:00:00-05:00,2023-12-21T05:00:00Z,2023-12-21T13:00:00+08:00,"-1 day, 19:00:00",a513245d56238c29f06ff0b105fd717c7f08ae6f04be774327a6979674ade1f8
2023-12-22,2023-12-22 00:00:00,2023-12-23 00:00:00,UNRESOLVED,NAS100_LABELLED_D1_BAR_START_DATE_ONLY,2023-12-22T00:00:00-05:00,2023-12-22T05:00:00Z,2023-12-22T13:00:00+08:00,"-1 day, 19:00:00",fe4060058a2974342b5e989b892a22b7750ee11dde3899a80f9fe0185892d11a
2023-12-26,2023-12-26 00:00:00,2023-12-27 00:00:00,UNRESOLVED,NAS100_LABELLED_D1_BAR_START_DATE_ONLY,2023-12-26T00:00:00-05:00,2023-12-26T05:00:00Z,2023-12-26T13:00:00+08:00,"-1 day, 19:00:00",9a93653575316adb8dc44d2642013738f895611c48b65088916ee55ebad3a86c
2023-12-27,2023-12-27 00:00:00,2023-12-28 00:00:00,UNRESOLVED,NAS100_LABELLED_D1_BAR_START_DATE_ONLY,2023-12-27T00:00:00-05:00,2023-12-27T05:00:00Z,2023-12-27T13:00:00+08:00,"-1 day, 19:00:00",53917d9af19ccb665bfe769eeca1326f69fa04f0ecd4d26bd2f18d5474e46be1
2023-12-28,2023-12-28 00:00:00,2023-12-29 00:00:00,UNRESOLVED,NAS100_LABELLED_D1_BAR_START_DATE_ONLY,2023-12-28T00:00:00-05:00,2023-12-28T05:00:00Z,2023-12-28T13:00:00+08:00,"-1 day, 19:00:00",2dbd8414b03258b53ef28ec32272051957379c143d471f37684e9b5c22913987
2023-12-29,2023-12-29 00:00:00,2023-12-30 00:00:00,UNRESOLVED,NAS100_LABELLED_D1_BAR_START_DATE_ONLY,2023-12-29T00:00:00-05:00,2023-12-29T05:00:00Z,2023-12-29T13:00:00+08:00,"-1 day, 19:00:00",390cd1c62b917c0382ab6bf31842df2194d2a0f00c63cd9fa4cecde0df0bcd5e
2024-01-02,2024-01-02 00:00:00,2024-01-03 00:00:00,UNRESOLVED,NAS100_LABELLED_D1_BAR_START_DATE_ONLY,2024-01-02T00:00:00-05:00,2024-01-02T05:00:00Z,2024-01-02T13:00:00+08:00,"-1 day, 19:00:00",1dfd6826bfa67908ff55c047026fd3f0a164f4d41b64d0eb9862c9cb94cbd0a4
2024-01-03,2024-01-03 00:00:00,2024-01-04 00:00:00,UNRESOLVED,NAS100_LABELLED_D1_BAR_START_DATE_ONLY,2024-01-03T00:00:00-05:00,2024-01-03T05:00:00Z,2024-01-03T13:00:00+08:00,"-1 day, 19:00:00",691524ef8bb2db6ff58d98495594be31fe8d372555addab1f1a68428fcbfe19a
2024-01-04,2024-01-04 00:00:00,2024-01-05 00:00:00,UNRESOLVED,NAS100_LABELLED_D1_BAR_START_DATE_ONLY,2024-01-04T00:00:00-05:00,2024-01-04T05:00:00Z,2024-01-04T13:00:00+08:00,"-1 day, 19:00:00",112faa827012199805bd972f639c4bb3cd33d2164ad3645d98a145ed4a8a6e64
2024-01-05,2024-01-05 00:00:00,2024-01-06 00:00:00,UNRESOLVED,NAS100_LABELLED_D1_BAR_START_DATE_ONLY,2024-01-05T00:00:00-05:00,2024-01-05T05:00:00Z,2024-01-05T13:00:00+08:00,"-1 day, 19:00:00",726437d761712c914294e70c657321691ae89300235aca35544f4f6ed158fbd3
2024-01-08,2024-01-08 00:00:00,2024-01-09 00:00:00,UNRESOLVED,NAS100_LABELLED_D1_BAR_START_DATE_ONLY,2024-01-08T00:00:00-05:00,2024-01-08T05:00:00Z,2024-01-08T13:00:00+08:00,"-1 day, 19:00:00",c50b1bc62ad243b203356b14a8aef1fe6f3643f42f9f24f6ffddb740daa5bfde
2024-01-09,2024-01-09 00:00:00,2024-01-10 00:00:00,UNRESOLVED,NAS100_LABELLED_D1_BAR_START_DATE_ONLY,2024-01-09T00:00:00-05:00,2024-01-09T05:00:00Z,2024-01-09T13:00:00+08:00,"-1 day, 19:00:00",b343585810f134b14ba2da18106ed8f7ba4046345b5c2956d26283d60ae74f3a
2024-01-10,2024-01-10 00:00:00,2024-01-11 00:00:00,UNRESOLVED,NAS100_LABELLED_D1_BAR_START_DATE_ONLY,2024-01-10T00:00:00-05:00,2024-01-10T05:00:00Z,2024-01-10T13:00:00+08:00,"-1 day, 19:00:00",86df0c0c0b6c0a37c905c71ded71d4c3619376154d932e1d6cc13052c18c3d31
2024-01-11,2024-01-11 00:00:00,2024-01-12 00:00:00,UNRESOLVED,NAS100_LABELLED_D1_BAR_START_DATE_ONLY,2024-01-11T00:00:00-05:00,2024-01-11T05:00:00Z,2024-01-11T13:00:00+08:00,"-1 day, 19:00:00",b16967f5cb924331f52f50294fcdb72e905b37eb50029ba1c03b997efd90be40
2024-01-12,2024-01-12 00:00:00,2024-01-13 00:00:00,UNRESOLVED,NAS100_LABELLED_D1_BAR_START_DATE_ONLY,2024-01-12T00:00:00-05:00,2024-01-12T05:00:00Z,2024-01-12T13:00:00+08:00,"-1 day, 19:00:00",3c3f6b06df4e256016417eefcb51b0e5f8615d9e5fd7282583309f84032b21b5
2024-01-15,2024-01-15 00:00:00,2024-01-16 00:00:00,UNRESOLVED,NAS100_LABELLED_D1_BAR_START_DATE_ONLY,2024-01-15T00:00:00-05:00,2024-01-15T05:00:00Z,2024-01-15T13:00:00+08:00,"-1 day, 19:00:00",107b5b5e0b711f41eda4e0f5df637e7fcf701e062954482794fdebc0797988a2
2024-01-16,2024-01-16 00:00:00,2024-01-17 00:00:00,UNRESOLVED,NAS100_LABELLED_D1_BAR_START_DATE_ONLY,2024-01-16T00:00:00-05:00,2024-01-16T05:00:00Z,2024-01-16T13:00:00+08:00,"-1 day, 19:00:00",6c79e48eb124430ac7083ab96156c5f4823a69b508a362650077b334980b3f20
2024-01-17,2024-01-17 00:00:00,2024-01-18 00:00:00,UNRESOLVED,NAS100_LABELLED_D1_BAR_START_DATE_ONLY,2024-01-17T00:00:00-05:00,2024-01-17T05:00:00Z,2024-01-17T13:00:00+08:00,"-1 day, 19:00:00",4fcc54dcaafe8d8f56dab6159c89fafaf197580bda8ff4b18d6b7020ad22805d
2024-01-18,2024-01-18 00:00:00,2024-01-19 00:00:00,UNRESOLVED,NAS100_LABELLED_D1_BAR_START_DATE_ONLY,2024-01-18T00:00:00-05:00,2024-01-18T05:00:00Z,2024-01-18T13:00:00+08:00,"-1 day, 19:00:00",3cab30a84759ffbaecdff04a6410d0bbba38743bbf29ebb6aa76db515781df9f
2024-01-19,2024-01-19 00:00:00,2024-01-20 00:00:00,UNRESOLVED,NAS100_LABELLED_D1_BAR_START_DATE_ONLY,2024-01-19T00:00:00-05:00,2024-01-19T05:00:00Z,2024-01-19T13:00:00+08:00,"-1 day, 19:00:00",263df1f7a04e0b6944c4deafd5a139cc9444f316fd917b97a36f1432f62880c4
2024-01-22,2024-01-22 00:00:00,2024-01-23 00:00:00,UNRESOLVED,NAS100_LABELLED_D1_BAR_START_DATE_ONLY,2024-01-22T00:00:00-05:00,2024-01-22T05:00:00Z,2024-01-22T13:00:00+08:00,"-1 day, 19:00:00",0be221821d990bccd9595f8e015d74a917f0825da4ab636ba56a4c5d28aa3797
2024-01-23,2024-01-23 00:00:00,2024-01-24 00:00:00,UNRESOLVED,NAS100_LABELLED_D1_BAR_START_DATE_ONLY,2024-01-23T00:00:00-05:00,2024-01-23T05:00:00Z,2024-01-23T13:00:00+08:00,"-1 day, 19:00:00",2ca597887f104bcab722dffc43720b26edbe35e79af6c5c2de93f9b2f35e2930
2024-01-24,2024-01-24 00:00:00,2024-01-25 00:00:00,UNRESOLVED,NAS100_LABELLED_D1_BAR_START_DATE_ONLY,2024-01-24T00:00:00-05:00,2024-01-24T05:00:00Z,2024-01-24T13:00:00+08:00,"-1 day, 19:00:00",6024afd16c3a771940d7f92fbd787b995b2375a9798f0befdc09fa6ea3dbf79c
2024-01-25,2024-01-25 00:00:00,2024-01-26 00:00:00,UNRESOLVED,NAS100_LABELLED_D1_BAR_START_DATE_ONLY,2024-01-25T00:00:00-05:00,2024-01-25T05:00:00Z,2024-01-25T13:00:00+08:00,"-1 day, 19:00:00",222c97b24c73f39a72bd232e23138490c0afd6a33ff5f4bf0035897e69cf4075
2024-01-26,2024-01-26 00:00:00,2024-01-27 00:00:00,UNRESOLVED,NAS100_LABELLED_D1_BAR_START_DATE_ONLY,2024-01-26T00:00:00-05:00,2024-01-26T05:00:00Z,2024-01-26T13:00:00+08:00,"-1 day, 19:00:00",decc016e91d9ec726204bcfd5d914a4aa9f9e91b5a509f874c2670b64f64a8b1
2024-01-29,2024-01-29 00:00:00,2024-01-30 00:00:00,UNRESOLVED,NAS100_LABELLED_D1_BAR_START_DATE_ONLY,2024-01-29T00:00:00-05:00,2024-01-29T05:00:00Z,2024-01-29T13:00:00+08:00,"-1 day, 19:00:00",7e3491f486acbdf71d1e26ea063b83b31cefd18b05682978e4784da56b7b1bdf
2024-01-30,2024-01-30 00:00:00,2024-01-31 00:00:00,UNRESOLVED,NAS100_LABELLED_D1_BAR_START_DATE_ONLY,2024-01-30T00:00:00-05:00,2024-01-30T05:00:00Z,2024-01-30T13:00:00+08:00,"-1 day, 19:00:00",ae503c9f13b5fffe834e2de3372570217bd03e9ce91943a0c03b7ba3024abb25
2024-01-31,2024-01-31 00:00:00,2024-02-01 00:00:00,UNRESOLVED,NAS100_LABELLED_D1_BAR_START_DATE_ONLY,2024-01-31T00:00:00-05:00,2024-01-31T05:00:00Z,2024-01-31T13:00:00+08:00,"-1 day, 19:00:00",8ab30bd5e494996b5a70f674dd0aefb25e59a03b071b4221bc00efaf55444618
2024-02-01,2024-02-01 00:00:00,2024-02-02 00:00:00,UNRESOLVED,NAS100_LABELLED_D1_BAR_START_DATE_ONLY,2024-02-01T00:00:00-05:00,2024-02-01T05:00:00Z,2024-02-01T13:00:00+08:00,"-1 day, 19:00:00",0275a4b06f223c493308d318b7b708ed1d87e84d3526abbe5c4fe2abbf4b5fd3
2024-02-02,2024-02-02 00:00:00,2024-02-03 00:00:00,UNRESOLVED,NAS100_LABELLED_D1_BAR_START_DATE_ONLY,2024-02-02T00:00:00-05:00,2024-02-02T05:00:00Z,2024-02-02T13:00:00+08:00,"-1 day, 19:00:00",6961d7c8fbe9120fa1cf957058b3135735c412ede8110cc0ca11fafbc1189519
2024-02-05,2024-02-05 00:00:00,2024-02-06 00:00:00,UNRESOLVED,NAS100_LABELLED_D1_BAR_START_DATE_ONLY,2024-02-05T00:00:00-05:00,2024-02-05T05:00:00Z,2024-02-05T13:00:00+08:00,"-1 day, 19:00:00",f0b76ed285b431ed82dcc5b5dc3fee4b43a429464867b8e671fbff2665d2af39
2024-02-06,2024-02-06 00:00:00,2024-02-07 00:00:00,UNRESOLVED,NAS100_LABELLED_D1_BAR_START_DATE_ONLY,2024-02-06T00:00:00-05:00,2024-02-06T05:00:00Z,2024-02-06T13:00:00+08:00,"-1 day, 19:00:00",c20959e39ec2c7c76004a6023a7151677b9297de8dd1057e7f19605f24a0ddb8
2024-02-07,2024-02-07 00:00:00,2024-02-08 00:00:00,UNRESOLVED,NAS100_LABELLED_D1_BAR_START_DATE_ONLY,2024-02-07T00:00:00-05:00,2024-02-07T05:00:00Z,2024-02-07T13:00:00+08:00,"-1 day, 19:00:00",836449d2792aafb1fee6af2b0597c0277e65c164b441ad34886ed54594beb3e0
2024-02-08,2024-02-08 00:00:00,2024-02-09 00:00:00,UNRESOLVED,NAS100_LABELLED_D1_BAR_START_DATE_ONLY,2024-02-08T00:00:00-05:00,2024-02-08T05:00:00Z,2024-02-08T13:00:00+08:00,"-1 day, 19:00:00",2ef51f8a7977370adfb30d21eb58535b3e3e8d3e873e371a621da7407602ed96
2024-02-09,2024-02-09 00:00:00,2024-02-10 00:00:00,UNRESOLVED,NAS100_LABELLED_D1_BAR_START_DATE_ONLY,2024-02-09T00:00:00-05:00,2024-02-09T05:00:00Z,2024-02-09T13:00:00+08:00,"-1 day, 19:00:00",dbac2374c5c5dc6bc964b02adc2aed51994c46cf8e0455a473b76cb039267320
2024-02-12,2024-02-12 00:00:00,2024-02-13 00:00:00,UNRESOLVED,NAS100_LABELLED_D1_BAR_START_DATE_ONLY,2024-02-12T00:00:00-05:00,2024-02-12T05:00:00Z,2024-02-12T13:00:00+08:00,"-1 day, 19:00:00",4e8f88d237cfb51d8998c861b9c62685d4fca0d9f02715e432c403194e8f9f8b
2024-02-13,2024-02-13 00:00:00,2024-02-14 00:00:00,UNRESOLVED,NAS100_LABELLED_D1_BAR_START_DATE_ONLY,2024-02-13T00:00:00-05:00,2024-02-13T05:00:00Z,2024-02-13T13:00:00+08:00,"-1 day, 19:00:00",83a0c62e7621587c89cee369b09edcfa619b40a795e67b7a188f6154d40a4487
2024-02-14,2024-02-14 00:00:00,2024-02-15 00:00:00,UNRESOLVED,NAS100_LABELLED_D1_BAR_START_DATE_ONLY,2024-02-14T00:00:00-05:00,2024-02-14T05:00:00Z,2024-02-14T13:00:00+08:00,"-1 day, 19:00:00",80491f029665636e45e7c2a7f3a16d9e2a40f83c363efe0bd36e998e4230fcbf
2024-02-15,2024-02-15 00:00:00,2024-02-16 00:00:00,UNRESOLVED,NAS100_LABELLED_D1_BAR_START_DATE_ONLY,2024-02-15T00:00:00-05:00,2024-02-15T05:00:00Z,2024-02-15T13:00:00+08:00,"-1 day, 19:00:00",025a80acb3d9d576e054954d728aac10217877de35b9475a3e5fe9a4bdc1ab48
2024-02-16,2024-02-16 00:00:00,2024-02-17 00:00:00,UNRESOLVED,NAS100_LABELLED_D1_BAR_START_DATE_ONLY,2024-02-16T00:00:00-05:00,2024-02-16T05:00:00Z,2024-02-16T13:00:00+08:00,"-1 day, 19:00:00",dfc484dcb45499fbb851673b011a419d32f4d0dd5a329d5689bd72e3a2c87852
2024-02-19,2024-02-19 00:00:00,2024-02-20 00:00:00,UNRESOLVED,NAS100_LABELLED_D1_BAR_START_DATE_ONLY,2024-02-19T00:00:00-05:00,2024-02-19T05:00:00Z,2024-02-19T13:00:00+08:00,"-1 day, 19:00:00",df82b926cd736d2df76234e740c7694613bcfa74c56907e6360b7b06f0a7e9c0
2024-02-20,2024-02-20 00:00:00,2024-02-21 00:00:00,UNRESOLVED,NAS100_LABELLED_D1_BAR_START_DATE_ONLY,2024-02-20T00:00:00-05:00,2024-02-20T05:00:00Z,2024-02-20T13:00:00+08:00,"-1 day, 19:00:00",e64789b1caaa45f57fdb74ec4d7fe09595399967d6eef068d0b9feb5bb817927
2024-02-21,2024-02-21 00:00:00,2024-02-22 00:00:00,UNRESOLVED,NAS100_LABELLED_D1_BAR_START_DATE_ONLY,2024-02-21T00:00:00-05:00,2024-02-21T05:00:00Z,2024-02-21T13:00:00+08:00,"-1 day, 19:00:00",419b00a27ab610e061ab8ffa0b4a307c8585f2ba090ae1fcb821317b29c1f63b
2024-02-22,2024-02-22 00:00:00,2024-02-23 00:00:00,UNRESOLVED,NAS100_LABELLED_D1_BAR_START_DATE_ONLY,2024-02-22T00:00:00-05:00,2024-02-22T05:00:00Z,2024-02-22T13:00:00+08:00,"-1 day, 19:00:00",ccbefdc8bf18a2954fd49c62b9b9975f8c91d70b11fc3fab922b75c9af8fec17
2024-02-23,2024-02-23 00:00:00,2024-02-24 00:00:00,UNRESOLVED,NAS100_LABELLED_D1_BAR_START_DATE_ONLY,2024-02-23T00:00:00-05:00,2024-02-23T05:00:00Z,2024-02-23T13:00:00+08:00,"-1 day, 19:00:00",351304d256395c7f1e2bd5eda72cf33d0659133eb2c5906716eb08d8760e7492
2024-02-26,2024-02-26 00:00:00,2024-02-27 00:00:00,UNRESOLVED,NAS100_LABELLED_D1_BAR_START_DATE_ONLY,2024-02-26T00:00:00-05:00,2024-02-26T05:00:00Z,2024-02-26T13:00:00+08:00,"-1 day, 19:00:00",1968fd228e20ff456f98b30da86339c41456ffd560e3f083db67afe20eff4486
2024-02-27,2024-02-27 00:00:00,2024-02-28 00:00:00,UNRESOLVED,NAS100_LABELLED_D1_BAR_START_DATE_ONLY,2024-02-27T00:00:00-05:00,2024-02-27T05:00:00Z,2024-02-27T13:00:00+08:00,"-1 day, 19:00:00",9566353602398f1dfcb50e9d84a7a0f5c2ced334abec1aae334a9336161ef78a
2024-02-28,2024-02-28 00:00:00,2024-02-29 00:00:00,UNRESOLVED,NAS100_LABELLED_D1_BAR_START_DATE_ONLY,2024-02-28T00:00:00-05:00,2024-02-28T05:00:00Z,2024-02-28T13:00:00+08:00,"-1 day, 19:00:00",71187f50d960df9ad2fa96fe35386c48e9707b5fde549224c79766a7f484a43e
2024-02-29,2024-02-29 00:00:00,2024-03-01 00:00:00,UNRESOLVED,NAS100_LABELLED_D1_BAR_START_DATE_ONLY,2024-02-29T00:00:00-05:00,2024-02-29T05:00:00Z,2024-02-29T13:00:00+08:00,"-1 day, 19:00:00",7bcbc9178db7daa873c354718e1c6b7ee11de9bc5f393fc1972c15c0b279da4d
2024-03-01,2024-03-01 00:00:00,2024-03-02 00:00:00,UNRESOLVED,NAS100_LABELLED_D1_BAR_START_DATE_ONLY,2024-03-01T00:00:00-05:00,2024-03-01T05:00:00Z,2024-03-01T13:00:00+08:00,"-1 day, 19:00:00",a0e389d52b888177120b7866f3c8815cef8a7f08e26f36a7c5bbb0ae9a521343
2024-03-04,2024-03-04 00:00:00,2024-03-05 00:00:00,UNRESOLVED,NAS100_LABELLED_D1_BAR_START_DATE_ONLY,2024-03-04T00:00:00-05:00,2024-03-04T05:00:00Z,2024-03-04T13:00:00+08:00,"-1 day, 19:00:00",bcd924bce85406b1f36d30b8563d04557830e627347b9b2797e7de932e621347
2024-03-05,2024-03-05 00:00:00,2024-03-06 00:00:00,UNRESOLVED,NAS100_LABELLED_D1_BAR_START_DATE_ONLY,2024-03-05T00:00:00-05:00,2024-03-05T05:00:00Z,2024-03-05T13:00:00+08:00,"-1 day, 19:00:00",8ec436941663de0c7afa8edc452625b3a84d00fe8e7affb5c0098b7491792ab7
2024-03-06,2024-03-06 00:00:00,2024-03-07 00:00:00,UNRESOLVED,NAS100_LABELLED_D1_BAR_START_DATE_ONLY,2024-03-06T00:00:00-05:00,2024-03-06T05:00:00Z,2024-03-06T13:00:00+08:00,"-1 day, 19:00:00",ba8053c7e6352204d53e8868a4d06450bc7bed6c8fe74d8066a95125960bf9ad
2024-03-07,2024-03-07 00:00:00,2024-03-08 00:00:00,UNRESOLVED,NAS100_LABELLED_D1_BAR_START_DATE_ONLY,2024-03-07T00:00:00-05:00,2024-03-07T05:00:00Z,2024-03-07T13:00:00+08:00,"-1 day, 19:00:00",1a1a48fdacbba0ba8c4d45f7b2a18b15e82c9691b4ca321bd81f50f0cbcf6cca
2024-03-08,2024-03-08 00:00:00,2024-03-09 00:00:00,UNRESOLVED,NAS100_LABELLED_D1_BAR_START_DATE_ONLY,2024-03-08T00:00:00-05:00,2024-03-08T05:00:00Z,2024-03-08T13:00:00+08:00,"-1 day, 19:00:00",0f4965d36f33375f44ebe5e2e48f5581dbcfe1680353548a82329b32233d6af7
2024-03-11,2024-03-11 00:00:00,2024-03-12 00:00:00,UNRESOLVED,NAS100_LABELLED_D1_BAR_START_DATE_ONLY,2024-03-11T00:00:00-04:00,2024-03-11T04:00:00Z,2024-03-11T12:00:00+08:00,"-1 day, 20:00:00",674bc226a2102257c7bb71ba09961a05213a2d8dbddc42fdb1b69e9f1d07cac9
2024-03-12,2024-03-12 00:00:00,2024-03-13 00:00:00,UNRESOLVED,NAS100_LABELLED_D1_BAR_START_DATE_ONLY,2024-03-12T00:00:00-04:00,2024-03-12T04:00:00Z,2024-03-12T12:00:00+08:00,"-1 day, 20:00:00",e235067e5912e2c11a03ce7cd8d3a6559de076d09d9416253960b94bb391b3c8
2024-03-13,2024-03-13 00:00:00,2024-03-14 00:00:00,UNRESOLVED,NAS100_LABELLED_D1_BAR_START_DATE_ONLY,2024-03-13T00:00:00-04:00,2024-03-13T04:00:00Z,2024-03-13T12:00:00+08:00,"-1 day, 20:00:00",d91aacf73081f46e9de713b7186cff43c3ddc20ea422ecea388917e886e6f364
2024-03-14,2024-03-14 00:00:00,2024-03-15 00:00:00,UNRESOLVED,NAS100_LABELLED_D1_BAR_START_DATE_ONLY,2024-03-14T00:00:00-04:00,2024-03-14T04:00:00Z,2024-03-14T12:00:00+08:00,"-1 day, 20:00:00",c2cc79a2251e402b5672afb95b6026b921b9f479b3bfacfb59de430656fd12b0
2024-03-15,2024-03-15 00:00:00,2024-03-16 00:00:00,UNRESOLVED,NAS100_LABELLED_D1_BAR_START_DATE_ONLY,2024-03-15T00:00:00-04:00,2024-03-15T04:00:00Z,2024-03-15T12:00:00+08:00,"-1 day, 20:00:00",e4de0881b644661ec81a9eba09d478089908b622fdcab224da8f4fe116d83537
2024-03-18,2024-03-18 00:00:00,2024-03-19 00:00:00,UNRESOLVED,NAS100_LABELLED_D1_BAR_START_DATE_ONLY,2024-03-18T00:00:00-04:00,2024-03-18T04:00:00Z,2024-03-18T12:00:00+08:00,"-1 day, 20:00:00",8ee0153b5da620381841a63ca61df548344e6b6cf9240b2ed631409f5a51edc1
2024-03-19,2024-03-19 00:00:00,2024-03-20 00:00:00,UNRESOLVED,NAS100_LABELLED_D1_BAR_START_DATE_ONLY,2024-03-19T00:00:00-04:00,2024-03-19T04:00:00Z,2024-03-19T12:00:00+08:00,"-1 day, 20:00:00",352b55bd39a4447d81c44432c984d110c220a664d552e927c5750f944778f5ed
2024-03-20,2024-03-20 00:00:00,2024-03-21 00:00:00,UNRESOLVED,NAS100_LABELLED_D1_BAR_START_DATE_ONLY,2024-03-20T00:00:00-04:00,2024-03-20T04:00:00Z,2024-03-20T12:00:00+08:00,"-1 day, 20:00:00",91c87a974a43e7a483b6736dc561e351cf0b70853e41c6ea9ac74cde657fd068
2024-03-21,2024-03-21 00:00:00,2024-03-22 00:00:00,UNRESOLVED,NAS100_LABELLED_D1_BAR_START_DATE_ONLY,2024-03-21T00:00:00-04:00,2024-03-21T04:00:00Z,2024-03-21T12:00:00+08:00,"-1 day, 20:00:00",384af4c22ca357a23c38ceb5b23ebd309514959ad0af837b2bff3ea0f2b9b7eb
2024-03-22,2024-03-22 00:00:00,2024-03-23 00:00:00,UNRESOLVED,NAS100_LABELLED_D1_BAR_START_DATE_ONLY,2024-03-22T00:00:00-04:00,2024-03-22T04:00:00Z,2024-03-22T12:00:00+08:00,"-1 day, 20:00:00",f608242d265c71a1d765cf2062c4fe8b773b9ab253dcbb01930e95833e2c6bc4
2024-03-25,2024-03-25 00:00:00,2024-03-26 00:00:00,UNRESOLVED,NAS100_LABELLED_D1_BAR_START_DATE_ONLY,2024-03-25T00:00:00-04:00,2024-03-25T04:00:00Z,2024-03-25T12:00:00+08:00,"-1 day, 20:00:00",90a0a73593123e209cbb1f87616ff50d76bdd1bda497b1fdfc71e2a828a45ac0
2024-03-26,2024-03-26 00:00:00,2024-03-27 00:00:00,UNRESOLVED,NAS100_LABELLED_D1_BAR_START_DATE_ONLY,2024-03-26T00:00:00-04:00,2024-03-26T04:00:00Z,2024-03-26T12:00:00+08:00,"-1 day, 20:00:00",e1146f856ccf761fa0a4887aec08b84232f04baed4b533f00288653818e675f1
2024-03-27,2024-03-27 00:00:00,2024-03-28 00:00:00,UNRESOLVED,NAS100_LABELLED_D1_BAR_START_DATE_ONLY,2024-03-27T00:00:00-04:00,2024-03-27T04:00:00Z,2024-03-27T12:00:00+08:00,"-1 day, 20:00:00",7b4f20dc8b2e7a1ff2e85e6db48347875938bef0cdcdec04ebde0c4161ab4692
2024-03-28,2024-03-28 00:00:00,2024-03-29 00:00:00,UNRESOLVED,NAS100_LABELLED_D1_BAR_START_DATE_ONLY,2024-03-28T00:00:00-04:00,2024-03-28T04:00:00Z,2024-03-28T12:00:00+08:00,"-1 day, 20:00:00",80d3bab72cd5c97948f8d556314203776d0dc47884e95184abc27461bb916a7e
2024-04-01,2024-04-01 00:00:00,2024-04-02 00:00:00,UNRESOLVED,NAS100_LABELLED_D1_BAR_START_DATE_ONLY,2024-04-01T00:00:00-04:00,2024-04-01T04:00:00Z,2024-04-01T12:00:00+08:00,"-1 day, 20:00:00",a6a4d92fed7f0c0a610817ecbd14aacc68fc46164884f536166b8d5379445eee
2024-04-02,2024-04-02 00:00:00,2024-04-03 00:00:00,UNRESOLVED,NAS100_LABELLED_D1_BAR_START_DATE_ONLY,2024-04-02T00:00:00-04:00,2024-04-02T04:00:00Z,2024-04-02T12:00:00+08:00,"-1 day, 20:00:00",2b11ae5a1223828cf42dc9669f53a15d392a31c41af500d067411dc302f8975e
2024-04-03,2024-04-03 00:00:00,2024-04-04 00:00:00,UNRESOLVED,NAS100_LABELLED_D1_BAR_START_DATE_ONLY,2024-04-03T00:00:00-04:00,2024-04-03T04:00:00Z,2024-04-03T12:00:00+08:00,"-1 day, 20:00:00",2155a099b14d83e92541065f45f088aaad21b212f7d53e9d528c32438115cd98
2024-04-04,2024-04-04 00:00:00,2024-04-05 00:00:00,UNRESOLVED,NAS100_LABELLED_D1_BAR_START_DATE_ONLY,2024-04-04T00:00:00-04:00,2024-04-04T04:00:00Z,2024-04-04T12:00:00+08:00,"-1 day, 20:00:00",2d0099d49d3120685095cb491cd4d7e6bbbad31ea97ff79ebee2c3f94e146716
2024-04-05,2024-04-05 00:00:00,2024-04-06 00:00:00,UNRESOLVED,NAS100_LABELLED_D1_BAR_START_DATE_ONLY,2024-04-05T00:00:00-04:00,2024-04-05T04:00:00Z,2024-04-05T12:00:00+08:00,"-1 day, 20:00:00",dd46bcaa046913a6aea054fc04dcdb4cd4aa4eb0c77e3c6782075f7a1a49a59a
2024-04-08,2024-04-08 00:00:00,2024-04-09 00:00:00,UNRESOLVED,NAS100_LABELLED_D1_BAR_START_DATE_ONLY,2024-04-08T00:00:00-04:00,2024-04-08T04:00:00Z,2024-04-08T12:00:00+08:00,"-1 day, 20:00:00",44b193acd709bd07f3a7ae4d54509e0097ea330d28ea797fc5d4b96c0f2eae72
2024-04-09,2024-04-09 00:00:00,2024-04-10 00:00:00,UNRESOLVED,NAS100_LABELLED_D1_BAR_START_DATE_ONLY,2024-04-09T00:00:00-04:00,2024-04-09T04:00:00Z,2024-04-09T12:00:00+08:00,"-1 day, 20:00:00",7102389684fba375afd4814de403f1a0a66a37b93ea4c835ad07a480e98f61aa
2024-04-10,2024-04-10 00:00:00,2024-04-11 00:00:00,UNRESOLVED,NAS100_LABELLED_D1_BAR_START_DATE_ONLY,2024-04-10T00:00:00-04:00,2024-04-10T04:00:00Z,2024-04-10T12:00:00+08:00,"-1 day, 20:00:00",f5c2e49fed70d7a0815830ae69addcc80b19725ff6a1a8ecca8cc702f34b9e79
2024-04-11,2024-04-11 00:00:00,2024-04-12 00:00:00,UNRESOLVED,NAS100_LABELLED_D1_BAR_START_DATE_ONLY,2024-04-11T00:00:00-04:00,2024-04-11T04:00:00Z,2024-04-11T12:00:00+08:00,"-1 day, 20:00:00",aab3fb50a7c337bfb64422905905bc0ce935220005dd75a731cbfc9185ae1cc0
2024-04-12,2024-04-12 00:00:00,2024-04-13 00:00:00,UNRESOLVED,NAS100_LABELLED_D1_BAR_START_DATE_ONLY,2024-04-12T00:00:00-04:00,2024-04-12T04:00:00Z,2024-04-12T12:00:00+08:00,"-1 day, 20:00:00",b7523896cdcd5af18eca324838d955978dbfdc5b94535511e3696c9abf8dcd3a
2024-04-15,2024-04-15 00:00:00,2024-04-16 00:00:00,UNRESOLVED,NAS100_LABELLED_D1_BAR_START_DATE_ONLY,2024-04-15T00:00:00-04:00,2024-04-15T04:00:00Z,2024-04-15T12:00:00+08:00,"-1 day, 20:00:00",4b9b95277cdd1f4b4f9298d82951055514fd0e5d5c868d92a33ca82e79144564
2024-04-16,2024-04-16 00:00:00,2024-04-17 00:00:00,UNRESOLVED,NAS100_LABELLED_D1_BAR_START_DATE_ONLY,2024-04-16T00:00:00-04:00,2024-04-16T04:00:00Z,2024-04-16T12:00:00+08:00,"-1 day, 20:00:00",087411103ba53c2695d9c573b23a033b88a1e1b34bbe8440edc40ec2b3c1f2d2
2024-04-17,2024-04-17 00:00:00,2024-04-18 00:00:00,UNRESOLVED,NAS100_LABELLED_D1_BAR_START_DATE_ONLY,2024-04-17T00:00:00-04:00,2024-04-17T04:00:00Z,2024-04-17T12:00:00+08:00,"-1 day, 20:00:00",83b01951f12e49490b8a1b64621b28483e4975105f5cc9fd6510fe0d1b0e8cd3
2024-04-18,2024-04-18 00:00:00,2024-04-19 00:00:00,UNRESOLVED,NAS100_LABELLED_D1_BAR_START_DATE_ONLY,2024-04-18T00:00:00-04:00,2024-04-18T04:00:00Z,2024-04-18T12:00:00+08:00,"-1 day, 20:00:00",93bddfe2a8de077a8d1df24e7a9506e9df1bc49e45ce6f8f18efe9fb9392fca0
2024-04-19,2024-04-19 00:00:00,2024-04-20 00:00:00,UNRESOLVED,NAS100_LABELLED_D1_BAR_START_DATE_ONLY,2024-04-19T00:00:00-04:00,2024-04-19T04:00:00Z,2024-04-19T12:00:00+08:00,"-1 day, 20:00:00",46baeca9122222f0577fd78cf6b44984df603a873439948a6b0c76d485e64900
2024-04-22,2024-04-22 00:00:00,2024-04-23 00:00:00,UNRESOLVED,NAS100_LABELLED_D1_BAR_START_DATE_ONLY,2024-04-22T00:00:00-04:00,2024-04-22T04:00:00Z,2024-04-22T12:00:00+08:00,"-1 day, 20:00:00",094c3eab16244ffa32d96730797103164b16f06be05e25671d6bbbae256bb335
2024-04-23,2024-04-23 00:00:00,2024-04-24 00:00:00,UNRESOLVED,NAS100_LABELLED_D1_BAR_START_DATE_ONLY,2024-04-23T00:00:00-04:00,2024-04-23T04:00:00Z,2024-04-23T12:00:00+08:00,"-1 day, 20:00:00",2b3df872a7bc98b9d3d7313cc17876e7bc485b9554c6ff4f5176def18c6884f3
2024-04-24,2024-04-24 00:00:00,2024-04-25 00:00:00,UNRESOLVED,NAS100_LABELLED_D1_BAR_START_DATE_ONLY,2024-04-24T00:00:00-04:00,2024-04-24T04:00:00Z,2024-04-24T12:00:00+08:00,"-1 day, 20:00:00",a0c31b81edad2f73052d051a14c0e00dcaf8dc2c1e95efbd6aaf18cb775d5e34
2024-04-25,2024-04-25 00:00:00,2024-04-26 00:00:00,UNRESOLVED,NAS100_LABELLED_D1_BAR_START_DATE_ONLY,2024-04-25T00:00:00-04:00,2024-04-25T04:00:00Z,2024-04-25T12:00:00+08:00,"-1 day, 20:00:00",c8a430e502b41bf81041e797ff5a45c1d0d02119f1e878f64f7cc2e5774ea241
2024-04-26,2024-04-26 00:00:00,2024-04-27 00:00:00,UNRESOLVED,NAS100_LABELLED_D1_BAR_START_DATE_ONLY,2024-04-26T00:00:00-04:00,2024-04-26T04:00:00Z,2024-04-26T12:00:00+08:00,"-1 day, 20:00:00",50d2c8c9f0bf9f1e126d4aaee9a99386815e46ee5d834728783f92964336ba30
2024-04-29,2024-04-29 00:00:00,2024-04-30 00:00:00,UNRESOLVED,NAS100_LABELLED_D1_BAR_START_DATE_ONLY,2024-04-29T00:00:00-04:00,2024-04-29T04:00:00Z,2024-04-29T12:00:00+08:00,"-1 day, 20:00:00",46f7fa2848cda3f6819e4283becea1c33dec5553fd80a57fe8efa140ec0de718
2024-04-30,2024-04-30 00:00:00,2024-05-01 00:00:00,UNRESOLVED,NAS100_LABELLED_D1_BAR_START_DATE_ONLY,2024-04-30T00:00:00-04:00,2024-04-30T04:00:00Z,2024-04-30T12:00:00+08:00,"-1 day, 20:00:00",f2363df474163fa2a2749f9504898c6ea9be57cfbffc93a0f2fcc3e63814685f
2024-05-01,2024-05-01 00:00:00,2024-05-02 00:00:00,UNRESOLVED,NAS100_LABELLED_D1_BAR_START_DATE_ONLY,2024-05-01T00:00:00-04:00,2024-05-01T04:00:00Z,2024-05-01T12:00:00+08:00,"-1 day, 20:00:00",24550dbb5123f78ada6ce1ec2c5bf101012de68df769c19c3c4493a94bb22054
2024-05-02,2024-05-02 00:00:00,2024-05-03 00:00:00,UNRESOLVED,NAS100_LABELLED_D1_BAR_START_DATE_ONLY,2024-05-02T00:00:00-04:00,2024-05-02T04:00:00Z,2024-05-02T12:00:00+08:00,"-1 day, 20:00:00",b82fe8ccb275b738276377a5674725f059e90b1081e64504142bb13f320c9940
2024-05-03,2024-05-03 00:00:00,2024-05-04 00:00:00,UNRESOLVED,NAS100_LABELLED_D1_BAR_START_DATE_ONLY,2024-05-03T00:00:00-04:00,2024-05-03T04:00:00Z,2024-05-03T12:00:00+08:00,"-1 day, 20:00:00",7a32660e65829719af61870315a2706b52351b2f5c958750e349989f6b8002f1
2024-05-06,2024-05-06 00:00:00,2024-05-07 00:00:00,UNRESOLVED,NAS100_LABELLED_D1_BAR_START_DATE_ONLY,2024-05-06T00:00:00-04:00,2024-05-06T04:00:00Z,2024-05-06T12:00:00+08:00,"-1 day, 20:00:00",eb1a4ea2f91037db6802b848525ceb9ef651f2faab2f6d2958fd34605c338079
2024-05-07,2024-05-07 00:00:00,2024-05-08 00:00:00,UNRESOLVED,NAS100_LABELLED_D1_BAR_START_DATE_ONLY,2024-05-07T00:00:00-04:00,2024-05-07T04:00:00Z,2024-05-07T12:00:00+08:00,"-1 day, 20:00:00",c57c085f5583d22072c6077fe8da2f19455c09d53729c011be03484a03cd3365
2024-05-08,2024-05-08 00:00:00,2024-05-09 00:00:00,UNRESOLVED,NAS100_LABELLED_D1_BAR_START_DATE_ONLY,2024-05-08T00:00:00-04:00,2024-05-08T04:00:00Z,2024-05-08T12:00:00+08:00,"-1 day, 20:00:00",41642baef047c878d5707ba31162deffb24ac05e4503cf95a55e4f222c4a20b3
2024-05-09,2024-05-09 00:00:00,2024-05-10 00:00:00,UNRESOLVED,NAS100_LABELLED_D1_BAR_START_DATE_ONLY,2024-05-09T00:00:00-04:00,2024-05-09T04:00:00Z,2024-05-09T12:00:00+08:00,"-1 day, 20:00:00",2c5cbc44f24ba580f564faab0b5dbd3457a21a3a554dc7e1592a7e64549211b2
2024-05-10,2024-05-10 00:00:00,2024-05-11 00:00:00,UNRESOLVED,NAS100_LABELLED_D1_BAR_START_DATE_ONLY,2024-05-10T00:00:00-04:00,2024-05-10T04:00:00Z,2024-05-10T12:00:00+08:00,"-1 day, 20:00:00",ba0f806d936ab47d78074138abdd69ec8a3ebc07110b2012c00f05ab17bc5f0b
2024-05-13,2024-05-13 00:00:00,2024-05-14 00:00:00,UNRESOLVED,NAS100_LABELLED_D1_BAR_START_DATE_ONLY,2024-05-13T00:00:00-04:00,2024-05-13T04:00:00Z,2024-05-13T12:00:00+08:00,"-1 day, 20:00:00",4c7927bec1831b823299c4a66591cf2a7088d9b3e3c4dde9be7f6ebdbfbce08e
2024-05-14,2024-05-14 00:00:00,2024-05-15 00:00:00,UNRESOLVED,NAS100_LABELLED_D1_BAR_START_DATE_ONLY,2024-05-14T00:00:00-04:00,2024-05-14T04:00:00Z,2024-05-14T12:00:00+08:00,"-1 day, 20:00:00",0ba0718de9c0e6de4270178fd5d7fd8b79bee79c6297690e841484a6056c03d3
2024-05-15,2024-05-15 00:00:00,2024-05-16 00:00:00,UNRESOLVED,NAS100_LABELLED_D1_BAR_START_DATE_ONLY,2024-05-15T00:00:00-04:00,2024-05-15T04:00:00Z,2024-05-15T12:00:00+08:00,"-1 day, 20:00:00",cae2a0626cb828a20fea931a2c3d23b47e251b64b29f55d09539b2d331dc63a0
2024-05-16,2024-05-16 00:00:00,2024-05-17 00:00:00,UNRESOLVED,NAS100_LABELLED_D1_BAR_START_DATE_ONLY,2024-05-16T00:00:00-04:00,2024-05-16T04:00:00Z,2024-05-16T12:00:00+08:00,"-1 day, 20:00:00",a78e304568b9620411a00c8befb8947286da1d5d638fceafdbab7b57b4a9ef30
2024-05-17,2024-05-17 00:00:00,2024-05-18 00:00:00,UNRESOLVED,NAS100_LABELLED_D1_BAR_START_DATE_ONLY,2024-05-17T00:00:00-04:00,2024-05-17T04:00:00Z,2024-05-17T12:00:00+08:00,"-1 day, 20:00:00",b75c3d5ccc93ec4950acad0a88656263d154eba82b9ce85c3ef7cd6b8124de84
2024-05-20,2024-05-20 00:00:00,2024-05-21 00:00:00,UNRESOLVED,NAS100_LABELLED_D1_BAR_START_DATE_ONLY,2024-05-20T00:00:00-04:00,2024-05-20T04:00:00Z,2024-05-20T12:00:00+08:00,"-1 day, 20:00:00",c9cee0c7740d0778ff073feaf777e1c10044ddd30f2a1ca0639f9706af2af9bf
2024-05-21,2024-05-21 00:00:00,2024-05-22 00:00:00,UNRESOLVED,NAS100_LABELLED_D1_BAR_START_DATE_ONLY,2024-05-21T00:00:00-04:00,2024-05-21T04:00:00Z,2024-05-21T12:00:00+08:00,"-1 day, 20:00:00",0c7fc73e4aa8e1077ac8ff46be0e7c4af50154bc419ed03fa58ebaae7f0ff5b0
2024-05-22,2024-05-22 00:00:00,2024-05-23 00:00:00,UNRESOLVED,NAS100_LABELLED_D1_BAR_START_DATE_ONLY,2024-05-22T00:00:00-04:00,2024-05-22T04:00:00Z,2024-05-22T12:00:00+08:00,"-1 day, 20:00:00",7c085d172412ab70ff0bc7b16eda832dc66fa2521eeebcacbf28d80f24bba1f6
2024-05-23,2024-05-23 00:00:00,2024-05-24 00:00:00,UNRESOLVED,NAS100_LABELLED_D1_BAR_START_DATE_ONLY,2024-05-23T00:00:00-04:00,2024-05-23T04:00:00Z,2024-05-23T12:00:00+08:00,"-1 day, 20:00:00",b40f1fcb7934b970aed760af46dc5335bb6191e70b3c046c1178c95c5fdea5f2
2024-05-24,2024-05-24 00:00:00,2024-05-25 00:00:00,UNRESOLVED,NAS100_LABELLED_D1_BAR_START_DATE_ONLY,2024-05-24T00:00:00-04:00,2024-05-24T04:00:00Z,2024-05-24T12:00:00+08:00,"-1 day, 20:00:00",3a71f5536c0760dfb445417c1c8aa5185a24dc5bbcc524d0bfae271028de3c91
2024-05-27,2024-05-27 00:00:00,2024-05-28 00:00:00,UNRESOLVED,NAS100_LABELLED_D1_BAR_START_DATE_ONLY,2024-05-27T00:00:00-04:00,2024-05-27T04:00:00Z,2024-05-27T12:00:00+08:00,"-1 day, 20:00:00",d2c91e1c92d4ad6540ec2e931b2df94cd486551b73fcaa84439c9e772ee2a9c3
2024-05-28,2024-05-28 00:00:00,2024-05-29 00:00:00,UNRESOLVED,NAS100_LABELLED_D1_BAR_START_DATE_ONLY,2024-05-28T00:00:00-04:00,2024-05-28T04:00:00Z,2024-05-28T12:00:00+08:00,"-1 day, 20:00:00",81c584597dbfd1b6ac7ecb56c0b527e324b7baef0e898e809182962650d4a79f
2024-05-29,2024-05-29 00:00:00,2024-05-30 00:00:00,UNRESOLVED,NAS100_LABELLED_D1_BAR_START_DATE_ONLY,2024-05-29T00:00:00-04:00,2024-05-29T04:00:00Z,2024-05-29T12:00:00+08:00,"-1 day, 20:00:00",10c24c4718af09fa2265197398bacd91e5657dda84591127463ae2c3a01866f0
2024-05-30,2024-05-30 00:00:00,2024-05-31 00:00:00,UNRESOLVED,NAS100_LABELLED_D1_BAR_START_DATE_ONLY,2024-05-30T00:00:00-04:00,2024-05-30T04:00:00Z,2024-05-30T12:00:00+08:00,"-1 day, 20:00:00",4d7ca329bf64c750d067576186ce464fbae7af15a7de9fcde0c10d81bafba1e1
2024-05-31,2024-05-31 00:00:00,2024-06-01 00:00:00,UNRESOLVED,NAS100_LABELLED_D1_BAR_START_DATE_ONLY,2024-05-31T00:00:00-04:00,2024-05-31T04:00:00Z,2024-05-31T12:00:00+08:00,"-1 day, 20:00:00",f953c546823ded980ff61623ab0a774778cc1bdd8b426d64a2f708ba8ef7b5aa
2024-06-03,2024-06-03 00:00:00,2024-06-04 00:00:00,UNRESOLVED,NAS100_LABELLED_D1_BAR_START_DATE_ONLY,2024-06-03T00:00:00-04:00,2024-06-03T04:00:00Z,2024-06-03T12:00:00+08:00,"-1 day, 20:00:00",65065c1ef2c122308791b9e9228d86ba7c05f42a76189133ca2a527c07914862
2024-06-04,2024-06-04 00:00:00,2024-06-05 00:00:00,UNRESOLVED,NAS100_LABELLED_D1_BAR_START_DATE_ONLY,2024-06-04T00:00:00-04:00,2024-06-04T04:00:00Z,2024-06-04T12:00:00+08:00,"-1 day, 20:00:00",5ec2c830c1ee518bedee61b105ad8ce4f14c89c67d624c259a33118c07955beb
2024-06-05,2024-06-05 00:00:00,2024-06-06 00:00:00,UNRESOLVED,NAS100_LABELLED_D1_BAR_START_DATE_ONLY,2024-06-05T00:00:00-04:00,2024-06-05T04:00:00Z,2024-06-05T12:00:00+08:00,"-1 day, 20:00:00",dbdf0d886110cfdb6ab5d8e52a897068e90062eac32d34a8fc1da3b51090d21b
2024-06-06,2024-06-06 00:00:00,2024-06-07 00:00:00,UNRESOLVED,NAS100_LABELLED_D1_BAR_START_DATE_ONLY,2024-06-06T00:00:00-04:00,2024-06-06T04:00:00Z,2024-06-06T12:00:00+08:00,"-1 day, 20:00:00",f734136f04be374eaffc52239d12eba2d7dd0fc0fbe37422fcbd84a8d2d4a851
2024-06-07,2024-06-07 00:00:00,2024-06-08 00:00:00,UNRESOLVED,NAS100_LABELLED_D1_BAR_START_DATE_ONLY,2024-06-07T00:00:00-04:00,2024-06-07T04:00:00Z,2024-06-07T12:00:00+08:00,"-1 day, 20:00:00",237474ea9260072dc458652d7c2053cdcaaf5f84ae2becf0a0dd58d18b4e6462
2024-06-10,2024-06-10 00:00:00,2024-06-11 00:00:00,UNRESOLVED,NAS100_LABELLED_D1_BAR_START_DATE_ONLY,2024-06-10T00:00:00-04:00,2024-06-10T04:00:00Z,2024-06-10T12:00:00+08:00,"-1 day, 20:00:00",583afe654595e750830008bdb89f346880a53f002475bce779e44b8ab084ae7d
2024-06-11,2024-06-11 00:00:00,2024-06-12 00:00:00,UNRESOLVED,NAS100_LABELLED_D1_BAR_START_DATE_ONLY,2024-06-11T00:00:00-04:00,2024-06-11T04:00:00Z,2024-06-11T12:00:00+08:00,"-1 day, 20:00:00",8766dd291c4337f54dae781e56ebbb0e081021e45d551ea404e1e3fe7f394150
2024-06-12,2024-06-12 00:00:00,2024-06-13 00:00:00,UNRESOLVED,NAS100_LABELLED_D1_BAR_START_DATE_ONLY,2024-06-12T00:00:00-04:00,2024-06-12T04:00:00Z,2024-06-12T12:00:00+08:00,"-1 day, 20:00:00",8264566c32a7d4909aacb9305fd351d635ad321f54ea9eca742ba181d0d364d5
2024-06-13,2024-06-13 00:00:00,2024-06-14 00:00:00,UNRESOLVED,NAS100_LABELLED_D1_BAR_START_DATE_ONLY,2024-06-13T00:00:00-04:00,2024-06-13T04:00:00Z,2024-06-13T12:00:00+08:00,"-1 day, 20:00:00",dad01e23219ede1526b7a4d666b6fd2f6abcbb56e42f2c3c0c9f35bcac6b1a4b
2024-06-14,2024-06-14 00:00:00,2024-06-15 00:00:00,UNRESOLVED,NAS100_LABELLED_D1_BAR_START_DATE_ONLY,2024-06-14T00:00:00-04:00,2024-06-14T04:00:00Z,2024-06-14T12:00:00+08:00,"-1 day, 20:00:00",f385aa6131eabe70c02853b6c4f568a77a579bc0a5c629b552f57956d94de56b
2024-06-17,2024-06-17 00:00:00,2024-06-18 00:00:00,UNRESOLVED,NAS100_LABELLED_D1_BAR_START_DATE_ONLY,2024-06-17T00:00:00-04:00,2024-06-17T04:00:00Z,2024-06-17T12:00:00+08:00,"-1 day, 20:00:00",bf97f1087a3a514ba7e1a60b260226ab2474e1f0b6d6e3aff0d4bbfa61e616ed
2024-06-18,2024-06-18 00:00:00,2024-06-19 00:00:00,UNRESOLVED,NAS100_LABELLED_D1_BAR_START_DATE_ONLY,2024-06-18T00:00:00-04:00,2024-06-18T04:00:00Z,2024-06-18T12:00:00+08:00,"-1 day, 20:00:00",975cc1ed66cc6f8747b8c0980fd14898990fbaff3430918b5a52b1fb4cf1d832
2024-06-19,2024-06-19 00:00:00,2024-06-20 00:00:00,UNRESOLVED,NAS100_LABELLED_D1_BAR_START_DATE_ONLY,2024-06-19T00:00:00-04:00,2024-06-19T04:00:00Z,2024-06-19T12:00:00+08:00,"-1 day, 20:00:00",1e63bff3b06d3dc1591abe83017ba1ba8ea2d54d398d6e435365fa989f9369b0
2024-06-20,2024-06-20 00:00:00,2024-06-21 00:00:00,UNRESOLVED,NAS100_LABELLED_D1_BAR_START_DATE_ONLY,2024-06-20T00:00:00-04:00,2024-06-20T04:00:00Z,2024-06-20T12:00:00+08:00,"-1 day, 20:00:00",6b2ad68aab08a14f846fd1b7ff8793060e39ae86898b67a81ec58a4530eb25cf
2024-06-21,2024-06-21 00:00:00,2024-06-22 00:00:00,UNRESOLVED,NAS100_LABELLED_D1_BAR_START_DATE_ONLY,2024-06-21T00:00:00-04:00,2024-06-21T04:00:00Z,2024-06-21T12:00:00+08:00,"-1 day, 20:00:00",05b88869baebb7735df8525d348eb7718c5602688acb815b709cc3a285aab77f
2024-06-24,2024-06-24 00:00:00,2024-06-25 00:00:00,UNRESOLVED,NAS100_LABELLED_D1_BAR_START_DATE_ONLY,2024-06-24T00:00:00-04:00,2024-06-24T04:00:00Z,2024-06-24T12:00:00+08:00,"-1 day, 20:00:00",b8701e653daf090c015414065b7360b95df5a4baaa547a46c972c72bd2faf4c3
2024-06-25,2024-06-25 00:00:00,2024-06-26 00:00:00,UNRESOLVED,NAS100_LABELLED_D1_BAR_START_DATE_ONLY,2024-06-25T00:00:00-04:00,2024-06-25T04:00:00Z,2024-06-25T12:00:00+08:00,"-1 day, 20:00:00",723b3a9c5c07eb0f263fb6b78d0dd9bed7590fc72f715afa72857ad0cc661416
2024-06-26,2024-06-26 00:00:00,2024-06-27 00:00:00,UNRESOLVED,NAS100_LABELLED_D1_BAR_START_DATE_ONLY,2024-06-26T00:00:00-04:00,2024-06-26T04:00:00Z,2024-06-26T12:00:00+08:00,"-1 day, 20:00:00",8b00bc7d6ecafe7c04bb333a599a3daaad78385f8354c949ea1b29211fd23a05
2024-06-27,2024-06-27 00:00:00,2024-06-28 00:00:00,UNRESOLVED,NAS100_LABELLED_D1_BAR_START_DATE_ONLY,2024-06-27T00:00:00-04:00,2024-06-27T04:00:00Z,2024-06-27T12:00:00+08:00,"-1 day, 20:00:00",a66ccfa7bee5cd6e8336f8751572c0cd7d6cf9f818b737d9ad46078b149b6fe9
2024-06-28,2024-06-28 00:00:00,2024-06-29 00:00:00,UNRESOLVED,NAS100_LABELLED_D1_BAR_START_DATE_ONLY,2024-06-28T00:00:00-04:00,2024-06-28T04:00:00Z,2024-06-28T12:00:00+08:00,"-1 day, 20:00:00",a471caceb4f6fd78294a91b3357008df7cc241fda4c995006bf5242f6e47632f
2024-07-01,2024-07-01 00:00:00,2024-07-02 00:00:00,UNRESOLVED,NAS100_LABELLED_D1_BAR_START_DATE_ONLY,2024-07-01T00:00:00-04:00,2024-07-01T04:00:00Z,2024-07-01T12:00:00+08:00,"-1 day, 20:00:00",f250ccaf8fa66fbf01a19717a3795df2b7b92f2af753478aef6579cc47d6a0a2
2024-07-02,2024-07-02 00:00:00,2024-07-03 00:00:00,UNRESOLVED,NAS100_LABELLED_D1_BAR_START_DATE_ONLY,2024-07-02T00:00:00-04:00,2024-07-02T04:00:00Z,2024-07-02T12:00:00+08:00,"-1 day, 20:00:00",29ac220484088fa276bc2f6ff0d12043788311f4755a01931a71a1eb05353748
2024-07-03,2024-07-03 00:00:00,2024-07-04 00:00:00,UNRESOLVED,NAS100_LABELLED_D1_BAR_START_DATE_ONLY,2024-07-03T00:00:00-04:00,2024-07-03T04:00:00Z,2024-07-03T12:00:00+08:00,"-1 day, 20:00:00",697367f5468ff4d687a2907fc844ed5e67c4947d2695f80d62c7d617058ce59f
2024-07-04,2024-07-04 00:00:00,2024-07-05 00:00:00,UNRESOLVED,NAS100_LABELLED_D1_BAR_START_DATE_ONLY,2024-07-04T00:00:00-04:00,2024-07-04T04:00:00Z,2024-07-04T12:00:00+08:00,"-1 day, 20:00:00",2c3496b8ea30cf58b6494b5fa2b93632733bdcfb41ed01a6b5bc300daefa989e
2024-07-05,2024-07-05 00:00:00,2024-07-06 00:00:00,UNRESOLVED,NAS100_LABELLED_D1_BAR_START_DATE_ONLY,2024-07-05T00:00:00-04:00,2024-07-05T04:00:00Z,2024-07-05T12:00:00+08:00,"-1 day, 20:00:00",b7b0fd5f12dfefb624418f640a6723d17cdaef74622b7b29f128d2f8b566a1ac
2024-07-08,2024-07-08 00:00:00,2024-07-09 00:00:00,UNRESOLVED,NAS100_LABELLED_D1_BAR_START_DATE_ONLY,2024-07-08T00:00:00-04:00,2024-07-08T04:00:00Z,2024-07-08T12:00:00+08:00,"-1 day, 20:00:00",248deb224c5b6eb214b40c0ec9a6750615fa3f5aae18f43e6f7890d00f7d1ee6
2024-07-09,2024-07-09 00:00:00,2024-07-10 00:00:00,UNRESOLVED,NAS100_LABELLED_D1_BAR_START_DATE_ONLY,2024-07-09T00:00:00-04:00,2024-07-09T04:00:00Z,2024-07-09T12:00:00+08:00,"-1 day, 20:00:00",049d1355f9ed4494e45cc5c0c624fae66c4c49530b3a747850ac5c19e728bd9f
2024-07-10,2024-07-10 00:00:00,2024-07-11 00:00:00,UNRESOLVED,NAS100_LABELLED_D1_BAR_START_DATE_ONLY,2024-07-10T00:00:00-04:00,2024-07-10T04:00:00Z,2024-07-10T12:00:00+08:00,"-1 day, 20:00:00",9a6f8e4a93144126f1e502b777ba8111a2130a30f04d1fcda7179fc1e4503d55
2024-07-11,2024-07-11 00:00:00,2024-07-12 00:00:00,UNRESOLVED,NAS100_LABELLED_D1_BAR_START_DATE_ONLY,2024-07-11T00:00:00-04:00,2024-07-11T04:00:00Z,2024-07-11T12:00:00+08:00,"-1 day, 20:00:00",9f3133c99ea62ae0306949c8ea6ac3aff95ce497575d91c17abe72f46fa24215
2024-07-12,2024-07-12 00:00:00,2024-07-13 00:00:00,UNRESOLVED,NAS100_LABELLED_D1_BAR_START_DATE_ONLY,2024-07-12T00:00:00-04:00,2024-07-12T04:00:00Z,2024-07-12T12:00:00+08:00,"-1 day, 20:00:00",8fdd9f9de81ac07f39c7b8125fb10ac6bd25410fcd2266c6de3a3b79062b5291
2024-07-15,2024-07-15 00:00:00,2024-07-16 00:00:00,UNRESOLVED,NAS100_LABELLED_D1_BAR_START_DATE_ONLY,2024-07-15T00:00:00-04:00,2024-07-15T04:00:00Z,2024-07-15T12:00:00+08:00,"-1 day, 20:00:00",cbfefc3321bf3bd1819bd66f1141f59a0d27568a2ee6b43b3bd0767987dfdc32
2024-07-16,2024-07-16 00:00:00,2024-07-17 00:00:00,UNRESOLVED,NAS100_LABELLED_D1_BAR_START_DATE_ONLY,2024-07-16T00:00:00-04:00,2024-07-16T04:00:00Z,2024-07-16T12:00:00+08:00,"-1 day, 20:00:00",3512a6dcf19e3297477e52cefdd770c56b4c02308a972782c8d9ab1dfee07368
2024-07-17,2024-07-17 00:00:00,2024-07-18 00:00:00,UNRESOLVED,NAS100_LABELLED_D1_BAR_START_DATE_ONLY,2024-07-17T00:00:00-04:00,2024-07-17T04:00:00Z,2024-07-17T12:00:00+08:00,"-1 day, 20:00:00",81a186095fe2d28ddc8c0a7f166f6d6d578a503d34583009a56db8b599324f64
2024-07-18,2024-07-18 00:00:00,2024-07-19 00:00:00,UNRESOLVED,NAS100_LABELLED_D1_BAR_START_DATE_ONLY,2024-07-18T00:00:00-04:00,2024-07-18T04:00:00Z,2024-07-18T12:00:00+08:00,"-1 day, 20:00:00",d283b62a4ecc998f4ceb3711d494a1bf939fff6f5115fcea9fb1d833ff2d3d05
2024-07-19,2024-07-19 00:00:00,2024-07-20 00:00:00,UNRESOLVED,NAS100_LABELLED_D1_BAR_START_DATE_ONLY,2024-07-19T00:00:00-04:00,2024-07-19T04:00:00Z,2024-07-19T12:00:00+08:00,"-1 day, 20:00:00",ad4642198bfaa15eb60e876be4686c2f1833c1260d0ea1e0b65f95cc7a92bd57
2024-07-22,2024-07-22 00:00:00,2024-07-23 00:00:00,UNRESOLVED,NAS100_LABELLED_D1_BAR_START_DATE_ONLY,2024-07-22T00:00:00-04:00,2024-07-22T04:00:00Z,2024-07-22T12:00:00+08:00,"-1 day, 20:00:00",468d0bd72cd330139acf758ee14e0e227c21c48e777f4502e0a0b473439e94d7
2024-07-23,2024-07-23 00:00:00,2024-07-24 00:00:00,UNRESOLVED,NAS100_LABELLED_D1_BAR_START_DATE_ONLY,2024-07-23T00:00:00-04:00,2024-07-23T04:00:00Z,2024-07-23T12:00:00+08:00,"-1 day, 20:00:00",ac92019bca3c61bbbc7bcdddab7ee89edf2ee2b5e4f17e180ccc08a5c59588e1
2024-07-24,2024-07-24 00:00:00,2024-07-25 00:00:00,UNRESOLVED,NAS100_LABELLED_D1_BAR_START_DATE_ONLY,2024-07-24T00:00:00-04:00,2024-07-24T04:00:00Z,2024-07-24T12:00:00+08:00,"-1 day, 20:00:00",58f5ede6913b5fb4cf3ecbd8f6f19d6df4212d878c7f6c5dd3e5ac7e13e7dd48
2024-07-25,2024-07-25 00:00:00,2024-07-26 00:00:00,UNRESOLVED,NAS100_LABELLED_D1_BAR_START_DATE_ONLY,2024-07-25T00:00:00-04:00,2024-07-25T04:00:00Z,2024-07-25T12:00:00+08:00,"-1 day, 20:00:00",de04ef04ffffc13c50050e19dccf18f7aa7590f5662c26d40d26c8d53ce2b90c
2024-07-26,2024-07-26 00:00:00,2024-07-27 00:00:00,UNRESOLVED,NAS100_LABELLED_D1_BAR_START_DATE_ONLY,2024-07-26T00:00:00-04:00,2024-07-26T04:00:00Z,2024-07-26T12:00:00+08:00,"-1 day, 20:00:00",9aa96c331334c8a8d7ea4a2e0f24f30fd2957ef4240bbc7dabfc75e4e1fda474
2024-07-29,2024-07-29 00:00:00,2024-07-30 00:00:00,UNRESOLVED,NAS100_LABELLED_D1_BAR_START_DATE_ONLY,2024-07-29T00:00:00-04:00,2024-07-29T04:00:00Z,2024-07-29T12:00:00+08:00,"-1 day, 20:00:00",9269bbc4f99c3ef0972740c685c6c7c6ba6298bc04c498e8b13bedb20785a9a0
2024-07-30,2024-07-30 00:00:00,2024-07-31 00:00:00,UNRESOLVED,NAS100_LABELLED_D1_BAR_START_DATE_ONLY,2024-07-30T00:00:00-04:00,2024-07-30T04:00:00Z,2024-07-30T12:00:00+08:00,"-1 day, 20:00:00",f26a08e0be852ecb8e146f7930eb0f67647706762964ef4f211e57d4117b03a3
2024-07-31,2024-07-31 00:00:00,2024-08-01 00:00:00,UNRESOLVED,NAS100_LABELLED_D1_BAR_START_DATE_ONLY,2024-07-31T00:00:00-04:00,2024-07-31T04:00:00Z,2024-07-31T12:00:00+08:00,"-1 day, 20:00:00",84d149272790eb6479b26be11b4ab2126cc08376383c645c69808a412c6b01e7
2024-08-01,2024-08-01 00:00:00,2024-08-02 00:00:00,UNRESOLVED,NAS100_LABELLED_D1_BAR_START_DATE_ONLY,2024-08-01T00:00:00-04:00,2024-08-01T04:00:00Z,2024-08-01T12:00:00+08:00,"-1 day, 20:00:00",af4335dd092130cd120243cf698719c120cd5ce429379a269399c95648bb0e06
2024-08-02,2024-08-02 00:00:00,2024-08-03 00:00:00,UNRESOLVED,NAS100_LABELLED_D1_BAR_START_DATE_ONLY,2024-08-02T00:00:00-04:00,2024-08-02T04:00:00Z,2024-08-02T12:00:00+08:00,"-1 day, 20:00:00",e4c555268818d539a71fd553dccf0c9774d8b7cc16f36e7d47c33fa5c793e58b
2024-08-05,2024-08-05 00:00:00,2024-08-06 00:00:00,UNRESOLVED,NAS100_LABELLED_D1_BAR_START_DATE_ONLY,2024-08-05T00:00:00-04:00,2024-08-05T04:00:00Z,2024-08-05T12:00:00+08:00,"-1 day, 20:00:00",35b0750fc0fc95aef317da297fee7f405f980222af06a19fd5739430bd863c56
2024-08-06,2024-08-06 00:00:00,2024-08-07 00:00:00,UNRESOLVED,NAS100_LABELLED_D1_BAR_START_DATE_ONLY,2024-08-06T00:00:00-04:00,2024-08-06T04:00:00Z,2024-08-06T12:00:00+08:00,"-1 day, 20:00:00",6dfcd9127e778959f50f2bd0bd35d0ab0b35014033a9847a8b63a82ffc38382d
2024-08-07,2024-08-07 00:00:00,2024-08-08 00:00:00,UNRESOLVED,NAS100_LABELLED_D1_BAR_START_DATE_ONLY,2024-08-07T00:00:00-04:00,2024-08-07T04:00:00Z,2024-08-07T12:00:00+08:00,"-1 day, 20:00:00",5063253dc5f99027de94dfcf4af9fb1f346ef78ef38cf7eb89cadf684292b83e
2024-08-08,2024-08-08 00:00:00,2024-08-09 00:00:00,UNRESOLVED,NAS100_LABELLED_D1_BAR_START_DATE_ONLY,2024-08-08T00:00:00-04:00,2024-08-08T04:00:00Z,2024-08-08T12:00:00+08:00,"-1 day, 20:00:00",9b0ef9b47dc9b4d3f8b39ad9e19acdd663b4639be158b80c9f21dac4e60e14ab
2024-08-09,2024-08-09 00:00:00,2024-08-10 00:00:00,UNRESOLVED,NAS100_LABELLED_D1_BAR_START_DATE_ONLY,2024-08-09T00:00:00-04:00,2024-08-09T04:00:00Z,2024-08-09T12:00:00+08:00,"-1 day, 20:00:00",d516c9bd2d4867729e8f946003164c8268803ec3f0855750f535651bee3fe750
2024-08-12,2024-08-12 00:00:00,2024-08-13 00:00:00,UNRESOLVED,NAS100_LABELLED_D1_BAR_START_DATE_ONLY,2024-08-12T00:00:00-04:00,2024-08-12T04:00:00Z,2024-08-12T12:00:00+08:00,"-1 day, 20:00:00",9a3342d1507f25bbf6722b740d78c1928b1d3627bc70561877a5a57789d8fde9
2024-08-13,2024-08-13 00:00:00,2024-08-14 00:00:00,UNRESOLVED,NAS100_LABELLED_D1_BAR_START_DATE_ONLY,2024-08-13T00:00:00-04:00,2024-08-13T04:00:00Z,2024-08-13T12:00:00+08:00,"-1 day, 20:00:00",cb9558f48c6ea719bdaa907cd304f3951829aaffaa533a71e47682071440a091
2024-08-14,2024-08-14 00:00:00,2024-08-15 00:00:00,UNRESOLVED,NAS100_LABELLED_D1_BAR_START_DATE_ONLY,2024-08-14T00:00:00-04:00,2024-08-14T04:00:00Z,2024-08-14T12:00:00+08:00,"-1 day, 20:00:00",7401b50b0e72a2f8657c56b9043b54caf1aee9958a32180754decf20ef4aa4f8
2024-08-15,2024-08-15 00:00:00,2024-08-16 00:00:00,UNRESOLVED,NAS100_LABELLED_D1_BAR_START_DATE_ONLY,2024-08-15T00:00:00-04:00,2024-08-15T04:00:00Z,2024-08-15T12:00:00+08:00,"-1 day, 20:00:00",e16b8b447fccb7437e6c7d2285a1ec83844e872b5ba31beea057156e4a6966ea
2024-08-16,2024-08-16 00:00:00,2024-08-17 00:00:00,UNRESOLVED,NAS100_LABELLED_D1_BAR_START_DATE_ONLY,2024-08-16T00:00:00-04:00,2024-08-16T04:00:00Z,2024-08-16T12:00:00+08:00,"-1 day, 20:00:00",eb0494d8298b9326e3812f0765f72d9a11696cdef00d86a09ce5b6575049bef3
2024-08-19,2024-08-19 00:00:00,2024-08-20 00:00:00,UNRESOLVED,NAS100_LABELLED_D1_BAR_START_DATE_ONLY,2024-08-19T00:00:00-04:00,2024-08-19T04:00:00Z,2024-08-19T12:00:00+08:00,"-1 day, 20:00:00",f5de4fffa30cb8c6d99cd5fccd494de80c1d1f6f74e3f596c49c414beaa3a9bd
2024-08-20,2024-08-20 00:00:00,2024-08-21 00:00:00,UNRESOLVED,NAS100_LABELLED_D1_BAR_START_DATE_ONLY,2024-08-20T00:00:00-04:00,2024-08-20T04:00:00Z,2024-08-20T12:00:00+08:00,"-1 day, 20:00:00",e75c78bdbff7979872b6e69024438bc552343ad65724539f1644b0bf9e1f8969
2024-08-21,2024-08-21 00:00:00,2024-08-22 00:00:00,UNRESOLVED,NAS100_LABELLED_D1_BAR_START_DATE_ONLY,2024-08-21T00:00:00-04:00,2024-08-21T04:00:00Z,2024-08-21T12:00:00+08:00,"-1 day, 20:00:00",436b1bc67e9002021cdefdf358b45bdfc5db1c1d5454100fa65457031856eabf
2024-08-22,2024-08-22 00:00:00,2024-08-23 00:00:00,UNRESOLVED,NAS100_LABELLED_D1_BAR_START_DATE_ONLY,2024-08-22T00:00:00-04:00,2024-08-22T04:00:00Z,2024-08-22T12:00:00+08:00,"-1 day, 20:00:00",8ce4ba80e0d4a3c80913c48b2070e50389eb8f3d3ade8275fda414af7e874386
2024-08-23,2024-08-23 00:00:00,2024-08-24 00:00:00,UNRESOLVED,NAS100_LABELLED_D1_BAR_START_DATE_ONLY,2024-08-23T00:00:00-04:00,2024-08-23T04:00:00Z,2024-08-23T12:00:00+08:00,"-1 day, 20:00:00",e93e8bb00613b8a118d7c62ff3e9c70958cc8e701220577a7f60ddbb55bab1fd
2024-08-26,2024-08-26 00:00:00,2024-08-27 00:00:00,UNRESOLVED,NAS100_LABELLED_D1_BAR_START_DATE_ONLY,2024-08-26T00:00:00-04:00,2024-08-26T04:00:00Z,2024-08-26T12:00:00+08:00,"-1 day, 20:00:00",fc33edc4f83647e857d8054cef0b4920d0a0566f9dfbbe968357816760d010e0
2024-08-27,2024-08-27 00:00:00,2024-08-28 00:00:00,UNRESOLVED,NAS100_LABELLED_D1_BAR_START_DATE_ONLY,2024-08-27T00:00:00-04:00,2024-08-27T04:00:00Z,2024-08-27T12:00:00+08:00,"-1 day, 20:00:00",db490b9fca6de58c0ba28485d5e088cb1a8ea71c814649da249e96ea7c32f851
2024-08-28,2024-08-28 00:00:00,2024-08-29 00:00:00,UNRESOLVED,NAS100_LABELLED_D1_BAR_START_DATE_ONLY,2024-08-28T00:00:00-04:00,2024-08-28T04:00:00Z,2024-08-28T12:00:00+08:00,"-1 day, 20:00:00",01858d86d2c4807a1452d3df3737c4200ac6e7c4e7daec1195ff79a5a5211a00
2024-08-29,2024-08-29 00:00:00,2024-08-30 00:00:00,UNRESOLVED,NAS100_LABELLED_D1_BAR_START_DATE_ONLY,2024-08-29T00:00:00-04:00,2024-08-29T04:00:00Z,2024-08-29T12:00:00+08:00,"-1 day, 20:00:00",a61f199df2ca81c2acf06afd77481001170bb614115fa39e4a3bb4e492dcf3f6
2024-08-30,2024-08-30 00:00:00,2024-08-31 00:00:00,UNRESOLVED,NAS100_LABELLED_D1_BAR_START_DATE_ONLY,2024-08-30T00:00:00-04:00,2024-08-30T04:00:00Z,2024-08-30T12:00:00+08:00,"-1 day, 20:00:00",f9536f75cd4a8b9feced6082c36a7423bfa40f14b77c5f12674d15d4b3326658
2024-09-02,2024-09-02 00:00:00,2024-09-03 00:00:00,UNRESOLVED,NAS100_LABELLED_D1_BAR_START_DATE_ONLY,2024-09-02T00:00:00-04:00,2024-09-02T04:00:00Z,2024-09-02T12:00:00+08:00,"-1 day, 20:00:00",4a9b42852657a2d0ff8e6d3db3f4edfc3f4ff3ffa5557edee4063bd7190877a5
2024-09-03,2024-09-03 00:00:00,2024-09-04 00:00:00,UNRESOLVED,NAS100_LABELLED_D1_BAR_START_DATE_ONLY,2024-09-03T00:00:00-04:00,2024-09-03T04:00:00Z,2024-09-03T12:00:00+08:00,"-1 day, 20:00:00",ee472638f331840643a3d24bc9a85cb78810b7a7b2292ff0b0d860dbdfe9a2e1
2024-09-04,2024-09-04 00:00:00,2024-09-05 00:00:00,UNRESOLVED,NAS100_LABELLED_D1_BAR_START_DATE_ONLY,2024-09-04T00:00:00-04:00,2024-09-04T04:00:00Z,2024-09-04T12:00:00+08:00,"-1 day, 20:00:00",e4368c9a563d1de5f662650914a5118f577211d035009351e88e39d5fc4d00cb
2024-09-05,2024-09-05 00:00:00,2024-09-06 00:00:00,UNRESOLVED,NAS100_LABELLED_D1_BAR_START_DATE_ONLY,2024-09-05T00:00:00-04:00,2024-09-05T04:00:00Z,2024-09-05T12:00:00+08:00,"-1 day, 20:00:00",a74d3fa4c52ca308389ccbf4590f9e1c4b09071b9d5f7f4391a020f83b8e0233
2024-09-06,2024-09-06 00:00:00,2024-09-07 00:00:00,UNRESOLVED,NAS100_LABELLED_D1_BAR_START_DATE_ONLY,2024-09-06T00:00:00-04:00,2024-09-06T04:00:00Z,2024-09-06T12:00:00+08:00,"-1 day, 20:00:00",2af57f1d2e543728eb2df0799fc951e5aa7abfb0b823ea3d0ff22afd8be4efe7
2024-09-09,2024-09-09 00:00:00,2024-09-10 00:00:00,UNRESOLVED,NAS100_LABELLED_D1_BAR_START_DATE_ONLY,2024-09-09T00:00:00-04:00,2024-09-09T04:00:00Z,2024-09-09T12:00:00+08:00,"-1 day, 20:00:00",d87ebdbd2b835597463745cc514799f325fd40ef8c2bddbbe12c9b02f9dc7fcd
2024-09-10,2024-09-10 00:00:00,2024-09-11 00:00:00,UNRESOLVED,NAS100_LABELLED_D1_BAR_START_DATE_ONLY,2024-09-10T00:00:00-04:00,2024-09-10T04:00:00Z,2024-09-10T12:00:00+08:00,"-1 day, 20:00:00",d1afb649ee78f50d080bd1edff855d35b7b29494a67df5628b60ae983cf04e19
2024-09-11,2024-09-11 00:00:00,2024-09-12 00:00:00,UNRESOLVED,NAS100_LABELLED_D1_BAR_START_DATE_ONLY,2024-09-11T00:00:00-04:00,2024-09-11T04:00:00Z,2024-09-11T12:00:00+08:00,"-1 day, 20:00:00",6c69623693c89dc000966785faf6b643a5fbc706fe7480664ca0c1bfbcf2be6d
2024-09-12,2024-09-12 00:00:00,2024-09-13 00:00:00,UNRESOLVED,NAS100_LABELLED_D1_BAR_START_DATE_ONLY,2024-09-12T00:00:00-04:00,2024-09-12T04:00:00Z,2024-09-12T12:00:00+08:00,"-1 day, 20:00:00",b0fc4ce52fb19742502919aea8bfe4dd6556d4087a7663e651491f788de207b3
2024-09-13,2024-09-13 00:00:00,2024-09-14 00:00:00,UNRESOLVED,NAS100_LABELLED_D1_BAR_START_DATE_ONLY,2024-09-13T00:00:00-04:00,2024-09-13T04:00:00Z,2024-09-13T12:00:00+08:00,"-1 day, 20:00:00",e996931098de958ec72f17fb146c06d3d2003cbe4ff49b1e9963e04e51618792
2024-09-16,2024-09-16 00:00:00,2024-09-17 00:00:00,UNRESOLVED,NAS100_LABELLED_D1_BAR_START_DATE_ONLY,2024-09-16T00:00:00-04:00,2024-09-16T04:00:00Z,2024-09-16T12:00:00+08:00,"-1 day, 20:00:00",f86023d2cc48bbaac901eb563d0caf2fdc0ddf2a6a8d4ffdaa262d18ba027ac6
2024-09-17,2024-09-17 00:00:00,2024-09-18 00:00:00,UNRESOLVED,NAS100_LABELLED_D1_BAR_START_DATE_ONLY,2024-09-17T00:00:00-04:00,2024-09-17T04:00:00Z,2024-09-17T12:00:00+08:00,"-1 day, 20:00:00",d849984d920bd0307be2b56b9a594f9c03b3883f067f865f9f731c34eeef93a4
2024-09-18,2024-09-18 00:00:00,2024-09-19 00:00:00,UNRESOLVED,NAS100_LABELLED_D1_BAR_START_DATE_ONLY,2024-09-18T00:00:00-04:00,2024-09-18T04:00:00Z,2024-09-18T12:00:00+08:00,"-1 day, 20:00:00",0fcca3b70fd4710f44964504e55e4ddd04a303f1aa65c47fff3cd3dbe11543f4
2024-09-19,2024-09-19 00:00:00,2024-09-20 00:00:00,UNRESOLVED,NAS100_LABELLED_D1_BAR_START_DATE_ONLY,2024-09-19T00:00:00-04:00,2024-09-19T04:00:00Z,2024-09-19T12:00:00+08:00,"-1 day, 20:00:00",41e75bf98b5add9435688e1c03b214285f2cde5dd02c11820074ae4924e86b19
2024-09-20,2024-09-20 00:00:00,2024-09-21 00:00:00,UNRESOLVED,NAS100_LABELLED_D1_BAR_START_DATE_ONLY,2024-09-20T00:00:00-04:00,2024-09-20T04:00:00Z,2024-09-20T12:00:00+08:00,"-1 day, 20:00:00",34835613914aad729319c88acc90d84147e420a499c6b4ef77af1c5d742afc96
2024-09-23,2024-09-23 00:00:00,2024-09-24 00:00:00,UNRESOLVED,NAS100_LABELLED_D1_BAR_START_DATE_ONLY,2024-09-23T00:00:00-04:00,2024-09-23T04:00:00Z,2024-09-23T12:00:00+08:00,"-1 day, 20:00:00",0fc3e1b121b6ad842130f07610501ef4aec5b7c7621519767d6c18adf95d13a3
2024-09-24,2024-09-24 00:00:00,2024-09-25 00:00:00,UNRESOLVED,NAS100_LABELLED_D1_BAR_START_DATE_ONLY,2024-09-24T00:00:00-04:00,2024-09-24T04:00:00Z,2024-09-24T12:00:00+08:00,"-1 day, 20:00:00",f7664cae31210297b3cdf3186ee301ead6fcf4935e53fcdc1051ba5cb2c645bf
2024-09-25,2024-09-25 00:00:00,2024-09-26 00:00:00,UNRESOLVED,NAS100_LABELLED_D1_BAR_START_DATE_ONLY,2024-09-25T00:00:00-04:00,2024-09-25T04:00:00Z,2024-09-25T12:00:00+08:00,"-1 day, 20:00:00",cdc4fe8ccfaf4582a75018f385586ffef30125c6a9a859f7ac7c7bbd28eeb2e7
2024-09-26,2024-09-26 00:00:00,2024-09-27 00:00:00,UNRESOLVED,NAS100_LABELLED_D1_BAR_START_DATE_ONLY,2024-09-26T00:00:00-04:00,2024-09-26T04:00:00Z,2024-09-26T12:00:00+08:00,"-1 day, 20:00:00",775d4ef1980acdd71840fb371d8265ee835f29c3ba8128e512f14ccd5146abb1
2024-09-27,2024-09-27 00:00:00,2024-09-28 00:00:00,UNRESOLVED,NAS100_LABELLED_D1_BAR_START_DATE_ONLY,2024-09-27T00:00:00-04:00,2024-09-27T04:00:00Z,2024-09-27T12:00:00+08:00,"-1 day, 20:00:00",8b2185a08bda5d245ec69921b7137d23f8b78ce125069f7411c37856aa693381
2024-09-30,2024-09-30 00:00:00,2024-10-01 00:00:00,UNRESOLVED,NAS100_LABELLED_D1_BAR_START_DATE_ONLY,2024-09-30T00:00:00-04:00,2024-09-30T04:00:00Z,2024-09-30T12:00:00+08:00,"-1 day, 20:00:00",2731fe755dbc2192f78e28dea0e8d47bbd0f1c2aba4ca57dfab8b7355bc628f2
2024-10-01,2024-10-01 00:00:00,2024-10-02 00:00:00,UNRESOLVED,NAS100_LABELLED_D1_BAR_START_DATE_ONLY,2024-10-01T00:00:00-04:00,2024-10-01T04:00:00Z,2024-10-01T12:00:00+08:00,"-1 day, 20:00:00",9d19150d968adf1f1f2ff25d37f06fb19145e3c4d1173939331ef0102317d374
2024-10-02,2024-10-02 00:00:00,2024-10-03 00:00:00,UNRESOLVED,NAS100_LABELLED_D1_BAR_START_DATE_ONLY,2024-10-02T00:00:00-04:00,2024-10-02T04:00:00Z,2024-10-02T12:00:00+08:00,"-1 day, 20:00:00",7483928cb4eea5223e3dd2ace0becef4c40a98fc5188d3b2777108cc3aaf109f
2024-10-03,2024-10-03 00:00:00,2024-10-04 00:00:00,UNRESOLVED,NAS100_LABELLED_D1_BAR_START_DATE_ONLY,2024-10-03T00:00:00-04:00,2024-10-03T04:00:00Z,2024-10-03T12:00:00+08:00,"-1 day, 20:00:00",ca5301ad85b3079c1a8758bd0a8310e9bed677437679b3c2ae55e86f0e69cb7b
2024-10-04,2024-10-04 00:00:00,2024-10-05 00:00:00,UNRESOLVED,NAS100_LABELLED_D1_BAR_START_DATE_ONLY,2024-10-04T00:00:00-04:00,2024-10-04T04:00:00Z,2024-10-04T12:00:00+08:00,"-1 day, 20:00:00",cbff84f3fc6e3071337c72c095f84f1ec0854517be189bdfcd3c0f6314cf9c25
2024-10-07,2024-10-07 00:00:00,2024-10-08 00:00:00,UNRESOLVED,NAS100_LABELLED_D1_BAR_START_DATE_ONLY,2024-10-07T00:00:00-04:00,2024-10-07T04:00:00Z,2024-10-07T12:00:00+08:00,"-1 day, 20:00:00",cc6277e510ec2e6153e66de79111fa4dfc52808fa2be3e5940eae996b27951c7
2024-10-08,2024-10-08 00:00:00,2024-10-09 00:00:00,UNRESOLVED,NAS100_LABELLED_D1_BAR_START_DATE_ONLY,2024-10-08T00:00:00-04:00,2024-10-08T04:00:00Z,2024-10-08T12:00:00+08:00,"-1 day, 20:00:00",40a36b05e596e24f2ccdceb3a6aba1e9c9012c6e3472d77ad3e0ef52852460ae
2024-10-09,2024-10-09 00:00:00,2024-10-10 00:00:00,UNRESOLVED,NAS100_LABELLED_D1_BAR_START_DATE_ONLY,2024-10-09T00:00:00-04:00,2024-10-09T04:00:00Z,2024-10-09T12:00:00+08:00,"-1 day, 20:00:00",44e23398887ab714ee7def50b77a35c397bf381d433f2d114e718b982709476a
2024-10-10,2024-10-10 00:00:00,2024-10-11 00:00:00,UNRESOLVED,NAS100_LABELLED_D1_BAR_START_DATE_ONLY,2024-10-10T00:00:00-04:00,2024-10-10T04:00:00Z,2024-10-10T12:00:00+08:00,"-1 day, 20:00:00",1a70933447bd380dd98bc368fad742063a7f02e21f4997c871d5269b6d1bd911
2024-10-11,2024-10-11 00:00:00,2024-10-12 00:00:00,UNRESOLVED,NAS100_LABELLED_D1_BAR_START_DATE_ONLY,2024-10-11T00:00:00-04:00,2024-10-11T04:00:00Z,2024-10-11T12:00:00+08:00,"-1 day, 20:00:00",95c20fd728701c92c05fe7b7a3969cccb44b516e59cc9cdcd8cd97c8ee07e5d2
2024-10-14,2024-10-14 00:00:00,2024-10-15 00:00:00,UNRESOLVED,NAS100_LABELLED_D1_BAR_START_DATE_ONLY,2024-10-14T00:00:00-04:00,2024-10-14T04:00:00Z,2024-10-14T12:00:00+08:00,"-1 day, 20:00:00",fdac9b5e24aa94bbd74d8498aefc4ee179f99a59c9660b24eaed1478955d97e6
2024-10-15,2024-10-15 00:00:00,2024-10-16 00:00:00,UNRESOLVED,NAS100_LABELLED_D1_BAR_START_DATE_ONLY,2024-10-15T00:00:00-04:00,2024-10-15T04:00:00Z,2024-10-15T12:00:00+08:00,"-1 day, 20:00:00",c54b6b96c637a203af332bbdbf9f9ddfc0b29a44e2806ba8fe5e01f2fac7b6f7
2024-10-16,2024-10-16 00:00:00,2024-10-17 00:00:00,UNRESOLVED,NAS100_LABELLED_D1_BAR_START_DATE_ONLY,2024-10-16T00:00:00-04:00,2024-10-16T04:00:00Z,2024-10-16T12:00:00+08:00,"-1 day, 20:00:00",3055c7cf9ab9ca1aa3778ffb17c59ca317100d1ad40769782744e75660e59a1c
2024-10-17,2024-10-17 00:00:00,2024-10-18 00:00:00,UNRESOLVED,NAS100_LABELLED_D1_BAR_START_DATE_ONLY,2024-10-17T00:00:00-04:00,2024-10-17T04:00:00Z,2024-10-17T12:00:00+08:00,"-1 day, 20:00:00",3669f26887e69988565c6df1f39244233b6e21bfc65195e0879896d97e060ad0
2024-10-18,2024-10-18 00:00:00,2024-10-19 00:00:00,UNRESOLVED,NAS100_LABELLED_D1_BAR_START_DATE_ONLY,2024-10-18T00:00:00-04:00,2024-10-18T04:00:00Z,2024-10-18T12:00:00+08:00,"-1 day, 20:00:00",6362a65e93180b56577abf0dffe906942b07d433b1002e92989e0fae7487bae3
2024-10-21,2024-10-21 00:00:00,2024-10-22 00:00:00,UNRESOLVED,NAS100_LABELLED_D1_BAR_START_DATE_ONLY,2024-10-21T00:00:00-04:00,2024-10-21T04:00:00Z,2024-10-21T12:00:00+08:00,"-1 day, 20:00:00",52bac93954784fadb81e1fa57a34dd4d25a3d5f189d94c0cb55f8edeb4eecafe
2024-10-22,2024-10-22 00:00:00,2024-10-23 00:00:00,UNRESOLVED,NAS100_LABELLED_D1_BAR_START_DATE_ONLY,2024-10-22T00:00:00-04:00,2024-10-22T04:00:00Z,2024-10-22T12:00:00+08:00,"-1 day, 20:00:00",ca8135ca1395cc3e5ac93312cabc83301c63121feb85dac5a5c15225d1032575
2024-10-23,2024-10-23 00:00:00,2024-10-24 00:00:00,UNRESOLVED,NAS100_LABELLED_D1_BAR_START_DATE_ONLY,2024-10-23T00:00:00-04:00,2024-10-23T04:00:00Z,2024-10-23T12:00:00+08:00,"-1 day, 20:00:00",e94d1417332af5c404ba5d73a5c8cdd58129e944036cc7bfd400802de73dda43
2024-10-24,2024-10-24 00:00:00,2024-10-25 00:00:00,UNRESOLVED,NAS100_LABELLED_D1_BAR_START_DATE_ONLY,2024-10-24T00:00:00-04:00,2024-10-24T04:00:00Z,2024-10-24T12:00:00+08:00,"-1 day, 20:00:00",de9319061db039a2a08f9363cde4481023ec743e6d2fbc4721ad9c868c4ae435
2024-10-25,2024-10-25 00:00:00,2024-10-26 00:00:00,UNRESOLVED,NAS100_LABELLED_D1_BAR_START_DATE_ONLY,2024-10-25T00:00:00-04:00,2024-10-25T04:00:00Z,2024-10-25T12:00:00+08:00,"-1 day, 20:00:00",dcbdcdb296762f44eecdf7c92f3d58097b451e7f00344a3c32699c852bfb63b8
2024-10-28,2024-10-28 00:00:00,2024-10-29 00:00:00,UNRESOLVED,NAS100_LABELLED_D1_BAR_START_DATE_ONLY,2024-10-28T00:00:00-04:00,2024-10-28T04:00:00Z,2024-10-28T12:00:00+08:00,"-1 day, 20:00:00",16773853045b64a33c6482fe74f632bb3201f8f2689ccdec5e91aa9622d70f7c
2024-10-29,2024-10-29 00:00:00,2024-10-30 00:00:00,UNRESOLVED,NAS100_LABELLED_D1_BAR_START_DATE_ONLY,2024-10-29T00:00:00-04:00,2024-10-29T04:00:00Z,2024-10-29T12:00:00+08:00,"-1 day, 20:00:00",0fa492e3ac0373e5b2361f8a42bd26cab532279604b99c59d74dabdfb6a3cab5
2024-10-30,2024-10-30 00:00:00,2024-10-31 00:00:00,UNRESOLVED,NAS100_LABELLED_D1_BAR_START_DATE_ONLY,2024-10-30T00:00:00-04:00,2024-10-30T04:00:00Z,2024-10-30T12:00:00+08:00,"-1 day, 20:00:00",ffd185808f7833644fef4f12a591913c848ccf34dbb900f7614929d6b0455957
2024-10-31,2024-10-31 00:00:00,2024-11-01 00:00:00,UNRESOLVED,NAS100_LABELLED_D1_BAR_START_DATE_ONLY,2024-10-31T00:00:00-04:00,2024-10-31T04:00:00Z,2024-10-31T12:00:00+08:00,"-1 day, 20:00:00",98b684ee8a5e7eeeacd9bd290cb1b0aa184cb4b915e6aa2654d70dc4be70b436
2024-11-01,2024-11-01 00:00:00,2024-11-02 00:00:00,UNRESOLVED,NAS100_LABELLED_D1_BAR_START_DATE_ONLY,2024-11-01T00:00:00-04:00,2024-11-01T04:00:00Z,2024-11-01T12:00:00+08:00,"-1 day, 20:00:00",7a78423c7f17083db8fa1e50b1533f0250a3360a7d214b2549d338db1b391723
2024-11-04,2024-11-04 00:00:00,2024-11-05 00:00:00,UNRESOLVED,NAS100_LABELLED_D1_BAR_START_DATE_ONLY,2024-11-04T00:00:00-05:00,2024-11-04T05:00:00Z,2024-11-04T13:00:00+08:00,"-1 day, 19:00:00",ab4f01a43eccf2ee4870bae8632b0ee02f28b9bdc7668e560bf4b454e175041a
2024-11-05,2024-11-05 00:00:00,2024-11-06 00:00:00,UNRESOLVED,NAS100_LABELLED_D1_BAR_START_DATE_ONLY,2024-11-05T00:00:00-05:00,2024-11-05T05:00:00Z,2024-11-05T13:00:00+08:00,"-1 day, 19:00:00",a6a4a79fce5a1ba72f59589748906aee37f5767c575b5639496ec5e3b6958f08
2024-11-06,2024-11-06 00:00:00,2024-11-07 00:00:00,UNRESOLVED,NAS100_LABELLED_D1_BAR_START_DATE_ONLY,2024-11-06T00:00:00-05:00,2024-11-06T05:00:00Z,2024-11-06T13:00:00+08:00,"-1 day, 19:00:00",1189fa65e00affd096187925c0e3bc1da91594271f27e1ee636309dc90f9ea4e
2024-11-07,2024-11-07 00:00:00,2024-11-08 00:00:00,UNRESOLVED,NAS100_LABELLED_D1_BAR_START_DATE_ONLY,2024-11-07T00:00:00-05:00,2024-11-07T05:00:00Z,2024-11-07T13:00:00+08:00,"-1 day, 19:00:00",4568031542cf582d21d0161a0e30c2d679f02c49cb83afc55c97e990a36a948a
2024-11-08,2024-11-08 00:00:00,2024-11-09 00:00:00,UNRESOLVED,NAS100_LABELLED_D1_BAR_START_DATE_ONLY,2024-11-08T00:00:00-05:00,2024-11-08T05:00:00Z,2024-11-08T13:00:00+08:00,"-1 day, 19:00:00",079f1b145abe27fa66185630463235c2c0b32b2d5c6d8ca6dae203b93c875e53
2024-11-11,2024-11-11 00:00:00,2024-11-12 00:00:00,UNRESOLVED,NAS100_LABELLED_D1_BAR_START_DATE_ONLY,2024-11-11T00:00:00-05:00,2024-11-11T05:00:00Z,2024-11-11T13:00:00+08:00,"-1 day, 19:00:00",b750c4eed97ba09d519d91bb9e576ddae4be5ea60a87f7581ae78a8f830a8048
2024-11-12,2024-11-12 00:00:00,2024-11-13 00:00:00,UNRESOLVED,NAS100_LABELLED_D1_BAR_START_DATE_ONLY,2024-11-12T00:00:00-05:00,2024-11-12T05:00:00Z,2024-11-12T13:00:00+08:00,"-1 day, 19:00:00",4b2b6b9309de2285d4745df6301b57485874f033d42c60e3efc57d41b6ebf97d
2024-11-13,2024-11-13 00:00:00,2024-11-14 00:00:00,UNRESOLVED,NAS100_LABELLED_D1_BAR_START_DATE_ONLY,2024-11-13T00:00:00-05:00,2024-11-13T05:00:00Z,2024-11-13T13:00:00+08:00,"-1 day, 19:00:00",e93158a8541eb4814c863b7f13998255beea741a54c8f0f93bd0942b5c4e91b5
2024-11-14,2024-11-14 00:00:00,2024-11-15 00:00:00,UNRESOLVED,NAS100_LABELLED_D1_BAR_START_DATE_ONLY,2024-11-14T00:00:00-05:00,2024-11-14T05:00:00Z,2024-11-14T13:00:00+08:00,"-1 day, 19:00:00",8935fe6c59a8bcacb6b1ebe41ef5dd4b89fc48c1906778110e96766275e7f0d5
2024-11-15,2024-11-15 00:00:00,2024-11-16 00:00:00,UNRESOLVED,NAS100_LABELLED_D1_BAR_START_DATE_ONLY,2024-11-15T00:00:00-05:00,2024-11-15T05:00:00Z,2024-11-15T13:00:00+08:00,"-1 day, 19:00:00",5cdb86532771cc85ee59ae81a25e0f620928b44b3ce446f8bde43265e8eb1e02
2024-11-18,2024-11-18 00:00:00,2024-11-19 00:00:00,UNRESOLVED,NAS100_LABELLED_D1_BAR_START_DATE_ONLY,2024-11-18T00:00:00-05:00,2024-11-18T05:00:00Z,2024-11-18T13:00:00+08:00,"-1 day, 19:00:00",f0e70c8504f7cdbec899c305a1813e3c426392a72bc1d5b653f04311692f3045
2024-11-19,2024-11-19 00:00:00,2024-11-20 00:00:00,UNRESOLVED,NAS100_LABELLED_D1_BAR_START_DATE_ONLY,2024-11-19T00:00:00-05:00,2024-11-19T05:00:00Z,2024-11-19T13:00:00+08:00,"-1 day, 19:00:00",19f5e6bcf0b4563a69160b587f4cc1939db275e4aeed92df10cf050eb32ef12e
2024-11-20,2024-11-20 00:00:00,2024-11-21 00:00:00,UNRESOLVED,NAS100_LABELLED_D1_BAR_START_DATE_ONLY,2024-11-20T00:00:00-05:00,2024-11-20T05:00:00Z,2024-11-20T13:00:00+08:00,"-1 day, 19:00:00",3177cd8609f61f956426428ac8a86d095a04c4a8bb6f5b1918df8e6b26a922af
2024-11-21,2024-11-21 00:00:00,2024-11-22 00:00:00,UNRESOLVED,NAS100_LABELLED_D1_BAR_START_DATE_ONLY,2024-11-21T00:00:00-05:00,2024-11-21T05:00:00Z,2024-11-21T13:00:00+08:00,"-1 day, 19:00:00",d421abb958234c595ae801f0142647ccf2339ab15fcf3a30e8dd4d429dec7359
2024-11-22,2024-11-22 00:00:00,2024-11-23 00:00:00,UNRESOLVED,NAS100_LABELLED_D1_BAR_START_DATE_ONLY,2024-11-22T00:00:00-05:00,2024-11-22T05:00:00Z,2024-11-22T13:00:00+08:00,"-1 day, 19:00:00",86b7363438f90034410189f083658b7f3aa088b4ee351f57c42c8467d4315926
2024-11-25,2024-11-25 00:00:00,2024-11-26 00:00:00,UNRESOLVED,NAS100_LABELLED_D1_BAR_START_DATE_ONLY,2024-11-25T00:00:00-05:00,2024-11-25T05:00:00Z,2024-11-25T13:00:00+08:00,"-1 day, 19:00:00",b8fe294f16c78663340033c866e16cc02e52a2b5cbcb9ca427556b29e80f03b2
2024-11-26,2024-11-26 00:00:00,2024-11-27 00:00:00,UNRESOLVED,NAS100_LABELLED_D1_BAR_START_DATE_ONLY,2024-11-26T00:00:00-05:00,2024-11-26T05:00:00Z,2024-11-26T13:00:00+08:00,"-1 day, 19:00:00",d5c357c4d81560023787fd80e53dad97e6a8283ce028b96b58870246192cb423
2024-11-27,2024-11-27 00:00:00,2024-11-28 00:00:00,UNRESOLVED,NAS100_LABELLED_D1_BAR_START_DATE_ONLY,2024-11-27T00:00:00-05:00,2024-11-27T05:00:00Z,2024-11-27T13:00:00+08:00,"-1 day, 19:00:00",af2e061bb8f320dab165c4e0121dbf3d3f99501edbb9d44a19f415002b4eeac1
2024-11-28,2024-11-28 00:00:00,2024-11-29 00:00:00,UNRESOLVED,NAS100_LABELLED_D1_BAR_START_DATE_ONLY,2024-11-28T00:00:00-05:00,2024-11-28T05:00:00Z,2024-11-28T13:00:00+08:00,"-1 day, 19:00:00",eff31d46eaaa1cf8d364f24ce8b56e24ea582fdb88fea27132a88566a61ba9f6
2024-11-29,2024-11-29 00:00:00,2024-11-30 00:00:00,UNRESOLVED,NAS100_LABELLED_D1_BAR_START_DATE_ONLY,2024-11-29T00:00:00-05:00,2024-11-29T05:00:00Z,2024-11-29T13:00:00+08:00,"-1 day, 19:00:00",dfe5d466d491d192c38295154e013fe3f5e64a81e08a384ac6378b5d9dc465a8
2024-12-02,2024-12-02 00:00:00,2024-12-03 00:00:00,UNRESOLVED,NAS100_LABELLED_D1_BAR_START_DATE_ONLY,2024-12-02T00:00:00-05:00,2024-12-02T05:00:00Z,2024-12-02T13:00:00+08:00,"-1 day, 19:00:00",efea9c3f2b3f21d70e22a6c80d1b9da3132ae687c44586c8c51f0e494682c4da
2024-12-03,2024-12-03 00:00:00,2024-12-04 00:00:00,UNRESOLVED,NAS100_LABELLED_D1_BAR_START_DATE_ONLY,2024-12-03T00:00:00-05:00,2024-12-03T05:00:00Z,2024-12-03T13:00:00+08:00,"-1 day, 19:00:00",ebed13380f976d4b6ccd079ca79af8d0618a39d67be2c4b4712a3ed053b8566f
2024-12-04,2024-12-04 00:00:00,2024-12-05 00:00:00,UNRESOLVED,NAS100_LABELLED_D1_BAR_START_DATE_ONLY,2024-12-04T00:00:00-05:00,2024-12-04T05:00:00Z,2024-12-04T13:00:00+08:00,"-1 day, 19:00:00",6744bd65101a1dd6165017871a6291c3b3d8b5a86ea569ccc9ab48672a6ea334
2024-12-05,2024-12-05 00:00:00,2024-12-06 00:00:00,UNRESOLVED,NAS100_LABELLED_D1_BAR_START_DATE_ONLY,2024-12-05T00:00:00-05:00,2024-12-05T05:00:00Z,2024-12-05T13:00:00+08:00,"-1 day, 19:00:00",7f3c63d4908fc74b830e0ce5ea45d0bbde89946b75f23e09c4138ff6ad0a4866
2024-12-06,2024-12-06 00:00:00,2024-12-07 00:00:00,UNRESOLVED,NAS100_LABELLED_D1_BAR_START_DATE_ONLY,2024-12-06T00:00:00-05:00,2024-12-06T05:00:00Z,2024-12-06T13:00:00+08:00,"-1 day, 19:00:00",939d971a0a236cf038ee73bdb15d8835f52165a99ad37f9ee4fb6c4f1bf828d2
2024-12-09,2024-12-09 00:00:00,2024-12-10 00:00:00,UNRESOLVED,NAS100_LABELLED_D1_BAR_START_DATE_ONLY,2024-12-09T00:00:00-05:00,2024-12-09T05:00:00Z,2024-12-09T13:00:00+08:00,"-1 day, 19:00:00",6832591786c41ee46824c65b42601b0b16caf0a9850c283ad85f7405d27e2d69
2024-12-10,2024-12-10 00:00:00,2024-12-11 00:00:00,UNRESOLVED,NAS100_LABELLED_D1_BAR_START_DATE_ONLY,2024-12-10T00:00:00-05:00,2024-12-10T05:00:00Z,2024-12-10T13:00:00+08:00,"-1 day, 19:00:00",1808adc1e164d5a7d6ac99ecee8c073cc7bcc7de5ae89ced3b8c0641b6ad1d49
2024-12-11,2024-12-11 00:00:00,2024-12-12 00:00:00,UNRESOLVED,NAS100_LABELLED_D1_BAR_START_DATE_ONLY,2024-12-11T00:00:00-05:00,2024-12-11T05:00:00Z,2024-12-11T13:00:00+08:00,"-1 day, 19:00:00",770d2848cdbf27f12bbd883605a740a7d24e96832766bc65cad1eb761a07f8e2
2024-12-12,2024-12-12 00:00:00,2024-12-13 00:00:00,UNRESOLVED,NAS100_LABELLED_D1_BAR_START_DATE_ONLY,2024-12-12T00:00:00-05:00,2024-12-12T05:00:00Z,2024-12-12T13:00:00+08:00,"-1 day, 19:00:00",c2ef6a6c96f66f9ff3204a630726bab67e7b3e5364da29e9815cd99b585968ba
2024-12-13,2024-12-13 00:00:00,2024-12-14 00:00:00,UNRESOLVED,NAS100_LABELLED_D1_BAR_START_DATE_ONLY,2024-12-13T00:00:00-05:00,2024-12-13T05:00:00Z,2024-12-13T13:00:00+08:00,"-1 day, 19:00:00",b9da375f18bedbfcd5745563639c65c5d3b0315c30a01e474fdb42bc049e91c2
2024-12-16,2024-12-16 00:00:00,2024-12-17 00:00:00,UNRESOLVED,NAS100_LABELLED_D1_BAR_START_DATE_ONLY,2024-12-16T00:00:00-05:00,2024-12-16T05:00:00Z,2024-12-16T13:00:00+08:00,"-1 day, 19:00:00",455fdcdea7cf4a616aa56c5ff322718ba4e371014e77e02d0b71cf116719eb30
2024-12-17,2024-12-17 00:00:00,2024-12-18 00:00:00,UNRESOLVED,NAS100_LABELLED_D1_BAR_START_DATE_ONLY,2024-12-17T00:00:00-05:00,2024-12-17T05:00:00Z,2024-12-17T13:00:00+08:00,"-1 day, 19:00:00",7440c27ec283c4fdec202e23a8145cad55f4d745bed4409ae9dafd622e9eceed
2024-12-18,2024-12-18 00:00:00,2024-12-19 00:00:00,UNRESOLVED,NAS100_LABELLED_D1_BAR_START_DATE_ONLY,2024-12-18T00:00:00-05:00,2024-12-18T05:00:00Z,2024-12-18T13:00:00+08:00,"-1 day, 19:00:00",29f19045cb43524bbbf9e1d34b9c235976b6ac7d5f72673b2723fdd7583dd2e3
2024-12-19,2024-12-19 00:00:00,2024-12-20 00:00:00,UNRESOLVED,NAS100_LABELLED_D1_BAR_START_DATE_ONLY,2024-12-19T00:00:00-05:00,2024-12-19T05:00:00Z,2024-12-19T13:00:00+08:00,"-1 day, 19:00:00",026a323b900202f40bd96da9e8d6c09af589d9c724475bf3d26169d250ebbadd
2024-12-20,2024-12-20 00:00:00,2024-12-21 00:00:00,UNRESOLVED,NAS100_LABELLED_D1_BAR_START_DATE_ONLY,2024-12-20T00:00:00-05:00,2024-12-20T05:00:00Z,2024-12-20T13:00:00+08:00,"-1 day, 19:00:00",3cb7beb17d7e5ab841715f14a36b4d9c771b1884146ef9475e14f032e93fbc1f
2024-12-23,2024-12-23 00:00:00,2024-12-24 00:00:00,UNRESOLVED,NAS100_LABELLED_D1_BAR_START_DATE_ONLY,2024-12-23T00:00:00-05:00,2024-12-23T05:00:00Z,2024-12-23T13:00:00+08:00,"-1 day, 19:00:00",1af2737ae28c7dfe36bab761d7ffdb2113ef2e7a8e1c6a5cc5b8c5861829d73a
2024-12-24,2024-12-24 00:00:00,2024-12-25 00:00:00,UNRESOLVED,NAS100_LABELLED_D1_BAR_START_DATE_ONLY,2024-12-24T00:00:00-05:00,2024-12-24T05:00:00Z,2024-12-24T13:00:00+08:00,"-1 day, 19:00:00",2a9fb3fa793d0da2cb33d7aa29ed6461a1c05add3d3d6c94a37e4851af79bde6
2024-12-26,2024-12-26 00:00:00,2024-12-27 00:00:00,UNRESOLVED,NAS100_LABELLED_D1_BAR_START_DATE_ONLY,2024-12-26T00:00:00-05:00,2024-12-26T05:00:00Z,2024-12-26T13:00:00+08:00,"-1 day, 19:00:00",27f3eff1a8967516993123dd98ba1026624ccd01ee9750890272022218d2717f
2024-12-27,2024-12-27 00:00:00,2024-12-28 00:00:00,UNRESOLVED,NAS100_LABELLED_D1_BAR_START_DATE_ONLY,2024-12-27T00:00:00-05:00,2024-12-27T05:00:00Z,2024-12-27T13:00:00+08:00,"-1 day, 19:00:00",aef7783744271bcaf9d2701f1b24e26bd9055ee47864033d09fb25d939bc327b
2024-12-30,2024-12-30 00:00:00,2024-12-31 00:00:00,UNRESOLVED,NAS100_LABELLED_D1_BAR_START_DATE_ONLY,2024-12-30T00:00:00-05:00,2024-12-30T05:00:00Z,2024-12-30T13:00:00+08:00,"-1 day, 19:00:00",2d356e70c036df29aebe55f3583c751593a25ba2a32b105a1a4b0df10facfb34
2024-12-31,2024-12-31 00:00:00,2025-01-01 00:00:00,UNRESOLVED,NAS100_LABELLED_D1_BAR_START_DATE_ONLY,2024-12-31T00:00:00-05:00,2024-12-31T05:00:00Z,2024-12-31T13:00:00+08:00,"-1 day, 19:00:00",933a7e04c9fb9a27a21da482f0db8c5235e47aeb0f9df0c5ae8f8af54417293b
2025-01-02,2025-01-02 00:00:00,2025-01-03 00:00:00,UNRESOLVED,NAS100_LABELLED_D1_BAR_START_DATE_ONLY,2025-01-02T00:00:00-05:00,2025-01-02T05:00:00Z,2025-01-02T13:00:00+08:00,"-1 day, 19:00:00",bc44d9fdae5ea33c34be3eadade58ff4c7ab7339222ef899a3763ee8db489deb
2025-01-03,2025-01-03 00:00:00,2025-01-04 00:00:00,UNRESOLVED,NAS100_LABELLED_D1_BAR_START_DATE_ONLY,2025-01-03T00:00:00-05:00,2025-01-03T05:00:00Z,2025-01-03T13:00:00+08:00,"-1 day, 19:00:00",83ed253813ce5ee228bba247ef360b800268c59873dfd4bcee2061927dc82b8b
2025-01-06,2025-01-06 00:00:00,2025-01-07 00:00:00,UNRESOLVED,NAS100_LABELLED_D1_BAR_START_DATE_ONLY,2025-01-06T00:00:00-05:00,2025-01-06T05:00:00Z,2025-01-06T13:00:00+08:00,"-1 day, 19:00:00",028771f3c44c0ae8ebdb839ae002ff27ae4745d991cf73d1c121511d512d0362
2025-01-07,2025-01-07 00:00:00,2025-01-08 00:00:00,UNRESOLVED,NAS100_LABELLED_D1_BAR_START_DATE_ONLY,2025-01-07T00:00:00-05:00,2025-01-07T05:00:00Z,2025-01-07T13:00:00+08:00,"-1 day, 19:00:00",d17f5e5d9772549f416da57b36993ce87db1e882db4e19583d3c6984c6dfa1ca
2025-01-08,2025-01-08 00:00:00,2025-01-09 00:00:00,UNRESOLVED,NAS100_LABELLED_D1_BAR_START_DATE_ONLY,2025-01-08T00:00:00-05:00,2025-01-08T05:00:00Z,2025-01-08T13:00:00+08:00,"-1 day, 19:00:00",c3574a81537d1d6b9598cddba3c3f5bb66e210f169bdd3e80bf240aadce8d824
2025-01-09,2025-01-09 00:00:00,2025-01-10 00:00:00,UNRESOLVED,NAS100_LABELLED_D1_BAR_START_DATE_ONLY,2025-01-09T00:00:00-05:00,2025-01-09T05:00:00Z,2025-01-09T13:00:00+08:00,"-1 day, 19:00:00",efef59c1bf2b005b6dbe84630a5eb8e6d8a0df60491e9b797842db6ea75ae9fc
2025-01-10,2025-01-10 00:00:00,2025-01-11 00:00:00,UNRESOLVED,NAS100_LABELLED_D1_BAR_START_DATE_ONLY,2025-01-10T00:00:00-05:00,2025-01-10T05:00:00Z,2025-01-10T13:00:00+08:00,"-1 day, 19:00:00",99c535290f02f153ad8fe634681c6df801e8d04b104cc89130817838feeae164
2025-01-13,2025-01-13 00:00:00,2025-01-14 00:00:00,UNRESOLVED,NAS100_LABELLED_D1_BAR_START_DATE_ONLY,2025-01-13T00:00:00-05:00,2025-01-13T05:00:00Z,2025-01-13T13:00:00+08:00,"-1 day, 19:00:00",56513e06a3d8b6a21c3c994bacab7a844395d1f29d377138578f715460324220
2025-01-14,2025-01-14 00:00:00,2025-01-15 00:00:00,UNRESOLVED,NAS100_LABELLED_D1_BAR_START_DATE_ONLY,2025-01-14T00:00:00-05:00,2025-01-14T05:00:00Z,2025-01-14T13:00:00+08:00,"-1 day, 19:00:00",fbcb4248cb2b47912164999a310d61025265163e12533a1bb6a046dcac81fa8e
2025-01-15,2025-01-15 00:00:00,2025-01-16 00:00:00,UNRESOLVED,NAS100_LABELLED_D1_BAR_START_DATE_ONLY,2025-01-15T00:00:00-05:00,2025-01-15T05:00:00Z,2025-01-15T13:00:00+08:00,"-1 day, 19:00:00",cae3489c33f9439be9b9f8784b8a2dfb34b1d487ab585d94204fc1b84f0418f0
2025-01-16,2025-01-16 00:00:00,2025-01-17 00:00:00,UNRESOLVED,NAS100_LABELLED_D1_BAR_START_DATE_ONLY,2025-01-16T00:00:00-05:00,2025-01-16T05:00:00Z,2025-01-16T13:00:00+08:00,"-1 day, 19:00:00",e9b17855915b2917ac3c8b4d456650ace8e68e681f71e3841addeb0146902a86
2025-01-17,2025-01-17 00:00:00,2025-01-18 00:00:00,UNRESOLVED,NAS100_LABELLED_D1_BAR_START_DATE_ONLY,2025-01-17T00:00:00-05:00,2025-01-17T05:00:00Z,2025-01-17T13:00:00+08:00,"-1 day, 19:00:00",00a045f60c8a3d1173e4cb33d1a26d6cd051c5345642c796df645b89e92743ea
2025-01-20,2025-01-20 00:00:00,2025-01-21 00:00:00,UNRESOLVED,NAS100_LABELLED_D1_BAR_START_DATE_ONLY,2025-01-20T00:00:00-05:00,2025-01-20T05:00:00Z,2025-01-20T13:00:00+08:00,"-1 day, 19:00:00",638effb377ea9663a2a6430cc72331a076ec4e7ee5a9b44702a1602dde3f60e6
2025-01-21,2025-01-21 00:00:00,2025-01-22 00:00:00,UNRESOLVED,NAS100_LABELLED_D1_BAR_START_DATE_ONLY,2025-01-21T00:00:00-05:00,2025-01-21T05:00:00Z,2025-01-21T13:00:00+08:00,"-1 day, 19:00:00",2b37f5beffd6a80cd5eff0255bbb295fabde7d90c9689af2d199947fe32ace24
2025-01-22,2025-01-22 00:00:00,2025-01-23 00:00:00,UNRESOLVED,NAS100_LABELLED_D1_BAR_START_DATE_ONLY,2025-01-22T00:00:00-05:00,2025-01-22T05:00:00Z,2025-01-22T13:00:00+08:00,"-1 day, 19:00:00",faa63503a8aedd3227152eedc853556ec9b0508ba60502ce2e489f7c01a4bf3f
2025-01-23,2025-01-23 00:00:00,2025-01-24 00:00:00,UNRESOLVED,NAS100_LABELLED_D1_BAR_START_DATE_ONLY,2025-01-23T00:00:00-05:00,2025-01-23T05:00:00Z,2025-01-23T13:00:00+08:00,"-1 day, 19:00:00",62c0e5676f8b91e56ae28f37ec959ed9876d4e497c49c0b5f360bbc27d0bbc73
2025-01-24,2025-01-24 00:00:00,2025-01-25 00:00:00,UNRESOLVED,NAS100_LABELLED_D1_BAR_START_DATE_ONLY,2025-01-24T00:00:00-05:00,2025-01-24T05:00:00Z,2025-01-24T13:00:00+08:00,"-1 day, 19:00:00",0376a8872023a2722856bc3c8a55a63072d7fe4045e8e72942891b084025f8b5
2025-01-27,2025-01-27 00:00:00,2025-01-28 00:00:00,UNRESOLVED,NAS100_LABELLED_D1_BAR_START_DATE_ONLY,2025-01-27T00:00:00-05:00,2025-01-27T05:00:00Z,2025-01-27T13:00:00+08:00,"-1 day, 19:00:00",bb6bb517ee5745aa147c2caeaa5aef880e2c4d110e4a072f93b7a4eed199de38
2025-01-28,2025-01-28 00:00:00,2025-01-29 00:00:00,UNRESOLVED,NAS100_LABELLED_D1_BAR_START_DATE_ONLY,2025-01-28T00:00:00-05:00,2025-01-28T05:00:00Z,2025-01-28T13:00:00+08:00,"-1 day, 19:00:00",b9b3d8713bfb781d9014a0092283eee24410a528e8712692aa1042953cbf4558
2025-01-29,2025-01-29 00:00:00,2025-01-30 00:00:00,UNRESOLVED,NAS100_LABELLED_D1_BAR_START_DATE_ONLY,2025-01-29T00:00:00-05:00,2025-01-29T05:00:00Z,2025-01-29T13:00:00+08:00,"-1 day, 19:00:00",9447a58bb10da3a7c525bc14998deda1139e3a6b46accf21fa2f640ff00c29f8
2025-01-30,2025-01-30 00:00:00,2025-01-31 00:00:00,UNRESOLVED,NAS100_LABELLED_D1_BAR_START_DATE_ONLY,2025-01-30T00:00:00-05:00,2025-01-30T05:00:00Z,2025-01-30T13:00:00+08:00,"-1 day, 19:00:00",e5eb7554696f65e3c24bacb660a8eddd070dfd399c994a7ed3cf30389d2466f6
2025-01-31,2025-01-31 00:00:00,2025-02-01 00:00:00,UNRESOLVED,NAS100_LABELLED_D1_BAR_START_DATE_ONLY,2025-01-31T00:00:00-05:00,2025-01-31T05:00:00Z,2025-01-31T13:00:00+08:00,"-1 day, 19:00:00",39480bd6be781a6e320e35b07b16e7d5b508bf78808909ad3b0b41c18bab672f
2025-02-03,2025-02-03 00:00:00,2025-02-04 00:00:00,UNRESOLVED,NAS100_LABELLED_D1_BAR_START_DATE_ONLY,2025-02-03T00:00:00-05:00,2025-02-03T05:00:00Z,2025-02-03T13:00:00+08:00,"-1 day, 19:00:00",f7b9dee29eb604ea7666de69f925ad8b44be9de7717e803ff78a45adc76cd5c3
2025-02-04,2025-02-04 00:00:00,2025-02-05 00:00:00,UNRESOLVED,NAS100_LABELLED_D1_BAR_START_DATE_ONLY,2025-02-04T00:00:00-05:00,2025-02-04T05:00:00Z,2025-02-04T13:00:00+08:00,"-1 day, 19:00:00",5361527b92d18e2cf2224e5c2f53d5fcf8c64a687b925c641d8b606d4cd925e9
2025-02-05,2025-02-05 00:00:00,2025-02-06 00:00:00,UNRESOLVED,NAS100_LABELLED_D1_BAR_START_DATE_ONLY,2025-02-05T00:00:00-05:00,2025-02-05T05:00:00Z,2025-02-05T13:00:00+08:00,"-1 day, 19:00:00",688739a7f0a69a8b1427fcdfa0a00196fc16398ac10338e9fa14a582bf8b1fb3
2025-02-06,2025-02-06 00:00:00,2025-02-07 00:00:00,UNRESOLVED,NAS100_LABELLED_D1_BAR_START_DATE_ONLY,2025-02-06T00:00:00-05:00,2025-02-06T05:00:00Z,2025-02-06T13:00:00+08:00,"-1 day, 19:00:00",2fa40b7b00645a7705251af55344ffd932024269724e1832956c5ac89a82df15
2025-02-07,2025-02-07 00:00:00,2025-02-08 00:00:00,UNRESOLVED,NAS100_LABELLED_D1_BAR_START_DATE_ONLY,2025-02-07T00:00:00-05:00,2025-02-07T05:00:00Z,2025-02-07T13:00:00+08:00,"-1 day, 19:00:00",1ff8069d8fe4421d294e15b70fb32d66f1bbe5c33bab2a582b542e787f495523
2025-02-10,2025-02-10 00:00:00,2025-02-11 00:00:00,UNRESOLVED,NAS100_LABELLED_D1_BAR_START_DATE_ONLY,2025-02-10T00:00:00-05:00,2025-02-10T05:00:00Z,2025-02-10T13:00:00+08:00,"-1 day, 19:00:00",fdf5927dc45bea2c823b281a73391558f7ad8486e3b4c7be8538de4639f3d91f
2025-02-11,2025-02-11 00:00:00,2025-02-12 00:00:00,UNRESOLVED,NAS100_LABELLED_D1_BAR_START_DATE_ONLY,2025-02-11T00:00:00-05:00,2025-02-11T05:00:00Z,2025-02-11T13:00:00+08:00,"-1 day, 19:00:00",5f7c86aa5c1447e32937fc54a526ab0af8080477375e21e0159e496dddebc0ee
2025-02-12,2025-02-12 00:00:00,2025-02-13 00:00:00,UNRESOLVED,NAS100_LABELLED_D1_BAR_START_DATE_ONLY,2025-02-12T00:00:00-05:00,2025-02-12T05:00:00Z,2025-02-12T13:00:00+08:00,"-1 day, 19:00:00",699fcbce964859883f06a908b23394c1154502a5ef201d0d365ce711da98002c
2025-02-13,2025-02-13 00:00:00,2025-02-14 00:00:00,UNRESOLVED,NAS100_LABELLED_D1_BAR_START_DATE_ONLY,2025-02-13T00:00:00-05:00,2025-02-13T05:00:00Z,2025-02-13T13:00:00+08:00,"-1 day, 19:00:00",88956b4b292a594a826ffa955c6dd5c16b2f9d1e0ae9d74f6f3c19a21c569689
2025-02-14,2025-02-14 00:00:00,2025-02-15 00:00:00,UNRESOLVED,NAS100_LABELLED_D1_BAR_START_DATE_ONLY,2025-02-14T00:00:00-05:00,2025-02-14T05:00:00Z,2025-02-14T13:00:00+08:00,"-1 day, 19:00:00",911eb84589a04582f721c7d211523e3326349bd05565703135818e16efbf4721
2025-02-17,2025-02-17 00:00:00,2025-02-18 00:00:00,UNRESOLVED,NAS100_LABELLED_D1_BAR_START_DATE_ONLY,2025-02-17T00:00:00-05:00,2025-02-17T05:00:00Z,2025-02-17T13:00:00+08:00,"-1 day, 19:00:00",d6069d2bf8c18204ef94702d82c99f9a2cdffc13bbfbad675cc4d05a2534eece
2025-02-18,2025-02-18 00:00:00,2025-02-19 00:00:00,UNRESOLVED,NAS100_LABELLED_D1_BAR_START_DATE_ONLY,2025-02-18T00:00:00-05:00,2025-02-18T05:00:00Z,2025-02-18T13:00:00+08:00,"-1 day, 19:00:00",e7ef9079ed7c576fb093d2b814be5f41ef58eb5df80480a5547ce46669403c79
2025-02-19,2025-02-19 00:00:00,2025-02-20 00:00:00,UNRESOLVED,NAS100_LABELLED_D1_BAR_START_DATE_ONLY,2025-02-19T00:00:00-05:00,2025-02-19T05:00:00Z,2025-02-19T13:00:00+08:00,"-1 day, 19:00:00",ab7c1955ee948939d4bffbd28bf5f63f2ec64101116e38b95e753044aa2a21f9
2025-02-20,2025-02-20 00:00:00,2025-02-21 00:00:00,UNRESOLVED,NAS100_LABELLED_D1_BAR_START_DATE_ONLY,2025-02-20T00:00:00-05:00,2025-02-20T05:00:00Z,2025-02-20T13:00:00+08:00,"-1 day, 19:00:00",c3a9ff895e649f75b30d39a18f281650e6773b007dc46b6e40f775f30de845ae
2025-02-21,2025-02-21 00:00:00,2025-02-22 00:00:00,UNRESOLVED,NAS100_LABELLED_D1_BAR_START_DATE_ONLY,2025-02-21T00:00:00-05:00,2025-02-21T05:00:00Z,2025-02-21T13:00:00+08:00,"-1 day, 19:00:00",7352e00bd96edbd78ceb15d801af01e8f46a4a9babf56dda29fa9e150913bc44
2025-02-24,2025-02-24 00:00:00,2025-02-25 00:00:00,UNRESOLVED,NAS100_LABELLED_D1_BAR_START_DATE_ONLY,2025-02-24T00:00:00-05:00,2025-02-24T05:00:00Z,2025-02-24T13:00:00+08:00,"-1 day, 19:00:00",06b0a8333c849bac5400d82806953c6e032db3f5e6e9442fd16e3d2d4e3dde27
2025-02-25,2025-02-25 00:00:00,2025-02-26 00:00:00,UNRESOLVED,NAS100_LABELLED_D1_BAR_START_DATE_ONLY,2025-02-25T00:00:00-05:00,2025-02-25T05:00:00Z,2025-02-25T13:00:00+08:00,"-1 day, 19:00:00",b755d93bb8a7eb1d3ebd36182601bee2d4cd50312e182245468eec88635b0947
2025-02-26,2025-02-26 00:00:00,2025-02-27 00:00:00,UNRESOLVED,NAS100_LABELLED_D1_BAR_START_DATE_ONLY,2025-02-26T00:00:00-05:00,2025-02-26T05:00:00Z,2025-02-26T13:00:00+08:00,"-1 day, 19:00:00",08ad578b5ec3d32616dc496d525157934766b56e23c6db90ef1a8c6b73920744
2025-02-27,2025-02-27 00:00:00,2025-02-28 00:00:00,UNRESOLVED,NAS100_LABELLED_D1_BAR_START_DATE_ONLY,2025-02-27T00:00:00-05:00,2025-02-27T05:00:00Z,2025-02-27T13:00:00+08:00,"-1 day, 19:00:00",59263fa9cb00958ee6de03017a1432d094ee9e30a17e1516391e02481edf7ff3
2025-02-28,2025-02-28 00:00:00,2025-03-01 00:00:00,UNRESOLVED,NAS100_LABELLED_D1_BAR_START_DATE_ONLY,2025-02-28T00:00:00-05:00,2025-02-28T05:00:00Z,2025-02-28T13:00:00+08:00,"-1 day, 19:00:00",fb9ca219a78d679ec33d4be5b518ef3a3af9ea3b818c86e9764e60a8656e12c5
2025-03-03,2025-03-03 00:00:00,2025-03-04 00:00:00,UNRESOLVED,NAS100_LABELLED_D1_BAR_START_DATE_ONLY,2025-03-03T00:00:00-05:00,2025-03-03T05:00:00Z,2025-03-03T13:00:00+08:00,"-1 day, 19:00:00",b0d679539597feea19a610824152036645a145eb18751f48ec8b2cb881a22bb8
2025-03-04,2025-03-04 00:00:00,2025-03-05 00:00:00,UNRESOLVED,NAS100_LABELLED_D1_BAR_START_DATE_ONLY,2025-03-04T00:00:00-05:00,2025-03-04T05:00:00Z,2025-03-04T13:00:00+08:00,"-1 day, 19:00:00",ae7abbb6c27ffe9f5d71db3a1a7bb4a123a0de8bddc224757523c51bfa72018e
2025-03-05,2025-03-05 00:00:00,2025-03-06 00:00:00,UNRESOLVED,NAS100_LABELLED_D1_BAR_START_DATE_ONLY,2025-03-05T00:00:00-05:00,2025-03-05T05:00:00Z,2025-03-05T13:00:00+08:00,"-1 day, 19:00:00",db3e2d1946014732257df4b3bb3dcbb48bbcdccc8c872eeab18561802f77d20e
2025-03-06,2025-03-06 00:00:00,2025-03-07 00:00:00,UNRESOLVED,NAS100_LABELLED_D1_BAR_START_DATE_ONLY,2025-03-06T00:00:00-05:00,2025-03-06T05:00:00Z,2025-03-06T13:00:00+08:00,"-1 day, 19:00:00",8903c3e878f2fca2e0c7e77509d4737bb537f590dec332e48a7527c364b9a64b
2025-03-07,2025-03-07 00:00:00,2025-03-08 00:00:00,UNRESOLVED,NAS100_LABELLED_D1_BAR_START_DATE_ONLY,2025-03-07T00:00:00-05:00,2025-03-07T05:00:00Z,2025-03-07T13:00:00+08:00,"-1 day, 19:00:00",79843bf58dbcf3992c231c1533d5bab67829a0594648ca8b8fad2d661cde1d28
2025-03-10,2025-03-10 00:00:00,2025-03-11 00:00:00,UNRESOLVED,NAS100_LABELLED_D1_BAR_START_DATE_ONLY,2025-03-10T00:00:00-04:00,2025-03-10T04:00:00Z,2025-03-10T12:00:00+08:00,"-1 day, 20:00:00",44d5ad2e423f90fbccfbbe414c2e9d978f226b2f0520594f27ef4d8a38844b11
2025-03-11,2025-03-11 00:00:00,2025-03-12 00:00:00,UNRESOLVED,NAS100_LABELLED_D1_BAR_START_DATE_ONLY,2025-03-11T00:00:00-04:00,2025-03-11T04:00:00Z,2025-03-11T12:00:00+08:00,"-1 day, 20:00:00",fc6a4debefc2aa33ab80f01ad0f09f482c9fa7e92f2b9ae2159a8e3aa74f2086
2025-03-12,2025-03-12 00:00:00,2025-03-13 00:00:00,UNRESOLVED,NAS100_LABELLED_D1_BAR_START_DATE_ONLY,2025-03-12T00:00:00-04:00,2025-03-12T04:00:00Z,2025-03-12T12:00:00+08:00,"-1 day, 20:00:00",6e59acc6328695403ddba388e75c469631e5788760b2407063ae67167c1c1fc3
2025-03-13,2025-03-13 00:00:00,2025-03-14 00:00:00,UNRESOLVED,NAS100_LABELLED_D1_BAR_START_DATE_ONLY,2025-03-13T00:00:00-04:00,2025-03-13T04:00:00Z,2025-03-13T12:00:00+08:00,"-1 day, 20:00:00",978b7a7c7e5a9cdd5046fc5278d2bfdb78189e8d63715a14cbbb6e3317da756f
2025-03-14,2025-03-14 00:00:00,2025-03-15 00:00:00,UNRESOLVED,NAS100_LABELLED_D1_BAR_START_DATE_ONLY,2025-03-14T00:00:00-04:00,2025-03-14T04:00:00Z,2025-03-14T12:00:00+08:00,"-1 day, 20:00:00",0dcbd7ff287f3257852de0f80a741ae72b335259def7b9526138d42fae5559b7
2025-03-17,2025-03-17 00:00:00,2025-03-18 00:00:00,UNRESOLVED,NAS100_LABELLED_D1_BAR_START_DATE_ONLY,2025-03-17T00:00:00-04:00,2025-03-17T04:00:00Z,2025-03-17T12:00:00+08:00,"-1 day, 20:00:00",4ebd099a8d4bd17bf3e6fb15755d8d472ced61acf0973e79dfad2dae2d0668ac
2025-03-18,2025-03-18 00:00:00,2025-03-19 00:00:00,UNRESOLVED,NAS100_LABELLED_D1_BAR_START_DATE_ONLY,2025-03-18T00:00:00-04:00,2025-03-18T04:00:00Z,2025-03-18T12:00:00+08:00,"-1 day, 20:00:00",caa38aa49d29bad2f5b25b1434f9f025305fb2114dcfc1b4fae3aca1b3278e83
2025-03-19,2025-03-19 00:00:00,2025-03-20 00:00:00,UNRESOLVED,NAS100_LABELLED_D1_BAR_START_DATE_ONLY,2025-03-19T00:00:00-04:00,2025-03-19T04:00:00Z,2025-03-19T12:00:00+08:00,"-1 day, 20:00:00",cc7cf9364a3e3b143b87b00300004c39bbbf9de2bfb04eb37e60871ed5a37655
2025-03-20,2025-03-20 00:00:00,2025-03-21 00:00:00,UNRESOLVED,NAS100_LABELLED_D1_BAR_START_DATE_ONLY,2025-03-20T00:00:00-04:00,2025-03-20T04:00:00Z,2025-03-20T12:00:00+08:00,"-1 day, 20:00:00",ec27d6cb3f373bb8e431d1dd712922da88394f0f6214a1d320b80e3fcf776555
2025-03-21,2025-03-21 00:00:00,2025-03-22 00:00:00,UNRESOLVED,NAS100_LABELLED_D1_BAR_START_DATE_ONLY,2025-03-21T00:00:00-04:00,2025-03-21T04:00:00Z,2025-03-21T12:00:00+08:00,"-1 day, 20:00:00",69cdba0e623a89bbaf110cd62e91a512e3dabd9e574c1c8c9b655544e9b84637
2025-03-24,2025-03-24 00:00:00,2025-03-25 00:00:00,UNRESOLVED,NAS100_LABELLED_D1_BAR_START_DATE_ONLY,2025-03-24T00:00:00-04:00,2025-03-24T04:00:00Z,2025-03-24T12:00:00+08:00,"-1 day, 20:00:00",3ab39bba873a3a6a5088e255dace8e8f803c7bc15607a3a45a3e7cf061b95815
2025-03-25,2025-03-25 00:00:00,2025-03-26 00:00:00,UNRESOLVED,NAS100_LABELLED_D1_BAR_START_DATE_ONLY,2025-03-25T00:00:00-04:00,2025-03-25T04:00:00Z,2025-03-25T12:00:00+08:00,"-1 day, 20:00:00",1baca916cdf51b34d5fedf36567c706551881a75d7062ec0f4ef55ec7b691842
2025-03-26,2025-03-26 00:00:00,2025-03-27 00:00:00,UNRESOLVED,NAS100_LABELLED_D1_BAR_START_DATE_ONLY,2025-03-26T00:00:00-04:00,2025-03-26T04:00:00Z,2025-03-26T12:00:00+08:00,"-1 day, 20:00:00",4f2450e7b1a9b0163ee65ab09d8aea6d0dfb856fa33a8ac78fa69b246ffcc954
2025-03-27,2025-03-27 00:00:00,2025-03-28 00:00:00,UNRESOLVED,NAS100_LABELLED_D1_BAR_START_DATE_ONLY,2025-03-27T00:00:00-04:00,2025-03-27T04:00:00Z,2025-03-27T12:00:00+08:00,"-1 day, 20:00:00",c6c29b974662e54b0479a44b0248730d8be62d222184c375eadb899c2ed4f245
2025-03-28,2025-03-28 00:00:00,2025-03-29 00:00:00,UNRESOLVED,NAS100_LABELLED_D1_BAR_START_DATE_ONLY,2025-03-28T00:00:00-04:00,2025-03-28T04:00:00Z,2025-03-28T12:00:00+08:00,"-1 day, 20:00:00",8c8ff9fb94e18050622d0917292715c6f72a1aa9219a15f4fff95c9dfd815905
2025-03-31,2025-03-31 00:00:00,2025-04-01 00:00:00,UNRESOLVED,NAS100_LABELLED_D1_BAR_START_DATE_ONLY,2025-03-31T00:00:00-04:00,2025-03-31T04:00:00Z,2025-03-31T12:00:00+08:00,"-1 day, 20:00:00",b3636e46374d3ca615af7024cb4f4e037d40858a1c9efe9b2a3d0d967f6f214d
2025-04-01,2025-04-01 00:00:00,2025-04-02 00:00:00,UNRESOLVED,NAS100_LABELLED_D1_BAR_START_DATE_ONLY,2025-04-01T00:00:00-04:00,2025-04-01T04:00:00Z,2025-04-01T12:00:00+08:00,"-1 day, 20:00:00",2c525bb81feea34497137d3b6077e4a886d70e8b577308a14464eec246af1055
2025-04-02,2025-04-02 00:00:00,2025-04-03 00:00:00,UNRESOLVED,NAS100_LABELLED_D1_BAR_START_DATE_ONLY,2025-04-02T00:00:00-04:00,2025-04-02T04:00:00Z,2025-04-02T12:00:00+08:00,"-1 day, 20:00:00",fbd0c93b7891dd1bd2daa0b460d4ee848c80a6a6ffbdae3e218de966affb6e2e
2025-04-03,2025-04-03 00:00:00,2025-04-04 00:00:00,UNRESOLVED,NAS100_LABELLED_D1_BAR_START_DATE_ONLY,2025-04-03T00:00:00-04:00,2025-04-03T04:00:00Z,2025-04-03T12:00:00+08:00,"-1 day, 20:00:00",5bd26a36c20ba137bf007b0e3f127ff2c34d38521349e0132ec5e55ffb96b7ff
2025-04-04,2025-04-04 00:00:00,2025-04-05 00:00:00,UNRESOLVED,NAS100_LABELLED_D1_BAR_START_DATE_ONLY,2025-04-04T00:00:00-04:00,2025-04-04T04:00:00Z,2025-04-04T12:00:00+08:00,"-1 day, 20:00:00",f6a4f86d7dbf21f005dc0c8bd94ba76f9830aca8b1a61c82344da8114174ad5c
2025-04-07,2025-04-07 00:00:00,2025-04-08 00:00:00,UNRESOLVED,NAS100_LABELLED_D1_BAR_START_DATE_ONLY,2025-04-07T00:00:00-04:00,2025-04-07T04:00:00Z,2025-04-07T12:00:00+08:00,"-1 day, 20:00:00",13667c9343ac3c65c3a70883199d8209f3bfdc6d830c90429400fce82adc5512
2025-04-08,2025-04-08 00:00:00,2025-04-09 00:00:00,UNRESOLVED,NAS100_LABELLED_D1_BAR_START_DATE_ONLY,2025-04-08T00:00:00-04:00,2025-04-08T04:00:00Z,2025-04-08T12:00:00+08:00,"-1 day, 20:00:00",d9b938954b89e435b2ed97d4b61d0df42d9bfc58e41ec16d4733dfb059f1f268
2025-04-09,2025-04-09 00:00:00,2025-04-10 00:00:00,UNRESOLVED,NAS100_LABELLED_D1_BAR_START_DATE_ONLY,2025-04-09T00:00:00-04:00,2025-04-09T04:00:00Z,2025-04-09T12:00:00+08:00,"-1 day, 20:00:00",e6641eb99646c4f742af15c9e11149592131e6375a83d83aef54f963161a3a55
2025-04-10,2025-04-10 00:00:00,2025-04-11 00:00:00,UNRESOLVED,NAS100_LABELLED_D1_BAR_START_DATE_ONLY,2025-04-10T00:00:00-04:00,2025-04-10T04:00:00Z,2025-04-10T12:00:00+08:00,"-1 day, 20:00:00",d08164d6e0cd39df8a2b4206f37e6597f628db753ca6b5713afbc1c13e763f56
2025-04-11,2025-04-11 00:00:00,2025-04-12 00:00:00,UNRESOLVED,NAS100_LABELLED_D1_BAR_START_DATE_ONLY,2025-04-11T00:00:00-04:00,2025-04-11T04:00:00Z,2025-04-11T12:00:00+08:00,"-1 day, 20:00:00",11f524f133bea45da1ccdf4642c519d53318f3e9eb43fc94844575d8719a37b8
2025-04-14,2025-04-14 00:00:00,2025-04-15 00:00:00,UNRESOLVED,NAS100_LABELLED_D1_BAR_START_DATE_ONLY,2025-04-14T00:00:00-04:00,2025-04-14T04:00:00Z,2025-04-14T12:00:00+08:00,"-1 day, 20:00:00",37e3461dcf335d6051e4c212bf3c7c3bbe9c14924f59642dca3dc42abab94254
2025-04-15,2025-04-15 00:00:00,2025-04-16 00:00:00,UNRESOLVED,NAS100_LABELLED_D1_BAR_START_DATE_ONLY,2025-04-15T00:00:00-04:00,2025-04-15T04:00:00Z,2025-04-15T12:00:00+08:00,"-1 day, 20:00:00",6eeca89019a73a538087f44978f3e45d2524d5ccdd473d83277a91e98c4aef24
2025-04-16,2025-04-16 00:00:00,2025-04-17 00:00:00,UNRESOLVED,NAS100_LABELLED_D1_BAR_START_DATE_ONLY,2025-04-16T00:00:00-04:00,2025-04-16T04:00:00Z,2025-04-16T12:00:00+08:00,"-1 day, 20:00:00",a18e7b8e2772a84ceac4c00b02d47740a11c2eae38550335f6ca6ec77b51d29e
2025-04-17,2025-04-17 00:00:00,2025-04-18 00:00:00,UNRESOLVED,NAS100_LABELLED_D1_BAR_START_DATE_ONLY,2025-04-17T00:00:00-04:00,2025-04-17T04:00:00Z,2025-04-17T12:00:00+08:00,"-1 day, 20:00:00",fd6d103874293e63f74327cceb9cc01f436ec1fcfc8268070262155297b6e9c6
2025-04-21,2025-04-21 00:00:00,2025-04-22 00:00:00,UNRESOLVED,NAS100_LABELLED_D1_BAR_START_DATE_ONLY,2025-04-21T00:00:00-04:00,2025-04-21T04:00:00Z,2025-04-21T12:00:00+08:00,"-1 day, 20:00:00",257ccab50e234155be2707f2951d3df9edd64456b45a21508419f750312c7612
2025-04-22,2025-04-22 00:00:00,2025-04-23 00:00:00,UNRESOLVED,NAS100_LABELLED_D1_BAR_START_DATE_ONLY,2025-04-22T00:00:00-04:00,2025-04-22T04:00:00Z,2025-04-22T12:00:00+08:00,"-1 day, 20:00:00",8e99b400ae5c3257951c636d4e3396420de9238f471040ed8086e530da1e7825
2025-04-23,2025-04-23 00:00:00,2025-04-24 00:00:00,UNRESOLVED,NAS100_LABELLED_D1_BAR_START_DATE_ONLY,2025-04-23T00:00:00-04:00,2025-04-23T04:00:00Z,2025-04-23T12:00:00+08:00,"-1 day, 20:00:00",043f4dac34d45529364243b01a9defc7fd1c66c4b8404ca3fc2067db06087ece
2025-04-24,2025-04-24 00:00:00,2025-04-25 00:00:00,UNRESOLVED,NAS100_LABELLED_D1_BAR_START_DATE_ONLY,2025-04-24T00:00:00-04:00,2025-04-24T04:00:00Z,2025-04-24T12:00:00+08:00,"-1 day, 20:00:00",6159b03750872d08298e03a815e301d7139a9a47d0714b064407fb852a06edd9
2025-04-25,2025-04-25 00:00:00,2025-04-26 00:00:00,UNRESOLVED,NAS100_LABELLED_D1_BAR_START_DATE_ONLY,2025-04-25T00:00:00-04:00,2025-04-25T04:00:00Z,2025-04-25T12:00:00+08:00,"-1 day, 20:00:00",16cb6521ca74e0ff2fa268a37231bbf2b9a6ae2b867705cc177dca5321f09346
2025-04-28,2025-04-28 00:00:00,2025-04-29 00:00:00,UNRESOLVED,NAS100_LABELLED_D1_BAR_START_DATE_ONLY,2025-04-28T00:00:00-04:00,2025-04-28T04:00:00Z,2025-04-28T12:00:00+08:00,"-1 day, 20:00:00",df8d151f502df4c265d3a06c95a8d6650f0629b2cd4cef83b73631d8ed922098
2025-04-29,2025-04-29 00:00:00,2025-04-30 00:00:00,UNRESOLVED,NAS100_LABELLED_D1_BAR_START_DATE_ONLY,2025-04-29T00:00:00-04:00,2025-04-29T04:00:00Z,2025-04-29T12:00:00+08:00,"-1 day, 20:00:00",6262e5c85e5fc911149abe286d9a17c1f905ad586791b516b9c85448b397c487
2025-04-30,2025-04-30 00:00:00,2025-05-01 00:00:00,UNRESOLVED,NAS100_LABELLED_D1_BAR_START_DATE_ONLY,2025-04-30T00:00:00-04:00,2025-04-30T04:00:00Z,2025-04-30T12:00:00+08:00,"-1 day, 20:00:00",3ceff4705eae577bfb7c386c7cdaec6b681faab53dd75bb9fd69be93e388869a
2025-05-01,2025-05-01 00:00:00,2025-05-02 00:00:00,UNRESOLVED,NAS100_LABELLED_D1_BAR_START_DATE_ONLY,2025-05-01T00:00:00-04:00,2025-05-01T04:00:00Z,2025-05-01T12:00:00+08:00,"-1 day, 20:00:00",49472cfce20abcb030e4ee3078e700dbdf72069ba8f61f257172addeab4a0c7c
2025-05-02,2025-05-02 00:00:00,2025-05-03 00:00:00,UNRESOLVED,NAS100_LABELLED_D1_BAR_START_DATE_ONLY,2025-05-02T00:00:00-04:00,2025-05-02T04:00:00Z,2025-05-02T12:00:00+08:00,"-1 day, 20:00:00",e7396cf6fe67b3f43718b5ba27366334808268f931214bcba0ec9bca9574c5f1
2025-05-05,2025-05-05 00:00:00,2025-05-06 00:00:00,UNRESOLVED,NAS100_LABELLED_D1_BAR_START_DATE_ONLY,2025-05-05T00:00:00-04:00,2025-05-05T04:00:00Z,2025-05-05T12:00:00+08:00,"-1 day, 20:00:00",f93983be9cbd6b5ae933920406e36e6ec10f9488189c7b9ee2921170521ad604
2025-05-06,2025-05-06 00:00:00,2025-05-07 00:00:00,UNRESOLVED,NAS100_LABELLED_D1_BAR_START_DATE_ONLY,2025-05-06T00:00:00-04:00,2025-05-06T04:00:00Z,2025-05-06T12:00:00+08:00,"-1 day, 20:00:00",e40ceacdee6cc1f9ac346c667b059d47d7ad8958bde30093397e885174aa366f
2025-05-07,2025-05-07 00:00:00,2025-05-08 00:00:00,UNRESOLVED,NAS100_LABELLED_D1_BAR_START_DATE_ONLY,2025-05-07T00:00:00-04:00,2025-05-07T04:00:00Z,2025-05-07T12:00:00+08:00,"-1 day, 20:00:00",ba319f83ce994f87e6a49696ab6f88e5036ac6122298cff8458e6cc2bf885be3
2025-05-08,2025-05-08 00:00:00,2025-05-09 00:00:00,UNRESOLVED,NAS100_LABELLED_D1_BAR_START_DATE_ONLY,2025-05-08T00:00:00-04:00,2025-05-08T04:00:00Z,2025-05-08T12:00:00+08:00,"-1 day, 20:00:00",86d66d36aae96d51d146b7562dda5544c57ea4251d5c4aec0f99247c418d1350
2025-05-09,2025-05-09 00:00:00,2025-05-10 00:00:00,UNRESOLVED,NAS100_LABELLED_D1_BAR_START_DATE_ONLY,2025-05-09T00:00:00-04:00,2025-05-09T04:00:00Z,2025-05-09T12:00:00+08:00,"-1 day, 20:00:00",563312d7c80a0905e179761ad548f253f03eba2fda029b7db8ce86e0b4c1551c
2025-05-12,2025-05-12 00:00:00,2025-05-13 00:00:00,UNRESOLVED,NAS100_LABELLED_D1_BAR_START_DATE_ONLY,2025-05-12T00:00:00-04:00,2025-05-12T04:00:00Z,2025-05-12T12:00:00+08:00,"-1 day, 20:00:00",18bd8804d59be07ddf298f32aecfef76b8f1a031cdfb57e29af855779246f7a0
2025-05-13,2025-05-13 00:00:00,2025-05-14 00:00:00,UNRESOLVED,NAS100_LABELLED_D1_BAR_START_DATE_ONLY,2025-05-13T00:00:00-04:00,2025-05-13T04:00:00Z,2025-05-13T12:00:00+08:00,"-1 day, 20:00:00",750a2a3ccf78818a5d3eb7cd40a76f5002296f99f8c3c696a983fbf6e4da5a45
2025-05-14,2025-05-14 00:00:00,2025-05-15 00:00:00,UNRESOLVED,NAS100_LABELLED_D1_BAR_START_DATE_ONLY,2025-05-14T00:00:00-04:00,2025-05-14T04:00:00Z,2025-05-14T12:00:00+08:00,"-1 day, 20:00:00",0b471ca6e35c893850a1aa92cf4a3decc6695eb2bc0c38aa36de2f763299ce35
2025-05-15,2025-05-15 00:00:00,2025-05-16 00:00:00,UNRESOLVED,NAS100_LABELLED_D1_BAR_START_DATE_ONLY,2025-05-15T00:00:00-04:00,2025-05-15T04:00:00Z,2025-05-15T12:00:00+08:00,"-1 day, 20:00:00",b3df0efe6af5d0b90ec80a0e7ed999076305c43a4307668892100ed5fb0782d8
2025-05-16,2025-05-16 00:00:00,2025-05-17 00:00:00,UNRESOLVED,NAS100_LABELLED_D1_BAR_START_DATE_ONLY,2025-05-16T00:00:00-04:00,2025-05-16T04:00:00Z,2025-05-16T12:00:00+08:00,"-1 day, 20:00:00",667fd8217c72d54fb7c79c1faa9552b7179b5511749bfaccd0ad1758d87b199e
2025-05-19,2025-05-19 00:00:00,2025-05-20 00:00:00,UNRESOLVED,NAS100_LABELLED_D1_BAR_START_DATE_ONLY,2025-05-19T00:00:00-04:00,2025-05-19T04:00:00Z,2025-05-19T12:00:00+08:00,"-1 day, 20:00:00",c81f8dab6dc21603a1d1ec46414b0f59416600b4fcabcbc59394b0b682407d27
2025-05-20,2025-05-20 00:00:00,2025-05-21 00:00:00,UNRESOLVED,NAS100_LABELLED_D1_BAR_START_DATE_ONLY,2025-05-20T00:00:00-04:00,2025-05-20T04:00:00Z,2025-05-20T12:00:00+08:00,"-1 day, 20:00:00",c36dc244de290f0b0156fc3d01bd0fec541cf9fb7c768a879594e3ae7cf0447b
2025-05-21,2025-05-21 00:00:00,2025-05-22 00:00:00,UNRESOLVED,NAS100_LABELLED_D1_BAR_START_DATE_ONLY,2025-05-21T00:00:00-04:00,2025-05-21T04:00:00Z,2025-05-21T12:00:00+08:00,"-1 day, 20:00:00",115ee59288fefa568e80f9c35ed8932487d748132412ee7f6b59e800d987379d
2025-05-22,2025-05-22 00:00:00,2025-05-23 00:00:00,UNRESOLVED,NAS100_LABELLED_D1_BAR_START_DATE_ONLY,2025-05-22T00:00:00-04:00,2025-05-22T04:00:00Z,2025-05-22T12:00:00+08:00,"-1 day, 20:00:00",65595339e7314101998c784fbf7eb6e380cfb862c0fbd5fb1bed90b4c45d590d
2025-05-23,2025-05-23 00:00:00,2025-05-24 00:00:00,UNRESOLVED,NAS100_LABELLED_D1_BAR_START_DATE_ONLY,2025-05-23T00:00:00-04:00,2025-05-23T04:00:00Z,2025-05-23T12:00:00+08:00,"-1 day, 20:00:00",b8c844749329cd74341db601dc40d6e5ebe1b4c01a94b9486458d181917b2522
2025-05-26,2025-05-26 00:00:00,2025-05-27 00:00:00,UNRESOLVED,NAS100_LABELLED_D1_BAR_START_DATE_ONLY,2025-05-26T00:00:00-04:00,2025-05-26T04:00:00Z,2025-05-26T12:00:00+08:00,"-1 day, 20:00:00",2c6200e1bd7bdd77545f341ef9970f7cd38b99dc06a2897e018288440925750e
2025-05-27,2025-05-27 00:00:00,2025-05-28 00:00:00,UNRESOLVED,NAS100_LABELLED_D1_BAR_START_DATE_ONLY,2025-05-27T00:00:00-04:00,2025-05-27T04:00:00Z,2025-05-27T12:00:00+08:00,"-1 day, 20:00:00",90130a103507e535f16a398048cc0fa97f6daea285e8594f66f5e905d5306bfe
2025-05-28,2025-05-28 00:00:00,2025-05-29 00:00:00,UNRESOLVED,NAS100_LABELLED_D1_BAR_START_DATE_ONLY,2025-05-28T00:00:00-04:00,2025-05-28T04:00:00Z,2025-05-28T12:00:00+08:00,"-1 day, 20:00:00",ddea8662f089f752a2123e1cc56814f6c21a03a3b4e6e41f1cc0623c9fc82df0
2025-05-29,2025-05-29 00:00:00,2025-05-30 00:00:00,UNRESOLVED,NAS100_LABELLED_D1_BAR_START_DATE_ONLY,2025-05-29T00:00:00-04:00,2025-05-29T04:00:00Z,2025-05-29T12:00:00+08:00,"-1 day, 20:00:00",f0b6fbff46671f0825c9ca94e87bbca651c5714e0a0e149b3e7c16dff3d10bad
2025-05-30,2025-05-30 00:00:00,2025-05-31 00:00:00,UNRESOLVED,NAS100_LABELLED_D1_BAR_START_DATE_ONLY,2025-05-30T00:00:00-04:00,2025-05-30T04:00:00Z,2025-05-30T12:00:00+08:00,"-1 day, 20:00:00",6538d1b02e8dcf3a82ea2e2b438e3abd5c5791e2b58304aad59d1b2020d781fe
2025-06-02,2025-06-02 00:00:00,2025-06-03 00:00:00,UNRESOLVED,NAS100_LABELLED_D1_BAR_START_DATE_ONLY,2025-06-02T00:00:00-04:00,2025-06-02T04:00:00Z,2025-06-02T12:00:00+08:00,"-1 day, 20:00:00",14bd38147bec67684647e30a8ca4f0bcbc1d60d063bfbb6b599418fb1b41b303
2025-06-03,2025-06-03 00:00:00,2025-06-04 00:00:00,UNRESOLVED,NAS100_LABELLED_D1_BAR_START_DATE_ONLY,2025-06-03T00:00:00-04:00,2025-06-03T04:00:00Z,2025-06-03T12:00:00+08:00,"-1 day, 20:00:00",2438e8d522bab6204d022362c107b90423fa9084102ea2cdcfada248159b67fc
2025-06-04,2025-06-04 00:00:00,2025-06-05 00:00:00,UNRESOLVED,NAS100_LABELLED_D1_BAR_START_DATE_ONLY,2025-06-04T00:00:00-04:00,2025-06-04T04:00:00Z,2025-06-04T12:00:00+08:00,"-1 day, 20:00:00",937b1ac0312cfc50054384f840bc3bf24c66302b2d0e98270087653ec6a22178
2025-06-05,2025-06-05 00:00:00,2025-06-06 00:00:00,UNRESOLVED,NAS100_LABELLED_D1_BAR_START_DATE_ONLY,2025-06-05T00:00:00-04:00,2025-06-05T04:00:00Z,2025-06-05T12:00:00+08:00,"-1 day, 20:00:00",934ae2d697161baac0dfce9fca28d1d63e7d005d4c0ebedde01b4a11633a5901
2025-06-06,2025-06-06 00:00:00,2025-06-07 00:00:00,UNRESOLVED,NAS100_LABELLED_D1_BAR_START_DATE_ONLY,2025-06-06T00:00:00-04:00,2025-06-06T04:00:00Z,2025-06-06T12:00:00+08:00,"-1 day, 20:00:00",b2a6fe8b46f8e2c55f88edc6262a996be4e1161515404dac86b643cb3cc5f33b
2025-06-09,2025-06-09 00:00:00,2025-06-10 00:00:00,UNRESOLVED,NAS100_LABELLED_D1_BAR_START_DATE_ONLY,2025-06-09T00:00:00-04:00,2025-06-09T04:00:00Z,2025-06-09T12:00:00+08:00,"-1 day, 20:00:00",12532b9bab803a7b6e491d41d4f6c5d4b72882f94adbc4b9d64c77fd4d5814a4
2025-06-10,2025-06-10 00:00:00,2025-06-11 00:00:00,UNRESOLVED,NAS100_LABELLED_D1_BAR_START_DATE_ONLY,2025-06-10T00:00:00-04:00,2025-06-10T04:00:00Z,2025-06-10T12:00:00+08:00,"-1 day, 20:00:00",7dda8cf2a59fecf01672a7d3ed960f37f7f5214ce23a682e7c4290d2c71dd6d4
2025-06-11,2025-06-11 00:00:00,2025-06-12 00:00:00,UNRESOLVED,NAS100_LABELLED_D1_BAR_START_DATE_ONLY,2025-06-11T00:00:00-04:00,2025-06-11T04:00:00Z,2025-06-11T12:00:00+08:00,"-1 day, 20:00:00",f98c5bc5b9b67c08c004dc5fdf5de9db372e48f447dfcad948902ab1f8f22725
2025-06-12,2025-06-12 00:00:00,2025-06-13 00:00:00,UNRESOLVED,NAS100_LABELLED_D1_BAR_START_DATE_ONLY,2025-06-12T00:00:00-04:00,2025-06-12T04:00:00Z,2025-06-12T12:00:00+08:00,"-1 day, 20:00:00",93af5f4602baa8bbb707603387edc4006e3c65fb881bbe5abea32f5b0d37fb2f
2025-06-13,2025-06-13 00:00:00,2025-06-14 00:00:00,UNRESOLVED,NAS100_LABELLED_D1_BAR_START_DATE_ONLY,2025-06-13T00:00:00-04:00,2025-06-13T04:00:00Z,2025-06-13T12:00:00+08:00,"-1 day, 20:00:00",cb4459a7f8aaae24c9da924d39ddc571ea1f493c77ab5d74e0906898cc85d614
2025-06-16,2025-06-16 00:00:00,2025-06-17 00:00:00,UNRESOLVED,NAS100_LABELLED_D1_BAR_START_DATE_ONLY,2025-06-16T00:00:00-04:00,2025-06-16T04:00:00Z,2025-06-16T12:00:00+08:00,"-1 day, 20:00:00",d450f20245056ffa4163465ca29ae0ada37c263056d13832ce69884357c21731
2025-06-17,2025-06-17 00:00:00,2025-06-18 00:00:00,UNRESOLVED,NAS100_LABELLED_D1_BAR_START_DATE_ONLY,2025-06-17T00:00:00-04:00,2025-06-17T04:00:00Z,2025-06-17T12:00:00+08:00,"-1 day, 20:00:00",2b4e2618a891c8b9b4553f28cbeec2c607cc8f337b695d7b165b0e62d6b3c1d7
2025-06-18,2025-06-18 00:00:00,2025-06-19 00:00:00,UNRESOLVED,NAS100_LABELLED_D1_BAR_START_DATE_ONLY,2025-06-18T00:00:00-04:00,2025-06-18T04:00:00Z,2025-06-18T12:00:00+08:00,"-1 day, 20:00:00",043bbd3b71d50c666435560f366824d2420478e60593ee434bf358fa5ae1b37a
2025-06-19,2025-06-19 00:00:00,2025-06-20 00:00:00,UNRESOLVED,NAS100_LABELLED_D1_BAR_START_DATE_ONLY,2025-06-19T00:00:00-04:00,2025-06-19T04:00:00Z,2025-06-19T12:00:00+08:00,"-1 day, 20:00:00",097613505eb1bf6f3ea4fc061a47143a91653c285fe08377c0a2e8b7221260f5
2025-06-20,2025-06-20 00:00:00,2025-06-21 00:00:00,UNRESOLVED,NAS100_LABELLED_D1_BAR_START_DATE_ONLY,2025-06-20T00:00:00-04:00,2025-06-20T04:00:00Z,2025-06-20T12:00:00+08:00,"-1 day, 20:00:00",72aa5996b97d6bc99aa9ddf6233e0ad93db0ba74eaf8c8ac052c88b6999b4eab
2025-06-23,2025-06-23 00:00:00,2025-06-24 00:00:00,UNRESOLVED,NAS100_LABELLED_D1_BAR_START_DATE_ONLY,2025-06-23T00:00:00-04:00,2025-06-23T04:00:00Z,2025-06-23T12:00:00+08:00,"-1 day, 20:00:00",5d3092348002b33ce42f6d29f3e58fe9634e79b73dbde20b48709e9cdee6d34d
2025-06-24,2025-06-24 00:00:00,2025-06-25 00:00:00,UNRESOLVED,NAS100_LABELLED_D1_BAR_START_DATE_ONLY,2025-06-24T00:00:00-04:00,2025-06-24T04:00:00Z,2025-06-24T12:00:00+08:00,"-1 day, 20:00:00",61e38f306c630437e4a742c28f8e654cb3781c5ef80492997ba30777105aa5f5
2025-06-25,2025-06-25 00:00:00,2025-06-26 00:00:00,UNRESOLVED,NAS100_LABELLED_D1_BAR_START_DATE_ONLY,2025-06-25T00:00:00-04:00,2025-06-25T04:00:00Z,2025-06-25T12:00:00+08:00,"-1 day, 20:00:00",f5adb6d07d7713a37b9c3c5f5ce15955e0af62bbc7a260e55c0241a88933c924
2025-06-26,2025-06-26 00:00:00,2025-06-27 00:00:00,UNRESOLVED,NAS100_LABELLED_D1_BAR_START_DATE_ONLY,2025-06-26T00:00:00-04:00,2025-06-26T04:00:00Z,2025-06-26T12:00:00+08:00,"-1 day, 20:00:00",01193b077e894e9a76b5953ba63cb9e904c85cc571a3f4ffffebc1a65bc266f8
2025-06-27,2025-06-27 00:00:00,2025-06-28 00:00:00,UNRESOLVED,NAS100_LABELLED_D1_BAR_START_DATE_ONLY,2025-06-27T00:00:00-04:00,2025-06-27T04:00:00Z,2025-06-27T12:00:00+08:00,"-1 day, 20:00:00",ef4b59a6c8d00f5184f1003fe0dc6d523067ec0d4cb5c9ec954ad318ad1b3779
2025-06-30,2025-06-30 00:00:00,2025-07-01 00:00:00,UNRESOLVED,NAS100_LABELLED_D1_BAR_START_DATE_ONLY,2025-06-30T00:00:00-04:00,2025-06-30T04:00:00Z,2025-06-30T12:00:00+08:00,"-1 day, 20:00:00",9da7d79d5f6236c878b66ef90d695c32b323738e40b6eadf42250234596060c4
2025-07-01,2025-07-01 00:00:00,2025-07-02 00:00:00,UNRESOLVED,NAS100_LABELLED_D1_BAR_START_DATE_ONLY,2025-07-01T00:00:00-04:00,2025-07-01T04:00:00Z,2025-07-01T12:00:00+08:00,"-1 day, 20:00:00",8705a2bcdfc026154265634158c47c9d4e87b727f5c7a9749116098e76e13f00
2025-07-02,2025-07-02 00:00:00,2025-07-03 00:00:00,UNRESOLVED,NAS100_LABELLED_D1_BAR_START_DATE_ONLY,2025-07-02T00:00:00-04:00,2025-07-02T04:00:00Z,2025-07-02T12:00:00+08:00,"-1 day, 20:00:00",9891990372e7fae7cd6dc7e674301df8cb1140cb4ed97254b39f9fc7eb59f9a5
2025-07-03,2025-07-03 00:00:00,2025-07-04 00:00:00,UNRESOLVED,NAS100_LABELLED_D1_BAR_START_DATE_ONLY,2025-07-03T00:00:00-04:00,2025-07-03T04:00:00Z,2025-07-03T12:00:00+08:00,"-1 day, 20:00:00",a92535318181e1932baa43a23f1d0bebe4f6e92070aefa0547af17fb6fb07898
2025-07-04,2025-07-04 00:00:00,2025-07-05 00:00:00,UNRESOLVED,NAS100_LABELLED_D1_BAR_START_DATE_ONLY,2025-07-04T00:00:00-04:00,2025-07-04T04:00:00Z,2025-07-04T12:00:00+08:00,"-1 day, 20:00:00",cda03498fefbe19bcae2bbc270bdf3adf32e384ffc856b6edafd0817ada5ec81
2025-07-07,2025-07-07 00:00:00,2025-07-08 00:00:00,UNRESOLVED,NAS100_LABELLED_D1_BAR_START_DATE_ONLY,2025-07-07T00:00:00-04:00,2025-07-07T04:00:00Z,2025-07-07T12:00:00+08:00,"-1 day, 20:00:00",5d6e1df75574416601ad33107b23c9e9f47e8828b0910d14a43bcd1c700cd194
2025-07-08,2025-07-08 00:00:00,2025-07-09 00:00:00,UNRESOLVED,NAS100_LABELLED_D1_BAR_START_DATE_ONLY,2025-07-08T00:00:00-04:00,2025-07-08T04:00:00Z,2025-07-08T12:00:00+08:00,"-1 day, 20:00:00",b45373489dc4c19a3983416f8b41cb24c3404ab4d4e35f31ba9bc55555fdc62b
2025-07-09,2025-07-09 00:00:00,2025-07-10 00:00:00,UNRESOLVED,NAS100_LABELLED_D1_BAR_START_DATE_ONLY,2025-07-09T00:00:00-04:00,2025-07-09T04:00:00Z,2025-07-09T12:00:00+08:00,"-1 day, 20:00:00",979d24ef9a0197bc8f2a2ac7a4ec518b715c2ed0b02488ef7b62f7bd3613917b
2025-07-10,2025-07-10 00:00:00,2025-07-11 00:00:00,UNRESOLVED,NAS100_LABELLED_D1_BAR_START_DATE_ONLY,2025-07-10T00:00:00-04:00,2025-07-10T04:00:00Z,2025-07-10T12:00:00+08:00,"-1 day, 20:00:00",d5784c12f6427db3af465e2cecab7bf35abaf13ef86f77998444a8a7d3394b8c
2025-07-11,2025-07-11 00:00:00,2025-07-12 00:00:00,UNRESOLVED,NAS100_LABELLED_D1_BAR_START_DATE_ONLY,2025-07-11T00:00:00-04:00,2025-07-11T04:00:00Z,2025-07-11T12:00:00+08:00,"-1 day, 20:00:00",4ecddf719a7bef6cadb8ebb25831ce7a69529bcd0448355d535d3e6277eff542
2025-07-14,2025-07-14 00:00:00,2025-07-15 00:00:00,UNRESOLVED,NAS100_LABELLED_D1_BAR_START_DATE_ONLY,2025-07-14T00:00:00-04:00,2025-07-14T04:00:00Z,2025-07-14T12:00:00+08:00,"-1 day, 20:00:00",c8b9353daf6ca0601ee29f3752225ad0db908e3c193f570b50bce4a4500b6f06
2025-07-15,2025-07-15 00:00:00,2025-07-16 00:00:00,UNRESOLVED,NAS100_LABELLED_D1_BAR_START_DATE_ONLY,2025-07-15T00:00:00-04:00,2025-07-15T04:00:00Z,2025-07-15T12:00:00+08:00,"-1 day, 20:00:00",ca38aed652f958851e8822844e68ba58887422ef512fddcebd5e0c88341aa987
2025-07-16,2025-07-16 00:00:00,2025-07-17 00:00:00,UNRESOLVED,NAS100_LABELLED_D1_BAR_START_DATE_ONLY,2025-07-16T00:00:00-04:00,2025-07-16T04:00:00Z,2025-07-16T12:00:00+08:00,"-1 day, 20:00:00",b1114c0bebfce4a3bde28be9d8530d7a3a3edb2f50431fabbb939935b076568c
2025-07-17,2025-07-17 00:00:00,2025-07-18 00:00:00,UNRESOLVED,NAS100_LABELLED_D1_BAR_START_DATE_ONLY,2025-07-17T00:00:00-04:00,2025-07-17T04:00:00Z,2025-07-17T12:00:00+08:00,"-1 day, 20:00:00",adcd161f64e04828a339a436ecb1cfb05c9dd1d5965dc0dceba00aeaa6cd910d
2025-07-18,2025-07-18 00:00:00,2025-07-19 00:00:00,UNRESOLVED,NAS100_LABELLED_D1_BAR_START_DATE_ONLY,2025-07-18T00:00:00-04:00,2025-07-18T04:00:00Z,2025-07-18T12:00:00+08:00,"-1 day, 20:00:00",24d5d8da69af85c87fd0b5f5698d2df2137a2cec7848068b349ff22fcb9135f2
2025-07-21,2025-07-21 00:00:00,2025-07-22 00:00:00,UNRESOLVED,NAS100_LABELLED_D1_BAR_START_DATE_ONLY,2025-07-21T00:00:00-04:00,2025-07-21T04:00:00Z,2025-07-21T12:00:00+08:00,"-1 day, 20:00:00",140a9769e6fd428fc0f3787892ea7c44ee4892d9cf8b41681f0de9cce0bc1ecc
2025-07-22,2025-07-22 00:00:00,2025-07-23 00:00:00,UNRESOLVED,NAS100_LABELLED_D1_BAR_START_DATE_ONLY,2025-07-22T00:00:00-04:00,2025-07-22T04:00:00Z,2025-07-22T12:00:00+08:00,"-1 day, 20:00:00",9d303fdc5a112efa85e5dc4c34bfb7cde0256b911abd9ebc21ae6f870ab012da
2025-07-23,2025-07-23 00:00:00,2025-07-24 00:00:00,UNRESOLVED,NAS100_LABELLED_D1_BAR_START_DATE_ONLY,2025-07-23T00:00:00-04:00,2025-07-23T04:00:00Z,2025-07-23T12:00:00+08:00,"-1 day, 20:00:00",7d8ce786baed11cc64d7aa6bc69f007a637559041a573d948d5685ca8c9be9b9
2025-07-24,2025-07-24 00:00:00,2025-07-25 00:00:00,UNRESOLVED,NAS100_LABELLED_D1_BAR_START_DATE_ONLY,2025-07-24T00:00:00-04:00,2025-07-24T04:00:00Z,2025-07-24T12:00:00+08:00,"-1 day, 20:00:00",d71f62fa3d66e7f234610a6006a6dd3dac987015c32de95ba704d852141ac027
2025-07-25,2025-07-25 00:00:00,2025-07-26 00:00:00,UNRESOLVED,NAS100_LABELLED_D1_BAR_START_DATE_ONLY,2025-07-25T00:00:00-04:00,2025-07-25T04:00:00Z,2025-07-25T12:00:00+08:00,"-1 day, 20:00:00",6455e39dd2ef5160cbf1c9c1c377d90001b421ce4002b9ebcac451a0093fabe9
2025-07-28,2025-07-28 00:00:00,2025-07-29 00:00:00,UNRESOLVED,NAS100_LABELLED_D1_BAR_START_DATE_ONLY,2025-07-28T00:00:00-04:00,2025-07-28T04:00:00Z,2025-07-28T12:00:00+08:00,"-1 day, 20:00:00",341c0a1014b502336c4d524af7238c8232c3f628e6c45005a6756c330e03b1b7
2025-07-29,2025-07-29 00:00:00,2025-07-30 00:00:00,UNRESOLVED,NAS100_LABELLED_D1_BAR_START_DATE_ONLY,2025-07-29T00:00:00-04:00,2025-07-29T04:00:00Z,2025-07-29T12:00:00+08:00,"-1 day, 20:00:00",bf6077868d66cf7d0015b8bea5669c0624af9f26cc8544d46f3cfef188ca7149
2025-07-30,2025-07-30 00:00:00,2025-07-31 00:00:00,UNRESOLVED,NAS100_LABELLED_D1_BAR_START_DATE_ONLY,2025-07-30T00:00:00-04:00,2025-07-30T04:00:00Z,2025-07-30T12:00:00+08:00,"-1 day, 20:00:00",c772074983e19a149cf4c70d375c3ce010c3124898e805887baf9fc730e53258
2025-07-31,2025-07-31 00:00:00,2025-08-01 00:00:00,UNRESOLVED,NAS100_LABELLED_D1_BAR_START_DATE_ONLY,2025-07-31T00:00:00-04:00,2025-07-31T04:00:00Z,2025-07-31T12:00:00+08:00,"-1 day, 20:00:00",f0c7f58354539ad012432785f3bf345223e22239b0d8146726fab2ffedbbf5b8
2025-08-01,2025-08-01 00:00:00,2025-08-02 00:00:00,UNRESOLVED,NAS100_LABELLED_D1_BAR_START_DATE_ONLY,2025-08-01T00:00:00-04:00,2025-08-01T04:00:00Z,2025-08-01T12:00:00+08:00,"-1 day, 20:00:00",19479e79dd75f955e37deb54fabf680777cadfa9d175ddf7f882d401b50d77ee
2025-08-04,2025-08-04 00:00:00,2025-08-05 00:00:00,UNRESOLVED,NAS100_LABELLED_D1_BAR_START_DATE_ONLY,2025-08-04T00:00:00-04:00,2025-08-04T04:00:00Z,2025-08-04T12:00:00+08:00,"-1 day, 20:00:00",213adef4a70f2f8d2db6473ed83ea3b5c9306f8bd2cb8babd257421c8ce13b40
2025-08-05,2025-08-05 00:00:00,2025-08-06 00:00:00,UNRESOLVED,NAS100_LABELLED_D1_BAR_START_DATE_ONLY,2025-08-05T00:00:00-04:00,2025-08-05T04:00:00Z,2025-08-05T12:00:00+08:00,"-1 day, 20:00:00",bbd945b12508e10e13bd258b820b0e618d944409cb482e384fcb01f3c2248de0
2025-08-06,2025-08-06 00:00:00,2025-08-07 00:00:00,UNRESOLVED,NAS100_LABELLED_D1_BAR_START_DATE_ONLY,2025-08-06T00:00:00-04:00,2025-08-06T04:00:00Z,2025-08-06T12:00:00+08:00,"-1 day, 20:00:00",5b1dc20b30fd3fa6356940681e507a5096cc495d6d6a61065573e521ddf0bd97
2025-08-07,2025-08-07 00:00:00,2025-08-08 00:00:00,UNRESOLVED,NAS100_LABELLED_D1_BAR_START_DATE_ONLY,2025-08-07T00:00:00-04:00,2025-08-07T04:00:00Z,2025-08-07T12:00:00+08:00,"-1 day, 20:00:00",fb5b8e00bd5d46e1f6bce8b0e8dafbb5fd7372505b951f630b8e11b0397c3373
2025-08-08,2025-08-08 00:00:00,2025-08-09 00:00:00,UNRESOLVED,NAS100_LABELLED_D1_BAR_START_DATE_ONLY,2025-08-08T00:00:00-04:00,2025-08-08T04:00:00Z,2025-08-08T12:00:00+08:00,"-1 day, 20:00:00",1209fba81da91bf0ee8b2137378e994a741c60ca654b937e7bb6fb40577427f7
2025-08-11,2025-08-11 00:00:00,2025-08-12 00:00:00,UNRESOLVED,NAS100_LABELLED_D1_BAR_START_DATE_ONLY,2025-08-11T00:00:00-04:00,2025-08-11T04:00:00Z,2025-08-11T12:00:00+08:00,"-1 day, 20:00:00",f77cbc383bc2298e3adb1e7684fe52463b751e1889dcc9586bfed89f5f02639c
2025-08-12,2025-08-12 00:00:00,2025-08-13 00:00:00,UNRESOLVED,NAS100_LABELLED_D1_BAR_START_DATE_ONLY,2025-08-12T00:00:00-04:00,2025-08-12T04:00:00Z,2025-08-12T12:00:00+08:00,"-1 day, 20:00:00",a079d80a248f39a4efe7932f597f1ff285e52507f087673257c9d291377d9150
2025-08-13,2025-08-13 00:00:00,2025-08-14 00:00:00,UNRESOLVED,NAS100_LABELLED_D1_BAR_START_DATE_ONLY,2025-08-13T00:00:00-04:00,2025-08-13T04:00:00Z,2025-08-13T12:00:00+08:00,"-1 day, 20:00:00",60d79d8bbd09aac83a562fbd3802c6d53df0474e287efb47f8e87515a5de7bdf
2025-08-14,2025-08-14 00:00:00,2025-08-15 00:00:00,UNRESOLVED,NAS100_LABELLED_D1_BAR_START_DATE_ONLY,2025-08-14T00:00:00-04:00,2025-08-14T04:00:00Z,2025-08-14T12:00:00+08:00,"-1 day, 20:00:00",395b51716daf4eba9588c80c3c6b2ef912c6462a590f04592114b7ba9d2b3094
2025-08-15,2025-08-15 00:00:00,2025-08-16 00:00:00,UNRESOLVED,NAS100_LABELLED_D1_BAR_START_DATE_ONLY,2025-08-15T00:00:00-04:00,2025-08-15T04:00:00Z,2025-08-15T12:00:00+08:00,"-1 day, 20:00:00",2756a034dfdaf9ce2a30bc5ce5b0695f4026bbab6b93ce7997839be03e61fd67
2025-08-18,2025-08-18 00:00:00,2025-08-19 00:00:00,UNRESOLVED,NAS100_LABELLED_D1_BAR_START_DATE_ONLY,2025-08-18T00:00:00-04:00,2025-08-18T04:00:00Z,2025-08-18T12:00:00+08:00,"-1 day, 20:00:00",660999267f2d2d35608f82c2cac62661c1c22c4cdfa9cceaeb735da5f88e56c8
2025-08-19,2025-08-19 00:00:00,2025-08-20 00:00:00,UNRESOLVED,NAS100_LABELLED_D1_BAR_START_DATE_ONLY,2025-08-19T00:00:00-04:00,2025-08-19T04:00:00Z,2025-08-19T12:00:00+08:00,"-1 day, 20:00:00",cb076a4f2afc0c2b5e59a4634d176b1bed1562491a492708e520a72465167a40
2025-08-20,2025-08-20 00:00:00,2025-08-21 00:00:00,UNRESOLVED,NAS100_LABELLED_D1_BAR_START_DATE_ONLY,2025-08-20T00:00:00-04:00,2025-08-20T04:00:00Z,2025-08-20T12:00:00+08:00,"-1 day, 20:00:00",47cf742239adbbb9f6cb4a34e21122ce8f11870fb52e6302da3ff1368c689c28
2025-08-21,2025-08-21 00:00:00,2025-08-22 00:00:00,UNRESOLVED,NAS100_LABELLED_D1_BAR_START_DATE_ONLY,2025-08-21T00:00:00-04:00,2025-08-21T04:00:00Z,2025-08-21T12:00:00+08:00,"-1 day, 20:00:00",0be391f955072a4ddcf97462b231d5ee67cf1069532d390e949dfcde89a94890
2025-08-22,2025-08-22 00:00:00,2025-08-23 00:00:00,UNRESOLVED,NAS100_LABELLED_D1_BAR_START_DATE_ONLY,2025-08-22T00:00:00-04:00,2025-08-22T04:00:00Z,2025-08-22T12:00:00+08:00,"-1 day, 20:00:00",d61053075144c56509e248a202999480302a03e2df4d3696fb1155130d0badb0
2025-08-25,2025-08-25 00:00:00,2025-08-26 00:00:00,UNRESOLVED,NAS100_LABELLED_D1_BAR_START_DATE_ONLY,2025-08-25T00:00:00-04:00,2025-08-25T04:00:00Z,2025-08-25T12:00:00+08:00,"-1 day, 20:00:00",e1183bb9154401744b5ebae8a0021d359cbda8b18c3fe9077b14f0f8a627effc
2025-08-26,2025-08-26 00:00:00,2025-08-27 00:00:00,UNRESOLVED,NAS100_LABELLED_D1_BAR_START_DATE_ONLY,2025-08-26T00:00:00-04:00,2025-08-26T04:00:00Z,2025-08-26T12:00:00+08:00,"-1 day, 20:00:00",c9f541df4a07fafeadfb495ee8c1243a4a28d49be400309690a9b00a78334862
2025-08-27,2025-08-27 00:00:00,2025-08-28 00:00:00,UNRESOLVED,NAS100_LABELLED_D1_BAR_START_DATE_ONLY,2025-08-27T00:00:00-04:00,2025-08-27T04:00:00Z,2025-08-27T12:00:00+08:00,"-1 day, 20:00:00",4b9ad6e675335adc33cab850e3aea969fb1af6909ebe09a17add0b036a462472
2025-08-28,2025-08-28 00:00:00,2025-08-29 00:00:00,UNRESOLVED,NAS100_LABELLED_D1_BAR_START_DATE_ONLY,2025-08-28T00:00:00-04:00,2025-08-28T04:00:00Z,2025-08-28T12:00:00+08:00,"-1 day, 20:00:00",5cf577bc7bcf3d8709b0e4c7d9b46ec3d76e594db4d5eb0fdc902cc18700bfd0
2025-08-29,2025-08-29 00:00:00,2025-08-30 00:00:00,UNRESOLVED,NAS100_LABELLED_D1_BAR_START_DATE_ONLY,2025-08-29T00:00:00-04:00,2025-08-29T04:00:00Z,2025-08-29T12:00:00+08:00,"-1 day, 20:00:00",6bbebd233755b754926fdfeb8ac19bfe098ef47fb4e5a81e4611ca780d372c13
2025-09-01,2025-09-01 00:00:00,2025-09-02 00:00:00,UNRESOLVED,NAS100_LABELLED_D1_BAR_START_DATE_ONLY,2025-09-01T00:00:00-04:00,2025-09-01T04:00:00Z,2025-09-01T12:00:00+08:00,"-1 day, 20:00:00",189aa9bf053efc31dc84a5172629c1feaf7a4b5f0ab29b23769b87c0b3819ad4
2025-09-02,2025-09-02 00:00:00,2025-09-03 00:00:00,UNRESOLVED,NAS100_LABELLED_D1_BAR_START_DATE_ONLY,2025-09-02T00:00:00-04:00,2025-09-02T04:00:00Z,2025-09-02T12:00:00+08:00,"-1 day, 20:00:00",c4e6b2375419d8853bd5e247930c8ebbf96e7034e0630f574ae2fc59d60eb7e3
2025-09-03,2025-09-03 00:00:00,2025-09-04 00:00:00,UNRESOLVED,NAS100_LABELLED_D1_BAR_START_DATE_ONLY,2025-09-03T00:00:00-04:00,2025-09-03T04:00:00Z,2025-09-03T12:00:00+08:00,"-1 day, 20:00:00",c96d9f5351b8327262ad1eea58a74739d6d6834e6b8bf91c7365fc4e56749d8a
2025-09-04,2025-09-04 00:00:00,2025-09-05 00:00:00,UNRESOLVED,NAS100_LABELLED_D1_BAR_START_DATE_ONLY,2025-09-04T00:00:00-04:00,2025-09-04T04:00:00Z,2025-09-04T12:00:00+08:00,"-1 day, 20:00:00",d0942cb8d8a0121a9a83c2912723cb216708f46e5d38a817d48d4b732a95e754
2025-09-05,2025-09-05 00:00:00,2025-09-06 00:00:00,UNRESOLVED,NAS100_LABELLED_D1_BAR_START_DATE_ONLY,2025-09-05T00:00:00-04:00,2025-09-05T04:00:00Z,2025-09-05T12:00:00+08:00,"-1 day, 20:00:00",7d9e5c3ee2b4084d0ca93dc97e2554935541041943fd952c45c94ff14fddac95
2025-09-08,2025-09-08 00:00:00,2025-09-09 00:00:00,UNRESOLVED,NAS100_LABELLED_D1_BAR_START_DATE_ONLY,2025-09-08T00:00:00-04:00,2025-09-08T04:00:00Z,2025-09-08T12:00:00+08:00,"-1 day, 20:00:00",2e9080a04327c1114e86705ee2e9d06dba2421047e208e1eaf617eecdc687a80
2025-09-09,2025-09-09 00:00:00,2025-09-10 00:00:00,UNRESOLVED,NAS100_LABELLED_D1_BAR_START_DATE_ONLY,2025-09-09T00:00:00-04:00,2025-09-09T04:00:00Z,2025-09-09T12:00:00+08:00,"-1 day, 20:00:00",ef57b8414e8a7382f4c221302e770650df8f690e9b510a06e5b4235996ce2d0c
2025-09-10,2025-09-10 00:00:00,2025-09-11 00:00:00,UNRESOLVED,NAS100_LABELLED_D1_BAR_START_DATE_ONLY,2025-09-10T00:00:00-04:00,2025-09-10T04:00:00Z,2025-09-10T12:00:00+08:00,"-1 day, 20:00:00",84019a3a58c2f7214bc9a513bccb30cfd9ffb87b3924e4659b5260a8a618d0e8
2025-09-11,2025-09-11 00:00:00,2025-09-12 00:00:00,UNRESOLVED,NAS100_LABELLED_D1_BAR_START_DATE_ONLY,2025-09-11T00:00:00-04:00,2025-09-11T04:00:00Z,2025-09-11T12:00:00+08:00,"-1 day, 20:00:00",36810f1d5c0bdb5f27e779196413dc2d5ce20aae6d4a122f3fd84b7a5523ae1d
2025-09-12,2025-09-12 00:00:00,2025-09-13 00:00:00,UNRESOLVED,NAS100_LABELLED_D1_BAR_START_DATE_ONLY,2025-09-12T00:00:00-04:00,2025-09-12T04:00:00Z,2025-09-12T12:00:00+08:00,"-1 day, 20:00:00",11037c1ba73c45badde2ad6ef7e198be0bbaf2401836d2d7e292e04168938ae4
2025-09-15,2025-09-15 00:00:00,2025-09-16 00:00:00,UNRESOLVED,NAS100_LABELLED_D1_BAR_START_DATE_ONLY,2025-09-15T00:00:00-04:00,2025-09-15T04:00:00Z,2025-09-15T12:00:00+08:00,"-1 day, 20:00:00",41193034c8cdd532afd9d8921f1fed1debbf7204c4490159402fdde0ddc9790d
2025-09-16,2025-09-16 00:00:00,2025-09-17 00:00:00,UNRESOLVED,NAS100_LABELLED_D1_BAR_START_DATE_ONLY,2025-09-16T00:00:00-04:00,2025-09-16T04:00:00Z,2025-09-16T12:00:00+08:00,"-1 day, 20:00:00",99fe41a66b75a9b51a171767a101c1306854ab3894f33354108bd1ec7f47ab72
2025-09-17,2025-09-17 00:00:00,2025-09-18 00:00:00,UNRESOLVED,NAS100_LABELLED_D1_BAR_START_DATE_ONLY,2025-09-17T00:00:00-04:00,2025-09-17T04:00:00Z,2025-09-17T12:00:00+08:00,"-1 day, 20:00:00",d6fd0befd4f63ae337ca5f3c041b50513ffbd0276923eaef247450d3074946ab
2025-09-18,2025-09-18 00:00:00,2025-09-19 00:00:00,UNRESOLVED,NAS100_LABELLED_D1_BAR_START_DATE_ONLY,2025-09-18T00:00:00-04:00,2025-09-18T04:00:00Z,2025-09-18T12:00:00+08:00,"-1 day, 20:00:00",452c28f38a5536907f9749903a71ef7c83a83021460eb14f87587a0d76218d99
2025-09-19,2025-09-19 00:00:00,2025-09-20 00:00:00,UNRESOLVED,NAS100_LABELLED_D1_BAR_START_DATE_ONLY,2025-09-19T00:00:00-04:00,2025-09-19T04:00:00Z,2025-09-19T12:00:00+08:00,"-1 day, 20:00:00",53ff0195113b2ef9699a2dfb6ced58df3d0e80cb5e3f5274dbd34f86e41aadc3
2025-09-22,2025-09-22 00:00:00,2025-09-23 00:00:00,UNRESOLVED,NAS100_LABELLED_D1_BAR_START_DATE_ONLY,2025-09-22T00:00:00-04:00,2025-09-22T04:00:00Z,2025-09-22T12:00:00+08:00,"-1 day, 20:00:00",0c8af998ef116ef36736b61b0640d42117f3688644d2e4db5603c025f988c45b
2025-09-23,2025-09-23 00:00:00,2025-09-24 00:00:00,UNRESOLVED,NAS100_LABELLED_D1_BAR_START_DATE_ONLY,2025-09-23T00:00:00-04:00,2025-09-23T04:00:00Z,2025-09-23T12:00:00+08:00,"-1 day, 20:00:00",35ebebb8497279b8ef75bc44d247d474a4ec79f50f902bdcde93d328ac7842a5
2025-09-24,2025-09-24 00:00:00,2025-09-25 00:00:00,UNRESOLVED,NAS100_LABELLED_D1_BAR_START_DATE_ONLY,2025-09-24T00:00:00-04:00,2025-09-24T04:00:00Z,2025-09-24T12:00:00+08:00,"-1 day, 20:00:00",3c7df39c14ec8e4412f39784c3e9a95f533176a5be3afdc425ad76b3c16f1d6a
2025-09-25,2025-09-25 00:00:00,2025-09-26 00:00:00,UNRESOLVED,NAS100_LABELLED_D1_BAR_START_DATE_ONLY,2025-09-25T00:00:00-04:00,2025-09-25T04:00:00Z,2025-09-25T12:00:00+08:00,"-1 day, 20:00:00",636fb0babdb8d288724c85f864811477bd6bfeff96850b9cbab1db8bb0b17456
2025-09-26,2025-09-26 00:00:00,2025-09-27 00:00:00,UNRESOLVED,NAS100_LABELLED_D1_BAR_START_DATE_ONLY,2025-09-26T00:00:00-04:00,2025-09-26T04:00:00Z,2025-09-26T12:00:00+08:00,"-1 day, 20:00:00",4373b530aa9c2f8b84a01959149a7530f4ef0994b27b3f1a0654e35aa0a408c0
2025-09-29,2025-09-29 00:00:00,2025-09-30 00:00:00,UNRESOLVED,NAS100_LABELLED_D1_BAR_START_DATE_ONLY,2025-09-29T00:00:00-04:00,2025-09-29T04:00:00Z,2025-09-29T12:00:00+08:00,"-1 day, 20:00:00",89b381772e082e64b31c1df34e0a5d29f9b5d02edd703779227c2d71f7429d4d
2025-09-30,2025-09-30 00:00:00,2025-10-01 00:00:00,UNRESOLVED,NAS100_LABELLED_D1_BAR_START_DATE_ONLY,2025-09-30T00:00:00-04:00,2025-09-30T04:00:00Z,2025-09-30T12:00:00+08:00,"-1 day, 20:00:00",74512228d3d66c98e635798603a04b0b204246c889cc30476eee1516eff46b03
2025-10-01,2025-10-01 00:00:00,2025-10-02 00:00:00,UNRESOLVED,NAS100_LABELLED_D1_BAR_START_DATE_ONLY,2025-10-01T00:00:00-04:00,2025-10-01T04:00:00Z,2025-10-01T12:00:00+08:00,"-1 day, 20:00:00",a5251f14ed6ba36add054bba6ac2b342736abec5ab9e2eb5c44fa2a21489040b
2025-10-02,2025-10-02 00:00:00,2025-10-03 00:00:00,UNRESOLVED,NAS100_LABELLED_D1_BAR_START_DATE_ONLY,2025-10-02T00:00:00-04:00,2025-10-02T04:00:00Z,2025-10-02T12:00:00+08:00,"-1 day, 20:00:00",fba193889f782b131918fba6468d12307b9eb39c993909e203fbf6d2c4b880f4
2025-10-03,2025-10-03 00:00:00,2025-10-04 00:00:00,UNRESOLVED,NAS100_LABELLED_D1_BAR_START_DATE_ONLY,2025-10-03T00:00:00-04:00,2025-10-03T04:00:00Z,2025-10-03T12:00:00+08:00,"-1 day, 20:00:00",358fd0693edf6fcffbc052e3e01da188820523f3aa28339edf42c6976d8d498e
2025-10-06,2025-10-06 00:00:00,2025-10-07 00:00:00,UNRESOLVED,NAS100_LABELLED_D1_BAR_START_DATE_ONLY,2025-10-06T00:00:00-04:00,2025-10-06T04:00:00Z,2025-10-06T12:00:00+08:00,"-1 day, 20:00:00",6be9a7f718fe59daebe49882f59050116df1ae0e935d19e323a8ee79c2bb95f8
2025-10-07,2025-10-07 00:00:00,2025-10-08 00:00:00,UNRESOLVED,NAS100_LABELLED_D1_BAR_START_DATE_ONLY,2025-10-07T00:00:00-04:00,2025-10-07T04:00:00Z,2025-10-07T12:00:00+08:00,"-1 day, 20:00:00",7347a457db0fac1d0b2618323be2b14a90033881c7eee40d3358d3c586d36840
2025-10-08,2025-10-08 00:00:00,2025-10-09 00:00:00,UNRESOLVED,NAS100_LABELLED_D1_BAR_START_DATE_ONLY,2025-10-08T00:00:00-04:00,2025-10-08T04:00:00Z,2025-10-08T12:00:00+08:00,"-1 day, 20:00:00",151ffe5ce8008d8b0246fd5277a329f6f48064781df76c695033c3e01e2a9201
2025-10-09,2025-10-09 00:00:00,2025-10-10 00:00:00,UNRESOLVED,NAS100_LABELLED_D1_BAR_START_DATE_ONLY,2025-10-09T00:00:00-04:00,2025-10-09T04:00:00Z,2025-10-09T12:00:00+08:00,"-1 day, 20:00:00",49209b447b8136e8c58287e42ed261a1bc559d2ee1d3496d0a51745517c9edad
2025-10-10,2025-10-10 00:00:00,2025-10-11 00:00:00,UNRESOLVED,NAS100_LABELLED_D1_BAR_START_DATE_ONLY,2025-10-10T00:00:00-04:00,2025-10-10T04:00:00Z,2025-10-10T12:00:00+08:00,"-1 day, 20:00:00",6aa15b5d15b6eb649c1d48a0b25ecbd7b22fa9aaf12a52bac98f6df1122e6e76
2025-10-13,2025-10-13 00:00:00,2025-10-14 00:00:00,UNRESOLVED,NAS100_LABELLED_D1_BAR_START_DATE_ONLY,2025-10-13T00:00:00-04:00,2025-10-13T04:00:00Z,2025-10-13T12:00:00+08:00,"-1 day, 20:00:00",e140a5257824eec3ffd2776eb3f8802393f8e09ac3a3cd5aef3b4026582d820f
2025-10-14,2025-10-14 00:00:00,2025-10-15 00:00:00,UNRESOLVED,NAS100_LABELLED_D1_BAR_START_DATE_ONLY,2025-10-14T00:00:00-04:00,2025-10-14T04:00:00Z,2025-10-14T12:00:00+08:00,"-1 day, 20:00:00",f0cf0ecd9c4ae06d8ec599c0dc38ffd2355723366015eb6e0448d72aa0ac02c8
2025-10-15,2025-10-15 00:00:00,2025-10-16 00:00:00,UNRESOLVED,NAS100_LABELLED_D1_BAR_START_DATE_ONLY,2025-10-15T00:00:00-04:00,2025-10-15T04:00:00Z,2025-10-15T12:00:00+08:00,"-1 day, 20:00:00",4a154580549cddfbf3847afdbc10a88dc44d80cac52123468dfb944227f7a72b
2025-10-16,2025-10-16 00:00:00,2025-10-17 00:00:00,UNRESOLVED,NAS100_LABELLED_D1_BAR_START_DATE_ONLY,2025-10-16T00:00:00-04:00,2025-10-16T04:00:00Z,2025-10-16T12:00:00+08:00,"-1 day, 20:00:00",2c9169b911af2ad5ad8b706dea012fe445b159bbf327cdeff29bd4ff4598b6a5
2025-10-17,2025-10-17 00:00:00,2025-10-18 00:00:00,UNRESOLVED,NAS100_LABELLED_D1_BAR_START_DATE_ONLY,2025-10-17T00:00:00-04:00,2025-10-17T04:00:00Z,2025-10-17T12:00:00+08:00,"-1 day, 20:00:00",b2b83975e459e9cb72699ad30141afb1031986de6356b68a85ba7202fa969559
2025-10-20,2025-10-20 00:00:00,2025-10-21 00:00:00,UNRESOLVED,NAS100_LABELLED_D1_BAR_START_DATE_ONLY,2025-10-20T00:00:00-04:00,2025-10-20T04:00:00Z,2025-10-20T12:00:00+08:00,"-1 day, 20:00:00",e04599ab15b78d6d6197891572726e582b63972961fff5f3ed8b2b6378d934bd
2025-10-21,2025-10-21 00:00:00,2025-10-22 00:00:00,UNRESOLVED,NAS100_LABELLED_D1_BAR_START_DATE_ONLY,2025-10-21T00:00:00-04:00,2025-10-21T04:00:00Z,2025-10-21T12:00:00+08:00,"-1 day, 20:00:00",543733778b7a13c4ad1c03c84a4078162108ccaf2c50451baeb667c686b6509e
2025-10-22,2025-10-22 00:00:00,2025-10-23 00:00:00,UNRESOLVED,NAS100_LABELLED_D1_BAR_START_DATE_ONLY,2025-10-22T00:00:00-04:00,2025-10-22T04:00:00Z,2025-10-22T12:00:00+08:00,"-1 day, 20:00:00",c5f4333825466c061c61301ca76f7de53e0c46e471b6668fa6a34a66cd36be47
2025-10-23,2025-10-23 00:00:00,2025-10-24 00:00:00,UNRESOLVED,NAS100_LABELLED_D1_BAR_START_DATE_ONLY,2025-10-23T00:00:00-04:00,2025-10-23T04:00:00Z,2025-10-23T12:00:00+08:00,"-1 day, 20:00:00",712067a4223422bbb12d2c443ffe5642b7fd78efc521b0812c058a2001f048ce
2025-10-24,2025-10-24 00:00:00,2025-10-25 00:00:00,UNRESOLVED,NAS100_LABELLED_D1_BAR_START_DATE_ONLY,2025-10-24T00:00:00-04:00,2025-10-24T04:00:00Z,2025-10-24T12:00:00+08:00,"-1 day, 20:00:00",0630f165a69863f18ff0361892897d190f25dcce60fe8017878658169b689d1a
2025-10-27,2025-10-27 00:00:00,2025-10-28 00:00:00,UNRESOLVED,NAS100_LABELLED_D1_BAR_START_DATE_ONLY,2025-10-27T00:00:00-04:00,2025-10-27T04:00:00Z,2025-10-27T12:00:00+08:00,"-1 day, 20:00:00",8af287b71263dd2cd4408befe6e5d23fc1764aed8d7f0b2bea082be4c937fbd2
2025-10-28,2025-10-28 00:00:00,2025-10-29 00:00:00,UNRESOLVED,NAS100_LABELLED_D1_BAR_START_DATE_ONLY,2025-10-28T00:00:00-04:00,2025-10-28T04:00:00Z,2025-10-28T12:00:00+08:00,"-1 day, 20:00:00",09a04991a8441cb3630532e37f838eb279c8820caa098493bfd85f4059795a9c
2025-10-29,2025-10-29 00:00:00,2025-10-30 00:00:00,UNRESOLVED,NAS100_LABELLED_D1_BAR_START_DATE_ONLY,2025-10-29T00:00:00-04:00,2025-10-29T04:00:00Z,2025-10-29T12:00:00+08:00,"-1 day, 20:00:00",b6cf97867b85143ae9d1eea3f1cca9d95cf849daed96dc6ebf26ce2443d99963
2025-10-30,2025-10-30 00:00:00,2025-10-31 00:00:00,UNRESOLVED,NAS100_LABELLED_D1_BAR_START_DATE_ONLY,2025-10-30T00:00:00-04:00,2025-10-30T04:00:00Z,2025-10-30T12:00:00+08:00,"-1 day, 20:00:00",1a65fc04757455ba79aa2cab1767a10f6303263c20e8741f19bdefb24b265a39
2025-10-31,2025-10-31 00:00:00,2025-11-01 00:00:00,UNRESOLVED,NAS100_LABELLED_D1_BAR_START_DATE_ONLY,2025-10-31T00:00:00-04:00,2025-10-31T04:00:00Z,2025-10-31T12:00:00+08:00,"-1 day, 20:00:00",fae5612c3062cd6600425b970a910989d9cb116b914b8dd3208872a3de6a6ad1
2025-11-03,2025-11-03 00:00:00,2025-11-04 00:00:00,UNRESOLVED,NAS100_LABELLED_D1_BAR_START_DATE_ONLY,2025-11-03T00:00:00-05:00,2025-11-03T05:00:00Z,2025-11-03T13:00:00+08:00,"-1 day, 19:00:00",8529712a67fec774ba8da57ea2638fbde75743849ec51ba7b119924240edfa50
2025-11-04,2025-11-04 00:00:00,2025-11-05 00:00:00,UNRESOLVED,NAS100_LABELLED_D1_BAR_START_DATE_ONLY,2025-11-04T00:00:00-05:00,2025-11-04T05:00:00Z,2025-11-04T13:00:00+08:00,"-1 day, 19:00:00",ac2431485fe09293ee2ec5a90321160ecdaad7d0921dc0abc4e25f4d8d8e6ec0
2025-11-05,2025-11-05 00:00:00,2025-11-06 00:00:00,UNRESOLVED,NAS100_LABELLED_D1_BAR_START_DATE_ONLY,2025-11-05T00:00:00-05:00,2025-11-05T05:00:00Z,2025-11-05T13:00:00+08:00,"-1 day, 19:00:00",4af555dd4b497d685dd29cd4d09de023857803f7e5ebf1c51e2275200ea0580f
2025-11-06,2025-11-06 00:00:00,2025-11-07 00:00:00,UNRESOLVED,NAS100_LABELLED_D1_BAR_START_DATE_ONLY,2025-11-06T00:00:00-05:00,2025-11-06T05:00:00Z,2025-11-06T13:00:00+08:00,"-1 day, 19:00:00",83e05f83438af654f74284dc70b3ecdf707e72c976f88f582c6f3e60423d35c9
2025-11-07,2025-11-07 00:00:00,2025-11-08 00:00:00,UNRESOLVED,NAS100_LABELLED_D1_BAR_START_DATE_ONLY,2025-11-07T00:00:00-05:00,2025-11-07T05:00:00Z,2025-11-07T13:00:00+08:00,"-1 day, 19:00:00",b23471175c5bd1411bd268e5efad9f1ed96e467047c91db12baf956f309630d3
2025-11-10,2025-11-10 00:00:00,2025-11-11 00:00:00,UNRESOLVED,NAS100_LABELLED_D1_BAR_START_DATE_ONLY,2025-11-10T00:00:00-05:00,2025-11-10T05:00:00Z,2025-11-10T13:00:00+08:00,"-1 day, 19:00:00",8bed0a05f195e570df68ca895040dc07e7431f0c2e7e88a24479b8c782cc55be
2025-11-11,2025-11-11 00:00:00,2025-11-12 00:00:00,UNRESOLVED,NAS100_LABELLED_D1_BAR_START_DATE_ONLY,2025-11-11T00:00:00-05:00,2025-11-11T05:00:00Z,2025-11-11T13:00:00+08:00,"-1 day, 19:00:00",c2e635945e3fc1bde7e41eebe70408cdb29009bdb537b42bd8a12c35f5465bfd
2025-11-12,2025-11-12 00:00:00,2025-11-13 00:00:00,UNRESOLVED,NAS100_LABELLED_D1_BAR_START_DATE_ONLY,2025-11-12T00:00:00-05:00,2025-11-12T05:00:00Z,2025-11-12T13:00:00+08:00,"-1 day, 19:00:00",ead369103fd6aefeaf46c8101d12180b1626edc83886d42ee2f6bdfc57f4aa5b
2025-11-13,2025-11-13 00:00:00,2025-11-14 00:00:00,UNRESOLVED,NAS100_LABELLED_D1_BAR_START_DATE_ONLY,2025-11-13T00:00:00-05:00,2025-11-13T05:00:00Z,2025-11-13T13:00:00+08:00,"-1 day, 19:00:00",4cb8ee7846866263bec90f9fba40f37ded8021d4688e3c0c24354d8cb51d9044
2025-11-14,2025-11-14 00:00:00,2025-11-15 00:00:00,UNRESOLVED,NAS100_LABELLED_D1_BAR_START_DATE_ONLY,2025-11-14T00:00:00-05:00,2025-11-14T05:00:00Z,2025-11-14T13:00:00+08:00,"-1 day, 19:00:00",3136636d68b176befc8b548d6869d451d0e582fe060e64181a5fc6d6aab3e922
2025-11-17,2025-11-17 00:00:00,2025-11-18 00:00:00,UNRESOLVED,NAS100_LABELLED_D1_BAR_START_DATE_ONLY,2025-11-17T00:00:00-05:00,2025-11-17T05:00:00Z,2025-11-17T13:00:00+08:00,"-1 day, 19:00:00",79f86b2ec7519b8bdb52a2c437aa075ce19381b5584cd3519bd889a7fb529727
2025-11-18,2025-11-18 00:00:00,2025-11-19 00:00:00,UNRESOLVED,NAS100_LABELLED_D1_BAR_START_DATE_ONLY,2025-11-18T00:00:00-05:00,2025-11-18T05:00:00Z,2025-11-18T13:00:00+08:00,"-1 day, 19:00:00",b76fde584fcd340ce3749729dd06b65835c1fcc2d3d3215229b61c1c6f03b29d
2025-11-19,2025-11-19 00:00:00,2025-11-20 00:00:00,UNRESOLVED,NAS100_LABELLED_D1_BAR_START_DATE_ONLY,2025-11-19T00:00:00-05:00,2025-11-19T05:00:00Z,2025-11-19T13:00:00+08:00,"-1 day, 19:00:00",8bac1c7323bcb02b3ead5fae1fdfbc82ff7ab2e48c7ae8b8f5afe84185273296
2025-11-20,2025-11-20 00:00:00,2025-11-21 00:00:00,UNRESOLVED,NAS100_LABELLED_D1_BAR_START_DATE_ONLY,2025-11-20T00:00:00-05:00,2025-11-20T05:00:00Z,2025-11-20T13:00:00+08:00,"-1 day, 19:00:00",fc3d00b9e02af9b5b0077d15a79ccaa5bca5d5c8b2ab51663677aab1297fa3cd
2025-11-21,2025-11-21 00:00:00,2025-11-22 00:00:00,UNRESOLVED,NAS100_LABELLED_D1_BAR_START_DATE_ONLY,2025-11-21T00:00:00-05:00,2025-11-21T05:00:00Z,2025-11-21T13:00:00+08:00,"-1 day, 19:00:00",ae356d9bfabb02dd4824f98e9503ac0f879c9178a7cef055a3c3cc65fd2ed9d8
2025-11-24,2025-11-24 00:00:00,2025-11-25 00:00:00,UNRESOLVED,NAS100_LABELLED_D1_BAR_START_DATE_ONLY,2025-11-24T00:00:00-05:00,2025-11-24T05:00:00Z,2025-11-24T13:00:00+08:00,"-1 day, 19:00:00",5991d5a6e596bc525bfb79c191398b6331f2f831156ffc236c8a43ceb4d4114b
2025-11-25,2025-11-25 00:00:00,2025-11-26 00:00:00,UNRESOLVED,NAS100_LABELLED_D1_BAR_START_DATE_ONLY,2025-11-25T00:00:00-05:00,2025-11-25T05:00:00Z,2025-11-25T13:00:00+08:00,"-1 day, 19:00:00",8b52ffbf25a3075c864e3bfc051796b89e6c6c4213abdb4984c0761094fa06b6
2025-11-26,2025-11-26 00:00:00,2025-11-27 00:00:00,UNRESOLVED,NAS100_LABELLED_D1_BAR_START_DATE_ONLY,2025-11-26T00:00:00-05:00,2025-11-26T05:00:00Z,2025-11-26T13:00:00+08:00,"-1 day, 19:00:00",916695cf1daa3ba105e9c8785bbe618526ddf1de518cf6950e7a7a0afc0461dd
2025-11-27,2025-11-27 00:00:00,2025-11-28 00:00:00,UNRESOLVED,NAS100_LABELLED_D1_BAR_START_DATE_ONLY,2025-11-27T00:00:00-05:00,2025-11-27T05:00:00Z,2025-11-27T13:00:00+08:00,"-1 day, 19:00:00",ee6114ea968ea7921039b56875394f0d0dd1dac1a2b6a05d181c2463c2579c04
2025-11-28,2025-11-28 00:00:00,2025-11-29 00:00:00,UNRESOLVED,NAS100_LABELLED_D1_BAR_START_DATE_ONLY,2025-11-28T00:00:00-05:00,2025-11-28T05:00:00Z,2025-11-28T13:00:00+08:00,"-1 day, 19:00:00",20ba91c95a9ee4026960f85164f520a71d4b9d0bb8af54c185610c60f80be2c2
2025-12-01,2025-12-01 00:00:00,2025-12-02 00:00:00,UNRESOLVED,NAS100_LABELLED_D1_BAR_START_DATE_ONLY,2025-12-01T00:00:00-05:00,2025-12-01T05:00:00Z,2025-12-01T13:00:00+08:00,"-1 day, 19:00:00",3aad14812ff27581c39d90f230bc43b29a608adf70d45671cd7b2f20d48a256b
2025-12-02,2025-12-02 00:00:00,2025-12-03 00:00:00,UNRESOLVED,NAS100_LABELLED_D1_BAR_START_DATE_ONLY,2025-12-02T00:00:00-05:00,2025-12-02T05:00:00Z,2025-12-02T13:00:00+08:00,"-1 day, 19:00:00",2628e2cfb39e03a78dc05c2232f55fa4d265ef33be7deea2cca3f8dc08f0714a
2025-12-03,2025-12-03 00:00:00,2025-12-04 00:00:00,UNRESOLVED,NAS100_LABELLED_D1_BAR_START_DATE_ONLY,2025-12-03T00:00:00-05:00,2025-12-03T05:00:00Z,2025-12-03T13:00:00+08:00,"-1 day, 19:00:00",db36838892685062862457e0cda55a498eab6ad0c050f35f43a833fa98829d31
2025-12-04,2025-12-04 00:00:00,2025-12-05 00:00:00,UNRESOLVED,NAS100_LABELLED_D1_BAR_START_DATE_ONLY,2025-12-04T00:00:00-05:00,2025-12-04T05:00:00Z,2025-12-04T13:00:00+08:00,"-1 day, 19:00:00",6e1015912f681784b394c8a0e6cbac14d9e8e1a13d2e24a5df792b740a437f9e
2025-12-05,2025-12-05 00:00:00,2025-12-06 00:00:00,UNRESOLVED,NAS100_LABELLED_D1_BAR_START_DATE_ONLY,2025-12-05T00:00:00-05:00,2025-12-05T05:00:00Z,2025-12-05T13:00:00+08:00,"-1 day, 19:00:00",31df8a5036b1b193dd76c872d5787e88a96c83e6dc8742f99d4883f454da6ad9
2025-12-08,2025-12-08 00:00:00,2025-12-09 00:00:00,UNRESOLVED,NAS100_LABELLED_D1_BAR_START_DATE_ONLY,2025-12-08T00:00:00-05:00,2025-12-08T05:00:00Z,2025-12-08T13:00:00+08:00,"-1 day, 19:00:00",9c2d57da25655f10e2e733d1b946c33f8b5a13842316d0728a751410889ad386
2025-12-09,2025-12-09 00:00:00,2025-12-10 00:00:00,UNRESOLVED,NAS100_LABELLED_D1_BAR_START_DATE_ONLY,2025-12-09T00:00:00-05:00,2025-12-09T05:00:00Z,2025-12-09T13:00:00+08:00,"-1 day, 19:00:00",66e82d29e5c9e9d815edd0628251f937abe921a022bc72a973f9e374d351b6c4
2025-12-10,2025-12-10 00:00:00,2025-12-11 00:00:00,UNRESOLVED,NAS100_LABELLED_D1_BAR_START_DATE_ONLY,2025-12-10T00:00:00-05:00,2025-12-10T05:00:00Z,2025-12-10T13:00:00+08:00,"-1 day, 19:00:00",105768fc489a3d551f3fdf3c10b4ec73e08f4b6d33586b1128268e4f566558bd
2025-12-11,2025-12-11 00:00:00,2025-12-12 00:00:00,UNRESOLVED,NAS100_LABELLED_D1_BAR_START_DATE_ONLY,2025-12-11T00:00:00-05:00,2025-12-11T05:00:00Z,2025-12-11T13:00:00+08:00,"-1 day, 19:00:00",4ce7001999626bf78638b384645edcd32139636e6265b05860742ece8901dca0
2025-12-12,2025-12-12 00:00:00,2025-12-13 00:00:00,UNRESOLVED,NAS100_LABELLED_D1_BAR_START_DATE_ONLY,2025-12-12T00:00:00-05:00,2025-12-12T05:00:00Z,2025-12-12T13:00:00+08:00,"-1 day, 19:00:00",b5fa72114638e7d0f2a804719f12585cbb3e8ef62e9ab8e72e01a4f083744395
2025-12-15,2025-12-15 00:00:00,2025-12-16 00:00:00,UNRESOLVED,NAS100_LABELLED_D1_BAR_START_DATE_ONLY,2025-12-15T00:00:00-05:00,2025-12-15T05:00:00Z,2025-12-15T13:00:00+08:00,"-1 day, 19:00:00",6fdea9623801f93ba0abc9677f40412eb83689f4387a26bfbbb19c0f50065d94
2025-12-16,2025-12-16 00:00:00,2025-12-17 00:00:00,UNRESOLVED,NAS100_LABELLED_D1_BAR_START_DATE_ONLY,2025-12-16T00:00:00-05:00,2025-12-16T05:00:00Z,2025-12-16T13:00:00+08:00,"-1 day, 19:00:00",56289339639aee87b91ee8174c39f84473889cdbf39c2769653923d38c7b4801
2025-12-17,2025-12-17 00:00:00,2025-12-18 00:00:00,UNRESOLVED,NAS100_LABELLED_D1_BAR_START_DATE_ONLY,2025-12-17T00:00:00-05:00,2025-12-17T05:00:00Z,2025-12-17T13:00:00+08:00,"-1 day, 19:00:00",3114cee95da91c607a1e718d5be3233caea4edced3db9bd5344b19c47896ef86
2025-12-18,2025-12-18 00:00:00,2025-12-19 00:00:00,UNRESOLVED,NAS100_LABELLED_D1_BAR_START_DATE_ONLY,2025-12-18T00:00:00-05:00,2025-12-18T05:00:00Z,2025-12-18T13:00:00+08:00,"-1 day, 19:00:00",32b05234bd634e553a26b8d6c9dcf26cb51e2f998f13d948a9ab34eb1467409f
2025-12-19,2025-12-19 00:00:00,2025-12-20 00:00:00,UNRESOLVED,NAS100_LABELLED_D1_BAR_START_DATE_ONLY,2025-12-19T00:00:00-05:00,2025-12-19T05:00:00Z,2025-12-19T13:00:00+08:00,"-1 day, 19:00:00",c114d56f37e90bd18b9ab91f2ad2fc6a85f541606c12cd5082cd7d9628180cda
2025-12-22,2025-12-22 00:00:00,2025-12-23 00:00:00,UNRESOLVED,NAS100_LABELLED_D1_BAR_START_DATE_ONLY,2025-12-22T00:00:00-05:00,2025-12-22T05:00:00Z,2025-12-22T13:00:00+08:00,"-1 day, 19:00:00",0fb408b03f534ec649c8e6305597c5c521a925315a8cc3ee353382e12a34c16c
2025-12-23,2025-12-23 00:00:00,2025-12-24 00:00:00,UNRESOLVED,NAS100_LABELLED_D1_BAR_START_DATE_ONLY,2025-12-23T00:00:00-05:00,2025-12-23T05:00:00Z,2025-12-23T13:00:00+08:00,"-1 day, 19:00:00",1f17c5a6d83e35945e3c2c8599aa104d215775ad717c682f28d2655a5601d340
2025-12-24,2025-12-24 00:00:00,2025-12-25 00:00:00,UNRESOLVED,NAS100_LABELLED_D1_BAR_START_DATE_ONLY,2025-12-24T00:00:00-05:00,2025-12-24T05:00:00Z,2025-12-24T13:00:00+08:00,"-1 day, 19:00:00",a48b426bba16a0c46f1a1d37c05229871b5042801a11828346cb5526d8c3358a
2025-12-26,2025-12-26 00:00:00,2025-12-27 00:00:00,UNRESOLVED,NAS100_LABELLED_D1_BAR_START_DATE_ONLY,2025-12-26T00:00:00-05:00,2025-12-26T05:00:00Z,2025-12-26T13:00:00+08:00,"-1 day, 19:00:00",a1b9ab23543b02f645f0e63e81945c384eaaef2d1c02a9ab4134240b91248c2a
2025-12-29,2025-12-29 00:00:00,2025-12-30 00:00:00,UNRESOLVED,NAS100_LABELLED_D1_BAR_START_DATE_ONLY,2025-12-29T00:00:00-05:00,2025-12-29T05:00:00Z,2025-12-29T13:00:00+08:00,"-1 day, 19:00:00",b2e692729ede1187beba01e54606139359bd5004a0c181aab513b4a2cdcecc2f
2025-12-30,2025-12-30 00:00:00,2025-12-31 00:00:00,UNRESOLVED,NAS100_LABELLED_D1_BAR_START_DATE_ONLY,2025-12-30T00:00:00-05:00,2025-12-30T05:00:00Z,2025-12-30T13:00:00+08:00,"-1 day, 19:00:00",95b13bf25b2fb4f52b51aabbfa00622c601f82216fa6c7ed984417dc1182a387
2025-12-31,2025-12-31 00:00:00,2026-01-01 00:00:00,UNRESOLVED,NAS100_LABELLED_D1_BAR_START_DATE_ONLY,2025-12-31T00:00:00-05:00,2025-12-31T05:00:00Z,2025-12-31T13:00:00+08:00,"-1 day, 19:00:00",d17320c598ccca937dd881e2e613d99478b4ffd3f336b612710f1c08ca5812c0
2026-01-02,2026-01-02 00:00:00,2026-01-03 00:00:00,UNRESOLVED,NAS100_LABELLED_D1_BAR_START_DATE_ONLY,2026-01-02T00:00:00-05:00,2026-01-02T05:00:00Z,2026-01-02T13:00:00+08:00,"-1 day, 19:00:00",288ce24e5b9543e7a3de123e7c0b667754539d6910f2bb97851664b18cfc0e14
2026-01-05,2026-01-05 00:00:00,2026-01-06 00:00:00,UNRESOLVED,NAS100_LABELLED_D1_BAR_START_DATE_ONLY,2026-01-05T00:00:00-05:00,2026-01-05T05:00:00Z,2026-01-05T13:00:00+08:00,"-1 day, 19:00:00",9aeca96eb49c3c8989357d399b779d95e7237f5f885875dad2f23a54fa536012
2026-01-06,2026-01-06 00:00:00,2026-01-07 00:00:00,UNRESOLVED,NAS100_LABELLED_D1_BAR_START_DATE_ONLY,2026-01-06T00:00:00-05:00,2026-01-06T05:00:00Z,2026-01-06T13:00:00+08:00,"-1 day, 19:00:00",26e6cccebeda68796aa7f0a807eb0a9ef79e1048fdd0d2555e9c318943707f95
2026-01-07,2026-01-07 00:00:00,2026-01-08 00:00:00,UNRESOLVED,NAS100_LABELLED_D1_BAR_START_DATE_ONLY,2026-01-07T00:00:00-05:00,2026-01-07T05:00:00Z,2026-01-07T13:00:00+08:00,"-1 day, 19:00:00",d1f71acb8b8cc450cc1d2eeb7c20dcecf3307b11b4a190f38eb80cfd23a45174
2026-01-08,2026-01-08 00:00:00,2026-01-09 00:00:00,UNRESOLVED,NAS100_LABELLED_D1_BAR_START_DATE_ONLY,2026-01-08T00:00:00-05:00,2026-01-08T05:00:00Z,2026-01-08T13:00:00+08:00,"-1 day, 19:00:00",d83e97975729c6e28452d4dcaa4561791460a95d0fbbed8122ff0f2e531c8bbe
2026-01-09,2026-01-09 00:00:00,2026-01-10 00:00:00,UNRESOLVED,NAS100_LABELLED_D1_BAR_START_DATE_ONLY,2026-01-09T00:00:00-05:00,2026-01-09T05:00:00Z,2026-01-09T13:00:00+08:00,"-1 day, 19:00:00",a7f26b07e65e8c79e0165f23f8fa0bf3bb24b342c5ea700e5f2fd49114ecd172
2026-01-12,2026-01-12 00:00:00,2026-01-13 00:00:00,UNRESOLVED,NAS100_LABELLED_D1_BAR_START_DATE_ONLY,2026-01-12T00:00:00-05:00,2026-01-12T05:00:00Z,2026-01-12T13:00:00+08:00,"-1 day, 19:00:00",ddaec1e3b950c526147c73a7a068667c551d3da675beed9544428ef6d05e3e7a
2026-01-13,2026-01-13 00:00:00,2026-01-14 00:00:00,UNRESOLVED,NAS100_LABELLED_D1_BAR_START_DATE_ONLY,2026-01-13T00:00:00-05:00,2026-01-13T05:00:00Z,2026-01-13T13:00:00+08:00,"-1 day, 19:00:00",8548b62b7e67a550ac4c64b309dadd464ebeadedcbf112ad19f05a1f0a925ec6
2026-01-14,2026-01-14 00:00:00,2026-01-15 00:00:00,UNRESOLVED,NAS100_LABELLED_D1_BAR_START_DATE_ONLY,2026-01-14T00:00:00-05:00,2026-01-14T05:00:00Z,2026-01-14T13:00:00+08:00,"-1 day, 19:00:00",0360709ca726baf3cc668d4b378408923a6fbce628bb13b228c0b1a42798a4d7
2026-01-15,2026-01-15 00:00:00,2026-01-16 00:00:00,UNRESOLVED,NAS100_LABELLED_D1_BAR_START_DATE_ONLY,2026-01-15T00:00:00-05:00,2026-01-15T05:00:00Z,2026-01-15T13:00:00+08:00,"-1 day, 19:00:00",189f8b74b9f68bb10a0f4917c8aae66d841dc9e7cbafdbee5bfa34cb7069e38c
2026-01-16,2026-01-16 00:00:00,2026-01-17 00:00:00,UNRESOLVED,NAS100_LABELLED_D1_BAR_START_DATE_ONLY,2026-01-16T00:00:00-05:00,2026-01-16T05:00:00Z,2026-01-16T13:00:00+08:00,"-1 day, 19:00:00",af127f173bd1a2152f537827f3f1cb8a6e18be25fb97c3e8b3df61688e042410
2026-01-19,2026-01-19 00:00:00,2026-01-20 00:00:00,UNRESOLVED,NAS100_LABELLED_D1_BAR_START_DATE_ONLY,2026-01-19T00:00:00-05:00,2026-01-19T05:00:00Z,2026-01-19T13:00:00+08:00,"-1 day, 19:00:00",478a1ed2b2c31131d3b99d73fba629d03dd8f4ca50d1b69a2e026017a091513a
2026-01-20,2026-01-20 00:00:00,2026-01-21 00:00:00,UNRESOLVED,NAS100_LABELLED_D1_BAR_START_DATE_ONLY,2026-01-20T00:00:00-05:00,2026-01-20T05:00:00Z,2026-01-20T13:00:00+08:00,"-1 day, 19:00:00",8aaafa4378713dce24f9ea204b797f3f58ef52a0814fccd192098418f8fcc810
2026-01-21,2026-01-21 00:00:00,2026-01-22 00:00:00,UNRESOLVED,NAS100_LABELLED_D1_BAR_START_DATE_ONLY,2026-01-21T00:00:00-05:00,2026-01-21T05:00:00Z,2026-01-21T13:00:00+08:00,"-1 day, 19:00:00",4812db9c58f274e2e4904f0e825a4d7fee65a05196878dd2177b10c294038e7c
2026-01-22,2026-01-22 00:00:00,2026-01-23 00:00:00,UNRESOLVED,NAS100_LABELLED_D1_BAR_START_DATE_ONLY,2026-01-22T00:00:00-05:00,2026-01-22T05:00:00Z,2026-01-22T13:00:00+08:00,"-1 day, 19:00:00",c29c16caedf2f960a654607c45c176990ab1e787b49b6ff8e7a3b21f661114ef
2026-01-23,2026-01-23 00:00:00,2026-01-24 00:00:00,UNRESOLVED,NAS100_LABELLED_D1_BAR_START_DATE_ONLY,2026-01-23T00:00:00-05:00,2026-01-23T05:00:00Z,2026-01-23T13:00:00+08:00,"-1 day, 19:00:00",3366df24154adc12d150403a431085fdb75653a0d6ba61fa3db7d881ad4cceb8
2026-01-26,2026-01-26 00:00:00,2026-01-27 00:00:00,UNRESOLVED,NAS100_LABELLED_D1_BAR_START_DATE_ONLY,2026-01-26T00:00:00-05:00,2026-01-26T05:00:00Z,2026-01-26T13:00:00+08:00,"-1 day, 19:00:00",a9e842a91a6e179256bcbfabd185d006b264b5f158ed2624c57e7b681bbf4c8f
2026-01-27,2026-01-27 00:00:00,2026-01-28 00:00:00,UNRESOLVED,NAS100_LABELLED_D1_BAR_START_DATE_ONLY,2026-01-27T00:00:00-05:00,2026-01-27T05:00:00Z,2026-01-27T13:00:00+08:00,"-1 day, 19:00:00",df50a4eb592c37e6bb99683762e268d80e1f09c1806b158ba9c10668310cdcda
2026-01-28,2026-01-28 00:00:00,2026-01-29 00:00:00,UNRESOLVED,NAS100_LABELLED_D1_BAR_START_DATE_ONLY,2026-01-28T00:00:00-05:00,2026-01-28T05:00:00Z,2026-01-28T13:00:00+08:00,"-1 day, 19:00:00",a64daed8a9985f48c1e92c83ec2b1e59f5c5ba042461ab40192602fbebdf1198
2026-01-29,2026-01-29 00:00:00,2026-01-30 00:00:00,UNRESOLVED,NAS100_LABELLED_D1_BAR_START_DATE_ONLY,2026-01-29T00:00:00-05:00,2026-01-29T05:00:00Z,2026-01-29T13:00:00+08:00,"-1 day, 19:00:00",b5f78e4aa50b5b418f34d6217958cba2d17e9a0b5aa94de98233877b3a4afa15
2026-01-30,2026-01-30 00:00:00,2026-01-31 00:00:00,UNRESOLVED,NAS100_LABELLED_D1_BAR_START_DATE_ONLY,2026-01-30T00:00:00-05:00,2026-01-30T05:00:00Z,2026-01-30T13:00:00+08:00,"-1 day, 19:00:00",c5c73212f9a94791af93eeb0c18697057e08fa57921d50f64a924c19d129a11c
2026-02-02,2026-02-02 00:00:00,2026-02-03 00:00:00,UNRESOLVED,NAS100_LABELLED_D1_BAR_START_DATE_ONLY,2026-02-02T00:00:00-05:00,2026-02-02T05:00:00Z,2026-02-02T13:00:00+08:00,"-1 day, 19:00:00",6c6691b8fd5fa1aaa9880a2c2ca76488b542fe56eb1b22c07241895e99c7ddb7
2026-02-03,2026-02-03 00:00:00,2026-02-04 00:00:00,UNRESOLVED,NAS100_LABELLED_D1_BAR_START_DATE_ONLY,2026-02-03T00:00:00-05:00,2026-02-03T05:00:00Z,2026-02-03T13:00:00+08:00,"-1 day, 19:00:00",ae1304b266f28cd4fbf5a2d806630216e47407829c3d18203c190bd7d740d8a3
2026-02-04,2026-02-04 00:00:00,2026-02-05 00:00:00,UNRESOLVED,NAS100_LABELLED_D1_BAR_START_DATE_ONLY,2026-02-04T00:00:00-05:00,2026-02-04T05:00:00Z,2026-02-04T13:00:00+08:00,"-1 day, 19:00:00",50d73d1f09bc4af790500ae7cf357b5b2c6fba368e90ceefd262f21a28b3cede
2026-02-05,2026-02-05 00:00:00,2026-02-06 00:00:00,UNRESOLVED,NAS100_LABELLED_D1_BAR_START_DATE_ONLY,2026-02-05T00:00:00-05:00,2026-02-05T05:00:00Z,2026-02-05T13:00:00+08:00,"-1 day, 19:00:00",15d9790dbd6594c2a5700fc62afa4d96e33efb48ed7f439f93875e2bdd1fca91
2026-02-06,2026-02-06 00:00:00,2026-02-07 00:00:00,UNRESOLVED,NAS100_LABELLED_D1_BAR_START_DATE_ONLY,2026-02-06T00:00:00-05:00,2026-02-06T05:00:00Z,2026-02-06T13:00:00+08:00,"-1 day, 19:00:00",2b546456c78a77c4502878925ed7868d550d9a7f267cb804c86362dfd5d0cf3e
2026-02-09,2026-02-09 00:00:00,2026-02-10 00:00:00,UNRESOLVED,NAS100_LABELLED_D1_BAR_START_DATE_ONLY,2026-02-09T00:00:00-05:00,2026-02-09T05:00:00Z,2026-02-09T13:00:00+08:00,"-1 day, 19:00:00",9dad6d4e9b64c7a1128f2c7a222ce4fc0c425202df07f3f6c807b7bb04824e53
2026-02-10,2026-02-10 00:00:00,2026-02-11 00:00:00,UNRESOLVED,NAS100_LABELLED_D1_BAR_START_DATE_ONLY,2026-02-10T00:00:00-05:00,2026-02-10T05:00:00Z,2026-02-10T13:00:00+08:00,"-1 day, 19:00:00",d41243f1b49d1035c3f573dc18de6872c3f946607d008d9312da23ef7ac923fb
2026-02-11,2026-02-11 00:00:00,2026-02-12 00:00:00,UNRESOLVED,NAS100_LABELLED_D1_BAR_START_DATE_ONLY,2026-02-11T00:00:00-05:00,2026-02-11T05:00:00Z,2026-02-11T13:00:00+08:00,"-1 day, 19:00:00",2acda9ae3d14fb24dd7456efd0a8543cc09a85dc22c7478b6c16d68dfaeb1ad0
2026-02-12,2026-02-12 00:00:00,2026-02-13 00:00:00,UNRESOLVED,NAS100_LABELLED_D1_BAR_START_DATE_ONLY,2026-02-12T00:00:00-05:00,2026-02-12T05:00:00Z,2026-02-12T13:00:00+08:00,"-1 day, 19:00:00",142d5006fa35240721242481047f5118aa334b4d12865cf5ec1525ff9145128c
2026-02-13,2026-02-13 00:00:00,2026-02-14 00:00:00,UNRESOLVED,NAS100_LABELLED_D1_BAR_START_DATE_ONLY,2026-02-13T00:00:00-05:00,2026-02-13T05:00:00Z,2026-02-13T13:00:00+08:00,"-1 day, 19:00:00",9a1ea49a30863a277ac85a68d8540574f654a7c5b62b9e06bc45c58d89bb0cef
2026-02-16,2026-02-16 00:00:00,2026-02-17 00:00:00,UNRESOLVED,NAS100_LABELLED_D1_BAR_START_DATE_ONLY,2026-02-16T00:00:00-05:00,2026-02-16T05:00:00Z,2026-02-16T13:00:00+08:00,"-1 day, 19:00:00",566c4dfcb0d61abca9081919bc6654a41bb3cdbd82587ba1348b6aec52b6bb6f
2026-02-17,2026-02-17 00:00:00,2026-02-18 00:00:00,UNRESOLVED,NAS100_LABELLED_D1_BAR_START_DATE_ONLY,2026-02-17T00:00:00-05:00,2026-02-17T05:00:00Z,2026-02-17T13:00:00+08:00,"-1 day, 19:00:00",a456711c24e29b1ebd9075f0df1f6427bf9ead4ce5e63e7d6e88888d37334ad5
2026-02-18,2026-02-18 00:00:00,2026-02-19 00:00:00,UNRESOLVED,NAS100_LABELLED_D1_BAR_START_DATE_ONLY,2026-02-18T00:00:00-05:00,2026-02-18T05:00:00Z,2026-02-18T13:00:00+08:00,"-1 day, 19:00:00",9b3c6e0ae9d619cb93eee4e87e56372f95dd5bface94d7f56d8e93d7ed22fdc4
2026-02-19,2026-02-19 00:00:00,2026-02-20 00:00:00,UNRESOLVED,NAS100_LABELLED_D1_BAR_START_DATE_ONLY,2026-02-19T00:00:00-05:00,2026-02-19T05:00:00Z,2026-02-19T13:00:00+08:00,"-1 day, 19:00:00",cca52e9b83c0489fecd784002524901b1501d5b2c2aecd8062f8c06572f582e8
2026-02-20,2026-02-20 00:00:00,2026-02-21 00:00:00,UNRESOLVED,NAS100_LABELLED_D1_BAR_START_DATE_ONLY,2026-02-20T00:00:00-05:00,2026-02-20T05:00:00Z,2026-02-20T13:00:00+08:00,"-1 day, 19:00:00",f6bac22bf4e0432484fcf5fa24d8550d5d2b68423d5cab740fa731e5d5fd6d6c
2026-02-23,2026-02-23 00:00:00,2026-02-24 00:00:00,UNRESOLVED,NAS100_LABELLED_D1_BAR_START_DATE_ONLY,2026-02-23T00:00:00-05:00,2026-02-23T05:00:00Z,2026-02-23T13:00:00+08:00,"-1 day, 19:00:00",3b0823e18e735706b5cb0d8e187d085fdf676fe59cad070a6afd128067f44c4e
2026-02-24,2026-02-24 00:00:00,2026-02-25 00:00:00,UNRESOLVED,NAS100_LABELLED_D1_BAR_START_DATE_ONLY,2026-02-24T00:00:00-05:00,2026-02-24T05:00:00Z,2026-02-24T13:00:00+08:00,"-1 day, 19:00:00",491fe05c5b2a7f87c4a7af6cbe2253edd766171dfe501292be5331afd6e4a85c
2026-02-25,2026-02-25 00:00:00,2026-02-26 00:00:00,UNRESOLVED,NAS100_LABELLED_D1_BAR_START_DATE_ONLY,2026-02-25T00:00:00-05:00,2026-02-25T05:00:00Z,2026-02-25T13:00:00+08:00,"-1 day, 19:00:00",4ecbcb742232148310774ec3845493ff3f85e11b2de66703d3cef164379bdfef
2026-02-26,2026-02-26 00:00:00,2026-02-27 00:00:00,UNRESOLVED,NAS100_LABELLED_D1_BAR_START_DATE_ONLY,2026-02-26T00:00:00-05:00,2026-02-26T05:00:00Z,2026-02-26T13:00:00+08:00,"-1 day, 19:00:00",24be61966a84073049efe37ab8ab43243bd700863f563227c7bb1f1f5eaebfc9
2026-02-27,2026-02-27 00:00:00,2026-02-28 00:00:00,UNRESOLVED,NAS100_LABELLED_D1_BAR_START_DATE_ONLY,2026-02-27T00:00:00-05:00,2026-02-27T05:00:00Z,2026-02-27T13:00:00+08:00,"-1 day, 19:00:00",416d0105af40f5fe9b44d5639b78e9fc9d523ffb5cd8b102dfbb8047db8aac17
2026-03-02,2026-03-02 00:00:00,2026-03-03 00:00:00,UNRESOLVED,NAS100_LABELLED_D1_BAR_START_DATE_ONLY,2026-03-02T00:00:00-05:00,2026-03-02T05:00:00Z,2026-03-02T13:00:00+08:00,"-1 day, 19:00:00",c00c894810570e64f8f36d359b526cc1f11aad8da0cce455b7a099109a501cea
2026-03-03,2026-03-03 00:00:00,2026-03-04 00:00:00,UNRESOLVED,NAS100_LABELLED_D1_BAR_START_DATE_ONLY,2026-03-03T00:00:00-05:00,2026-03-03T05:00:00Z,2026-03-03T13:00:00+08:00,"-1 day, 19:00:00",43f841f46cd49a08ff63038bd70f4818edc53fb46257bc889dbddcbb10a8f953
2026-03-04,2026-03-04 00:00:00,2026-03-05 00:00:00,UNRESOLVED,NAS100_LABELLED_D1_BAR_START_DATE_ONLY,2026-03-04T00:00:00-05:00,2026-03-04T05:00:00Z,2026-03-04T13:00:00+08:00,"-1 day, 19:00:00",cc778d32ab3089307657a8450683a4f859d295a34cb969447e749524d7cd8274
2026-03-05,2026-03-05 00:00:00,2026-03-06 00:00:00,UNRESOLVED,NAS100_LABELLED_D1_BAR_START_DATE_ONLY,2026-03-05T00:00:00-05:00,2026-03-05T05:00:00Z,2026-03-05T13:00:00+08:00,"-1 day, 19:00:00",359fee62f856c9d148fe6859c92aab6a919e8b025caad71d9d8ea9f3b7a66820
2026-03-06,2026-03-06 00:00:00,2026-03-07 00:00:00,UNRESOLVED,NAS100_LABELLED_D1_BAR_START_DATE_ONLY,2026-03-06T00:00:00-05:00,2026-03-06T05:00:00Z,2026-03-06T13:00:00+08:00,"-1 day, 19:00:00",4e45d0e6c6b9451c969accdb4aaf11ea9ec015789b100776383453594108fe14
2026-03-09,2026-03-09 00:00:00,2026-03-10 00:00:00,UNRESOLVED,NAS100_LABELLED_D1_BAR_START_DATE_ONLY,2026-03-09T00:00:00-04:00,2026-03-09T04:00:00Z,2026-03-09T12:00:00+08:00,"-1 day, 20:00:00",ce2461631b54b98c323e921f275c990873da23e3aea15916b1276e13ea053470
2026-03-10,2026-03-10 00:00:00,2026-03-11 00:00:00,UNRESOLVED,NAS100_LABELLED_D1_BAR_START_DATE_ONLY,2026-03-10T00:00:00-04:00,2026-03-10T04:00:00Z,2026-03-10T12:00:00+08:00,"-1 day, 20:00:00",8c8ec3fbb00a337b533ff4ac1eb32845abca74720a05b5642c8721a0c27b08d6
2026-03-11,2026-03-11 00:00:00,2026-03-12 00:00:00,UNRESOLVED,NAS100_LABELLED_D1_BAR_START_DATE_ONLY,2026-03-11T00:00:00-04:00,2026-03-11T04:00:00Z,2026-03-11T12:00:00+08:00,"-1 day, 20:00:00",06435e2e69f6da686b4e5cf531982070c3ab8198faaa7985b569561cdcad89cb
2026-03-12,2026-03-12 00:00:00,2026-03-13 00:00:00,UNRESOLVED,NAS100_LABELLED_D1_BAR_START_DATE_ONLY,2026-03-12T00:00:00-04:00,2026-03-12T04:00:00Z,2026-03-12T12:00:00+08:00,"-1 day, 20:00:00",72300f88b3488a2a5794826aaa501f68dbab07882e9b24211edd7d6a165dac92
2026-03-13,2026-03-13 00:00:00,2026-03-14 00:00:00,UNRESOLVED,NAS100_LABELLED_D1_BAR_START_DATE_ONLY,2026-03-13T00:00:00-04:00,2026-03-13T04:00:00Z,2026-03-13T12:00:00+08:00,"-1 day, 20:00:00",7834ad099cca2344c0a1042dd6ec760b4abc892269ed095929e80bee04cb70c7
2026-03-16,2026-03-16 00:00:00,2026-03-17 00:00:00,UNRESOLVED,NAS100_LABELLED_D1_BAR_START_DATE_ONLY,2026-03-16T00:00:00-04:00,2026-03-16T04:00:00Z,2026-03-16T12:00:00+08:00,"-1 day, 20:00:00",c77a45147b85a5ed34be5f295cb3fdb48937aed919594a6f6848ec1dbac7f001
2026-03-17,2026-03-17 00:00:00,2026-03-18 00:00:00,UNRESOLVED,NAS100_LABELLED_D1_BAR_START_DATE_ONLY,2026-03-17T00:00:00-04:00,2026-03-17T04:00:00Z,2026-03-17T12:00:00+08:00,"-1 day, 20:00:00",5634097fe9749b5b401ed5b7ff5e8cdfb6ddf60b0188cc950d580bef8f7d6a99
2026-03-18,2026-03-18 00:00:00,2026-03-19 00:00:00,UNRESOLVED,NAS100_LABELLED_D1_BAR_START_DATE_ONLY,2026-03-18T00:00:00-04:00,2026-03-18T04:00:00Z,2026-03-18T12:00:00+08:00,"-1 day, 20:00:00",6fffc6af113c5e018590fd692b47f28247532810d8218aa3d9395ea99b3a4c05
2026-03-19,2026-03-19 00:00:00,2026-03-20 00:00:00,UNRESOLVED,NAS100_LABELLED_D1_BAR_START_DATE_ONLY,2026-03-19T00:00:00-04:00,2026-03-19T04:00:00Z,2026-03-19T12:00:00+08:00,"-1 day, 20:00:00",b8aa1e5ca7bc788dd3eaaf5485752720bc55c04c99955be7a1ca3c8582561831
2026-03-20,2026-03-20 00:00:00,2026-03-21 00:00:00,UNRESOLVED,NAS100_LABELLED_D1_BAR_START_DATE_ONLY,2026-03-20T00:00:00-04:00,2026-03-20T04:00:00Z,2026-03-20T12:00:00+08:00,"-1 day, 20:00:00",55dabe73718e9ccd708a0c4cf129a461d0c25d7800fbe17cdbdac7a74ce074a4
2026-03-23,2026-03-23 00:00:00,2026-03-24 00:00:00,UNRESOLVED,NAS100_LABELLED_D1_BAR_START_DATE_ONLY,2026-03-23T00:00:00-04:00,2026-03-23T04:00:00Z,2026-03-23T12:00:00+08:00,"-1 day, 20:00:00",d9bffb9606644dbffa25a6a5bb202edf33911c7151e6d3996197ad61628e5d65
2026-03-24,2026-03-24 00:00:00,2026-03-25 00:00:00,UNRESOLVED,NAS100_LABELLED_D1_BAR_START_DATE_ONLY,2026-03-24T00:00:00-04:00,2026-03-24T04:00:00Z,2026-03-24T12:00:00+08:00,"-1 day, 20:00:00",ce7ea53fb437a8d30ddf740e4ac234a5fd9a114840fd231893e55decfb6582f2
2026-03-25,2026-03-25 00:00:00,2026-03-26 00:00:00,UNRESOLVED,NAS100_LABELLED_D1_BAR_START_DATE_ONLY,2026-03-25T00:00:00-04:00,2026-03-25T04:00:00Z,2026-03-25T12:00:00+08:00,"-1 day, 20:00:00",9d83c7dc3f303b7b6418cdeaa7a7e302106b6da7f8349a1dabdfa67cd932ad2f
2026-03-26,2026-03-26 00:00:00,2026-03-27 00:00:00,UNRESOLVED,NAS100_LABELLED_D1_BAR_START_DATE_ONLY,2026-03-26T00:00:00-04:00,2026-03-26T04:00:00Z,2026-03-26T12:00:00+08:00,"-1 day, 20:00:00",290ba3fd71189e7816dceb7e94b7ba0b3b747d57b1b1768984bb207460b755c5
2026-03-27,2026-03-27 00:00:00,2026-03-28 00:00:00,UNRESOLVED,NAS100_LABELLED_D1_BAR_START_DATE_ONLY,2026-03-27T00:00:00-04:00,2026-03-27T04:00:00Z,2026-03-27T12:00:00+08:00,"-1 day, 20:00:00",fe57685531d1e37b50ea0cde0c501b4d289e1c8b8d1cb90e07ed379baab3dc93
2026-03-30,2026-03-30 00:00:00,2026-03-31 00:00:00,UNRESOLVED,NAS100_LABELLED_D1_BAR_START_DATE_ONLY,2026-03-30T00:00:00-04:00,2026-03-30T04:00:00Z,2026-03-30T12:00:00+08:00,"-1 day, 20:00:00",ad1939ec79fae8e1bdfa7d5e82dcab8ebcc451d6deeb38b70a3af5a6b445228e
2026-03-31,2026-03-31 00:00:00,2026-04-01 00:00:00,UNRESOLVED,NAS100_LABELLED_D1_BAR_START_DATE_ONLY,2026-03-31T00:00:00-04:00,2026-03-31T04:00:00Z,2026-03-31T12:00:00+08:00,"-1 day, 20:00:00",c9b63d0b5204227f4dd6c73f5736a5efac5a430c389767b88a4436bb6093e003
2026-04-01,2026-04-01 00:00:00,2026-04-02 00:00:00,UNRESOLVED,NAS100_LABELLED_D1_BAR_START_DATE_ONLY,2026-04-01T00:00:00-04:00,2026-04-01T04:00:00Z,2026-04-01T12:00:00+08:00,"-1 day, 20:00:00",710a2633989d5d15a30bbd6becae66143125ee8ac133144fa611f8bc15cd37ed
2026-04-02,2026-04-02 00:00:00,2026-04-03 00:00:00,UNRESOLVED,NAS100_LABELLED_D1_BAR_START_DATE_ONLY,2026-04-02T00:00:00-04:00,2026-04-02T04:00:00Z,2026-04-02T12:00:00+08:00,"-1 day, 20:00:00",2e0d55f3db6bc2dab3d275275d61be370636688055edf1b70e1eecaad0e28132
2026-04-03,2026-04-03 00:00:00,2026-04-04 00:00:00,UNRESOLVED,NAS100_LABELLED_D1_BAR_START_DATE_ONLY,2026-04-03T00:00:00-04:00,2026-04-03T04:00:00Z,2026-04-03T12:00:00+08:00,"-1 day, 20:00:00",796cc53b7e6e6c16e15f2ce2ee91d1cd13215db10fdd8cb8fbdf3ae5af8cb1ed
2026-04-06,2026-04-06 00:00:00,2026-04-07 00:00:00,UNRESOLVED,NAS100_LABELLED_D1_BAR_START_DATE_ONLY,2026-04-06T00:00:00-04:00,2026-04-06T04:00:00Z,2026-04-06T12:00:00+08:00,"-1 day, 20:00:00",c4147d61558f3b0fcf3bb9b61b78c21bc1b9d51e55bfe6d54973c73abcc79633
2026-04-07,2026-04-07 00:00:00,2026-04-08 00:00:00,UNRESOLVED,NAS100_LABELLED_D1_BAR_START_DATE_ONLY,2026-04-07T00:00:00-04:00,2026-04-07T04:00:00Z,2026-04-07T12:00:00+08:00,"-1 day, 20:00:00",40c791bcabd2a820d8482e1ee5a1bde904cd23e0fd6cd2e26a19cd649f9abc3d
2026-04-08,2026-04-08 00:00:00,2026-04-09 00:00:00,UNRESOLVED,NAS100_LABELLED_D1_BAR_START_DATE_ONLY,2026-04-08T00:00:00-04:00,2026-04-08T04:00:00Z,2026-04-08T12:00:00+08:00,"-1 day, 20:00:00",a5aea84e60879c489f2abc39f516ab8e4cb02505ac00b9ae58cdf346ef39b0a8
2026-04-09,2026-04-09 00:00:00,2026-04-10 00:00:00,UNRESOLVED,NAS100_LABELLED_D1_BAR_START_DATE_ONLY,2026-04-09T00:00:00-04:00,2026-04-09T04:00:00Z,2026-04-09T12:00:00+08:00,"-1 day, 20:00:00",33bc19877481f6664085ac45e36e75870fdce9facfc7c2d8935017adeed6f44c
2026-04-10,2026-04-10 00:00:00,2026-04-11 00:00:00,UNRESOLVED,NAS100_LABELLED_D1_BAR_START_DATE_ONLY,2026-04-10T00:00:00-04:00,2026-04-10T04:00:00Z,2026-04-10T12:00:00+08:00,"-1 day, 20:00:00",5634eaaf9cb2e75fbffa8da3143198db2ab237a37d8ecfc1751e7136b3bba7ce
2026-04-13,2026-04-13 00:00:00,2026-04-14 00:00:00,UNRESOLVED,NAS100_LABELLED_D1_BAR_START_DATE_ONLY,2026-04-13T00:00:00-04:00,2026-04-13T04:00:00Z,2026-04-13T12:00:00+08:00,"-1 day, 20:00:00",de30be772925a9e174d531b8b30ae46d11ed525f05810794275d2e0a3012ef7d
2026-04-14,2026-04-14 00:00:00,2026-04-15 00:00:00,UNRESOLVED,NAS100_LABELLED_D1_BAR_START_DATE_ONLY,2026-04-14T00:00:00-04:00,2026-04-14T04:00:00Z,2026-04-14T12:00:00+08:00,"-1 day, 20:00:00",ecee4af596dcf4a1042c53f24e810aa5c8ddd47414d1b08063e89b9e366df4ff
2026-04-15,2026-04-15 00:00:00,2026-04-16 00:00:00,UNRESOLVED,NAS100_LABELLED_D1_BAR_START_DATE_ONLY,2026-04-15T00:00:00-04:00,2026-04-15T04:00:00Z,2026-04-15T12:00:00+08:00,"-1 day, 20:00:00",dbab95c45ec55cffa920ed19a7e3d414fedcc5c920cd143829df564330b50c08
2026-04-16,2026-04-16 00:00:00,2026-04-17 00:00:00,UNRESOLVED,NAS100_LABELLED_D1_BAR_START_DATE_ONLY,2026-04-16T00:00:00-04:00,2026-04-16T04:00:00Z,2026-04-16T12:00:00+08:00,"-1 day, 20:00:00",879d99ff7d24956944224ea5f3ecc643f1533dd98512b948c01161917f63e30c
2026-04-17,2026-04-17 00:00:00,2026-04-18 00:00:00,UNRESOLVED,NAS100_LABELLED_D1_BAR_START_DATE_ONLY,2026-04-17T00:00:00-04:00,2026-04-17T04:00:00Z,2026-04-17T12:00:00+08:00,"-1 day, 20:00:00",3163087698de51e1c505c5a6915e05a8b9bf682417ab8dc65428038371077dcd
2026-04-20,2026-04-20 00:00:00,2026-04-21 00:00:00,UNRESOLVED,NAS100_LABELLED_D1_BAR_START_DATE_ONLY,2026-04-20T00:00:00-04:00,2026-04-20T04:00:00Z,2026-04-20T12:00:00+08:00,"-1 day, 20:00:00",5e2327e725c688fb2a98d0246db1f92fd1d4f58c1e810999b6164d74a53f76bf
2026-04-21,2026-04-21 00:00:00,2026-04-22 00:00:00,UNRESOLVED,NAS100_LABELLED_D1_BAR_START_DATE_ONLY,2026-04-21T00:00:00-04:00,2026-04-21T04:00:00Z,2026-04-21T12:00:00+08:00,"-1 day, 20:00:00",99c584e2c5e90f161a468ea269a379a9d9e2c80a1d6e0525e0c1cc9bda90a7da
2026-04-22,2026-04-22 00:00:00,2026-04-23 00:00:00,UNRESOLVED,NAS100_LABELLED_D1_BAR_START_DATE_ONLY,2026-04-22T00:00:00-04:00,2026-04-22T04:00:00Z,2026-04-22T12:00:00+08:00,"-1 day, 20:00:00",80213e7bd2b53038de3b8260ce3b7b90b5ff10d3c73ab1468d237a0e53f5249e
2026-04-23,2026-04-23 00:00:00,2026-04-24 00:00:00,UNRESOLVED,NAS100_LABELLED_D1_BAR_START_DATE_ONLY,2026-04-23T00:00:00-04:00,2026-04-23T04:00:00Z,2026-04-23T12:00:00+08:00,"-1 day, 20:00:00",c966b19977723af98e2d3c27967e3b58111684cd6d9e917b4e3642079152cd14
2026-04-24,2026-04-24 00:00:00,2026-04-25 00:00:00,UNRESOLVED,NAS100_LABELLED_D1_BAR_START_DATE_ONLY,2026-04-24T00:00:00-04:00,2026-04-24T04:00:00Z,2026-04-24T12:00:00+08:00,"-1 day, 20:00:00",3cbf7afa5f4ac4217739a74c8b29c72708656583b49c98dbd7b3dfbac48b02aa
2026-04-27,2026-04-27 00:00:00,2026-04-28 00:00:00,UNRESOLVED,NAS100_LABELLED_D1_BAR_START_DATE_ONLY,2026-04-27T00:00:00-04:00,2026-04-27T04:00:00Z,2026-04-27T12:00:00+08:00,"-1 day, 20:00:00",43b3f49f20481ac1b0d482507f24152781dccba287dc315eed9a50042a192378
2026-04-28,2026-04-28 00:00:00,2026-04-29 00:00:00,UNRESOLVED,NAS100_LABELLED_D1_BAR_START_DATE_ONLY,2026-04-28T00:00:00-04:00,2026-04-28T04:00:00Z,2026-04-28T12:00:00+08:00,"-1 day, 20:00:00",30e6e77f7f9a757b106df1df99c7fec2420823f81ea1ce3d05f0e383f141bdc8
2026-04-29,2026-04-29 00:00:00,2026-04-30 00:00:00,UNRESOLVED,NAS100_LABELLED_D1_BAR_START_DATE_ONLY,2026-04-29T00:00:00-04:00,2026-04-29T04:00:00Z,2026-04-29T12:00:00+08:00,"-1 day, 20:00:00",298f460aee3bc5babd72e986d2c74a8ff87dce22ae0bfbd45e6d255aeeb7f9c1
2026-04-30,2026-04-30 00:00:00,2026-05-01 00:00:00,UNRESOLVED,NAS100_LABELLED_D1_BAR_START_DATE_ONLY,2026-04-30T00:00:00-04:00,2026-04-30T04:00:00Z,2026-04-30T12:00:00+08:00,"-1 day, 20:00:00",50a3c3d8e28487b05d9a0fd29cf675c9316b91b4dadc78f71162668b811141c2
2026-05-01,2026-05-01 00:00:00,2026-05-02 00:00:00,UNRESOLVED,NAS100_LABELLED_D1_BAR_START_DATE_ONLY,2026-05-01T00:00:00-04:00,2026-05-01T04:00:00Z,2026-05-01T12:00:00+08:00,"-1 day, 20:00:00",f93e594bdd9908c567cebdeaa746b1ecaba6b95b876e5345dd810e2f06a820ac
2026-05-04,2026-05-04 00:00:00,2026-05-05 00:00:00,UNRESOLVED,NAS100_LABELLED_D1_BAR_START_DATE_ONLY,2026-05-04T00:00:00-04:00,2026-05-04T04:00:00Z,2026-05-04T12:00:00+08:00,"-1 day, 20:00:00",2ab0b9de19f3aff2e31e958fdba57d71076ca2211b63cde928b94baf7385a88b
2026-05-05,2026-05-05 00:00:00,2026-05-06 00:00:00,UNRESOLVED,NAS100_LABELLED_D1_BAR_START_DATE_ONLY,2026-05-05T00:00:00-04:00,2026-05-05T04:00:00Z,2026-05-05T12:00:00+08:00,"-1 day, 20:00:00",1d8b3a63e8e3dfaeeacf092df29152ce34302db3f46ef04d9bdde8cc29414e23
2026-05-06,2026-05-06 00:00:00,2026-05-07 00:00:00,UNRESOLVED,NAS100_LABELLED_D1_BAR_START_DATE_ONLY,2026-05-06T00:00:00-04:00,2026-05-06T04:00:00Z,2026-05-06T12:00:00+08:00,"-1 day, 20:00:00",bb3878712831112a2bde450c920c06cf83ab42f8ce0c9ae6c8b276d2eef40c74
2026-05-07,2026-05-07 00:00:00,2026-05-08 00:00:00,UNRESOLVED,NAS100_LABELLED_D1_BAR_START_DATE_ONLY,2026-05-07T00:00:00-04:00,2026-05-07T04:00:00Z,2026-05-07T12:00:00+08:00,"-1 day, 20:00:00",ccb7ad9c9f4d848d4ff76a2af4115bc54cbca9744afebd9035453863a2f98c87
2026-05-08,2026-05-08 00:00:00,2026-05-09 00:00:00,UNRESOLVED,NAS100_LABELLED_D1_BAR_START_DATE_ONLY,2026-05-08T00:00:00-04:00,2026-05-08T04:00:00Z,2026-05-08T12:00:00+08:00,"-1 day, 20:00:00",06e75a0c0f4ec3583fb990bb6693f44d8113883f2bdb0ccb9d3e52e38d32a9f2
2026-05-11,2026-05-11 00:00:00,2026-05-12 00:00:00,UNRESOLVED,NAS100_LABELLED_D1_BAR_START_DATE_ONLY,2026-05-11T00:00:00-04:00,2026-05-11T04:00:00Z,2026-05-11T12:00:00+08:00,"-1 day, 20:00:00",6817be95439309a08d313cf8b9e2e910b909fd65d404e502e6d79ed9a292ce36
2026-05-12,2026-05-12 00:00:00,2026-05-13 00:00:00,UNRESOLVED,NAS100_LABELLED_D1_BAR_START_DATE_ONLY,2026-05-12T00:00:00-04:00,2026-05-12T04:00:00Z,2026-05-12T12:00:00+08:00,"-1 day, 20:00:00",e5a5e63256d2887e9566f02efbd569b42c09e66cad83e63c1f24883d5858029d
2026-05-13,2026-05-13 00:00:00,2026-05-14 00:00:00,UNRESOLVED,NAS100_LABELLED_D1_BAR_START_DATE_ONLY,2026-05-13T00:00:00-04:00,2026-05-13T04:00:00Z,2026-05-13T12:00:00+08:00,"-1 day, 20:00:00",d1c10e55caa8ac819f4c439a19983397a412943e5eee807ae365941a90cc5624
2026-05-14,2026-05-14 00:00:00,2026-05-15 00:00:00,UNRESOLVED,NAS100_LABELLED_D1_BAR_START_DATE_ONLY,2026-05-14T00:00:00-04:00,2026-05-14T04:00:00Z,2026-05-14T12:00:00+08:00,"-1 day, 20:00:00",c75b51fe7a1e1f9c863643655750ec80cb01b2451e2533217bbad61c3a09051c
2026-05-15,2026-05-15 00:00:00,2026-05-16 00:00:00,UNRESOLVED,NAS100_LABELLED_D1_BAR_START_DATE_ONLY,2026-05-15T00:00:00-04:00,2026-05-15T04:00:00Z,2026-05-15T12:00:00+08:00,"-1 day, 20:00:00",866b37c995ee9b060b292046220b11848cb3621a772d6e2124a8b3d20b0c5429
2026-05-18,2026-05-18 00:00:00,2026-05-19 00:00:00,UNRESOLVED,NAS100_LABELLED_D1_BAR_START_DATE_ONLY,2026-05-18T00:00:00-04:00,2026-05-18T04:00:00Z,2026-05-18T12:00:00+08:00,"-1 day, 20:00:00",2a48551811f155c82a421d76261e27af8ab07eb2393d3bf0b373e43440e0ee7d
2026-05-19,2026-05-19 00:00:00,2026-05-20 00:00:00,UNRESOLVED,NAS100_LABELLED_D1_BAR_START_DATE_ONLY,2026-05-19T00:00:00-04:00,2026-05-19T04:00:00Z,2026-05-19T12:00:00+08:00,"-1 day, 20:00:00",c241d947e16ad0572dc3a8098e7cec8f15c0c5bb01604ccb84b7a9cd7eb4b8cb
2026-05-20,2026-05-20 00:00:00,2026-05-21 00:00:00,UNRESOLVED,NAS100_LABELLED_D1_BAR_START_DATE_ONLY,2026-05-20T00:00:00-04:00,2026-05-20T04:00:00Z,2026-05-20T12:00:00+08:00,"-1 day, 20:00:00",2ffa0e47b402873f2392241da8b416159f5e1d6f7e934d0a96a38b018f410b32
2026-05-21,2026-05-21 00:00:00,2026-05-22 00:00:00,UNRESOLVED,NAS100_LABELLED_D1_BAR_START_DATE_ONLY,2026-05-21T00:00:00-04:00,2026-05-21T04:00:00Z,2026-05-21T12:00:00+08:00,"-1 day, 20:00:00",317634de9c1b5ebf9efff9a51664bb618815b638e8f7b51b9a0e4e4a3fd989e9
2026-05-22,2026-05-22 00:00:00,2026-05-23 00:00:00,UNRESOLVED,NAS100_LABELLED_D1_BAR_START_DATE_ONLY,2026-05-22T00:00:00-04:00,2026-05-22T04:00:00Z,2026-05-22T12:00:00+08:00,"-1 day, 20:00:00",efc14c30f8f7bc28bf631aa9117bb311bfc88a661c1ae211c3a0758a4a92f68f
2026-05-25,2026-05-25 00:00:00,2026-05-26 00:00:00,UNRESOLVED,NAS100_LABELLED_D1_BAR_START_DATE_ONLY,2026-05-25T00:00:00-04:00,2026-05-25T04:00:00Z,2026-05-25T12:00:00+08:00,"-1 day, 20:00:00",c039b85277ba436ded2076e64e7a4548a738b70b464efff501fd5064b9101c13
2026-05-26,2026-05-26 00:00:00,2026-05-27 00:00:00,UNRESOLVED,NAS100_LABELLED_D1_BAR_START_DATE_ONLY,2026-05-26T00:00:00-04:00,2026-05-26T04:00:00Z,2026-05-26T12:00:00+08:00,"-1 day, 20:00:00",d6084998e1683492724f54b9897b06645f13831dcdf48a3988b4191eea80032d
2026-05-27,2026-05-27 00:00:00,2026-05-28 00:00:00,UNRESOLVED,NAS100_LABELLED_D1_BAR_START_DATE_ONLY,2026-05-27T00:00:00-04:00,2026-05-27T04:00:00Z,2026-05-27T12:00:00+08:00,"-1 day, 20:00:00",f84b521be88fb375828a8c64a81425f4c0157e1f4098f87c44910bfe3b14857d
2026-05-28,2026-05-28 00:00:00,2026-05-29 00:00:00,UNRESOLVED,NAS100_LABELLED_D1_BAR_START_DATE_ONLY,2026-05-28T00:00:00-04:00,2026-05-28T04:00:00Z,2026-05-28T12:00:00+08:00,"-1 day, 20:00:00",cce681592cf3373479291cbaa7bfa7e84a504275037a602dc1249672ac939737
2026-05-29,2026-05-29 00:00:00,2026-05-30 00:00:00,UNRESOLVED,NAS100_LABELLED_D1_BAR_START_DATE_ONLY,2026-05-29T00:00:00-04:00,2026-05-29T04:00:00Z,2026-05-29T12:00:00+08:00,"-1 day, 20:00:00",4919f101fcee41c088221c6e5c8c4560034770657ddad6af03b1ed242d8c033b
2026-06-01,2026-06-01 00:00:00,2026-06-02 00:00:00,UNRESOLVED,NAS100_LABELLED_D1_BAR_START_DATE_ONLY,2026-06-01T00:00:00-04:00,2026-06-01T04:00:00Z,2026-06-01T12:00:00+08:00,"-1 day, 20:00:00",f047a23e91d7d4825e1b4125ea048f37b840794f2aefcf2f6b7a6f0d48b66763
2026-06-02,2026-06-02 00:00:00,2026-06-03 00:00:00,UNRESOLVED,NAS100_LABELLED_D1_BAR_START_DATE_ONLY,2026-06-02T00:00:00-04:00,2026-06-02T04:00:00Z,2026-06-02T12:00:00+08:00,"-1 day, 20:00:00",d5bb73ef8ab151c2971454381e6c14716199e03e6611e2001618cee27c3b7a90
2026-06-03,2026-06-03 00:00:00,2026-06-04 00:00:00,UNRESOLVED,NAS100_LABELLED_D1_BAR_START_DATE_ONLY,2026-06-03T00:00:00-04:00,2026-06-03T04:00:00Z,2026-06-03T12:00:00+08:00,"-1 day, 20:00:00",3076fbeb2d505002a7414436995bf6591fc644eb5fafc4028509dc497d95e933
2026-06-04,2026-06-04 00:00:00,2026-06-05 00:00:00,UNRESOLVED,NAS100_LABELLED_D1_BAR_START_DATE_ONLY,2026-06-04T00:00:00-04:00,2026-06-04T04:00:00Z,2026-06-04T12:00:00+08:00,"-1 day, 20:00:00",79817cbcca4b26d1e8680f8577cbb803f3a26609a0f04c66171b42c9532b6552
2026-06-05,2026-06-05 00:00:00,2026-06-06 00:00:00,UNRESOLVED,NAS100_LABELLED_D1_BAR_START_DATE_ONLY,2026-06-05T00:00:00-04:00,2026-06-05T04:00:00Z,2026-06-05T12:00:00+08:00,"-1 day, 20:00:00",66ec222b3ff31e9c0b03a2953d6dd3989b7cccc9e8e2b3f1a5d699fb1fb82b51
2026-06-08,2026-06-08 00:00:00,2026-06-09 00:00:00,UNRESOLVED,NAS100_LABELLED_D1_BAR_START_DATE_ONLY,2026-06-08T00:00:00-04:00,2026-06-08T04:00:00Z,2026-06-08T12:00:00+08:00,"-1 day, 20:00:00",30b6f366ed6b749340a0690ecbbc33829766cbd062c4e948494c3ecb3036e9a9
2026-06-09,2026-06-09 00:00:00,2026-06-10 00:00:00,UNRESOLVED,NAS100_LABELLED_D1_BAR_START_DATE_ONLY,2026-06-09T00:00:00-04:00,2026-06-09T04:00:00Z,2026-06-09T12:00:00+08:00,"-1 day, 20:00:00",feb7918f3a5014ad3ea06e4b07622db94b82f409691773dbbedbfdc44fe490b0
2026-06-10,2026-06-10 00:00:00,2026-06-11 00:00:00,UNRESOLVED,NAS100_LABELLED_D1_BAR_START_DATE_ONLY,2026-06-10T00:00:00-04:00,2026-06-10T04:00:00Z,2026-06-10T12:00:00+08:00,"-1 day, 20:00:00",d20c415d39161d964f9d311f9409b0f1c34a3f9068c932d9faef9b95fb66bee8
2026-06-11,2026-06-11 00:00:00,2026-06-12 00:00:00,UNRESOLVED,NAS100_LABELLED_D1_BAR_START_DATE_ONLY,2026-06-11T00:00:00-04:00,2026-06-11T04:00:00Z,2026-06-11T12:00:00+08:00,"-1 day, 20:00:00",eaf067cdd4165d6676373865d1dda66f4b1b2a198bcdb88687a507330dadcc84
2026-06-12,2026-06-12 00:00:00,2026-06-13 00:00:00,UNRESOLVED,NAS100_LABELLED_D1_BAR_START_DATE_ONLY,2026-06-12T00:00:00-04:00,2026-06-12T04:00:00Z,2026-06-12T12:00:00+08:00,"-1 day, 20:00:00",0e2c94698b7e3cf4a108757c80c19c852c5f44b8ed8a7dfacb467a91a1616f4c
2026-06-15,2026-06-15 00:00:00,2026-06-16 00:00:00,UNRESOLVED,NAS100_LABELLED_D1_BAR_START_DATE_ONLY,2026-06-15T00:00:00-04:00,2026-06-15T04:00:00Z,2026-06-15T12:00:00+08:00,"-1 day, 20:00:00",576e1c8b7a03ff6e4b24ed25b5669fcf11d2507031e44b4789e5f33844697ca4
2026-06-16,2026-06-16 00:00:00,2026-06-17 00:00:00,UNRESOLVED,NAS100_LABELLED_D1_BAR_START_DATE_ONLY,2026-06-16T00:00:00-04:00,2026-06-16T04:00:00Z,2026-06-16T12:00:00+08:00,"-1 day, 20:00:00",3ad8a71f204b11e4e44f90ebce7f1902d5207c8c4da75cdd38833f6ea44b1d8e
2026-06-17,2026-06-17 00:00:00,2026-06-18 00:00:00,UNRESOLVED,NAS100_LABELLED_D1_BAR_START_DATE_ONLY,2026-06-17T00:00:00-04:00,2026-06-17T04:00:00Z,2026-06-17T12:00:00+08:00,"-1 day, 20:00:00",b20d9f1cdb3a02159d3e99451c841cd483b838c1cdd71c7475524ea77f3abd6c
2026-06-18,2026-06-18 00:00:00,2026-06-19 00:00:00,UNRESOLVED,NAS100_LABELLED_D1_BAR_START_DATE_ONLY,2026-06-18T00:00:00-04:00,2026-06-18T04:00:00Z,2026-06-18T12:00:00+08:00,"-1 day, 20:00:00",1ef7575c2c82f7f2a9148d58266350a07d212d6ce57f86d5c6fa2c51bbf6f89a
2026-06-19,2026-06-19 00:00:00,2026-06-20 00:00:00,UNRESOLVED,NAS100_LABELLED_D1_BAR_START_DATE_ONLY,2026-06-19T00:00:00-04:00,2026-06-19T04:00:00Z,2026-06-19T12:00:00+08:00,"-1 day, 20:00:00",1155a1d0e87c789226802601ad5023689eb1bdad678aeac56dc53e70e1e3d4ed
2026-06-22,2026-06-22 00:00:00,2026-06-23 00:00:00,UNRESOLVED,NAS100_LABELLED_D1_BAR_START_DATE_ONLY,2026-06-22T00:00:00-04:00,2026-06-22T04:00:00Z,2026-06-22T12:00:00+08:00,"-1 day, 20:00:00",1d5a7123d1b1a36c271c313792ecb278ea3c7debb72e0b23302209031cb4723b
2026-06-23,2026-06-23 00:00:00,2026-06-24 00:00:00,UNRESOLVED,NAS100_LABELLED_D1_BAR_START_DATE_ONLY,2026-06-23T00:00:00-04:00,2026-06-23T04:00:00Z,2026-06-23T12:00:00+08:00,"-1 day, 20:00:00",ed2be90120b6d76563064679e9217cfe00294370e666d23cce866f27b936a317
2026-06-24,2026-06-24 00:00:00,2026-06-25 00:00:00,UNRESOLVED,NAS100_LABELLED_D1_BAR_START_DATE_ONLY,2026-06-24T00:00:00-04:00,2026-06-24T04:00:00Z,2026-06-24T12:00:00+08:00,"-1 day, 20:00:00",a1bce3b44a6b5f84ad000597b2220aa90562a1a85588adfd807978afa633359d
2026-06-25,2026-06-25 00:00:00,2026-06-26 00:00:00,UNRESOLVED,NAS100_LABELLED_D1_BAR_START_DATE_ONLY,2026-06-25T00:00:00-04:00,2026-06-25T04:00:00Z,2026-06-25T12:00:00+08:00,"-1 day, 20:00:00",77db6af979837f0f1f80067c739a7d5785caed8cee23a2062d4567a71d77f620
