raw_artifact_id,source_run_id,release_id,source_url,relative_private_path,source_format,byte_length,sha256,http_status,outcome,retrieved_at_utc,safe_header_relative_path,safe_header_sha256,parser_version,accepted_for_measurement_chain,acquisition_classification
role5-pilot-20000106-body,role5-pilot-20000106,20000106,https://www.federalreserve.gov/releases/h6/20000106/,vintage_year=2000/source_run=role5-pilot-20000106/release.html,HTML,78231,6476619d90d2f448d9dd168a5eac2a7d9b54aad0fd55bd279edc7fc94558eee6,200,HASH_VERIFIED_PILOT_CACHE_REUSE,2026-07-13T08:23:10Z,vintage_year=2000/source_run=role5-pilot-20000106/headers.txt,2d11417fa38a8a51044757c1e82da8fc5862b3f71ae4a31970335e4ccde324b2,H6_TABLE1_MONTHLY_SA_M2_FULL_V1,true,HASH_VERIFIED_PILOT_CACHE_REUSE
role5-h6-full-0011-20000113-a1-body,role5-h6-full-0011-20000113-a1,20000113,https://www.federalreserve.gov/releases/h6/20000113/,full_sequence=H6_M2_2000_20260628_V1/release_date=2000-01-13/source_run=role5-h6-full-0011-20000113-a1/release.html,HTML,78234,feeae28d88d88df322bbf513a4f7c05189615bee97f7d74172bc5cef4b8b5b44,200,SUCCESS,2026-07-13T08:32:26.730898Z,full_sequence=H6_M2_2000_20260628_V1/release_date=2000-01-13/source_run=role5-h6-full-0011-20000113-a1/safe_headers.txt,fef00e1ac484f03153db084c23d70278edd0f3ce0ae9387cd1a9f3c26f6db1b3,H6_TABLE1_MONTHLY_SA_M2_FULL_V1,true,FULL_NETWORK_ATTEMPT
role5-h6-full-0012-20000120-a1-body,role5-h6-full-0012-20000120-a1,20000120,https://www.federalreserve.gov/releases/h6/20000120/,full_sequence=H6_M2_2000_20260628_V1/release_date=2000-01-20/source_run=role5-h6-full-0012-20000120-a1/release.html,HTML,78234,23231c453b8458a5987b35f106cbb62168b2a01cef44690a4cd57d080b4c4970,200,SUCCESS,2026-07-13T08:32:27.728549Z,full_sequence=H6_M2_2000_20260628_V1/release_date=2000-01-20/source_run=role5-h6-full-0012-20000120-a1/safe_headers.txt,ac26c8f97a8d833fe5098c1e5939f79215c2282b3afcb7964b2bb20b917add45,H6_TABLE1_MONTHLY_SA_M2_FULL_V1,true,FULL_NETWORK_ATTEMPT
role5-h6-full-0013-20000127-a1-body,role5-h6-full-0013-20000127-a1,20000127,https://www.federalreserve.gov/releases/h6/20000127/,full_sequence=H6_M2_2000_20260628_V1/release_date=2000-01-27/source_run=role5-h6-full-0013-20000127-a1/release.html,HTML,78234,e2f71fb1251d9281e69d59f5834b8001f27eda0ca0779ba217b7b5bf63514480,200,SUCCESS,2026-07-13T08:32:28.831799Z,full_sequence=H6_M2_2000_20260628_V1/release_date=2000-01-27/source_run=role5-h6-full-0013-20000127-a1/safe_headers.txt,e6e735a49353e1531aa12382a5c5f9f126b092a744d640c5ea370f870b66e915,H6_TABLE1_MONTHLY_SA_M2_FULL_V1,true,FULL_NETWORK_ATTEMPT
role5-h6-full-0014-20000203-a1-body,role5-h6-full-0014-20000203-a1,20000203,https://www.federalreserve.gov/releases/h6/20000203/,full_sequence=H6_M2_2000_20260628_V1/release_date=2000-02-03/source_run=role5-h6-full-0014-20000203-a1/release.html,HTML,120592,722628885517d136e2d899ed20fa7c746628651c49acb6f32b74c9a4e58fb770,200,SUCCESS,2026-07-13T08:32:29.741367Z,full_sequence=H6_M2_2000_20260628_V1/release_date=2000-02-03/source_run=role5-h6-full-0014-20000203-a1/safe_headers.txt,e3e737f5b715b2c53b21a7e3788ad39d3baedc3900350deb21bb6c8bfce1698e,H6_TABLE1_MONTHLY_SA_M2_FULL_V1,true,FULL_NETWORK_ATTEMPT
role5-h6-full-0015-20000210-a1-body,role5-h6-full-0015-20000210-a1,20000210,https://www.federalreserve.gov/releases/h6/20000210/,full_sequence=H6_M2_2000_20260628_V1/release_date=2000-02-10/source_run=role5-h6-full-0015-20000210-a1/release.html,HTML,78237,e31b3cb3c10a6e579d73614a1a12f0c9085c2cd323c67e1c215842fa4a27cd63,200,SUCCESS,2026-07-13T08:32:30.742227Z,full_sequence=H6_M2_2000_20260628_V1/release_date=2000-02-10/source_run=role5-h6-full-0015-20000210-a1/safe_headers.txt,adc4cef006d0ae0a2c07b8c7a0f24c022ebd2a43f86d31023fa23a4ea4af5998,H6_TABLE1_MONTHLY_SA_M2_FULL_V1,true,FULL_NETWORK_ATTEMPT
role5-h6-full-0016-20000217-a1-body,role5-h6-full-0016-20000217-a1,20000217,https://www.federalreserve.gov/releases/h6/20000217/,full_sequence=H6_M2_2000_20260628_V1/release_date=2000-02-17/source_run=role5-h6-full-0016-20000217-a1/release.html,HTML,78237,68431822d5f215350397b6bfb77ec5db8b5068b2aef6ddd14ee2d4c255bd44b9,200,SUCCESS,2026-07-13T08:32:31.753718Z,full_sequence=H6_M2_2000_20260628_V1/release_date=2000-02-17/source_run=role5-h6-full-0016-20000217-a1/safe_headers.txt,e40ad4668dfd3d88410435c50ad1f1236483ed90d61b3397cca29d0f5f72829c,H6_TABLE1_MONTHLY_SA_M2_FULL_V1,true,FULL_NETWORK_ATTEMPT
role5-h6-full-0017-20000224-a1-body,role5-h6-full-0017-20000224-a1,20000224,https://www.federalreserve.gov/releases/h6/20000224/,full_sequence=H6_M2_2000_20260628_V1/release_date=2000-02-24/source_run=role5-h6-full-0017-20000224-a1/release.html,HTML,78237,1604a18261659310274cf67f6e54e598ab3e0e0f65cc58ec604d27146fcd4230,200,SUCCESS,2026-07-13T08:32:32.760843Z,full_sequence=H6_M2_2000_20260628_V1/release_date=2000-02-24/source_run=role5-h6-full-0017-20000224-a1/safe_headers.txt,ddbc4eb4cd11d655070b42a101bb39da36910d35cf33cf42e7af37785ae7c7e3,H6_TABLE1_MONTHLY_SA_M2_FULL_V1,true,FULL_NETWORK_ATTEMPT
role5-h6-full-0018-20000302-a1-body,role5-h6-full-0018-20000302-a1,20000302,https://www.federalreserve.gov/releases/h6/20000302/,full_sequence=H6_M2_2000_20260628_V1/release_date=2000-03-02/source_run=role5-h6-full-0018-20000302-a1/release.html,HTML,78298,f2eb7daf0fa357a03007ee9050f65af3e0af905800ba66c03da9d867e065717a,200,SUCCESS,2026-07-13T08:32:33.771021Z,full_sequence=H6_M2_2000_20260628_V1/release_date=2000-03-02/source_run=role5-h6-full-0018-20000302-a1/safe_headers.txt,ea0e6203859f8f14f98e67e836c233c554c2186cd1681f913077b0929a65148d,H6_TABLE1_MONTHLY_SA_M2_FULL_V1,true,FULL_NETWORK_ATTEMPT
role5-h6-full-0019-20000309-a1-body,role5-h6-full-0019-20000309-a1,20000309,https://www.federalreserve.gov/releases/h6/20000309/,full_sequence=H6_M2_2000_20260628_V1/release_date=2000-03-09/source_run=role5-h6-full-0019-20000309-a1/release.html,HTML,78299,b243ce15259386137468d5a5c751546f11b57da909c3e025dfcd40e9a6f3c283,200,SUCCESS,2026-07-13T08:32:34.782321Z,full_sequence=H6_M2_2000_20260628_V1/release_date=2000-03-09/source_run=role5-h6-full-0019-20000309-a1/safe_headers.txt,1f6d94df4c37f3504d06ff35a6181022f9453144e4a92aa9cef67ff83276f552,H6_TABLE1_MONTHLY_SA_M2_FULL_V1,true,FULL_NETWORK_ATTEMPT
role5-h6-full-0020-20000316-a1-body,role5-h6-full-0020-20000316-a1,20000316,https://www.federalreserve.gov/releases/h6/20000316/,full_sequence=H6_M2_2000_20260628_V1/release_date=2000-03-16/source_run=role5-h6-full-0020-20000316-a1/release.html,HTML,78356,8cc54abfb081ceab40d72331e2c51da7db0f894c766a519d0587f65b32035510,200,SUCCESS,2026-07-13T08:32:35.836417Z,full_sequence=H6_M2_2000_20260628_V1/release_date=2000-03-16/source_run=role5-h6-full-0020-20000316-a1/safe_headers.txt,1286f5c2a519e5e3e38e5be43754a3ca59af57d5b833a18d464103aae5a3c5f4,H6_TABLE1_MONTHLY_SA_M2_FULL_V1,true,FULL_NETWORK_ATTEMPT
role5-h6-full-0021-20000323-a1-body,role5-h6-full-0021-20000323-a1,20000323,https://www.federalreserve.gov/releases/h6/20000323/,full_sequence=H6_M2_2000_20260628_V1/release_date=2000-03-23/source_run=role5-h6-full-0021-20000323-a1/release.html,HTML,78356,2952e1200c4e71bda7f7f87b5225a7249c765a4280be4b21aaf719d6fdd499a9,200,SUCCESS,2026-07-13T08:32:36.783248Z,full_sequence=H6_M2_2000_20260628_V1/release_date=2000-03-23/source_run=role5-h6-full-0021-20000323-a1/safe_headers.txt,81098c4c3e473f40d3cfd013d1f6fe640c076fe017b6c32bc712ea7a90d78f7b,H6_TABLE1_MONTHLY_SA_M2_FULL_V1,true,FULL_NETWORK_ATTEMPT
role5-h6-full-0022-20000330-a1-body,role5-h6-full-0022-20000330-a1,20000330,https://www.federalreserve.gov/releases/h6/20000330/,full_sequence=H6_M2_2000_20260628_V1/release_date=2000-03-30/source_run=role5-h6-full-0022-20000330-a1/release.html,HTML,78336,b0789cb3efce3c6277899a72782f79ebae13e93c15d7e403c28b3f75939c248f,200,SUCCESS,2026-07-13T08:32:37.792573Z,full_sequence=H6_M2_2000_20260628_V1/release_date=2000-03-30/source_run=role5-h6-full-0022-20000330-a1/safe_headers.txt,03d5cbcf8ee78b76602aa041e6ecc2d264454050ac8043cf0d88052f4a031219,H6_TABLE1_MONTHLY_SA_M2_FULL_V1,true,FULL_NETWORK_ATTEMPT
role5-h6-full-0023-20000406-a1-body,role5-h6-full-0023-20000406-a1,20000406,https://www.federalreserve.gov/releases/h6/20000406/,full_sequence=H6_M2_2000_20260628_V1/release_date=2000-04-06/source_run=role5-h6-full-0023-20000406-a1/release.html,HTML,78333,1e3bf5779627187ab1223f4c4d42c939d2044ccb2bc93a0ad993be5f2db18bcb,200,SUCCESS,2026-07-13T08:32:39.892305Z,full_sequence=H6_M2_2000_20260628_V1/release_date=2000-04-06/source_run=role5-h6-full-0023-20000406-a1/safe_headers.txt,93e25a8ea3fa90bba67df18f259c19fb2ccd08d838e9f9a3bcb4fc9a420c1047,H6_TABLE1_MONTHLY_SA_M2_FULL_V1,true,FULL_NETWORK_ATTEMPT
role5-h6-full-0024-20000413-a1-body,role5-h6-full-0024-20000413-a1,20000413,https://www.federalreserve.gov/releases/h6/20000413/,full_sequence=H6_M2_2000_20260628_V1/release_date=2000-04-13/source_run=role5-h6-full-0024-20000413-a1/release.html,HTML,78336,82f586b0afd8b87b11e0946b37324438862c79401f4e44df112e62653334bb91,200,SUCCESS,2026-07-13T08:32:40.252589Z,full_sequence=H6_M2_2000_20260628_V1/release_date=2000-04-13/source_run=role5-h6-full-0024-20000413-a1/safe_headers.txt,4c260d599295d5f2add1f930c86686f0ab45b5983d84ec029a3ce4056ed82129,H6_TABLE1_MONTHLY_SA_M2_FULL_V1,true,FULL_NETWORK_ATTEMPT
role5-h6-full-0025-20000420-a1-body,role5-h6-full-0025-20000420-a1,20000420,https://www.federalreserve.gov/releases/h6/20000420/,full_sequence=H6_M2_2000_20260628_V1/release_date=2000-04-20/source_run=role5-h6-full-0025-20000420-a1/release.html,HTML,78336,e580104c42d0235d18c86fd0e9b9c0c4620b6fc0a3fefb9009cf8d9e728d527f,200,SUCCESS,2026-07-13T08:32:44.297069Z,full_sequence=H6_M2_2000_20260628_V1/release_date=2000-04-20/source_run=role5-h6-full-0025-20000420-a1/safe_headers.txt,230026eba290fbc3133a83843282ace6eb03dfa058dd2b0a2f367cd5460c6748,H6_TABLE1_MONTHLY_SA_M2_FULL_V1,true,FULL_NETWORK_ATTEMPT
role5-h6-full-0026-20000427-a1-body,role5-h6-full-0026-20000427-a1,20000427,https://www.federalreserve.gov/releases/h6/20000427/,full_sequence=H6_M2_2000_20260628_V1/release_date=2000-04-27/source_run=role5-h6-full-0026-20000427-a1/release.html,HTML,78336,88ac582c1042422a38bb99513caad300d98e2eedd9acb84115d425db77b0db9f,200,SUCCESS,2026-07-13T08:32:44.666677Z,full_sequence=H6_M2_2000_20260628_V1/release_date=2000-04-27/source_run=role5-h6-full-0026-20000427-a1/safe_headers.txt,a083d70508b87af6343caf41e363bd4cf5fac1e59ea87fc948ebdadc478480ff,H6_TABLE1_MONTHLY_SA_M2_FULL_V1,true,FULL_NETWORK_ATTEMPT
role5-h6-full-0027-20000504-a1-body,role5-h6-full-0027-20000504-a1,20000504,https://www.federalreserve.gov/releases/h6/20000504/,full_sequence=H6_M2_2000_20260628_V1/release_date=2000-05-04/source_run=role5-h6-full-0027-20000504-a1/release.html,HTML,78327,39806a7b6b805f4bae25b3d88a38057f0bda464df96eda59b39cd8a6bcd8e81d,200,SUCCESS,2026-07-13T08:32:45.687004Z,full_sequence=H6_M2_2000_20260628_V1/release_date=2000-05-04/source_run=role5-h6-full-0027-20000504-a1/safe_headers.txt,a2ab2087a2f75560b42df8173e97f605bcb419d1700a4935c52b89233335e06e,H6_TABLE1_MONTHLY_SA_M2_FULL_V1,true,FULL_NETWORK_ATTEMPT
role5-h6-full-0028-20000511-a1-body,role5-h6-full-0028-20000511-a1,20000511,https://www.federalreserve.gov/releases/h6/20000511/,full_sequence=H6_M2_2000_20260628_V1/release_date=2000-05-11/source_run=role5-h6-full-0028-20000511-a1/release.html,HTML,78330,2e8e4d182ea093e6b262041eb2b068802a9f756ff243441c88b8e89d44114395,200,SUCCESS,2026-07-13T08:32:46.724178Z,full_sequence=H6_M2_2000_20260628_V1/release_date=2000-05-11/source_run=role5-h6-full-0028-20000511-a1/safe_headers.txt,06dd7ffb4481f06577f89bb14483d9a8c9c6974aab8b106052440304c4649539,H6_TABLE1_MONTHLY_SA_M2_FULL_V1,true,FULL_NETWORK_ATTEMPT
role5-h6-full-0029-20000518-a1-body,role5-h6-full-0029-20000518-a1,20000518,https://www.federalreserve.gov/releases/h6/20000518/,full_sequence=H6_M2_2000_20260628_V1/release_date=2000-05-18/source_run=role5-h6-full-0029-20000518-a1/release.html,HTML,78330,30f7258938269344e38400e241f7eb5fd836496a687496273a88d83ed59e5596,200,SUCCESS,2026-07-13T08:32:47.707756Z,full_sequence=H6_M2_2000_20260628_V1/release_date=2000-05-18/source_run=role5-h6-full-0029-20000518-a1/safe_headers.txt,dc755f69a7ec3c0bf3721f99dd21bd246b3845f336bd9a712d3dbe4c314fe970,H6_TABLE1_MONTHLY_SA_M2_FULL_V1,true,FULL_NETWORK_ATTEMPT
role5-h6-full-0030-20000525-a1-body,role5-h6-full-0030-20000525-a1,20000525,https://www.federalreserve.gov/releases/h6/20000525/,full_sequence=H6_M2_2000_20260628_V1/release_date=2000-05-25/source_run=role5-h6-full-0030-20000525-a1/release.html,HTML,78330,8ff2eb51b5e34e7f049bc9f798b30ae0a2cf88f4a9cc4b05de68e04a5b7a90e4,200,SUCCESS,2026-07-13T08:32:48.692397Z,full_sequence=H6_M2_2000_20260628_V1/release_date=2000-05-25/source_run=role5-h6-full-0030-20000525-a1/safe_headers.txt,50214a79136f11fafde3e7fec3fd3b9b68a0e3a150b267f659c9019e73fab9b0,H6_TABLE1_MONTHLY_SA_M2_FULL_V1,true,FULL_NETWORK_ATTEMPT
role5-h6-full-0031-20000601-a1-body,role5-h6-full-0031-20000601-a1,20000601,https://www.federalreserve.gov/releases/h6/20000601/,full_sequence=H6_M2_2000_20260628_V1/release_date=2000-06-01/source_run=role5-h6-full-0031-20000601-a1/release.html,HTML,78330,e7d34403adef5fa3ce6d35efeb1d47bfa6ff08563c9ffd2962022638bebcc8ae,200,SUCCESS,2026-07-13T08:32:49.726672Z,full_sequence=H6_M2_2000_20260628_V1/release_date=2000-06-01/source_run=role5-h6-full-0031-20000601-a1/safe_headers.txt,1d98dc9e5c0624e30726fd346d510f26ed821ba62043a37dfef7dfb119e6ca42,H6_TABLE1_MONTHLY_SA_M2_FULL_V1,true,FULL_NETWORK_ATTEMPT
role5-h6-full-0032-20000608-a1-body,role5-h6-full-0032-20000608-a1,20000608,https://www.federalreserve.gov/releases/h6/20000608/,full_sequence=H6_M2_2000_20260628_V1/release_date=2000-06-08/source_run=role5-h6-full-0032-20000608-a1/release.html,HTML,78330,6e3e0ec814db0f213a47d7ab4df96db4cdd9b95a1730cdfdbbbacf7429d4c154,200,SUCCESS,2026-07-13T08:32:50.718391Z,full_sequence=H6_M2_2000_20260628_V1/release_date=2000-06-08/source_run=role5-h6-full-0032-20000608-a1/safe_headers.txt,d46e1981ca5d17de565815126723c28f9e966a963f190c27fa051466d402b079,H6_TABLE1_MONTHLY_SA_M2_FULL_V1,true,FULL_NETWORK_ATTEMPT
role5-h6-full-0033-20000615-a1-body,role5-h6-full-0033-20000615-a1,20000615,https://www.federalreserve.gov/releases/h6/20000615/,full_sequence=H6_M2_2000_20260628_V1/release_date=2000-06-15/source_run=role5-h6-full-0033-20000615-a1/release.html,HTML,78333,17d42c0fc6f98a3548c6b4a05cf2f7f81c9d7d119cb56ae06f6e29d1aeaaf7e0,200,SUCCESS,2026-07-13T08:32:51.729287Z,full_sequence=H6_M2_2000_20260628_V1/release_date=2000-06-15/source_run=role5-h6-full-0033-20000615-a1/safe_headers.txt,5852777be33e2d50c243cf6e6aee9f778763d480b3481a697595b9226edf9274,H6_TABLE1_MONTHLY_SA_M2_FULL_V1,true,FULL_NETWORK_ATTEMPT
role5-h6-full-0034-20000622-a1-body,role5-h6-full-0034-20000622-a1,20000622,https://www.federalreserve.gov/releases/h6/20000622/,full_sequence=H6_M2_2000_20260628_V1/release_date=2000-06-22/source_run=role5-h6-full-0034-20000622-a1/release.html,HTML,78333,c2e9dc663c99370ddd1cf60cca781a6f03d50b5ccfce652a8d450555b294b448,200,SUCCESS,2026-07-13T08:32:52.765172Z,full_sequence=H6_M2_2000_20260628_V1/release_date=2000-06-22/source_run=role5-h6-full-0034-20000622-a1/safe_headers.txt,cd3250787b9297070e8259fcad6d95be179adcfd69df49ac029383da21b2c994,H6_TABLE1_MONTHLY_SA_M2_FULL_V1,true,FULL_NETWORK_ATTEMPT
role5-h6-full-0035-20000629-a1-body,role5-h6-full-0035-20000629-a1,20000629,https://www.federalreserve.gov/releases/h6/20000629/,full_sequence=H6_M2_2000_20260628_V1/release_date=2000-06-29/source_run=role5-h6-full-0035-20000629-a1/release.html,HTML,78333,31ca1baaed6d6ba631f39fa9a40a14859707dc6a865902041b81630d27e4006c,200,SUCCESS,2026-07-13T08:32:53.818535Z,full_sequence=H6_M2_2000_20260628_V1/release_date=2000-06-29/source_run=role5-h6-full-0035-20000629-a1/safe_headers.txt,4d6a2c31266d4b476d10283e7da626a9c716f1cdc59bd2746972e3d30104f002,H6_TABLE1_MONTHLY_SA_M2_FULL_V1,true,FULL_NETWORK_ATTEMPT
role5-h6-full-0036-20000706-a1-body,role5-h6-full-0036-20000706-a1,20000706,https://www.federalreserve.gov/releases/h6/20000706/,full_sequence=H6_M2_2000_20260628_V1/release_date=2000-07-06/source_run=role5-h6-full-0036-20000706-a1/release.html,HTML,78321,701857eb552b40ac03db74b49092b7cb87198aafd962857eeb5849b9786bfb5e,200,SUCCESS,2026-07-13T08:32:54.741898Z,full_sequence=H6_M2_2000_20260628_V1/release_date=2000-07-06/source_run=role5-h6-full-0036-20000706-a1/safe_headers.txt,1927769612b599a2cc3f46f181053e7725978915416692c88971f10a594f5fc4,H6_TABLE1_MONTHLY_SA_M2_FULL_V1,true,FULL_NETWORK_ATTEMPT
role5-h6-full-0037-20000713-a1-body,role5-h6-full-0037-20000713-a1,20000713,https://www.federalreserve.gov/releases/h6/20000713/,full_sequence=H6_M2_2000_20260628_V1/release_date=2000-07-13/source_run=role5-h6-full-0037-20000713-a1/release.html,HTML,78335,bbe967c3f5f37ce68b2f3061d1c3d023e3ccb927aea3defcdb974c458755c895,200,SUCCESS,2026-07-13T08:32:55.751679Z,full_sequence=H6_M2_2000_20260628_V1/release_date=2000-07-13/source_run=role5-h6-full-0037-20000713-a1/safe_headers.txt,f8cc447d3c98d7ee45979902617c4940b3f360ce7b7332937a5591905d3690f9,H6_TABLE1_MONTHLY_SA_M2_FULL_V1,true,FULL_NETWORK_ATTEMPT
role5-h6-full-0038-20000720-a1-body,role5-h6-full-0038-20000720-a1,20000720,https://www.federalreserve.gov/releases/h6/20000720/,full_sequence=H6_M2_2000_20260628_V1/release_date=2000-07-20/source_run=role5-h6-full-0038-20000720-a1/release.html,HTML,78335,5279e1fc30741dd9947ac442e853515c8b402ed06284a912e5dbd626887754fc,200,SUCCESS,2026-07-13T08:32:56.792198Z,full_sequence=H6_M2_2000_20260628_V1/release_date=2000-07-20/source_run=role5-h6-full-0038-20000720-a1/safe_headers.txt,69b268f6caef8aabe3ee562adce799d08512cf488db7ef0d2b6388c4f6fba0b9,H6_TABLE1_MONTHLY_SA_M2_FULL_V1,true,FULL_NETWORK_ATTEMPT
role5-h6-full-0039-20000727-a1-body,role5-h6-full-0039-20000727-a1,20000727,https://www.federalreserve.gov/releases/h6/20000727/,full_sequence=H6_M2_2000_20260628_V1/release_date=2000-07-27/source_run=role5-h6-full-0039-20000727-a1/release.html,HTML,78333,38e2275c5b39c9460d1e6360a7a3e5d35ba95245e8fdb6a06b849c89c21765e4,200,SUCCESS,2026-07-13T08:32:57.772426Z,full_sequence=H6_M2_2000_20260628_V1/release_date=2000-07-27/source_run=role5-h6-full-0039-20000727-a1/safe_headers.txt,c16c2eeb814c14cd6dcbc32285fa1027d9084137596a3e512b4e3f2df4d0d1a9,H6_TABLE1_MONTHLY_SA_M2_FULL_V1,true,FULL_NETWORK_ATTEMPT
role5-h6-full-0040-20000803-a1-body,role5-h6-full-0040-20000803-a1,20000803,https://www.federalreserve.gov/releases/h6/20000803/,full_sequence=H6_M2_2000_20260628_V1/release_date=2000-08-03/source_run=role5-h6-full-0040-20000803-a1/release.html,HTML,78337,292013d9b012426f9bc80398288aab4f457534a2dca0398847399defafcfa2b4,200,SUCCESS,2026-07-13T08:32:58.851583Z,full_sequence=H6_M2_2000_20260628_V1/release_date=2000-08-03/source_run=role5-h6-full-0040-20000803-a1/safe_headers.txt,539643c3a27007604485d1b86ac2ba2f704792713de5cac4264cb75f7b17d0b0,H6_TABLE1_MONTHLY_SA_M2_FULL_V1,true,FULL_NETWORK_ATTEMPT
role5-h6-full-0041-20000810-a1-body,role5-h6-full-0041-20000810-a1,20000810,https://www.federalreserve.gov/releases/h6/20000810/,full_sequence=H6_M2_2000_20260628_V1/release_date=2000-08-10/source_run=role5-h6-full-0041-20000810-a1/release.html,HTML,78343,29bdd2b0d4d74ac3530614d8ed8b3e5359e387eaf19a51626e787f5f9182849b,200,SUCCESS,2026-07-13T08:32:59.856702Z,full_sequence=H6_M2_2000_20260628_V1/release_date=2000-08-10/source_run=role5-h6-full-0041-20000810-a1/safe_headers.txt,f2696217452b869c69f5f48f6ad52019418f6610c3f667ae4da22e082e309487,H6_TABLE1_MONTHLY_SA_M2_FULL_V1,true,FULL_NETWORK_ATTEMPT
role5-h6-full-0042-20000817-a1-body,role5-h6-full-0042-20000817-a1,20000817,https://www.federalreserve.gov/releases/h6/20000817/,full_sequence=H6_M2_2000_20260628_V1/release_date=2000-08-17/source_run=role5-h6-full-0042-20000817-a1/release.html,HTML,78340,fcaad210dcf3923172ae7df4caebfb48165d4e71b9db62e17f64b2089af60cfd,200,SUCCESS,2026-07-13T08:33:00.845006Z,full_sequence=H6_M2_2000_20260628_V1/release_date=2000-08-17/source_run=role5-h6-full-0042-20000817-a1/safe_headers.txt,133b6c847fda605930faafc136bcb8b972d508c6e421a38a1c3813dda86bbee8,H6_TABLE1_MONTHLY_SA_M2_FULL_V1,true,FULL_NETWORK_ATTEMPT
role5-h6-full-0043-20000824-a1-body,role5-h6-full-0043-20000824-a1,20000824,https://www.federalreserve.gov/releases/h6/20000824/,full_sequence=H6_M2_2000_20260628_V1/release_date=2000-08-24/source_run=role5-h6-full-0043-20000824-a1/release.html,HTML,78340,b67c31116b5792a4a2c43f853a9e37d19816ac467d95c744e0923c0eeb3e0c27,200,SUCCESS,2026-07-13T08:33:01.819237Z,full_sequence=H6_M2_2000_20260628_V1/release_date=2000-08-24/source_run=role5-h6-full-0043-20000824-a1/safe_headers.txt,f132c4deacf6714febc6c1f2d33a23f2bdd6399ee7ac9559133288953e947e5f,H6_TABLE1_MONTHLY_SA_M2_FULL_V1,true,FULL_NETWORK_ATTEMPT
role5-h6-full-0044-20000831-a1-body,role5-h6-full-0044-20000831-a1,20000831,https://www.federalreserve.gov/releases/h6/20000831/,full_sequence=H6_M2_2000_20260628_V1/release_date=2000-08-31/source_run=role5-h6-full-0044-20000831-a1/release.html,HTML,78340,6dacb3db620bd701065cfe59edd066652a75e7526ae5799580076318b36e16cd,200,SUCCESS,2026-07-13T08:33:02.826503Z,full_sequence=H6_M2_2000_20260628_V1/release_date=2000-08-31/source_run=role5-h6-full-0044-20000831-a1/safe_headers.txt,6f3cb30e23d5c5af909b7383cae2510f94dac60fb562f711de3d54ab52cfab60,H6_TABLE1_MONTHLY_SA_M2_FULL_V1,true,FULL_NETWORK_ATTEMPT
role5-h6-full-0045-20000907-a1-body,role5-h6-full-0045-20000907-a1,20000907,https://www.federalreserve.gov/releases/h6/20000907/,full_sequence=H6_M2_2000_20260628_V1/release_date=2000-09-07/source_run=role5-h6-full-0045-20000907-a1/release.html,HTML,78346,b559a7c41d22f470ef07cc837f5e24d5a534b15b4d4d6848312a643c26ab9009,200,SUCCESS,2026-07-13T08:33:03.808486Z,full_sequence=H6_M2_2000_20260628_V1/release_date=2000-09-07/source_run=role5-h6-full-0045-20000907-a1/safe_headers.txt,9556543fc6b9140fdd4df584a0401fb2366aba98a125d4dc54d6887892190547,H6_TABLE1_MONTHLY_SA_M2_FULL_V1,true,FULL_NETWORK_ATTEMPT
role5-h6-full-0046-20000914-a1-body,role5-h6-full-0046-20000914-a1,20000914,https://www.federalreserve.gov/releases/h6/20000914/,full_sequence=H6_M2_2000_20260628_V1/release_date=2000-09-14/source_run=role5-h6-full-0046-20000914-a1/release.html,HTML,78349,3f5d710c8c13d90c30780e9cc9a18bf1d1aa37be562b2cce5bae3bd7793135ce,200,SUCCESS,2026-07-13T08:33:04.817274Z,full_sequence=H6_M2_2000_20260628_V1/release_date=2000-09-14/source_run=role5-h6-full-0046-20000914-a1/safe_headers.txt,fc2ce18ea3031d7125d4def2a233eb07c9da095e838f5bf6805aeaf61b0bf29c,H6_TABLE1_MONTHLY_SA_M2_FULL_V1,true,FULL_NETWORK_ATTEMPT
role5-h6-full-0047-20000921-a1-body,role5-h6-full-0047-20000921-a1,20000921,https://www.federalreserve.gov/releases/h6/20000921/,full_sequence=H6_M2_2000_20260628_V1/release_date=2000-09-21/source_run=role5-h6-full-0047-20000921-a1/release.html,HTML,78349,441e99a56d63f4facbdc3ec2547a00459fc7cf508189ff65e4466fbe0a91cbc5,200,SUCCESS,2026-07-13T08:33:05.816431Z,full_sequence=H6_M2_2000_20260628_V1/release_date=2000-09-21/source_run=role5-h6-full-0047-20000921-a1/safe_headers.txt,14e58da03e71f9564981ad49d78442947cad80f34898254eaa9c32fd51b0da38,H6_TABLE1_MONTHLY_SA_M2_FULL_V1,true,FULL_NETWORK_ATTEMPT
role5-h6-full-0048-20000928-a1-body,role5-h6-full-0048-20000928-a1,20000928,https://www.federalreserve.gov/releases/h6/20000928/,full_sequence=H6_M2_2000_20260628_V1/release_date=2000-09-28/source_run=role5-h6-full-0048-20000928-a1/release.html,HTML,78349,dab1e09656b3f14ff8cf35571cc50bf5ec2aa113980f65a57c665292c83f4388,200,SUCCESS,2026-07-13T08:33:06.922357Z,full_sequence=H6_M2_2000_20260628_V1/release_date=2000-09-28/source_run=role5-h6-full-0048-20000928-a1/safe_headers.txt,0c2c9e69cf64425b1b0f9afd5a556d62605f24d15744cce3da4110c86edade62,H6_TABLE1_MONTHLY_SA_M2_FULL_V1,true,FULL_NETWORK_ATTEMPT
role5-h6-full-0049-20001005-a1-body,role5-h6-full-0049-20001005-a1,20001005,https://www.federalreserve.gov/releases/h6/20001005/,full_sequence=H6_M2_2000_20260628_V1/release_date=2000-10-05/source_run=role5-h6-full-0049-20001005-a1/release.html,HTML,78340,7d46e272da1dd5ea763581dc29dd36e00e16e6603c8a111d8fdd987c87fced85,200,SUCCESS,2026-07-13T08:33:07.865388Z,full_sequence=H6_M2_2000_20260628_V1/release_date=2000-10-05/source_run=role5-h6-full-0049-20001005-a1/safe_headers.txt,7267dfaed18ca36c20fd82bb0dfb7803715cfd87f5f4dfd2bd7be650bbf18dae,H6_TABLE1_MONTHLY_SA_M2_FULL_V1,true,FULL_NETWORK_ATTEMPT
role5-h6-full-0050-20001012-a1-body,role5-h6-full-0050-20001012-a1,20001012,https://www.federalreserve.gov/releases/h6/20001012/,full_sequence=H6_M2_2000_20260628_V1/release_date=2000-10-12/source_run=role5-h6-full-0050-20001012-a1/release.html,HTML,79737,cc6bd8cf756b2dbf7148e82264bf779fd651e8684e71a2b176256481bfecd78e,200,SUCCESS,2026-07-13T08:33:08.875524Z,full_sequence=H6_M2_2000_20260628_V1/release_date=2000-10-12/source_run=role5-h6-full-0050-20001012-a1/safe_headers.txt,e1d2567805ff19dcc5749b728fc01ea974ce25634e872ef177366ecb04a9f192,H6_TABLE1_MONTHLY_SA_M2_FULL_V1,true,FULL_NETWORK_ATTEMPT
role5-h6-full-0051-20001019-a1-body,role5-h6-full-0051-20001019-a1,20001019,https://www.federalreserve.gov/releases/h6/20001019/,full_sequence=H6_M2_2000_20260628_V1/release_date=2000-10-19/source_run=role5-h6-full-0051-20001019-a1/release.html,HTML,78345,38cf684d8a649349bf1bd4cf0336b9b9dfc850f006198b39e538c67904e36951,200,SUCCESS,2026-07-13T08:33:09.863438Z,full_sequence=H6_M2_2000_20260628_V1/release_date=2000-10-19/source_run=role5-h6-full-0051-20001019-a1/safe_headers.txt,4011c9407dd2628ea6d5747cc897e2cc0ad63c95a4e6e182ca11ef8f6cf6d2b3,H6_TABLE1_MONTHLY_SA_M2_FULL_V1,true,FULL_NETWORK_ATTEMPT
role5-h6-full-0052-20001026-a1-body,role5-h6-full-0052-20001026-a1,20001026,https://www.federalreserve.gov/releases/h6/20001026/,full_sequence=H6_M2_2000_20260628_V1/release_date=2000-10-26/source_run=role5-h6-full-0052-20001026-a1/release.html,HTML,78343,b7ebd89f41a099982ed45596e27c873d938cafae11a49b57bd69091e1d2e42e9,200,SUCCESS,2026-07-13T08:33:10.919569Z,full_sequence=H6_M2_2000_20260628_V1/release_date=2000-10-26/source_run=role5-h6-full-0052-20001026-a1/safe_headers.txt,52d13954402e2f7563bff8fd2f7f325c0c8bf8e3508a4a50ee0f60346fe07691,H6_TABLE1_MONTHLY_SA_M2_FULL_V1,true,FULL_NETWORK_ATTEMPT
role5-h6-full-0053-20001102-a1-body,role5-h6-full-0053-20001102-a1,20001102,https://www.federalreserve.gov/releases/h6/20001102/,full_sequence=H6_M2_2000_20260628_V1/release_date=2000-11-02/source_run=role5-h6-full-0053-20001102-a1/release.html,HTML,78343,d998df45516d0d855407b5b30b6ce4e253bc047733cc25f859e867bc1a82acdc,200,SUCCESS,2026-07-13T08:33:11.946642Z,full_sequence=H6_M2_2000_20260628_V1/release_date=2000-11-02/source_run=role5-h6-full-0053-20001102-a1/safe_headers.txt,d5502fe8feb5ff2900cf0a5e083d197b46904a339b665d6e6a2c05df4614b7d7,H6_TABLE1_MONTHLY_SA_M2_FULL_V1,true,FULL_NETWORK_ATTEMPT
role5-h6-full-0054-20001109-a1-body,role5-h6-full-0054-20001109-a1,20001109,https://www.federalreserve.gov/releases/h6/20001109/,full_sequence=H6_M2_2000_20260628_V1/release_date=2000-11-09/source_run=role5-h6-full-0054-20001109-a1/release.html,HTML,78343,dc47a5686e05af1ce2095d4a33be8e79e5a0127a268636859335bdbf8eebf980,200,SUCCESS,2026-07-13T08:33:12.878504Z,full_sequence=H6_M2_2000_20260628_V1/release_date=2000-11-09/source_run=role5-h6-full-0054-20001109-a1/safe_headers.txt,4ad1db0084f000c51f89dffeaeb1adb4b254ba485518c492f39b6c7c477ee077,H6_TABLE1_MONTHLY_SA_M2_FULL_V1,true,FULL_NETWORK_ATTEMPT
role5-h6-full-0055-20001116-a1-body,role5-h6-full-0055-20001116-a1,20001116,https://www.federalreserve.gov/releases/h6/20001116/,full_sequence=H6_M2_2000_20260628_V1/release_date=2000-11-16/source_run=role5-h6-full-0055-20001116-a1/release.html,HTML,80018,057dc98cab32c3a4977079aaa607779f5bddcef9b69749b3d73c6ccd8fcee35b,200,SUCCESS,2026-07-13T08:33:13.909798Z,full_sequence=H6_M2_2000_20260628_V1/release_date=2000-11-16/source_run=role5-h6-full-0055-20001116-a1/safe_headers.txt,c6ea6baf7aa3394cf237ea5e8e7537258d053f4895b94bfe54fd5828d3e9e663,H6_TABLE1_MONTHLY_SA_M2_FULL_V1,true,FULL_NETWORK_ATTEMPT
role5-h6-full-0056-20001124-a1-body,role5-h6-full-0056-20001124-a1,20001124,https://www.federalreserve.gov/releases/h6/20001124/,full_sequence=H6_M2_2000_20260628_V1/release_date=2000-11-24/source_run=role5-h6-full-0056-20001124-a1/release.html,HTML,78346,1b0e725f26b952ac370ca876225d6669338cb5007340fbec0e977a294e0240c5,200,SUCCESS,2026-07-13T08:33:14.903213Z,full_sequence=H6_M2_2000_20260628_V1/release_date=2000-11-24/source_run=role5-h6-full-0056-20001124-a1/safe_headers.txt,d806b97b3fc3cb377fcee877f57627ca40be619e68bab1ce84e473b95023e4c0,H6_TABLE1_MONTHLY_SA_M2_FULL_V1,true,FULL_NETWORK_ATTEMPT
role5-h6-full-0057-20001130-a1-body,role5-h6-full-0057-20001130-a1,20001130,https://www.federalreserve.gov/releases/h6/20001130/,full_sequence=H6_M2_2000_20260628_V1/release_date=2000-11-30/source_run=role5-h6-full-0057-20001130-a1/release.html,HTML,78346,1897c4724ecfc92a57ae7fc16e5af162538943fe4ec3da394784b80173b425d2,200,SUCCESS,2026-07-13T08:33:15.930592Z,full_sequence=H6_M2_2000_20260628_V1/release_date=2000-11-30/source_run=role5-h6-full-0057-20001130-a1/safe_headers.txt,58511524a680479da5081fa8ed2c759673593a049f6692eb1c29612cfe9a7edc,H6_TABLE1_MONTHLY_SA_M2_FULL_V1,true,FULL_NETWORK_ATTEMPT
role5-h6-full-0058-20001207-a1-body,role5-h6-full-0058-20001207-a1,20001207,https://www.federalreserve.gov/releases/h6/20001207/,full_sequence=H6_M2_2000_20260628_V1/release_date=2000-12-07/source_run=role5-h6-full-0058-20001207-a1/release.html,HTML,78344,982ccc84e9e29922dd3c121854ac2a8e4795edb48df73e27b9e57389207ba7c2,200,SUCCESS,2026-07-13T08:33:16.949218Z,full_sequence=H6_M2_2000_20260628_V1/release_date=2000-12-07/source_run=role5-h6-full-0058-20001207-a1/safe_headers.txt,0d1a442148ca52f9502768ef6ee54f66edc403c8be38acba6552991a4686c7be,H6_TABLE1_MONTHLY_SA_M2_FULL_V1,true,FULL_NETWORK_ATTEMPT
role5-h6-full-0059-20001214-a1-body,role5-h6-full-0059-20001214-a1,20001214,https://www.federalreserve.gov/releases/h6/20001214/,full_sequence=H6_M2_2000_20260628_V1/release_date=2000-12-14/source_run=role5-h6-full-0059-20001214-a1/release.html,HTML,78913,1837a179d61a175eb7c69b46654e35a5bc7bf83cf287a1ce9dd34ee667c472fa,200,SUCCESS,2026-07-13T08:33:17.938812Z,full_sequence=H6_M2_2000_20260628_V1/release_date=2000-12-14/source_run=role5-h6-full-0059-20001214-a1/safe_headers.txt,8dd4f598f2c8275ed1c8015b6ae70d57bcefd367e56b5c7d6fb19cc45a065ec2,H6_TABLE1_MONTHLY_SA_M2_FULL_V1,true,FULL_NETWORK_ATTEMPT
role5-h6-full-0060-20001221-a1-body,role5-h6-full-0060-20001221-a1,20001221,https://www.federalreserve.gov/releases/h6/20001221/,full_sequence=H6_M2_2000_20260628_V1/release_date=2000-12-21/source_run=role5-h6-full-0060-20001221-a1/release.html,HTML,78910,ba298392d13d53c0323ea8ccbc82cf6f6d715aed56c2c23f07b7d75261a1fd95,200,SUCCESS,2026-07-13T08:33:18.923173Z,full_sequence=H6_M2_2000_20260628_V1/release_date=2000-12-21/source_run=role5-h6-full-0060-20001221-a1/safe_headers.txt,12080ff1849740fafb26edacf1b1a60bb666e5b4920436c98610ab936791d55b,H6_TABLE1_MONTHLY_SA_M2_FULL_V1,true,FULL_NETWORK_ATTEMPT
role5-pilot-20001228-body,role5-pilot-20001228,20001228,https://www.federalreserve.gov/releases/h6/20001228/,vintage_year=2000/source_run=role5-pilot-20001228/release.html,HTML,78910,4a849b696b139e79242f1a7a7344f6988245fe70dc1c9af70b42ab00ee6f7721,200,HASH_VERIFIED_PILOT_CACHE_REUSE,2026-07-13T08:24:49Z,vintage_year=2000/source_run=role5-pilot-20001228/headers.txt,1d67d8cd777569002f986f1428584deb27318e3373ea4ec23b8e01c3050bf87e,H6_TABLE1_MONTHLY_SA_M2_FULL_V1,true,HASH_VERIFIED_PILOT_CACHE_REUSE
role5-h6-full-0061-20010104-a1-body,role5-h6-full-0061-20010104-a1,20010104,https://www.federalreserve.gov/releases/h6/20010104/,full_sequence=H6_M2_2000_20260628_V1/release_date=2001-01-04/source_run=role5-h6-full-0061-20010104-a1/release.html,HTML,78912,d246e78f07285eff093967436a7318c2720621115d5eb4720b795d11c393dd0d,200,SUCCESS,2026-07-13T08:33:19.964288Z,full_sequence=H6_M2_2000_20260628_V1/release_date=2001-01-04/source_run=role5-h6-full-0061-20010104-a1/safe_headers.txt,ab601c10dc5365f3ec5642f3747dfb75c5a0623e105e487cf78ab5f70e83a35b,H6_TABLE1_MONTHLY_SA_M2_FULL_V1,true,FULL_NETWORK_ATTEMPT
role5-h6-full-0062-20010111-a1-body,role5-h6-full-0062-20010111-a1,20010111,https://www.federalreserve.gov/releases/h6/20010111/,full_sequence=H6_M2_2000_20260628_V1/release_date=2001-01-11/source_run=role5-h6-full-0062-20010111-a1/release.html,HTML,78907,8c737a486e2d0646c9f362e4e44cda597841ea4feb33f8d479d8851ba6796cf6,200,SUCCESS,2026-07-13T08:33:20.931262Z,full_sequence=H6_M2_2000_20260628_V1/release_date=2001-01-11/source_run=role5-h6-full-0062-20010111-a1/safe_headers.txt,2b748012efb38507eecbb04c28f85d4ad7e23b459bcbba7314c5b8a133b64b01,H6_TABLE1_MONTHLY_SA_M2_FULL_V1,true,FULL_NETWORK_ATTEMPT
role5-h6-full-0063-20010118-a1-body,role5-h6-full-0063-20010118-a1,20010118,https://www.federalreserve.gov/releases/h6/20010118/,full_sequence=H6_M2_2000_20260628_V1/release_date=2001-01-18/source_run=role5-h6-full-0063-20010118-a1/release.html,HTML,78907,0d65eb3fbe9b56d879f12f624b6c1f1640cda39e43c4de73bfeba39f22c8cd69,200,SUCCESS,2026-07-13T08:33:21.938247Z,full_sequence=H6_M2_2000_20260628_V1/release_date=2001-01-18/source_run=role5-h6-full-0063-20010118-a1/safe_headers.txt,77423a7c040077e8e6e61200c8d20613be50635841bf384de4e9dda224ac60cd,H6_TABLE1_MONTHLY_SA_M2_FULL_V1,true,FULL_NETWORK_ATTEMPT
role5-h6-full-0064-20010125-a1-body,role5-h6-full-0064-20010125-a1,20010125,https://www.federalreserve.gov/releases/h6/20010125/,full_sequence=H6_M2_2000_20260628_V1/release_date=2001-01-25/source_run=role5-h6-full-0064-20010125-a1/release.html,HTML,78907,7dea31f424463ebdb7e3c0550759778800be622b7bc78bc10bb0ed1783018172,200,SUCCESS,2026-07-13T08:33:22.957657Z,full_sequence=H6_M2_2000_20260628_V1/release_date=2001-01-25/source_run=role5-h6-full-0064-20010125-a1/safe_headers.txt,43faff750d7cee5c7483361cc9ddcfbca6170d6949d696b7d191b9a58138051b,H6_TABLE1_MONTHLY_SA_M2_FULL_V1,true,FULL_NETWORK_ATTEMPT
role5-h6-full-0065-20010201-a1-body,role5-h6-full-0065-20010201-a1,20010201,https://www.federalreserve.gov/releases/h6/20010201/,full_sequence=H6_M2_2000_20260628_V1/release_date=2001-02-01/source_run=role5-h6-full-0065-20010201-a1/release.html,HTML,78917,386b8f3b2e1771dfdc61704f642b14d92e2cda6212c5335e9bd24238f1294ed3,200,SUCCESS,2026-07-13T08:33:24.027166Z,full_sequence=H6_M2_2000_20260628_V1/release_date=2001-02-01/source_run=role5-h6-full-0065-20010201-a1/safe_headers.txt,5c7b853555f0ef12a0e4f4bb482d97d9540ad023a2edd1855ae5f76caaba13ef,H6_TABLE1_MONTHLY_SA_M2_FULL_V1,true,FULL_NETWORK_ATTEMPT
role5-h6-full-0066-20010208-a1-body,role5-h6-full-0066-20010208-a1,20010208,https://www.federalreserve.gov/releases/h6/20010208/,full_sequence=H6_M2_2000_20260628_V1/release_date=2001-02-08/source_run=role5-h6-full-0066-20010208-a1/release.html,HTML,116433,dbfaff074b20e0d2ae6b95382bb0a8031e6e323a27f045432a8aef2f21228481,200,SUCCESS,2026-07-13T08:33:25.017909Z,full_sequence=H6_M2_2000_20260628_V1/release_date=2001-02-08/source_run=role5-h6-full-0066-20010208-a1/safe_headers.txt,fc6c690f6d8737109bcb8f989b49ec02518d10fac6d6409cf912fce66b9df217,H6_TABLE1_MONTHLY_SA_M2_FULL_V1,true,FULL_NETWORK_ATTEMPT
role5-h6-full-0067-20010215-a1-body,role5-h6-full-0067-20010215-a1,20010215,https://www.federalreserve.gov/releases/h6/20010215/,full_sequence=H6_M2_2000_20260628_V1/release_date=2001-02-15/source_run=role5-h6-full-0067-20010215-a1/release.html,HTML,78910,cb6034e19ce0a0338db1bd81d26e6fbb4a1db7948a64eaf4d52dc8f6af0a5f2d,200,SUCCESS,2026-07-13T08:33:25.984922Z,full_sequence=H6_M2_2000_20260628_V1/release_date=2001-02-15/source_run=role5-h6-full-0067-20010215-a1/safe_headers.txt,4e569cf1983c2af36519b1cdd6e05e1fb0a1b1cf5c8bfa5be9fe405b6a387eac,H6_TABLE1_MONTHLY_SA_M2_FULL_V1,true,FULL_NETWORK_ATTEMPT
role5-h6-full-0068-20010222-a1-body,role5-h6-full-0068-20010222-a1,20010222,https://www.federalreserve.gov/releases/h6/20010222/,full_sequence=H6_M2_2000_20260628_V1/release_date=2001-02-22/source_run=role5-h6-full-0068-20010222-a1/release.html,HTML,78911,2d2ee9227bd3f28881fe47aa0045832e6b39651ae67e322968eb94e644ae576e,200,SUCCESS,2026-07-13T08:33:26.968918Z,full_sequence=H6_M2_2000_20260628_V1/release_date=2001-02-22/source_run=role5-h6-full-0068-20010222-a1/safe_headers.txt,b7866720c651434336b2308835304da65cf24c67be40b5530553c0b65313544a,H6_TABLE1_MONTHLY_SA_M2_FULL_V1,true,FULL_NETWORK_ATTEMPT
role5-h6-full-0069-20010301-a1-body,role5-h6-full-0069-20010301-a1,20010301,https://www.federalreserve.gov/releases/h6/20010301/,full_sequence=H6_M2_2000_20260628_V1/release_date=2001-03-01/source_run=role5-h6-full-0069-20010301-a1/release.html,HTML,78906,b9d915d5e09aac5a36cb4685ac661f26a4780190704c5a2f94e6f16fa099ed31,200,SUCCESS,2026-07-13T08:33:27.977170Z,full_sequence=H6_M2_2000_20260628_V1/release_date=2001-03-01/source_run=role5-h6-full-0069-20010301-a1/safe_headers.txt,77b7e4f5a14d331e5242ea72703e78baac1f28926a43a80e885f2ac3e4a8ac3f,H6_TABLE1_MONTHLY_SA_M2_FULL_V1,true,FULL_NETWORK_ATTEMPT
role5-h6-full-0070-20010308-a1-body,role5-h6-full-0070-20010308-a1,20010308,https://www.federalreserve.gov/releases/h6/20010308/,full_sequence=H6_M2_2000_20260628_V1/release_date=2001-03-08/source_run=role5-h6-full-0070-20010308-a1/release.html,HTML,78906,068b517665f5b49507b743c142faa8be2408bf33255f3239bf93518258b2f5c0,200,SUCCESS,2026-07-13T08:33:28.980493Z,full_sequence=H6_M2_2000_20260628_V1/release_date=2001-03-08/source_run=role5-h6-full-0070-20010308-a1/safe_headers.txt,2b232a6a243368cce5917f37f664e7d2ac551a98bdbf52ab57d03ad76d5eaaf0,H6_TABLE1_MONTHLY_SA_M2_FULL_V1,true,FULL_NETWORK_ATTEMPT
role5-h6-full-0071-20010315-a1-body,role5-h6-full-0071-20010315-a1,20010315,https://www.federalreserve.gov/releases/h6/20010315/,full_sequence=H6_M2_2000_20260628_V1/release_date=2001-03-15/source_run=role5-h6-full-0071-20010315-a1/release.html,HTML,78902,83c22e4cdaf796b34d835cc5e5b9d4218a9d7c60ec0430828d6e18da57a9b1cb,200,SUCCESS,2026-07-13T08:33:30.013810Z,full_sequence=H6_M2_2000_20260628_V1/release_date=2001-03-15/source_run=role5-h6-full-0071-20010315-a1/safe_headers.txt,2f38c7d9940ed84c1507a7e009352d6abc55f40659248a5b1a8ca4065b4e2faa,H6_TABLE1_MONTHLY_SA_M2_FULL_V1,true,FULL_NETWORK_ATTEMPT
role5-h6-full-0072-20010322-a1-body,role5-h6-full-0072-20010322-a1,20010322,https://www.federalreserve.gov/releases/h6/20010322/,full_sequence=H6_M2_2000_20260628_V1/release_date=2001-03-22/source_run=role5-h6-full-0072-20010322-a1/release.html,HTML,78902,cfab79dfe62dc47b59072888dce50a09304db633ae3178440f6501a2152c8b5a,200,SUCCESS,2026-07-13T08:33:31.093075Z,full_sequence=H6_M2_2000_20260628_V1/release_date=2001-03-22/source_run=role5-h6-full-0072-20010322-a1/safe_headers.txt,77e4c7e8c58bbc93b9c27b3ea692784301ed30e1113223669090e0a3b0bd0be7,H6_TABLE1_MONTHLY_SA_M2_FULL_V1,true,FULL_NETWORK_ATTEMPT
role5-h6-full-0073-20010329-a1-body,role5-h6-full-0073-20010329-a1,20010329,https://www.federalreserve.gov/releases/h6/20010329/,full_sequence=H6_M2_2000_20260628_V1/release_date=2001-03-29/source_run=role5-h6-full-0073-20010329-a1/release.html,HTML,78901,10942ddb391c5b48266ab71bcdc199eea5190029aab4a8c8982066a3273bdf53,200,SUCCESS,2026-07-13T08:33:32.018286Z,full_sequence=H6_M2_2000_20260628_V1/release_date=2001-03-29/source_run=role5-h6-full-0073-20010329-a1/safe_headers.txt,697a4584a599e5776f579deeb70fe7e22c4b57a25e01180ef2444b29dff54d7b,H6_TABLE1_MONTHLY_SA_M2_FULL_V1,true,FULL_NETWORK_ATTEMPT
role5-h6-full-0074-20010405-a1-body,role5-h6-full-0074-20010405-a1,20010405,https://www.federalreserve.gov/releases/h6/20010405/,full_sequence=H6_M2_2000_20260628_V1/release_date=2001-04-05/source_run=role5-h6-full-0074-20010405-a1/release.html,HTML,78912,2fc8af73ceb8ffb1ca1979ab5f6417f9997ad3c95319a92f2ac6e56a71ec42ad,200,SUCCESS,2026-07-13T08:33:33.055212Z,full_sequence=H6_M2_2000_20260628_V1/release_date=2001-04-05/source_run=role5-h6-full-0074-20010405-a1/safe_headers.txt,5fe903a60f02702e6c76ab2c89661be7ac55dc06efdad97698502984901319af,H6_TABLE1_MONTHLY_SA_M2_FULL_V1,true,FULL_NETWORK_ATTEMPT
role5-h6-full-0075-20010412-a1-body,role5-h6-full-0075-20010412-a1,20010412,https://www.federalreserve.gov/releases/h6/20010412/,full_sequence=H6_M2_2000_20260628_V1/release_date=2001-04-12/source_run=role5-h6-full-0075-20010412-a1/release.html,HTML,78904,7cef8b2b48d7756a9584f4243e9f0fd1eb009ab7b435889f0b465e25081360a5,200,SUCCESS,2026-07-13T08:33:34.061835Z,full_sequence=H6_M2_2000_20260628_V1/release_date=2001-04-12/source_run=role5-h6-full-0075-20010412-a1/safe_headers.txt,87ea067d8d5a4fbbbde53c7b798c8042deed0dd8c8a06b91cec1dcfa522585cc,H6_TABLE1_MONTHLY_SA_M2_FULL_V1,true,FULL_NETWORK_ATTEMPT
role5-h6-full-0076-20010419-a1-body,role5-h6-full-0076-20010419-a1,20010419,https://www.federalreserve.gov/releases/h6/20010419/,full_sequence=H6_M2_2000_20260628_V1/release_date=2001-04-19/source_run=role5-h6-full-0076-20010419-a1/release.html,HTML,78902,0f256e34684b3ba6c7ecfbe2b2205fcee20644b1d45ca06e9b905e540c4c9aa6,200,SUCCESS,2026-07-13T08:33:35.088181Z,full_sequence=H6_M2_2000_20260628_V1/release_date=2001-04-19/source_run=role5-h6-full-0076-20010419-a1/safe_headers.txt,6b39829f6bc99b61a447d6a88408bcfb6fa2b6f8c8481cfdba4e376aac3baa64,H6_TABLE1_MONTHLY_SA_M2_FULL_V1,true,FULL_NETWORK_ATTEMPT
role5-h6-full-0077-20010426-a1-body,role5-h6-full-0077-20010426-a1,20010426,https://www.federalreserve.gov/releases/h6/20010426/,full_sequence=H6_M2_2000_20260628_V1/release_date=2001-04-26/source_run=role5-h6-full-0077-20010426-a1/release.html,HTML,78901,e745023e25a6d05fab92acb827c8fb3d7247fb4bf87d1a331440a1c04502d9e4,200,SUCCESS,2026-07-13T08:33:36.064168Z,full_sequence=H6_M2_2000_20260628_V1/release_date=2001-04-26/source_run=role5-h6-full-0077-20010426-a1/safe_headers.txt,4fbc01aed38ccea104cd5ac44796a621f0294f040c5aceb5b7234ace13aba7ff,H6_TABLE1_MONTHLY_SA_M2_FULL_V1,true,FULL_NETWORK_ATTEMPT
role5-h6-full-0078-20010503-a1-body,role5-h6-full-0078-20010503-a1,20010503,https://www.federalreserve.gov/releases/h6/20010503/,full_sequence=H6_M2_2000_20260628_V1/release_date=2001-05-03/source_run=role5-h6-full-0078-20010503-a1/release.html,HTML,78902,03de7f7d5270dc8451274238b8c6d22a6d6b269101bb69f9ece6562adbaaa24c,200,SUCCESS,2026-07-13T08:33:37.059398Z,full_sequence=H6_M2_2000_20260628_V1/release_date=2001-05-03/source_run=role5-h6-full-0078-20010503-a1/safe_headers.txt,bec042cf46789e8bb927a0566c60652d5c5c38e14be7171adaa9b065422a3289,H6_TABLE1_MONTHLY_SA_M2_FULL_V1,true,FULL_NETWORK_ATTEMPT
role5-h6-full-0079-20010510-a1-body,role5-h6-full-0079-20010510-a1,20010510,https://www.federalreserve.gov/releases/h6/20010510/,full_sequence=H6_M2_2000_20260628_V1/release_date=2001-05-10/source_run=role5-h6-full-0079-20010510-a1/release.html,HTML,78894,b9b59ca2ad79aedd39b2a4c0e3c5b559f85fbffa24d1f7f0442e202d7b35e211,200,SUCCESS,2026-07-13T08:33:38.089485Z,full_sequence=H6_M2_2000_20260628_V1/release_date=2001-05-10/source_run=role5-h6-full-0079-20010510-a1/safe_headers.txt,4a9e56250cb055bf8fc4ff357095bb8b7ca64c7d60175df948c2a3d55bc32354,H6_TABLE1_MONTHLY_SA_M2_FULL_V1,true,FULL_NETWORK_ATTEMPT
role5-h6-full-0080-20010517-a1-body,role5-h6-full-0080-20010517-a1,20010517,https://www.federalreserve.gov/releases/h6/20010517/,full_sequence=H6_M2_2000_20260628_V1/release_date=2001-05-17/source_run=role5-h6-full-0080-20010517-a1/release.html,HTML,78894,eb3ecfeb4958a708aa952550bd102e3b707ed3fb56eddad9424084213b35f234,200,SUCCESS,2026-07-13T08:33:39.066614Z,full_sequence=H6_M2_2000_20260628_V1/release_date=2001-05-17/source_run=role5-h6-full-0080-20010517-a1/safe_headers.txt,ce8de20b5e6a8f942984fb1b0a2c45b8a7f6a302a9f4cbaea5983017042c5b3b,H6_TABLE1_MONTHLY_SA_M2_FULL_V1,true,FULL_NETWORK_ATTEMPT
role5-h6-full-0081-20010524-a1-body,role5-h6-full-0081-20010524-a1,20010524,https://www.federalreserve.gov/releases/h6/20010524/,full_sequence=H6_M2_2000_20260628_V1/release_date=2001-05-24/source_run=role5-h6-full-0081-20010524-a1/release.html,HTML,78894,ca503f4c8f856b80c0022ad11529fa22307ea28503d47860c42d64f57a95a639,200,SUCCESS,2026-07-13T08:33:40.083975Z,full_sequence=H6_M2_2000_20260628_V1/release_date=2001-05-24/source_run=role5-h6-full-0081-20010524-a1/safe_headers.txt,314a8ebd39a5ae0210d5ed6f3448bb32c18617a41cc94935d393d78411236343,H6_TABLE1_MONTHLY_SA_M2_FULL_V1,true,FULL_NETWORK_ATTEMPT
role5-h6-full-0082-20010531-a1-body,role5-h6-full-0082-20010531-a1,20010531,https://www.federalreserve.gov/releases/h6/20010531/,full_sequence=H6_M2_2000_20260628_V1/release_date=2001-05-31/source_run=role5-h6-full-0082-20010531-a1/release.html,HTML,78896,e5bdac429e201974fc836d42fea242776d350f5990f420faf9234bdf1bd02ff5,200,SUCCESS,2026-07-13T08:33:42.090659Z,full_sequence=H6_M2_2000_20260628_V1/release_date=2001-05-31/source_run=role5-h6-full-0082-20010531-a1/safe_headers.txt,b10cb0e59e6223e2b3b79bc4e38c5b29760f4cd88025dcaf0c10e8c6ce8ef62d,H6_TABLE1_MONTHLY_SA_M2_FULL_V1,true,FULL_NETWORK_ATTEMPT
role5-h6-full-0083-20010607-a1-body,role5-h6-full-0083-20010607-a1,20010607,https://www.federalreserve.gov/releases/h6/20010607/,full_sequence=H6_M2_2000_20260628_V1/release_date=2001-06-07/source_run=role5-h6-full-0083-20010607-a1/release.html,HTML,78904,1bd6970fba6254a0e0a8094f60f89507005b1e0ac9d4c8d6e62f47bdbc511273,200,SUCCESS,2026-07-13T08:33:44.458471Z,full_sequence=H6_M2_2000_20260628_V1/release_date=2001-06-07/source_run=role5-h6-full-0083-20010607-a1/safe_headers.txt,f82557331af600d1a250ad28204872d2fdd1d184c3a03457460ae935602337a6,H6_TABLE1_MONTHLY_SA_M2_FULL_V1,true,FULL_NETWORK_ATTEMPT
role5-h6-full-0084-20010614-a1-body,role5-h6-full-0084-20010614-a1,20010614,https://www.federalreserve.gov/releases/h6/20010614/,full_sequence=H6_M2_2000_20260628_V1/release_date=2001-06-14/source_run=role5-h6-full-0084-20010614-a1/release.html,HTML,78899,c5392d785ee2fdfb82e585ec9efb1e99acd7f5b9a166fb5e6329e30f0792621b,200,SUCCESS,2026-07-13T08:33:44.858930Z,full_sequence=H6_M2_2000_20260628_V1/release_date=2001-06-14/source_run=role5-h6-full-0084-20010614-a1/safe_headers.txt,ea9b0c60c1ac50faf2cc02fba7096ca775d553980983f5dbb1f0728189ac776e,H6_TABLE1_MONTHLY_SA_M2_FULL_V1,true,FULL_NETWORK_ATTEMPT
role5-h6-full-0085-20010621-a1-body,role5-h6-full-0085-20010621-a1,20010621,https://www.federalreserve.gov/releases/h6/20010621/,full_sequence=H6_M2_2000_20260628_V1/release_date=2001-06-21/source_run=role5-h6-full-0085-20010621-a1/release.html,HTML,78897,6006d7be1757edf332ceadcf93b8ebdf1df9e9b5ff214a2b21be362bf5067c20,200,SUCCESS,2026-07-13T08:33:45.874468Z,full_sequence=H6_M2_2000_20260628_V1/release_date=2001-06-21/source_run=role5-h6-full-0085-20010621-a1/safe_headers.txt,0da8c5881379670d4adfea522666a238bfc75a792446f0283657e52956048c1b,H6_TABLE1_MONTHLY_SA_M2_FULL_V1,true,FULL_NETWORK_ATTEMPT
role5-h6-full-0086-20010628-a1-body,role5-h6-full-0086-20010628-a1,20010628,https://www.federalreserve.gov/releases/h6/20010628/,full_sequence=H6_M2_2000_20260628_V1/release_date=2001-06-28/source_run=role5-h6-full-0086-20010628-a1/release.html,HTML,78898,e30f496d80a8a201afe6c7fb0cb3da71dd7ddfbdb6ac042063d2736d3ae61811,200,SUCCESS,2026-07-13T08:33:46.889287Z,full_sequence=H6_M2_2000_20260628_V1/release_date=2001-06-28/source_run=role5-h6-full-0086-20010628-a1/safe_headers.txt,c7c25115f16514d383f5ddc4eb772050fea9730764f57d7a975663456837b8f7,H6_TABLE1_MONTHLY_SA_M2_FULL_V1,true,FULL_NETWORK_ATTEMPT
role5-h6-full-0087-20010705-a1-body,role5-h6-full-0087-20010705-a1,20010705,https://www.federalreserve.gov/releases/h6/20010705/,full_sequence=H6_M2_2000_20260628_V1/release_date=2001-07-05/source_run=role5-h6-full-0087-20010705-a1/release.html,HTML,78905,ef9ce0f80c6bce70f6c404e116c50cd2d8df6c312693229a1cef5485add2603c,200,SUCCESS,2026-07-13T08:33:48.142945Z,full_sequence=H6_M2_2000_20260628_V1/release_date=2001-07-05/source_run=role5-h6-full-0087-20010705-a1/safe_headers.txt,28d14c1dcc758bc1cc2d461bf71fbf0088376e33551fc952dea5aed9b315b9fe,H6_TABLE1_MONTHLY_SA_M2_FULL_V1,true,FULL_NETWORK_ATTEMPT
role5-h6-full-0088-20010712-a1-body,role5-h6-full-0088-20010712-a1,20010712,https://www.federalreserve.gov/releases/h6/20010712/,full_sequence=H6_M2_2000_20260628_V1/release_date=2001-07-12/source_run=role5-h6-full-0088-20010712-a1/release.html,HTML,78902,e0f97b5d10869f07bc55b4ebebfdb68b387266df8c7f6096baf32032191ec4b7,200,SUCCESS,2026-07-13T08:33:48.881761Z,full_sequence=H6_M2_2000_20260628_V1/release_date=2001-07-12/source_run=role5-h6-full-0088-20010712-a1/safe_headers.txt,c7d55e30291f1951edc073598d29cd3e3a295efce1067b9d323d2b2c18e5eaa3,H6_TABLE1_MONTHLY_SA_M2_FULL_V1,true,FULL_NETWORK_ATTEMPT
role5-h6-full-0089-20010719-a1-body,role5-h6-full-0089-20010719-a1,20010719,https://www.federalreserve.gov/releases/h6/20010719/,full_sequence=H6_M2_2000_20260628_V1/release_date=2001-07-19/source_run=role5-h6-full-0089-20010719-a1/release.html,HTML,78902,c39c7f9b1a4daad85aaadfbc23205983869d0450f695176c3e3b5b4acc3ec960,200,SUCCESS,2026-07-13T08:33:49.864540Z,full_sequence=H6_M2_2000_20260628_V1/release_date=2001-07-19/source_run=role5-h6-full-0089-20010719-a1/safe_headers.txt,a03cd077baa676e3cb16dfe47120f2d950fba57cce0f92c4944d40a18afc0b1b,H6_TABLE1_MONTHLY_SA_M2_FULL_V1,true,FULL_NETWORK_ATTEMPT
role5-h6-full-0090-20010726-a1-body,role5-h6-full-0090-20010726-a1,20010726,https://www.federalreserve.gov/releases/h6/20010726/,full_sequence=H6_M2_2000_20260628_V1/release_date=2001-07-26/source_run=role5-h6-full-0090-20010726-a1/release.html,HTML,78902,112856d54f7416362a631271955a387821c60f9d6a34b04f2634e5ae339efc18,200,SUCCESS,2026-07-13T08:33:50.884623Z,full_sequence=H6_M2_2000_20260628_V1/release_date=2001-07-26/source_run=role5-h6-full-0090-20010726-a1/safe_headers.txt,e7b45cc510abbe7bac9523e68f04c4ce7c984ff046376b0c9140e9055b52c2ee,H6_TABLE1_MONTHLY_SA_M2_FULL_V1,true,FULL_NETWORK_ATTEMPT
role5-h6-full-0091-20010802-a1-body,role5-h6-full-0091-20010802-a1,20010802,https://www.federalreserve.gov/releases/h6/20010802/,full_sequence=H6_M2_2000_20260628_V1/release_date=2001-08-02/source_run=role5-h6-full-0091-20010802-a1/release.html,HTML,78914,0adb6ce152cf7d57925ae04c3ea488ff9742a4e610a0d97355c21672c4eb6697,200,SUCCESS,2026-07-13T08:33:51.880944Z,full_sequence=H6_M2_2000_20260628_V1/release_date=2001-08-02/source_run=role5-h6-full-0091-20010802-a1/safe_headers.txt,734817e2e4da7349d880eb9fa2779d9823ff2d6f2d5abda3c5a4fc5045fa2e3b,H6_TABLE1_MONTHLY_SA_M2_FULL_V1,true,FULL_NETWORK_ATTEMPT
role5-h6-full-0092-20010809-a1-body,role5-h6-full-0092-20010809-a1,20010809,https://www.federalreserve.gov/releases/h6/20010809/,full_sequence=H6_M2_2000_20260628_V1/release_date=2001-08-09/source_run=role5-h6-full-0092-20010809-a1/release.html,HTML,78913,deb06f2d64d9146ece971498692ed93540f8ed063d20731b3938cfc747a23f5e,200,SUCCESS,2026-07-13T08:33:52.885941Z,full_sequence=H6_M2_2000_20260628_V1/release_date=2001-08-09/source_run=role5-h6-full-0092-20010809-a1/safe_headers.txt,c51369565705f4e9ae621fcb3988daaf3d73598a339dd11b16b2fe2b3078aa0d,H6_TABLE1_MONTHLY_SA_M2_FULL_V1,true,FULL_NETWORK_ATTEMPT
role5-h6-full-0093-20010816-a1-body,role5-h6-full-0093-20010816-a1,20010816,https://www.federalreserve.gov/releases/h6/20010816/,full_sequence=H6_M2_2000_20260628_V1/release_date=2001-08-16/source_run=role5-h6-full-0093-20010816-a1/release.html,HTML,78908,7b1abe6d543dccaa409ee50ea86ff791da75bdf10da3dd418c1e3ffbc31ec813,200,SUCCESS,2026-07-13T08:33:53.981405Z,full_sequence=H6_M2_2000_20260628_V1/release_date=2001-08-16/source_run=role5-h6-full-0093-20010816-a1/safe_headers.txt,840bbb2662dac2048306ee4bbc596ab3a21da487b8161905eb57b8cbb4fd9b66,H6_TABLE1_MONTHLY_SA_M2_FULL_V1,true,FULL_NETWORK_ATTEMPT
role5-h6-full-0094-20010823-a1-body,role5-h6-full-0094-20010823-a1,20010823,https://www.federalreserve.gov/releases/h6/20010823/,full_sequence=H6_M2_2000_20260628_V1/release_date=2001-08-23/source_run=role5-h6-full-0094-20010823-a1/release.html,HTML,78908,ccd8aac32a89891e4fc7e694fabf840371df0e91d820314e255a0d496bc9cdb2,200,SUCCESS,2026-07-13T08:33:54.919480Z,full_sequence=H6_M2_2000_20260628_V1/release_date=2001-08-23/source_run=role5-h6-full-0094-20010823-a1/safe_headers.txt,f0d52a8c1e6a019b5525fa1b933411e4e54e4afae8fa55378618760f52b14463,H6_TABLE1_MONTHLY_SA_M2_FULL_V1,true,FULL_NETWORK_ATTEMPT
role5-h6-full-0095-20010830-a1-body,role5-h6-full-0095-20010830-a1,20010830,https://www.federalreserve.gov/releases/h6/20010830/,full_sequence=H6_M2_2000_20260628_V1/release_date=2001-08-30/source_run=role5-h6-full-0095-20010830-a1/release.html,HTML,78908,926945cf796c2208d23ef381cedf8d796249cbe2131af61db77df737524e3c11,200,SUCCESS,2026-07-13T08:33:58.190713Z,full_sequence=H6_M2_2000_20260628_V1/release_date=2001-08-30/source_run=role5-h6-full-0095-20010830-a1/safe_headers.txt,673cf8bf9958cffbd20658ac3733df49356551a08e4a1e765087d9bfb7bafdf4,H6_TABLE1_MONTHLY_SA_M2_FULL_V1,true,FULL_NETWORK_ATTEMPT
role5-h6-full-0096-20010906-a1-body,role5-h6-full-0096-20010906-a1,20010906,https://www.federalreserve.gov/releases/h6/20010906/,full_sequence=H6_M2_2000_20260628_V1/release_date=2001-09-06/source_run=role5-h6-full-0096-20010906-a1/release.html,HTML,78922,3b6aaa0823151ff2f72d23e54ae93d7f59d65e5471df50e13f23cf29121b66ba,200,SUCCESS,2026-07-13T08:33:58.821540Z,full_sequence=H6_M2_2000_20260628_V1/release_date=2001-09-06/source_run=role5-h6-full-0096-20010906-a1/safe_headers.txt,ba1e173945343f6549a7d3e3d621985aca11313649b990a3fd58f2513629ac6d,H6_TABLE1_MONTHLY_SA_M2_FULL_V1,true,FULL_NETWORK_ATTEMPT
role5-h6-full-0097-20010913-a1-body,role5-h6-full-0097-20010913-a1,20010913,https://www.federalreserve.gov/releases/h6/20010913/,full_sequence=H6_M2_2000_20260628_V1/release_date=2001-09-13/source_run=role5-h6-full-0097-20010913-a1/release.html,HTML,78917,a6341dc71451746772a1c328bc1a40983f56b1724159312214229848d1eedcd0,200,SUCCESS,2026-07-13T08:33:59.564205Z,full_sequence=H6_M2_2000_20260628_V1/release_date=2001-09-13/source_run=role5-h6-full-0097-20010913-a1/safe_headers.txt,8c23a2dfe44e5563835892b1f6e3bb4b6a797f590fb1667662dd9d408e72333e,H6_TABLE1_MONTHLY_SA_M2_FULL_V1,true,FULL_NETWORK_ATTEMPT
role5-h6-full-0098-20010920-a1-body,role5-h6-full-0098-20010920-a1,20010920,https://www.federalreserve.gov/releases/h6/20010920/,full_sequence=H6_M2_2000_20260628_V1/release_date=2001-09-20/source_run=role5-h6-full-0098-20010920-a1/release.html,HTML,78916,5986f4ec200e7044de99ff17c5562dca258db6d526413bd26b3bac443e5fec19,200,SUCCESS,2026-07-13T08:34:00.565914Z,full_sequence=H6_M2_2000_20260628_V1/release_date=2001-09-20/source_run=role5-h6-full-0098-20010920-a1/safe_headers.txt,59c7bf022224a2f325abfe37cb68fe9496383bd1e2378e44606ef861e247e6c2,H6_TABLE1_MONTHLY_SA_M2_FULL_V1,true,FULL_NETWORK_ATTEMPT
role5-h6-full-0099-20010927-a1-body,role5-h6-full-0099-20010927-a1,20010927,https://www.federalreserve.gov/releases/h6/20010927/,full_sequence=H6_M2_2000_20260628_V1/release_date=2001-09-27/source_run=role5-h6-full-0099-20010927-a1/release.html,HTML,79619,e883fb00af681d3a3742cdd2989e3f41638f541d8512afd7884e88bcd43cb057,200,SUCCESS,2026-07-13T08:34:02.307957Z,full_sequence=H6_M2_2000_20260628_V1/release_date=2001-09-27/source_run=role5-h6-full-0099-20010927-a1/safe_headers.txt,9c2bab2de704771c404b45fd749871b3cc91f6c72ca45ce5395ea8c0319c05d8,H6_TABLE1_MONTHLY_SA_M2_FULL_V1,true,FULL_NETWORK_ATTEMPT
role5-h6-full-0100-20011004-a1-body,role5-h6-full-0100-20011004-a1,20011004,https://www.federalreserve.gov/releases/h6/20011004/,full_sequence=H6_M2_2000_20260628_V1/release_date=2001-10-04/source_run=role5-h6-full-0100-20011004-a1/release.html,HTML,78914,1846525f8a7d4bc2d6dcce79753d5eeb836c4bf32ed461bb1d7c97554e8089c4,200,SUCCESS,2026-07-13T08:34:02.680802Z,full_sequence=H6_M2_2000_20260628_V1/release_date=2001-10-04/source_run=role5-h6-full-0100-20011004-a1/safe_headers.txt,7263125fa0be64511743fd0881b335fd5a8a8dceeb7e5e4b0dfcc528e88a3f87,H6_TABLE1_MONTHLY_SA_M2_FULL_V1,true,FULL_NETWORK_ATTEMPT
role5-h6-full-0101-20011011-a1-body,role5-h6-full-0101-20011011-a1,20011011,https://www.federalreserve.gov/releases/h6/20011011/,full_sequence=H6_M2_2000_20260628_V1/release_date=2001-10-11/source_run=role5-h6-full-0101-20011011-a1/release.html,HTML,78919,2e6cb8a8876c512e438956f2d1dd9a3cc9ea491778ea5f6fb06fe037f9da26f6,200,SUCCESS,2026-07-13T08:34:03.676023Z,full_sequence=H6_M2_2000_20260628_V1/release_date=2001-10-11/source_run=role5-h6-full-0101-20011011-a1/safe_headers.txt,78fc3648b5c60b31b518440873d52d3befd17ba833deedc8725474332118ed8b,H6_TABLE1_MONTHLY_SA_M2_FULL_V1,true,FULL_NETWORK_ATTEMPT
role5-h6-full-0102-20011018-a1-body,role5-h6-full-0102-20011018-a1,20011018,https://www.federalreserve.gov/releases/h6/20011018/,full_sequence=H6_M2_2000_20260628_V1/release_date=2001-10-18/source_run=role5-h6-full-0102-20011018-a1/release.html,HTML,78915,6338643c28285c6ad86c0b0024771f9f03f211da1d97e5be0611f1292350e430,200,SUCCESS,2026-07-13T08:34:04.718517Z,full_sequence=H6_M2_2000_20260628_V1/release_date=2001-10-18/source_run=role5-h6-full-0102-20011018-a1/safe_headers.txt,fdccc6bd3650868f3c29dfd8474f65b5adb78a0824d7b5186ba8dcdf00b67290,H6_TABLE1_MONTHLY_SA_M2_FULL_V1,true,FULL_NETWORK_ATTEMPT
role5-h6-full-0103-20011025-a1-body,role5-h6-full-0103-20011025-a1,20011025,https://www.federalreserve.gov/releases/h6/20011025/,full_sequence=H6_M2_2000_20260628_V1/release_date=2001-10-25/source_run=role5-h6-full-0103-20011025-a1/release.html,HTML,78913,7b5897c7b016c3a693291c3bea3b204000586edbb3fcd2d76924730b7fb53f89,200,SUCCESS,2026-07-13T08:34:05.778178Z,full_sequence=H6_M2_2000_20260628_V1/release_date=2001-10-25/source_run=role5-h6-full-0103-20011025-a1/safe_headers.txt,163d4ce97b6fde336b2a260199473966b2706062162d242845e6dfc5c9a29454,H6_TABLE1_MONTHLY_SA_M2_FULL_V1,true,FULL_NETWORK_ATTEMPT
role5-h6-full-0104-20011101-a1-body,role5-h6-full-0104-20011101-a1,20011101,https://www.federalreserve.gov/releases/h6/20011101/,full_sequence=H6_M2_2000_20260628_V1/release_date=2001-11-01/source_run=role5-h6-full-0104-20011101-a1/release.html,HTML,78917,9358d5c673c58adcde02bd7ed1f072af476e3cfaf846e719f402b036c736c717,200,SUCCESS,2026-07-13T08:34:06.771342Z,full_sequence=H6_M2_2000_20260628_V1/release_date=2001-11-01/source_run=role5-h6-full-0104-20011101-a1/safe_headers.txt,e74df7f71c7d508cd78e1c97b373785a8b0272e147481185afdfcdbb95623d42,H6_TABLE1_MONTHLY_SA_M2_FULL_V1,true,FULL_NETWORK_ATTEMPT
role5-h6-full-0105-20011108-a1-body,role5-h6-full-0105-20011108-a1,20011108,https://www.federalreserve.gov/releases/h6/20011108/,full_sequence=H6_M2_2000_20260628_V1/release_date=2001-11-08/source_run=role5-h6-full-0105-20011108-a1/release.html,HTML,78919,4c6206372bad2bf947ec6a7e1d8bc3d09d2b53120082de2094ca35ee82cbfd59,200,SUCCESS,2026-07-13T08:34:07.716349Z,full_sequence=H6_M2_2000_20260628_V1/release_date=2001-11-08/source_run=role5-h6-full-0105-20011108-a1/safe_headers.txt,ef2a67d7ede287365ee6cea656b84a6cf9f1fce51cba83a07bd20bf7b2b5273c,H6_TABLE1_MONTHLY_SA_M2_FULL_V1,true,FULL_NETWORK_ATTEMPT
role5-h6-full-0106-20011115-a1-body,role5-h6-full-0106-20011115-a1,20011115,https://www.federalreserve.gov/releases/h6/20011115/,full_sequence=H6_M2_2000_20260628_V1/release_date=2001-11-15/source_run=role5-h6-full-0106-20011115-a1/release.html,HTML,79195,c449315d0da1dfa5539a4d8a0a3f9618e5558d66702946a67d80beec4e4d5fe8,200,SUCCESS,2026-07-13T08:34:08.731633Z,full_sequence=H6_M2_2000_20260628_V1/release_date=2001-11-15/source_run=role5-h6-full-0106-20011115-a1/safe_headers.txt,ceb0b95c98b121ce46dfae09af08135c015d6b71347e73ca910ec6cad4ea31d9,H6_TABLE1_MONTHLY_SA_M2_FULL_V1,true,FULL_NETWORK_ATTEMPT
role5-h6-full-0107-20011123-a1-body,role5-h6-full-0107-20011123-a1,20011123,https://www.federalreserve.gov/releases/h6/20011123/,full_sequence=H6_M2_2000_20260628_V1/release_date=2001-11-23/source_run=role5-h6-full-0107-20011123-a1/release.html,HTML,78934,f4e7c9aea73c1537bf55d5aa5f3b0745c4f3d3083c69b76a6111c45d0297864b,200,SUCCESS,2026-07-13T08:34:09.733363Z,full_sequence=H6_M2_2000_20260628_V1/release_date=2001-11-23/source_run=role5-h6-full-0107-20011123-a1/safe_headers.txt,a88e5bcabf9ddae5f32daa1ffccc9b9b8db13c38a59e3559af353c1b578dcc90,H6_TABLE1_MONTHLY_SA_M2_FULL_V1,true,FULL_NETWORK_ATTEMPT
role5-h6-full-0108-20011129-a1-body,role5-h6-full-0108-20011129-a1,20011129,https://www.federalreserve.gov/releases/h6/20011129/,full_sequence=H6_M2_2000_20260628_V1/release_date=2001-11-29/source_run=role5-h6-full-0108-20011129-a1/release.html,HTML,78934,e4c87f571693a74617473246f11bceba248c0756e20c95480f767d70525d792e,200,SUCCESS,2026-07-13T08:34:12.738815Z,full_sequence=H6_M2_2000_20260628_V1/release_date=2001-11-29/source_run=role5-h6-full-0108-20011129-a1/safe_headers.txt,7490bc4c9c5021400f8fe0dfe8315b0c8f0f9406bc005f6458536596c2063af4,H6_TABLE1_MONTHLY_SA_M2_FULL_V1,true,FULL_NETWORK_ATTEMPT
role5-h6-full-0109-20011206-a1-body,role5-h6-full-0109-20011206-a1,20011206,https://www.federalreserve.gov/releases/h6/20011206/,full_sequence=H6_M2_2000_20260628_V1/release_date=2001-12-06/source_run=role5-h6-full-0109-20011206-a1/release.html,HTML,78939,0119bb903eff5f999849d365c24c2a23ce5e72a60cf75eb2eee1910d13231a54,200,SUCCESS,2026-07-13T08:34:13.100627Z,full_sequence=H6_M2_2000_20260628_V1/release_date=2001-12-06/source_run=role5-h6-full-0109-20011206-a1/safe_headers.txt,1c21b2f669974eb2a9fdd54c01e9e9b2ff50ef49664e45195cea260584f626d1,H6_TABLE1_MONTHLY_SA_M2_FULL_V1,true,FULL_NETWORK_ATTEMPT
role5-h6-full-0110-20011213-a1-body,role5-h6-full-0110-20011213-a1,20011213,https://www.federalreserve.gov/releases/h6/20011213/,full_sequence=H6_M2_2000_20260628_V1/release_date=2001-12-13/source_run=role5-h6-full-0110-20011213-a1/release.html,HTML,78934,c91e6cc3fb85484248c725b1b9cccff733fb326e413b436e7d834e0e191bfdb9,200,SUCCESS,2026-07-13T08:34:14.092030Z,full_sequence=H6_M2_2000_20260628_V1/release_date=2001-12-13/source_run=role5-h6-full-0110-20011213-a1/safe_headers.txt,8713e382c955e360212081d899352bdc60ff236e0104cd9aeacb3e59ec159041,H6_TABLE1_MONTHLY_SA_M2_FULL_V1,true,FULL_NETWORK_ATTEMPT
role5-h6-full-0111-20011220-a1-body,role5-h6-full-0111-20011220-a1,20011220,https://www.federalreserve.gov/releases/h6/20011220/,full_sequence=H6_M2_2000_20260628_V1/release_date=2001-12-20/source_run=role5-h6-full-0111-20011220-a1/release.html,HTML,78934,1a835fca90a88182133e349d91983a54aecd80959ab33f8ec6cc3cb2ff786ec2,200,SUCCESS,2026-07-13T08:34:15.122194Z,full_sequence=H6_M2_2000_20260628_V1/release_date=2001-12-20/source_run=role5-h6-full-0111-20011220-a1/safe_headers.txt,94c9ed8d74b2bb0b2a5dedc5427e9bc33edeefea70a71533ac023cd481d243cd,H6_TABLE1_MONTHLY_SA_M2_FULL_V1,true,FULL_NETWORK_ATTEMPT
role5-h6-full-0112-20011227-a1-body,role5-h6-full-0112-20011227-a1,20011227,https://www.federalreserve.gov/releases/h6/20011227/,full_sequence=H6_M2_2000_20260628_V1/release_date=2001-12-27/source_run=role5-h6-full-0112-20011227-a1/release.html,HTML,78923,76fa7dc5e997a309087e8d4343b4b216030a8d22842ffa5218fb3f6629cd7314,200,SUCCESS,2026-07-13T08:34:16.119635Z,full_sequence=H6_M2_2000_20260628_V1/release_date=2001-12-27/source_run=role5-h6-full-0112-20011227-a1/safe_headers.txt,248579a4a1724999c6350050ad7c38602b3ca4bf3b522b82c20f03df569ce768,H6_TABLE1_MONTHLY_SA_M2_FULL_V1,true,FULL_NETWORK_ATTEMPT
role5-h6-full-0113-20020103-a1-body,role5-h6-full-0113-20020103-a1,20020103,https://www.federalreserve.gov/releases/h6/20020103/,full_sequence=H6_M2_2000_20260628_V1/release_date=2002-01-03/source_run=role5-h6-full-0113-20020103-a1/release.html,HTML,78925,ca4a0fc60f5b560a7455edbca403e44cfd2a4573e961b64110566e12d311f95b,200,SUCCESS,2026-07-13T08:34:17.142558Z,full_sequence=H6_M2_2000_20260628_V1/release_date=2002-01-03/source_run=role5-h6-full-0113-20020103-a1/safe_headers.txt,06a2dc1d041550854e066ab892767762c6c2f31e3ced6d1b5344bdfc4a633537,H6_TABLE1_MONTHLY_SA_M2_FULL_V1,true,FULL_NETWORK_ATTEMPT
role5-h6-full-0114-20020110-a1-body,role5-h6-full-0114-20020110-a1,20020110,https://www.federalreserve.gov/releases/h6/20020110/,full_sequence=H6_M2_2000_20260628_V1/release_date=2002-01-10/source_run=role5-h6-full-0114-20020110-a1/release.html,HTML,78920,116d1fcea8c34f6e3154f2c328ee74b17ba45b365c47a44d853170d9c0441fc4,200,SUCCESS,2026-07-13T08:34:18.167895Z,full_sequence=H6_M2_2000_20260628_V1/release_date=2002-01-10/source_run=role5-h6-full-0114-20020110-a1/safe_headers.txt,56bfe0f82cdcf8284f23cbd24cb7c551104562f8b4abbe2b187990895b4ea1e8,H6_TABLE1_MONTHLY_SA_M2_FULL_V1,true,FULL_NETWORK_ATTEMPT
role5-h6-full-0115-20020117-a1-body,role5-h6-full-0115-20020117-a1,20020117,https://www.federalreserve.gov/releases/h6/20020117/,full_sequence=H6_M2_2000_20260628_V1/release_date=2002-01-17/source_run=role5-h6-full-0115-20020117-a1/release.html,HTML,78920,de6ee269eee31c1909eae38f347a64ddfc14cc77e647232fc0999b0b981dd842,200,SUCCESS,2026-07-13T08:34:19.140210Z,full_sequence=H6_M2_2000_20260628_V1/release_date=2002-01-17/source_run=role5-h6-full-0115-20020117-a1/safe_headers.txt,0b4c993664ccab34fb94baa987b3c5a5dfddd4670c76d19c6c9f21f0d57fac65,H6_TABLE1_MONTHLY_SA_M2_FULL_V1,true,FULL_NETWORK_ATTEMPT
role5-h6-full-0116-20020124-a1-body,role5-h6-full-0116-20020124-a1,20020124,https://www.federalreserve.gov/releases/h6/20020124/,full_sequence=H6_M2_2000_20260628_V1/release_date=2002-01-24/source_run=role5-h6-full-0116-20020124-a1/release.html,HTML,78900,9c4e4b99ff9d6851c307c732fc9132c5bdcfdacad78e3ca12c3f402edff2e7d7,200,SUCCESS,2026-07-13T08:34:20.212164Z,full_sequence=H6_M2_2000_20260628_V1/release_date=2002-01-24/source_run=role5-h6-full-0116-20020124-a1/safe_headers.txt,c53fb3fa63e544f0e38678c0c8c5869f47e4b827a6e9637a4f1c2f7fcb2a2114,H6_TABLE1_MONTHLY_SA_M2_FULL_V1,true,FULL_NETWORK_ATTEMPT
role5-h6-full-0117-20020131-a1-body,role5-h6-full-0117-20020131-a1,20020131,https://www.federalreserve.gov/releases/h6/20020131/,full_sequence=H6_M2_2000_20260628_V1/release_date=2002-01-31/source_run=role5-h6-full-0117-20020131-a1/release.html,HTML,78897,227f0f38c666d4d43442d69123fb73710559b8b0ac0f4e18aa7d0093c3f7b7e9,200,SUCCESS,2026-07-13T08:34:21.387511Z,full_sequence=H6_M2_2000_20260628_V1/release_date=2002-01-31/source_run=role5-h6-full-0117-20020131-a1/safe_headers.txt,e618267ada087ca18e19c76bb5cfac915a795a56f84d4b870bbe7debc3d562e2,H6_TABLE1_MONTHLY_SA_M2_FULL_V1,true,FULL_NETWORK_ATTEMPT
role5-h6-full-0118-20020207-a1-body,role5-h6-full-0118-20020207-a1,20020207,https://www.federalreserve.gov/releases/h6/20020207/,full_sequence=H6_M2_2000_20260628_V1/release_date=2002-02-07/source_run=role5-h6-full-0118-20020207-a1/release.html,HTML,78907,59f49cc3f64838c1d3e56c005be83f9e63ec44dacb729d57d60c8d2ba0097abe,200,SUCCESS,2026-07-13T08:34:22.167525Z,full_sequence=H6_M2_2000_20260628_V1/release_date=2002-02-07/source_run=role5-h6-full-0118-20020207-a1/safe_headers.txt,7596e793c6ca46bf6e8ae1f2dde8ff2126183e81cfeedb46d7fe6dedde51f042,H6_TABLE1_MONTHLY_SA_M2_FULL_V1,true,FULL_NETWORK_ATTEMPT
role5-h6-full-0119-20020214-a1-body,role5-h6-full-0119-20020214-a1,20020214,https://www.federalreserve.gov/releases/h6/20020214/,full_sequence=H6_M2_2000_20260628_V1/release_date=2002-02-14/source_run=role5-h6-full-0119-20020214-a1/release.html,HTML,114966,8b22ed9ad35455875ca1b5e0edb3881a727e1c16ca96f833d53cbcec58ff2451,200,SUCCESS,2026-07-13T08:34:23.187362Z,full_sequence=H6_M2_2000_20260628_V1/release_date=2002-02-14/source_run=role5-h6-full-0119-20020214-a1/safe_headers.txt,c58ea760c79d8826727d5112540a17754f52874549b671d18918c0e12632ad82,H6_TABLE1_MONTHLY_SA_M2_FULL_V1,true,FULL_NETWORK_ATTEMPT
role5-h6-full-0120-20020221-a1-body,role5-h6-full-0120-20020221-a1,20020221,https://www.federalreserve.gov/releases/h6/20020221/,full_sequence=H6_M2_2000_20260628_V1/release_date=2002-02-21/source_run=role5-h6-full-0120-20020221-a1/release.html,HTML,78902,aecb6412b80d232afd08f1791e01ec6100635c528d9a165f37d38a0fff182f6a,200,SUCCESS,2026-07-13T08:34:24.188610Z,full_sequence=H6_M2_2000_20260628_V1/release_date=2002-02-21/source_run=role5-h6-full-0120-20020221-a1/safe_headers.txt,0da9cb000a5f5bb143d1a403dee0d55ec4ab4a71c00740cfc67dce7acaef6a89,H6_TABLE1_MONTHLY_SA_M2_FULL_V1,true,FULL_NETWORK_ATTEMPT
role5-h6-full-0121-20020228-a1-body,role5-h6-full-0121-20020228-a1,20020228,https://www.federalreserve.gov/releases/h6/20020228/,full_sequence=H6_M2_2000_20260628_V1/release_date=2002-02-28/source_run=role5-h6-full-0121-20020228-a1/release.html,HTML,78902,5158345c880a84028cc794198a65b0e334d3c27058d2a02a5739994e4325763a,200,SUCCESS,2026-07-13T08:34:25.195404Z,full_sequence=H6_M2_2000_20260628_V1/release_date=2002-02-28/source_run=role5-h6-full-0121-20020228-a1/safe_headers.txt,b466db6c0459df1287b81f3da2ee1118ca4c9ec3a9096a8d28670efa308ffeaf,H6_TABLE1_MONTHLY_SA_M2_FULL_V1,true,FULL_NETWORK_ATTEMPT
role5-h6-full-0122-20020307-a1-body,role5-h6-full-0122-20020307-a1,20020307,https://www.federalreserve.gov/releases/h6/20020307/,full_sequence=H6_M2_2000_20260628_V1/release_date=2002-03-07/source_run=role5-h6-full-0122-20020307-a1/release.html,HTML,78898,b56d78ba139e56a8efa61ba87f5aa1d6cd75f5bbf3ef8a01bb42722dcd855bb2,200,SUCCESS,2026-07-13T08:34:26.174375Z,full_sequence=H6_M2_2000_20260628_V1/release_date=2002-03-07/source_run=role5-h6-full-0122-20020307-a1/safe_headers.txt,a7a7671b479d4dad2d800f65f67b82126a35e1239391607b5f28c6be681ff0b6,H6_TABLE1_MONTHLY_SA_M2_FULL_V1,true,FULL_NETWORK_ATTEMPT
role5-h6-full-0123-20020314-a1-body,role5-h6-full-0123-20020314-a1,20020314,https://www.federalreserve.gov/releases/h6/20020314/,full_sequence=H6_M2_2000_20260628_V1/release_date=2002-03-14/source_run=role5-h6-full-0123-20020314-a1/release.html,HTML,78893,d18677e634637a32014bc78d431d8f06e25f7602b45a046e792d22e1012147df,200,SUCCESS,2026-07-13T08:34:30.191047Z,full_sequence=H6_M2_2000_20260628_V1/release_date=2002-03-14/source_run=role5-h6-full-0123-20020314-a1/safe_headers.txt,30f2c5a900a256d0da71af7116ece1192bd554400af91c809431e33eb31058f1,H6_TABLE1_MONTHLY_SA_M2_FULL_V1,true,FULL_NETWORK_ATTEMPT
role5-h6-full-0124-20020321-a1-body,role5-h6-full-0124-20020321-a1,20020321,https://www.federalreserve.gov/releases/h6/20020321/,full_sequence=H6_M2_2000_20260628_V1/release_date=2002-03-21/source_run=role5-h6-full-0124-20020321-a1/release.html,HTML,78892,eb1b6d5cb173a48cce688073ac07fe5416edbc66c1e27143217c264fa6c4cba5,200,SUCCESS,2026-07-13T08:34:32.639376Z,full_sequence=H6_M2_2000_20260628_V1/release_date=2002-03-21/source_run=role5-h6-full-0124-20020321-a1/safe_headers.txt,6db938c4eb816ab022a2c6ff752590870f1d9bf3905f4b318e9f869c78250d22,H6_TABLE1_MONTHLY_SA_M2_FULL_V1,true,FULL_NETWORK_ATTEMPT
role5-h6-full-0125-20020328-a1-body,role5-h6-full-0125-20020328-a1,20020328,https://www.federalreserve.gov/releases/h6/20020328/,full_sequence=H6_M2_2000_20260628_V1/release_date=2002-03-28/source_run=role5-h6-full-0125-20020328-a1/release.html,HTML,78892,66026ad38bd2a4d819c132ccedccb9606444e9a2152ad62424806c857701da23,200,SUCCESS,2026-07-13T08:34:33.012935Z,full_sequence=H6_M2_2000_20260628_V1/release_date=2002-03-28/source_run=role5-h6-full-0125-20020328-a1/safe_headers.txt,6db938c4eb816ab022a2c6ff752590870f1d9bf3905f4b318e9f869c78250d22,H6_TABLE1_MONTHLY_SA_M2_FULL_V1,true,FULL_NETWORK_ATTEMPT
role5-h6-full-0126-20020404-a1-body,role5-h6-full-0126-20020404-a1,20020404,https://www.federalreserve.gov/releases/h6/20020404/,full_sequence=H6_M2_2000_20260628_V1/release_date=2002-04-04/source_run=role5-h6-full-0126-20020404-a1/release.html,HTML,78899,8b19bc36b60d2085d1d12a05af1615e6ec7cfeb03a39058b7b81c876ae27727e,200,SUCCESS,2026-07-13T08:34:38.025456Z,full_sequence=H6_M2_2000_20260628_V1/release_date=2002-04-04/source_run=role5-h6-full-0126-20020404-a1/safe_headers.txt,e0e868b525ca212803eb7147250f7cd80af3621aca7f4c8784de22ad1bb1d9e1,H6_TABLE1_MONTHLY_SA_M2_FULL_V1,true,FULL_NETWORK_ATTEMPT
role5-h6-full-0127-20020411-a1-body,role5-h6-full-0127-20020411-a1,20020411,https://www.federalreserve.gov/releases/h6/20020411/,full_sequence=H6_M2_2000_20260628_V1/release_date=2002-04-11/source_run=role5-h6-full-0127-20020411-a1/release.html,HTML,79222,c0a2ceb5f77181d72f2d81d19ee2be53cf06d613832db0fc95cd264e94dcf7ad,200,SUCCESS,2026-07-13T08:34:38.389232Z,full_sequence=H6_M2_2000_20260628_V1/release_date=2002-04-11/source_run=role5-h6-full-0127-20020411-a1/safe_headers.txt,9f4fa8604dbe86eb9ee9162bca5fc06d7da61308388514541173b98fcae3e213,H6_TABLE1_MONTHLY_SA_M2_FULL_V1,true,FULL_NETWORK_ATTEMPT
role5-h6-full-0128-20020418-a1-body,role5-h6-full-0128-20020418-a1,20020418,https://www.federalreserve.gov/releases/h6/20020418/,full_sequence=H6_M2_2000_20260628_V1/release_date=2002-04-18/source_run=role5-h6-full-0128-20020418-a1/release.html,HTML,78894,a9435cfd152b43ea0d173f93933f80ae5893034b1486bdfb7534f210470bf88d,200,SUCCESS,2026-07-13T08:34:39.404018Z,full_sequence=H6_M2_2000_20260628_V1/release_date=2002-04-18/source_run=role5-h6-full-0128-20020418-a1/safe_headers.txt,787238a89bd9ff47b2d78324134f8ca4ea617a274ea96b2127faa8740cf434f9,H6_TABLE1_MONTHLY_SA_M2_FULL_V1,true,FULL_NETWORK_ATTEMPT
role5-h6-full-0129-20020425-a1-body,role5-h6-full-0129-20020425-a1,20020425,https://www.federalreserve.gov/releases/h6/20020425/,full_sequence=H6_M2_2000_20260628_V1/release_date=2002-04-25/source_run=role5-h6-full-0129-20020425-a1/release.html,HTML,78894,72c1b9605e20d83a9f3ffb25b8a23f95a3d8542063cee0cfcfbfbb3aca682de9,200,SUCCESS,2026-07-13T08:34:40.437821Z,full_sequence=H6_M2_2000_20260628_V1/release_date=2002-04-25/source_run=role5-h6-full-0129-20020425-a1/safe_headers.txt,aa5d98386533d356c0ca692ef8074336c51d7ab6099fe314d66bfd232f1be192,H6_TABLE1_MONTHLY_SA_M2_FULL_V1,true,FULL_NETWORK_ATTEMPT
role5-h6-full-0130-20020502-a1-body,role5-h6-full-0130-20020502-a1,20020502,https://www.federalreserve.gov/releases/h6/20020502/,full_sequence=H6_M2_2000_20260628_V1/release_date=2002-05-02/source_run=role5-h6-full-0130-20020502-a1/release.html,HTML,75658,bae56e0b9c9bd5ccdebf7209c04895d4f1734d34ba599d98f9b040e78bfc2251,200,SUCCESS,2026-07-13T08:34:41.445830Z,full_sequence=H6_M2_2000_20260628_V1/release_date=2002-05-02/source_run=role5-h6-full-0130-20020502-a1/safe_headers.txt,030b31d0a8d6a44a5bba91cff476e01e492ea3ada014253612f5f13a02f76166,H6_TABLE1_MONTHLY_SA_M2_FULL_V1,true,FULL_NETWORK_ATTEMPT
role5-h6-full-0131-20020509-a1-body,role5-h6-full-0131-20020509-a1,20020509,https://www.federalreserve.gov/releases/h6/20020509/,full_sequence=H6_M2_2000_20260628_V1/release_date=2002-05-09/source_run=role5-h6-full-0131-20020509-a1/release.html,HTML,75333,d9a246cfbe91ff77f15583968b2968579e11d71017ba631db0e6abfc8cf536a9,200,SUCCESS,2026-07-13T08:34:42.399005Z,full_sequence=H6_M2_2000_20260628_V1/release_date=2002-05-09/source_run=role5-h6-full-0131-20020509-a1/safe_headers.txt,64115729cc21207631db664e8b5406272be7323af9630746b4e5b136953a65cd,H6_TABLE1_MONTHLY_SA_M2_FULL_V1,true,FULL_NETWORK_ATTEMPT
role5-h6-full-0132-20020516-a1-body,role5-h6-full-0132-20020516-a1,20020516,https://www.federalreserve.gov/releases/h6/20020516/,full_sequence=H6_M2_2000_20260628_V1/release_date=2002-05-16/source_run=role5-h6-full-0132-20020516-a1/release.html,HTML,75331,495a8d7331f1e56b6e8610901707b95cec871df2d0c01f3695ac003bdd78ffbc,200,SUCCESS,2026-07-13T08:34:43.429494Z,full_sequence=H6_M2_2000_20260628_V1/release_date=2002-05-16/source_run=role5-h6-full-0132-20020516-a1/safe_headers.txt,20e0ffda4212c366a345956befb197a50c5b85c1ce289248e2836dae85318830,H6_TABLE1_MONTHLY_SA_M2_FULL_V1,true,FULL_NETWORK_ATTEMPT
role5-h6-full-0133-20020523-a1-body,role5-h6-full-0133-20020523-a1,20020523,https://www.federalreserve.gov/releases/h6/20020523/,full_sequence=H6_M2_2000_20260628_V1/release_date=2002-05-23/source_run=role5-h6-full-0133-20020523-a1/release.html,HTML,75328,97d8db24bb36d3feac1f520cb9929be03610c382ca095571a8acee266d3e181e,200,SUCCESS,2026-07-13T08:34:44.434188Z,full_sequence=H6_M2_2000_20260628_V1/release_date=2002-05-23/source_run=role5-h6-full-0133-20020523-a1/safe_headers.txt,b68a2efdb9d6a03421d85f1ae75604906f4a488e0009fb450944e685faa0e7cf,H6_TABLE1_MONTHLY_SA_M2_FULL_V1,true,FULL_NETWORK_ATTEMPT
role5-h6-full-0134-20020530-a1-body,role5-h6-full-0134-20020530-a1,20020530,https://www.federalreserve.gov/releases/h6/20020530/,full_sequence=H6_M2_2000_20260628_V1/release_date=2002-05-30/source_run=role5-h6-full-0134-20020530-a1/release.html,HTML,75328,92a2d7f8405702d53fd848e527b274dcd001b01bfdfe3dbd09f0f3cde18b8e95,200,SUCCESS,2026-07-13T08:34:45.431170Z,full_sequence=H6_M2_2000_20260628_V1/release_date=2002-05-30/source_run=role5-h6-full-0134-20020530-a1/safe_headers.txt,9c9c970d29bb0f883f4de5ad0c19da5eea0cea77c426ccfb3879a90a55088355,H6_TABLE1_MONTHLY_SA_M2_FULL_V1,true,FULL_NETWORK_ATTEMPT
role5-h6-full-0135-20020606-a1-body,role5-h6-full-0135-20020606-a1,20020606,https://www.federalreserve.gov/releases/h6/20020606/,full_sequence=H6_M2_2000_20260628_V1/release_date=2002-06-06/source_run=role5-h6-full-0135-20020606-a1/release.html,HTML,75335,dd07eeb2e53ba9ad667d6faef106dee0a42dbed4cf44c5df7c5b584a57240ffc,200,SUCCESS,2026-07-13T08:34:46.449240Z,full_sequence=H6_M2_2000_20260628_V1/release_date=2002-06-06/source_run=role5-h6-full-0135-20020606-a1/safe_headers.txt,e4855034ad803703af97819c555fcb852875171d5f8c2d48981749b32694f39b,H6_TABLE1_MONTHLY_SA_M2_FULL_V1,true,FULL_NETWORK_ATTEMPT
role5-h6-full-0136-20020613-a1-body,role5-h6-full-0136-20020613-a1,20020613,https://www.federalreserve.gov/releases/h6/20020613/,full_sequence=H6_M2_2000_20260628_V1/release_date=2002-06-13/source_run=role5-h6-full-0136-20020613-a1/release.html,HTML,75331,1debb5dcab534be962d4f52d1c39b7dba0fa1d01afd8b88101cbd3409f339ddd,200,STOP_PARSER_OR_SOURCE_IDENTITY_UNRESOLVED,2026-07-13T08:34:47.438278Z,full_sequence=H6_M2_2000_20260628_V1/release_date=2002-06-13/source_run=role5-h6-full-0136-20020613-a1/safe_headers.txt,f03a487040b7881af47109df21a8a5ab24e8b9cb27265453bb97f91e3d1583a3,H6_TABLE1_MONTHLY_SA_M2_FULL_V1,false,FULL_NETWORK_ATTEMPT
role5-h6-full-0137-20020613-a2-body,role5-h6-full-0137-20020613-a2,20020613,https://www.federalreserve.gov/releases/h6/20020613/h6.txt,full_sequence=H6_M2_2000_20260628_V1/release_date=2002-06-13/source_run=role5-h6-full-0137-20020613-a2/release.txt,ASCII,72579,ff977725d36b77850021c8bd59e5eb8404cbacbb4436f54cc66700067ed74f95,200,SUCCESS,2026-07-13T08:36:43.743313Z,full_sequence=H6_M2_2000_20260628_V1/release_date=2002-06-13/source_run=role5-h6-full-0137-20020613-a2/safe_headers.txt,3faa005ede3a0980d64bd3fc42255203a8e1eca1df271632ec43ed8022ebf404,H6_TABLE1_MONTHLY_SA_M2_FULL_V1,true,FULL_NETWORK_ATTEMPT
role5-h6-full-0138-20020620-a1-body,role5-h6-full-0138-20020620-a1,20020620,https://www.federalreserve.gov/releases/h6/20020620/,full_sequence=H6_M2_2000_20260628_V1/release_date=2002-06-20/source_run=role5-h6-full-0138-20020620-a1/release.html,HTML,75331,1547251c2f03c347313c1e17a250a3c1190f95ea238eb2b9d0f4473c61e8cf2b,200,SUCCESS,2026-07-13T08:36:44.691425Z,full_sequence=H6_M2_2000_20260628_V1/release_date=2002-06-20/source_run=role5-h6-full-0138-20020620-a1/safe_headers.txt,8ea5e5b502056cfa976dd18179d814ed407ab9eb6bd4e1e8b7852c801bf7ae7a,H6_TABLE1_MONTHLY_SA_M2_FULL_V1,true,FULL_NETWORK_ATTEMPT
role5-h6-full-0139-20020627-a1-body,role5-h6-full-0139-20020627-a1,20020627,https://www.federalreserve.gov/releases/h6/20020627/,full_sequence=H6_M2_2000_20260628_V1/release_date=2002-06-27/source_run=role5-h6-full-0139-20020627-a1/release.html,HTML,75331,f5834621fd98db99ca01904cbf1834f35d1d9c5a2c039d8432973116168ce6c7,200,SUCCESS,2026-07-13T08:36:45.701183Z,full_sequence=H6_M2_2000_20260628_V1/release_date=2002-06-27/source_run=role5-h6-full-0139-20020627-a1/safe_headers.txt,ada3d24fc353301beb9d6cf748b1c0452fccbf748a68532ca28a27dc8f9821e1,H6_TABLE1_MONTHLY_SA_M2_FULL_V1,true,FULL_NETWORK_ATTEMPT
role5-h6-full-0140-20020705-a1-body,role5-h6-full-0140-20020705-a1,20020705,https://www.federalreserve.gov/releases/h6/20020705/,full_sequence=H6_M2_2000_20260628_V1/release_date=2002-07-05/source_run=role5-h6-full-0140-20020705-a1/release.html,HTML,75408,ab21eef7b0fe474320ea0a507105b6d419cf22509a0b07b3a0ad77f602242c40,200,SUCCESS,2026-07-13T08:36:46.697250Z,full_sequence=H6_M2_2000_20260628_V1/release_date=2002-07-05/source_run=role5-h6-full-0140-20020705-a1/safe_headers.txt,6b7e23d07c62ec730d872599cb42d21f47bff68c7949575d8a915b0a264f6534,H6_TABLE1_MONTHLY_SA_M2_FULL_V1,true,FULL_NETWORK_ATTEMPT
role5-h6-full-0141-20020711-a1-body,role5-h6-full-0141-20020711-a1,20020711,https://www.federalreserve.gov/releases/h6/20020711/,full_sequence=H6_M2_2000_20260628_V1/release_date=2002-07-11/source_run=role5-h6-full-0141-20020711-a1/release.html,HTML,75409,152247a414ea484813047b3e2d9200afb5d4612135d7f9e26aaeff619e8fab69,200,SUCCESS,2026-07-13T08:36:47.720138Z,full_sequence=H6_M2_2000_20260628_V1/release_date=2002-07-11/source_run=role5-h6-full-0141-20020711-a1/safe_headers.txt,ad0c50c5f529302ea5a5c4d6646d6e076cc63263e99c6a3faf33f5a31cc0782e,H6_TABLE1_MONTHLY_SA_M2_FULL_V1,true,FULL_NETWORK_ATTEMPT
role5-h6-full-0142-20020718-a1-body,role5-h6-full-0142-20020718-a1,20020718,https://www.federalreserve.gov/releases/h6/20020718/,full_sequence=H6_M2_2000_20260628_V1/release_date=2002-07-18/source_run=role5-h6-full-0142-20020718-a1/release.html,HTML,75409,9fb354d86529f0313b7c8bc2b5daccdeb543f432ef47da2d692362fe21d19b03,200,SUCCESS,2026-07-13T08:36:48.729392Z,full_sequence=H6_M2_2000_20260628_V1/release_date=2002-07-18/source_run=role5-h6-full-0142-20020718-a1/safe_headers.txt,80f867ccdf4bc3ae967c4b1520eda8b086b474a1e028e7fec657a4a621d52c7e,H6_TABLE1_MONTHLY_SA_M2_FULL_V1,true,FULL_NETWORK_ATTEMPT
role5-h6-full-0143-20020725-a1-body,role5-h6-full-0143-20020725-a1,20020725,https://www.federalreserve.gov/releases/h6/20020725/,full_sequence=H6_M2_2000_20260628_V1/release_date=2002-07-25/source_run=role5-h6-full-0143-20020725-a1/release.html,HTML,75358,ae9f77953879c4e7bff12c5400e5a7bf64fe04deb3fc207659613405d042548c,200,SUCCESS,2026-07-13T08:36:49.752961Z,full_sequence=H6_M2_2000_20260628_V1/release_date=2002-07-25/source_run=role5-h6-full-0143-20020725-a1/safe_headers.txt,ce2443cf41f2072854afffda14a757d51c685d4b7eafccdd01f080db1d02b055,H6_TABLE1_MONTHLY_SA_M2_FULL_V1,true,FULL_NETWORK_ATTEMPT
role5-h6-full-0144-20020801-a1-body,role5-h6-full-0144-20020801-a1,20020801,https://www.federalreserve.gov/releases/h6/20020801/,full_sequence=H6_M2_2000_20260628_V1/release_date=2002-08-01/source_run=role5-h6-full-0144-20020801-a1/release.html,HTML,75359,11355114008d2d86d362663effa79b1fbbcd277eaf639c4e4d09a974bedee1b5,200,SUCCESS,2026-07-13T08:36:50.802651Z,full_sequence=H6_M2_2000_20260628_V1/release_date=2002-08-01/source_run=role5-h6-full-0144-20020801-a1/safe_headers.txt,5cf96b3e09980e447c0e38de4d2bf10b1d4c28bc6bac6fbcd8ba2f9c6bbde6d0,H6_TABLE1_MONTHLY_SA_M2_FULL_V1,true,FULL_NETWORK_ATTEMPT
role5-h6-full-0145-20020808-a1-body,role5-h6-full-0145-20020808-a1,20020808,https://www.federalreserve.gov/releases/h6/20020808/,full_sequence=H6_M2_2000_20260628_V1/release_date=2002-08-08/source_run=role5-h6-full-0145-20020808-a1/release.html,HTML,75379,bf698c42229d380dc75c527726fc0f16533369eaad3b8619ec9deb758fcd9a74,200,SUCCESS,2026-07-13T08:36:51.797522Z,full_sequence=H6_M2_2000_20260628_V1/release_date=2002-08-08/source_run=role5-h6-full-0145-20020808-a1/safe_headers.txt,aa6a79c817d6cc3d839fc570e375b94c40ea7eafc8bb25ebfb5d658c21aa4551,H6_TABLE1_MONTHLY_SA_M2_FULL_V1,true,FULL_NETWORK_ATTEMPT
role5-h6-full-0146-20020815-a1-body,role5-h6-full-0146-20020815-a1,20020815,https://www.federalreserve.gov/releases/h6/20020815/,full_sequence=H6_M2_2000_20260628_V1/release_date=2002-08-15/source_run=role5-h6-full-0146-20020815-a1/release.html,HTML,75380,b3f77a9de2a4bcd3b75b139663357de759018ea35a226457485d32ffc999b38a,200,SUCCESS,2026-07-13T08:36:52.748429Z,full_sequence=H6_M2_2000_20260628_V1/release_date=2002-08-15/source_run=role5-h6-full-0146-20020815-a1/safe_headers.txt,18fc9df50368c9b1c9352cc8624623cbfc515e03981338b999f1e313f2d507e5,H6_TABLE1_MONTHLY_SA_M2_FULL_V1,true,FULL_NETWORK_ATTEMPT
role5-h6-full-0147-20020822-a1-body,role5-h6-full-0147-20020822-a1,20020822,https://www.federalreserve.gov/releases/h6/20020822/,full_sequence=H6_M2_2000_20260628_V1/release_date=2002-08-22/source_run=role5-h6-full-0147-20020822-a1/release.html,HTML,75382,2a4780f2d3d6f46d314c1646b056df309793eb6859f5f695770a516526434a95,200,SUCCESS,2026-07-13T08:36:53.760993Z,full_sequence=H6_M2_2000_20260628_V1/release_date=2002-08-22/source_run=role5-h6-full-0147-20020822-a1/safe_headers.txt,0e32ed09f25d00c717e2d461efcc2a8fc0592911e967f5510cc93487cd877549,H6_TABLE1_MONTHLY_SA_M2_FULL_V1,true,FULL_NETWORK_ATTEMPT
role5-h6-full-0148-20020829-a1-body,role5-h6-full-0148-20020829-a1,20020829,https://www.federalreserve.gov/releases/h6/20020829/,full_sequence=H6_M2_2000_20260628_V1/release_date=2002-08-29/source_run=role5-h6-full-0148-20020829-a1/release.html,HTML,75382,c4bc204b4a19260481bb144b59cb260f4cda2dd243ec9a6d4747716e8193eceb,200,SUCCESS,2026-07-13T08:36:54.755203Z,full_sequence=H6_M2_2000_20260628_V1/release_date=2002-08-29/source_run=role5-h6-full-0148-20020829-a1/safe_headers.txt,730d10f38d5b62408bf25f8569bc470f550f81acb7bc05e1190345a224eaf472,H6_TABLE1_MONTHLY_SA_M2_FULL_V1,true,FULL_NETWORK_ATTEMPT
role5-h6-full-0149-20020905-a1-body,role5-h6-full-0149-20020905-a1,20020905,https://www.federalreserve.gov/releases/h6/20020905/,full_sequence=H6_M2_2000_20260628_V1/release_date=2002-09-05/source_run=role5-h6-full-0149-20020905-a1/release.html,HTML,75368,6a01aaddddf818e6203db9f112ec07a6830d00196d9b1c64f4d1b3e8395c4564,200,SUCCESS,2026-07-13T08:36:55.783077Z,full_sequence=H6_M2_2000_20260628_V1/release_date=2002-09-05/source_run=role5-h6-full-0149-20020905-a1/safe_headers.txt,ac7e44b46dc27360f6d390d071d01f31e4b19f19e90e89e74c3ca08cea8a379b,H6_TABLE1_MONTHLY_SA_M2_FULL_V1,true,FULL_NETWORK_ATTEMPT
role5-h6-full-0150-20020912-a1-body,role5-h6-full-0150-20020912-a1,20020912,https://www.federalreserve.gov/releases/h6/20020912/,full_sequence=H6_M2_2000_20260628_V1/release_date=2002-09-12/source_run=role5-h6-full-0150-20020912-a1/release.html,HTML,75371,4d2f54f34b530848d25f71ca91b3169fb4f7716145edf56b6ecb4a8349a6dd6f,200,SUCCESS,2026-07-13T08:36:56.758653Z,full_sequence=H6_M2_2000_20260628_V1/release_date=2002-09-12/source_run=role5-h6-full-0150-20020912-a1/safe_headers.txt,8488c7b08b981e8afb299edeeda756096cca745241428a7dcc33084a0441f310,H6_TABLE1_MONTHLY_SA_M2_FULL_V1,true,FULL_NETWORK_ATTEMPT
role5-h6-full-0151-20020919-a1-body,role5-h6-full-0151-20020919-a1,20020919,https://www.federalreserve.gov/releases/h6/20020919/,full_sequence=H6_M2_2000_20260628_V1/release_date=2002-09-19/source_run=role5-h6-full-0151-20020919-a1/release.html,HTML,75371,41e7eb4a10fc01f1e3d6bf8af89b60d37e3e04b6c779806e28fc6584eeffd776,200,SUCCESS,2026-07-13T08:36:57.787799Z,full_sequence=H6_M2_2000_20260628_V1/release_date=2002-09-19/source_run=role5-h6-full-0151-20020919-a1/safe_headers.txt,29e9e973909aa13e8777c80f3e479cac0694fb625d04bbe87b5c8dac11f1fcdd,H6_TABLE1_MONTHLY_SA_M2_FULL_V1,true,FULL_NETWORK_ATTEMPT
role5-h6-full-0152-20020926-a1-body,role5-h6-full-0152-20020926-a1,20020926,https://www.federalreserve.gov/releases/h6/20020926/,full_sequence=H6_M2_2000_20260628_V1/release_date=2002-09-26/source_run=role5-h6-full-0152-20020926-a1/release.html,HTML,75374,9c53d7599be9781bf96b3418fc4d1a6abd8963cd20fd321f5ec6fcd1668b5cc4,200,SUCCESS,2026-07-13T08:36:58.800074Z,full_sequence=H6_M2_2000_20260628_V1/release_date=2002-09-26/source_run=role5-h6-full-0152-20020926-a1/safe_headers.txt,d97335fb97c2fc3cd573398984eec821a92c0531a35506e758efeab9f2e52db8,H6_TABLE1_MONTHLY_SA_M2_FULL_V1,true,FULL_NETWORK_ATTEMPT
role5-h6-full-0153-20021003-a1-body,role5-h6-full-0153-20021003-a1,20021003,https://www.federalreserve.gov/releases/h6/20021003/,full_sequence=H6_M2_2000_20260628_V1/release_date=2002-10-03/source_run=role5-h6-full-0153-20021003-a1/release.html,HTML,75368,f2d6f92119680d16c2d4dfe9d852dd2b5366a99ef489b7c60033d2bcfbb36006,200,SUCCESS,2026-07-13T08:36:59.797261Z,full_sequence=H6_M2_2000_20260628_V1/release_date=2002-10-03/source_run=role5-h6-full-0153-20021003-a1/safe_headers.txt,c45fb780a1865dfd599854525bc88cff1502a699ca2fa1db3690d3d5e2aab406,H6_TABLE1_MONTHLY_SA_M2_FULL_V1,true,FULL_NETWORK_ATTEMPT
role5-h6-full-0154-20021010-a1-body,role5-h6-full-0154-20021010-a1,20021010,https://www.federalreserve.gov/releases/h6/20021010/,full_sequence=H6_M2_2000_20260628_V1/release_date=2002-10-10/source_run=role5-h6-full-0154-20021010-a1/release.html,HTML,75368,798a4c5b176cb486e6701db70904870614c350e2cf68e22cb49237bbeaf7e842,200,SUCCESS,2026-07-13T08:37:00.900913Z,full_sequence=H6_M2_2000_20260628_V1/release_date=2002-10-10/source_run=role5-h6-full-0154-20021010-a1/safe_headers.txt,e6fc73225adeda81a5a51ec7cc34bb3a144bc59b6fb3f158c5508f0311d33f14,H6_TABLE1_MONTHLY_SA_M2_FULL_V1,true,FULL_NETWORK_ATTEMPT
role5-h6-full-0155-20021017-a1-body,role5-h6-full-0155-20021017-a1,20021017,https://www.federalreserve.gov/releases/h6/20021017/,full_sequence=H6_M2_2000_20260628_V1/release_date=2002-10-17/source_run=role5-h6-full-0155-20021017-a1/release.html,HTML,75368,2174f83d4ea1eef23b83f120633bf7276b73f4416f21bfd64732daf1cb71cd34,200,SUCCESS,2026-07-13T08:37:01.786042Z,full_sequence=H6_M2_2000_20260628_V1/release_date=2002-10-17/source_run=role5-h6-full-0155-20021017-a1/safe_headers.txt,886a1b5009b3146399efa365c70537efe4213f713766447dbc59f3ef526fcf2e,H6_TABLE1_MONTHLY_SA_M2_FULL_V1,true,FULL_NETWORK_ATTEMPT
role5-h6-full-0156-20021024-a1-body,role5-h6-full-0156-20021024-a1,20021024,https://www.federalreserve.gov/releases/h6/20021024/,full_sequence=H6_M2_2000_20260628_V1/release_date=2002-10-24/source_run=role5-h6-full-0156-20021024-a1/release.html,HTML,75364,8bfa4a746ca83bb351ceef516e34290d574c08c82780b722694ec3f95bcd39e8,200,SUCCESS,2026-07-13T08:37:02.813835Z,full_sequence=H6_M2_2000_20260628_V1/release_date=2002-10-24/source_run=role5-h6-full-0156-20021024-a1/safe_headers.txt,e9a53a69226b82c80852bb339ae1d4a20b4c9ac9a856de2f8b17d5d8e1c0f8dc,H6_TABLE1_MONTHLY_SA_M2_FULL_V1,true,FULL_NETWORK_ATTEMPT
role5-h6-full-0157-20021031-a1-body,role5-h6-full-0157-20021031-a1,20021031,https://www.federalreserve.gov/releases/h6/20021031/,full_sequence=H6_M2_2000_20260628_V1/release_date=2002-10-31/source_run=role5-h6-full-0157-20021031-a1/release.html,HTML,75364,368847359b9bf3361361fd2c7443d327ec85204d9c8928d9b38e07db325c32ac,200,SUCCESS,2026-07-13T08:37:03.881678Z,full_sequence=H6_M2_2000_20260628_V1/release_date=2002-10-31/source_run=role5-h6-full-0157-20021031-a1/safe_headers.txt,1d0151ba97a4aef929beeb022b379e276379b96b153a15d64a76bd068fe6a6cb,H6_TABLE1_MONTHLY_SA_M2_FULL_V1,true,FULL_NETWORK_ATTEMPT
role5-h6-full-0158-20021107-a1-body,role5-h6-full-0158-20021107-a1,20021107,https://www.federalreserve.gov/releases/h6/20021107/,full_sequence=H6_M2_2000_20260628_V1/release_date=2002-11-07/source_run=role5-h6-full-0158-20021107-a1/release.html,HTML,75364,044483f1fb5dc5d6688804d7d393125415942cd546007101031bac646828aa26,200,SUCCESS,2026-07-13T08:37:04.844004Z,full_sequence=H6_M2_2000_20260628_V1/release_date=2002-11-07/source_run=role5-h6-full-0158-20021107-a1/safe_headers.txt,e3c7dd5ddd5814bec9d2aace5f599072f69ceea0d4c0566c4865d2911881d977,H6_TABLE1_MONTHLY_SA_M2_FULL_V1,true,FULL_NETWORK_ATTEMPT
role5-h6-full-0159-20021114-a1-body,role5-h6-full-0159-20021114-a1,20021114,https://www.federalreserve.gov/releases/h6/20021114/,full_sequence=H6_M2_2000_20260628_V1/release_date=2002-11-14/source_run=role5-h6-full-0159-20021114-a1/release.html,HTML,75367,ab05f3ec893cd446009cc9e8d1b489a5dae35e155b113935a56c45f588f5e097,200,SUCCESS,2026-07-13T08:37:05.834295Z,full_sequence=H6_M2_2000_20260628_V1/release_date=2002-11-14/source_run=role5-h6-full-0159-20021114-a1/safe_headers.txt,335ee1b2808a2c539524a6f858dc2738820b9fcf573a695c1b6da0c582f82798,H6_TABLE1_MONTHLY_SA_M2_FULL_V1,true,FULL_NETWORK_ATTEMPT
role5-h6-full-0160-20021121-a1-body,role5-h6-full-0160-20021121-a1,20021121,https://www.federalreserve.gov/releases/h6/20021121/,full_sequence=H6_M2_2000_20260628_V1/release_date=2002-11-21/source_run=role5-h6-full-0160-20021121-a1/release.html,HTML,75365,a3356c8b0ffc84a98ac56167124eb7d60b066e7a8b5b35afef84fce5e3cb5040,200,SUCCESS,2026-07-13T08:37:06.829853Z,full_sequence=H6_M2_2000_20260628_V1/release_date=2002-11-21/source_run=role5-h6-full-0160-20021121-a1/safe_headers.txt,7cda22e4e9e9d6afb5cdc544cf84b746f7a0a6e7d4906e1e607db9baf2f79fb0,H6_TABLE1_MONTHLY_SA_M2_FULL_V1,true,FULL_NETWORK_ATTEMPT
role5-h6-full-0161-20021129-a1-body,role5-h6-full-0161-20021129-a1,20021129,https://www.federalreserve.gov/releases/h6/20021129/,full_sequence=H6_M2_2000_20260628_V1/release_date=2002-11-29/source_run=role5-h6-full-0161-20021129-a1/release.html,HTML,75365,b3991069837774d5d0d680cb1e539d1de151ed1abbe24de102d3a872ea4a2ffd,200,SUCCESS,2026-07-13T08:37:07.861918Z,full_sequence=H6_M2_2000_20260628_V1/release_date=2002-11-29/source_run=role5-h6-full-0161-20021129-a1/safe_headers.txt,7dc1778dab3905372a75c0cac5ef14d600f9cd171ea4723d8c8eb5e056494a61,H6_TABLE1_MONTHLY_SA_M2_FULL_V1,true,FULL_NETWORK_ATTEMPT
role5-h6-full-0162-20021205-a1-body,role5-h6-full-0162-20021205-a1,20021205,https://www.federalreserve.gov/releases/h6/20021205/,full_sequence=H6_M2_2000_20260628_V1/release_date=2002-12-05/source_run=role5-h6-full-0162-20021205-a1/release.html,HTML,75364,9d006b15606257877d100c68839d1ecc6a9773ee7b77736cd595d70bbfd268f8,200,SUCCESS,2026-07-13T08:37:08.873176Z,full_sequence=H6_M2_2000_20260628_V1/release_date=2002-12-05/source_run=role5-h6-full-0162-20021205-a1/safe_headers.txt,26acf4791c67548036b28b31141de9973d3f33cf80df58f8dfc8082dd750d101,H6_TABLE1_MONTHLY_SA_M2_FULL_V1,true,FULL_NETWORK_ATTEMPT
role5-h6-full-0163-20021212-a1-body,role5-h6-full-0163-20021212-a1,20021212,https://www.federalreserve.gov/releases/h6/20021212/,full_sequence=H6_M2_2000_20260628_V1/release_date=2002-12-12/source_run=role5-h6-full-0163-20021212-a1/release.html,HTML,75367,3bb392aafc0ada54bbf351c246b0ff20610ed94182613e93b5cc27ede64a0ce2,200,SUCCESS,2026-07-13T08:37:09.878498Z,full_sequence=H6_M2_2000_20260628_V1/release_date=2002-12-12/source_run=role5-h6-full-0163-20021212-a1/safe_headers.txt,efbfd4b478586c7d0879c6a949017c58b50f7d704ab09c6db3dd7c7c3e542540,H6_TABLE1_MONTHLY_SA_M2_FULL_V1,true,FULL_NETWORK_ATTEMPT
role5-h6-full-0164-20021219-a1-body,role5-h6-full-0164-20021219-a1,20021219,https://www.federalreserve.gov/releases/h6/20021219/,full_sequence=H6_M2_2000_20260628_V1/release_date=2002-12-19/source_run=role5-h6-full-0164-20021219-a1/release.html,HTML,75367,3efdac31797dbb4a9c5b05a11fb87a76157e3f9087cad6789d08425cfd5cee1f,200,SUCCESS,2026-07-13T08:37:10.895734Z,full_sequence=H6_M2_2000_20260628_V1/release_date=2002-12-19/source_run=role5-h6-full-0164-20021219-a1/safe_headers.txt,863df082a5d4083e5669514dc37bddfa0067f95e377df5678ef10f3655e529cc,H6_TABLE1_MONTHLY_SA_M2_FULL_V1,true,FULL_NETWORK_ATTEMPT
role5-h6-full-0165-20021226-a1-body,role5-h6-full-0165-20021226-a1,20021226,https://www.federalreserve.gov/releases/h6/20021226/,full_sequence=H6_M2_2000_20260628_V1/release_date=2002-12-26/source_run=role5-h6-full-0165-20021226-a1/release.html,HTML,75365,93f5a5fe2ba96613058d254f7c544bea33f8ffe37191fda0963e955e2bb4ca1a,200,SUCCESS,2026-07-13T08:37:11.885437Z,full_sequence=H6_M2_2000_20260628_V1/release_date=2002-12-26/source_run=role5-h6-full-0165-20021226-a1/safe_headers.txt,4705ae7d2839b50b07d6f0d6dcd7ad1c0cc518f9e84acfbbab9d0cef7035e170,H6_TABLE1_MONTHLY_SA_M2_FULL_V1,true,FULL_NETWORK_ATTEMPT
role5-h6-full-0166-20030102-a1-body,role5-h6-full-0166-20030102-a1,20030102,https://www.federalreserve.gov/releases/h6/20030102/,full_sequence=H6_M2_2000_20260628_V1/release_date=2003-01-02/source_run=role5-h6-full-0166-20030102-a1/release.html,HTML,75358,3929d38358ffcf32d80b5f0418ccf289b68e6a44252a16ecf7692d95dc3d4b8c,200,SUCCESS,2026-07-13T08:37:12.898616Z,full_sequence=H6_M2_2000_20260628_V1/release_date=2003-01-02/source_run=role5-h6-full-0166-20030102-a1/safe_headers.txt,d567d23de130ea8abf7f2fdae8d1046282937c14ba6c08798f4b045561afd471,H6_TABLE1_MONTHLY_SA_M2_FULL_V1,true,FULL_NETWORK_ATTEMPT
role5-h6-full-0167-20030109-a1-body,role5-h6-full-0167-20030109-a1,20030109,https://www.federalreserve.gov/releases/h6/20030109/,full_sequence=H6_M2_2000_20260628_V1/release_date=2003-01-09/source_run=role5-h6-full-0167-20030109-a1/release.html,HTML,75356,cfd70136e0152ad3a350e21aa6ed60c62828390b3a927975daabd4c52e4b2f5d,200,SUCCESS,2026-07-13T08:37:13.901548Z,full_sequence=H6_M2_2000_20260628_V1/release_date=2003-01-09/source_run=role5-h6-full-0167-20030109-a1/safe_headers.txt,93d10f0eab91e62f0fb0792e2ccc8ff2e3d485a542773486ef064128a44e0a02,H6_TABLE1_MONTHLY_SA_M2_FULL_V1,true,FULL_NETWORK_ATTEMPT
role5-h6-full-0168-20030116-a1-body,role5-h6-full-0168-20030116-a1,20030116,https://www.federalreserve.gov/releases/h6/20030116/,full_sequence=H6_M2_2000_20260628_V1/release_date=2003-01-16/source_run=role5-h6-full-0168-20030116-a1/release.html,HTML,75361,622c6653c41cf587b792337e3b138bda43f12168d264774bb4b954bb222cbf13,200,SUCCESS,2026-07-13T08:37:14.914609Z,full_sequence=H6_M2_2000_20260628_V1/release_date=2003-01-16/source_run=role5-h6-full-0168-20030116-a1/safe_headers.txt,c5e8c09d52d283fb7b0a80f496bfdcb4b79cdbb1a1a8f03ed05f8f31405060db,H6_TABLE1_MONTHLY_SA_M2_FULL_V1,true,FULL_NETWORK_ATTEMPT
role5-h6-full-0169-20030123-a1-body,role5-h6-full-0169-20030123-a1,20030123,https://www.federalreserve.gov/releases/h6/20030123/,full_sequence=H6_M2_2000_20260628_V1/release_date=2003-01-23/source_run=role5-h6-full-0169-20030123-a1/release.html,HTML,75361,898169d1aa75afbab70109ae0b31eb73d4eb0337bfc2f187a14486b860c77633,200,SUCCESS,2026-07-13T08:37:15.919700Z,full_sequence=H6_M2_2000_20260628_V1/release_date=2003-01-23/source_run=role5-h6-full-0169-20030123-a1/safe_headers.txt,bcc7c72281fa317bb811af8507d0041c17a2939442adc7efe5517166c054cd1f,H6_TABLE1_MONTHLY_SA_M2_FULL_V1,true,FULL_NETWORK_ATTEMPT
role5-h6-full-0170-20030130-a1-body,role5-h6-full-0170-20030130-a1,20030130,https://www.federalreserve.gov/releases/h6/20030130/,full_sequence=H6_M2_2000_20260628_V1/release_date=2003-01-30/source_run=role5-h6-full-0170-20030130-a1/release.html,HTML,110323,c57e56d075bff42b57eb9ee590f9240b5b468f7ae61654a6b57b1e8a6c829a75,200,SUCCESS,2026-07-13T08:37:16.951380Z,full_sequence=H6_M2_2000_20260628_V1/release_date=2003-01-30/source_run=role5-h6-full-0170-20030130-a1/safe_headers.txt,e778a6cde145c06a9f55578001563382118cfbfd0227ec6c80fe3b019fb9c4eb,H6_TABLE1_MONTHLY_SA_M2_FULL_V1,true,FULL_NETWORK_ATTEMPT
role5-h6-full-0171-20030206-a1-body,role5-h6-full-0171-20030206-a1,20030206,https://www.federalreserve.gov/releases/h6/20030206/,full_sequence=H6_M2_2000_20260628_V1/release_date=2003-02-06/source_run=role5-h6-full-0171-20030206-a1/release.html,HTML,75351,81435db022fd28d4a643d0f80aac1a1c57dc6c9a4adfac0d54997744b40de4dd,200,SUCCESS,2026-07-13T08:37:17.936867Z,full_sequence=H6_M2_2000_20260628_V1/release_date=2003-02-06/source_run=role5-h6-full-0171-20030206-a1/safe_headers.txt,31676385dc085fb23c73b48028b59663ab7bbc3b5536f6183342abfbb2a2aeb6,H6_TABLE1_MONTHLY_SA_M2_FULL_V1,true,FULL_NETWORK_ATTEMPT
role5-h6-full-0172-20030213-a1-body,role5-h6-full-0172-20030213-a1,20030213,https://www.federalreserve.gov/releases/h6/20030213/,full_sequence=H6_M2_2000_20260628_V1/release_date=2003-02-13/source_run=role5-h6-full-0172-20030213-a1/release.html,HTML,75356,24453cef96112ae20e4e0a493de8a4a2eb6d301984787ba1ecb873966ed1886c,200,SUCCESS,2026-07-13T08:37:18.935731Z,full_sequence=H6_M2_2000_20260628_V1/release_date=2003-02-13/source_run=role5-h6-full-0172-20030213-a1/safe_headers.txt,f056afe3018770efdab15f01dda0526bfe835c8c41dee4743372a78b066e6c39,H6_TABLE1_MONTHLY_SA_M2_FULL_V1,true,FULL_NETWORK_ATTEMPT
role5-h6-full-0173-20030220-a1-body,role5-h6-full-0173-20030220-a1,20030220,https://www.federalreserve.gov/releases/h6/20030220/,full_sequence=H6_M2_2000_20260628_V1/release_date=2003-02-20/source_run=role5-h6-full-0173-20030220-a1/release.html,HTML,75354,86fa9287ce643bc1ef2e6fb75cb5562a4ea339bd54b42a3e300021888c386c00,200,SUCCESS,2026-07-13T08:37:19.961551Z,full_sequence=H6_M2_2000_20260628_V1/release_date=2003-02-20/source_run=role5-h6-full-0173-20030220-a1/safe_headers.txt,413e483eba7ab9066437d7330e183a6ccce7e58f90e6fd1d0abf9e50ce530fae,H6_TABLE1_MONTHLY_SA_M2_FULL_V1,true,FULL_NETWORK_ATTEMPT
role5-h6-full-0174-20030227-a1-body,role5-h6-full-0174-20030227-a1,20030227,https://www.federalreserve.gov/releases/h6/20030227/,full_sequence=H6_M2_2000_20260628_V1/release_date=2003-02-27/source_run=role5-h6-full-0174-20030227-a1/release.html,HTML,75356,acba2039aa7a8a2818e386ac057446da72d5091acd3404360eae954fc9c6477e,200,SUCCESS,2026-07-13T08:37:21.008164Z,full_sequence=H6_M2_2000_20260628_V1/release_date=2003-02-27/source_run=role5-h6-full-0174-20030227-a1/safe_headers.txt,aeacdde0acab939b294bb5de1228213188f0a88d58630e679250af3d8c3d231e,H6_TABLE1_MONTHLY_SA_M2_FULL_V1,true,FULL_NETWORK_ATTEMPT
role5-h6-full-0175-20030306-a1-body,role5-h6-full-0175-20030306-a1,20030306,https://www.federalreserve.gov/releases/h6/20030306/,full_sequence=H6_M2_2000_20260628_V1/release_date=2003-03-06/source_run=role5-h6-full-0175-20030306-a1/release.html,HTML,75344,427b809739bb42ec8d694e3ed93b7e8bb426c19b374a1ee6f66bcd3126c33025,200,SUCCESS,2026-07-13T08:37:21.978491Z,full_sequence=H6_M2_2000_20260628_V1/release_date=2003-03-06/source_run=role5-h6-full-0175-20030306-a1/safe_headers.txt,dbcedabd6e71d84fe02c1d6396950293617644fdf2b36d4ae3573524dd5072c3,H6_TABLE1_MONTHLY_SA_M2_FULL_V1,true,FULL_NETWORK_ATTEMPT
role5-h6-full-0176-20030313-a1-body,role5-h6-full-0176-20030313-a1,20030313,https://www.federalreserve.gov/releases/h6/20030313/,full_sequence=H6_M2_2000_20260628_V1/release_date=2003-03-13/source_run=role5-h6-full-0176-20030313-a1/release.html,HTML,75346,060ce794453366deba5afab1735f5e88272199c50195893b7f7311c658446777,200,SUCCESS,2026-07-13T08:37:22.983710Z,full_sequence=H6_M2_2000_20260628_V1/release_date=2003-03-13/source_run=role5-h6-full-0176-20030313-a1/safe_headers.txt,53d5cfb755a4fa16eb875a0f4f70be90a4e71bc9be54dc671f8e84f2db95c7f3,H6_TABLE1_MONTHLY_SA_M2_FULL_V1,true,FULL_NETWORK_ATTEMPT
role5-h6-full-0177-20030320-a1-body,role5-h6-full-0177-20030320-a1,20030320,https://www.federalreserve.gov/releases/h6/20030320/,full_sequence=H6_M2_2000_20260628_V1/release_date=2003-03-20/source_run=role5-h6-full-0177-20030320-a1/release.html,HTML,75347,f87be23f794c5e597c19e9e38e16fdb26b5e661200f70d99dd1e05c08406b3ae,200,SUCCESS,2026-07-13T08:37:24.063595Z,full_sequence=H6_M2_2000_20260628_V1/release_date=2003-03-20/source_run=role5-h6-full-0177-20030320-a1/safe_headers.txt,e6acab555e3ceec26917897235006a698287d5a3bde68243812ae7552520391c,H6_TABLE1_MONTHLY_SA_M2_FULL_V1,true,FULL_NETWORK_ATTEMPT
role5-h6-full-0178-20030327-a1-body,role5-h6-full-0178-20030327-a1,20030327,https://www.federalreserve.gov/releases/h6/20030327/,full_sequence=H6_M2_2000_20260628_V1/release_date=2003-03-27/source_run=role5-h6-full-0178-20030327-a1/release.html,HTML,75346,58cf2db52c3a1f5940a8bce0ef78da6b5a52a968ee6b0e9b7a43a25a838477e2,200,SUCCESS,2026-07-13T08:37:25.073455Z,full_sequence=H6_M2_2000_20260628_V1/release_date=2003-03-27/source_run=role5-h6-full-0178-20030327-a1/safe_headers.txt,98f2fe86b45d8fb357560132ddf21e0548bb83773f403cbd2d3c2fd0e6d6378d,H6_TABLE1_MONTHLY_SA_M2_FULL_V1,true,FULL_NETWORK_ATTEMPT
role5-h6-full-0179-20030403-a1-body,role5-h6-full-0179-20030403-a1,20030403,https://www.federalreserve.gov/releases/h6/20030403/,full_sequence=H6_M2_2000_20260628_V1/release_date=2003-04-03/source_run=role5-h6-full-0179-20030403-a1/release.html,HTML,75344,394badf83d899e6a6c6bfad0f8e4a45f14b633e5dbbc1ab02509d8bb6e90abc2,200,SUCCESS,2026-07-13T08:37:25.997557Z,full_sequence=H6_M2_2000_20260628_V1/release_date=2003-04-03/source_run=role5-h6-full-0179-20030403-a1/safe_headers.txt,17e14d9958e35834ffe56359d5c25c270d57c0ca5fde459f36cb9cc777cb16f4,H6_TABLE1_MONTHLY_SA_M2_FULL_V1,true,FULL_NETWORK_ATTEMPT
role5-h6-full-0180-20030410-a1-body,role5-h6-full-0180-20030410-a1,20030410,https://www.federalreserve.gov/releases/h6/20030410/,full_sequence=H6_M2_2000_20260628_V1/release_date=2003-04-10/source_run=role5-h6-full-0180-20030410-a1/release.html,HTML,75346,5b81b29a5868caaf333895568be5cba22dcd6f80203dee7dcfdfc4de42e6ca7a,200,SUCCESS,2026-07-13T08:37:27.012184Z,full_sequence=H6_M2_2000_20260628_V1/release_date=2003-04-10/source_run=role5-h6-full-0180-20030410-a1/safe_headers.txt,207086527d18d75279b8eddce641b28b33ae9be498d62190c62f6facf0b99875,H6_TABLE1_MONTHLY_SA_M2_FULL_V1,true,FULL_NETWORK_ATTEMPT
role5-h6-full-0181-20030417-a1-body,role5-h6-full-0181-20030417-a1,20030417,https://www.federalreserve.gov/releases/h6/20030417/,full_sequence=H6_M2_2000_20260628_V1/release_date=2003-04-17/source_run=role5-h6-full-0181-20030417-a1/release.html,HTML,75347,c78846c72e93b9c95bff6d51358ec2fa470ab9b71d6ae6fabc0543801b8cacd8,200,SUCCESS,2026-07-13T08:37:28.022655Z,full_sequence=H6_M2_2000_20260628_V1/release_date=2003-04-17/source_run=role5-h6-full-0181-20030417-a1/safe_headers.txt,f9029f370b0ababd50e555e267f324a7068a6419e3a3d3d1a35b6b98a76dad1d,H6_TABLE1_MONTHLY_SA_M2_FULL_V1,true,FULL_NETWORK_ATTEMPT
role5-h6-full-0182-20030424-a1-body,role5-h6-full-0182-20030424-a1,20030424,https://www.federalreserve.gov/releases/h6/20030424/,full_sequence=H6_M2_2000_20260628_V1/release_date=2003-04-24/source_run=role5-h6-full-0182-20030424-a1/release.html,HTML,75346,31719cc2917529b2c63531d364ab70c2a16720d1e647bc5baa9220270c383dec,200,SUCCESS,2026-07-13T08:37:29.018280Z,full_sequence=H6_M2_2000_20260628_V1/release_date=2003-04-24/source_run=role5-h6-full-0182-20030424-a1/safe_headers.txt,7a8275f4567f6fde16fb61e953eccaec9329f79aa4ce61340e1c603352e8bef4,H6_TABLE1_MONTHLY_SA_M2_FULL_V1,true,FULL_NETWORK_ATTEMPT
role5-h6-full-0183-20030501-a1-body,role5-h6-full-0183-20030501-a1,20030501,https://www.federalreserve.gov/releases/h6/20030501/,full_sequence=H6_M2_2000_20260628_V1/release_date=2003-05-01/source_run=role5-h6-full-0183-20030501-a1/release.html,HTML,75339,12ba12d88173993b0a123d1cc5cc1ae8227158a8640923d3e3d8df5ae611cb99,200,SUCCESS,2026-07-13T08:37:30.086058Z,full_sequence=H6_M2_2000_20260628_V1/release_date=2003-05-01/source_run=role5-h6-full-0183-20030501-a1/safe_headers.txt,bfcce935b8eec9805ade55e169ae3fab2a555004f123ab21f12e64ceb24472d0,H6_TABLE1_MONTHLY_SA_M2_FULL_V1,true,FULL_NETWORK_ATTEMPT
role5-h6-full-0184-20030508-a1-body,role5-h6-full-0184-20030508-a1,20030508,https://www.federalreserve.gov/releases/h6/20030508/,full_sequence=H6_M2_2000_20260628_V1/release_date=2003-05-08/source_run=role5-h6-full-0184-20030508-a1/release.html,HTML,75337,c97bee6c663977b953a8a3023225edbf8aa59407e27870bcd04de9b952a46aad,200,SUCCESS,2026-07-13T08:37:31.061995Z,full_sequence=H6_M2_2000_20260628_V1/release_date=2003-05-08/source_run=role5-h6-full-0184-20030508-a1/safe_headers.txt,a9e87d3139b62913e072c73fb1eeec60d687482ced13575f7063685aeeb98e67,H6_TABLE1_MONTHLY_SA_M2_FULL_V1,true,FULL_NETWORK_ATTEMPT
role5-h6-full-0185-20030515-a1-body,role5-h6-full-0185-20030515-a1,20030515,https://www.federalreserve.gov/releases/h6/20030515/,full_sequence=H6_M2_2000_20260628_V1/release_date=2003-05-15/source_run=role5-h6-full-0185-20030515-a1/release.html,HTML,75341,0b304a2f789b033128526f7d6e1b97eeaa8812849a4ce42673ee8d41f6d7eee7,200,SUCCESS,2026-07-13T08:37:32.049698Z,full_sequence=H6_M2_2000_20260628_V1/release_date=2003-05-15/source_run=role5-h6-full-0185-20030515-a1/safe_headers.txt,8bd28c14a2ff1e6fc051948bf8ade66cf65f593d2da0519e5f5bb1d9e23a1e58,H6_TABLE1_MONTHLY_SA_M2_FULL_V1,true,FULL_NETWORK_ATTEMPT
role5-h6-full-0186-20030522-a1-body,role5-h6-full-0186-20030522-a1,20030522,https://www.federalreserve.gov/releases/h6/20030522/,full_sequence=H6_M2_2000_20260628_V1/release_date=2003-05-22/source_run=role5-h6-full-0186-20030522-a1/release.html,HTML,75340,3e8e9697da71616ce4eebeaccb3068b6526245864af1b03023cd5ef7fac7014c,200,SUCCESS,2026-07-13T08:37:33.093796Z,full_sequence=H6_M2_2000_20260628_V1/release_date=2003-05-22/source_run=role5-h6-full-0186-20030522-a1/safe_headers.txt,982ec90ee2cf6066ad9cdd17396065ad2a6e7277d72a1b621f062397caf1dfe5,H6_TABLE1_MONTHLY_SA_M2_FULL_V1,true,FULL_NETWORK_ATTEMPT
role5-h6-full-0187-20030529-a1-body,role5-h6-full-0187-20030529-a1,20030529,https://www.federalreserve.gov/releases/h6/20030529/,full_sequence=H6_M2_2000_20260628_V1/release_date=2003-05-29/source_run=role5-h6-full-0187-20030529-a1/release.html,HTML,75339,b69fd6162c97686b462218208a3224ebc65429366d48b6578b626da576286cdc,200,SUCCESS,2026-07-13T08:37:34.064673Z,full_sequence=H6_M2_2000_20260628_V1/release_date=2003-05-29/source_run=role5-h6-full-0187-20030529-a1/safe_headers.txt,9639180f9f953a56643b89e87327de3584e9c82812a333b7c07aa226a64786fc,H6_TABLE1_MONTHLY_SA_M2_FULL_V1,true,FULL_NETWORK_ATTEMPT
role5-h6-full-0188-20030605-a1-body,role5-h6-full-0188-20030605-a1,20030605,https://www.federalreserve.gov/releases/h6/20030605/,full_sequence=H6_M2_2000_20260628_V1/release_date=2003-06-05/source_run=role5-h6-full-0188-20030605-a1/release.html,HTML,75340,c0993c1f6c29fef118794b6601eb1bfde948138f0898f8fb8f9f22c9f803a303,200,SUCCESS,2026-07-13T08:37:35.067795Z,full_sequence=H6_M2_2000_20260628_V1/release_date=2003-06-05/source_run=role5-h6-full-0188-20030605-a1/safe_headers.txt,7b54de0f7ec1efb09e2824965225ad399b4bf5f1915d56ed1d075f40fd156d75,H6_TABLE1_MONTHLY_SA_M2_FULL_V1,true,FULL_NETWORK_ATTEMPT
role5-h6-full-0189-20030612-a1-body,role5-h6-full-0189-20030612-a1,20030612,https://www.federalreserve.gov/releases/h6/20030612/,full_sequence=H6_M2_2000_20260628_V1/release_date=2003-06-12/source_run=role5-h6-full-0189-20030612-a1/release.html,HTML,75343,ad1ca5ea809e468575cff8637948fe25134a8fe51075951eddfb768924462480,200,SUCCESS,2026-07-13T08:37:36.072878Z,full_sequence=H6_M2_2000_20260628_V1/release_date=2003-06-12/source_run=role5-h6-full-0189-20030612-a1/safe_headers.txt,ae513666993d314aacc50261fb14aede87f4e4919063606f0baee2acb8c437bf,H6_TABLE1_MONTHLY_SA_M2_FULL_V1,true,FULL_NETWORK_ATTEMPT
role5-h6-full-0190-20030619-a1-body,role5-h6-full-0190-20030619-a1,20030619,https://www.federalreserve.gov/releases/h6/20030619/,full_sequence=H6_M2_2000_20260628_V1/release_date=2003-06-19/source_run=role5-h6-full-0190-20030619-a1/release.html,HTML,75342,80925102b69417481aa20c4a2993f9b1d756360c2df399a020845581b5246fbb,200,SUCCESS,2026-07-13T08:37:37.134208Z,full_sequence=H6_M2_2000_20260628_V1/release_date=2003-06-19/source_run=role5-h6-full-0190-20030619-a1/safe_headers.txt,567166721bbddf4a268fb33fb03202e3f2af28ac5346314e23bda30cd14b2b8a,H6_TABLE1_MONTHLY_SA_M2_FULL_V1,true,FULL_NETWORK_ATTEMPT
role5-h6-full-0191-20030626-a1-body,role5-h6-full-0191-20030626-a1,20030626,https://www.federalreserve.gov/releases/h6/20030626/,full_sequence=H6_M2_2000_20260628_V1/release_date=2003-06-26/source_run=role5-h6-full-0191-20030626-a1/release.html,HTML,75342,6f9997e4c8c318a9ab8d1f73794c9c7fad2ae6495068f770bf77439edb6df289,200,SUCCESS,2026-07-13T08:37:38.067321Z,full_sequence=H6_M2_2000_20260628_V1/release_date=2003-06-26/source_run=role5-h6-full-0191-20030626-a1/safe_headers.txt,ff7b5a275c90db41877c736d85d8760687c55ec9c46ecb34dc09de8cee1d1cc7,H6_TABLE1_MONTHLY_SA_M2_FULL_V1,true,FULL_NETWORK_ATTEMPT
role5-h6-full-0192-20030703-a1-body,role5-h6-full-0192-20030703-a1,20030703,https://www.federalreserve.gov/releases/h6/20030703/,full_sequence=H6_M2_2000_20260628_V1/release_date=2003-07-03/source_run=role5-h6-full-0192-20030703-a1/release.html,HTML,75262,0d87bb006994a68560ac2b5a1934717d51342062e7f4dee74e11a9eb30034f78,200,SUCCESS,2026-07-13T08:37:39.077891Z,full_sequence=H6_M2_2000_20260628_V1/release_date=2003-07-03/source_run=role5-h6-full-0192-20030703-a1/safe_headers.txt,3e512f1486693952778a1276b7e7f6de78cac9a3e1137b71e96ef0eddefa9dd8,H6_TABLE1_MONTHLY_SA_M2_FULL_V1,true,FULL_NETWORK_ATTEMPT
role5-h6-full-0193-20030710-a1-body,role5-h6-full-0193-20030710-a1,20030710,https://www.federalreserve.gov/releases/h6/20030710/,full_sequence=H6_M2_2000_20260628_V1/release_date=2003-07-10/source_run=role5-h6-full-0193-20030710-a1/release.html,HTML,75265,aeb3e9f653bf54ef09ba1037140d01bd1e792c3dc427b9d9a82e1aa73a425912,200,SUCCESS,2026-07-13T08:37:40.101342Z,full_sequence=H6_M2_2000_20260628_V1/release_date=2003-07-10/source_run=role5-h6-full-0193-20030710-a1/safe_headers.txt,0d3006633a261fa2f0e11015e3dfbebb30e0eb41da9a63ca8305de24df5c0185,H6_TABLE1_MONTHLY_SA_M2_FULL_V1,true,FULL_NETWORK_ATTEMPT
role5-h6-full-0194-20030717-a1-body,role5-h6-full-0194-20030717-a1,20030717,https://www.federalreserve.gov/releases/h6/20030717/,full_sequence=H6_M2_2000_20260628_V1/release_date=2003-07-17/source_run=role5-h6-full-0194-20030717-a1/release.html,HTML,75265,f695be44a86bf43d3bcd4c12cfd1fae145cbdf4b93bb58217526242265f16fd6,200,SUCCESS,2026-07-13T08:37:41.117602Z,full_sequence=H6_M2_2000_20260628_V1/release_date=2003-07-17/source_run=role5-h6-full-0194-20030717-a1/safe_headers.txt,314fe7139301a3797c606ca767aa9349364c69c899e1f9deb55c8259825697cb,H6_TABLE1_MONTHLY_SA_M2_FULL_V1,true,FULL_NETWORK_ATTEMPT
role5-h6-full-0195-20030724-a1-body,role5-h6-full-0195-20030724-a1,20030724,https://www.federalreserve.gov/releases/h6/20030724/,full_sequence=H6_M2_2000_20260628_V1/release_date=2003-07-24/source_run=role5-h6-full-0195-20030724-a1/release.html,HTML,75265,e43b532ef3a7611674a0cfe1ecd5536b05560bef44b8b1f55bc7db7609bd7914,200,SUCCESS,2026-07-13T08:37:42.251319Z,full_sequence=H6_M2_2000_20260628_V1/release_date=2003-07-24/source_run=role5-h6-full-0195-20030724-a1/safe_headers.txt,bd29a29e1b563b4b8ef630d17ce728ab5af99781b00985efe561de89c8433ba4,H6_TABLE1_MONTHLY_SA_M2_FULL_V1,true,FULL_NETWORK_ATTEMPT
role5-h6-full-0196-20030731-a1-body,role5-h6-full-0196-20030731-a1,20030731,https://www.federalreserve.gov/releases/h6/20030731/,full_sequence=H6_M2_2000_20260628_V1/release_date=2003-07-31/source_run=role5-h6-full-0196-20030731-a1/release.html,HTML,75265,e82ec2b92d4618504f216549e74e28585dac398a45b92728a8f562ee863e1a44,200,SUCCESS,2026-07-13T08:37:43.144593Z,full_sequence=H6_M2_2000_20260628_V1/release_date=2003-07-31/source_run=role5-h6-full-0196-20030731-a1/safe_headers.txt,99eaa7a3f2d3abdb2a22b3c4628ac1dc92e83a646cb8adf4b59ea09d7e64d398,H6_TABLE1_MONTHLY_SA_M2_FULL_V1,true,FULL_NETWORK_ATTEMPT
role5-h6-full-0197-20030807-a1-body,role5-h6-full-0197-20030807-a1,20030807,https://www.federalreserve.gov/releases/h6/20030807/,full_sequence=H6_M2_2000_20260628_V1/release_date=2003-08-07/source_run=role5-h6-full-0197-20030807-a1/release.html,HTML,75268,5eb959a7c46ef3ea4ae75a0986b2293df8bce18b499f834965c3e3412edf8436,200,SUCCESS,2026-07-13T08:37:44.126327Z,full_sequence=H6_M2_2000_20260628_V1/release_date=2003-08-07/source_run=role5-h6-full-0197-20030807-a1/safe_headers.txt,604875b19dda970723643fb29a3355820349bdade820413908be5544ec7ccbdb,H6_TABLE1_MONTHLY_SA_M2_FULL_V1,true,FULL_NETWORK_ATTEMPT
role5-h6-full-0198-20030814-a1-body,role5-h6-full-0198-20030814-a1,20030814,https://www.federalreserve.gov/releases/h6/20030814/,full_sequence=H6_M2_2000_20260628_V1/release_date=2003-08-14/source_run=role5-h6-full-0198-20030814-a1/release.html,HTML,75293,88518790e3fe455ef1b34d1d6d0e43eb4d7d3f35ab4d7d5e83778a9e7bf93e11,200,SUCCESS,2026-07-13T08:37:45.133888Z,full_sequence=H6_M2_2000_20260628_V1/release_date=2003-08-14/source_run=role5-h6-full-0198-20030814-a1/safe_headers.txt,a1763ccd26cc2b5b7224718d9c5dec2fd8413a8f0ab2de0191f99ab4520eed81,H6_TABLE1_MONTHLY_SA_M2_FULL_V1,true,FULL_NETWORK_ATTEMPT
role5-h6-full-0199-20030821-a1-body,role5-h6-full-0199-20030821-a1,20030821,https://www.federalreserve.gov/releases/h6/20030821/,full_sequence=H6_M2_2000_20260628_V1/release_date=2003-08-21/source_run=role5-h6-full-0199-20030821-a1/release.html,HTML,75271,2c3a5f910a61a1673ff58d6363bb7655eb67f6481d7227d9820498f4478a8f5a,200,SUCCESS,2026-07-13T08:37:46.149783Z,full_sequence=H6_M2_2000_20260628_V1/release_date=2003-08-21/source_run=role5-h6-full-0199-20030821-a1/safe_headers.txt,e36d2701182c2a83c12f76dafc17fe7a361299aa5f802cd74325f6cbc3445439,H6_TABLE1_MONTHLY_SA_M2_FULL_V1,true,FULL_NETWORK_ATTEMPT
role5-h6-full-0200-20030828-a1-body,role5-h6-full-0200-20030828-a1,20030828,https://www.federalreserve.gov/releases/h6/20030828/,full_sequence=H6_M2_2000_20260628_V1/release_date=2003-08-28/source_run=role5-h6-full-0200-20030828-a1/release.html,HTML,75272,d1316cbfe8f032eac069f868c645f859cb4f7472585122c5516920599879f0ef,200,SUCCESS,2026-07-13T08:37:47.136494Z,full_sequence=H6_M2_2000_20260628_V1/release_date=2003-08-28/source_run=role5-h6-full-0200-20030828-a1/safe_headers.txt,05b39cb64f24bd316ae4ff2495bac97525743fa8241fe69291e4293258f4deac,H6_TABLE1_MONTHLY_SA_M2_FULL_V1,true,FULL_NETWORK_ATTEMPT
role5-h6-full-0201-20030904-a1-body,role5-h6-full-0201-20030904-a1,20030904,https://www.federalreserve.gov/releases/h6/20030904/,full_sequence=H6_M2_2000_20260628_V1/release_date=2003-09-04/source_run=role5-h6-full-0201-20030904-a1/release.html,HTML,75277,2a285c7b6f6e1d65a753714220233b34a535a1b5055f4ff5b86e0df2a65d788b,200,SUCCESS,2026-07-13T08:37:48.155117Z,full_sequence=H6_M2_2000_20260628_V1/release_date=2003-09-04/source_run=role5-h6-full-0201-20030904-a1/safe_headers.txt,31f425331bd873d7df785d0332c2a7eff3aaeaca4021f3056d5580f1cf367aae,H6_TABLE1_MONTHLY_SA_M2_FULL_V1,true,FULL_NETWORK_ATTEMPT
role5-h6-full-0202-20030911-a1-body,role5-h6-full-0202-20030911-a1,20030911,https://www.federalreserve.gov/releases/h6/20030911/,full_sequence=H6_M2_2000_20260628_V1/release_date=2003-09-11/source_run=role5-h6-full-0202-20030911-a1/release.html,HTML,75280,15e5efb7447423a23adbbc5f3c63ea80d074446c499c13fcda84bfe8bdab5460,200,SUCCESS,2026-07-13T08:37:49.139723Z,full_sequence=H6_M2_2000_20260628_V1/release_date=2003-09-11/source_run=role5-h6-full-0202-20030911-a1/safe_headers.txt,8270596199e0fdb917bd9d0529e8586f98ba10b001083d845d67bf63307bb15d,H6_TABLE1_MONTHLY_SA_M2_FULL_V1,true,FULL_NETWORK_ATTEMPT
role5-h6-full-0203-20030918-a1-body,role5-h6-full-0203-20030918-a1,20030918,https://www.federalreserve.gov/releases/h6/20030918/,full_sequence=H6_M2_2000_20260628_V1/release_date=2003-09-18/source_run=role5-h6-full-0203-20030918-a1/release.html,HTML,75280,2069f7a99d0fcc5699ac14951e44818a6c267d88288302f286d8da1a4ac9528f,200,SUCCESS,2026-07-13T08:37:50.189826Z,full_sequence=H6_M2_2000_20260628_V1/release_date=2003-09-18/source_run=role5-h6-full-0203-20030918-a1/safe_headers.txt,a83bbeff2a098f573d02103d98a7e3b43bc6f40e911aee64f66ec327f0118537,H6_TABLE1_MONTHLY_SA_M2_FULL_V1,true,FULL_NETWORK_ATTEMPT
role5-h6-full-0204-20030925-a1-body,role5-h6-full-0204-20030925-a1,20030925,https://www.federalreserve.gov/releases/h6/20030925/,full_sequence=H6_M2_2000_20260628_V1/release_date=2003-09-25/source_run=role5-h6-full-0204-20030925-a1/release.html,HTML,75280,e59743ac91699aab2220757569471413643e784fcd49667fa46629bca4496a13,200,SUCCESS,2026-07-13T08:37:51.193768Z,full_sequence=H6_M2_2000_20260628_V1/release_date=2003-09-25/source_run=role5-h6-full-0204-20030925-a1/safe_headers.txt,8e43584eecf0084ab09f3727d9d7d5e8439a0f9fb4d604a0d98f2e15e5ac85e1,H6_TABLE1_MONTHLY_SA_M2_FULL_V1,true,FULL_NETWORK_ATTEMPT
role5-h6-full-0205-20031002-a1-body,role5-h6-full-0205-20031002-a1,20031002,https://www.federalreserve.gov/releases/h6/20031002/,full_sequence=H6_M2_2000_20260628_V1/release_date=2003-10-02/source_run=role5-h6-full-0205-20031002-a1/release.html,HTML,75271,afaece8f68edab84064c41184f71c3a325443104f30286cd1f560bacf5902fc0,200,SUCCESS,2026-07-13T08:37:52.193576Z,full_sequence=H6_M2_2000_20260628_V1/release_date=2003-10-02/source_run=role5-h6-full-0205-20031002-a1/safe_headers.txt,a57d7f542e1ef3e138c7ed981b15a2339ea40a0f0848e0488809b6781dfa27c9,H6_TABLE1_MONTHLY_SA_M2_FULL_V1,true,FULL_NETWORK_ATTEMPT
role5-h6-full-0206-20031009-a1-body,role5-h6-full-0206-20031009-a1,20031009,https://www.federalreserve.gov/releases/h6/20031009/,full_sequence=H6_M2_2000_20260628_V1/release_date=2003-10-09/source_run=role5-h6-full-0206-20031009-a1/release.html,HTML,75271,14b8d06dd30602edd2a4bcbaf27688bddd6715d0aee5b5012993a8e334c246e6,200,SUCCESS,2026-07-13T08:37:53.212066Z,full_sequence=H6_M2_2000_20260628_V1/release_date=2003-10-09/source_run=role5-h6-full-0206-20031009-a1/safe_headers.txt,91fddb8210d00b7706e6518fe46d007b0fdc6984a3add3c3adee447aab89237a,H6_TABLE1_MONTHLY_SA_M2_FULL_V1,true,FULL_NETWORK_ATTEMPT
role5-h6-full-0207-20031016-a1-body,role5-h6-full-0207-20031016-a1,20031016,https://www.federalreserve.gov/releases/h6/20031016/,full_sequence=H6_M2_2000_20260628_V1/release_date=2003-10-16/source_run=role5-h6-full-0207-20031016-a1/release.html,HTML,75274,935fc1fb77a7f9940169550dac0836e439d881b8bd3fd9b9b42f0eb2d79fb52b,200,SUCCESS,2026-07-13T08:37:54.228696Z,full_sequence=H6_M2_2000_20260628_V1/release_date=2003-10-16/source_run=role5-h6-full-0207-20031016-a1/safe_headers.txt,290c34742ea7becdd36f4665d9dc5a9873c174f73711303bc5ff692623e4bd86,H6_TABLE1_MONTHLY_SA_M2_FULL_V1,true,FULL_NETWORK_ATTEMPT
role5-h6-full-0208-20031023-a1-body,role5-h6-full-0208-20031023-a1,20031023,https://www.federalreserve.gov/releases/h6/20031023/,full_sequence=H6_M2_2000_20260628_V1/release_date=2003-10-23/source_run=role5-h6-full-0208-20031023-a1/release.html,HTML,75274,d8dafb1eaa96bf5bf2f8919aff89a31a7694a2f6aac62df24c0501f4ad716849,200,SUCCESS,2026-07-13T08:37:55.206406Z,full_sequence=H6_M2_2000_20260628_V1/release_date=2003-10-23/source_run=role5-h6-full-0208-20031023-a1/safe_headers.txt,a0f62f8c8db8aaf4910dd14ffbea843856370895e00688d7bc1b7e6554468b4b,H6_TABLE1_MONTHLY_SA_M2_FULL_V1,true,FULL_NETWORK_ATTEMPT
role5-h6-full-0209-20031030-a1-body,role5-h6-full-0209-20031030-a1,20031030,https://www.federalreserve.gov/releases/h6/20031030/,full_sequence=H6_M2_2000_20260628_V1/release_date=2003-10-30/source_run=role5-h6-full-0209-20031030-a1/release.html,HTML,75274,1f1038956588c6b399b8ec87b2c3e883daeb59de27524e1375ead9b80b99ad4a,200,SUCCESS,2026-07-13T08:37:56.216616Z,full_sequence=H6_M2_2000_20260628_V1/release_date=2003-10-30/source_run=role5-h6-full-0209-20031030-a1/safe_headers.txt,86155899b5dcf5c61f8519777a182e2e9f29801998db5297a2852ace04ca00b0,H6_TABLE1_MONTHLY_SA_M2_FULL_V1,true,FULL_NETWORK_ATTEMPT
role5-h6-full-0210-20031106-a1-body,role5-h6-full-0210-20031106-a1,20031106,https://www.federalreserve.gov/releases/h6/20031106/,full_sequence=H6_M2_2000_20260628_V1/release_date=2003-11-06/source_run=role5-h6-full-0210-20031106-a1/release.html,HTML,75274,5eac8cdaf76205f82bb570aedcfb301bcb5827283e56d2dc0c4f2ca230818ee6,200,SUCCESS,2026-07-13T08:37:57.232106Z,full_sequence=H6_M2_2000_20260628_V1/release_date=2003-11-06/source_run=role5-h6-full-0210-20031106-a1/safe_headers.txt,a51a2f07b6a5fbef98918a536327e494b4cbd0b0f11ce4d61c7b2161ac383e1b,H6_TABLE1_MONTHLY_SA_M2_FULL_V1,true,FULL_NETWORK_ATTEMPT
role5-h6-full-0211-20031113-a1-body,role5-h6-full-0211-20031113-a1,20031113,https://www.federalreserve.gov/releases/h6/20031113/,full_sequence=H6_M2_2000_20260628_V1/release_date=2003-11-13/source_run=role5-h6-full-0211-20031113-a1/release.html,HTML,75277,44e82513f202f43ef2601ed6a88e07463e56b6a76ce61180e26e9854aacace1c,200,SUCCESS,2026-07-13T08:37:58.235875Z,full_sequence=H6_M2_2000_20260628_V1/release_date=2003-11-13/source_run=role5-h6-full-0211-20031113-a1/safe_headers.txt,032f4a4e0319dc7207ceceee25583df1b39d0b159a8f0ce3a067112cc150196c,H6_TABLE1_MONTHLY_SA_M2_FULL_V1,true,FULL_NETWORK_ATTEMPT
role5-h6-full-0212-20031120-a1-body,role5-h6-full-0212-20031120-a1,20031120,https://www.federalreserve.gov/releases/h6/20031120/,full_sequence=H6_M2_2000_20260628_V1/release_date=2003-11-20/source_run=role5-h6-full-0212-20031120-a1/release.html,HTML,75277,627bd62c30f7b88f163a8286fdd38f04ca8d606688a8ba860144f1eff5bfde91,200,SUCCESS,2026-07-13T08:37:59.266342Z,full_sequence=H6_M2_2000_20260628_V1/release_date=2003-11-20/source_run=role5-h6-full-0212-20031120-a1/safe_headers.txt,6ad831c2b6de32926143b9b10bd6639736a475ac698272b76567df301a549cca,H6_TABLE1_MONTHLY_SA_M2_FULL_V1,true,FULL_NETWORK_ATTEMPT
role5-h6-full-0213-20031128-a1-body,role5-h6-full-0213-20031128-a1,20031128,https://www.federalreserve.gov/releases/h6/20031128/,full_sequence=H6_M2_2000_20260628_V1/release_date=2003-11-28/source_run=role5-h6-full-0213-20031128-a1/release.html,HTML,75277,56a3e481119ff380ed88f15c83698dfb77df357d5de1932f2dfd6498ea0e3e78,200,SUCCESS,2026-07-13T08:38:00.277003Z,full_sequence=H6_M2_2000_20260628_V1/release_date=2003-11-28/source_run=role5-h6-full-0213-20031128-a1/safe_headers.txt,4a44fecbea802912959c4eaf7aebc3852522b7bcefa189e6fbda8b01c0a83956,H6_TABLE1_MONTHLY_SA_M2_FULL_V1,true,FULL_NETWORK_ATTEMPT
role5-h6-full-0214-20031204-a1-body,role5-h6-full-0214-20031204-a1,20031204,https://www.federalreserve.gov/releases/h6/20031204/,full_sequence=H6_M2_2000_20260628_V1/release_date=2003-12-04/source_run=role5-h6-full-0214-20031204-a1/release.html,HTML,75274,025f8b3da4a80daa9a453228c76727ac3a54b45f154625712e318e639bdcef08,200,SUCCESS,2026-07-13T08:38:01.263067Z,full_sequence=H6_M2_2000_20260628_V1/release_date=2003-12-04/source_run=role5-h6-full-0214-20031204-a1/safe_headers.txt,6ae7e3d72302231c3530f6a70b2915d1330b4138add5c2f077ca9c3de59bd3c9,H6_TABLE1_MONTHLY_SA_M2_FULL_V1,true,FULL_NETWORK_ATTEMPT
role5-h6-full-0215-20031211-a1-body,role5-h6-full-0215-20031211-a1,20031211,https://www.federalreserve.gov/releases/h6/20031211/,full_sequence=H6_M2_2000_20260628_V1/release_date=2003-12-11/source_run=role5-h6-full-0215-20031211-a1/release.html,HTML,75277,e1db35050b5638343658cdc11d05fc68db795d7935e4c5c7f9e0fcedac6f009a,200,SUCCESS,2026-07-13T08:38:02.286178Z,full_sequence=H6_M2_2000_20260628_V1/release_date=2003-12-11/source_run=role5-h6-full-0215-20031211-a1/safe_headers.txt,4bd84fc7571ca73054941e4ad01727afc9cff55ccdd36dde22b558088306b4a1,H6_TABLE1_MONTHLY_SA_M2_FULL_V1,true,FULL_NETWORK_ATTEMPT
role5-h6-full-0216-20031218-a1-body,role5-h6-full-0216-20031218-a1,20031218,https://www.federalreserve.gov/releases/h6/20031218/,full_sequence=H6_M2_2000_20260628_V1/release_date=2003-12-18/source_run=role5-h6-full-0216-20031218-a1/release.html,HTML,75419,20553c9b9cbe23e97357b4d55fadaf5721eae7f4afab0d5d05c8eb8e15130a43,200,SUCCESS,2026-07-13T08:38:04.325919Z,full_sequence=H6_M2_2000_20260628_V1/release_date=2003-12-18/source_run=role5-h6-full-0216-20031218-a1/safe_headers.txt,8d8876fb09992ff1b9b130f084387ba56b32505a1f268b568bf38bfd50d80694,H6_TABLE1_MONTHLY_SA_M2_FULL_V1,true,FULL_NETWORK_ATTEMPT
role5-h6-full-0217-20031226-a1-body,role5-h6-full-0217-20031226-a1,20031226,https://www.federalreserve.gov/releases/h6/20031226/,full_sequence=H6_M2_2000_20260628_V1/release_date=2003-12-26/source_run=role5-h6-full-0217-20031226-a1/release.html,HTML,75419,78dac2967bab6a9ea09047068c0c3153bd6593208fa3fb29b08f23cd57293344,200,SUCCESS,2026-07-13T08:38:04.688663Z,full_sequence=H6_M2_2000_20260628_V1/release_date=2003-12-26/source_run=role5-h6-full-0217-20031226-a1/safe_headers.txt,547bfd07984eacc61fca643f22bbc148efbfe480a29a3aa555227ee5673f2717,H6_TABLE1_MONTHLY_SA_M2_FULL_V1,true,FULL_NETWORK_ATTEMPT
role5-h6-full-0218-20040102-a1-body,role5-h6-full-0218-20040102-a1,20040102,https://www.federalreserve.gov/releases/h6/20040102/,full_sequence=H6_M2_2000_20260628_V1/release_date=2004-01-02/source_run=role5-h6-full-0218-20040102-a1/release.html,HTML,75413,be8ce16f3349ba48825ed4aac581f10747fa7373316ece6ca440c7ecefca8fb6,200,SUCCESS,2026-07-13T08:38:05.897954Z,full_sequence=H6_M2_2000_20260628_V1/release_date=2004-01-02/source_run=role5-h6-full-0218-20040102-a1/safe_headers.txt,d7c7e506fbf93b827c827c6436cbfdea9fb3af457f6207e2201a49f0b03d2e19,H6_TABLE1_MONTHLY_SA_M2_FULL_V1,true,FULL_NETWORK_ATTEMPT
role5-h6-full-0219-20040108-a1-body,role5-h6-full-0219-20040108-a1,20040108,https://www.federalreserve.gov/releases/h6/20040108/,full_sequence=H6_M2_2000_20260628_V1/release_date=2004-01-08/source_run=role5-h6-full-0219-20040108-a1/release.html,HTML,75413,dbb06f30c2152ecc9ebfc7b381cb6152d6141ef0fec88a70e1317a42f29645fd,200,SUCCESS,2026-07-13T08:38:06.721666Z,full_sequence=H6_M2_2000_20260628_V1/release_date=2004-01-08/source_run=role5-h6-full-0219-20040108-a1/safe_headers.txt,be6d78ba973d6b4ce3ada8f9b5cd9d010c670e94a0cbf818f355e246730aa84a,H6_TABLE1_MONTHLY_SA_M2_FULL_V1,true,FULL_NETWORK_ATTEMPT
role5-h6-full-0220-20040115-a1-body,role5-h6-full-0220-20040115-a1,20040115,https://www.federalreserve.gov/releases/h6/20040115/,full_sequence=H6_M2_2000_20260628_V1/release_date=2004-01-15/source_run=role5-h6-full-0220-20040115-a1/release.html,HTML,75416,f7c42b4188981e3da5b0b4fe66ddbce2aa6315c92960e1cab6a14ee2d7c67a86,200,SUCCESS,2026-07-13T08:38:07.771774Z,full_sequence=H6_M2_2000_20260628_V1/release_date=2004-01-15/source_run=role5-h6-full-0220-20040115-a1/safe_headers.txt,8e8ecb12903c5e38f1a9a730bb31388f6423bd71d2e0fd1a43f19e1342e97fb9,H6_TABLE1_MONTHLY_SA_M2_FULL_V1,true,FULL_NETWORK_ATTEMPT
role5-h6-full-0221-20040122-a1-body,role5-h6-full-0221-20040122-a1,20040122,https://www.federalreserve.gov/releases/h6/20040122/,full_sequence=H6_M2_2000_20260628_V1/release_date=2004-01-22/source_run=role5-h6-full-0221-20040122-a1/release.html,HTML,75416,5aaa029d8076d56225d86685144e92321c0afeb299da9756fe8fac98d135992b,200,SUCCESS,2026-07-13T08:38:08.799004Z,full_sequence=H6_M2_2000_20260628_V1/release_date=2004-01-22/source_run=role5-h6-full-0221-20040122-a1/safe_headers.txt,df563da94f55b1679e682b70615a2a08b3010c9b5074f813f7a96b2323d58389,H6_TABLE1_MONTHLY_SA_M2_FULL_V1,true,FULL_NETWORK_ATTEMPT
role5-h6-full-0222-20040129-a1-body,role5-h6-full-0222-20040129-a1,20040129,https://www.federalreserve.gov/releases/h6/20040129/,full_sequence=H6_M2_2000_20260628_V1/release_date=2004-01-29/source_run=role5-h6-full-0222-20040129-a1/release.html,HTML,107992,2545ef0b3e8b334dc6288914ebb7683a3fcc4681d90a4c0992c2589ff494f7ba,200,SUCCESS,2026-07-13T08:38:09.786323Z,full_sequence=H6_M2_2000_20260628_V1/release_date=2004-01-29/source_run=role5-h6-full-0222-20040129-a1/safe_headers.txt,99ce2a44f978e92a7a201305b02405336229832a1fc75d9b56a0521664a78f91,H6_TABLE1_MONTHLY_SA_M2_FULL_V1,true,FULL_NETWORK_ATTEMPT
role5-h6-full-0223-20040205-a1-body,role5-h6-full-0223-20040205-a1,20040205,https://www.federalreserve.gov/releases/h6/20040205/,full_sequence=H6_M2_2000_20260628_V1/release_date=2004-02-05/source_run=role5-h6-full-0223-20040205-a1/release.html,HTML,75416,e5b0b38552eb6e9e892deb97301def1bb4082ec53234b648e461ad7b1fe94540,200,SUCCESS,2026-07-13T08:38:10.846037Z,full_sequence=H6_M2_2000_20260628_V1/release_date=2004-02-05/source_run=role5-h6-full-0223-20040205-a1/safe_headers.txt,297778e5b7d3311dfa272279773b4d4e8b61a4d92b045fdc0c97fe1dd77043a5,H6_TABLE1_MONTHLY_SA_M2_FULL_V1,true,FULL_NETWORK_ATTEMPT
role5-h6-full-0224-20040212-a1-body,role5-h6-full-0224-20040212-a1,20040212,https://www.federalreserve.gov/releases/h6/20040212/,full_sequence=H6_M2_2000_20260628_V1/release_date=2004-02-12/source_run=role5-h6-full-0224-20040212-a1/release.html,HTML,75419,5cec0963ff562a03d80d66ce1dd73242812ac24d1797edf61623f365ca829173,200,SUCCESS,2026-07-13T08:38:11.767614Z,full_sequence=H6_M2_2000_20260628_V1/release_date=2004-02-12/source_run=role5-h6-full-0224-20040212-a1/safe_headers.txt,ba09bf3aea23619450e3b45c0695669fa8f381b0c852736c8b5cdb39e8c9162c,H6_TABLE1_MONTHLY_SA_M2_FULL_V1,true,FULL_NETWORK_ATTEMPT
role5-h6-full-0225-20040219-a1-body,role5-h6-full-0225-20040219-a1,20040219,https://www.federalreserve.gov/releases/h6/20040219/,full_sequence=H6_M2_2000_20260628_V1/release_date=2004-02-19/source_run=role5-h6-full-0225-20040219-a1/release.html,HTML,75419,57827862bed8370485cbd816f98256a7f3bbf14a5c2af05f45c0613ca3a434a9,200,SUCCESS,2026-07-13T08:38:12.783885Z,full_sequence=H6_M2_2000_20260628_V1/release_date=2004-02-19/source_run=role5-h6-full-0225-20040219-a1/safe_headers.txt,69bcd24897e0fd9fc09f544230b42438404e4ad579ea3675438fc0946c6ec2e3,H6_TABLE1_MONTHLY_SA_M2_FULL_V1,true,FULL_NETWORK_ATTEMPT
role5-h6-full-0226-20040226-a1-body,role5-h6-full-0226-20040226-a1,20040226,https://www.federalreserve.gov/releases/h6/20040226/,full_sequence=H6_M2_2000_20260628_V1/release_date=2004-02-26/source_run=role5-h6-full-0226-20040226-a1/release.html,HTML,75419,3c39e75cf40f3970f193646f33e99ae522d646415a9516e892f397cf9710b182,200,SUCCESS,2026-07-13T08:38:13.794484Z,full_sequence=H6_M2_2000_20260628_V1/release_date=2004-02-26/source_run=role5-h6-full-0226-20040226-a1/safe_headers.txt,ec0d3821e8fc5423982b3a2e0e106e64d069116f42f4c2fa7eefc8d62f9bcc49,H6_TABLE1_MONTHLY_SA_M2_FULL_V1,true,FULL_NETWORK_ATTEMPT
role5-h6-full-0227-20040304-a1-body,role5-h6-full-0227-20040304-a1,20040304,https://www.federalreserve.gov/releases/h6/20040304/,full_sequence=H6_M2_2000_20260628_V1/release_date=2004-03-04/source_run=role5-h6-full-0227-20040304-a1/release.html,HTML,77361,ef6219164f59dbb514e30ee027e5d78639b7cb79080f87c2ca2b9ce16e926ae0,200,SUCCESS,2026-07-13T08:38:14.798198Z,full_sequence=H6_M2_2000_20260628_V1/release_date=2004-03-04/source_run=role5-h6-full-0227-20040304-a1/safe_headers.txt,94c55e0b8f2f9544ea172a1e2420e543917c78044082ed351d9887bf1ed8a08f,H6_TABLE1_MONTHLY_SA_M2_FULL_V1,true,FULL_NETWORK_ATTEMPT
role5-h6-full-0228-20040311-a1-body,role5-h6-full-0228-20040311-a1,20040311,https://www.federalreserve.gov/releases/h6/20040311/,full_sequence=H6_M2_2000_20260628_V1/release_date=2004-03-11/source_run=role5-h6-full-0228-20040311-a1/release.html,HTML,75410,7e682f01774f364e066eca719656c75d43590dee4b6fbf90db357a1e39584821,200,SUCCESS,2026-07-13T08:38:18.831614Z,full_sequence=H6_M2_2000_20260628_V1/release_date=2004-03-11/source_run=role5-h6-full-0228-20040311-a1/safe_headers.txt,fd474a0a59ba86963efaa0a2d1a36d4cab32af998c47e4842edffa49ef5beac4,H6_TABLE1_MONTHLY_SA_M2_FULL_V1,true,FULL_NETWORK_ATTEMPT
role5-h6-full-0229-20040318-a1-body,role5-h6-full-0229-20040318-a1,20040318,https://www.federalreserve.gov/releases/h6/20040318/,full_sequence=H6_M2_2000_20260628_V1/release_date=2004-03-18/source_run=role5-h6-full-0229-20040318-a1/release.html,HTML,75410,764b4313b0df85f35bf8b6d95c830d22d2903e07f14573e7d0e1c2496ae2911f,200,SUCCESS,2026-07-13T08:38:19.193888Z,full_sequence=H6_M2_2000_20260628_V1/release_date=2004-03-18/source_run=role5-h6-full-0229-20040318-a1/safe_headers.txt,11140c0b813c3ac468a245693011a0e27e2ccb1bed940c7a2eca8c5372602cbe,H6_TABLE1_MONTHLY_SA_M2_FULL_V1,true,FULL_NETWORK_ATTEMPT
role5-h6-full-0230-20040325-a1-body,role5-h6-full-0230-20040325-a1,20040325,https://www.federalreserve.gov/releases/h6/20040325/,full_sequence=H6_M2_2000_20260628_V1/release_date=2004-03-25/source_run=role5-h6-full-0230-20040325-a1/release.html,HTML,75410,5db0f9f530767ad5e2682e6d5338ac45a4122c0cda54ec1efad0323c70e01dd7,200,SUCCESS,2026-07-13T08:38:20.222216Z,full_sequence=H6_M2_2000_20260628_V1/release_date=2004-03-25/source_run=role5-h6-full-0230-20040325-a1/safe_headers.txt,ca670363f652c92354d06fc2262088fc508c244ccec2ca17163854846bb232da,H6_TABLE1_MONTHLY_SA_M2_FULL_V1,true,FULL_NETWORK_ATTEMPT
role5-h6-full-0231-20040401-a1-body,role5-h6-full-0231-20040401-a1,20040401,https://www.federalreserve.gov/releases/h6/20040401/,full_sequence=H6_M2_2000_20260628_V1/release_date=2004-04-01/source_run=role5-h6-full-0231-20040401-a1/release.html,HTML,75407,592a39b9dd566d2df85fd9c859c751ce6003263faf888358b0266cb8e88fd2b3,200,SUCCESS,2026-07-13T08:38:21.255424Z,full_sequence=H6_M2_2000_20260628_V1/release_date=2004-04-01/source_run=role5-h6-full-0231-20040401-a1/safe_headers.txt,2c8e862bdec421bf36a76ad92772e9b754104d9db100c82b870e9a969ff68f64,H6_TABLE1_MONTHLY_SA_M2_FULL_V1,true,FULL_NETWORK_ATTEMPT
role5-h6-full-0232-20040408-a1-body,role5-h6-full-0232-20040408-a1,20040408,https://www.federalreserve.gov/releases/h6/20040408/,full_sequence=H6_M2_2000_20260628_V1/release_date=2004-04-08/source_run=role5-h6-full-0232-20040408-a1/release.html,HTML,75407,7df555bd3442861aaa091c64fab4ce9095cacf0252f5229e49c83c84208ba3ed,200,SUCCESS,2026-07-13T08:38:22.212242Z,full_sequence=H6_M2_2000_20260628_V1/release_date=2004-04-08/source_run=role5-h6-full-0232-20040408-a1/safe_headers.txt,e14a3d2c4b67f68dab23a7120679d64242b9f9f2e0f0ea7090d6d8ca719cf614,H6_TABLE1_MONTHLY_SA_M2_FULL_V1,true,FULL_NETWORK_ATTEMPT
role5-h6-full-0233-20040415-a1-body,role5-h6-full-0233-20040415-a1,20040415,https://www.federalreserve.gov/releases/h6/20040415/,full_sequence=H6_M2_2000_20260628_V1/release_date=2004-04-15/source_run=role5-h6-full-0233-20040415-a1/release.html,HTML,75410,60c6ba1501e3cdfc54c5f6a00ef421adb08e5af6b4254ccfe535b02e7396be14,200,SUCCESS,2026-07-13T08:38:23.246403Z,full_sequence=H6_M2_2000_20260628_V1/release_date=2004-04-15/source_run=role5-h6-full-0233-20040415-a1/safe_headers.txt,828240c451e469c5e37aa48220c54c2a00578901f8309aff015cbcfae2ca00f7,H6_TABLE1_MONTHLY_SA_M2_FULL_V1,true,FULL_NETWORK_ATTEMPT
role5-h6-full-0234-20040422-a1-body,role5-h6-full-0234-20040422-a1,20040422,https://www.federalreserve.gov/releases/h6/20040422/,full_sequence=H6_M2_2000_20260628_V1/release_date=2004-04-22/source_run=role5-h6-full-0234-20040422-a1/release.html,HTML,75410,ffa2239ef8acf536a714917ca16626102d88b9cce95b0060e066120cbdd3468e,200,SUCCESS,2026-07-13T08:38:24.245031Z,full_sequence=H6_M2_2000_20260628_V1/release_date=2004-04-22/source_run=role5-h6-full-0234-20040422-a1/safe_headers.txt,3a1c5d6c268d243b8b568e0ecd5694349aa9ae87ddc1af08b58ed17640693980,H6_TABLE1_MONTHLY_SA_M2_FULL_V1,true,FULL_NETWORK_ATTEMPT
role5-h6-full-0235-20040429-a1-body,role5-h6-full-0235-20040429-a1,20040429,https://www.federalreserve.gov/releases/h6/20040429/,full_sequence=H6_M2_2000_20260628_V1/release_date=2004-04-29/source_run=role5-h6-full-0235-20040429-a1/release.html,HTML,76391,85205b448055a4c0f52785499630d2c6009783da30a2c5c45f23a370c78b8436,200,SUCCESS,2026-07-13T08:38:25.257846Z,full_sequence=H6_M2_2000_20260628_V1/release_date=2004-04-29/source_run=role5-h6-full-0235-20040429-a1/safe_headers.txt,42bc1aca2d81dc5c941447f0a998a34096f857c2a6bc370f56de5659cb20b199,H6_TABLE1_MONTHLY_SA_M2_FULL_V1,true,FULL_NETWORK_ATTEMPT
role5-h6-full-0236-20040506-a1-body,role5-h6-full-0236-20040506-a1,20040506,https://www.federalreserve.gov/releases/h6/20040506/,full_sequence=H6_M2_2000_20260628_V1/release_date=2004-05-06/source_run=role5-h6-full-0236-20040506-a1/release.html,HTML,76382,01732ce52126f6857fcb0cfa07eb2fae756352fa8f1e26f299328e3782b3ecc2,200,SUCCESS,2026-07-13T08:38:26.321539Z,full_sequence=H6_M2_2000_20260628_V1/release_date=2004-05-06/source_run=role5-h6-full-0236-20040506-a1/safe_headers.txt,07e5cc3a344f7b56b15df956f46e92e3aa6fb90c173776a321b7f4af4c09039e,H6_TABLE1_MONTHLY_SA_M2_FULL_V1,true,FULL_NETWORK_ATTEMPT
role5-h6-full-0237-20040513-a1-body,role5-h6-full-0237-20040513-a1,20040513,https://www.federalreserve.gov/releases/h6/20040513/,full_sequence=H6_M2_2000_20260628_V1/release_date=2004-05-13/source_run=role5-h6-full-0237-20040513-a1/release.html,HTML,76385,37c9b7295209d0972075f5cdb09235721c045cdf292b8a498aa1328754c800d2,200,SUCCESS,2026-07-13T08:38:27.275806Z,full_sequence=H6_M2_2000_20260628_V1/release_date=2004-05-13/source_run=role5-h6-full-0237-20040513-a1/safe_headers.txt,af97efd3dce39b6790259055bf467545973cea828f2e1e5698130362c16b9dca,H6_TABLE1_MONTHLY_SA_M2_FULL_V1,true,FULL_NETWORK_ATTEMPT
role5-h6-full-0238-20040520-a1-body,role5-h6-full-0238-20040520-a1,20040520,https://www.federalreserve.gov/releases/h6/20040520/,full_sequence=H6_M2_2000_20260628_V1/release_date=2004-05-20/source_run=role5-h6-full-0238-20040520-a1/release.html,HTML,76385,3930ca9cc68843b97a5458532b0c896c12936e798aa447452174513864a4aa5e,200,SUCCESS,2026-07-13T08:38:28.323624Z,full_sequence=H6_M2_2000_20260628_V1/release_date=2004-05-20/source_run=role5-h6-full-0238-20040520-a1/safe_headers.txt,bb746c9934b6491701948f17cc1bcfae08d395b832381d5478a4dfc58e729f4c,H6_TABLE1_MONTHLY_SA_M2_FULL_V1,true,FULL_NETWORK_ATTEMPT
role5-h6-full-0239-20040527-a1-body,role5-h6-full-0239-20040527-a1,20040527,https://www.federalreserve.gov/releases/h6/20040527/,full_sequence=H6_M2_2000_20260628_V1/release_date=2004-05-27/source_run=role5-h6-full-0239-20040527-a1/release.html,HTML,76385,9f5d7c781208c8a257e526432fc9ff4559543211094bf339d1505de416248858,200,SUCCESS,2026-07-13T08:38:30.299974Z,full_sequence=H6_M2_2000_20260628_V1/release_date=2004-05-27/source_run=role5-h6-full-0239-20040527-a1/safe_headers.txt,e445d814fe50a6179fe9d4bb9b335ddaa997cca0f0ec4521715c7ed8469d336c,H6_TABLE1_MONTHLY_SA_M2_FULL_V1,true,FULL_NETWORK_ATTEMPT
role5-h6-full-0240-20040603-a1-body,role5-h6-full-0240-20040603-a1,20040603,https://www.federalreserve.gov/releases/h6/20040603/,full_sequence=H6_M2_2000_20260628_V1/release_date=2004-06-03/source_run=role5-h6-full-0240-20040603-a1/release.html,HTML,76385,89660d2d9042e94543eeb6fc1596f2598264d766acd0e30a89ecc34a3108d692,200,SUCCESS,2026-07-13T08:38:30.919165Z,full_sequence=H6_M2_2000_20260628_V1/release_date=2004-06-03/source_run=role5-h6-full-0240-20040603-a1/safe_headers.txt,67cf4383a0a3558a8f4031b4d6e9609b00c465f2eb113dee1f9552072273c9e5,H6_TABLE1_MONTHLY_SA_M2_FULL_V1,true,FULL_NETWORK_ATTEMPT
role5-h6-full-0241-20040610-a1-body,role5-h6-full-0241-20040610-a1,20040610,https://www.federalreserve.gov/releases/h6/20040610/,full_sequence=H6_M2_2000_20260628_V1/release_date=2004-06-10/source_run=role5-h6-full-0241-20040610-a1/release.html,HTML,76388,69c74f8c7fbbe890863bcba93d614d7e10c0b1f055a51cc6a749b03ad4b6abac,200,SUCCESS,2026-07-13T08:38:31.679888Z,full_sequence=H6_M2_2000_20260628_V1/release_date=2004-06-10/source_run=role5-h6-full-0241-20040610-a1/safe_headers.txt,ea0c5fc578ab2c74f6ad7d0169fb59d28ea4789c3ff666ce700a481098eb7427,H6_TABLE1_MONTHLY_SA_M2_FULL_V1,true,FULL_NETWORK_ATTEMPT
role5-h6-full-0242-20040617-a1-body,role5-h6-full-0242-20040617-a1,20040617,https://www.federalreserve.gov/releases/h6/20040617/,full_sequence=H6_M2_2000_20260628_V1/release_date=2004-06-17/source_run=role5-h6-full-0242-20040617-a1/release.html,HTML,76388,4e6d33006ada01a8b0ebe0e492e6020e9c7205f8f862921825eb256871fdeb78,200,SUCCESS,2026-07-13T08:38:32.683707Z,full_sequence=H6_M2_2000_20260628_V1/release_date=2004-06-17/source_run=role5-h6-full-0242-20040617-a1/safe_headers.txt,39c7bbbaf268d4a3a3238e91f1b8f51300d44e876ce3014d901cda55ee0ef684,H6_TABLE1_MONTHLY_SA_M2_FULL_V1,true,FULL_NETWORK_ATTEMPT
role5-h6-full-0243-20040624-a1-body,role5-h6-full-0243-20040624-a1,20040624,https://www.federalreserve.gov/releases/h6/20040624/,full_sequence=H6_M2_2000_20260628_V1/release_date=2004-06-24/source_run=role5-h6-full-0243-20040624-a1/release.html,HTML,76388,f5e3d88e416d2bdfcd4551b352f375665b8f101796215acc70d51f0f170f227d,200,SUCCESS,2026-07-13T08:38:33.706971Z,full_sequence=H6_M2_2000_20260628_V1/release_date=2004-06-24/source_run=role5-h6-full-0243-20040624-a1/safe_headers.txt,c8a1a36b7ed03a6a2bdf05d59ea19c5d38db02127897075020a689ec4a958069,H6_TABLE1_MONTHLY_SA_M2_FULL_V1,true,FULL_NETWORK_ATTEMPT
role5-h6-full-0244-20040701-a1-body,role5-h6-full-0244-20040701-a1,20040701,https://www.federalreserve.gov/releases/h6/20040701/,full_sequence=H6_M2_2000_20260628_V1/release_date=2004-07-01/source_run=role5-h6-full-0244-20040701-a1/release.html,HTML,76385,221fbc7a1bc53ba3e97b005fc59832324a4c6727a580c5696e7f729019c82993,200,SUCCESS,2026-07-13T08:38:34.779026Z,full_sequence=H6_M2_2000_20260628_V1/release_date=2004-07-01/source_run=role5-h6-full-0244-20040701-a1/safe_headers.txt,bd797dfc56e2e288cbe12fabf2952b4cec438ac977ed65f72d5e802d0606b22e,H6_TABLE1_MONTHLY_SA_M2_FULL_V1,true,FULL_NETWORK_ATTEMPT
role5-h6-full-0245-20040708-a1-body,role5-h6-full-0245-20040708-a1,20040708,https://www.federalreserve.gov/releases/h6/20040708/,full_sequence=H6_M2_2000_20260628_V1/release_date=2004-07-08/source_run=role5-h6-full-0245-20040708-a1/release.html,HTML,76385,cd87d966e4b4636c4be56b56e94725d9a3eef06828ec53912c32341b16dd07c9,200,SUCCESS,2026-07-13T08:38:35.692656Z,full_sequence=H6_M2_2000_20260628_V1/release_date=2004-07-08/source_run=role5-h6-full-0245-20040708-a1/safe_headers.txt,42998b4a487b3fd18ce84d6b8cd292d2e4db31b8455b54331871775a0c31b8c7,H6_TABLE1_MONTHLY_SA_M2_FULL_V1,true,FULL_NETWORK_ATTEMPT
role5-h6-full-0246-20040715-a1-body,role5-h6-full-0246-20040715-a1,20040715,https://www.federalreserve.gov/releases/h6/20040715/,full_sequence=H6_M2_2000_20260628_V1/release_date=2004-07-15/source_run=role5-h6-full-0246-20040715-a1/release.html,HTML,76388,3e296d65f4589e227f470883aacf020b4208f2139989ec363ce74368a264a839,200,SUCCESS,2026-07-13T08:38:36.779165Z,full_sequence=H6_M2_2000_20260628_V1/release_date=2004-07-15/source_run=role5-h6-full-0246-20040715-a1/safe_headers.txt,aac60c6844b6b5552c8df4a77f2c8ede764dfdaa085b9fdb91894338a197c5af,H6_TABLE1_MONTHLY_SA_M2_FULL_V1,true,FULL_NETWORK_ATTEMPT
role5-h6-full-0247-20040722-a1-body,role5-h6-full-0247-20040722-a1,20040722,https://www.federalreserve.gov/releases/h6/20040722/,full_sequence=H6_M2_2000_20260628_V1/release_date=2004-07-22/source_run=role5-h6-full-0247-20040722-a1/release.html,HTML,76388,532ae572a6e68649d967145e522c5bcc679d4b717e27ae233895ffce9242ea78,200,SUCCESS,2026-07-13T08:38:37.706993Z,full_sequence=H6_M2_2000_20260628_V1/release_date=2004-07-22/source_run=role5-h6-full-0247-20040722-a1/safe_headers.txt,38419e81725a2d4d9bc84915be7d1816b6058c73423a2a3f1af9c26b1722b1e5,H6_TABLE1_MONTHLY_SA_M2_FULL_V1,true,FULL_NETWORK_ATTEMPT
role5-h6-full-0248-20040729-a1-body,role5-h6-full-0248-20040729-a1,20040729,https://www.federalreserve.gov/releases/h6/20040729/,full_sequence=H6_M2_2000_20260628_V1/release_date=2004-07-29/source_run=role5-h6-full-0248-20040729-a1/release.html,HTML,76388,f54c8849baefad8f28a0689840693f291f982eec77b7509364856b8497f1e69f,200,SUCCESS,2026-07-13T08:38:38.793682Z,full_sequence=H6_M2_2000_20260628_V1/release_date=2004-07-29/source_run=role5-h6-full-0248-20040729-a1/safe_headers.txt,6d61d064ef6007f9b2843c69fb68d8286d4077a7aac226499d43238602acc549,H6_TABLE1_MONTHLY_SA_M2_FULL_V1,true,FULL_NETWORK_ATTEMPT
role5-h6-full-0249-20040805-a1-body,role5-h6-full-0249-20040805-a1,20040805,https://www.federalreserve.gov/releases/h6/20040805/,full_sequence=H6_M2_2000_20260628_V1/release_date=2004-08-05/source_run=role5-h6-full-0249-20040805-a1/release.html,HTML,76391,885d977ae6c837d8fbe81ca1bc928efd9d619f1ee7e2b2554b40c19a5035849c,200,SUCCESS,2026-07-13T08:38:39.734874Z,full_sequence=H6_M2_2000_20260628_V1/release_date=2004-08-05/source_run=role5-h6-full-0249-20040805-a1/safe_headers.txt,e9f9814b5d79594d8fb0640e66044673eea25df739c9e93e90ddbb535a67be80,H6_TABLE1_MONTHLY_SA_M2_FULL_V1,true,FULL_NETWORK_ATTEMPT
role5-h6-full-0250-20040812-a1-body,role5-h6-full-0250-20040812-a1,20040812,https://www.federalreserve.gov/releases/h6/20040812/,full_sequence=H6_M2_2000_20260628_V1/release_date=2004-08-12/source_run=role5-h6-full-0250-20040812-a1/release.html,HTML,76394,a893b49643e23f7662a8c0a2c5a983049b678960b979859026962ca6a6d33854,200,SUCCESS,2026-07-13T08:38:40.755629Z,full_sequence=H6_M2_2000_20260628_V1/release_date=2004-08-12/source_run=role5-h6-full-0250-20040812-a1/safe_headers.txt,5f0555bc5fbf37d369b4c1a52120717fb418044c9deecce3291a09b0e141aba1,H6_TABLE1_MONTHLY_SA_M2_FULL_V1,true,FULL_NETWORK_ATTEMPT
role5-h6-full-0251-20040819-a1-body,role5-h6-full-0251-20040819-a1,20040819,https://www.federalreserve.gov/releases/h6/20040819/,full_sequence=H6_M2_2000_20260628_V1/release_date=2004-08-19/source_run=role5-h6-full-0251-20040819-a1/release.html,HTML,76394,2508a697604f1a642d5b826242b5141dded7313841a65a21943db775de58cf42,200,SUCCESS,2026-07-13T08:38:41.776952Z,full_sequence=H6_M2_2000_20260628_V1/release_date=2004-08-19/source_run=role5-h6-full-0251-20040819-a1/safe_headers.txt,fbb7a4f1f054d3bec121608a353b97cb99b897447e9329abb450771a947bb57c,H6_TABLE1_MONTHLY_SA_M2_FULL_V1,true,FULL_NETWORK_ATTEMPT
role5-h6-full-0252-20040826-a1-body,role5-h6-full-0252-20040826-a1,20040826,https://www.federalreserve.gov/releases/h6/20040826/,full_sequence=H6_M2_2000_20260628_V1/release_date=2004-08-26/source_run=role5-h6-full-0252-20040826-a1/release.html,HTML,76394,584dedb26d0d3d8da69e334f2470e92077e7bc641e744ef260d689e9ec463c72,200,SUCCESS,2026-07-13T08:38:42.760695Z,full_sequence=H6_M2_2000_20260628_V1/release_date=2004-08-26/source_run=role5-h6-full-0252-20040826-a1/safe_headers.txt,10279ad508053271de9537b34dde3f57cb5c8b4b6c11d412383787e5f340dfc6,H6_TABLE1_MONTHLY_SA_M2_FULL_V1,true,FULL_NETWORK_ATTEMPT
role5-h6-full-0253-20040902-a1-body,role5-h6-full-0253-20040902-a1,20040902,https://www.federalreserve.gov/releases/h6/20040902/,full_sequence=H6_M2_2000_20260628_V1/release_date=2004-09-02/source_run=role5-h6-full-0253-20040902-a1/release.html,HTML,76400,271157641d643ccbd4197e83a4b017369c806746103793b310fbf37186a65558,200,SUCCESS,2026-07-13T08:38:43.806229Z,full_sequence=H6_M2_2000_20260628_V1/release_date=2004-09-02/source_run=role5-h6-full-0253-20040902-a1/safe_headers.txt,ae7325e468ee50b5d9100f4b61670f4e83c19269547dc5a5381d9426deda6288,H6_TABLE1_MONTHLY_SA_M2_FULL_V1,true,FULL_NETWORK_ATTEMPT
role5-h6-full-0254-20040909-a1-body,role5-h6-full-0254-20040909-a1,20040909,https://www.federalreserve.gov/releases/h6/20040909/,full_sequence=H6_M2_2000_20260628_V1/release_date=2004-09-09/source_run=role5-h6-full-0254-20040909-a1/release.html,HTML,76400,f15a8f58f7bd9d5310d7d5d746aa81318a7f8c4dc6c4ebaad581e72c76deaaca,200,SUCCESS,2026-07-13T08:38:44.823708Z,full_sequence=H6_M2_2000_20260628_V1/release_date=2004-09-09/source_run=role5-h6-full-0254-20040909-a1/safe_headers.txt,db06365709692d435e5a0d508c13762c00bcee47ec0e22d725a60d4c920579ad,H6_TABLE1_MONTHLY_SA_M2_FULL_V1,true,FULL_NETWORK_ATTEMPT
role5-h6-full-0255-20040916-a1-body,role5-h6-full-0255-20040916-a1,20040916,https://www.federalreserve.gov/releases/h6/20040916/,full_sequence=H6_M2_2000_20260628_V1/release_date=2004-09-16/source_run=role5-h6-full-0255-20040916-a1/release.html,HTML,76403,30c81c4be6b380de73f61fbb28aae8b3bca5da401ac729b5525ccea8fed7f791,200,SUCCESS,2026-07-13T08:38:50.790547Z,full_sequence=H6_M2_2000_20260628_V1/release_date=2004-09-16/source_run=role5-h6-full-0255-20040916-a1/safe_headers.txt,c3621b74dd7dccc369978f17e0ad76a4c65e572203a638918651390bf7cfcd33,H6_TABLE1_MONTHLY_SA_M2_FULL_V1,true,FULL_NETWORK_ATTEMPT
role5-h6-full-0256-20040923-a1-body,role5-h6-full-0256-20040923-a1,20040923,https://www.federalreserve.gov/releases/h6/20040923/,full_sequence=H6_M2_2000_20260628_V1/release_date=2004-09-23/source_run=role5-h6-full-0256-20040923-a1/release.html,HTML,76403,f84c0c38a50c0385eb802338a8c191d94a92423bba7279ce71829044f76401f8,200,SUCCESS,2026-07-13T08:38:51.159668Z,full_sequence=H6_M2_2000_20260628_V1/release_date=2004-09-23/source_run=role5-h6-full-0256-20040923-a1/safe_headers.txt,d3c5289cb2903e9d7b75a63fbc06180a7d3b8464f6830ce7fc90173fae5e73aa,H6_TABLE1_MONTHLY_SA_M2_FULL_V1,true,FULL_NETWORK_ATTEMPT
role5-h6-full-0257-20040930-a1-body,role5-h6-full-0257-20040930-a1,20040930,https://www.federalreserve.gov/releases/h6/20040930/,full_sequence=H6_M2_2000_20260628_V1/release_date=2004-09-30/source_run=role5-h6-full-0257-20040930-a1/release.html,HTML,76403,08b814d6124d0a4aeccbbce1db0f356c16be042ef92a07c6b326c00ec2a1f755,200,SUCCESS,2026-07-13T08:38:52.267775Z,full_sequence=H6_M2_2000_20260628_V1/release_date=2004-09-30/source_run=role5-h6-full-0257-20040930-a1/safe_headers.txt,5bbc641b5571622572979b3e647b12be8d0a58d6f099b31c2d7b7e008f377232,H6_TABLE1_MONTHLY_SA_M2_FULL_V1,true,FULL_NETWORK_ATTEMPT
role5-h6-full-0258-20041007-a1-body,role5-h6-full-0258-20041007-a1,20041007,https://www.federalreserve.gov/releases/h6/20041007/,full_sequence=H6_M2_2000_20260628_V1/release_date=2004-10-07/source_run=role5-h6-full-0258-20041007-a1/release.html,HTML,76394,fa774894ffcbb87642df257b4e0d1ce2770689addeca203f64180a3ce823a4aa,200,SUCCESS,2026-07-13T08:38:53.158153Z,full_sequence=H6_M2_2000_20260628_V1/release_date=2004-10-07/source_run=role5-h6-full-0258-20041007-a1/safe_headers.txt,efaf0d1eb9c92223d45e6585d10bea43b3faac86b6c3746f08774c8c7d53c1cd,H6_TABLE1_MONTHLY_SA_M2_FULL_V1,true,FULL_NETWORK_ATTEMPT
role5-h6-full-0259-20041014-a1-body,role5-h6-full-0259-20041014-a1,20041014,https://www.federalreserve.gov/releases/h6/20041014/,full_sequence=H6_M2_2000_20260628_V1/release_date=2004-10-14/source_run=role5-h6-full-0259-20041014-a1/release.html,HTML,76397,de14a9c14212cb1d6b93a1343fce3238b2512aba2992491c57b2130e96c188fe,200,SUCCESS,2026-07-13T08:38:54.168500Z,full_sequence=H6_M2_2000_20260628_V1/release_date=2004-10-14/source_run=role5-h6-full-0259-20041014-a1/safe_headers.txt,426c5da17ec05df95d7725b127d7893545e0d2c34402290783c9b6cc2c095726,H6_TABLE1_MONTHLY_SA_M2_FULL_V1,true,FULL_NETWORK_ATTEMPT
role5-h6-full-0260-20041021-a1-body,role5-h6-full-0260-20041021-a1,20041021,https://www.federalreserve.gov/releases/h6/20041021/,full_sequence=H6_M2_2000_20260628_V1/release_date=2004-10-21/source_run=role5-h6-full-0260-20041021-a1/release.html,HTML,76397,ef6686bf5c0915adaa9d43ba5dc7cfcd75ddf5c9cc5e3ed58be28802ab3b503f,200,SUCCESS,2026-07-13T08:38:55.172168Z,full_sequence=H6_M2_2000_20260628_V1/release_date=2004-10-21/source_run=role5-h6-full-0260-20041021-a1/safe_headers.txt,57bc9c954b5ce0f81cdaebbe38d628f3c170b81c56d77ba8963d1ed9d4ba2beb,H6_TABLE1_MONTHLY_SA_M2_FULL_V1,true,FULL_NETWORK_ATTEMPT
role5-h6-full-0261-20041028-a1-body,role5-h6-full-0261-20041028-a1,20041028,https://www.federalreserve.gov/releases/h6/20041028/,full_sequence=H6_M2_2000_20260628_V1/release_date=2004-10-28/source_run=role5-h6-full-0261-20041028-a1/release.html,HTML,76397,324163b83914aaaab08cf5d1a4697204e2ec45580e773469f902af835488764f,200,SUCCESS,2026-07-13T08:38:58.184650Z,full_sequence=H6_M2_2000_20260628_V1/release_date=2004-10-28/source_run=role5-h6-full-0261-20041028-a1/safe_headers.txt,b9c1723bfec5fd1ff72a2581d49327a7c12bb6bb202ebf483522bb3860b09289,H6_TABLE1_MONTHLY_SA_M2_FULL_V1,true,FULL_NETWORK_ATTEMPT
role5-h6-full-0262-20041104-a1-body,role5-h6-full-0262-20041104-a1,20041104,https://www.federalreserve.gov/releases/h6/20041104/,full_sequence=H6_M2_2000_20260628_V1/release_date=2004-11-04/source_run=role5-h6-full-0262-20041104-a1/release.html,HTML,76397,b631a96680b300f842df68398dbd0b1f064fab5b5cb1c650f402be41e4d7e996,200,SUCCESS,2026-07-13T08:38:58.539023Z,full_sequence=H6_M2_2000_20260628_V1/release_date=2004-11-04/source_run=role5-h6-full-0262-20041104-a1/safe_headers.txt,7f35751e662cf917a9714fdab6708ae47a5b2a5a3c89620ff780ccedda05671b,H6_TABLE1_MONTHLY_SA_M2_FULL_V1,true,FULL_NETWORK_ATTEMPT
role5-h6-full-0263-20041112-a1-body,role5-h6-full-0263-20041112-a1,20041112,https://www.federalreserve.gov/releases/h6/20041112/,full_sequence=H6_M2_2000_20260628_V1/release_date=2004-11-12/source_run=role5-h6-full-0263-20041112-a1/release.html,HTML,76400,b7218bf2760af8981db124cf762be0bd0775fc0f013763cdaf1e4dfb8a8d69ff,200,SUCCESS,2026-07-13T08:38:59.558907Z,full_sequence=H6_M2_2000_20260628_V1/release_date=2004-11-12/source_run=role5-h6-full-0263-20041112-a1/safe_headers.txt,ca9a2ba63b90e3bcedcb71d4209f5475609ddb9e236e0899a0c44c50bbdead7f,H6_TABLE1_MONTHLY_SA_M2_FULL_V1,true,FULL_NETWORK_ATTEMPT
role5-h6-full-0264-20041118-a1-body,role5-h6-full-0264-20041118-a1,20041118,https://www.federalreserve.gov/releases/h6/20041118/,full_sequence=H6_M2_2000_20260628_V1/release_date=2004-11-18/source_run=role5-h6-full-0264-20041118-a1/release.html,HTML,76400,4f957c04cdea78e1c8c8c666724fd5e877e87918b1253190fb59dee2ae058833,200,SUCCESS,2026-07-13T08:39:00.585991Z,full_sequence=H6_M2_2000_20260628_V1/release_date=2004-11-18/source_run=role5-h6-full-0264-20041118-a1/safe_headers.txt,a5f3fcd2f568c1fbad4c1b79a84caf550228946da890ee8383cf6975e67441c6,H6_TABLE1_MONTHLY_SA_M2_FULL_V1,true,FULL_NETWORK_ATTEMPT
role5-h6-full-0265-20041126-a1-body,role5-h6-full-0265-20041126-a1,20041126,https://www.federalreserve.gov/releases/h6/20041126/,full_sequence=H6_M2_2000_20260628_V1/release_date=2004-11-26/source_run=role5-h6-full-0265-20041126-a1/release.html,HTML,76400,a7bcdad0034081e0374f50a4e983f314ca39507aee1148f4465658f3031b0c8a,200,SUCCESS,2026-07-13T08:39:01.602374Z,full_sequence=H6_M2_2000_20260628_V1/release_date=2004-11-26/source_run=role5-h6-full-0265-20041126-a1/safe_headers.txt,71fdf0d2f7d43fece96b64c53e971d68b00a27250c800deadd477d77e1578aa4,H6_TABLE1_MONTHLY_SA_M2_FULL_V1,true,FULL_NETWORK_ATTEMPT
role5-h6-full-0266-20041202-a1-body,role5-h6-full-0266-20041202-a1,20041202,https://www.federalreserve.gov/releases/h6/20041202/,full_sequence=H6_M2_2000_20260628_V1/release_date=2004-12-02/source_run=role5-h6-full-0266-20041202-a1/release.html,HTML,76397,f7b4aa309535376844971517110c569ec1f20325e6be50a7f7b65b09b24c0eab,200,SUCCESS,2026-07-13T08:39:02.571726Z,full_sequence=H6_M2_2000_20260628_V1/release_date=2004-12-02/source_run=role5-h6-full-0266-20041202-a1/safe_headers.txt,ca3e9b531ac90c7332c93ab716d52f4725bc368de61db2b48b0589b7670fa4d9,H6_TABLE1_MONTHLY_SA_M2_FULL_V1,true,FULL_NETWORK_ATTEMPT
role5-h6-full-0267-20041209-a1-body,role5-h6-full-0267-20041209-a1,20041209,https://www.federalreserve.gov/releases/h6/20041209/,full_sequence=H6_M2_2000_20260628_V1/release_date=2004-12-09/source_run=role5-h6-full-0267-20041209-a1/release.html,HTML,76397,092c919a02ea3c97659d74260bed05b8fa258306c480b9cfc9855815d57fb035,200,SUCCESS,2026-07-13T08:39:06.624021Z,full_sequence=H6_M2_2000_20260628_V1/release_date=2004-12-09/source_run=role5-h6-full-0267-20041209-a1/safe_headers.txt,9a629bed97f27bb6936b133a099796fcf8b3a723188fcda378cebfff70383f7b,H6_TABLE1_MONTHLY_SA_M2_FULL_V1,true,FULL_NETWORK_ATTEMPT
role5-h6-full-0268-20041216-a1-body,role5-h6-full-0268-20041216-a1,20041216,https://www.federalreserve.gov/releases/h6/20041216/,full_sequence=H6_M2_2000_20260628_V1/release_date=2004-12-16/source_run=role5-h6-full-0268-20041216-a1/release.html,HTML,76422,172007e94cae0099cda5e9faf4193dc1e345064025d2aada0b104d6e2cc94edf,200,SUCCESS,2026-07-13T08:39:06.975915Z,full_sequence=H6_M2_2000_20260628_V1/release_date=2004-12-16/source_run=role5-h6-full-0268-20041216-a1/safe_headers.txt,72a04e9201e380b5e2121d4b4d040c9b3df73e3a64a418a56614fe6b2aa3aae7,H6_TABLE1_MONTHLY_SA_M2_FULL_V1,true,FULL_NETWORK_ATTEMPT
role5-h6-full-0269-20041223-a1-body,role5-h6-full-0269-20041223-a1,20041223,https://www.federalreserve.gov/releases/h6/20041223/,full_sequence=H6_M2_2000_20260628_V1/release_date=2004-12-23/source_run=role5-h6-full-0269-20041223-a1/release.html,HTML,76400,c78d2c197fc0da122fff72568d09d37f48064026c624b514890453044eb242e2,200,SUCCESS,2026-07-13T08:39:08.042136Z,full_sequence=H6_M2_2000_20260628_V1/release_date=2004-12-23/source_run=role5-h6-full-0269-20041223-a1/safe_headers.txt,1925a2c24d972190f38e9cdeeaff67af2f5580b93b6643a5bf45a2f3ee2e83bd,H6_TABLE1_MONTHLY_SA_M2_FULL_V1,true,FULL_NETWORK_ATTEMPT
role5-h6-full-0270-20041230-a1-body,role5-h6-full-0270-20041230-a1,20041230,https://www.federalreserve.gov/releases/h6/20041230/,full_sequence=H6_M2_2000_20260628_V1/release_date=2004-12-30/source_run=role5-h6-full-0270-20041230-a1/release.html,HTML,76400,5dcfeec2f5c2c7c804192f424802ce1e84f5f7851954f3419e81f077cdeb7583,200,SUCCESS,2026-07-13T08:39:08.998647Z,full_sequence=H6_M2_2000_20260628_V1/release_date=2004-12-30/source_run=role5-h6-full-0270-20041230-a1/safe_headers.txt,f6d670f9dfacdcb8eb8843c23a15cccacd9e2e9877c020f7c28b0775c840a300,H6_TABLE1_MONTHLY_SA_M2_FULL_V1,true,FULL_NETWORK_ATTEMPT
role5-h6-full-0271-20050106-a1-body,role5-h6-full-0271-20050106-a1,20050106,https://www.federalreserve.gov/releases/h6/20050106/,full_sequence=H6_M2_2000_20260628_V1/release_date=2005-01-06/source_run=role5-h6-full-0271-20050106-a1/release.html,HTML,76394,1958c89ce5118f39718a49a4bec387672ab969f073359704e2d57f60c8be36e2,200,SUCCESS,2026-07-13T08:39:10.222184Z,full_sequence=H6_M2_2000_20260628_V1/release_date=2005-01-06/source_run=role5-h6-full-0271-20050106-a1/safe_headers.txt,5d8afcd90fa1df742fcd9d3a79b6a95cbe5d0cce75c88bab0c9326cfd4de3d99,H6_TABLE1_MONTHLY_SA_M2_FULL_V1,true,FULL_NETWORK_ATTEMPT
role5-h6-full-0272-20050113-a1-body,role5-h6-full-0272-20050113-a1,20050113,https://www.federalreserve.gov/releases/h6/20050113/,full_sequence=H6_M2_2000_20260628_V1/release_date=2005-01-13/source_run=role5-h6-full-0272-20050113-a1/release.html,HTML,76397,d7eeb7713d425517bad1ff85ed32896baf8ed9df5e2a8997159b5ba5b73f142e,200,SUCCESS,2026-07-13T08:39:11.085558Z,full_sequence=H6_M2_2000_20260628_V1/release_date=2005-01-13/source_run=role5-h6-full-0272-20050113-a1/safe_headers.txt,f92c5f9cc4feaac8eb912897ac453d42dd7166b7d0f71d1729150faa504165dd,H6_TABLE1_MONTHLY_SA_M2_FULL_V1,true,FULL_NETWORK_ATTEMPT
role5-h6-full-0273-20050120-a1-body,role5-h6-full-0273-20050120-a1,20050120,https://www.federalreserve.gov/releases/h6/20050120/,full_sequence=H6_M2_2000_20260628_V1/release_date=2005-01-20/source_run=role5-h6-full-0273-20050120-a1/release.html,HTML,76397,2699e00190b5c72a026f2716c8792161e8a811f43670aa3a386599b40ddaecc1,200,SUCCESS,2026-07-13T08:39:12.149528Z,full_sequence=H6_M2_2000_20260628_V1/release_date=2005-01-20/source_run=role5-h6-full-0273-20050120-a1/safe_headers.txt,8b868da003e07c9c63194f479ac2dfb7f403e079aa95d9f43ad661aae391ba3f,H6_TABLE1_MONTHLY_SA_M2_FULL_V1,true,FULL_NETWORK_ATTEMPT
role5-h6-full-0274-20050127-a1-body,role5-h6-full-0274-20050127-a1,20050127,https://www.federalreserve.gov/releases/h6/20050127/,full_sequence=H6_M2_2000_20260628_V1/release_date=2005-01-27/source_run=role5-h6-full-0274-20050127-a1/release.html,HTML,76397,54ac8dd616a9fd376bd7088cdf383be07027003a59c76bd98fe8cde5af650813,200,SUCCESS,2026-07-13T08:39:13.059943Z,full_sequence=H6_M2_2000_20260628_V1/release_date=2005-01-27/source_run=role5-h6-full-0274-20050127-a1/safe_headers.txt,50f0517693818834c8cabc0c659f2f4b73156e4f2950665aa343ac639fea5a67,H6_TABLE1_MONTHLY_SA_M2_FULL_V1,true,FULL_NETWORK_ATTEMPT
role5-h6-full-0275-20050203-a1-body,role5-h6-full-0275-20050203-a1,20050203,https://www.federalreserve.gov/releases/h6/20050203/,full_sequence=H6_M2_2000_20260628_V1/release_date=2005-02-03/source_run=role5-h6-full-0275-20050203-a1/release.html,HTML,114895,ba51a850b41e83214af57e77fe6e1652ad8c6ae3cb56c3bafb2de738bb1764b3,200,SUCCESS,2026-07-13T08:39:14.061688Z,full_sequence=H6_M2_2000_20260628_V1/release_date=2005-02-03/source_run=role5-h6-full-0275-20050203-a1/safe_headers.txt,bd1fad0e7f5b69e4df7a944cdc15b13fb4e610373b41927c1191cbb4d68af9b9,H6_TABLE1_MONTHLY_SA_M2_FULL_V1,true,FULL_NETWORK_ATTEMPT
role5-h6-full-0276-20050210-a1-body,role5-h6-full-0276-20050210-a1,20050210,https://www.federalreserve.gov/releases/h6/20050210/,full_sequence=H6_M2_2000_20260628_V1/release_date=2005-02-10/source_run=role5-h6-full-0276-20050210-a1/release.html,HTML,76400,ed988aefc816b2bcbf89bfd76ad171c4b8c79067cbf500a6d7031bd48f497d8e,200,SUCCESS,2026-07-13T08:39:15.067045Z,full_sequence=H6_M2_2000_20260628_V1/release_date=2005-02-10/source_run=role5-h6-full-0276-20050210-a1/safe_headers.txt,8c13ee9825dddfc1a09c6ef95393c1eddc19f659a6e9009643dc138f0d5e9630,H6_TABLE1_MONTHLY_SA_M2_FULL_V1,true,FULL_NETWORK_ATTEMPT
role5-h6-full-0277-20050217-a1-body,role5-h6-full-0277-20050217-a1,20050217,https://www.federalreserve.gov/releases/h6/20050217/,full_sequence=H6_M2_2000_20260628_V1/release_date=2005-02-17/source_run=role5-h6-full-0277-20050217-a1/release.html,HTML,76400,71a999897d8ef58733f4c9307bd7a6422ac2a78904e8e39e0f68ea7664b0cda8,200,SUCCESS,2026-07-13T08:39:16.048819Z,full_sequence=H6_M2_2000_20260628_V1/release_date=2005-02-17/source_run=role5-h6-full-0277-20050217-a1/safe_headers.txt,712f76aff3368e65a9fb3b749026ae6536639ef429586d4daee8fbce09fccc10,H6_TABLE1_MONTHLY_SA_M2_FULL_V1,true,FULL_NETWORK_ATTEMPT
role5-h6-full-0278-20050224-a1-body,role5-h6-full-0278-20050224-a1,20050224,https://www.federalreserve.gov/releases/h6/20050224/,full_sequence=H6_M2_2000_20260628_V1/release_date=2005-02-24/source_run=role5-h6-full-0278-20050224-a1/release.html,HTML,76400,1322417dcf85b5d2f473210b3d45644de372b94983b25f4bbd5396a3c3c300eb,200,SUCCESS,2026-07-13T08:39:17.137900Z,full_sequence=H6_M2_2000_20260628_V1/release_date=2005-02-24/source_run=role5-h6-full-0278-20050224-a1/safe_headers.txt,e0b945a215a9ddece2749c8d0750e8afb3440df612484806af63951adeaf8578,H6_TABLE1_MONTHLY_SA_M2_FULL_V1,true,FULL_NETWORK_ATTEMPT
role5-h6-full-0279-20050305-a1-body,role5-h6-full-0279-20050305-a1,20050305,https://www.federalreserve.gov/releases/h6/20050305/,full_sequence=H6_M2_2000_20260628_V1/release_date=2005-03-05/source_run=role5-h6-full-0279-20050305-a1/release.html,HTML,76388,917f9e003c428c544d27aa7a76f2b080e13c4d116e362f236c7adba01c732c53,200,STOP_PARSER_OR_SOURCE_IDENTITY_UNRESOLVED,2026-07-13T08:39:18.040130Z,full_sequence=H6_M2_2000_20260628_V1/release_date=2005-03-05/source_run=role5-h6-full-0279-20050305-a1/safe_headers.txt,3e49568b89d909120efbbb39e55b90f532d89766d5effc7d64f02d31973bb507,H6_TABLE1_MONTHLY_SA_M2_FULL_V1,true,FULL_NETWORK_ATTEMPT
role5-h6-full-0280-20050305-a2-body,role5-h6-full-0280-20050305-a2,20050305,https://www.federalreserve.gov/releases/h6/20050305/h6.txt,full_sequence=H6_M2_2000_20260628_V1/release_date=2005-03-05/source_run=role5-h6-full-0280-20050305-a2/release.txt,ASCII,73691,878554d53a881e73f956cf7e62e42e059f852a2f1f18833f02aedca4446d475a,200,STOP_PARSER_OR_SOURCE_IDENTITY_UNRESOLVED,2026-07-13T08:39:43.725158Z,full_sequence=H6_M2_2000_20260628_V1/release_date=2005-03-05/source_run=role5-h6-full-0280-20050305-a2/safe_headers.txt,3aa30697ab1c51afdbfde58cf06183e8cb2aab1767fa216b4d7601c1c8957259,H6_TABLE1_MONTHLY_SA_M2_FULL_V1,false,FULL_NETWORK_ATTEMPT
role5-h6-full-0281-20050310-a1-body,role5-h6-full-0281-20050310-a1,20050310,https://www.federalreserve.gov/releases/h6/20050310/,full_sequence=H6_M2_2000_20260628_V1/release_date=2005-03-10/source_run=role5-h6-full-0281-20050310-a1/release.html,HTML,76391,4e265a061c44b7318913f4876aabb6722ef0b4b7a990349789706f53ee1d8e16,200,SUCCESS,2026-07-13T08:42:40.058536Z,full_sequence=H6_M2_2000_20260628_V1/release_date=2005-03-10/source_run=role5-h6-full-0281-20050310-a1/safe_headers.txt,b1bf48a399d6cad86a77eeaf64b5a33f111d30e438fcbbf474dd88d67fe11065,H6_TABLE1_MONTHLY_SA_M2_FULL_V1,true,FULL_NETWORK_ATTEMPT
role5-h6-full-0282-20050317-a1-body,role5-h6-full-0282-20050317-a1,20050317,https://www.federalreserve.gov/releases/h6/20050317/,full_sequence=H6_M2_2000_20260628_V1/release_date=2005-03-17/source_run=role5-h6-full-0282-20050317-a1/release.html,HTML,76391,37370821408cfba62a616b42d34cc9705371ef72e4ef8243243435567342dc5f,200,SUCCESS,2026-07-13T08:42:41.091149Z,full_sequence=H6_M2_2000_20260628_V1/release_date=2005-03-17/source_run=role5-h6-full-0282-20050317-a1/safe_headers.txt,47183d520ade865e073add84364b09e543648c8026da3952c458b2a04d6540fb,H6_TABLE1_MONTHLY_SA_M2_FULL_V1,true,FULL_NETWORK_ATTEMPT
role5-h6-full-0283-20050324-a1-body,role5-h6-full-0283-20050324-a1,20050324,https://www.federalreserve.gov/releases/h6/20050324/,full_sequence=H6_M2_2000_20260628_V1/release_date=2005-03-24/source_run=role5-h6-full-0283-20050324-a1/release.html,HTML,76391,1ce41a3280f7f05bcdc3ad9ceeb68b32de7ebdabe9a77ee8a39fbf6708d67fed,200,SUCCESS,2026-07-13T08:42:42.087944Z,full_sequence=H6_M2_2000_20260628_V1/release_date=2005-03-24/source_run=role5-h6-full-0283-20050324-a1/safe_headers.txt,63e7a2232051e1155989367414ffe1d415a50fc4672961e34708a892a8a379b8,H6_TABLE1_MONTHLY_SA_M2_FULL_V1,true,FULL_NETWORK_ATTEMPT
role5-h6-full-0284-20050331-a1-body,role5-h6-full-0284-20050331-a1,20050331,https://www.federalreserve.gov/releases/h6/20050331/,full_sequence=H6_M2_2000_20260628_V1/release_date=2005-03-31/source_run=role5-h6-full-0284-20050331-a1/release.html,HTML,76391,9459ae854b2fa6d5a326f2eafd1a0ac16eb1433f637c4ba35fdb51a6e5633b3e,200,SUCCESS,2026-07-13T08:42:43.081727Z,full_sequence=H6_M2_2000_20260628_V1/release_date=2005-03-31/source_run=role5-h6-full-0284-20050331-a1/safe_headers.txt,2f95767f7288abcd36f5d64de6bec3114c1d79c672bbf03780376db8ae56e4f8,H6_TABLE1_MONTHLY_SA_M2_FULL_V1,true,FULL_NETWORK_ATTEMPT
role5-h6-full-0285-20050407-a1-body,role5-h6-full-0285-20050407-a1,20050407,https://www.federalreserve.gov/releases/h6/20050407/,full_sequence=H6_M2_2000_20260628_V1/release_date=2005-04-07/source_run=role5-h6-full-0285-20050407-a1/release.html,HTML,76388,2718d997d69eff0291eeaf69a71e6e8b6aee94aee9c8f5f8714501b751ebf1b6,200,SUCCESS,2026-07-13T08:42:44.092249Z,full_sequence=H6_M2_2000_20260628_V1/release_date=2005-04-07/source_run=role5-h6-full-0285-20050407-a1/safe_headers.txt,1d420607a19dd5a0a631cd1c208c200eb2e841e4c38cf9f26b7eb94a446dfb7f,H6_TABLE1_MONTHLY_SA_M2_FULL_V1,true,FULL_NETWORK_ATTEMPT
role5-h6-full-0286-20050414-a1-body,role5-h6-full-0286-20050414-a1,20050414,https://www.federalreserve.gov/releases/h6/20050414/,full_sequence=H6_M2_2000_20260628_V1/release_date=2005-04-14/source_run=role5-h6-full-0286-20050414-a1/release.html,HTML,76391,5c10aade0d8ffffc44bf5b3f90bc4033eb2fa623ac2d3787fdb2c828b1c54f78,200,SUCCESS,2026-07-13T08:42:45.103098Z,full_sequence=H6_M2_2000_20260628_V1/release_date=2005-04-14/source_run=role5-h6-full-0286-20050414-a1/safe_headers.txt,be00aabe030aa4e0792c30f0ed1feb3a2a468ea8b449d70cb5afef6a92b2a197,H6_TABLE1_MONTHLY_SA_M2_FULL_V1,true,FULL_NETWORK_ATTEMPT
role5-h6-full-0287-20050421-a1-body,role5-h6-full-0287-20050421-a1,20050421,https://www.federalreserve.gov/releases/h6/20050421/,full_sequence=H6_M2_2000_20260628_V1/release_date=2005-04-21/source_run=role5-h6-full-0287-20050421-a1/release.html,HTML,76391,2dd08125fadba98d9e94b676953d93d4de6c9ced6c14e6daeaa7ff146ef720a3,200,SUCCESS,2026-07-13T08:42:46.135934Z,full_sequence=H6_M2_2000_20260628_V1/release_date=2005-04-21/source_run=role5-h6-full-0287-20050421-a1/safe_headers.txt,16efc1d35be7e04aacb77c5f255f9a5b44dbc8edd71497cab4abe551b6e0045b,H6_TABLE1_MONTHLY_SA_M2_FULL_V1,true,FULL_NETWORK_ATTEMPT
role5-h6-full-0288-20050428-a1-body,role5-h6-full-0288-20050428-a1,20050428,https://www.federalreserve.gov/releases/h6/20050428/,full_sequence=H6_M2_2000_20260628_V1/release_date=2005-04-28/source_run=role5-h6-full-0288-20050428-a1/release.html,HTML,76391,835913a689e7cd9e8aaa5b3e683b46303a333c00b2b9565f28bf289fcf7ee85b,200,SUCCESS,2026-07-13T08:42:47.112830Z,full_sequence=H6_M2_2000_20260628_V1/release_date=2005-04-28/source_run=role5-h6-full-0288-20050428-a1/safe_headers.txt,3035338d99b7cf1d619a4898112a9b6c25283d6970e35a6581a468b7ad69b41c,H6_TABLE1_MONTHLY_SA_M2_FULL_V1,true,FULL_NETWORK_ATTEMPT
role5-h6-full-0289-20050505-a1-body,role5-h6-full-0289-20050505-a1,20050505,https://www.federalreserve.gov/releases/h6/20050505/,full_sequence=H6_M2_2000_20260628_V1/release_date=2005-05-05/source_run=role5-h6-full-0289-20050505-a1/release.html,HTML,76382,0ec94920fcbf050f9f418d6219b249469aefcec5a1d6c484fd5e6b50417783bf,200,SUCCESS,2026-07-13T08:42:48.112788Z,full_sequence=H6_M2_2000_20260628_V1/release_date=2005-05-05/source_run=role5-h6-full-0289-20050505-a1/safe_headers.txt,f62d56464068d0cd5a1ba083485c257e3773b2fd3ff7b2ed7701045b8c4b2af8,H6_TABLE1_MONTHLY_SA_M2_FULL_V1,true,FULL_NETWORK_ATTEMPT
role5-h6-full-0290-20050512-a1-body,role5-h6-full-0290-20050512-a1,20050512,https://www.federalreserve.gov/releases/h6/20050512/,full_sequence=H6_M2_2000_20260628_V1/release_date=2005-05-12/source_run=role5-h6-full-0290-20050512-a1/release.html,HTML,76385,c923b6ad6f1c5a6de0ab0f1c7fc8a3ff3b6bc569c6a921842139a062c852108b,200,SUCCESS,2026-07-13T08:42:49.137882Z,full_sequence=H6_M2_2000_20260628_V1/release_date=2005-05-12/source_run=role5-h6-full-0290-20050512-a1/safe_headers.txt,df266c1f17647bfa97b8c68e9976ba5befb0c5e9987eef36f491de459656888f,H6_TABLE1_MONTHLY_SA_M2_FULL_V1,true,FULL_NETWORK_ATTEMPT
role5-h6-full-0291-20050519-a1-body,role5-h6-full-0291-20050519-a1,20050519,https://www.federalreserve.gov/releases/h6/20050519/,full_sequence=H6_M2_2000_20260628_V1/release_date=2005-05-19/source_run=role5-h6-full-0291-20050519-a1/release.html,HTML,76385,df131de2ad82ec08dba559eea66a14c98f3a39445ce3c8caf5534cc73c5e455f,200,SUCCESS,2026-07-13T08:42:50.104276Z,full_sequence=H6_M2_2000_20260628_V1/release_date=2005-05-19/source_run=role5-h6-full-0291-20050519-a1/safe_headers.txt,eb4e6b3b72bf1a70fecdcf83147966a80f51a75774e338164f16b92d533a10c8,H6_TABLE1_MONTHLY_SA_M2_FULL_V1,true,FULL_NETWORK_ATTEMPT
role5-h6-full-0292-20050526-a1-body,role5-h6-full-0292-20050526-a1,20050526,https://www.federalreserve.gov/releases/h6/20050526/,full_sequence=H6_M2_2000_20260628_V1/release_date=2005-05-26/source_run=role5-h6-full-0292-20050526-a1/release.html,HTML,76389,b2a87556632bfe57ef9bd76769084cd97620a9bcf32226509db7b534a307c35d,200,SUCCESS,2026-07-13T08:42:51.144755Z,full_sequence=H6_M2_2000_20260628_V1/release_date=2005-05-26/source_run=role5-h6-full-0292-20050526-a1/safe_headers.txt,9cb0d4063b1c1bd9986d413667dcd7c923ddbcd6df2e77835b4e893317bf4a38,H6_TABLE1_MONTHLY_SA_M2_FULL_V1,true,FULL_NETWORK_ATTEMPT
role5-h6-full-0293-20050602-a1-body,role5-h6-full-0293-20050602-a1,20050602,https://www.federalreserve.gov/releases/h6/20050602/,full_sequence=H6_M2_2000_20260628_V1/release_date=2005-06-02/source_run=role5-h6-full-0293-20050602-a1/release.html,HTML,76389,d605113a96839e947249bfbb53baf3f9d8be1151103100c54abea0553e877c30,200,SUCCESS,2026-07-13T08:42:52.153631Z,full_sequence=H6_M2_2000_20260628_V1/release_date=2005-06-02/source_run=role5-h6-full-0293-20050602-a1/safe_headers.txt,ad8226e524811b88b7e4079293288f714d23389f106c99f0fc131c307b647fd9,H6_TABLE1_MONTHLY_SA_M2_FULL_V1,true,FULL_NETWORK_ATTEMPT
role5-h6-full-0294-20050609-a1-body,role5-h6-full-0294-20050609-a1,20050609,https://www.federalreserve.gov/releases/h6/20050609/,full_sequence=H6_M2_2000_20260628_V1/release_date=2005-06-09/source_run=role5-h6-full-0294-20050609-a1/release.html,HTML,76389,281deeab2a8eb397de4e0b111eff8b83faa3d75f102ce249c192da26a89f84ed,200,SUCCESS,2026-07-13T08:42:53.154625Z,full_sequence=H6_M2_2000_20260628_V1/release_date=2005-06-09/source_run=role5-h6-full-0294-20050609-a1/safe_headers.txt,d4f26c4fea6481cf89227b862889b57a416b428ee40b485772946f12f6402027,H6_TABLE1_MONTHLY_SA_M2_FULL_V1,true,FULL_NETWORK_ATTEMPT
role5-h6-full-0295-20050616-a1-body,role5-h6-full-0295-20050616-a1,20050616,https://www.federalreserve.gov/releases/h6/20050616/,full_sequence=H6_M2_2000_20260628_V1/release_date=2005-06-16/source_run=role5-h6-full-0295-20050616-a1/release.html,HTML,76392,2070b66da0a39e03d6ef4c405ee3d4f1386fb3bafa688a65446d08d836eb6283,200,SUCCESS,2026-07-13T08:42:54.186751Z,full_sequence=H6_M2_2000_20260628_V1/release_date=2005-06-16/source_run=role5-h6-full-0295-20050616-a1/safe_headers.txt,ad2edb1e1b4f18188b7ae8fe7f64d8f7af8671e8d8bab61bd9e4ba151552e8c4,H6_TABLE1_MONTHLY_SA_M2_FULL_V1,true,FULL_NETWORK_ATTEMPT
role5-h6-full-0296-20050623-a1-body,role5-h6-full-0296-20050623-a1,20050623,https://www.federalreserve.gov/releases/h6/20050623/,full_sequence=H6_M2_2000_20260628_V1/release_date=2005-06-23/source_run=role5-h6-full-0296-20050623-a1/release.html,HTML,76392,5779464adc1ba713e4df24d8e25e505c1d38133527866c06aa9d0f13472fc1bc,200,SUCCESS,2026-07-13T08:42:55.190952Z,full_sequence=H6_M2_2000_20260628_V1/release_date=2005-06-23/source_run=role5-h6-full-0296-20050623-a1/safe_headers.txt,d82ca54a32c35c5383eb368e0095ca711730860e1b5fe31548691fccb9ac0b30,H6_TABLE1_MONTHLY_SA_M2_FULL_V1,true,FULL_NETWORK_ATTEMPT
role5-h6-full-0297-20050630-a1-body,role5-h6-full-0297-20050630-a1,20050630,https://www.federalreserve.gov/releases/h6/20050630/,full_sequence=H6_M2_2000_20260628_V1/release_date=2005-06-30/source_run=role5-h6-full-0297-20050630-a1/release.html,HTML,76392,1a4b5461d1f2f123693f20d695a1a77e373a7c8b08b08b46459c98d2a6ad1d34,200,SUCCESS,2026-07-13T08:42:59.194465Z,full_sequence=H6_M2_2000_20260628_V1/release_date=2005-06-30/source_run=role5-h6-full-0297-20050630-a1/safe_headers.txt,dba2b66583a064a1a726f5241eebb0d25af74885d01cba7ca1bbd12b19176a65,H6_TABLE1_MONTHLY_SA_M2_FULL_V1,true,FULL_NETWORK_ATTEMPT
role5-h6-full-0298-20050707-a1-body,role5-h6-full-0298-20050707-a1,20050707,https://www.federalreserve.gov/releases/h6/20050707/,full_sequence=H6_M2_2000_20260628_V1/release_date=2005-07-07/source_run=role5-h6-full-0298-20050707-a1/release.html,HTML,76389,63917323599d3e22d62760cda2e07bba7969508fc323f21d57060a9f19b4c8d5,200,SUCCESS,2026-07-13T08:42:59.575838Z,full_sequence=H6_M2_2000_20260628_V1/release_date=2005-07-07/source_run=role5-h6-full-0298-20050707-a1/safe_headers.txt,0ddd035759337c6e1e1cfa7eb12a0f7a162d6d0f45c8dde594e985161a1337ec,H6_TABLE1_MONTHLY_SA_M2_FULL_V1,true,FULL_NETWORK_ATTEMPT
role5-h6-full-0299-20050714-a1-body,role5-h6-full-0299-20050714-a1,20050714,https://www.federalreserve.gov/releases/h6/20050714/,full_sequence=H6_M2_2000_20260628_V1/release_date=2005-07-14/source_run=role5-h6-full-0299-20050714-a1/release.html,HTML,76392,683091d1124078a0a1f86d6221e6264f63ef8048db43d617b063da8d0c7dc2cd,200,SUCCESS,2026-07-13T08:43:00.544521Z,full_sequence=H6_M2_2000_20260628_V1/release_date=2005-07-14/source_run=role5-h6-full-0299-20050714-a1/safe_headers.txt,7502b18f6fec3bb15d0d7c08d16a153fab47b0bb4ecc60eebb516891e2866854,H6_TABLE1_MONTHLY_SA_M2_FULL_V1,true,FULL_NETWORK_ATTEMPT
role5-h6-full-0300-20050721-a1-body,role5-h6-full-0300-20050721-a1,20050721,https://www.federalreserve.gov/releases/h6/20050721/,full_sequence=H6_M2_2000_20260628_V1/release_date=2005-07-21/source_run=role5-h6-full-0300-20050721-a1/release.html,HTML,76392,4953cc728b96e388499f3e2bfee71a4f9d90243e9fc700f3f37c2129b52a269e,200,SUCCESS,2026-07-13T08:43:01.568189Z,full_sequence=H6_M2_2000_20260628_V1/release_date=2005-07-21/source_run=role5-h6-full-0300-20050721-a1/safe_headers.txt,8eda63d972199171ee5f5cbbd0ad5626f181ac8236b5f32c67c5283ae9ab0374,H6_TABLE1_MONTHLY_SA_M2_FULL_V1,true,FULL_NETWORK_ATTEMPT
role5-h6-full-0301-20050728-a1-body,role5-h6-full-0301-20050728-a1,20050728,https://www.federalreserve.gov/releases/h6/20050728/,full_sequence=H6_M2_2000_20260628_V1/release_date=2005-07-28/source_run=role5-h6-full-0301-20050728-a1/release.html,HTML,76392,28473ecd2c3ccecf663cd0c580044a068812447c4501505582e2730fb382257c,200,SUCCESS,2026-07-13T08:43:02.602665Z,full_sequence=H6_M2_2000_20260628_V1/release_date=2005-07-28/source_run=role5-h6-full-0301-20050728-a1/safe_headers.txt,5cc2b197c3da46dd22734be76c7721f6982a5d11226ebbb2e90d4d27e5ccfb42,H6_TABLE1_MONTHLY_SA_M2_FULL_V1,true,FULL_NETWORK_ATTEMPT
role5-h6-full-0302-20050804-a1-body,role5-h6-full-0302-20050804-a1,20050804,https://www.federalreserve.gov/releases/h6/20050804/,full_sequence=H6_M2_2000_20260628_V1/release_date=2005-08-04/source_run=role5-h6-full-0302-20050804-a1/release.html,HTML,76395,84cea68b8c2f2476a450edb40f10cb0e72f22fff61f69ea808ea2b4ed08d2677,200,SUCCESS,2026-07-13T08:43:03.588728Z,full_sequence=H6_M2_2000_20260628_V1/release_date=2005-08-04/source_run=role5-h6-full-0302-20050804-a1/safe_headers.txt,9ea0e041854822a8a910135142341f2752f71559e58e6145b7043217c1c0e121,H6_TABLE1_MONTHLY_SA_M2_FULL_V1,true,FULL_NETWORK_ATTEMPT
role5-h6-full-0303-20050811-a1-body,role5-h6-full-0303-20050811-a1,20050811,https://www.federalreserve.gov/releases/h6/20050811/,full_sequence=H6_M2_2000_20260628_V1/release_date=2005-08-11/source_run=role5-h6-full-0303-20050811-a1/release.html,HTML,76398,28e676a95b6cd017c20a61271b8bb715b79f8930c6c711f7034407cecc1eb5dc,200,SUCCESS,2026-07-13T08:43:04.635711Z,full_sequence=H6_M2_2000_20260628_V1/release_date=2005-08-11/source_run=role5-h6-full-0303-20050811-a1/safe_headers.txt,92df2faec0a375ba4b71fe8ef7647899a9b6c285902650447fbc173f56a52066,H6_TABLE1_MONTHLY_SA_M2_FULL_V1,true,FULL_NETWORK_ATTEMPT
role5-h6-full-0304-20050818-a1-body,role5-h6-full-0304-20050818-a1,20050818,https://www.federalreserve.gov/releases/h6/20050818/,full_sequence=H6_M2_2000_20260628_V1/release_date=2005-08-18/source_run=role5-h6-full-0304-20050818-a1/release.html,HTML,76398,afbf50fb564ec906d3b7ffd209924e228b1a57431cb6a5c0937071d7dc355e77,200,SUCCESS,2026-07-13T08:43:05.674119Z,full_sequence=H6_M2_2000_20260628_V1/release_date=2005-08-18/source_run=role5-h6-full-0304-20050818-a1/safe_headers.txt,390358289dddcf7b164992a060272e8c12a20c0c167b8ef4095d1d603d829521,H6_TABLE1_MONTHLY_SA_M2_FULL_V1,true,FULL_NETWORK_ATTEMPT
role5-h6-full-0305-20050825-a1-body,role5-h6-full-0305-20050825-a1,20050825,https://www.federalreserve.gov/releases/h6/20050825/,full_sequence=H6_M2_2000_20260628_V1/release_date=2005-08-25/source_run=role5-h6-full-0305-20050825-a1/release.html,HTML,76398,4dbe792028058aa1bfd8344ee3fa4d06c5a7859f411bc57abc3922d6232a22f6,200,SUCCESS,2026-07-13T08:43:06.630081Z,full_sequence=H6_M2_2000_20260628_V1/release_date=2005-08-25/source_run=role5-h6-full-0305-20050825-a1/safe_headers.txt,e9021a3e462772a98fd1908c3a911f8b877b55baa5266a3c69aaf95d5ee059e5,H6_TABLE1_MONTHLY_SA_M2_FULL_V1,true,FULL_NETWORK_ATTEMPT
role5-h6-full-0306-20050901-a1-body,role5-h6-full-0306-20050901-a1,20050901,https://www.federalreserve.gov/releases/h6/20050901/,full_sequence=H6_M2_2000_20260628_V1/release_date=2005-09-01/source_run=role5-h6-full-0306-20050901-a1/release.html,HTML,76380,c619b1cbd056e8e29d616de417f8c57d6daf336dd08deede3765ddec5a54d930,200,SUCCESS,2026-07-13T08:43:07.679029Z,full_sequence=H6_M2_2000_20260628_V1/release_date=2005-09-01/source_run=role5-h6-full-0306-20050901-a1/safe_headers.txt,41e84c50dcbc8ae94a8cc97f55770c6adc50a4331b01d3ea72d45e59620c1dbf,H6_TABLE1_MONTHLY_SA_M2_FULL_V1,true,FULL_NETWORK_ATTEMPT
role5-h6-full-0307-20050908-a1-body,role5-h6-full-0307-20050908-a1,20050908,https://www.federalreserve.gov/releases/h6/20050908/,full_sequence=H6_M2_2000_20260628_V1/release_date=2005-09-08/source_run=role5-h6-full-0307-20050908-a1/release.html,HTML,76380,34d6c49a496e2f0ce4d098115a7097726e87b9293112a42364911d5bce3d18e4,200,SUCCESS,2026-07-13T08:43:08.663324Z,full_sequence=H6_M2_2000_20260628_V1/release_date=2005-09-08/source_run=role5-h6-full-0307-20050908-a1/safe_headers.txt,b05e25d9e31a86815895bd2c04efc76db7c83825450c19885ad2ac2b1ff1d453,H6_TABLE1_MONTHLY_SA_M2_FULL_V1,true,FULL_NETWORK_ATTEMPT
role5-h6-full-0308-20050915-a1-body,role5-h6-full-0308-20050915-a1,20050915,https://www.federalreserve.gov/releases/h6/20050915/,full_sequence=H6_M2_2000_20260628_V1/release_date=2005-09-15/source_run=role5-h6-full-0308-20050915-a1/release.html,HTML,76383,7c816a6266e478b084deb584c5e72aa125314fd4e59e7c0749bf13b71c0bd112,200,SUCCESS,2026-07-13T08:43:09.682899Z,full_sequence=H6_M2_2000_20260628_V1/release_date=2005-09-15/source_run=role5-h6-full-0308-20050915-a1/safe_headers.txt,69760af2b7f56953c178bf31429cb224431ee9a8c7a8beb4ef8957889fef4d1f,H6_TABLE1_MONTHLY_SA_M2_FULL_V1,true,FULL_NETWORK_ATTEMPT
role5-h6-full-0309-20050922-a1-body,role5-h6-full-0309-20050922-a1,20050922,https://www.federalreserve.gov/releases/h6/20050922/,full_sequence=H6_M2_2000_20260628_V1/release_date=2005-09-22/source_run=role5-h6-full-0309-20050922-a1/release.html,HTML,76383,e6cd29a885ea02950bcc5837cde362dc982b6e946fbcb052767f91a940337177,200,SUCCESS,2026-07-13T08:43:10.663823Z,full_sequence=H6_M2_2000_20260628_V1/release_date=2005-09-22/source_run=role5-h6-full-0309-20050922-a1/safe_headers.txt,0a20c0ee04c4ee40ff655259c60a9afa3dc426b2c684e7188409e4856444c8e8,H6_TABLE1_MONTHLY_SA_M2_FULL_V1,true,FULL_NETWORK_ATTEMPT
role5-h6-full-0310-20050929-a1-body,role5-h6-full-0310-20050929-a1,20050929,https://www.federalreserve.gov/releases/h6/20050929/,full_sequence=H6_M2_2000_20260628_V1/release_date=2005-09-29/source_run=role5-h6-full-0310-20050929-a1/release.html,HTML,76383,6c97c45f25fba589f201dde501a450443c7a7a6288854e0305c93609fcee6f7f,200,SUCCESS,2026-07-13T08:43:11.711587Z,full_sequence=H6_M2_2000_20260628_V1/release_date=2005-09-29/source_run=role5-h6-full-0310-20050929-a1/safe_headers.txt,404862e5e73022cdbaf98802bdca12bf323b08fda530940e65d1771f891933ed,H6_TABLE1_MONTHLY_SA_M2_FULL_V1,true,FULL_NETWORK_ATTEMPT
role5-h6-full-0311-20051006-a1-body,role5-h6-full-0311-20051006-a1,20051006,https://www.federalreserve.gov/releases/h6/20051006/,full_sequence=H6_M2_2000_20260628_V1/release_date=2005-10-06/source_run=role5-h6-full-0311-20051006-a1/release.html,HTML,76374,c799b973ff82c4c926f985e28edef4e0f6c6678709d25d73e2e8aa173b9f510d,200,SUCCESS,2026-07-13T08:43:12.700947Z,full_sequence=H6_M2_2000_20260628_V1/release_date=2005-10-06/source_run=role5-h6-full-0311-20051006-a1/safe_headers.txt,ff3c8851f62d38f4536d7e72f1ce0bdc709fdd7e9d145896922714f9de9b0287,H6_TABLE1_MONTHLY_SA_M2_FULL_V1,true,FULL_NETWORK_ATTEMPT
role5-h6-full-0312-20051013-a1-body,role5-h6-full-0312-20051013-a1,20051013,https://www.federalreserve.gov/releases/h6/20051013/,full_sequence=H6_M2_2000_20260628_V1/release_date=2005-10-13/source_run=role5-h6-full-0312-20051013-a1/release.html,HTML,76377,d6edc6c0932f4f5d498b62fbffdf31994b82f43bacc66f3c7375f20bb001b034,200,SUCCESS,2026-07-13T08:43:13.735603Z,full_sequence=H6_M2_2000_20260628_V1/release_date=2005-10-13/source_run=role5-h6-full-0312-20051013-a1/safe_headers.txt,e3ee1b7b36266205b2cdf4667793525b2e23fbcf7e1eccfc388c8a4c44e08374,H6_TABLE1_MONTHLY_SA_M2_FULL_V1,true,FULL_NETWORK_ATTEMPT
role5-h6-full-0313-20051020-a1-body,role5-h6-full-0313-20051020-a1,20051020,https://www.federalreserve.gov/releases/h6/20051020/,full_sequence=H6_M2_2000_20260628_V1/release_date=2005-10-20/source_run=role5-h6-full-0313-20051020-a1/release.html,HTML,76377,2df6735fba69992f33bb9cab0f11328e00075da4fa91579040bef4c0f13f927d,200,SUCCESS,2026-07-13T08:43:16.718498Z,full_sequence=H6_M2_2000_20260628_V1/release_date=2005-10-20/source_run=role5-h6-full-0313-20051020-a1/safe_headers.txt,7aedad4b33fd9c59d6a898594da2509dac2c6ad9242cdd61ae5938fc3d7e411d,H6_TABLE1_MONTHLY_SA_M2_FULL_V1,true,FULL_NETWORK_ATTEMPT
role5-h6-full-0314-20051027-a1-body,role5-h6-full-0314-20051027-a1,20051027,https://www.federalreserve.gov/releases/h6/20051027/,full_sequence=H6_M2_2000_20260628_V1/release_date=2005-10-27/source_run=role5-h6-full-0314-20051027-a1/release.html,HTML,76377,4f2d78a1033df741f2872eadcd4c144f3186eabf287c0167ce9b447d2f16c7b4,200,SUCCESS,2026-07-13T08:43:17.097191Z,full_sequence=H6_M2_2000_20260628_V1/release_date=2005-10-27/source_run=role5-h6-full-0314-20051027-a1/safe_headers.txt,9fe3e4b0be1d1510ce8d867f8535663b6c49616de3cedd49302f2caffbe2e0ee,H6_TABLE1_MONTHLY_SA_M2_FULL_V1,true,FULL_NETWORK_ATTEMPT
role5-h6-full-0315-20051103-a1-body,role5-h6-full-0315-20051103-a1,20051103,https://www.federalreserve.gov/releases/h6/20051103/,full_sequence=H6_M2_2000_20260628_V1/release_date=2005-11-03/source_run=role5-h6-full-0315-20051103-a1/release.html,HTML,76377,32662f1fdbdc0262229b975cf423b19962eac86d5f078a8a7634a3a5d131290d,200,SUCCESS,2026-07-13T08:43:18.146620Z,full_sequence=H6_M2_2000_20260628_V1/release_date=2005-11-03/source_run=role5-h6-full-0315-20051103-a1/safe_headers.txt,f210becdac35da34929caba59714ed90d36ff0ba936ea1ea3f48287ec943fa81,H6_TABLE1_MONTHLY_SA_M2_FULL_V1,true,FULL_NETWORK_ATTEMPT
role5-h6-full-0316-20051110-a1-body,role5-h6-full-0316-20051110-a1,20051110,https://www.federalreserve.gov/releases/h6/20051110/,full_sequence=H6_M2_2000_20260628_V1/release_date=2005-11-10/source_run=role5-h6-full-0316-20051110-a1/release.html,HTML,77030,20c00a00e25fa866855c31eac0e15915086c22aa148f6de3132405471738ef43,200,SUCCESS,2026-07-13T08:43:19.118138Z,full_sequence=H6_M2_2000_20260628_V1/release_date=2005-11-10/source_run=role5-h6-full-0316-20051110-a1/safe_headers.txt,6623278a530b7a147377fbcf94e90711391d1006419fa91a72c7df4db104dbcb,H6_TABLE1_MONTHLY_SA_M2_FULL_V1,true,FULL_NETWORK_ATTEMPT
role5-h6-full-0317-20051117-a1-body,role5-h6-full-0317-20051117-a1,20051117,https://www.federalreserve.gov/releases/h6/20051117/,full_sequence=H6_M2_2000_20260628_V1/release_date=2005-11-17/source_run=role5-h6-full-0317-20051117-a1/release.html,HTML,76391,f6fcbf1a64064a5b8325496b58c95ea56a95a399b37c28b5c3801dd74d0dd316,200,SUCCESS,2026-07-13T08:43:20.119690Z,full_sequence=H6_M2_2000_20260628_V1/release_date=2005-11-17/source_run=role5-h6-full-0317-20051117-a1/safe_headers.txt,36d3b8d0f0cc93fc47d35cd9de617f070c327ac4f8835bd5ef0137e417b4d875,H6_TABLE1_MONTHLY_SA_M2_FULL_V1,true,FULL_NETWORK_ATTEMPT
role5-h6-full-0318-20051125-a1-body,role5-h6-full-0318-20051125-a1,20051125,https://www.federalreserve.gov/releases/h6/20051125/,full_sequence=H6_M2_2000_20260628_V1/release_date=2005-11-25/source_run=role5-h6-full-0318-20051125-a1/release.html,HTML,76391,722db0643f88094871c1d45577d11659173bc2cc197ef56fe098b8493539b3e9,200,SUCCESS,2026-07-13T08:43:21.170298Z,full_sequence=H6_M2_2000_20260628_V1/release_date=2005-11-25/source_run=role5-h6-full-0318-20051125-a1/safe_headers.txt,1016218b25a57d7076aefcc010ecf3d083209d01c1bcf4b2c3da706ac2ad0290,H6_TABLE1_MONTHLY_SA_M2_FULL_V1,true,FULL_NETWORK_ATTEMPT
role5-h6-full-0319-20051201-a1-body,role5-h6-full-0319-20051201-a1,20051201,https://www.federalreserve.gov/releases/h6/20051201/,full_sequence=H6_M2_2000_20260628_V1/release_date=2005-12-01/source_run=role5-h6-full-0319-20051201-a1/release.html,HTML,76388,2e00d9a5340c27725f1f6159ef7025b2220c54936830b1b9842656d0c96b663f,200,SUCCESS,2026-07-13T08:43:22.114420Z,full_sequence=H6_M2_2000_20260628_V1/release_date=2005-12-01/source_run=role5-h6-full-0319-20051201-a1/safe_headers.txt,382bafbdaccaa7b4580797398b204a060af32d467961ecf29b69a7f1a4da5c82,H6_TABLE1_MONTHLY_SA_M2_FULL_V1,true,FULL_NETWORK_ATTEMPT
role5-h6-full-0320-20051208-a1-body,role5-h6-full-0320-20051208-a1,20051208,https://www.federalreserve.gov/releases/h6/20051208/,full_sequence=H6_M2_2000_20260628_V1/release_date=2005-12-08/source_run=role5-h6-full-0320-20051208-a1/release.html,HTML,76388,11b2a5f02d5815da71731978d12f5cf0aae37af2c1dd9a8390565f7fbff9332b,200,SUCCESS,2026-07-13T08:43:23.135160Z,full_sequence=H6_M2_2000_20260628_V1/release_date=2005-12-08/source_run=role5-h6-full-0320-20051208-a1/safe_headers.txt,acf84e25519c23d40fc2c818ed18c2f67087185cea9024126b6941e9ec040a97,H6_TABLE1_MONTHLY_SA_M2_FULL_V1,true,FULL_NETWORK_ATTEMPT
role5-h6-full-0321-20051215-a1-body,role5-h6-full-0321-20051215-a1,20051215,https://www.federalreserve.gov/releases/h6/20051215/,full_sequence=H6_M2_2000_20260628_V1/release_date=2005-12-15/source_run=role5-h6-full-0321-20051215-a1/release.html,HTML,76391,a5adc246631ed9700405bc65be021ca273ac07a20fb151b29d29d63a1ca8113f,200,SUCCESS,2026-07-13T08:43:24.144878Z,full_sequence=H6_M2_2000_20260628_V1/release_date=2005-12-15/source_run=role5-h6-full-0321-20051215-a1/safe_headers.txt,6904a2906dae8cfc4a9bca44c15e21850fcff383c76d9f8ef135ad03edea713a,H6_TABLE1_MONTHLY_SA_M2_FULL_V1,true,FULL_NETWORK_ATTEMPT
role5-h6-full-0322-20051222-a1-body,role5-h6-full-0322-20051222-a1,20051222,https://www.federalreserve.gov/releases/h6/20051222/,full_sequence=H6_M2_2000_20260628_V1/release_date=2005-12-22/source_run=role5-h6-full-0322-20051222-a1/release.html,HTML,76391,2c74f101a0e69cc119bc1c1445d2582cc899fd8c88d540bc23466d3f7940d43b,200,SUCCESS,2026-07-13T08:43:25.149444Z,full_sequence=H6_M2_2000_20260628_V1/release_date=2005-12-22/source_run=role5-h6-full-0322-20051222-a1/safe_headers.txt,6fea291c9d5eca7960e2611cd700523ab7af513a68c1d7029de474fc19913a72,H6_TABLE1_MONTHLY_SA_M2_FULL_V1,true,FULL_NETWORK_ATTEMPT
role5-h6-full-0323-20051229-a1-body,role5-h6-full-0323-20051229-a1,20051229,https://www.federalreserve.gov/releases/h6/20051229/,full_sequence=H6_M2_2000_20260628_V1/release_date=2005-12-29/source_run=role5-h6-full-0323-20051229-a1/release.html,HTML,76391,6f8fc5002987d8269408e39ddbc5c82855dee137a4fe3a7b10eadb8941d90936,200,SUCCESS,2026-07-13T08:43:26.406933Z,full_sequence=H6_M2_2000_20260628_V1/release_date=2005-12-29/source_run=role5-h6-full-0323-20051229-a1/safe_headers.txt,31732682b2f5d44015a48d2608d5fa035fc0fb2eef6dfa6509a2ee6976b42da9,H6_TABLE1_MONTHLY_SA_M2_FULL_V1,true,FULL_NETWORK_ATTEMPT
role5-h6-full-0324-20060105-a1-body,role5-h6-full-0324-20060105-a1,20060105,https://www.federalreserve.gov/releases/h6/20060105/,full_sequence=H6_M2_2000_20260628_V1/release_date=2006-01-05/source_run=role5-h6-full-0324-20060105-a1/release.html,HTML,76385,b71276aea6cb8d057c76bd567c15eddc3ee7402e4cd82d47e88404ec6c63afc8,200,SUCCESS,2026-07-13T08:43:27.178314Z,full_sequence=H6_M2_2000_20260628_V1/release_date=2006-01-05/source_run=role5-h6-full-0324-20060105-a1/safe_headers.txt,af9cc59f52bc82dfbe689fa2f57f7cff0c6ae479b315b6374ebec7563089a98d,H6_TABLE1_MONTHLY_SA_M2_FULL_V1,true,FULL_NETWORK_ATTEMPT
role5-h6-full-0325-20060112-a1-body,role5-h6-full-0325-20060112-a1,20060112,https://www.federalreserve.gov/releases/h6/20060112/,full_sequence=H6_M2_2000_20260628_V1/release_date=2006-01-12/source_run=role5-h6-full-0325-20060112-a1/release.html,HTML,76388,b3ae2370a7d355bb648e6a9e0e3fb234ce5849dbe7940b07d299523894f08cf1,200,SUCCESS,2026-07-13T08:43:28.168196Z,full_sequence=H6_M2_2000_20260628_V1/release_date=2006-01-12/source_run=role5-h6-full-0325-20060112-a1/safe_headers.txt,fb7ab5e7259a2f31f85f5020c2d94b20ceb3a79ff6caea4fed245a72d0471668,H6_TABLE1_MONTHLY_SA_M2_FULL_V1,true,FULL_NETWORK_ATTEMPT
role5-h6-full-0326-20060119-a1-body,role5-h6-full-0326-20060119-a1,20060119,https://www.federalreserve.gov/releases/h6/20060119/,full_sequence=H6_M2_2000_20260628_V1/release_date=2006-01-19/source_run=role5-h6-full-0326-20060119-a1/release.html,HTML,76388,75a5faa52a4f2334172a6a158fb2d3029a05256472df1df438f0725a485d1cf6,200,SUCCESS,2026-07-13T08:43:29.165789Z,full_sequence=H6_M2_2000_20260628_V1/release_date=2006-01-19/source_run=role5-h6-full-0326-20060119-a1/safe_headers.txt,08f00a9ea0a94900c1df837ab1673c9a93e17cf45596509855857700d97f7ffc,H6_TABLE1_MONTHLY_SA_M2_FULL_V1,true,FULL_NETWORK_ATTEMPT
role5-h6-full-0327-20060126-a1-body,role5-h6-full-0327-20060126-a1,20060126,https://www.federalreserve.gov/releases/h6/20060126/,full_sequence=H6_M2_2000_20260628_V1/release_date=2006-01-26/source_run=role5-h6-full-0327-20060126-a1/release.html,HTML,111986,223461c16e2685192f279993ec1a7fc3236362711cbc85f1c376f51973d0cdd4,200,SUCCESS,2026-07-13T08:43:30.191330Z,full_sequence=H6_M2_2000_20260628_V1/release_date=2006-01-26/source_run=role5-h6-full-0327-20060126-a1/safe_headers.txt,917d8fa0e94bed60b9cdd24d4af34df174101b4ba81712091bf59b23604b7de6,H6_TABLE1_MONTHLY_SA_M2_FULL_V1,true,FULL_NETWORK_ATTEMPT
role5-h6-full-0328-20060202-a1-body,role5-h6-full-0328-20060202-a1,20060202,https://www.federalreserve.gov/releases/h6/20060202/,full_sequence=H6_M2_2000_20260628_V1/release_date=2006-02-02/source_run=role5-h6-full-0328-20060202-a1/release.html,HTML,76388,66acbef7945e9ed13d82a6494095d7fda01924fa4f1c1576219e5b6dfe261a8a,200,SUCCESS,2026-07-13T08:43:33.196274Z,full_sequence=H6_M2_2000_20260628_V1/release_date=2006-02-02/source_run=role5-h6-full-0328-20060202-a1/safe_headers.txt,33c278638b72d4aa52f96e55c5277afe1d9f2320a29cf48c811a7a8146a3d6f1,H6_TABLE1_MONTHLY_SA_M2_FULL_V1,true,FULL_NETWORK_ATTEMPT
role5-h6-full-0329-20060209-a1-body,role5-h6-full-0329-20060209-a1,20060209,https://www.federalreserve.gov/releases/h6/20060209/,full_sequence=H6_M2_2000_20260628_V1/release_date=2006-02-09/source_run=role5-h6-full-0329-20060209-a1/release.html,HTML,76390,c402c5653e9f421aefdf944aaf3667c0db41cc7caedb045e4eadd94dcb7190b2,200,SUCCESS,2026-07-13T08:43:33.580456Z,full_sequence=H6_M2_2000_20260628_V1/release_date=2006-02-09/source_run=role5-h6-full-0329-20060209-a1/safe_headers.txt,99798879099a691c8d3621bc4b36d4bbfaa91a52cca596757b19d2ed6386cab3,H6_TABLE1_MONTHLY_SA_M2_FULL_V1,true,FULL_NETWORK_ATTEMPT
role5-h6-full-0330-20060216-a1-body,role5-h6-full-0330-20060216-a1,20060216,https://www.federalreserve.gov/releases/h6/20060216/,full_sequence=H6_M2_2000_20260628_V1/release_date=2006-02-16/source_run=role5-h6-full-0330-20060216-a1/release.html,HTML,76393,67c16c02d266f55ba742977c4e406b58a6d243f8049315175f30d4642696e610,200,SUCCESS,2026-07-13T08:43:34.587157Z,full_sequence=H6_M2_2000_20260628_V1/release_date=2006-02-16/source_run=role5-h6-full-0330-20060216-a1/safe_headers.txt,eb0d5c282c51a7c0639d38b1a31ce524f8ba779ad1d9f65d3d1a173e2a424997,H6_TABLE1_MONTHLY_SA_M2_FULL_V1,true,FULL_NETWORK_ATTEMPT
role5-h6-full-0331-20060223-a1-body,role5-h6-full-0331-20060223-a1,20060223,https://www.federalreserve.gov/releases/h6/20060223/,full_sequence=H6_M2_2000_20260628_V1/release_date=2006-02-23/source_run=role5-h6-full-0331-20060223-a1/release.html,HTML,76393,a3f3a6696075511b0a60aadf68e3c1cf1467358f34524bd316282f018ab86636,200,SUCCESS,2026-07-13T08:43:35.564869Z,full_sequence=H6_M2_2000_20260628_V1/release_date=2006-02-23/source_run=role5-h6-full-0331-20060223-a1/safe_headers.txt,8553baf63efc7543ccfca4cf9cd9be8545006153031cd9660b5c2de898548e9f,H6_TABLE1_MONTHLY_SA_M2_FULL_V1,true,FULL_NETWORK_ATTEMPT
role5-h6-full-0332-20060302-a1-body,role5-h6-full-0332-20060302-a1,20060302,https://www.federalreserve.gov/releases/h6/20060302/,full_sequence=H6_M2_2000_20260628_V1/release_date=2006-03-02/source_run=role5-h6-full-0332-20060302-a1/release.html,HTML,76381,c7fef3c86566c3269ce3322f3816d536859088d90118600059ea3f6593e9885f,200,SUCCESS,2026-07-13T08:43:36.658403Z,full_sequence=H6_M2_2000_20260628_V1/release_date=2006-03-02/source_run=role5-h6-full-0332-20060302-a1/safe_headers.txt,1e63759343f25c24f61386be56018f5f1883eed40c869a2efe0f91dcdd9d0fc0,H6_TABLE1_MONTHLY_SA_M2_FULL_V1,true,FULL_NETWORK_ATTEMPT
role5-h6-full-0333-20060309-a1-body,role5-h6-full-0333-20060309-a1,20060309,https://www.federalreserve.gov/releases/h6/20060309/,full_sequence=H6_M2_2000_20260628_V1/release_date=2006-03-09/source_run=role5-h6-full-0333-20060309-a1/release.html,HTML,77927,95ad638d6829d9b7d8cfd540530fa7939c267334924f13c321d4ea5130d78aae,200,SUCCESS,2026-07-13T08:43:37.629892Z,full_sequence=H6_M2_2000_20260628_V1/release_date=2006-03-09/source_run=role5-h6-full-0333-20060309-a1/safe_headers.txt,7e0c266b6bb3fa79a6fac489f85e5a6e9267ae8f17b0ff6217ea88798196251d,H6_TABLE1_MONTHLY_SA_M2_FULL_V1,true,FULL_NETWORK_ATTEMPT
role5-h6-full-0334-20060316-a1-body,role5-h6-full-0334-20060316-a1,20060316,https://www.federalreserve.gov/releases/h6/20060316/,full_sequence=H6_M2_2000_20260628_V1/release_date=2006-03-16/source_run=role5-h6-full-0334-20060316-a1/release.html,HTML,77898,682cad7749bcfc319ecd1089a3d7c91b6290a55c42ff52ea25fe909a77205181,200,SUCCESS,2026-07-13T08:43:40.665222Z,full_sequence=H6_M2_2000_20260628_V1/release_date=2006-03-16/source_run=role5-h6-full-0334-20060316-a1/safe_headers.txt,60ad80d6657b2802d2c91287984a5f698d0086d435b98deadac6c3e119a9514c,H6_TABLE1_MONTHLY_SA_M2_FULL_V1,true,FULL_NETWORK_ATTEMPT
role5-h6-full-0335-20060323-a1-body,role5-h6-full-0335-20060323-a1,20060323,https://www.federalreserve.gov/releases/h6/20060323/,full_sequence=H6_M2_2000_20260628_V1/release_date=2006-03-23/source_run=role5-h6-full-0335-20060323-a1/release.html,HTML,56858,3e968aee5eee90cb42e28693969c62db76e27900953853022a1b2e86411bb03e,200,SUCCESS,2026-07-13T08:43:41.060323Z,full_sequence=H6_M2_2000_20260628_V1/release_date=2006-03-23/source_run=role5-h6-full-0335-20060323-a1/safe_headers.txt,cc1210c048b65b73a46b0c59b082ac0a566205c1a1c1ad4900c418948e76dae9,H6_TABLE1_MONTHLY_SA_M2_FULL_V1,true,FULL_NETWORK_ATTEMPT
role5-h6-full-0336-20060330-a1-body,role5-h6-full-0336-20060330-a1,20060330,https://www.federalreserve.gov/releases/h6/20060330/,full_sequence=H6_M2_2000_20260628_V1/release_date=2006-03-30/source_run=role5-h6-full-0336-20060330-a1/release.html,HTML,56948,a3102f3425afd2ed1c8d29fa67c66b49faa39aa05e07c36e41680773e887c6f9,200,SUCCESS,2026-07-13T08:43:42.088785Z,full_sequence=H6_M2_2000_20260628_V1/release_date=2006-03-30/source_run=role5-h6-full-0336-20060330-a1/safe_headers.txt,6139595b16d383394cfaf9813dcada0e0a4236cad0f718238f1e2cf760767bc9,H6_TABLE1_MONTHLY_SA_M2_FULL_V1,true,FULL_NETWORK_ATTEMPT
role5-h6-full-0337-20060406-a1-body,role5-h6-full-0337-20060406-a1,20060406,https://www.federalreserve.gov/releases/h6/20060406/,full_sequence=H6_M2_2000_20260628_V1/release_date=2006-04-06/source_run=role5-h6-full-0337-20060406-a1/release.html,HTML,55474,7379497cfa21dff5a7346a89282112638169c55af5d87ef7270f893b525b6745,200,SUCCESS,2026-07-13T08:43:43.086889Z,full_sequence=H6_M2_2000_20260628_V1/release_date=2006-04-06/source_run=role5-h6-full-0337-20060406-a1/safe_headers.txt,50697d85f21aaf3d415e3cf6cd27cbf09261a83681316512e330787c64fdb183,H6_TABLE1_MONTHLY_SA_M2_FULL_V1,true,FULL_NETWORK_ATTEMPT
role5-h6-full-0338-20060413-a1-body,role5-h6-full-0338-20060413-a1,20060413,https://www.federalreserve.gov/releases/h6/20060413/,full_sequence=H6_M2_2000_20260628_V1/release_date=2006-04-13/source_run=role5-h6-full-0338-20060413-a1/release.html,HTML,55477,a85b138f5d042adb846d231dc8e5f8f5ee039bab3d029fb54ee97e149e40be46,200,SUCCESS,2026-07-13T08:43:44.053870Z,full_sequence=H6_M2_2000_20260628_V1/release_date=2006-04-13/source_run=role5-h6-full-0338-20060413-a1/safe_headers.txt,be19e5fe46b0d45a7640f60643f6e33c7e225f6fdc14c141390a1ecda5da1175,H6_TABLE1_MONTHLY_SA_M2_FULL_V1,true,FULL_NETWORK_ATTEMPT
role5-h6-full-0339-20060420-a1-body,role5-h6-full-0339-20060420-a1,20060420,https://www.federalreserve.gov/releases/h6/20060420/,full_sequence=H6_M2_2000_20260628_V1/release_date=2006-04-20/source_run=role5-h6-full-0339-20060420-a1/release.html,HTML,55477,f25a618cdb69f8f935459fa1570e7d5d7edc74c06fc6cd02e7c9d8b4a66bad5a,200,SUCCESS,2026-07-13T08:43:45.097921Z,full_sequence=H6_M2_2000_20260628_V1/release_date=2006-04-20/source_run=role5-h6-full-0339-20060420-a1/safe_headers.txt,d81081775c5235090bdc291fd81f8f25643c42e0dabc07875cf056a7ee48cefa,H6_TABLE1_MONTHLY_SA_M2_FULL_V1,true,FULL_NETWORK_ATTEMPT
role5-h6-full-0340-20060427-a1-body,role5-h6-full-0340-20060427-a1,20060427,https://www.federalreserve.gov/releases/h6/20060427/,full_sequence=H6_M2_2000_20260628_V1/release_date=2006-04-27/source_run=role5-h6-full-0340-20060427-a1/release.html,HTML,55477,3a855f1b67081eb47611c0a977971a62906d93b3bc4eee0ea2ee6191630b38aa,200,SUCCESS,2026-07-13T08:43:46.161738Z,full_sequence=H6_M2_2000_20260628_V1/release_date=2006-04-27/source_run=role5-h6-full-0340-20060427-a1/safe_headers.txt,24e19f84539b0fe52683adaeaf21ce4876de32c1a8f20418b0cfb6f77ad29713,H6_TABLE1_MONTHLY_SA_M2_FULL_V1,true,FULL_NETWORK_ATTEMPT
role5-h6-full-0341-20060504-a1-body,role5-h6-full-0341-20060504-a1,20060504,https://www.federalreserve.gov/releases/h6/20060504/,full_sequence=H6_M2_2000_20260628_V1/release_date=2006-05-04/source_run=role5-h6-full-0341-20060504-a1/release.html,HTML,55468,b502152deb90e72cf3630795d1a1ba8de2144dce3313af80df627f21581fa520,200,SUCCESS,2026-07-13T08:43:47.098287Z,full_sequence=H6_M2_2000_20260628_V1/release_date=2006-05-04/source_run=role5-h6-full-0341-20060504-a1/safe_headers.txt,0acf2161b12ab0af69b46f9928c1393ac9000a78aa81976f638a0e0e3eaa0a69,H6_TABLE1_MONTHLY_SA_M2_FULL_V1,true,FULL_NETWORK_ATTEMPT
role5-h6-full-0342-20060511-a1-body,role5-h6-full-0342-20060511-a1,20060511,https://www.federalreserve.gov/releases/h6/20060511/,full_sequence=H6_M2_2000_20260628_V1/release_date=2006-05-11/source_run=role5-h6-full-0342-20060511-a1/release.html,HTML,55471,0bbb7824d86c72f11c63681c2604461d5e5e73d8ceac69b114a7804aeb9368de,200,SUCCESS,2026-07-13T08:43:48.085871Z,full_sequence=H6_M2_2000_20260628_V1/release_date=2006-05-11/source_run=role5-h6-full-0342-20060511-a1/safe_headers.txt,522d6b1ce92bdc0b6406111da9acc3a278d1d64d4dcde76d8f2b0a273ecad9e3,H6_TABLE1_MONTHLY_SA_M2_FULL_V1,true,FULL_NETWORK_ATTEMPT
role5-h6-full-0343-20060518-a1-body,role5-h6-full-0343-20060518-a1,20060518,https://www.federalreserve.gov/releases/h6/20060518/,full_sequence=H6_M2_2000_20260628_V1/release_date=2006-05-18/source_run=role5-h6-full-0343-20060518-a1/release.html,HTML,55471,a3c2db549647117417f230ebd94387f5b37ff1ce0abc43314f35b457680f4950,200,SUCCESS,2026-07-13T08:43:49.101295Z,full_sequence=H6_M2_2000_20260628_V1/release_date=2006-05-18/source_run=role5-h6-full-0343-20060518-a1/safe_headers.txt,58c26b1586dc7eaae2c23299d761487b1faf2175b02df0187da2d91c36401e05,H6_TABLE1_MONTHLY_SA_M2_FULL_V1,true,FULL_NETWORK_ATTEMPT
role5-h6-full-0344-20060525-a1-body,role5-h6-full-0344-20060525-a1,20060525,https://www.federalreserve.gov/releases/h6/20060525/,full_sequence=H6_M2_2000_20260628_V1/release_date=2006-05-25/source_run=role5-h6-full-0344-20060525-a1/release.html,HTML,55471,bd5e18260fddfe4631a1a13142eb83cb0d024138c819e44a49db900a855e9d4c,200,SUCCESS,2026-07-13T08:43:50.118103Z,full_sequence=H6_M2_2000_20260628_V1/release_date=2006-05-25/source_run=role5-h6-full-0344-20060525-a1/safe_headers.txt,31b04dc31c2242ff820abb81f6e58406df5fe957410145cd44d67a24678a0d58,H6_TABLE1_MONTHLY_SA_M2_FULL_V1,true,FULL_NETWORK_ATTEMPT
role5-h6-full-0345-20060601-a1-body,role5-h6-full-0345-20060601-a1,20060601,https://www.federalreserve.gov/releases/h6/20060601/,full_sequence=H6_M2_2000_20260628_V1/release_date=2006-06-01/source_run=role5-h6-full-0345-20060601-a1/release.html,HTML,55471,b5484ef2804f27c9ee63c48c5c3189557f127567700abe19def743aca3244fad,200,SUCCESS,2026-07-13T08:43:53.131672Z,full_sequence=H6_M2_2000_20260628_V1/release_date=2006-06-01/source_run=role5-h6-full-0345-20060601-a1/safe_headers.txt,719c498e0f363513850db1e565379912692851fa31b9ff3023c1ae0de78e0ee9,H6_TABLE1_MONTHLY_SA_M2_FULL_V1,true,FULL_NETWORK_ATTEMPT
role5-h6-full-0346-20060608-a1-body,role5-h6-full-0346-20060608-a1,20060608,https://www.federalreserve.gov/releases/h6/20060608/,full_sequence=H6_M2_2000_20260628_V1/release_date=2006-06-08/source_run=role5-h6-full-0346-20060608-a1/release.html,HTML,55471,0f7d02bef69d7d813a18fd2e22d7ecb91eaf9b12a6d5d655334c48c1eca57705,200,SUCCESS,2026-07-13T08:43:53.489257Z,full_sequence=H6_M2_2000_20260628_V1/release_date=2006-06-08/source_run=role5-h6-full-0346-20060608-a1/safe_headers.txt,18a2ec62301f86ae06043f7bbc4cb1ae65b5ee50e50f98155154fad7974dc2bf,H6_TABLE1_MONTHLY_SA_M2_FULL_V1,true,FULL_NETWORK_ATTEMPT
role5-h6-full-0347-20060615-a1-body,role5-h6-full-0347-20060615-a1,20060615,https://www.federalreserve.gov/releases/h6/20060615/,full_sequence=H6_M2_2000_20260628_V1/release_date=2006-06-15/source_run=role5-h6-full-0347-20060615-a1/release.html,HTML,55474,93adaf0791f1070c9f71ed5128f85188e1f986e90041069de05d098ce61688ae,200,SUCCESS,2026-07-13T08:43:54.499943Z,full_sequence=H6_M2_2000_20260628_V1/release_date=2006-06-15/source_run=role5-h6-full-0347-20060615-a1/safe_headers.txt,0c0e3728dcafcf11ab94eb52ccc7d7b436d80eb0175a1fb0359b670f3b084248,H6_TABLE1_MONTHLY_SA_M2_FULL_V1,true,FULL_NETWORK_ATTEMPT
role5-h6-full-0348-20060622-a1-body,role5-h6-full-0348-20060622-a1,20060622,https://www.federalreserve.gov/releases/h6/20060622/,full_sequence=H6_M2_2000_20260628_V1/release_date=2006-06-22/source_run=role5-h6-full-0348-20060622-a1/release.html,HTML,55474,36e01f6f06a04778b2308fe856350d85def39e310f9b86fd8a6407811eb88cbe,200,SUCCESS,2026-07-13T08:43:55.574914Z,full_sequence=H6_M2_2000_20260628_V1/release_date=2006-06-22/source_run=role5-h6-full-0348-20060622-a1/safe_headers.txt,f81c3d98dd74ebbda86a3f106d1f2d2a2eb1883cc23d079ae1e45f804ed84c4a,H6_TABLE1_MONTHLY_SA_M2_FULL_V1,true,FULL_NETWORK_ATTEMPT
role5-h6-full-0349-20060629-a1-body,role5-h6-full-0349-20060629-a1,20060629,https://www.federalreserve.gov/releases/h6/20060629/,full_sequence=H6_M2_2000_20260628_V1/release_date=2006-06-29/source_run=role5-h6-full-0349-20060629-a1/release.html,HTML,55474,c7abc5cb1938dddae96708bf2d4a266b17ec4490ad1904261c5c047c2e46bd4c,200,SUCCESS,2026-07-13T08:43:56.517875Z,full_sequence=H6_M2_2000_20260628_V1/release_date=2006-06-29/source_run=role5-h6-full-0349-20060629-a1/safe_headers.txt,df6ec2f4eab66f4a133c37e39886dcd99dce32acb5c3d9dda927a85881ac22da,H6_TABLE1_MONTHLY_SA_M2_FULL_V1,true,FULL_NETWORK_ATTEMPT
role5-h6-full-0350-20060706-a1-body,role5-h6-full-0350-20060706-a1,20060706,https://www.federalreserve.gov/releases/h6/20060706/,full_sequence=H6_M2_2000_20260628_V1/release_date=2006-07-06/source_run=role5-h6-full-0350-20060706-a1/release.html,HTML,55471,1faf31af51567c8e8414521c4e4fd85edf0d4eb278f357000d9137bf89898203,200,SUCCESS,2026-07-13T08:43:57.581824Z,full_sequence=H6_M2_2000_20260628_V1/release_date=2006-07-06/source_run=role5-h6-full-0350-20060706-a1/safe_headers.txt,3606894aab85240f4576f4d7da62051a71a6e91c97e1203fadb99cb64cc84032,H6_TABLE1_MONTHLY_SA_M2_FULL_V1,true,FULL_NETWORK_ATTEMPT
role5-h6-full-0351-20060713-a1-body,role5-h6-full-0351-20060713-a1,20060713,https://www.federalreserve.gov/releases/h6/20060713/,full_sequence=H6_M2_2000_20260628_V1/release_date=2006-07-13/source_run=role5-h6-full-0351-20060713-a1/release.html,HTML,55474,7c2486077506eb138370d1af415ea9bf8b4bde7965da0119581810298bfb245e,200,SUCCESS,2026-07-13T08:43:58.529015Z,full_sequence=H6_M2_2000_20260628_V1/release_date=2006-07-13/source_run=role5-h6-full-0351-20060713-a1/safe_headers.txt,485e012d0031ddb7583c40c2f29f97ebed79af5bcab93136dfc54e87926349c3,H6_TABLE1_MONTHLY_SA_M2_FULL_V1,true,FULL_NETWORK_ATTEMPT
role5-h6-full-0352-20060720-a1-body,role5-h6-full-0352-20060720-a1,20060720,https://www.federalreserve.gov/releases/h6/20060720/,full_sequence=H6_M2_2000_20260628_V1/release_date=2006-07-20/source_run=role5-h6-full-0352-20060720-a1/release.html,HTML,55474,e853a20892deef3377c858676c75904c518f78a8a2e912fe672c924ec49aa80c,200,SUCCESS,2026-07-13T08:43:59.538696Z,full_sequence=H6_M2_2000_20260628_V1/release_date=2006-07-20/source_run=role5-h6-full-0352-20060720-a1/safe_headers.txt,78a1b6d9f6efb584f625ad8e377d1fd0673ba6b26fd4a6e795427319d3bd2ad7,H6_TABLE1_MONTHLY_SA_M2_FULL_V1,true,FULL_NETWORK_ATTEMPT
role5-h6-full-0353-20060727-a1-body,role5-h6-full-0353-20060727-a1,20060727,https://www.federalreserve.gov/releases/h6/20060727/,full_sequence=H6_M2_2000_20260628_V1/release_date=2006-07-27/source_run=role5-h6-full-0353-20060727-a1/release.html,HTML,55474,14a3c0ce0dbcca5cb6a0e0605c63219002c2242b3578b457069feaf4ba5d5371,200,SUCCESS,2026-07-13T08:44:00.540000Z,full_sequence=H6_M2_2000_20260628_V1/release_date=2006-07-27/source_run=role5-h6-full-0353-20060727-a1/safe_headers.txt,9821abb6f443c25c49a4ddce29f516991c6bc2748d9a5d685b95b7cd1b28c540,H6_TABLE1_MONTHLY_SA_M2_FULL_V1,true,FULL_NETWORK_ATTEMPT
role5-h6-full-0354-20060803-a1-body,role5-h6-full-0354-20060803-a1,20060803,https://www.federalreserve.gov/releases/h6/20060803/,full_sequence=H6_M2_2000_20260628_V1/release_date=2006-08-03/source_run=role5-h6-full-0354-20060803-a1/release.html,HTML,55477,7d798535260a88693ef79944066fd5b9705e9823931ad1cc8807331da62002ff,200,SUCCESS,2026-07-13T08:44:01.557611Z,full_sequence=H6_M2_2000_20260628_V1/release_date=2006-08-03/source_run=role5-h6-full-0354-20060803-a1/safe_headers.txt,8da51e0db294d85c367f0703fb3a1a80f4dde42653b157feaef5c4674ddbe791,H6_TABLE1_MONTHLY_SA_M2_FULL_V1,true,FULL_NETWORK_ATTEMPT
role5-h6-full-0355-20060810-a1-body,role5-h6-full-0355-20060810-a1,20060810,https://www.federalreserve.gov/releases/h6/20060810/,full_sequence=H6_M2_2000_20260628_V1/release_date=2006-08-10/source_run=role5-h6-full-0355-20060810-a1/release.html,HTML,55480,ecebca886b1af496e7c96868fcf4315e089c865a07388c5d0ce9db670c25e509,200,SUCCESS,2026-07-13T08:44:02.557063Z,full_sequence=H6_M2_2000_20260628_V1/release_date=2006-08-10/source_run=role5-h6-full-0355-20060810-a1/safe_headers.txt,1a14cb1c46816f62fff9c17f6f58e0a973a8d20ca777116b705097bfbac63f9f,H6_TABLE1_MONTHLY_SA_M2_FULL_V1,true,FULL_NETWORK_ATTEMPT
role5-h6-full-0356-20060817-a1-body,role5-h6-full-0356-20060817-a1,20060817,https://www.federalreserve.gov/releases/h6/20060817/,full_sequence=H6_M2_2000_20260628_V1/release_date=2006-08-17/source_run=role5-h6-full-0356-20060817-a1/release.html,HTML,55480,cc63fd561dc3d4508aa0949a56ce30863e5c6b58034189a16d28ac5f59ef93e1,200,SUCCESS,2026-07-13T08:44:03.608877Z,full_sequence=H6_M2_2000_20260628_V1/release_date=2006-08-17/source_run=role5-h6-full-0356-20060817-a1/safe_headers.txt,1c73f2ab8a6b23231cf19915a02dad0f1576233439f9e5a19e46426e894f8336,H6_TABLE1_MONTHLY_SA_M2_FULL_V1,true,FULL_NETWORK_ATTEMPT
role5-h6-full-0357-20060824-a1-body,role5-h6-full-0357-20060824-a1,20060824,https://www.federalreserve.gov/releases/h6/20060824/,full_sequence=H6_M2_2000_20260628_V1/release_date=2006-08-24/source_run=role5-h6-full-0357-20060824-a1/release.html,HTML,55480,ff70bbd7c36f2fe2faa76b18051315fec9403b36df490787347a43c96aea5d07,200,SUCCESS,2026-07-13T08:44:04.596093Z,full_sequence=H6_M2_2000_20260628_V1/release_date=2006-08-24/source_run=role5-h6-full-0357-20060824-a1/safe_headers.txt,7b53b258ecc736162f143ea6775ef51bbc8bf57a4610d0fca0361f6de59992c5,H6_TABLE1_MONTHLY_SA_M2_FULL_V1,true,FULL_NETWORK_ATTEMPT
role5-h6-full-0358-20060831-a1-body,role5-h6-full-0358-20060831-a1,20060831,https://www.federalreserve.gov/releases/h6/20060831/,full_sequence=H6_M2_2000_20260628_V1/release_date=2006-08-31/source_run=role5-h6-full-0358-20060831-a1/release.html,HTML,55480,7c4f635a4ec6b885449cb57f958b725108f190bc144a845b121d3052ce05b6df,200,SUCCESS,2026-07-13T08:44:05.580331Z,full_sequence=H6_M2_2000_20260628_V1/release_date=2006-08-31/source_run=role5-h6-full-0358-20060831-a1/safe_headers.txt,6881949b6192bc67fe7f2dcdbebde836dd9c6a2f82ec96d26ca7ceebd1f6690e,H6_TABLE1_MONTHLY_SA_M2_FULL_V1,true,FULL_NETWORK_ATTEMPT
role5-h6-full-0359-20060907-a1-body,role5-h6-full-0359-20060907-a1,20060907,https://www.federalreserve.gov/releases/h6/20060907/,full_sequence=H6_M2_2000_20260628_V1/release_date=2006-09-07/source_run=role5-h6-full-0359-20060907-a1/release.html,HTML,55486,e5987fe4a085ce7490564c8832be5a775ed6d33c98618daa44de097b9770bf3e,200,SUCCESS,2026-07-13T08:44:06.649708Z,full_sequence=H6_M2_2000_20260628_V1/release_date=2006-09-07/source_run=role5-h6-full-0359-20060907-a1/safe_headers.txt,a63e64c284a8b03143a7d6cc70885e9a55202b40dfe79c37a897240adc5572e3,H6_TABLE1_MONTHLY_SA_M2_FULL_V1,true,FULL_NETWORK_ATTEMPT
role5-h6-full-0360-20060914-a1-body,role5-h6-full-0360-20060914-a1,20060914,https://www.federalreserve.gov/releases/h6/20060914/,full_sequence=H6_M2_2000_20260628_V1/release_date=2006-09-14/source_run=role5-h6-full-0360-20060914-a1/release.html,HTML,55489,c54e920e95e14d9487532412f3c7619fad1bf5597f283b192ab0f96ca9c1877e,200,SUCCESS,2026-07-13T08:44:07.591810Z,full_sequence=H6_M2_2000_20260628_V1/release_date=2006-09-14/source_run=role5-h6-full-0360-20060914-a1/safe_headers.txt,a119f3cd9826021a052e8924c448ec13ef0621c9e36b106e790a0c12bbe3f33c,H6_TABLE1_MONTHLY_SA_M2_FULL_V1,true,FULL_NETWORK_ATTEMPT
role5-h6-full-0361-20060921-a1-body,role5-h6-full-0361-20060921-a1,20060921,https://www.federalreserve.gov/releases/h6/20060921/,full_sequence=H6_M2_2000_20260628_V1/release_date=2006-09-21/source_run=role5-h6-full-0361-20060921-a1/release.html,HTML,55489,467fa18228237718c6400cf9d60bb2ebffb2c21c1e7164c1bb83e5cbd948496c,200,SUCCESS,2026-07-13T08:44:08.581071Z,full_sequence=H6_M2_2000_20260628_V1/release_date=2006-09-21/source_run=role5-h6-full-0361-20060921-a1/safe_headers.txt,c6d73aeb5f74664d4d58d4b89387130b65a65bfc5b5187cecc4cd9365864352f,H6_TABLE1_MONTHLY_SA_M2_FULL_V1,true,FULL_NETWORK_ATTEMPT
role5-h6-full-0362-20060928-a1-body,role5-h6-full-0362-20060928-a1,20060928,https://www.federalreserve.gov/releases/h6/20060928/,full_sequence=H6_M2_2000_20260628_V1/release_date=2006-09-28/source_run=role5-h6-full-0362-20060928-a1/release.html,HTML,55489,3a90e52345f135789ec7d01a0ad93ec577ebcaa4a6b8684d8d98a2ba1630f5fd,200,SUCCESS,2026-07-13T08:44:09.609313Z,full_sequence=H6_M2_2000_20260628_V1/release_date=2006-09-28/source_run=role5-h6-full-0362-20060928-a1/safe_headers.txt,bab2f0434a68edca694809b90889eec434175866031346006f48d05036f71e20,H6_TABLE1_MONTHLY_SA_M2_FULL_V1,true,FULL_NETWORK_ATTEMPT
role5-h6-full-0363-20061005-a1-body,role5-h6-full-0363-20061005-a1,20061005,https://www.federalreserve.gov/releases/h6/20061005/,full_sequence=H6_M2_2000_20260628_V1/release_date=2006-10-05/source_run=role5-h6-full-0363-20061005-a1/release.html,HTML,55480,f3c2af2e0731719998934b5cbdeaf38340a0c99bae3f24d21c59a6cba9a3eaa2,200,SUCCESS,2026-07-13T08:44:10.611355Z,full_sequence=H6_M2_2000_20260628_V1/release_date=2006-10-05/source_run=role5-h6-full-0363-20061005-a1/safe_headers.txt,7e08a1d3e1f6d580de41937c7a1b77444a425657926b4ec14d80d9864d877d74,H6_TABLE1_MONTHLY_SA_M2_FULL_V1,true,FULL_NETWORK_ATTEMPT
role5-h6-full-0364-20061012-a1-body,role5-h6-full-0364-20061012-a1,20061012,https://www.federalreserve.gov/releases/h6/20061012/,full_sequence=H6_M2_2000_20260628_V1/release_date=2006-10-12/source_run=role5-h6-full-0364-20061012-a1/release.html,HTML,55483,dbfe021893c3ecf03ce295adebd17412d1f278195148467dd62de24051bf0e05,200,SUCCESS,2026-07-13T08:44:11.611852Z,full_sequence=H6_M2_2000_20260628_V1/release_date=2006-10-12/source_run=role5-h6-full-0364-20061012-a1/safe_headers.txt,5f84b37314e099de795e56f570a0d6684d9797cc8f71c671df56ea7f2fd1e2ac,H6_TABLE1_MONTHLY_SA_M2_FULL_V1,true,FULL_NETWORK_ATTEMPT
role5-h6-full-0365-20061019-a1-body,role5-h6-full-0365-20061019-a1,20061019,https://www.federalreserve.gov/releases/h6/20061019/,full_sequence=H6_M2_2000_20260628_V1/release_date=2006-10-19/source_run=role5-h6-full-0365-20061019-a1/release.html,HTML,55483,f6115c440fd7575d9c304a2d2aa828f548c3dec992d9fab6a4d3abc585bf507f,200,SUCCESS,2026-07-13T08:44:12.602647Z,full_sequence=H6_M2_2000_20260628_V1/release_date=2006-10-19/source_run=role5-h6-full-0365-20061019-a1/safe_headers.txt,b5fd3720676e3df53b26cdc82ca3feefd849ce0f346debd63b16497a1b59691a,H6_TABLE1_MONTHLY_SA_M2_FULL_V1,true,FULL_NETWORK_ATTEMPT
role5-h6-full-0366-20061026-a1-body,role5-h6-full-0366-20061026-a1,20061026,https://www.federalreserve.gov/releases/h6/20061026/,full_sequence=H6_M2_2000_20260628_V1/release_date=2006-10-26/source_run=role5-h6-full-0366-20061026-a1/release.html,HTML,55483,eecb8fcc0dd87e811bcadbb9f3d029dd295c9718eb097d66e68ae8d799588798,200,SUCCESS,2026-07-13T08:44:13.616313Z,full_sequence=H6_M2_2000_20260628_V1/release_date=2006-10-26/source_run=role5-h6-full-0366-20061026-a1/safe_headers.txt,fd7c4a845d18e13d9faf93b9e6b245dc7720ff743adeba319790acf7e4e31400,H6_TABLE1_MONTHLY_SA_M2_FULL_V1,true,FULL_NETWORK_ATTEMPT
role5-h6-full-0367-20061102-a1-body,role5-h6-full-0367-20061102-a1,20061102,https://www.federalreserve.gov/releases/h6/20061102/,full_sequence=H6_M2_2000_20260628_V1/release_date=2006-11-02/source_run=role5-h6-full-0367-20061102-a1/release.html,HTML,55483,fb64cde9ceafc0467356545655e68b26b8e7364ed82db85b4351c0b8650fa128,200,SUCCESS,2026-07-13T08:44:14.623810Z,full_sequence=H6_M2_2000_20260628_V1/release_date=2006-11-02/source_run=role5-h6-full-0367-20061102-a1/safe_headers.txt,f97079e4302e36297bd6eac9483f4cb9ad94e397916b186aaceb74728a6d3a31,H6_TABLE1_MONTHLY_SA_M2_FULL_V1,true,FULL_NETWORK_ATTEMPT
role5-h6-full-0368-20061109-a1-body,role5-h6-full-0368-20061109-a1,20061109,https://www.federalreserve.gov/releases/h6/20061109/,full_sequence=H6_M2_2000_20260628_V1/release_date=2006-11-09/source_run=role5-h6-full-0368-20061109-a1/release.html,HTML,55483,17fd1525af80703dba83dca38007dd8f9108a71483b70ee34a9abe960d465480,200,SUCCESS,2026-07-13T08:44:15.650755Z,full_sequence=H6_M2_2000_20260628_V1/release_date=2006-11-09/source_run=role5-h6-full-0368-20061109-a1/safe_headers.txt,23951065cea6ec09b6204718833e900956a2cbdfc79cb33d1544d5c5a9e966e7,H6_TABLE1_MONTHLY_SA_M2_FULL_V1,true,FULL_NETWORK_ATTEMPT
role5-h6-full-0369-20061116-a1-body,role5-h6-full-0369-20061116-a1,20061116,https://www.federalreserve.gov/releases/h6/20061116/,full_sequence=H6_M2_2000_20260628_V1/release_date=2006-11-16/source_run=role5-h6-full-0369-20061116-a1/release.html,HTML,55486,6e48c0e8ba1ee4659afd84a65770103a91a35fe89496467243aa7785d4993f31,200,SUCCESS,2026-07-13T08:44:16.640042Z,full_sequence=H6_M2_2000_20260628_V1/release_date=2006-11-16/source_run=role5-h6-full-0369-20061116-a1/safe_headers.txt,795c1e84a0cf30c68318a3167b451a4cde37a2ca2d167ad5a68e64f9a28d9246,H6_TABLE1_MONTHLY_SA_M2_FULL_V1,true,FULL_NETWORK_ATTEMPT
role5-h6-full-0370-20061124-a1-body,role5-h6-full-0370-20061124-a1,20061124,https://www.federalreserve.gov/releases/h6/20061124/,full_sequence=H6_M2_2000_20260628_V1/release_date=2006-11-24/source_run=role5-h6-full-0370-20061124-a1/release.html,HTML,55486,f9a1d48471c89b3265589b5a156a326ccd6e62411c16768bbc503c25b26d814f,200,SUCCESS,2026-07-13T08:44:17.659315Z,full_sequence=H6_M2_2000_20260628_V1/release_date=2006-11-24/source_run=role5-h6-full-0370-20061124-a1/safe_headers.txt,ba4a428e23b1442960499bb69fa8cf8eb6242138e0d5879ab2660682057fc9b4,H6_TABLE1_MONTHLY_SA_M2_FULL_V1,true,FULL_NETWORK_ATTEMPT
role5-h6-full-0371-20061130-a1-body,role5-h6-full-0371-20061130-a1,20061130,https://www.federalreserve.gov/releases/h6/20061130/,full_sequence=H6_M2_2000_20260628_V1/release_date=2006-11-30/source_run=role5-h6-full-0371-20061130-a1/release.html,HTML,55394,83369c203198ba83f81be3b4d5679ce6ef6f6a5cccca15bcacc61b2ef81bdf4b,200,SUCCESS,2026-07-13T08:44:20.666514Z,full_sequence=H6_M2_2000_20260628_V1/release_date=2006-11-30/source_run=role5-h6-full-0371-20061130-a1/safe_headers.txt,d1b98187e36c89ab4ca375afd4e8736a6631a48607372d99456479d729149171,H6_TABLE1_MONTHLY_SA_M2_FULL_V1,true,FULL_NETWORK_ATTEMPT
role5-h6-full-0372-20061207-a1-body,role5-h6-full-0372-20061207-a1,20061207,https://www.federalreserve.gov/releases/h6/20061207/,full_sequence=H6_M2_2000_20260628_V1/release_date=2006-12-07/source_run=role5-h6-full-0372-20061207-a1/release.html,HTML,55483,b757e71127639f5c81a288b893e980b59303991fa30f52cf03c8f0ab1b6170bd,200,SUCCESS,2026-07-13T08:44:21.056168Z,full_sequence=H6_M2_2000_20260628_V1/release_date=2006-12-07/source_run=role5-h6-full-0372-20061207-a1/safe_headers.txt,0530448aed565b4e552b28c09ce9c76b250ea0a1082aa85d91e6e692700386a9,H6_TABLE1_MONTHLY_SA_M2_FULL_V1,true,FULL_NETWORK_ATTEMPT
role5-h6-full-0373-20061214-a1-body,role5-h6-full-0373-20061214-a1,20061214,https://www.federalreserve.gov/releases/h6/20061214/,full_sequence=H6_M2_2000_20260628_V1/release_date=2006-12-14/source_run=role5-h6-full-0373-20061214-a1/release.html,HTML,55486,a989824fbd2263db760e18488d9361b09e9e18c98d6174209a8c3e7e0c4dcf34,200,SUCCESS,2026-07-13T08:44:22.083170Z,full_sequence=H6_M2_2000_20260628_V1/release_date=2006-12-14/source_run=role5-h6-full-0373-20061214-a1/safe_headers.txt,b3470fb1d4c6c267cd6418f4467de84073632ca2bf45f14c12d64a7c3fb26af2,H6_TABLE1_MONTHLY_SA_M2_FULL_V1,true,FULL_NETWORK_ATTEMPT
role5-h6-full-0374-20061221-a1-body,role5-h6-full-0374-20061221-a1,20061221,https://www.federalreserve.gov/releases/h6/20061221/,full_sequence=H6_M2_2000_20260628_V1/release_date=2006-12-21/source_run=role5-h6-full-0374-20061221-a1/release.html,HTML,55486,21410c4bf36cf90767b7d993d1e8e4c4463e9388985b926031a7e530fb9094c1,200,SUCCESS,2026-07-13T08:44:25.044584Z,full_sequence=H6_M2_2000_20260628_V1/release_date=2006-12-21/source_run=role5-h6-full-0374-20061221-a1/safe_headers.txt,c80d5c38c9302fdc220abfee9737e9332efd2774d5bda2dcebae56ae7700bf9d,H6_TABLE1_MONTHLY_SA_M2_FULL_V1,true,FULL_NETWORK_ATTEMPT
role5-h6-full-0375-20061228-a1-body,role5-h6-full-0375-20061228-a1,20061228,https://www.federalreserve.gov/releases/h6/20061228/,full_sequence=H6_M2_2000_20260628_V1/release_date=2006-12-28/source_run=role5-h6-full-0375-20061228-a1/release.html,HTML,55484,c25533f3494465cad25de4af9fd6fbfc98ce09f2db8cb1e4e7e6dfc59638cea5,200,SUCCESS,2026-07-13T08:44:25.402870Z,full_sequence=H6_M2_2000_20260628_V1/release_date=2006-12-28/source_run=role5-h6-full-0375-20061228-a1/safe_headers.txt,92df4bee287e6d5f0dafb41f2c3f135063f8838deab7cd63daac61789a8f3044,H6_TABLE1_MONTHLY_SA_M2_FULL_V1,true,FULL_NETWORK_ATTEMPT
role5-h6-full-0376-20070104-a1-body,role5-h6-full-0376-20070104-a1,20070104,https://www.federalreserve.gov/releases/h6/20070104/,full_sequence=H6_M2_2000_20260628_V1/release_date=2007-01-04/source_run=role5-h6-full-0376-20070104-a1/release.html,HTML,55480,c1e82f813b3d322d4a5217ac74e1c7944ff11eed55d6f26bac394698e1908553,200,SUCCESS,2026-07-13T08:44:26.420616Z,full_sequence=H6_M2_2000_20260628_V1/release_date=2007-01-04/source_run=role5-h6-full-0376-20070104-a1/safe_headers.txt,290f8f565522763750803bb9820d49695cc39b770af0ea4c0d005ae1ee5e5c8f,H6_TABLE1_MONTHLY_SA_M2_FULL_V1,true,FULL_NETWORK_ATTEMPT
role5-h6-full-0377-20070111-a1-body,role5-h6-full-0377-20070111-a1,20070111,https://www.federalreserve.gov/releases/h6/20070111/,full_sequence=H6_M2_2000_20260628_V1/release_date=2007-01-11/source_run=role5-h6-full-0377-20070111-a1/release.html,HTML,55483,b8f808778d75c2b7568556d380a3ab493e4466532ba573e21cd95b49c7691f22,200,SUCCESS,2026-07-13T08:44:27.427733Z,full_sequence=H6_M2_2000_20260628_V1/release_date=2007-01-11/source_run=role5-h6-full-0377-20070111-a1/safe_headers.txt,ef7fe18b0dab6b8a4c2675c8d4ecb5b24e7fc5f0f4b22a5e70bfcf16f9e59b89,H6_TABLE1_MONTHLY_SA_M2_FULL_V1,true,FULL_NETWORK_ATTEMPT
role5-h6-full-0378-20070118-a1-body,role5-h6-full-0378-20070118-a1,20070118,https://www.federalreserve.gov/releases/h6/20070118/,full_sequence=H6_M2_2000_20260628_V1/release_date=2007-01-18/source_run=role5-h6-full-0378-20070118-a1/release.html,HTML,84550,b9fdffec387622c948d66a5c58692a697c676629040a5bd2fe57b295f5e514fd,200,SUCCESS,2026-07-13T08:44:28.476647Z,full_sequence=H6_M2_2000_20260628_V1/release_date=2007-01-18/source_run=role5-h6-full-0378-20070118-a1/safe_headers.txt,4a22e93336ea43cba8b743456373705bbda9248a518f99cae2923e9ec19706ba,H6_TABLE1_MONTHLY_SA_M2_FULL_V1,true,FULL_NETWORK_ATTEMPT
role5-h6-full-0379-20070125-a1-body,role5-h6-full-0379-20070125-a1,20070125,https://www.federalreserve.gov/releases/h6/20070125/,full_sequence=H6_M2_2000_20260628_V1/release_date=2007-01-25/source_run=role5-h6-full-0379-20070125-a1/release.html,HTML,55483,7efb3af85f89567e2ca97531ad8a3eb472027dda3d3105f522e794f35ef58edc,200,SUCCESS,2026-07-13T08:44:29.454987Z,full_sequence=H6_M2_2000_20260628_V1/release_date=2007-01-25/source_run=role5-h6-full-0379-20070125-a1/safe_headers.txt,30ddd4a2cbdaab18ee3ef450c2e15dd778f58ddc9aad42c5fcada0062dffb046,H6_TABLE1_MONTHLY_SA_M2_FULL_V1,true,FULL_NETWORK_ATTEMPT
role5-h6-full-0380-20070201-a1-body,role5-h6-full-0380-20070201-a1,20070201,https://www.federalreserve.gov/releases/h6/20070201/,full_sequence=H6_M2_2000_20260628_V1/release_date=2007-02-01/source_run=role5-h6-full-0380-20070201-a1/release.html,HTML,55483,d4c613dc052ffa00ef60871def9360ee27d000b852bff5dee38bedebea82b8d6,200,SUCCESS,2026-07-13T08:44:30.459929Z,full_sequence=H6_M2_2000_20260628_V1/release_date=2007-02-01/source_run=role5-h6-full-0380-20070201-a1/safe_headers.txt,6fbd7995c70cd57876d89861d1b1acd94915ee05509c247836adaa3ee5514d15,H6_TABLE1_MONTHLY_SA_M2_FULL_V1,true,FULL_NETWORK_ATTEMPT
role5-h6-full-0381-20070208-a1-body,role5-h6-full-0381-20070208-a1,20070208,https://www.federalreserve.gov/releases/h6/20070208/,full_sequence=H6_M2_2000_20260628_V1/release_date=2007-02-08/source_run=role5-h6-full-0381-20070208-a1/release.html,HTML,55483,06dbb5663b67f5bf01013d1a9c06c39824cb94fd66974df4381bd4273032ff41,200,SUCCESS,2026-07-13T08:44:31.533542Z,full_sequence=H6_M2_2000_20260628_V1/release_date=2007-02-08/source_run=role5-h6-full-0381-20070208-a1/safe_headers.txt,ac438cae2d360fef73511e60c6651ae2dcf69360926af1fd23b052e3d5d5985e,H6_TABLE1_MONTHLY_SA_M2_FULL_V1,true,FULL_NETWORK_ATTEMPT
role5-h6-full-0382-20070215-a1-body,role5-h6-full-0382-20070215-a1,20070215,https://www.federalreserve.gov/releases/h6/20070215/,full_sequence=H6_M2_2000_20260628_V1/release_date=2007-02-15/source_run=role5-h6-full-0382-20070215-a1/release.html,HTML,55486,9905e5da457c3a18a90354ef3d38c297420f2298a16750f7a82e7b5df74edeb9,200,SUCCESS,2026-07-13T08:44:32.454825Z,full_sequence=H6_M2_2000_20260628_V1/release_date=2007-02-15/source_run=role5-h6-full-0382-20070215-a1/safe_headers.txt,e4ac66da2770cee1db408db80180fe2bcf5e85f2aeb853c71d69c2ccc5748d45,H6_TABLE1_MONTHLY_SA_M2_FULL_V1,true,FULL_NETWORK_ATTEMPT
role5-h6-full-0383-20070222-a1-body,role5-h6-full-0383-20070222-a1,20070222,https://www.federalreserve.gov/releases/h6/20070222/,full_sequence=H6_M2_2000_20260628_V1/release_date=2007-02-22/source_run=role5-h6-full-0383-20070222-a1/release.html,HTML,55486,4ae70bb753671aa9444f624238e35107272b7e5eadc012836068a3f1281e5d4a,200,SUCCESS,2026-07-13T08:44:34.507527Z,full_sequence=H6_M2_2000_20260628_V1/release_date=2007-02-22/source_run=role5-h6-full-0383-20070222-a1/safe_headers.txt,67201f789771f4f21a16dc2230f904124ca089e7d0a26ae0b8737c02fbf6f4cd,H6_TABLE1_MONTHLY_SA_M2_FULL_V1,true,FULL_NETWORK_ATTEMPT
role5-h6-full-0384-20070301-a1-body,role5-h6-full-0384-20070301-a1,20070301,https://www.federalreserve.gov/releases/h6/20070301/,full_sequence=H6_M2_2000_20260628_V1/release_date=2007-03-01/source_run=role5-h6-full-0384-20070301-a1/release.html,HTML,55474,6cc0ab09c2de30d1c94a8590aff1587c2782328444597930ae240475559b0da3,200,SUCCESS,2026-07-13T08:44:34.869271Z,full_sequence=H6_M2_2000_20260628_V1/release_date=2007-03-01/source_run=role5-h6-full-0384-20070301-a1/safe_headers.txt,0bb2522aada339ba0d71091aecd5094bf0397ea3f7339cdd8626c7b5b932472e,H6_TABLE1_MONTHLY_SA_M2_FULL_V1,true,FULL_NETWORK_ATTEMPT
role5-h6-full-0385-20070308-a1-body,role5-h6-full-0385-20070308-a1,20070308,https://www.federalreserve.gov/releases/h6/20070308/,full_sequence=H6_M2_2000_20260628_V1/release_date=2007-03-08/source_run=role5-h6-full-0385-20070308-a1/release.html,HTML,55474,2bd035d16a59163bd0a587f4ee5d551c39ff3baa5bde1619f166dbd86d5d1c30,200,SUCCESS,2026-07-13T08:44:35.877313Z,full_sequence=H6_M2_2000_20260628_V1/release_date=2007-03-08/source_run=role5-h6-full-0385-20070308-a1/safe_headers.txt,174ab118f72b1dffa563f6bef0aaeffa0c1a0d6dec5ee39fa8c4c67ac57aa55f,H6_TABLE1_MONTHLY_SA_M2_FULL_V1,true,FULL_NETWORK_ATTEMPT
role5-h6-full-0386-20070315-a1-body,role5-h6-full-0386-20070315-a1,20070315,https://www.federalreserve.gov/releases/h6/20070315/,full_sequence=H6_M2_2000_20260628_V1/release_date=2007-03-15/source_run=role5-h6-full-0386-20070315-a1/release.html,HTML,55477,6a2af76577792f2e7ebbd081a1d156a7164141f54cf6df29073781db79af515e,200,SUCCESS,2026-07-13T08:44:38.880956Z,full_sequence=H6_M2_2000_20260628_V1/release_date=2007-03-15/source_run=role5-h6-full-0386-20070315-a1/safe_headers.txt,1cecdbb264187554dac571ffd47613ba5ec7151cb01ea76e1c9cd75f66c38693,H6_TABLE1_MONTHLY_SA_M2_FULL_V1,true,FULL_NETWORK_ATTEMPT
role5-h6-full-0387-20070322-a1-body,role5-h6-full-0387-20070322-a1,20070322,https://www.federalreserve.gov/releases/h6/20070322/,full_sequence=H6_M2_2000_20260628_V1/release_date=2007-03-22/source_run=role5-h6-full-0387-20070322-a1/release.html,HTML,55477,87ad90ead5535eac76cd7bc633204a490ed943b62f0f9d1691b8cf0813a510ee,200,SUCCESS,2026-07-13T08:44:39.228927Z,full_sequence=H6_M2_2000_20260628_V1/release_date=2007-03-22/source_run=role5-h6-full-0387-20070322-a1/safe_headers.txt,9348910d30233211abd96780deb308bd1f7192d18eeb8c3a05f524a4b90907bc,H6_TABLE1_MONTHLY_SA_M2_FULL_V1,true,FULL_NETWORK_ATTEMPT
role5-h6-full-0388-20070329-a1-body,role5-h6-full-0388-20070329-a1,20070329,https://www.federalreserve.gov/releases/h6/20070329/,full_sequence=H6_M2_2000_20260628_V1/release_date=2007-03-29/source_run=role5-h6-full-0388-20070329-a1/release.html,HTML,55535,9cc65b4789a20e77005170bbeb6cbd0e37c475320b0c4c30d69c5035729903af,200,SUCCESS,2026-07-13T08:44:40.254045Z,full_sequence=H6_M2_2000_20260628_V1/release_date=2007-03-29/source_run=role5-h6-full-0388-20070329-a1/safe_headers.txt,4702550d6065c6a640cc929ffe184609ffd759c0371cac90c36c683797dd4455,H6_TABLE1_MONTHLY_SA_M2_FULL_V1,true,FULL_NETWORK_ATTEMPT
role5-h6-full-0389-20070405-a1-body,role5-h6-full-0389-20070405-a1,20070405,https://www.federalreserve.gov/releases/h6/20070405/,full_sequence=H6_M2_2000_20260628_V1/release_date=2007-04-05/source_run=role5-h6-full-0389-20070405-a1/release.html,HTML,55585,0ed97d21ad94d11d4d7b69f6a499a10d08efed07c80a011e56e544cf67cf272d,200,SUCCESS,2026-07-13T08:44:41.256353Z,full_sequence=H6_M2_2000_20260628_V1/release_date=2007-04-05/source_run=role5-h6-full-0389-20070405-a1/safe_headers.txt,925a9e4c46931091eb917d375af2dfbf758dd7975bc19581930b39f690d08027,H6_TABLE1_MONTHLY_SA_M2_FULL_V1,true,FULL_NETWORK_ATTEMPT
role5-h6-full-0390-20070412-a1-body,role5-h6-full-0390-20070412-a1,20070412,https://www.federalreserve.gov/releases/h6/20070412/,full_sequence=H6_M2_2000_20260628_V1/release_date=2007-04-12/source_run=role5-h6-full-0390-20070412-a1/release.html,HTML,55599,62f52a57fc4c80eaf9c8bd9a418020e58a77cc28c78210405aa86f2a450361fb,200,SUCCESS,2026-07-13T08:44:42.295995Z,full_sequence=H6_M2_2000_20260628_V1/release_date=2007-04-12/source_run=role5-h6-full-0390-20070412-a1/safe_headers.txt,583a906c9b281c83fdb8e2ef389b3c1ded5e1304675cf6af80bcd02678644402,H6_TABLE1_MONTHLY_SA_M2_FULL_V1,true,FULL_NETWORK_ATTEMPT
role5-h6-full-0391-20070419-a1-body,role5-h6-full-0391-20070419-a1,20070419,https://www.federalreserve.gov/releases/h6/20070419/,full_sequence=H6_M2_2000_20260628_V1/release_date=2007-04-19/source_run=role5-h6-full-0391-20070419-a1/release.html,HTML,55599,8ae9ebd42eb18c4ba761c9f8027e7a31dc30ff7be3b2ebf8afa936328e3c8b54,200,SUCCESS,2026-07-13T08:44:43.271473Z,full_sequence=H6_M2_2000_20260628_V1/release_date=2007-04-19/source_run=role5-h6-full-0391-20070419-a1/safe_headers.txt,733056c81364fe15975213e99e0ce88118de2fd349324b9e5455275e41880720,H6_TABLE1_MONTHLY_SA_M2_FULL_V1,true,FULL_NETWORK_ATTEMPT
role5-h6-full-0392-20070426-a1-body,role5-h6-full-0392-20070426-a1,20070426,https://www.federalreserve.gov/releases/h6/20070426/,full_sequence=H6_M2_2000_20260628_V1/release_date=2007-04-26/source_run=role5-h6-full-0392-20070426-a1/release.html,HTML,55599,1b406e911eb5e3e0a43f91b638ea9d2743bc5a752445d3a6634e0e62a06de979,200,SUCCESS,2026-07-13T08:44:44.278834Z,full_sequence=H6_M2_2000_20260628_V1/release_date=2007-04-26/source_run=role5-h6-full-0392-20070426-a1/safe_headers.txt,e01820196eb13ac40cf2f8c9786368f5a44693067a5dd91869234ed7e8d422f9,H6_TABLE1_MONTHLY_SA_M2_FULL_V1,true,FULL_NETWORK_ATTEMPT
role5-h6-full-0393-20070503-a1-body,role5-h6-full-0393-20070503-a1,20070503,https://www.federalreserve.gov/releases/h6/20070503/,full_sequence=H6_M2_2000_20260628_V1/release_date=2007-05-03/source_run=role5-h6-full-0393-20070503-a1/release.html,HTML,55590,d42aa3c919420a7c93b073be60f79910bb1871b3457ef704ee2ac8c12cc5ba92,200,SUCCESS,2026-07-13T08:44:45.297267Z,full_sequence=H6_M2_2000_20260628_V1/release_date=2007-05-03/source_run=role5-h6-full-0393-20070503-a1/safe_headers.txt,d6fb2f0dea5c205fcf2180b88dd0208abc10d51da935f1c9d506e75c15dd2647,H6_TABLE1_MONTHLY_SA_M2_FULL_V1,true,FULL_NETWORK_ATTEMPT
role5-h6-full-0394-20070510-a1-body,role5-h6-full-0394-20070510-a1,20070510,https://www.federalreserve.gov/releases/h6/20070510/,full_sequence=H6_M2_2000_20260628_V1/release_date=2007-05-10/source_run=role5-h6-full-0394-20070510-a1/release.html,HTML,55593,384d61ac25b0add66a5679603fd90b9733c31f70f36fdf5861a847a99c7d5c45,200,SUCCESS,2026-07-13T08:44:46.282705Z,full_sequence=H6_M2_2000_20260628_V1/release_date=2007-05-10/source_run=role5-h6-full-0394-20070510-a1/safe_headers.txt,dda92272df1b6592e4b3e4d575f5d9953c31aa3c9caf1ed6da20460cc8ab5f2f,H6_TABLE1_MONTHLY_SA_M2_FULL_V1,true,FULL_NETWORK_ATTEMPT
role5-h6-full-0395-20070517-a1-body,role5-h6-full-0395-20070517-a1,20070517,https://www.federalreserve.gov/releases/h6/20070517/,full_sequence=H6_M2_2000_20260628_V1/release_date=2007-05-17/source_run=role5-h6-full-0395-20070517-a1/release.html,HTML,55593,9eb7e7c300723b7989f252d82097636c1c32c373b856968b721f0f221dd7cb63,200,SUCCESS,2026-07-13T08:44:47.292986Z,full_sequence=H6_M2_2000_20260628_V1/release_date=2007-05-17/source_run=role5-h6-full-0395-20070517-a1/safe_headers.txt,fe6b762c9a8caee04ffd7b44638f73802278270931064f6863d1594b869ed12d,H6_TABLE1_MONTHLY_SA_M2_FULL_V1,true,FULL_NETWORK_ATTEMPT
role5-h6-full-0396-20070524-a1-body,role5-h6-full-0396-20070524-a1,20070524,https://www.federalreserve.gov/releases/h6/20070524/,full_sequence=H6_M2_2000_20260628_V1/release_date=2007-05-24/source_run=role5-h6-full-0396-20070524-a1/release.html,HTML,55593,529ef05beb66b9282a9145391f7a0e6b54787acaedcb92c8dd387e8d3e13303d,200,SUCCESS,2026-07-13T08:44:48.294648Z,full_sequence=H6_M2_2000_20260628_V1/release_date=2007-05-24/source_run=role5-h6-full-0396-20070524-a1/safe_headers.txt,4980e640c6e66654c2a87271535a371945297fe31671a740fb4f65ad79e692bf,H6_TABLE1_MONTHLY_SA_M2_FULL_V1,true,FULL_NETWORK_ATTEMPT
role5-h6-full-0397-20070531-a1-body,role5-h6-full-0397-20070531-a1,20070531,https://www.federalreserve.gov/releases/h6/20070531/,full_sequence=H6_M2_2000_20260628_V1/release_date=2007-05-31/source_run=role5-h6-full-0397-20070531-a1/release.html,HTML,55593,3258f7e3a20fb4595caac8668ef598cb56327f0425b7238594e5a6951ada84cd,200,SUCCESS,2026-07-13T08:44:49.316339Z,full_sequence=H6_M2_2000_20260628_V1/release_date=2007-05-31/source_run=role5-h6-full-0397-20070531-a1/safe_headers.txt,bd81a68d9d3b13c31d0a4421aa6549a88e65a7c48c18a652f1361858ac0259fd,H6_TABLE1_MONTHLY_SA_M2_FULL_V1,true,FULL_NETWORK_ATTEMPT
role5-h6-full-0398-20070607-a1-body,role5-h6-full-0398-20070607-a1,20070607,https://www.federalreserve.gov/releases/h6/20070607/,full_sequence=H6_M2_2000_20260628_V1/release_date=2007-06-07/source_run=role5-h6-full-0398-20070607-a1/release.html,HTML,55590,065236b5c31b687545df321a7f6a904a714673dc5bbd90265d94061b022b58b0,200,SUCCESS,2026-07-13T08:44:53.325614Z,full_sequence=H6_M2_2000_20260628_V1/release_date=2007-06-07/source_run=role5-h6-full-0398-20070607-a1/safe_headers.txt,7785052a3cdec4b878b1df440208044a6b91c14286d4253f677bbc620fb002c6,H6_TABLE1_MONTHLY_SA_M2_FULL_V1,true,FULL_NETWORK_ATTEMPT
role5-h6-full-0399-20070614-a1-body,role5-h6-full-0399-20070614-a1,20070614,https://www.federalreserve.gov/releases/h6/20070614/,full_sequence=H6_M2_2000_20260628_V1/release_date=2007-06-14/source_run=role5-h6-full-0399-20070614-a1/release.html,HTML,55596,ffbf384cdaf0c9cb8a8339662f528d586e3d02c65749450b426ee72f207e64f2,200,SUCCESS,2026-07-13T08:44:53.757887Z,full_sequence=H6_M2_2000_20260628_V1/release_date=2007-06-14/source_run=role5-h6-full-0399-20070614-a1/safe_headers.txt,6c4c886f6583a49d9fed00b6650304ee137db112ca9e5067c8b8d21d6bb321b3,H6_TABLE1_MONTHLY_SA_M2_FULL_V1,true,FULL_NETWORK_ATTEMPT
role5-h6-full-0400-20070621-a1-body,role5-h6-full-0400-20070621-a1,20070621,https://www.federalreserve.gov/releases/h6/20070621/,full_sequence=H6_M2_2000_20260628_V1/release_date=2007-06-21/source_run=role5-h6-full-0400-20070621-a1/release.html,HTML,55596,a2cc3950ab4ecbe711aabb5c10e754d5702342d1259fa15b97ca2a6d7b240a95,200,SUCCESS,2026-07-13T08:44:54.778369Z,full_sequence=H6_M2_2000_20260628_V1/release_date=2007-06-21/source_run=role5-h6-full-0400-20070621-a1/safe_headers.txt,6c0f6fe85a1f2470ebb6d17debcb1c83b41a37895b3f3c6f56f7354083a46d3f,H6_TABLE1_MONTHLY_SA_M2_FULL_V1,true,FULL_NETWORK_ATTEMPT
role5-h6-full-0401-20070628-a1-body,role5-h6-full-0401-20070628-a1,20070628,https://www.federalreserve.gov/releases/h6/20070628/,full_sequence=H6_M2_2000_20260628_V1/release_date=2007-06-28/source_run=role5-h6-full-0401-20070628-a1/release.html,HTML,55596,63eb76c28c93aa18d0b1017751b90fd680b916f81de82d3a9eb8c4d9813e3995,200,SUCCESS,2026-07-13T08:44:55.701987Z,full_sequence=H6_M2_2000_20260628_V1/release_date=2007-06-28/source_run=role5-h6-full-0401-20070628-a1/safe_headers.txt,3e323dd2f3f71cb96f87e9aa2c9c9ff127d7c81a2996c5ff252c210f6f41cb4d,H6_TABLE1_MONTHLY_SA_M2_FULL_V1,true,FULL_NETWORK_ATTEMPT
role5-h6-full-0402-20070705-a1-body,role5-h6-full-0402-20070705-a1,20070705,https://www.federalreserve.gov/releases/h6/20070705/,full_sequence=H6_M2_2000_20260628_V1/release_date=2007-07-05/source_run=role5-h6-full-0402-20070705-a1/release.html,HTML,55593,f390046f386092a763f58bf88c777d5dcdb5b31843af3f098232e8b18c9be773,200,SUCCESS,2026-07-13T08:44:58.776228Z,full_sequence=H6_M2_2000_20260628_V1/release_date=2007-07-05/source_run=role5-h6-full-0402-20070705-a1/safe_headers.txt,ed5e0baa31b318a25fb73f6d2b1a90b09918ed9c675e271d9defd68998b16c42,H6_TABLE1_MONTHLY_SA_M2_FULL_V1,true,FULL_NETWORK_ATTEMPT
role5-h6-full-0403-20070712-a1-body,role5-h6-full-0403-20070712-a1,20070712,https://www.federalreserve.gov/releases/h6/20070712/,full_sequence=H6_M2_2000_20260628_V1/release_date=2007-07-12/source_run=role5-h6-full-0403-20070712-a1/release.html,HTML,55596,6618c6578ae0d05983b1cc450ed1149c5818c68bda063cbadfa423d1aa69160d,200,SUCCESS,2026-07-13T08:44:59.149509Z,full_sequence=H6_M2_2000_20260628_V1/release_date=2007-07-12/source_run=role5-h6-full-0403-20070712-a1/safe_headers.txt,808a06c02e28db1f2885b2d4c287d9adb931ee18015bb9e5087e95a22438a949,H6_TABLE1_MONTHLY_SA_M2_FULL_V1,true,FULL_NETWORK_ATTEMPT
role5-h6-full-0404-20070719-a1-body,role5-h6-full-0404-20070719-a1,20070719,https://www.federalreserve.gov/releases/h6/20070719/,full_sequence=H6_M2_2000_20260628_V1/release_date=2007-07-19/source_run=role5-h6-full-0404-20070719-a1/release.html,HTML,55596,23bb3c1cfeeb0a37ac6a167e90ca968b718fa95e3ef30fb41e379eb8843e3eb3,200,SUCCESS,2026-07-13T08:45:00.147672Z,full_sequence=H6_M2_2000_20260628_V1/release_date=2007-07-19/source_run=role5-h6-full-0404-20070719-a1/safe_headers.txt,0a1253473513c8fe03706961c6bd0467307a68fa4a1175c30827ed26c75be5b8,H6_TABLE1_MONTHLY_SA_M2_FULL_V1,true,FULL_NETWORK_ATTEMPT
role5-h6-full-0405-20070726-a1-body,role5-h6-full-0405-20070726-a1,20070726,https://www.federalreserve.gov/releases/h6/20070726/,full_sequence=H6_M2_2000_20260628_V1/release_date=2007-07-26/source_run=role5-h6-full-0405-20070726-a1/release.html,HTML,55596,5210964b83fc65b3dcfbf77185c8b79ed25cf7baa38fd645006ae3b2531247d5,200,SUCCESS,2026-07-13T08:45:01.157747Z,full_sequence=H6_M2_2000_20260628_V1/release_date=2007-07-26/source_run=role5-h6-full-0405-20070726-a1/safe_headers.txt,d0df822e9551cc303a97ddcbdcde04fa9396cc56743c3880e724207a8f16b1f3,H6_TABLE1_MONTHLY_SA_M2_FULL_V1,true,FULL_NETWORK_ATTEMPT
role5-h6-full-0406-20070802-a1-body,role5-h6-full-0406-20070802-a1,20070802,https://www.federalreserve.gov/releases/h6/20070802/,full_sequence=H6_M2_2000_20260628_V1/release_date=2007-08-02/source_run=role5-h6-full-0406-20070802-a1/release.html,HTML,55121,11307953039e23eb465fd5f2a3558549244a3c614b1647f1a023744f829206c0,200,SUCCESS,2026-07-13T08:45:02.171950Z,full_sequence=H6_M2_2000_20260628_V1/release_date=2007-08-02/source_run=role5-h6-full-0406-20070802-a1/safe_headers.txt,d205c89fb327aeaa0971805d7de29c59fcfeddc11f27dfee9f686a8c9042f52a,H6_TABLE1_MONTHLY_SA_M2_FULL_V1,true,FULL_NETWORK_ATTEMPT
role5-h6-full-0407-20070809-a1-body,role5-h6-full-0407-20070809-a1,20070809,https://www.federalreserve.gov/releases/h6/20070809/,full_sequence=H6_M2_2000_20260628_V1/release_date=2007-08-09/source_run=role5-h6-full-0407-20070809-a1/release.html,HTML,55599,81b311a1c4ba38f12d299481fed7dddbbb80aa8ec7391df9619e9f91f36e6dc5,200,SUCCESS,2026-07-13T08:45:03.167705Z,full_sequence=H6_M2_2000_20260628_V1/release_date=2007-08-09/source_run=role5-h6-full-0407-20070809-a1/safe_headers.txt,4cfd3868119185422f57ce0db3f4be756d98882386b1f06215e6ece93997e74b,H6_TABLE1_MONTHLY_SA_M2_FULL_V1,true,FULL_NETWORK_ATTEMPT
role5-h6-full-0408-20070816-a1-body,role5-h6-full-0408-20070816-a1,20070816,https://www.federalreserve.gov/releases/h6/20070816/,full_sequence=H6_M2_2000_20260628_V1/release_date=2007-08-16/source_run=role5-h6-full-0408-20070816-a1/release.html,HTML,55602,09986c8e3f399067d52c7d663f8dd0320579f3601da4e77ba5cfb410c92520fd,200,SUCCESS,2026-07-13T08:45:04.185047Z,full_sequence=H6_M2_2000_20260628_V1/release_date=2007-08-16/source_run=role5-h6-full-0408-20070816-a1/safe_headers.txt,5f1407263efe05064b5f03a7ec974ab5ca30c4f606be8759470ab0143cfe9aea,H6_TABLE1_MONTHLY_SA_M2_FULL_V1,true,FULL_NETWORK_ATTEMPT
role5-h6-full-0409-20070823-a1-body,role5-h6-full-0409-20070823-a1,20070823,https://www.federalreserve.gov/releases/h6/20070823/,full_sequence=H6_M2_2000_20260628_V1/release_date=2007-08-23/source_run=role5-h6-full-0409-20070823-a1/release.html,HTML,55602,2dd5a81ec37d40536f3796db94a54347e7d68f20352c14b967fecb94d9baba4b,200,SUCCESS,2026-07-13T08:45:05.178122Z,full_sequence=H6_M2_2000_20260628_V1/release_date=2007-08-23/source_run=role5-h6-full-0409-20070823-a1/safe_headers.txt,1215413cebfd20f42ceba3f5d90c6814135c49c0ffbc77268b0ea98a6f6000e7,H6_TABLE1_MONTHLY_SA_M2_FULL_V1,true,FULL_NETWORK_ATTEMPT
role5-h6-full-0410-20070830-a1-body,role5-h6-full-0410-20070830-a1,20070830,https://www.federalreserve.gov/releases/h6/20070830/,full_sequence=H6_M2_2000_20260628_V1/release_date=2007-08-30/source_run=role5-h6-full-0410-20070830-a1/release.html,HTML,55602,aefdf9c5f6aa6195aa5e4f4a498cccc1e2b2a8649dd2bd3a0c06c3f4c6295b85,200,SUCCESS,2026-07-13T08:45:06.192349Z,full_sequence=H6_M2_2000_20260628_V1/release_date=2007-08-30/source_run=role5-h6-full-0410-20070830-a1/safe_headers.txt,3278a6128ba2b03986312aa854302a7ae73e81c0715349a0eb40ad3982ffb034,H6_TABLE1_MONTHLY_SA_M2_FULL_V1,true,FULL_NETWORK_ATTEMPT
role5-h6-full-0411-20070906-a1-body,role5-h6-full-0411-20070906-a1,20070906,https://www.federalreserve.gov/releases/h6/20070906/,full_sequence=H6_M2_2000_20260628_V1/release_date=2007-09-06/source_run=role5-h6-full-0411-20070906-a1/release.html,HTML,55608,eec97c15ce25e703b780b2e4c24cad7d5afd73ca7de414af2c925e1aa526fbb4,200,SUCCESS,2026-07-13T08:45:07.195861Z,full_sequence=H6_M2_2000_20260628_V1/release_date=2007-09-06/source_run=role5-h6-full-0411-20070906-a1/safe_headers.txt,a51721f9e28821ea58e6346f6186c382f3445a26e7f2895e548c2bdf3f3a6060,H6_TABLE1_MONTHLY_SA_M2_FULL_V1,true,FULL_NETWORK_ATTEMPT
role5-h6-full-0412-20070913-a1-body,role5-h6-full-0412-20070913-a1,20070913,https://www.federalreserve.gov/releases/h6/20070913/,full_sequence=H6_M2_2000_20260628_V1/release_date=2007-09-13/source_run=role5-h6-full-0412-20070913-a1/release.html,HTML,55611,e3a45d900f1bfd7aaccb65cdb0d57073a9068d18455c0f1af830798a3cbf7e79,200,SUCCESS,2026-07-13T08:45:08.218848Z,full_sequence=H6_M2_2000_20260628_V1/release_date=2007-09-13/source_run=role5-h6-full-0412-20070913-a1/safe_headers.txt,567917b9771c75c0e39f2105937ae0ad1fd2fae300d42dd72dcbb64e0f9f4ec9,H6_TABLE1_MONTHLY_SA_M2_FULL_V1,true,FULL_NETWORK_ATTEMPT
role5-h6-full-0413-20070920-a1-body,role5-h6-full-0413-20070920-a1,20070920,https://www.federalreserve.gov/releases/h6/20070920/,full_sequence=H6_M2_2000_20260628_V1/release_date=2007-09-20/source_run=role5-h6-full-0413-20070920-a1/release.html,HTML,55611,d20fae7f11f923dacad89873e9b98c410dc6adab7fa39ede4ae35b87f49eda3e,200,SUCCESS,2026-07-13T08:45:09.226562Z,full_sequence=H6_M2_2000_20260628_V1/release_date=2007-09-20/source_run=role5-h6-full-0413-20070920-a1/safe_headers.txt,d4118a7f200b1f7b1bbadbb0e1c25e291f803e6a08ff4fca927c778aa0a6ee6f,H6_TABLE1_MONTHLY_SA_M2_FULL_V1,true,FULL_NETWORK_ATTEMPT
role5-h6-full-0414-20070927-a1-body,role5-h6-full-0414-20070927-a1,20070927,https://www.federalreserve.gov/releases/h6/20070927/,full_sequence=H6_M2_2000_20260628_V1/release_date=2007-09-27/source_run=role5-h6-full-0414-20070927-a1/release.html,HTML,55611,077d062c6ed68e21f914c279d2da3365202b3563fd63e02bb4a358c410524d6d,200,SUCCESS,2026-07-13T08:45:10.238384Z,full_sequence=H6_M2_2000_20260628_V1/release_date=2007-09-27/source_run=role5-h6-full-0414-20070927-a1/safe_headers.txt,1f280d0209440097369abe33c563b6e28f15748769378bf20b8b0f4b0028f826,H6_TABLE1_MONTHLY_SA_M2_FULL_V1,true,FULL_NETWORK_ATTEMPT
role5-h6-full-0415-20071004-a1-body,role5-h6-full-0415-20071004-a1,20071004,https://www.federalreserve.gov/releases/h6/20071004/,full_sequence=H6_M2_2000_20260628_V1/release_date=2007-10-04/source_run=role5-h6-full-0415-20071004-a1/release.html,HTML,55602,f95a7065697902372c2ff0968df45f23ad9f40ce274d5f30b493b33a6afd728e,200,SUCCESS,2026-07-13T08:45:11.236032Z,full_sequence=H6_M2_2000_20260628_V1/release_date=2007-10-04/source_run=role5-h6-full-0415-20071004-a1/safe_headers.txt,2b210d26c97afc08377b2b6c61eae7f36fd3da5220d97dd61ce7614bb1d03540,H6_TABLE1_MONTHLY_SA_M2_FULL_V1,true,FULL_NETWORK_ATTEMPT
role5-h6-full-0416-20071011-a1-body,role5-h6-full-0416-20071011-a1,20071011,https://www.federalreserve.gov/releases/h6/20071011/,full_sequence=H6_M2_2000_20260628_V1/release_date=2007-10-11/source_run=role5-h6-full-0416-20071011-a1/release.html,HTML,55605,ea28c936ba497df37eda60418de5cf9da35b111b141c7600cb500514d8f77ef5,200,SUCCESS,2026-07-13T08:45:12.271522Z,full_sequence=H6_M2_2000_20260628_V1/release_date=2007-10-11/source_run=role5-h6-full-0416-20071011-a1/safe_headers.txt,192fc2fead24c69958714583256ec82b3a21d95204bddd8540b8d48e7c520d88,H6_TABLE1_MONTHLY_SA_M2_FULL_V1,true,FULL_NETWORK_ATTEMPT
role5-h6-full-0417-20071018-a1-body,role5-h6-full-0417-20071018-a1,20071018,https://www.federalreserve.gov/releases/h6/20071018/,full_sequence=H6_M2_2000_20260628_V1/release_date=2007-10-18/source_run=role5-h6-full-0417-20071018-a1/release.html,HTML,55605,191deca80f45ec2959e04b78606b01670b71a5d1ab456115be15d22c91d181a8,200,SUCCESS,2026-07-13T08:45:13.232768Z,full_sequence=H6_M2_2000_20260628_V1/release_date=2007-10-18/source_run=role5-h6-full-0417-20071018-a1/safe_headers.txt,11e7d108ee86ca445b51dc7325e8f3c1f383124859783abe3e0ceb0d519ee190,H6_TABLE1_MONTHLY_SA_M2_FULL_V1,true,FULL_NETWORK_ATTEMPT
role5-h6-full-0418-20071025-a1-body,role5-h6-full-0418-20071025-a1,20071025,https://www.federalreserve.gov/releases/h6/20071025/,full_sequence=H6_M2_2000_20260628_V1/release_date=2007-10-25/source_run=role5-h6-full-0418-20071025-a1/release.html,HTML,55605,bf12b207220c0c789ff0c2f063266fded2bd26bf32394c5875ad3d12ac65b694,200,SUCCESS,2026-07-13T08:45:14.258520Z,full_sequence=H6_M2_2000_20260628_V1/release_date=2007-10-25/source_run=role5-h6-full-0418-20071025-a1/safe_headers.txt,e29ea0bc0c21ea9147a5728bc0035a38e8a3ac589d52ade837930efd1bd42951,H6_TABLE1_MONTHLY_SA_M2_FULL_V1,true,FULL_NETWORK_ATTEMPT
role5-h6-full-0419-20071101-a1-body,role5-h6-full-0419-20071101-a1,20071101,https://www.federalreserve.gov/releases/h6/20071101/,full_sequence=H6_M2_2000_20260628_V1/release_date=2007-11-01/source_run=role5-h6-full-0419-20071101-a1/release.html,HTML,55605,3eaedbbfe93fa848a179acb05171b297c85a98104f174a33fb1eda66625690f9,200,SUCCESS,2026-07-13T08:45:15.264476Z,full_sequence=H6_M2_2000_20260628_V1/release_date=2007-11-01/source_run=role5-h6-full-0419-20071101-a1/safe_headers.txt,de392c48bfb53ae5b112362200d162ee757caa97e6377e8c31ac8c1eb2752ac1,H6_TABLE1_MONTHLY_SA_M2_FULL_V1,true,FULL_NETWORK_ATTEMPT
role5-h6-full-0420-20071108-a1-body,role5-h6-full-0420-20071108-a1,20071108,https://www.federalreserve.gov/releases/h6/20071108/,full_sequence=H6_M2_2000_20260628_V1/release_date=2007-11-08/source_run=role5-h6-full-0420-20071108-a1/release.html,HTML,55605,d3bb9ec8a5b2fafcf94630ee3e10f8407f93c94df45b9e89da9d4aec9da524c3,200,SUCCESS,2026-07-13T08:45:16.277028Z,full_sequence=H6_M2_2000_20260628_V1/release_date=2007-11-08/source_run=role5-h6-full-0420-20071108-a1/safe_headers.txt,7c6869f2d6d83e0383d3fe019261abe8ce619c20309cbc636d0f98b4c171d444,H6_TABLE1_MONTHLY_SA_M2_FULL_V1,true,FULL_NETWORK_ATTEMPT
role5-h6-full-0421-20071115-a1-body,role5-h6-full-0421-20071115-a1,20071115,https://www.federalreserve.gov/releases/h6/20071115/,full_sequence=H6_M2_2000_20260628_V1/release_date=2007-11-15/source_run=role5-h6-full-0421-20071115-a1/release.html,HTML,55608,962cf803550e520731175833ce0d8c0720fbb3d2502d868042fecd07b8ae034c,200,SUCCESS,2026-07-13T08:45:17.336417Z,full_sequence=H6_M2_2000_20260628_V1/release_date=2007-11-15/source_run=role5-h6-full-0421-20071115-a1/safe_headers.txt,e44b62660bbe622a5fb8fad30d977e1a87eaec7a965ddc3b0bb950f675ee6da8,H6_TABLE1_MONTHLY_SA_M2_FULL_V1,true,FULL_NETWORK_ATTEMPT
role5-h6-full-0422-20071123-a1-body,role5-h6-full-0422-20071123-a1,20071123,https://www.federalreserve.gov/releases/h6/20071123/,full_sequence=H6_M2_2000_20260628_V1/release_date=2007-11-23/source_run=role5-h6-full-0422-20071123-a1/release.html,HTML,55606,a9feef18fafbffef575640f73432152958249ade227c92bde42ccceeb40ffc9d,200,SUCCESS,2026-07-13T08:45:18.286450Z,full_sequence=H6_M2_2000_20260628_V1/release_date=2007-11-23/source_run=role5-h6-full-0422-20071123-a1/safe_headers.txt,310316f992af1b4b7c480af4f58c4ca3b73c4b33a37263c16437c49bc1c842bf,H6_TABLE1_MONTHLY_SA_M2_FULL_V1,true,FULL_NETWORK_ATTEMPT
role5-h6-full-0423-20071129-a1-body,role5-h6-full-0423-20071129-a1,20071129,https://www.federalreserve.gov/releases/h6/20071129/,full_sequence=H6_M2_2000_20260628_V1/release_date=2007-11-29/source_run=role5-h6-full-0423-20071129-a1/release.html,HTML,55608,f8d0fcf62a1b6e7f65c3d73bd428cbcedff76afeb7656322c3b3a1e0073480db,200,SUCCESS,2026-07-13T08:45:19.299163Z,full_sequence=H6_M2_2000_20260628_V1/release_date=2007-11-29/source_run=role5-h6-full-0423-20071129-a1/safe_headers.txt,f03cac8bd02e6c06ea798c21beb38324ec347c602e2b9375e32f6cdef50c8e05,H6_TABLE1_MONTHLY_SA_M2_FULL_V1,true,FULL_NETWORK_ATTEMPT
role5-h6-full-0424-20071206-a1-body,role5-h6-full-0424-20071206-a1,20071206,https://www.federalreserve.gov/releases/h6/20071206/,full_sequence=H6_M2_2000_20260628_V1/release_date=2007-12-06/source_run=role5-h6-full-0424-20071206-a1/release.html,HTML,55605,56ce25746dabfec8bed4d290f0ef66fbc6fec9213b15ed7fcdda577ec1fe00e7,200,SUCCESS,2026-07-13T08:45:20.392028Z,full_sequence=H6_M2_2000_20260628_V1/release_date=2007-12-06/source_run=role5-h6-full-0424-20071206-a1/safe_headers.txt,2f904f6e9253b8facf794494cfb6b09c5f39b5302285010b4f04245b252fabd9,H6_TABLE1_MONTHLY_SA_M2_FULL_V1,true,FULL_NETWORK_ATTEMPT
role5-h6-full-0425-20071213-a1-body,role5-h6-full-0425-20071213-a1,20071213,https://www.federalreserve.gov/releases/h6/20071213/,full_sequence=H6_M2_2000_20260628_V1/release_date=2007-12-13/source_run=role5-h6-full-0425-20071213-a1/release.html,HTML,55606,183d06c6b4dfe261be1a04e3d2d167820759c988fc9806f773937cbd24420fc9,200,SUCCESS,2026-07-13T08:45:21.337522Z,full_sequence=H6_M2_2000_20260628_V1/release_date=2007-12-13/source_run=role5-h6-full-0425-20071213-a1/safe_headers.txt,e4f5b1fda1a6ece85727d9e22fcae03090c8a99e3caed2ea95d0db1ecc8cf1d9,H6_TABLE1_MONTHLY_SA_M2_FULL_V1,true,FULL_NETWORK_ATTEMPT
role5-h6-full-0426-20071220-a1-body,role5-h6-full-0426-20071220-a1,20071220,https://www.federalreserve.gov/releases/h6/20071220/,full_sequence=H6_M2_2000_20260628_V1/release_date=2007-12-20/source_run=role5-h6-full-0426-20071220-a1/release.html,HTML,55124,3457a404e5eebb5d4511992547294befd74b1d9e270889b7ceaa49f3ca7f8d0c,200,SUCCESS,2026-07-13T08:45:22.336845Z,full_sequence=H6_M2_2000_20260628_V1/release_date=2007-12-20/source_run=role5-h6-full-0426-20071220-a1/safe_headers.txt,f5cae5a72dcdc2ff2d4f19011b1fa5530013abcb268e1879906f3e610b6c3433,H6_TABLE1_MONTHLY_SA_M2_FULL_V1,true,FULL_NETWORK_ATTEMPT
role5-h6-full-0427-20071227-a1-body,role5-h6-full-0427-20071227-a1,20071227,https://www.federalreserve.gov/releases/h6/20071227/,full_sequence=H6_M2_2000_20260628_V1/release_date=2007-12-27/source_run=role5-h6-full-0427-20071227-a1/release.html,HTML,55640,c54c4cfe91f37e875863efeb81e3aaae12ce3106a4a85a90aec373905d5d1769,200,SUCCESS,2026-07-13T08:45:25.336301Z,full_sequence=H6_M2_2000_20260628_V1/release_date=2007-12-27/source_run=role5-h6-full-0427-20071227-a1/safe_headers.txt,22488eabd9676326223ad8f8f34eea079a0a20f88ffcc2e1e4119afe936ea394,H6_TABLE1_MONTHLY_SA_M2_FULL_V1,true,FULL_NETWORK_ATTEMPT
role5-h6-full-0428-20080103-a1-body,role5-h6-full-0428-20080103-a1,20080103,https://www.federalreserve.gov/releases/h6/20080103/,full_sequence=H6_M2_2000_20260628_V1/release_date=2008-01-03/source_run=role5-h6-full-0428-20080103-a1/release.html,HTML,55602,fa24110b80eaf5a45a9039cd2e6f273ff050b9e8140fd941df33f3bb36be59b1,200,SUCCESS,2026-07-13T08:45:26.705209Z,full_sequence=H6_M2_2000_20260628_V1/release_date=2008-01-03/source_run=role5-h6-full-0428-20080103-a1/safe_headers.txt,66d4429027d60b5eff9c742f552a89646e1f68e97540d365711050f83227c224,H6_TABLE1_MONTHLY_SA_M2_FULL_V1,true,FULL_NETWORK_ATTEMPT
role5-h6-full-0429-20080110-a1-body,role5-h6-full-0429-20080110-a1,20080110,https://www.federalreserve.gov/releases/h6/20080110/,full_sequence=H6_M2_2000_20260628_V1/release_date=2008-01-10/source_run=role5-h6-full-0429-20080110-a1/release.html,HTML,55605,7137e10d8962e911dba0d416e3b5d4bcf220190e964b3e7919be815b326dcccd,200,SUCCESS,2026-07-13T08:45:27.098327Z,full_sequence=H6_M2_2000_20260628_V1/release_date=2008-01-10/source_run=role5-h6-full-0429-20080110-a1/safe_headers.txt,a225895c6c2433a515f1d1c21a937ba441798431eceafeb9095ce0bd64b92710,H6_TABLE1_MONTHLY_SA_M2_FULL_V1,true,FULL_NETWORK_ATTEMPT
role5-h6-full-0430-20080117-a1-body,role5-h6-full-0430-20080117-a1,20080117,https://www.federalreserve.gov/releases/h6/20080117/,full_sequence=H6_M2_2000_20260628_V1/release_date=2008-01-17/source_run=role5-h6-full-0430-20080117-a1/release.html,HTML,84902,0d1533c3103ead78dfdf690ae6d2ef82bc2cc937966782e38295f77df3bbadd4,200,SUCCESS,2026-07-13T08:45:28.091853Z,full_sequence=H6_M2_2000_20260628_V1/release_date=2008-01-17/source_run=role5-h6-full-0430-20080117-a1/safe_headers.txt,fbcf534fdbaa5ecff39378c8259931792656499d3c79ea500b332e44e003c9b4,H6_TABLE1_MONTHLY_SA_M2_FULL_V1,true,FULL_NETWORK_ATTEMPT
role5-h6-full-0431-20080124-a1-body,role5-h6-full-0431-20080124-a1,20080124,https://www.federalreserve.gov/releases/h6/20080124/,full_sequence=H6_M2_2000_20260628_V1/release_date=2008-01-24/source_run=role5-h6-full-0431-20080124-a1/release.html,HTML,55121,74df780e3d4e679797ec6e8ef765594a15d2b2495349ee7dc8c84bf3c8454f2e,200,SUCCESS,2026-07-13T08:45:31.081731Z,full_sequence=H6_M2_2000_20260628_V1/release_date=2008-01-24/source_run=role5-h6-full-0431-20080124-a1/safe_headers.txt,58b31aa2b462600b8a8cbdd18e308da1648efa3dfd5b46e64d03efda54cb1800,H6_TABLE1_MONTHLY_SA_M2_FULL_V1,true,FULL_NETWORK_ATTEMPT
role5-h6-full-0432-20080131-a1-body,role5-h6-full-0432-20080131-a1,20080131,https://www.federalreserve.gov/releases/h6/20080131/,full_sequence=H6_M2_2000_20260628_V1/release_date=2008-01-31/source_run=role5-h6-full-0432-20080131-a1/release.html,HTML,55601,b1db66cfde036b2d8cea1aa01644d33cf550e0cfcea5fe5963f6924622d3b253,200,SUCCESS,2026-07-13T08:45:31.462536Z,full_sequence=H6_M2_2000_20260628_V1/release_date=2008-01-31/source_run=role5-h6-full-0432-20080131-a1/safe_headers.txt,7e630a36bc84aa57ca92d3f89a48c19e464a2ec1e143e11f003ba3f321220fbb,H6_TABLE1_MONTHLY_SA_M2_FULL_V1,true,FULL_NETWORK_ATTEMPT
role5-h6-full-0433-20080207-a1-body,role5-h6-full-0433-20080207-a1,20080207,https://www.federalreserve.gov/releases/h6/20080207/,full_sequence=H6_M2_2000_20260628_V1/release_date=2008-02-07/source_run=role5-h6-full-0433-20080207-a1/release.html,HTML,55605,97a8c856e551889b8c4d3694799bdc7fb1ee52fcdbca884241194949582231d9,200,SUCCESS,2026-07-13T08:45:32.472761Z,full_sequence=H6_M2_2000_20260628_V1/release_date=2008-02-07/source_run=role5-h6-full-0433-20080207-a1/safe_headers.txt,852e74e03f2cbcfbaebe4ce065ee71eddfd074fc7a30db0c0438aa2eb63d8a6b,H6_TABLE1_MONTHLY_SA_M2_FULL_V1,true,FULL_NETWORK_ATTEMPT
role5-h6-full-0434-20080214-a1-body,role5-h6-full-0434-20080214-a1,20080214,https://www.federalreserve.gov/releases/h6/20080214/,full_sequence=H6_M2_2000_20260628_V1/release_date=2008-02-14/source_run=role5-h6-full-0434-20080214-a1/release.html,HTML,55124,1aab370560e6a4e20d853a5d2a3229d7267e8f744587000b72b83d9510b6dea4,200,SUCCESS,2026-07-13T08:45:33.486698Z,full_sequence=H6_M2_2000_20260628_V1/release_date=2008-02-14/source_run=role5-h6-full-0434-20080214-a1/safe_headers.txt,cf9445c21af15fb19ab9ce0ab9061754c60ff1712282c0848e77c793973a681f,H6_TABLE1_MONTHLY_SA_M2_FULL_V1,true,FULL_NETWORK_ATTEMPT
role5-h6-full-0435-20080221-a1-body,role5-h6-full-0435-20080221-a1,20080221,https://www.federalreserve.gov/releases/h6/20080221/,full_sequence=H6_M2_2000_20260628_V1/release_date=2008-02-21/source_run=role5-h6-full-0435-20080221-a1/release.html,HTML,55608,789771845c6ef935ef256ef931564947ae62d5d23f3041fb652a2d86cfdfab08,200,SUCCESS,2026-07-13T08:45:34.522240Z,full_sequence=H6_M2_2000_20260628_V1/release_date=2008-02-21/source_run=role5-h6-full-0435-20080221-a1/safe_headers.txt,aa9a0474f5b0461476fd5e105d15fee1754f0b189dd00f4369a3999c27e6ae6a,H6_TABLE1_MONTHLY_SA_M2_FULL_V1,true,FULL_NETWORK_ATTEMPT
role5-h6-full-0436-20080228-a1-body,role5-h6-full-0436-20080228-a1,20080228,https://www.federalreserve.gov/releases/h6/20080228/,full_sequence=H6_M2_2000_20260628_V1/release_date=2008-02-28/source_run=role5-h6-full-0436-20080228-a1/release.html,HTML,55608,1ce9c7b9c11b4596ed7b86df15581a21f17e251b67b719e971c68126b1d6a515,200,SUCCESS,2026-07-13T08:45:35.480398Z,full_sequence=H6_M2_2000_20260628_V1/release_date=2008-02-28/source_run=role5-h6-full-0436-20080228-a1/safe_headers.txt,dd95b48e9e8e89092c5c63b1649e15df3cd8250e3ece0ffedad6a85efbd37afb,H6_TABLE1_MONTHLY_SA_M2_FULL_V1,true,FULL_NETWORK_ATTEMPT
role5-h6-full-0437-20080306-a1-body,role5-h6-full-0437-20080306-a1,20080306,https://www.federalreserve.gov/releases/h6/20080306/,full_sequence=H6_M2_2000_20260628_V1/release_date=2008-03-06/source_run=role5-h6-full-0437-20080306-a1/release.html,HTML,55112,f0b6bc1e84b3bcc0fa104d2053dfa82e89a5ce69fd919b6fe93e1302303be8db,200,SUCCESS,2026-07-13T08:45:36.473259Z,full_sequence=H6_M2_2000_20260628_V1/release_date=2008-03-06/source_run=role5-h6-full-0437-20080306-a1/safe_headers.txt,87a3c597d6e5a90851dad8b4ca8b881799cff9673f1c7d2e1f2a8dc2c8158c7c,H6_TABLE1_MONTHLY_SA_M2_FULL_V1,true,FULL_NETWORK_ATTEMPT
role5-h6-full-0438-20080313-a1-body,role5-h6-full-0438-20080313-a1,20080313,https://www.federalreserve.gov/releases/h6/20080313/,full_sequence=H6_M2_2000_20260628_V1/release_date=2008-03-13/source_run=role5-h6-full-0438-20080313-a1/release.html,HTML,55599,829c96b0ca7c1d4b463c32541b23e021c702023164636194dba6ab6e7ed5e97e,200,SUCCESS,2026-07-13T08:45:37.565603Z,full_sequence=H6_M2_2000_20260628_V1/release_date=2008-03-13/source_run=role5-h6-full-0438-20080313-a1/safe_headers.txt,3241b4eb714c1bdb4f830b27e82dcba3db6533492892a249eb74a8a01b206137,H6_TABLE1_MONTHLY_SA_M2_FULL_V1,true,FULL_NETWORK_ATTEMPT
role5-h6-full-0439-20080320-a1-body,role5-h6-full-0439-20080320-a1,20080320,https://www.federalreserve.gov/releases/h6/20080320/,full_sequence=H6_M2_2000_20260628_V1/release_date=2008-03-20/source_run=role5-h6-full-0439-20080320-a1/release.html,HTML,55113,4bec2c6dbd23b0d0994acccc2ed8f15715068484ccc0ea6e93bb0a339bfdd48c,200,SUCCESS,2026-07-13T08:45:38.495831Z,full_sequence=H6_M2_2000_20260628_V1/release_date=2008-03-20/source_run=role5-h6-full-0439-20080320-a1/safe_headers.txt,5ff0a94d3d77ac4342792128d8a7c5852b702bd043d6019f3882b66b272a0e47,H6_TABLE1_MONTHLY_SA_M2_FULL_V1,true,FULL_NETWORK_ATTEMPT
role5-h6-full-0440-20080327-a1-body,role5-h6-full-0440-20080327-a1,20080327,https://www.federalreserve.gov/releases/h6/20080327/,full_sequence=H6_M2_2000_20260628_V1/release_date=2008-03-27/source_run=role5-h6-full-0440-20080327-a1/release.html,HTML,55111,b1bad99401f1203ae3908fef306ca44523b02350fdf4d399b2d80af77a264a50,200,SUCCESS,2026-07-13T08:45:39.513688Z,full_sequence=H6_M2_2000_20260628_V1/release_date=2008-03-27/source_run=role5-h6-full-0440-20080327-a1/safe_headers.txt,ffb4e52781ff8f320e154bca7996eefde0e8d90f380c18ae1095987ee6e3a1e7,H6_TABLE1_MONTHLY_SA_M2_FULL_V1,true,FULL_NETWORK_ATTEMPT
role5-h6-full-0441-20080403-a1-body,role5-h6-full-0441-20080403-a1,20080403,https://www.federalreserve.gov/releases/h6/20080403/,full_sequence=H6_M2_2000_20260628_V1/release_date=2008-04-03/source_run=role5-h6-full-0441-20080403-a1/release.html,HTML,55108,06910bf8aad88c6d219867f024e06c0e3dc005f809cdb9d3f7a8290ed3bf5f0b,200,SUCCESS,2026-07-13T08:45:40.574035Z,full_sequence=H6_M2_2000_20260628_V1/release_date=2008-04-03/source_run=role5-h6-full-0441-20080403-a1/safe_headers.txt,ac58eea12a8c15d559b7cdcc0cd0abd1000750626b598969f8abbd067e52d514,H6_TABLE1_MONTHLY_SA_M2_FULL_V1,true,FULL_NETWORK_ATTEMPT
role5-h6-full-0442-20080410-a1-body,role5-h6-full-0442-20080410-a1,20080410,https://www.federalreserve.gov/releases/h6/20080410/,full_sequence=H6_M2_2000_20260628_V1/release_date=2008-04-10/source_run=role5-h6-full-0442-20080410-a1/release.html,HTML,55111,7e1fba397eeefad83dc74475822692961f568f76d8a33633d25b81a1205bf4d0,200,SUCCESS,2026-07-13T08:45:41.574226Z,full_sequence=H6_M2_2000_20260628_V1/release_date=2008-04-10/source_run=role5-h6-full-0442-20080410-a1/safe_headers.txt,17dabdf5f07013d978c6f88906ceded13099ea8090488b4978a875ceb4373eff,H6_TABLE1_MONTHLY_SA_M2_FULL_V1,true,FULL_NETWORK_ATTEMPT
role5-h6-full-0443-20080417-a1-body,role5-h6-full-0443-20080417-a1,20080417,https://www.federalreserve.gov/releases/h6/20080417/,full_sequence=H6_M2_2000_20260628_V1/release_date=2008-04-17/source_run=role5-h6-full-0443-20080417-a1/release.html,HTML,55599,11f4ac516e8b4240d9a0ba63d4c71d91b156c279c0d28c6dedf9f0526d1d7e76,200,SUCCESS,2026-07-13T08:45:42.590945Z,full_sequence=H6_M2_2000_20260628_V1/release_date=2008-04-17/source_run=role5-h6-full-0443-20080417-a1/safe_headers.txt,b0f7c39320addac55072543fe9321e1e6ea4b4c1adc8033998937b29f2b90159,H6_TABLE1_MONTHLY_SA_M2_FULL_V1,true,FULL_NETWORK_ATTEMPT
role5-h6-full-0444-20080424-a1-body,role5-h6-full-0444-20080424-a1,20080424,https://www.federalreserve.gov/releases/h6/20080424/,full_sequence=H6_M2_2000_20260628_V1/release_date=2008-04-24/source_run=role5-h6-full-0444-20080424-a1/release.html,HTML,55599,4241cf6f4b56ce5dfacaacfbc6b18bb5478f18a7d3fcab53ff6007d2d4ba7dd0,200,SUCCESS,2026-07-13T08:45:44.535271Z,full_sequence=H6_M2_2000_20260628_V1/release_date=2008-04-24/source_run=role5-h6-full-0444-20080424-a1/safe_headers.txt,691fd670b0a9ad3ab08a1eddd97d9736032db844ce0eb12a175c452720746ca4,H6_TABLE1_MONTHLY_SA_M2_FULL_V1,true,FULL_NETWORK_ATTEMPT
role5-h6-full-0445-20080501-a1-body,role5-h6-full-0445-20080501-a1,20080501,https://www.federalreserve.gov/releases/h6/20080501/,full_sequence=H6_M2_2000_20260628_V1/release_date=2008-05-01/source_run=role5-h6-full-0445-20080501-a1/release.html,HTML,55590,efad6e8550e2a6e827371666163c1762affb534d93bbbd1b33048e21a4ac5d1b,200,SUCCESS,2026-07-13T08:45:46.904583Z,full_sequence=H6_M2_2000_20260628_V1/release_date=2008-05-01/source_run=role5-h6-full-0445-20080501-a1/safe_headers.txt,4ca28ba666a5513f440151231cb6f414ca256c84e5c316098727695431376b8a,H6_TABLE1_MONTHLY_SA_M2_FULL_V1,true,FULL_NETWORK_ATTEMPT
role5-h6-full-0446-20080508-a1-body,role5-h6-full-0446-20080508-a1,20080508,https://www.federalreserve.gov/releases/h6/20080508/,full_sequence=H6_M2_2000_20260628_V1/release_date=2008-05-08/source_run=role5-h6-full-0446-20080508-a1/release.html,HTML,55590,ac7a1ccdd995e722125643f96eba33ae71e4cc477bbfe80df5e94f04ef26a520,200,SUCCESS,2026-07-13T08:45:47.246349Z,full_sequence=H6_M2_2000_20260628_V1/release_date=2008-05-08/source_run=role5-h6-full-0446-20080508-a1/safe_headers.txt,7ed428d9db07e42f0fa19d562618c62da39f40f66345739edd52eaaac7a16684,H6_TABLE1_MONTHLY_SA_M2_FULL_V1,true,FULL_NETWORK_ATTEMPT
role5-h6-full-0447-20080515-a1-body,role5-h6-full-0447-20080515-a1,20080515,https://www.federalreserve.gov/releases/h6/20080515/,full_sequence=H6_M2_2000_20260628_V1/release_date=2008-05-15/source_run=role5-h6-full-0447-20080515-a1/release.html,HTML,55593,c74296544ec907291945b60fe25837eb58f47099a9a84e0eb2df173d0eab8b2a,200,SUCCESS,2026-07-13T08:45:48.252605Z,full_sequence=H6_M2_2000_20260628_V1/release_date=2008-05-15/source_run=role5-h6-full-0447-20080515-a1/safe_headers.txt,04dbb8b4d3868b5ca8784f2598e79c12daf691316dfcda4b28c22f3935038a51,H6_TABLE1_MONTHLY_SA_M2_FULL_V1,true,FULL_NETWORK_ATTEMPT
role5-h6-full-0448-20080522-a1-body,role5-h6-full-0448-20080522-a1,20080522,https://www.federalreserve.gov/releases/h6/20080522/,full_sequence=H6_M2_2000_20260628_V1/release_date=2008-05-22/source_run=role5-h6-full-0448-20080522-a1/release.html,HTML,55593,daae3d64c35509acb3636f1839b8f93ba5d6dc39d1202d77efe0d8717ab9778d,200,SUCCESS,2026-07-13T08:45:49.258445Z,full_sequence=H6_M2_2000_20260628_V1/release_date=2008-05-22/source_run=role5-h6-full-0448-20080522-a1/safe_headers.txt,689fb75aed70d9f65922964a2934f77918b86a9ef1bcf3541a7fda817b53864a,H6_TABLE1_MONTHLY_SA_M2_FULL_V1,true,FULL_NETWORK_ATTEMPT
role5-h6-full-0449-20080529-a1-body,role5-h6-full-0449-20080529-a1,20080529,https://www.federalreserve.gov/releases/h6/20080529/,full_sequence=H6_M2_2000_20260628_V1/release_date=2008-05-29/source_run=role5-h6-full-0449-20080529-a1/release.html,HTML,55109,44c8472b03f6e210ee19b30b1579d1f2404fc8b0645378694bd4808f9f3cd9dc,200,SUCCESS,2026-07-13T08:45:50.292208Z,full_sequence=H6_M2_2000_20260628_V1/release_date=2008-05-29/source_run=role5-h6-full-0449-20080529-a1/safe_headers.txt,1ad7f64385dd8199b9be900a219b38b4beedfc2c0dc9b8e2c050db3e0bbe144e,H6_TABLE1_MONTHLY_SA_M2_FULL_V1,true,FULL_NETWORK_ATTEMPT
role5-h6-full-0450-20080605-a1-body,role5-h6-full-0450-20080605-a1,20080605,https://www.federalreserve.gov/releases/h6/20080605/,full_sequence=H6_M2_2000_20260628_V1/release_date=2008-06-05/source_run=role5-h6-full-0450-20080605-a1/release.html,HTML,55575,9ef43ed7c7b4c38536f8cffc3d93d260449cc4ea2260252a3123b142cc601c72,200,SUCCESS,2026-07-13T08:45:51.342950Z,full_sequence=H6_M2_2000_20260628_V1/release_date=2008-06-05/source_run=role5-h6-full-0450-20080605-a1/safe_headers.txt,ec20df0aa0f3b9f39b756eac18cba282dcf92207d9a0c4436fbf8bd05cac21b1,H6_TABLE1_MONTHLY_SA_M2_FULL_V1,true,FULL_NETWORK_ATTEMPT
role5-h6-full-0451-20080612-a1-body,role5-h6-full-0451-20080612-a1,20080612,https://www.federalreserve.gov/releases/h6/20080612/,full_sequence=H6_M2_2000_20260628_V1/release_date=2008-06-12/source_run=role5-h6-full-0451-20080612-a1/release.html,HTML,55112,8a716c1b9f9fceddbb8cc0722d598359aba1f3ffb709ca252d74b0c7131859e5,200,SUCCESS,2026-07-13T08:45:52.299393Z,full_sequence=H6_M2_2000_20260628_V1/release_date=2008-06-12/source_run=role5-h6-full-0451-20080612-a1/safe_headers.txt,fa79bdc8d940ccef889ee12e8d31fd72e3d95a8de932ca4bff29f922503b4b5b,H6_TABLE1_MONTHLY_SA_M2_FULL_V1,true,FULL_NETWORK_ATTEMPT
role5-h6-full-0452-20080619-a1-body,role5-h6-full-0452-20080619-a1,20080619,https://www.federalreserve.gov/releases/h6/20080619/,full_sequence=H6_M2_2000_20260628_V1/release_date=2008-06-19/source_run=role5-h6-full-0452-20080619-a1/release.html,HTML,55578,a2f57e42c105c51dbc8283e2d5a5bafce9cb6f38bc199b5bb9893e5f89807c30,200,SUCCESS,2026-07-13T08:45:53.308298Z,full_sequence=H6_M2_2000_20260628_V1/release_date=2008-06-19/source_run=role5-h6-full-0452-20080619-a1/safe_headers.txt,c51250dc6d14e4b000d7c439918323b2c3bcecf67f9113e803fe12657beedf7a,H6_TABLE1_MONTHLY_SA_M2_FULL_V1,true,FULL_NETWORK_ATTEMPT
role5-h6-full-0453-20080626-a1-body,role5-h6-full-0453-20080626-a1,20080626,https://www.federalreserve.gov/releases/h6/20080626/,full_sequence=H6_M2_2000_20260628_V1/release_date=2008-06-26/source_run=role5-h6-full-0453-20080626-a1/release.html,HTML,55596,428560f75b23223186bae6261a37bb85853808bd129810dce6b0b2ee662d0803,200,SUCCESS,2026-07-13T08:45:54.380008Z,full_sequence=H6_M2_2000_20260628_V1/release_date=2008-06-26/source_run=role5-h6-full-0453-20080626-a1/safe_headers.txt,91e9dcc754bd026300c695043e8e68ec0284f109add5347c901232f4fba338e0,H6_TABLE1_MONTHLY_SA_M2_FULL_V1,true,FULL_NETWORK_ATTEMPT
role5-h6-full-0454-20080703-a1-body,role5-h6-full-0454-20080703-a1,20080703,https://www.federalreserve.gov/releases/h6/20080703/,full_sequence=H6_M2_2000_20260628_V1/release_date=2008-07-03/source_run=role5-h6-full-0454-20080703-a1/release.html,HTML,55593,7a4d3452051ee3038a301418ccd829f972a3663292e46e5493c283a997e461a0,200,SUCCESS,2026-07-13T08:45:55.329178Z,full_sequence=H6_M2_2000_20260628_V1/release_date=2008-07-03/source_run=role5-h6-full-0454-20080703-a1/safe_headers.txt,049d46db7e9ed1be767e69c1a2cc8388012e93e38d47ce2c1cda5df6af76e82e,H6_TABLE1_MONTHLY_SA_M2_FULL_V1,true,FULL_NETWORK_ATTEMPT
role5-h6-full-0455-20080710-a1-body,role5-h6-full-0455-20080710-a1,20080710,https://www.federalreserve.gov/releases/h6/20080710/,full_sequence=H6_M2_2000_20260628_V1/release_date=2008-07-10/source_run=role5-h6-full-0455-20080710-a1/release.html,HTML,55596,06cbfd24b0bcd47328f21ea803ce92715364c9ac374ebc197394029c7f35c3ae,200,SUCCESS,2026-07-13T08:45:56.321285Z,full_sequence=H6_M2_2000_20260628_V1/release_date=2008-07-10/source_run=role5-h6-full-0455-20080710-a1/safe_headers.txt,c7753111e5e3861e238429d63ee8011c6d0fb07c683f8a91521c7be7e0319d89,H6_TABLE1_MONTHLY_SA_M2_FULL_V1,true,FULL_NETWORK_ATTEMPT
role5-h6-full-0456-20080717-a1-body,role5-h6-full-0456-20080717-a1,20080717,https://www.federalreserve.gov/releases/h6/20080717/,full_sequence=H6_M2_2000_20260628_V1/release_date=2008-07-17/source_run=role5-h6-full-0456-20080717-a1/release.html,HTML,55596,e06763b06672c25804a0d94ced54e4199b4c47c6d95a046088c8c519a71852b5,200,SUCCESS,2026-07-13T08:45:57.339747Z,full_sequence=H6_M2_2000_20260628_V1/release_date=2008-07-17/source_run=role5-h6-full-0456-20080717-a1/safe_headers.txt,d25b22e61c3f9400e9628e0d23d832dfc3fbb6e7c6eec35b861de180eaf826ef,H6_TABLE1_MONTHLY_SA_M2_FULL_V1,true,FULL_NETWORK_ATTEMPT
role5-h6-full-0457-20080724-a1-body,role5-h6-full-0457-20080724-a1,20080724,https://www.federalreserve.gov/releases/h6/20080724/,full_sequence=H6_M2_2000_20260628_V1/release_date=2008-07-24/source_run=role5-h6-full-0457-20080724-a1/release.html,HTML,55596,417103d8bb29c9f4741f7bf1d8176ff0d6f66265c63c9111068ab5e314a196dd,200,SUCCESS,2026-07-13T08:45:58.379549Z,full_sequence=H6_M2_2000_20260628_V1/release_date=2008-07-24/source_run=role5-h6-full-0457-20080724-a1/safe_headers.txt,de832bf4bfa2ede3e7a016ac4018442a6a2639f3f17aed2ab6193b1603139893,H6_TABLE1_MONTHLY_SA_M2_FULL_V1,true,FULL_NETWORK_ATTEMPT
role5-h6-full-0458-20080731-a1-body,role5-h6-full-0458-20080731-a1,20080731,https://www.federalreserve.gov/releases/h6/20080731/,full_sequence=H6_M2_2000_20260628_V1/release_date=2008-07-31/source_run=role5-h6-full-0458-20080731-a1/release.html,HTML,55596,c8bc74a1599dcdf89adeecb8bac2340c5f5ead86e58672e4494c2c635a3802c0,200,SUCCESS,2026-07-13T08:45:59.377427Z,full_sequence=H6_M2_2000_20260628_V1/release_date=2008-07-31/source_run=role5-h6-full-0458-20080731-a1/safe_headers.txt,9a0219b07985bd5d3209bc7b58708f43a8477d21217c1f86b6d3899d88c67e86,H6_TABLE1_MONTHLY_SA_M2_FULL_V1,true,FULL_NETWORK_ATTEMPT
role5-h6-full-0459-20080807-a1-body,role5-h6-full-0459-20080807-a1,20080807,https://www.federalreserve.gov/releases/h6/20080807/,full_sequence=H6_M2_2000_20260628_V1/release_date=2008-08-07/source_run=role5-h6-full-0459-20080807-a1/release.html,HTML,55599,20464e6cfab3a237b7c9d74db7052eb0f8c19efc59363b2ab0fc667b98631791,200,SUCCESS,2026-07-13T08:46:00.419714Z,full_sequence=H6_M2_2000_20260628_V1/release_date=2008-08-07/source_run=role5-h6-full-0459-20080807-a1/safe_headers.txt,9fc19e2026f1c2ed41b1cd9486c8eda4f650a13e6cc8dfe959655453e84196e4,H6_TABLE1_MONTHLY_SA_M2_FULL_V1,true,FULL_NETWORK_ATTEMPT
role5-h6-full-0460-20080814-a1-body,role5-h6-full-0460-20080814-a1,20080814,https://www.federalreserve.gov/releases/h6/20080814/,full_sequence=H6_M2_2000_20260628_V1/release_date=2008-08-14/source_run=role5-h6-full-0460-20080814-a1/release.html,HTML,55118,a7a8525512bb374c0b10a6e2dab05003babc866036727354e9ee3befa9b6779c,200,SUCCESS,2026-07-13T08:46:01.451221Z,full_sequence=H6_M2_2000_20260628_V1/release_date=2008-08-14/source_run=role5-h6-full-0460-20080814-a1/safe_headers.txt,69efd6530b5994a0a1df5111ecf670147669c744179bcf3edff17324f6c8689a,H6_TABLE1_MONTHLY_SA_M2_FULL_V1,true,FULL_NETWORK_ATTEMPT
role5-h6-full-0461-20080821-a1-body,role5-h6-full-0461-20080821-a1,20080821,https://www.federalreserve.gov/releases/h6/20080821/,full_sequence=H6_M2_2000_20260628_V1/release_date=2008-08-21/source_run=role5-h6-full-0461-20080821-a1/release.html,HTML,55584,0ed09a6e28999bd704ee3566ba40dd95dc56bf07a16e238ad882b358bc584c5f,200,SUCCESS,2026-07-13T08:46:02.377114Z,full_sequence=H6_M2_2000_20260628_V1/release_date=2008-08-21/source_run=role5-h6-full-0461-20080821-a1/safe_headers.txt,b90f11ce51bb039a028f7f4194f35901d6f64169673f2eb4e8a0c0cb75e9cca4,H6_TABLE1_MONTHLY_SA_M2_FULL_V1,true,FULL_NETWORK_ATTEMPT
role5-h6-full-0462-20080828-a1-body,role5-h6-full-0462-20080828-a1,20080828,https://www.federalreserve.gov/releases/h6/20080828/,full_sequence=H6_M2_2000_20260628_V1/release_date=2008-08-28/source_run=role5-h6-full-0462-20080828-a1/release.html,HTML,55602,b72f4b50b1eaef7b2c8537d14b869eaf9e6c2eb55935630fbf37880ccd7fb4f0,200,SUCCESS,2026-07-13T08:46:03.403844Z,full_sequence=H6_M2_2000_20260628_V1/release_date=2008-08-28/source_run=role5-h6-full-0462-20080828-a1/safe_headers.txt,0b592624d3545aa9d8dcabb60f5d5d60b17b9514415bcf88a6d1d0b1c69ac068,H6_TABLE1_MONTHLY_SA_M2_FULL_V1,true,FULL_NETWORK_ATTEMPT
role5-h6-full-0463-20080904-a1-body,role5-h6-full-0463-20080904-a1,20080904,https://www.federalreserve.gov/releases/h6/20080904/,full_sequence=H6_M2_2000_20260628_V1/release_date=2008-09-04/source_run=role5-h6-full-0463-20080904-a1/release.html,HTML,55608,7cfd2e007a6e697551474422b1437865d83b29d0577d8e6aad67d01b83931906,200,SUCCESS,2026-07-13T08:46:04.520550Z,full_sequence=H6_M2_2000_20260628_V1/release_date=2008-09-04/source_run=role5-h6-full-0463-20080904-a1/safe_headers.txt,b6ceae8e5a30456a2a0106e9f881ba9ebf1edd22e706bdd72673677a3e013c5f,H6_TABLE1_MONTHLY_SA_M2_FULL_V1,true,FULL_NETWORK_ATTEMPT
role5-h6-full-0464-20080911-a1-body,role5-h6-full-0464-20080911-a1,20080911,https://www.federalreserve.gov/releases/h6/20080911/,full_sequence=H6_M2_2000_20260628_V1/release_date=2008-09-11/source_run=role5-h6-full-0464-20080911-a1/release.html,HTML,55127,b3746cb484f5e5f7597ca99543b1c0a9c20b3cb6321ed07cfaa0b223d49f8cfe,200,SUCCESS,2026-07-13T08:46:05.432496Z,full_sequence=H6_M2_2000_20260628_V1/release_date=2008-09-11/source_run=role5-h6-full-0464-20080911-a1/safe_headers.txt,b499be27506828a023981759ad924b16b1356255fee6a26e6c7fe508f8aa83e6,H6_TABLE1_MONTHLY_SA_M2_FULL_V1,true,FULL_NETWORK_ATTEMPT
role5-h6-full-0465-20080918-a1-body,role5-h6-full-0465-20080918-a1,20080918,https://www.federalreserve.gov/releases/h6/20080918/,full_sequence=H6_M2_2000_20260628_V1/release_date=2008-09-18/source_run=role5-h6-full-0465-20080918-a1/release.html,HTML,55109,71eebd8619432b44136023d465c65c3f013f02affc4d0a31834925aed3589539,200,SUCCESS,2026-07-13T08:46:08.451838Z,full_sequence=H6_M2_2000_20260628_V1/release_date=2008-09-18/source_run=role5-h6-full-0465-20080918-a1/safe_headers.txt,3e535cad26c45fe3284aa8adf41468503028db62f14e584acffb3c456686a2f1,H6_TABLE1_MONTHLY_SA_M2_FULL_V1,true,FULL_NETWORK_ATTEMPT
role5-h6-full-0466-20080925-a1-body,role5-h6-full-0466-20080925-a1,20080925,https://www.federalreserve.gov/releases/h6/20080925/,full_sequence=H6_M2_2000_20260628_V1/release_date=2008-09-25/source_run=role5-h6-full-0466-20080925-a1/release.html,HTML,55109,273d0eb4480542d622ae0666d2b1012058f85accd7807903d8c36c31b7cd276f,200,SUCCESS,2026-07-13T08:46:08.819527Z,full_sequence=H6_M2_2000_20260628_V1/release_date=2008-09-25/source_run=role5-h6-full-0466-20080925-a1/safe_headers.txt,31f15c7fb9962cad08d6dbd59d4ae6af07c1b4d9f4fd739b88a39d6578761267,H6_TABLE1_MONTHLY_SA_M2_FULL_V1,true,FULL_NETWORK_ATTEMPT
role5-h6-full-0467-20081002-a1-body,role5-h6-full-0467-20081002-a1,20081002,https://www.federalreserve.gov/releases/h6/20081002/,full_sequence=H6_M2_2000_20260628_V1/release_date=2008-10-02/source_run=role5-h6-full-0467-20081002-a1/release.html,HTML,55104,44f34f5f33364f45f9ee4fceb7004ce50c5d4f2140f88523d65a0720e9c8895c,200,SUCCESS,2026-07-13T08:46:09.841820Z,full_sequence=H6_M2_2000_20260628_V1/release_date=2008-10-02/source_run=role5-h6-full-0467-20081002-a1/safe_headers.txt,f328e39f3ae51e59a9ac9179716742264f5ef48fb8740aa3b1f0b2f7491ec8de,H6_TABLE1_MONTHLY_SA_M2_FULL_V1,true,FULL_NETWORK_ATTEMPT
role5-h6-full-0468-20081009-a1-body,role5-h6-full-0468-20081009-a1,20081009,https://www.federalreserve.gov/releases/h6/20081009/,full_sequence=H6_M2_2000_20260628_V1/release_date=2008-10-09/source_run=role5-h6-full-0468-20081009-a1/release.html,HTML,55100,408ea5674e9ee90a2901535d6029c1f97f91dd501259aff7ff6a79bceb13f903,200,SUCCESS,2026-07-13T08:46:10.901526Z,full_sequence=H6_M2_2000_20260628_V1/release_date=2008-10-09/source_run=role5-h6-full-0468-20081009-a1/safe_headers.txt,eb34cd02d55811e317900aa1b0ec7bdb0f18e677d75dadf9cde23bf151fa9f24,H6_TABLE1_MONTHLY_SA_M2_FULL_V1,true,FULL_NETWORK_ATTEMPT
role5-h6-full-0469-20081016-a1-body,role5-h6-full-0469-20081016-a1,20081016,https://www.federalreserve.gov/releases/h6/20081016/,full_sequence=H6_M2_2000_20260628_V1/release_date=2008-10-16/source_run=role5-h6-full-0469-20081016-a1/release.html,HTML,55104,5e8ef6765c8db93433fe2a0e32bcb656de65e368c19143f2fd112d28c5c009f6,200,SUCCESS,2026-07-13T08:46:14.850040Z,full_sequence=H6_M2_2000_20260628_V1/release_date=2008-10-16/source_run=role5-h6-full-0469-20081016-a1/safe_headers.txt,43d2e5fe8af0dc99f3a0311a525e8e3f7b74f1c93ad64a82b5e95858a5a7b18e,H6_TABLE1_MONTHLY_SA_M2_FULL_V1,true,FULL_NETWORK_ATTEMPT
role5-h6-full-0470-20081023-a1-body,role5-h6-full-0470-20081023-a1,20081023,https://www.federalreserve.gov/releases/h6/20081023/,full_sequence=H6_M2_2000_20260628_V1/release_date=2008-10-23/source_run=role5-h6-full-0470-20081023-a1/release.html,HTML,55103,f4583afa8393a65f1f7bc94b04ae1faaa9d0ef8ab50025c51b26b49b2790a1f8,200,SUCCESS,2026-07-13T08:46:15.200444Z,full_sequence=H6_M2_2000_20260628_V1/release_date=2008-10-23/source_run=role5-h6-full-0470-20081023-a1/safe_headers.txt,0f3d3bb30cc2d6d2251263ffbc6a2a90ee87ed82db19635c5056916603167cd8,H6_TABLE1_MONTHLY_SA_M2_FULL_V1,true,FULL_NETWORK_ATTEMPT
role5-h6-full-0471-20081030-a1-body,role5-h6-full-0471-20081030-a1,20081030,https://www.federalreserve.gov/releases/h6/20081030/,full_sequence=H6_M2_2000_20260628_V1/release_date=2008-10-30/source_run=role5-h6-full-0471-20081030-a1/release.html,HTML,55103,f0903c7f0740909ac8084d559eb1ccb729934679504ff28b56999ffd30867663,200,SUCCESS,2026-07-13T08:46:16.219313Z,full_sequence=H6_M2_2000_20260628_V1/release_date=2008-10-30/source_run=role5-h6-full-0471-20081030-a1/safe_headers.txt,8ede2dd9893b3d2bcc460c065c64cef1c976c8d408784419abf949ed008ebe2e,H6_TABLE1_MONTHLY_SA_M2_FULL_V1,true,FULL_NETWORK_ATTEMPT
role5-h6-full-0472-20081106-a1-body,role5-h6-full-0472-20081106-a1,20081106,https://www.federalreserve.gov/releases/h6/20081106/,full_sequence=H6_M2_2000_20260628_V1/release_date=2008-11-06/source_run=role5-h6-full-0472-20081106-a1/release.html,HTML,55103,9ed56701ed89b49841323d7ae981c42108b56897c805797f19d927c825f7d994,200,SUCCESS,2026-07-13T08:46:17.216874Z,full_sequence=H6_M2_2000_20260628_V1/release_date=2008-11-06/source_run=role5-h6-full-0472-20081106-a1/safe_headers.txt,91534a747dc30dc6f3cf804a7cfb3d55fa72b1319b4d5a5a95cee7e2d1988c53,H6_TABLE1_MONTHLY_SA_M2_FULL_V1,true,FULL_NETWORK_ATTEMPT
role5-h6-full-0473-20081113-a1-body,role5-h6-full-0473-20081113-a1,20081113,https://www.federalreserve.gov/releases/h6/20081113/,full_sequence=H6_M2_2000_20260628_V1/release_date=2008-11-13/source_run=role5-h6-full-0473-20081113-a1/release.html,HTML,55106,16e7f6920c7be24cdca20b57e0e96e02da7b9cb33da02bb1f40164be83154c38,200,SUCCESS,2026-07-13T08:46:18.227502Z,full_sequence=H6_M2_2000_20260628_V1/release_date=2008-11-13/source_run=role5-h6-full-0473-20081113-a1/safe_headers.txt,2dcf69a1fb05dc11de726bed1b5a9980b7cf15bcbd7aba83b16e2c8277872280,H6_TABLE1_MONTHLY_SA_M2_FULL_V1,true,FULL_NETWORK_ATTEMPT
role5-h6-full-0474-20081120-a1-body,role5-h6-full-0474-20081120-a1,20081120,https://www.federalreserve.gov/releases/h6/20081120/,full_sequence=H6_M2_2000_20260628_V1/release_date=2008-11-20/source_run=role5-h6-full-0474-20081120-a1/release.html,HTML,55106,470f84887637ef7cd96f7387ebf7dbfde1b8d101ca3af65c18965b7ec761f7c9,200,SUCCESS,2026-07-13T08:46:19.249741Z,full_sequence=H6_M2_2000_20260628_V1/release_date=2008-11-20/source_run=role5-h6-full-0474-20081120-a1/safe_headers.txt,6a6913f01e56384b6dddf4dd909feef3e15e13d4a28a0553c63981e3bfc02100,H6_TABLE1_MONTHLY_SA_M2_FULL_V1,true,FULL_NETWORK_ATTEMPT
role5-h6-full-0475-20081128-a1-body,role5-h6-full-0475-20081128-a1,20081128,https://www.federalreserve.gov/releases/h6/20081128/,full_sequence=H6_M2_2000_20260628_V1/release_date=2008-11-28/source_run=role5-h6-full-0475-20081128-a1/release.html,HTML,55106,3ad557820831cfbe7179767aeb588d92b9fe9e65329188d50b9580a68aff3e3f,200,SUCCESS,2026-07-13T08:46:20.256332Z,full_sequence=H6_M2_2000_20260628_V1/release_date=2008-11-28/source_run=role5-h6-full-0475-20081128-a1/safe_headers.txt,ae64427eaf7f231dfde27312e95e39a273f802c92e6c1316dfc7ceb305800ad8,H6_TABLE1_MONTHLY_SA_M2_FULL_V1,true,FULL_NETWORK_ATTEMPT
role5-h6-full-0476-20081204-a1-body,role5-h6-full-0476-20081204-a1,20081204,https://www.federalreserve.gov/releases/h6/20081204/,full_sequence=H6_M2_2000_20260628_V1/release_date=2008-12-04/source_run=role5-h6-full-0476-20081204-a1/release.html,HTML,55103,658bebdc9e4cf0e6f930487093da983a72e50af3c52acf0a4184665f03864d23,200,SUCCESS,2026-07-13T08:46:21.308423Z,full_sequence=H6_M2_2000_20260628_V1/release_date=2008-12-04/source_run=role5-h6-full-0476-20081204-a1/safe_headers.txt,8e628a564e359c80f0d4b0da611fdf9977088c1ec71ce30a15794ad723646862,H6_TABLE1_MONTHLY_SA_M2_FULL_V1,true,FULL_NETWORK_ATTEMPT
role5-h6-full-0477-20081211-a1-body,role5-h6-full-0477-20081211-a1,20081211,https://www.federalreserve.gov/releases/h6/20081211/,full_sequence=H6_M2_2000_20260628_V1/release_date=2008-12-11/source_run=role5-h6-full-0477-20081211-a1/release.html,HTML,55106,c897a212b17b0682804b52ce5fe5d3c6712f06fe760ed7921b5425f97c1ba31a,200,SUCCESS,2026-07-13T08:46:22.253684Z,full_sequence=H6_M2_2000_20260628_V1/release_date=2008-12-11/source_run=role5-h6-full-0477-20081211-a1/safe_headers.txt,2f0b4ec567bd62c6b63fb3e535b5a23a88ff509724ac2505689d83f3c8b5321b,H6_TABLE1_MONTHLY_SA_M2_FULL_V1,true,FULL_NETWORK_ATTEMPT
role5-h6-full-0478-20081218-a1-body,role5-h6-full-0478-20081218-a1,20081218,https://www.federalreserve.gov/releases/h6/20081218/,full_sequence=H6_M2_2000_20260628_V1/release_date=2008-12-18/source_run=role5-h6-full-0478-20081218-a1/release.html,HTML,55436,f54651923b05cd78ab420abb5173606b823ec1e485522d17f3487beec6284c01,200,SUCCESS,2026-07-13T08:46:23.279468Z,full_sequence=H6_M2_2000_20260628_V1/release_date=2008-12-18/source_run=role5-h6-full-0478-20081218-a1/safe_headers.txt,0b5884de4addc449aa6e3860994d66b06fc7c1c9db4ac724b921929134bafbc9,H6_TABLE1_MONTHLY_SA_M2_FULL_V1,true,FULL_NETWORK_ATTEMPT
role5-h6-full-0479-20081229-a1-body,role5-h6-full-0479-20081229-a1,20081229,https://www.federalreserve.gov/releases/h6/20081229/,full_sequence=H6_M2_2000_20260628_V1/release_date=2008-12-29/source_run=role5-h6-full-0479-20081229-a1/release.html,HTML,55106,8f96ed5897ba23331df9ef3d7ca72cd51d47ebd5fb184d88d85e8f9c00130f5a,200,SUCCESS,2026-07-13T08:46:24.280647Z,full_sequence=H6_M2_2000_20260628_V1/release_date=2008-12-29/source_run=role5-h6-full-0479-20081229-a1/safe_headers.txt,b0c7a2c3001837b6ae3a52dd4465d6fe7768b383ad1e55b37adc3214b36dec4b,H6_TABLE1_MONTHLY_SA_M2_FULL_V1,true,FULL_NETWORK_ATTEMPT
role5-h6-full-0480-20090102-a1-body,role5-h6-full-0480-20090102-a1,20090102,https://www.federalreserve.gov/releases/h6/20090102/,full_sequence=H6_M2_2000_20260628_V1/release_date=2009-01-02/source_run=role5-h6-full-0480-20090102-a1/release.html,HTML,55100,46d67e745cec594cd7e0d2661d69fe8cd0855dc9d7c8a3a896250c445c934305,200,SUCCESS,2026-07-13T08:46:25.292869Z,full_sequence=H6_M2_2000_20260628_V1/release_date=2009-01-02/source_run=role5-h6-full-0480-20090102-a1/safe_headers.txt,3c6c8619b8b6c1727bb95433bba8b8073ce18d06b32384767f84cc1e4908304d,H6_TABLE1_MONTHLY_SA_M2_FULL_V1,true,FULL_NETWORK_ATTEMPT
role5-h6-full-0481-20090108-a1-body,role5-h6-full-0481-20090108-a1,20090108,https://www.federalreserve.gov/releases/h6/20090108/,full_sequence=H6_M2_2000_20260628_V1/release_date=2009-01-08/source_run=role5-h6-full-0481-20090108-a1/release.html,HTML,55100,44c535916d44377687a8a7645ce23040cc2e675f2dc7078f0e7071440dbcdaa3,200,SUCCESS,2026-07-13T08:46:26.340006Z,full_sequence=H6_M2_2000_20260628_V1/release_date=2009-01-08/source_run=role5-h6-full-0481-20090108-a1/safe_headers.txt,9a6f76753ca46cc11a62576bff6164f77b2380608b37ecf32ca1bed3019c55a2,H6_TABLE1_MONTHLY_SA_M2_FULL_V1,true,FULL_NETWORK_ATTEMPT
role5-h6-full-0482-20090115-a1-body,role5-h6-full-0482-20090115-a1,20090115,https://www.federalreserve.gov/releases/h6/20090115/,full_sequence=H6_M2_2000_20260628_V1/release_date=2009-01-15/source_run=role5-h6-full-0482-20090115-a1/release.html,HTML,55103,6579484f7e9bef37b5fc8e5c14b5a65b9a5cbf369ffca76fc0da2dcc6d8f3e2a,200,SUCCESS,2026-07-13T08:46:27.299410Z,full_sequence=H6_M2_2000_20260628_V1/release_date=2009-01-15/source_run=role5-h6-full-0482-20090115-a1/safe_headers.txt,a71210587e40ef48db09ad90c0fbea423d4bd2f4526a584068d6d1ed7f3bbffc,H6_TABLE1_MONTHLY_SA_M2_FULL_V1,true,FULL_NETWORK_ATTEMPT
role5-h6-full-0483-20090122-a1-body,role5-h6-full-0483-20090122-a1,20090122,https://www.federalreserve.gov/releases/h6/20090122/,full_sequence=H6_M2_2000_20260628_V1/release_date=2009-01-22/source_run=role5-h6-full-0483-20090122-a1/release.html,HTML,84063,bedef45865f51dde672197b9ca6c494dc746879c3a46762c5f9db121b4a53ec7,200,SUCCESS,2026-07-13T08:46:28.357817Z,full_sequence=H6_M2_2000_20260628_V1/release_date=2009-01-22/source_run=role5-h6-full-0483-20090122-a1/safe_headers.txt,eea02fa1be206d1ac3ff93295eba768357b8230f82a8c43b975bc68911ceea19,H6_TABLE1_MONTHLY_SA_M2_FULL_V1,true,FULL_NETWORK_ATTEMPT
role5-h6-full-0484-20090129-a1-body,role5-h6-full-0484-20090129-a1,20090129,https://www.federalreserve.gov/releases/h6/20090129/,full_sequence=H6_M2_2000_20260628_V1/release_date=2009-01-29/source_run=role5-h6-full-0484-20090129-a1/release.html,HTML,55103,be6403487abe717c33e2ee9e47056ece24340367c183df82ef9e4a7e2a8e5339,200,SUCCESS,2026-07-13T08:46:31.931231Z,full_sequence=H6_M2_2000_20260628_V1/release_date=2009-01-29/source_run=role5-h6-full-0484-20090129-a1/safe_headers.txt,400c883d0fed0cf083089395627e6903b0e5540da7906a6c49f4dac4de1c37f6,H6_TABLE1_MONTHLY_SA_M2_FULL_V1,true,FULL_NETWORK_ATTEMPT
role5-h6-full-0485-20090205-a1-body,role5-h6-full-0485-20090205-a1,20090205,https://www.federalreserve.gov/releases/h6/20090205/,full_sequence=H6_M2_2000_20260628_V1/release_date=2009-02-05/source_run=role5-h6-full-0485-20090205-a1/release.html,HTML,55103,2d51e1bb234df485b5376fbe6506129986f73fb4ac15547b90d5c040eb8cb92e,200,SUCCESS,2026-07-13T08:46:32.314247Z,full_sequence=H6_M2_2000_20260628_V1/release_date=2009-02-05/source_run=role5-h6-full-0485-20090205-a1/safe_headers.txt,0adc2e7804e3cd1e52dd0bb26abca85f0b88f38e88e934f8e9d2d36292dd439f,H6_TABLE1_MONTHLY_SA_M2_FULL_V1,true,FULL_NETWORK_ATTEMPT
role5-h6-full-0486-20090212-a1-body,role5-h6-full-0486-20090212-a1,20090212,https://www.federalreserve.gov/releases/h6/20090212/,full_sequence=H6_M2_2000_20260628_V1/release_date=2009-02-12/source_run=role5-h6-full-0486-20090212-a1/release.html,HTML,55106,178ec4abd26c19aebaac432af62e78e88fde2207f747a1c48578b3e755e537f5,200,SUCCESS,2026-07-13T08:46:33.327527Z,full_sequence=H6_M2_2000_20260628_V1/release_date=2009-02-12/source_run=role5-h6-full-0486-20090212-a1/safe_headers.txt,2144c71e117b33a95002eaf9fd601beb1384804275a1762aa253cf46de05b9cd,H6_TABLE1_MONTHLY_SA_M2_FULL_V1,true,FULL_NETWORK_ATTEMPT
role5-h6-full-0487-20090219-a1-body,role5-h6-full-0487-20090219-a1,20090219,https://www.federalreserve.gov/releases/h6/20090219/,full_sequence=H6_M2_2000_20260628_V1/release_date=2009-02-19/source_run=role5-h6-full-0487-20090219-a1/release.html,HTML,55590,2e3360aa7e4dead723828e4a95bbed1eabf93f213cbcf06bdc17cc6c54c23286,200,SUCCESS,2026-07-13T08:46:34.350135Z,full_sequence=H6_M2_2000_20260628_V1/release_date=2009-02-19/source_run=role5-h6-full-0487-20090219-a1/safe_headers.txt,7fd430eb14eb158bdd74ac0010203881bea48965c15fd3e47b04bcb0be270983,H6_TABLE1_MONTHLY_SA_M2_FULL_V1,true,FULL_NETWORK_ATTEMPT
role5-h6-full-0488-20090226-a1-body,role5-h6-full-0488-20090226-a1,20090226,https://www.federalreserve.gov/releases/h6/20090226/,full_sequence=H6_M2_2000_20260628_V1/release_date=2009-02-26/source_run=role5-h6-full-0488-20090226-a1/release.html,HTML,55590,f5908257540ed0d53cdb18fdd213436c2731eea876fe8d8e9a4c2aad8fbfc05e,200,SUCCESS,2026-07-13T08:46:35.320428Z,full_sequence=H6_M2_2000_20260628_V1/release_date=2009-02-26/source_run=role5-h6-full-0488-20090226-a1/safe_headers.txt,9f93b21f26af5027c97b3ac465a0533cf5a491dbeb3e0d8312e844c0e24bb92d,H6_TABLE1_MONTHLY_SA_M2_FULL_V1,true,FULL_NETWORK_ATTEMPT
role5-h6-full-0489-20090305-a1-body,role5-h6-full-0489-20090305-a1,20090305,https://www.federalreserve.gov/releases/h6/20090305/,full_sequence=H6_M2_2000_20260628_V1/release_date=2009-03-05/source_run=role5-h6-full-0489-20090305-a1/release.html,HTML,55578,5ce446a955dca06ce941d0f7c713f61a948546bc2e1dfe98e5946753990cc7ad,200,SUCCESS,2026-07-13T08:46:36.323983Z,full_sequence=H6_M2_2000_20260628_V1/release_date=2009-03-05/source_run=role5-h6-full-0489-20090305-a1/safe_headers.txt,39ef311a69fb72c69b74d630f2f469bfa32b60f5d5e7a3ee7dbbe00499ce10cf,H6_TABLE1_MONTHLY_SA_M2_FULL_V1,true,FULL_NETWORK_ATTEMPT
role5-h6-full-0490-20090312-a1-body,role5-h6-full-0490-20090312-a1,20090312,https://www.federalreserve.gov/releases/h6/20090312/,full_sequence=H6_M2_2000_20260628_V1/release_date=2009-03-12/source_run=role5-h6-full-0490-20090312-a1/release.html,HTML,56063,59a4eb9db2570d695a95a703a9131cf228d7db2ca39f3d12d30ad1361d867d06,200,SUCCESS,2026-07-13T08:46:37.336584Z,full_sequence=H6_M2_2000_20260628_V1/release_date=2009-03-12/source_run=role5-h6-full-0490-20090312-a1/safe_headers.txt,b3290261963fae5e13940ee5f62dd7917a7a9373da33da6f829f1041b0e75df4,H6_TABLE1_MONTHLY_SA_M2_FULL_V1,true,FULL_NETWORK_ATTEMPT
role5-h6-full-0491-20090319-a1-body,role5-h6-full-0491-20090319-a1,20090319,https://www.federalreserve.gov/releases/h6/20090319/,full_sequence=H6_M2_2000_20260628_V1/release_date=2009-03-19/source_run=role5-h6-full-0491-20090319-a1/release.html,HTML,55581,7459cf6cec033e7a9f61f41bdfa3a86969d95c3c54f98719a369f4cc7e8ad7df,200,SUCCESS,2026-07-13T08:46:38.375500Z,full_sequence=H6_M2_2000_20260628_V1/release_date=2009-03-19/source_run=role5-h6-full-0491-20090319-a1/safe_headers.txt,daad61e3ab1bb0fc43f98261afc67d60622d6bc26e727421b75c6c040dd685fd,H6_TABLE1_MONTHLY_SA_M2_FULL_V1,true,FULL_NETWORK_ATTEMPT
role5-h6-full-0492-20090326-a1-body,role5-h6-full-0492-20090326-a1,20090326,https://www.federalreserve.gov/releases/h6/20090326/,full_sequence=H6_M2_2000_20260628_V1/release_date=2009-03-26/source_run=role5-h6-full-0492-20090326-a1/release.html,HTML,57469,f079e0c8c22bbb0d459b17687c29022e45a0bd8d07c7116bfc524e01086501f2,200,SUCCESS,2026-07-13T08:46:39.389661Z,full_sequence=H6_M2_2000_20260628_V1/release_date=2009-03-26/source_run=role5-h6-full-0492-20090326-a1/safe_headers.txt,fad0187c1d454d45229080d753cf257376c8be40db42da3042e20aa2ed8fd781,H6_TABLE1_MONTHLY_SA_M2_FULL_V1,true,FULL_NETWORK_ATTEMPT
role5-h6-full-0493-20090402-a1-body,role5-h6-full-0493-20090402-a1,20090402,https://www.federalreserve.gov/releases/h6/20090402/,full_sequence=H6_M2_2000_20260628_V1/release_date=2009-04-02/source_run=role5-h6-full-0493-20090402-a1/release.html,HTML,56814,f38477ab82fbffe4506b7d795ac6232422c55faab130ca907bbe655a1b6cab4d,200,SUCCESS,2026-07-13T08:46:40.387132Z,full_sequence=H6_M2_2000_20260628_V1/release_date=2009-04-02/source_run=role5-h6-full-0493-20090402-a1/safe_headers.txt,9fb3675a7c105a6cedb168cb50549e871767872f3b3089ab1b76a34f53b3338d,H6_TABLE1_MONTHLY_SA_M2_FULL_V1,true,FULL_NETWORK_ATTEMPT
role5-h6-full-0494-20090409-a1-body,role5-h6-full-0494-20090409-a1,20090409,https://www.federalreserve.gov/releases/h6/20090409/,full_sequence=H6_M2_2000_20260628_V1/release_date=2009-04-09/source_run=role5-h6-full-0494-20090409-a1/release.html,HTML,56814,9951d6cb572e8ccb71327cef436ed093062987ddc55f8223f78d9d66e913353c,200,SUCCESS,2026-07-13T08:46:41.395768Z,full_sequence=H6_M2_2000_20260628_V1/release_date=2009-04-09/source_run=role5-h6-full-0494-20090409-a1/safe_headers.txt,5bb48a49fb20302a85a8a7cbb6ea921851a1bccb0fb44c146145a17d3090f40e,H6_TABLE1_MONTHLY_SA_M2_FULL_V1,true,FULL_NETWORK_ATTEMPT
role5-h6-full-0495-20090416-a1-body,role5-h6-full-0495-20090416-a1,20090416,https://www.federalreserve.gov/releases/h6/20090416/,full_sequence=H6_M2_2000_20260628_V1/release_date=2009-04-16/source_run=role5-h6-full-0495-20090416-a1/release.html,HTML,56817,ea2f9a61210d504795da28b8618a147d066be1c578a8cd35f4c9cc2dcdb7a813,200,SUCCESS,2026-07-13T08:46:42.381273Z,full_sequence=H6_M2_2000_20260628_V1/release_date=2009-04-16/source_run=role5-h6-full-0495-20090416-a1/safe_headers.txt,d3ad81518a2f9bd033a085edcc577c9d41ad53e03b4efdaa0dea4a993040c103,H6_TABLE1_MONTHLY_SA_M2_FULL_V1,true,FULL_NETWORK_ATTEMPT
role5-h6-full-0496-20090423-a1-body,role5-h6-full-0496-20090423-a1,20090423,https://www.federalreserve.gov/releases/h6/20090423/,full_sequence=H6_M2_2000_20260628_V1/release_date=2009-04-23/source_run=role5-h6-full-0496-20090423-a1/release.html,HTML,56817,d2245658d06da704278ecd532e2618b565b2a7d4fe326083cf8888e5cfe22995,200,SUCCESS,2026-07-13T08:46:43.484577Z,full_sequence=H6_M2_2000_20260628_V1/release_date=2009-04-23/source_run=role5-h6-full-0496-20090423-a1/safe_headers.txt,85584e1867988d5f54be26b34696828ca22e6092f3d8d681166a8331598a60f0,H6_TABLE1_MONTHLY_SA_M2_FULL_V1,true,FULL_NETWORK_ATTEMPT
role5-h6-full-0497-20090430-a1-body,role5-h6-full-0497-20090430-a1,20090430,https://www.federalreserve.gov/releases/h6/20090430/,full_sequence=H6_M2_2000_20260628_V1/release_date=2009-04-30/source_run=role5-h6-full-0497-20090430-a1/release.html,HTML,56281,5e3e41367d80ed8b49c6779c41e29513fb21c02f5be3a8014abeec2baf51e27e,200,SUCCESS,2026-07-13T08:46:44.437893Z,full_sequence=H6_M2_2000_20260628_V1/release_date=2009-04-30/source_run=role5-h6-full-0497-20090430-a1/safe_headers.txt,aeaa0db8dc46aaac82dac5bf943107343685dd782efff7083338df797ffd6b0a,H6_TABLE1_MONTHLY_SA_M2_FULL_V1,true,FULL_NETWORK_ATTEMPT
role5-h6-full-0498-20090507-a1-body,role5-h6-full-0498-20090507-a1,20090507,https://www.federalreserve.gov/releases/h6/20090507/,full_sequence=H6_M2_2000_20260628_V1/release_date=2009-05-07/source_run=role5-h6-full-0498-20090507-a1/release.html,HTML,56808,b4e2c29a1aa41330ea4b64cf10427053fd3a730f40a342eb75f3fd0dd7e25961,200,SUCCESS,2026-07-13T08:46:45.447302Z,full_sequence=H6_M2_2000_20260628_V1/release_date=2009-05-07/source_run=role5-h6-full-0498-20090507-a1/safe_headers.txt,a17f6554dd773d0c178586a8bcea3c476412a3bffdb2f3f47f7f5e61bea9f329,H6_TABLE1_MONTHLY_SA_M2_FULL_V1,true,FULL_NETWORK_ATTEMPT
role5-h6-full-0499-20090514-a1-body,role5-h6-full-0499-20090514-a1,20090514,https://www.federalreserve.gov/releases/h6/20090514/,full_sequence=H6_M2_2000_20260628_V1/release_date=2009-05-14/source_run=role5-h6-full-0499-20090514-a1/release.html,HTML,56811,2761e31c1ca9776cf7345f9974deb33c172de0dccc54376a70e9021ba7b2dd3e,200,SUCCESS,2026-07-13T08:46:46.386847Z,full_sequence=H6_M2_2000_20260628_V1/release_date=2009-05-14/source_run=role5-h6-full-0499-20090514-a1/safe_headers.txt,67c62219703130f73bb24927ee896392c3f0628edef07e22304619b1edb54127,H6_TABLE1_MONTHLY_SA_M2_FULL_V1,true,FULL_NETWORK_ATTEMPT
role5-h6-full-0500-20090521-a1-body,role5-h6-full-0500-20090521-a1,20090521,https://www.federalreserve.gov/releases/h6/20090521/,full_sequence=H6_M2_2000_20260628_V1/release_date=2009-05-21/source_run=role5-h6-full-0500-20090521-a1/release.html,HTML,56811,f06668121aa27bb3fb583f110e539d9a74acf313838b6f3086f0d593d1b81c66,200,SUCCESS,2026-07-13T08:46:47.408876Z,full_sequence=H6_M2_2000_20260628_V1/release_date=2009-05-21/source_run=role5-h6-full-0500-20090521-a1/safe_headers.txt,11aad4725c98e97137449bbace053e801326c0e0f8a89ef8660a993bdef279d6,H6_TABLE1_MONTHLY_SA_M2_FULL_V1,true,FULL_NETWORK_ATTEMPT
role5-h6-full-0501-20090528-a1-body,role5-h6-full-0501-20090528-a1,20090528,https://www.federalreserve.gov/releases/h6/20090528/,full_sequence=H6_M2_2000_20260628_V1/release_date=2009-05-28/source_run=role5-h6-full-0501-20090528-a1/release.html,HTML,56275,c70a9f55c3512dba9788b1fb7d88d661db1b4e448901fa9a2f191f4a1fbbc7fb,200,SUCCESS,2026-07-13T08:46:48.439602Z,full_sequence=H6_M2_2000_20260628_V1/release_date=2009-05-28/source_run=role5-h6-full-0501-20090528-a1/safe_headers.txt,574027304333760c6e6215a93222c77a2d5e975dd8d027dfe73c5807aed517ba,H6_TABLE1_MONTHLY_SA_M2_FULL_V1,true,FULL_NETWORK_ATTEMPT
role5-h6-full-0502-20090604-a1-body,role5-h6-full-0502-20090604-a1,20090604,https://www.federalreserve.gov/releases/h6/20090604/,full_sequence=H6_M2_2000_20260628_V1/release_date=2009-06-04/source_run=role5-h6-full-0502-20090604-a1/release.html,HTML,56811,2d76f2f9bb022d5f31791488740d22ed019732c951003d023e8207af41971951,200,SUCCESS,2026-07-13T08:46:49.474045Z,full_sequence=H6_M2_2000_20260628_V1/release_date=2009-06-04/source_run=role5-h6-full-0502-20090604-a1/safe_headers.txt,cb820d434c6926d524a046fe5fc2ff99a09747b53c5955ae3da0c13032a72417,H6_TABLE1_MONTHLY_SA_M2_FULL_V1,true,FULL_NETWORK_ATTEMPT
role5-h6-full-0503-20090611-a1-body,role5-h6-full-0503-20090611-a1,20090611,https://www.federalreserve.gov/releases/h6/20090611/,full_sequence=H6_M2_2000_20260628_V1/release_date=2009-06-11/source_run=role5-h6-full-0503-20090611-a1/release.html,HTML,56814,0c736628851a189151fc62d80b92844c9e08898e7292db51c169c041b24789a8,200,SUCCESS,2026-07-13T08:46:53.467753Z,full_sequence=H6_M2_2000_20260628_V1/release_date=2009-06-11/source_run=role5-h6-full-0503-20090611-a1/safe_headers.txt,4fa57bbd939332d203f6cdcd8e3a9c9d27bc776c4fd59fdd6b44b22f3339cbdf,H6_TABLE1_MONTHLY_SA_M2_FULL_V1,true,FULL_NETWORK_ATTEMPT
role5-h6-full-0504-20090618-a1-body,role5-h6-full-0504-20090618-a1,20090618,https://www.federalreserve.gov/releases/h6/20090618/,full_sequence=H6_M2_2000_20260628_V1/release_date=2009-06-18/source_run=role5-h6-full-0504-20090618-a1/release.html,HTML,56814,78a928765f5b6624133c2246bf282387c6df48e2349cce561a35b8427175f971,200,SUCCESS,2026-07-13T08:46:56.825722Z,full_sequence=H6_M2_2000_20260628_V1/release_date=2009-06-18/source_run=role5-h6-full-0504-20090618-a1/safe_headers.txt,5f6d7c059748f2756c35a45c6bbf3dc782706615b2f80d08c18245db2fabd23b,H6_TABLE1_MONTHLY_SA_M2_FULL_V1,true,FULL_NETWORK_ATTEMPT
role5-h6-full-0505-20090625-a1-body,role5-h6-full-0505-20090625-a1,20090625,https://www.federalreserve.gov/releases/h6/20090625/,full_sequence=H6_M2_2000_20260628_V1/release_date=2009-06-25/source_run=role5-h6-full-0505-20090625-a1/release.html,HTML,56814,2103d3c817bee85efa580c84895d03887d65725b03d8fd98ce3c2034ad13227e,200,SUCCESS,2026-07-13T08:46:57.260608Z,full_sequence=H6_M2_2000_20260628_V1/release_date=2009-06-25/source_run=role5-h6-full-0505-20090625-a1/safe_headers.txt,2f8821f5da619e6dac0f91b7a9e7c14e72f60bbcf36a67a2c7df09dce6f10b8e,H6_TABLE1_MONTHLY_SA_M2_FULL_V1,true,FULL_NETWORK_ATTEMPT
role5-h6-full-0506-20090702-a1-body,role5-h6-full-0506-20090702-a1,20090702,https://www.federalreserve.gov/releases/h6/20090702/,full_sequence=H6_M2_2000_20260628_V1/release_date=2009-07-02/source_run=role5-h6-full-0506-20090702-a1/release.html,HTML,56811,8ae7e1c1cde6b768d9cccaf696d78af1ef292d48defe615208538954e005265f,200,SUCCESS,2026-07-13T08:46:58.227527Z,full_sequence=H6_M2_2000_20260628_V1/release_date=2009-07-02/source_run=role5-h6-full-0506-20090702-a1/safe_headers.txt,d1e008124a7610cb270ef957bbe67d3da73750f87b5210161454380d761bb18d,H6_TABLE1_MONTHLY_SA_M2_FULL_V1,true,FULL_NETWORK_ATTEMPT
role5-h6-full-0507-20090709-a1-body,role5-h6-full-0507-20090709-a1,20090709,https://www.federalreserve.gov/releases/h6/20090709/,full_sequence=H6_M2_2000_20260628_V1/release_date=2009-07-09/source_run=role5-h6-full-0507-20090709-a1/release.html,HTML,56811,314252428d6d88ec46e18ba9b55236e86187bedbe543f3aeb61b5f9b84bd4ddd,200,SUCCESS,2026-07-13T08:46:59.219330Z,full_sequence=H6_M2_2000_20260628_V1/release_date=2009-07-09/source_run=role5-h6-full-0507-20090709-a1/safe_headers.txt,7f77542356fcd519e2add2c4840da37d65da6d4e87b0596c2cdf1a5643d0c014,H6_TABLE1_MONTHLY_SA_M2_FULL_V1,true,FULL_NETWORK_ATTEMPT
role5-h6-full-0508-20090716-a1-body,role5-h6-full-0508-20090716-a1,20090716,https://www.federalreserve.gov/releases/h6/20090716/,full_sequence=H6_M2_2000_20260628_V1/release_date=2009-07-16/source_run=role5-h6-full-0508-20090716-a1/release.html,HTML,56814,504616482811fe25892ab933df2cd5b8928b659c873bf70924b8fbad81c96e5c,200,SUCCESS,2026-07-13T08:47:00.225266Z,full_sequence=H6_M2_2000_20260628_V1/release_date=2009-07-16/source_run=role5-h6-full-0508-20090716-a1/safe_headers.txt,ae243ecd80454b6ff290bbc90098b4de12c9ae81c1ed089323f18b500cf97181,H6_TABLE1_MONTHLY_SA_M2_FULL_V1,true,FULL_NETWORK_ATTEMPT
role5-h6-full-0509-20090723-a1-body,role5-h6-full-0509-20090723-a1,20090723,https://www.federalreserve.gov/releases/h6/20090723/,full_sequence=H6_M2_2000_20260628_V1/release_date=2009-07-23/source_run=role5-h6-full-0509-20090723-a1/release.html,HTML,56814,3b4f49599567c71805af72933076f7799b55f43adc4afc9669689eb942782fb4,200,SUCCESS,2026-07-13T08:47:01.225614Z,full_sequence=H6_M2_2000_20260628_V1/release_date=2009-07-23/source_run=role5-h6-full-0509-20090723-a1/safe_headers.txt,9cc632bf3c30e7e8c3a09ade479a0d5088c6c34cf1ffa82b90670020801e67bf,H6_TABLE1_MONTHLY_SA_M2_FULL_V1,true,FULL_NETWORK_ATTEMPT
role5-h6-full-0510-20090730-a1-body,role5-h6-full-0510-20090730-a1,20090730,https://www.federalreserve.gov/releases/h6/20090730/,full_sequence=H6_M2_2000_20260628_V1/release_date=2009-07-30/source_run=role5-h6-full-0510-20090730-a1/release.html,HTML,56814,3dc223cbd11c9fcbe13e46778ce7f91914f9d5557f47ea7ea079cdb7b0a48036,200,SUCCESS,2026-07-13T08:47:02.216910Z,full_sequence=H6_M2_2000_20260628_V1/release_date=2009-07-30/source_run=role5-h6-full-0510-20090730-a1/safe_headers.txt,62a507a9964296d034b03e6720dc433d95600da0fc18abe9bf8c496a8d15cb53,H6_TABLE1_MONTHLY_SA_M2_FULL_V1,true,FULL_NETWORK_ATTEMPT
role5-h6-full-0511-20090806-a1-body,role5-h6-full-0511-20090806-a1,20090806,https://www.federalreserve.gov/releases/h6/20090806/,full_sequence=H6_M2_2000_20260628_V1/release_date=2009-08-06/source_run=role5-h6-full-0511-20090806-a1/release.html,HTML,56817,769325d378047d5f3d2b9892022be0dacb63577c435bce9da8391019d33193ad,200,SUCCESS,2026-07-13T08:47:03.315883Z,full_sequence=H6_M2_2000_20260628_V1/release_date=2009-08-06/source_run=role5-h6-full-0511-20090806-a1/safe_headers.txt,881a7f3820faedfc130b026a75fcfd43671fafbb94a8b38495608dd94de0f17c,H6_TABLE1_MONTHLY_SA_M2_FULL_V1,true,FULL_NETWORK_ATTEMPT
role5-h6-full-0512-20090813-a1-body,role5-h6-full-0512-20090813-a1,20090813,https://www.federalreserve.gov/releases/h6/20090813/,full_sequence=H6_M2_2000_20260628_V1/release_date=2009-08-13/source_run=role5-h6-full-0512-20090813-a1/release.html,HTML,56820,0979f767d44fbf9602b510c75e741ce69550c23eccd70849e42a1f73138547c6,200,SUCCESS,2026-07-13T08:47:04.226325Z,full_sequence=H6_M2_2000_20260628_V1/release_date=2009-08-13/source_run=role5-h6-full-0512-20090813-a1/safe_headers.txt,1f3ffe6b7e2bab26fa0efec43971d935042667d0f88076f8fba6c78eae18b30a,H6_TABLE1_MONTHLY_SA_M2_FULL_V1,true,FULL_NETWORK_ATTEMPT
role5-h6-full-0513-20090820-a1-body,role5-h6-full-0513-20090820-a1,20090820,https://www.federalreserve.gov/releases/h6/20090820/,full_sequence=H6_M2_2000_20260628_V1/release_date=2009-08-20/source_run=role5-h6-full-0513-20090820-a1/release.html,HTML,56820,e74229de7948fde05c818aa9507a80d0c8233f9d492629c8ba9e66b79816124a,200,SUCCESS,2026-07-13T08:47:05.245784Z,full_sequence=H6_M2_2000_20260628_V1/release_date=2009-08-20/source_run=role5-h6-full-0513-20090820-a1/safe_headers.txt,deeeb31399cac4123427761fdf3a0ee2c98e9a991bcdfa8d720ea0929e386be8,H6_TABLE1_MONTHLY_SA_M2_FULL_V1,true,FULL_NETWORK_ATTEMPT
role5-h6-full-0514-20090827-a1-body,role5-h6-full-0514-20090827-a1,20090827,https://www.federalreserve.gov/releases/h6/20090827/,full_sequence=H6_M2_2000_20260628_V1/release_date=2009-08-27/source_run=role5-h6-full-0514-20090827-a1/release.html,HTML,56820,56450e78c8caefc47a36c21a05ac9b136a7f57eb72bf38fbb2374ac0f68e15e6,200,SUCCESS,2026-07-13T08:47:06.239929Z,full_sequence=H6_M2_2000_20260628_V1/release_date=2009-08-27/source_run=role5-h6-full-0514-20090827-a1/safe_headers.txt,17631a07e58b63cb10822b4acbfc642359994c352adfca2b6217224c5014a664,H6_TABLE1_MONTHLY_SA_M2_FULL_V1,true,FULL_NETWORK_ATTEMPT
role5-h6-full-0515-20090903-a1-body,role5-h6-full-0515-20090903-a1,20090903,https://www.federalreserve.gov/releases/h6/20090903/,full_sequence=H6_M2_2000_20260628_V1/release_date=2009-09-03/source_run=role5-h6-full-0515-20090903-a1/release.html,HTML,56826,7834a5fc93c878e1ffd555227edc7c3ec6fb51d72e9fea9004b1ca407a8a9650,200,SUCCESS,2026-07-13T08:47:07.260176Z,full_sequence=H6_M2_2000_20260628_V1/release_date=2009-09-03/source_run=role5-h6-full-0515-20090903-a1/safe_headers.txt,ab6605756fae07980658fb6d28418b55ba5c220a42fecf54a95d81c88f6ef188,H6_TABLE1_MONTHLY_SA_M2_FULL_V1,true,FULL_NETWORK_ATTEMPT
role5-h6-full-0516-20090910-a1-body,role5-h6-full-0516-20090910-a1,20090910,https://www.federalreserve.gov/releases/h6/20090910/,full_sequence=H6_M2_2000_20260628_V1/release_date=2009-09-10/source_run=role5-h6-full-0516-20090910-a1/release.html,HTML,56829,2a2dd16527eb925f19328b6a58a604ecef0408c0c3b6d85710e99bf8411f4d33,200,SUCCESS,2026-07-13T08:47:08.269864Z,full_sequence=H6_M2_2000_20260628_V1/release_date=2009-09-10/source_run=role5-h6-full-0516-20090910-a1/safe_headers.txt,538f715d8f5d615fa86797b9b0c5bd54224fc137868461037de1db6cba8a5ff6,H6_TABLE1_MONTHLY_SA_M2_FULL_V1,true,FULL_NETWORK_ATTEMPT
role5-h6-full-0517-20090917-a1-body,role5-h6-full-0517-20090917-a1,20090917,https://www.federalreserve.gov/releases/h6/20090917/,full_sequence=H6_M2_2000_20260628_V1/release_date=2009-09-17/source_run=role5-h6-full-0517-20090917-a1/release.html,HTML,56829,b8723e65b4aafa73ac6949cab8abb04ec281a13b5e58fe65f9161d739a1fe130,200,SUCCESS,2026-07-13T08:47:09.250636Z,full_sequence=H6_M2_2000_20260628_V1/release_date=2009-09-17/source_run=role5-h6-full-0517-20090917-a1/safe_headers.txt,59d1cdc8d0baafa36fa968cf96f8a92f175b1a94bcba9bb504ff10a99c9a4ff1,H6_TABLE1_MONTHLY_SA_M2_FULL_V1,true,FULL_NETWORK_ATTEMPT
role5-h6-full-0518-20090924-a1-body,role5-h6-full-0518-20090924-a1,20090924,https://www.federalreserve.gov/releases/h6/20090924/,full_sequence=H6_M2_2000_20260628_V1/release_date=2009-09-24/source_run=role5-h6-full-0518-20090924-a1/release.html,HTML,56829,4a95e49454b3466ee316144c2270e42fe59d85cfaab4d809caf41fbc44807fe6,200,SUCCESS,2026-07-13T08:47:10.286158Z,full_sequence=H6_M2_2000_20260628_V1/release_date=2009-09-24/source_run=role5-h6-full-0518-20090924-a1/safe_headers.txt,77ec34d8c793063145f2f14ecc9f0c2bfc95c8d838fa4646af5a70f9de20e214,H6_TABLE1_MONTHLY_SA_M2_FULL_V1,true,FULL_NETWORK_ATTEMPT
role5-h6-full-0519-20091001-a1-body,role5-h6-full-0519-20091001-a1,20091001,https://www.federalreserve.gov/releases/h6/20091001/,full_sequence=H6_M2_2000_20260628_V1/release_date=2009-10-01/source_run=role5-h6-full-0519-20091001-a1/release.html,HTML,56820,0a8fac9fccb2281d113c354e79f2692d064ac81238c750bd34026ac13f6f6ddb,200,SUCCESS,2026-07-13T08:47:11.298023Z,full_sequence=H6_M2_2000_20260628_V1/release_date=2009-10-01/source_run=role5-h6-full-0519-20091001-a1/safe_headers.txt,2be22419e234eaf49c0775b01e1798a9c3df76ecd8f818ea26644f7397f146b8,H6_TABLE1_MONTHLY_SA_M2_FULL_V1,true,FULL_NETWORK_ATTEMPT
role5-h6-full-0520-20091008-a1-body,role5-h6-full-0520-20091008-a1,20091008,https://www.federalreserve.gov/releases/h6/20091008/,full_sequence=H6_M2_2000_20260628_V1/release_date=2009-10-08/source_run=role5-h6-full-0520-20091008-a1/release.html,HTML,56820,474cbbf4524e27d97137fe0efb502632d1ac4257031c82ad9b9748638e1f4574,200,SUCCESS,2026-07-13T08:47:12.306080Z,full_sequence=H6_M2_2000_20260628_V1/release_date=2009-10-08/source_run=role5-h6-full-0520-20091008-a1/safe_headers.txt,d581345a8d0431b58546b573f42a1008c6fddd8c1f7017837b746494f94ecbaf,H6_TABLE1_MONTHLY_SA_M2_FULL_V1,true,FULL_NETWORK_ATTEMPT
role5-h6-full-0521-20091015-a1-body,role5-h6-full-0521-20091015-a1,20091015,https://www.federalreserve.gov/releases/h6/20091015/,full_sequence=H6_M2_2000_20260628_V1/release_date=2009-10-15/source_run=role5-h6-full-0521-20091015-a1/release.html,HTML,56823,17555cf433e0fd493fca74938f07cc8dd9c59d884606f345a2c382532e954180,200,SUCCESS,2026-07-13T08:47:13.329203Z,full_sequence=H6_M2_2000_20260628_V1/release_date=2009-10-15/source_run=role5-h6-full-0521-20091015-a1/safe_headers.txt,15955ad3f2f8f647e29f82a7f3bc27287d977f552451c87442720cacd3a167e4,H6_TABLE1_MONTHLY_SA_M2_FULL_V1,true,FULL_NETWORK_ATTEMPT
role5-h6-full-0522-20091022-a1-body,role5-h6-full-0522-20091022-a1,20091022,https://www.federalreserve.gov/releases/h6/20091022/,full_sequence=H6_M2_2000_20260628_V1/release_date=2009-10-22/source_run=role5-h6-full-0522-20091022-a1/release.html,HTML,56823,5835029ad2f713938a0897d6c26acc85244978496d8437582429157b7539aadb,200,SUCCESS,2026-07-13T08:47:14.570454Z,full_sequence=H6_M2_2000_20260628_V1/release_date=2009-10-22/source_run=role5-h6-full-0522-20091022-a1/safe_headers.txt,320dd55f2f005c4865893e8ed2e37f54fcdb89910094e90977ad1d0f2c44e782,H6_TABLE1_MONTHLY_SA_M2_FULL_V1,true,FULL_NETWORK_ATTEMPT
role5-h6-full-0523-20091029-a1-body,role5-h6-full-0523-20091029-a1,20091029,https://www.federalreserve.gov/releases/h6/20091029/,full_sequence=H6_M2_2000_20260628_V1/release_date=2009-10-29/source_run=role5-h6-full-0523-20091029-a1/release.html,HTML,56823,9eab4d379c04a8da03bc08074e937fb6c2c8248f97d0e1c2e6cd065857aef0a7,200,SUCCESS,2026-07-13T08:47:15.373351Z,full_sequence=H6_M2_2000_20260628_V1/release_date=2009-10-29/source_run=role5-h6-full-0523-20091029-a1/safe_headers.txt,8b7eebebcb1934bd9b632dc5792c96189685b1a1de5c5270ced1785cfd1d4585,H6_TABLE1_MONTHLY_SA_M2_FULL_V1,true,FULL_NETWORK_ATTEMPT
role5-h6-full-0524-20091105-a1-body,role5-h6-full-0524-20091105-a1,20091105,https://www.federalreserve.gov/releases/h6/20091105/,full_sequence=H6_M2_2000_20260628_V1/release_date=2009-11-05/source_run=role5-h6-full-0524-20091105-a1/release.html,HTML,56823,a6dad9813f1e3409689a92febd920da7cdc735b78992ceb8a0821f6071194b5f,200,SUCCESS,2026-07-13T08:47:16.320636Z,full_sequence=H6_M2_2000_20260628_V1/release_date=2009-11-05/source_run=role5-h6-full-0524-20091105-a1/safe_headers.txt,6d8ca14338b40b004ffa81975699a5540a4c0e8c8838fa5ca1b5013397edf58a,H6_TABLE1_MONTHLY_SA_M2_FULL_V1,true,FULL_NETWORK_ATTEMPT
role5-h6-full-0525-20091112-a1-body,role5-h6-full-0525-20091112-a1,20091112,https://www.federalreserve.gov/releases/h6/20091112/,full_sequence=H6_M2_2000_20260628_V1/release_date=2009-11-12/source_run=role5-h6-full-0525-20091112-a1/release.html,HTML,56826,72ee17a7ea093d083913412dfa253502a31338785394e1043b428acc26d0ad32,200,SUCCESS,2026-07-13T08:47:17.316073Z,full_sequence=H6_M2_2000_20260628_V1/release_date=2009-11-12/source_run=role5-h6-full-0525-20091112-a1/safe_headers.txt,3e212890c6d7e2ab48486179ab1ecaf247ff6cae4e7629e5e3691d9811535f19,H6_TABLE1_MONTHLY_SA_M2_FULL_V1,true,FULL_NETWORK_ATTEMPT
role5-h6-full-0526-20091119-a1-body,role5-h6-full-0526-20091119-a1,20091119,https://www.federalreserve.gov/releases/h6/20091119/,full_sequence=H6_M2_2000_20260628_V1/release_date=2009-11-19/source_run=role5-h6-full-0526-20091119-a1/release.html,HTML,56826,b91b387224573490f64c9bbce67e79e7f93506ef0fddc89ad55439ab0e96fbad,200,SUCCESS,2026-07-13T08:47:18.343123Z,full_sequence=H6_M2_2000_20260628_V1/release_date=2009-11-19/source_run=role5-h6-full-0526-20091119-a1/safe_headers.txt,82c98227a5ea6004e929574632202bfc7289905e44dec17ccc47de2a7f22acee,H6_TABLE1_MONTHLY_SA_M2_FULL_V1,true,FULL_NETWORK_ATTEMPT
role5-h6-full-0527-20091127-a1-body,role5-h6-full-0527-20091127-a1,20091127,https://www.federalreserve.gov/releases/h6/20091127/,full_sequence=H6_M2_2000_20260628_V1/release_date=2009-11-27/source_run=role5-h6-full-0527-20091127-a1/release.html,HTML,56290,dfc2ddcbbfc26120ce78913bccddd4351259022fa6b1c215e03c99d2407e6f16,200,SUCCESS,2026-07-13T08:47:19.426641Z,full_sequence=H6_M2_2000_20260628_V1/release_date=2009-11-27/source_run=role5-h6-full-0527-20091127-a1/safe_headers.txt,0c8d4bf5947dac4ba78121d4aff9742009c98e178795049b40d2090b8c847ec6,H6_TABLE1_MONTHLY_SA_M2_FULL_V1,true,FULL_NETWORK_ATTEMPT
role5-h6-full-0528-20091203-a1-body,role5-h6-full-0528-20091203-a1,20091203,https://www.federalreserve.gov/releases/h6/20091203/,full_sequence=H6_M2_2000_20260628_V1/release_date=2009-12-03/source_run=role5-h6-full-0528-20091203-a1/release.html,HTML,56823,873a34ebd0edccbe26ec876f3848f96a8b8039250f643b88e0fa5960bdcfd8c2,200,SUCCESS,2026-07-13T08:47:20.433946Z,full_sequence=H6_M2_2000_20260628_V1/release_date=2009-12-03/source_run=role5-h6-full-0528-20091203-a1/safe_headers.txt,2eb72403d74d81ccbfe06347acf078d5db7a2f52e98f89b853b268fd12bde882,H6_TABLE1_MONTHLY_SA_M2_FULL_V1,true,FULL_NETWORK_ATTEMPT
role5-h6-full-0529-20091210-a1-body,role5-h6-full-0529-20091210-a1,20091210,https://www.federalreserve.gov/releases/h6/20091210/,full_sequence=H6_M2_2000_20260628_V1/release_date=2009-12-10/source_run=role5-h6-full-0529-20091210-a1/release.html,HTML,56826,42aad2039f721ed583e948bbe323fb7bb3b941a2870c6c88e6c546a06ae450ec,200,SUCCESS,2026-07-13T08:47:23.388885Z,full_sequence=H6_M2_2000_20260628_V1/release_date=2009-12-10/source_run=role5-h6-full-0529-20091210-a1/safe_headers.txt,7d9a7213182fc933d4a12aeb1741e0637095be42d629558f23d46737f493c554,H6_TABLE1_MONTHLY_SA_M2_FULL_V1,true,FULL_NETWORK_ATTEMPT
role5-h6-full-0530-20091217-a1-body,role5-h6-full-0530-20091217-a1,20091217,https://www.federalreserve.gov/releases/h6/20091217/,full_sequence=H6_M2_2000_20260628_V1/release_date=2009-12-17/source_run=role5-h6-full-0530-20091217-a1/release.html,HTML,56826,5e0b4d5f03d65f2cae84df5a21c2892e39401953ae2e235c2eee7c67d50d5e8c,200,SUCCESS,2026-07-13T08:47:23.770589Z,full_sequence=H6_M2_2000_20260628_V1/release_date=2009-12-17/source_run=role5-h6-full-0530-20091217-a1/safe_headers.txt,5a342eefaada991a828826010da9d0cbe4c2ada38dcdfbbb7c7f04d0703e75a0,H6_TABLE1_MONTHLY_SA_M2_FULL_V1,true,FULL_NETWORK_ATTEMPT
role5-h6-full-0531-20091228-a1-body,role5-h6-full-0531-20091228-a1,20091228,https://www.federalreserve.gov/releases/h6/20091228/,full_sequence=H6_M2_2000_20260628_V1/release_date=2009-12-28/source_run=role5-h6-full-0531-20091228-a1/release.html,HTML,56826,a92fcad62ce49b850e399c6feae796081726ab45806e1c7e89df59293997d285,200,SUCCESS,2026-07-13T08:47:25.287120Z,full_sequence=H6_M2_2000_20260628_V1/release_date=2009-12-28/source_run=role5-h6-full-0531-20091228-a1/safe_headers.txt,efb6d5d0cf2c10a5492e13ca5c695e50b9af5bf80040eec23bcf54b288055101,H6_TABLE1_MONTHLY_SA_M2_FULL_V1,true,FULL_NETWORK_ATTEMPT
role5-h6-full-0532-20091231-a1-body,role5-h6-full-0532-20091231-a1,20091231,https://www.federalreserve.gov/releases/h6/20091231/,full_sequence=H6_M2_2000_20260628_V1/release_date=2009-12-31/source_run=role5-h6-full-0532-20091231-a1/release.html,HTML,56826,d5014346dfd112474fa0aacede8ec6b4c3e4879401213a6eae5f98dbd4561d80,200,SUCCESS,2026-07-13T08:47:25.837178Z,full_sequence=H6_M2_2000_20260628_V1/release_date=2009-12-31/source_run=role5-h6-full-0532-20091231-a1/safe_headers.txt,e1b69c0c85d9ccc767c04b1831fc079b6f521b686de36df32d7403072eb9489e,H6_TABLE1_MONTHLY_SA_M2_FULL_V1,true,FULL_NETWORK_ATTEMPT
role5-h6-full-0533-20100107-a1-body,role5-h6-full-0533-20100107-a1,20100107,https://www.federalreserve.gov/releases/h6/20100107/,full_sequence=H6_M2_2000_20260628_V1/release_date=2010-01-07/source_run=role5-h6-full-0533-20100107-a1/release.html,HTML,56820,490a28928ad450740c64c74adf6f5dffd0af4724681e47ecdd3337a37f8561f3,200,SUCCESS,2026-07-13T08:47:26.766395Z,full_sequence=H6_M2_2000_20260628_V1/release_date=2010-01-07/source_run=role5-h6-full-0533-20100107-a1/safe_headers.txt,b1966e9787c813c1a517c184d58c323775efe05779094cf52901dd3066c2b80e,H6_TABLE1_MONTHLY_SA_M2_FULL_V1,true,FULL_NETWORK_ATTEMPT
role5-h6-full-0534-20100114-a1-body,role5-h6-full-0534-20100114-a1,20100114,https://www.federalreserve.gov/releases/h6/20100114/,full_sequence=H6_M2_2000_20260628_V1/release_date=2010-01-14/source_run=role5-h6-full-0534-20100114-a1/release.html,HTML,56823,4c661b2bf89f3e9d75295c02219a4dc6765dcefb68c4fbc9ce6d6bf2b32c8887,200,SUCCESS,2026-07-13T08:47:27.780006Z,full_sequence=H6_M2_2000_20260628_V1/release_date=2010-01-14/source_run=role5-h6-full-0534-20100114-a1/safe_headers.txt,e0f23cbf5a59f6b00ae01a652e05bffc13dc08b7804330d8b4c156cd9dd501de,H6_TABLE1_MONTHLY_SA_M2_FULL_V1,true,FULL_NETWORK_ATTEMPT
role5-h6-full-0535-20100121-a1-body,role5-h6-full-0535-20100121-a1,20100121,https://www.federalreserve.gov/releases/h6/20100121/,full_sequence=H6_M2_2000_20260628_V1/release_date=2010-01-21/source_run=role5-h6-full-0535-20100121-a1/release.html,HTML,89077,fa6c0b883eb244698e4be7e222ce910efce2cf19148c962b4e6fe4c9f1abbec6,200,SUCCESS,2026-07-13T08:47:28.789368Z,full_sequence=H6_M2_2000_20260628_V1/release_date=2010-01-21/source_run=role5-h6-full-0535-20100121-a1/safe_headers.txt,61e316ef2e8b536cee86aa63ee648d64b7486ce543140e7f53dba689c8e9c5d7,H6_TABLE1_MONTHLY_SA_M2_FULL_V1,true,FULL_NETWORK_ATTEMPT
role5-h6-full-0536-20100128-a1-body,role5-h6-full-0536-20100128-a1,20100128,https://www.federalreserve.gov/releases/h6/20100128/,full_sequence=H6_M2_2000_20260628_V1/release_date=2010-01-28/source_run=role5-h6-full-0536-20100128-a1/release.html,HTML,56823,0350f447717f63739ad96d03e16babb0a7ce0b26fe4fe6e6edd5f936512272be,200,SUCCESS,2026-07-13T08:47:29.798395Z,full_sequence=H6_M2_2000_20260628_V1/release_date=2010-01-28/source_run=role5-h6-full-0536-20100128-a1/safe_headers.txt,49dd86ebfc1736380ad78092e7a7193eac5f4dc181e4b65b079493484af088ab,H6_TABLE1_MONTHLY_SA_M2_FULL_V1,true,FULL_NETWORK_ATTEMPT
role5-h6-full-0537-20100204-a1-body,role5-h6-full-0537-20100204-a1,20100204,https://www.federalreserve.gov/releases/h6/20100204/,full_sequence=H6_M2_2000_20260628_V1/release_date=2010-02-04/source_run=role5-h6-full-0537-20100204-a1/release.html,HTML,56287,338d468225d27d5f81daa1347dea6ca759f9ecc505626767458ffe31c43f18a0,200,SUCCESS,2026-07-13T08:47:30.816696Z,full_sequence=H6_M2_2000_20260628_V1/release_date=2010-02-04/source_run=role5-h6-full-0537-20100204-a1/safe_headers.txt,0e0c85eb600a2aeefd5f6672f473185215658ca65f82aff49057ff1f9f88740f,H6_TABLE1_MONTHLY_SA_M2_FULL_V1,true,FULL_NETWORK_ATTEMPT
role5-h6-full-0538-20100211-a1-body,role5-h6-full-0538-20100211-a1,20100211,https://www.federalreserve.gov/releases/h6/20100211/,full_sequence=H6_M2_2000_20260628_V1/release_date=2010-02-11/source_run=role5-h6-full-0538-20100211-a1/release.html,HTML,56826,0b88cad76b4b9a778105d051209032386f673e9447340c9c780630e17742a3cd,200,SUCCESS,2026-07-13T08:47:31.789593Z,full_sequence=H6_M2_2000_20260628_V1/release_date=2010-02-11/source_run=role5-h6-full-0538-20100211-a1/safe_headers.txt,6b4b9ec49da888e52db81673aef5fc9014d21541277c8f91a4ead78d4e223e15,H6_TABLE1_MONTHLY_SA_M2_FULL_V1,true,FULL_NETWORK_ATTEMPT
role5-h6-full-0539-20100218-a1-body,role5-h6-full-0539-20100218-a1,20100218,https://www.federalreserve.gov/releases/h6/20100218/,full_sequence=H6_M2_2000_20260628_V1/release_date=2010-02-18/source_run=role5-h6-full-0539-20100218-a1/release.html,HTML,56826,caeccd88c5c99814984b2bdafaf597bb0061113f3d8cc3db62f0a7d7c4237106,200,SUCCESS,2026-07-13T08:47:32.820663Z,full_sequence=H6_M2_2000_20260628_V1/release_date=2010-02-18/source_run=role5-h6-full-0539-20100218-a1/safe_headers.txt,7f3884220a7eed66f8d5c4be9969cded64b5ce697c417f018830779075cfc66c,H6_TABLE1_MONTHLY_SA_M2_FULL_V1,true,FULL_NETWORK_ATTEMPT
role5-h6-full-0540-20100225-a1-body,role5-h6-full-0540-20100225-a1,20100225,https://www.federalreserve.gov/releases/h6/20100225/,full_sequence=H6_M2_2000_20260628_V1/release_date=2010-02-25/source_run=role5-h6-full-0540-20100225-a1/release.html,HTML,56826,373e6678b61b1d44415265b0f5bbd25f4620cc278612d35d35fa41538a59eed1,200,SUCCESS,2026-07-13T08:47:33.925181Z,full_sequence=H6_M2_2000_20260628_V1/release_date=2010-02-25/source_run=role5-h6-full-0540-20100225-a1/safe_headers.txt,c9300f38b63eb661cea2ef0ff31416ec774d189e62fd1687a68f3c9908f7a68c,H6_TABLE1_MONTHLY_SA_M2_FULL_V1,true,FULL_NETWORK_ATTEMPT
role5-h6-full-0541-20100304-a1-body,role5-h6-full-0541-20100304-a1,20100304,https://www.federalreserve.gov/releases/h6/20100304/,full_sequence=H6_M2_2000_20260628_V1/release_date=2010-03-04/source_run=role5-h6-full-0541-20100304-a1/release.html,HTML,56814,80df98c1a6c1b4875e5a9365fc0a68270976f9b324f1a8dda6da75f9f2d39542,200,SUCCESS,2026-07-13T08:47:34.830365Z,full_sequence=H6_M2_2000_20260628_V1/release_date=2010-03-04/source_run=role5-h6-full-0541-20100304-a1/safe_headers.txt,29443210145e197b5deb8628586ac70dafa4827deadc3d7c1cbcbc76dec30897,H6_TABLE1_MONTHLY_SA_M2_FULL_V1,true,FULL_NETWORK_ATTEMPT
role5-h6-full-0542-20100311-a1-body,role5-h6-full-0542-20100311-a1,20100311,https://www.federalreserve.gov/releases/h6/20100311/,full_sequence=H6_M2_2000_20260628_V1/release_date=2010-03-11/source_run=role5-h6-full-0542-20100311-a1/release.html,HTML,56817,5d137f74bb072a13c32ef38e85d1249627229d4d66b343eefbbff9796f799f82,200,SUCCESS,2026-07-13T08:47:35.848633Z,full_sequence=H6_M2_2000_20260628_V1/release_date=2010-03-11/source_run=role5-h6-full-0542-20100311-a1/safe_headers.txt,b2c7fcad840e44dd76a95e4eb42a2eb483a94d7ba224d7a2dad8498f9abad4ac,H6_TABLE1_MONTHLY_SA_M2_FULL_V1,true,FULL_NETWORK_ATTEMPT
role5-h6-full-0543-20100318-a1-body,role5-h6-full-0543-20100318-a1,20100318,https://www.federalreserve.gov/releases/h6/20100318/,full_sequence=H6_M2_2000_20260628_V1/release_date=2010-03-18/source_run=role5-h6-full-0543-20100318-a1/release.html,HTML,56817,20c4b72cb82ef964e0fc1daa610c8ff067ed348ffaf06feba404823c1cb07b82,200,SUCCESS,2026-07-13T08:47:36.872021Z,full_sequence=H6_M2_2000_20260628_V1/release_date=2010-03-18/source_run=role5-h6-full-0543-20100318-a1/safe_headers.txt,da7649b2b091193033ce67240de5c71f9aa9e6fe5be53f1afc2885b80db51416,H6_TABLE1_MONTHLY_SA_M2_FULL_V1,true,FULL_NETWORK_ATTEMPT
role5-h6-full-0544-20100325-a1-body,role5-h6-full-0544-20100325-a1,20100325,https://www.federalreserve.gov/releases/h6/20100325/,full_sequence=H6_M2_2000_20260628_V1/release_date=2010-03-25/source_run=role5-h6-full-0544-20100325-a1/release.html,HTML,56817,cc47e481e6227e130227f0fd561190a6826a405c5a124a78c5b4b0fc45dd5957,200,SUCCESS,2026-07-13T08:47:37.856158Z,full_sequence=H6_M2_2000_20260628_V1/release_date=2010-03-25/source_run=role5-h6-full-0544-20100325-a1/safe_headers.txt,17a8a1b9959e506adfd26901eed34f6f13468cbc6f3fd7006973ff33873df08d,H6_TABLE1_MONTHLY_SA_M2_FULL_V1,true,FULL_NETWORK_ATTEMPT
role5-h6-full-0545-20100401-a1-body,role5-h6-full-0545-20100401-a1,20100401,https://www.federalreserve.gov/releases/h6/20100401/,full_sequence=H6_M2_2000_20260628_V1/release_date=2010-04-01/source_run=role5-h6-full-0545-20100401-a1/release.html,HTML,56814,0abb32868963db8ae765e3d8aee59b4e08bd81297758e0fc473d699922763102,200,SUCCESS,2026-07-13T08:47:38.856943Z,full_sequence=H6_M2_2000_20260628_V1/release_date=2010-04-01/source_run=role5-h6-full-0545-20100401-a1/safe_headers.txt,571ddc32743bce6c2286dd65303e82290c7a444ea46f45fba042596e40805c17,H6_TABLE1_MONTHLY_SA_M2_FULL_V1,true,FULL_NETWORK_ATTEMPT
role5-h6-full-0546-20100408-a1-body,role5-h6-full-0546-20100408-a1,20100408,https://www.federalreserve.gov/releases/h6/20100408/,full_sequence=H6_M2_2000_20260628_V1/release_date=2010-04-08/source_run=role5-h6-full-0546-20100408-a1/release.html,HTML,56814,fc68a6c66b9f804aac2dae22afbcf069358b395147e71e44f5cdf5de5da54bb7,200,SUCCESS,2026-07-13T08:47:39.871056Z,full_sequence=H6_M2_2000_20260628_V1/release_date=2010-04-08/source_run=role5-h6-full-0546-20100408-a1/safe_headers.txt,b687f578c45948feda69ef31baf392ec9dcba80e1f07c6c39e3b5d915fe0a941,H6_TABLE1_MONTHLY_SA_M2_FULL_V1,true,FULL_NETWORK_ATTEMPT
role5-h6-full-0547-20100415-a1-body,role5-h6-full-0547-20100415-a1,20100415,https://www.federalreserve.gov/releases/h6/20100415/,full_sequence=H6_M2_2000_20260628_V1/release_date=2010-04-15/source_run=role5-h6-full-0547-20100415-a1/release.html,HTML,56817,7bf0f85fe46be18861701c51ed5253ad26c57a1c3bfaa7534fe699a1a5bbb1f4,200,SUCCESS,2026-07-13T08:47:40.869183Z,full_sequence=H6_M2_2000_20260628_V1/release_date=2010-04-15/source_run=role5-h6-full-0547-20100415-a1/safe_headers.txt,9596e131bd9548572d4d3554dd0842c8d879d73f0b7c311943c41e35a1979fe6,H6_TABLE1_MONTHLY_SA_M2_FULL_V1,true,FULL_NETWORK_ATTEMPT
role5-h6-full-0548-20100422-a1-body,role5-h6-full-0548-20100422-a1,20100422,https://www.federalreserve.gov/releases/h6/20100422/,full_sequence=H6_M2_2000_20260628_V1/release_date=2010-04-22/source_run=role5-h6-full-0548-20100422-a1/release.html,HTML,56817,ded5de6b641723515fdf75bfe70e0d65fd6770e8747635c7263e74914bd083b3,200,SUCCESS,2026-07-13T08:47:41.899430Z,full_sequence=H6_M2_2000_20260628_V1/release_date=2010-04-22/source_run=role5-h6-full-0548-20100422-a1/safe_headers.txt,7847a910df4193c64016017720dcca8ff5ee15eeacab83ce55a250989015a40d,H6_TABLE1_MONTHLY_SA_M2_FULL_V1,true,FULL_NETWORK_ATTEMPT
role5-h6-full-0549-20100429-a1-body,role5-h6-full-0549-20100429-a1,20100429,https://www.federalreserve.gov/releases/h6/20100429/,full_sequence=H6_M2_2000_20260628_V1/release_date=2010-04-29/source_run=role5-h6-full-0549-20100429-a1/release.html,HTML,56817,42c9abb700fffcf461c381e88fafdc7eb34fcb17c22b905b14ed8e0a92d6a5d3,200,SUCCESS,2026-07-13T08:47:42.915936Z,full_sequence=H6_M2_2000_20260628_V1/release_date=2010-04-29/source_run=role5-h6-full-0549-20100429-a1/safe_headers.txt,a539eb383edce986f4b68fe6bb7eda876426fa38b487a944b548000c615e527f,H6_TABLE1_MONTHLY_SA_M2_FULL_V1,true,FULL_NETWORK_ATTEMPT
role5-h6-full-0550-20100506-a1-body,role5-h6-full-0550-20100506-a1,20100506,https://www.federalreserve.gov/releases/h6/20100506/,full_sequence=H6_M2_2000_20260628_V1/release_date=2010-05-06/source_run=role5-h6-full-0550-20100506-a1/release.html,HTML,56808,25d7af152b0881cc95b6786e7089c3cb71e368f9a9e6fcd50d8837cb68fc341f,200,SUCCESS,2026-07-13T08:47:46.917750Z,full_sequence=H6_M2_2000_20260628_V1/release_date=2010-05-06/source_run=role5-h6-full-0550-20100506-a1/safe_headers.txt,d7f9d2ad596d67a86c00425a0d29ea7b22c2307f65de3bc9d1c65435d88b7a9e,H6_TABLE1_MONTHLY_SA_M2_FULL_V1,true,FULL_NETWORK_ATTEMPT
role5-h6-full-0551-20100513-a1-body,role5-h6-full-0551-20100513-a1,20100513,https://www.federalreserve.gov/releases/h6/20100513/,full_sequence=H6_M2_2000_20260628_V1/release_date=2010-05-13/source_run=role5-h6-full-0551-20100513-a1/release.html,HTML,56811,032647873c008e253a5c914f58b013ee86705fb7b3f3f544032d4e6077a053e1,200,SUCCESS,2026-07-13T08:47:47.277194Z,full_sequence=H6_M2_2000_20260628_V1/release_date=2010-05-13/source_run=role5-h6-full-0551-20100513-a1/safe_headers.txt,b2bad239f111e1ea5ddff1a60e342a1c881af30b93b7d848ceaa58a4aa57d507,H6_TABLE1_MONTHLY_SA_M2_FULL_V1,true,FULL_NETWORK_ATTEMPT
role5-h6-full-0552-20100520-a1-body,role5-h6-full-0552-20100520-a1,20100520,https://www.federalreserve.gov/releases/h6/20100520/,full_sequence=H6_M2_2000_20260628_V1/release_date=2010-05-20/source_run=role5-h6-full-0552-20100520-a1/release.html,HTML,56811,c1c9037a7ef1de7eb4bd87217a0b17ed71aa999bf37f9b91637a6d055b7c229c,200,SUCCESS,2026-07-13T08:47:48.293827Z,full_sequence=H6_M2_2000_20260628_V1/release_date=2010-05-20/source_run=role5-h6-full-0552-20100520-a1/safe_headers.txt,27e27685d8970c1272e469a91a32dfc758c21420f5d0936bf4c7932d7fdfc069,H6_TABLE1_MONTHLY_SA_M2_FULL_V1,true,FULL_NETWORK_ATTEMPT
role5-h6-full-0553-20100527-a1-body,role5-h6-full-0553-20100527-a1,20100527,https://www.federalreserve.gov/releases/h6/20100527/,full_sequence=H6_M2_2000_20260628_V1/release_date=2010-05-27/source_run=role5-h6-full-0553-20100527-a1/release.html,HTML,56275,dea46094e882385080c466faf10fedc6fd9e7ee325261a7d9205a37936200374,200,SUCCESS,2026-07-13T08:47:49.295531Z,full_sequence=H6_M2_2000_20260628_V1/release_date=2010-05-27/source_run=role5-h6-full-0553-20100527-a1/safe_headers.txt,ff22630cd6894645524ba9793e9246c6c2fd4b906dbbe9b8ba0c914999c6140f,H6_TABLE1_MONTHLY_SA_M2_FULL_V1,true,FULL_NETWORK_ATTEMPT
role5-h6-full-0554-20100603-a1-body,role5-h6-full-0554-20100603-a1,20100603,https://www.federalreserve.gov/releases/h6/20100603/,full_sequence=H6_M2_2000_20260628_V1/release_date=2010-06-03/source_run=role5-h6-full-0554-20100603-a1/release.html,HTML,56811,8e27ff640f7371ff9203b372037a632ec274b3943064813b612c8a300e6a9070,200,SUCCESS,2026-07-13T08:47:50.295017Z,full_sequence=H6_M2_2000_20260628_V1/release_date=2010-06-03/source_run=role5-h6-full-0554-20100603-a1/safe_headers.txt,732fffa2b251f0b672f91bb47400ff3ad8a73b013b141905e53ef04caeaf90d0,H6_TABLE1_MONTHLY_SA_M2_FULL_V1,true,FULL_NETWORK_ATTEMPT
role5-h6-full-0555-20100610-a1-body,role5-h6-full-0555-20100610-a1,20100610,https://www.federalreserve.gov/releases/h6/20100610/,full_sequence=H6_M2_2000_20260628_V1/release_date=2010-06-10/source_run=role5-h6-full-0555-20100610-a1/release.html,HTML,56814,cd5f7ea42e1de5b28b9d8d8ad94f319d78c616445cb901c953754865e9c3d68f,200,SUCCESS,2026-07-13T08:47:51.329928Z,full_sequence=H6_M2_2000_20260628_V1/release_date=2010-06-10/source_run=role5-h6-full-0555-20100610-a1/safe_headers.txt,c7ec08b572fb833b06be1df21323b565a3f5467f0f60a6ba74b1a8b1f2d72b90,H6_TABLE1_MONTHLY_SA_M2_FULL_V1,true,FULL_NETWORK_ATTEMPT
role5-h6-full-0556-20100617-a1-body,role5-h6-full-0556-20100617-a1,20100617,https://www.federalreserve.gov/releases/h6/20100617/,full_sequence=H6_M2_2000_20260628_V1/release_date=2010-06-17/source_run=role5-h6-full-0556-20100617-a1/release.html,HTML,56814,7b7064dc82fa323bc7e8dcc1048ec5b61ab0db93b39f0c5137b386ae1444ce49,200,SUCCESS,2026-07-13T08:47:55.325132Z,full_sequence=H6_M2_2000_20260628_V1/release_date=2010-06-17/source_run=role5-h6-full-0556-20100617-a1/safe_headers.txt,a0581fc4c111d33585769bb44a59985d2adca5eed784fac23131aee3505d1124,H6_TABLE1_MONTHLY_SA_M2_FULL_V1,true,FULL_NETWORK_ATTEMPT
role5-h6-full-0557-20100624-a1-body,role5-h6-full-0557-20100624-a1,20100624,https://www.federalreserve.gov/releases/h6/20100624/,full_sequence=H6_M2_2000_20260628_V1/release_date=2010-06-24/source_run=role5-h6-full-0557-20100624-a1/release.html,HTML,56814,3b11733dbfeae8fbc0601a2934962e9eca25fc31d07421eb13162c82140c3843,200,SUCCESS,2026-07-13T08:47:55.678445Z,full_sequence=H6_M2_2000_20260628_V1/release_date=2010-06-24/source_run=role5-h6-full-0557-20100624-a1/safe_headers.txt,32a2639ee4797dd453f9875bf646e37eccd2a5a3dfd8f56d1b53916d420d7175,H6_TABLE1_MONTHLY_SA_M2_FULL_V1,true,FULL_NETWORK_ATTEMPT
role5-h6-full-0558-20100701-a1-body,role5-h6-full-0558-20100701-a1,20100701,https://www.federalreserve.gov/releases/h6/20100701/,full_sequence=H6_M2_2000_20260628_V1/release_date=2010-07-01/source_run=role5-h6-full-0558-20100701-a1/release.html,HTML,56811,f1f0cd3002059c24562bd68e8dea4cd13cfe01eea5e84d5f4f8b294f3cc13125,200,SUCCESS,2026-07-13T08:47:56.731948Z,full_sequence=H6_M2_2000_20260628_V1/release_date=2010-07-01/source_run=role5-h6-full-0558-20100701-a1/safe_headers.txt,bf2003c513ddce21bf9f451de3b26f6c93562e7f604ed729361170fc55c7e7e3,H6_TABLE1_MONTHLY_SA_M2_FULL_V1,true,FULL_NETWORK_ATTEMPT
role5-h6-full-0559-20100708-a1-body,role5-h6-full-0559-20100708-a1,20100708,https://www.federalreserve.gov/releases/h6/20100708/,full_sequence=H6_M2_2000_20260628_V1/release_date=2010-07-08/source_run=role5-h6-full-0559-20100708-a1/release.html,HTML,56811,21338f37b3ee64f8bb47c3a896b25e826d8074cd1a4a29340d1294137335f96e,200,SUCCESS,2026-07-13T08:47:57.705863Z,full_sequence=H6_M2_2000_20260628_V1/release_date=2010-07-08/source_run=role5-h6-full-0559-20100708-a1/safe_headers.txt,87319d3b96c9510f98e64f3c89fc85f80f1be015926fda8a47d09ba24e6e93f1,H6_TABLE1_MONTHLY_SA_M2_FULL_V1,true,FULL_NETWORK_ATTEMPT
role5-h6-full-0560-20100715-a1-body,role5-h6-full-0560-20100715-a1,20100715,https://www.federalreserve.gov/releases/h6/20100715/,full_sequence=H6_M2_2000_20260628_V1/release_date=2010-07-15/source_run=role5-h6-full-0560-20100715-a1/release.html,HTML,56814,5c3495912eb6370ae4f35ee744321b2c1364402174ce76fc24908e260e6d91ef,200,SUCCESS,2026-07-13T08:47:58.723871Z,full_sequence=H6_M2_2000_20260628_V1/release_date=2010-07-15/source_run=role5-h6-full-0560-20100715-a1/safe_headers.txt,48e95228d5884bfa2e3649007b0a7126c3b75f0fe495b3441c68ed950e067b22,H6_TABLE1_MONTHLY_SA_M2_FULL_V1,true,FULL_NETWORK_ATTEMPT
role5-h6-full-0561-20100722-a1-body,role5-h6-full-0561-20100722-a1,20100722,https://www.federalreserve.gov/releases/h6/20100722/,full_sequence=H6_M2_2000_20260628_V1/release_date=2010-07-22/source_run=role5-h6-full-0561-20100722-a1/release.html,HTML,56814,e9b6005995e0045329dd9149a96d373b750dcb870ccd2fc13895a49849d9fb56,200,SUCCESS,2026-07-13T08:47:59.713089Z,full_sequence=H6_M2_2000_20260628_V1/release_date=2010-07-22/source_run=role5-h6-full-0561-20100722-a1/safe_headers.txt,caa2b4d1838770c676cf5a69d86dc4a1b9b262016b8fcae15dc55a1a57a91355,H6_TABLE1_MONTHLY_SA_M2_FULL_V1,true,FULL_NETWORK_ATTEMPT
role5-h6-full-0562-20100729-a1-body,role5-h6-full-0562-20100729-a1,20100729,https://www.federalreserve.gov/releases/h6/20100729/,full_sequence=H6_M2_2000_20260628_V1/release_date=2010-07-29/source_run=role5-h6-full-0562-20100729-a1/release.html,HTML,56814,e3df0f7629845332eb6c42b249337056d9c82400645c48a25e28c28b16175e48,200,SUCCESS,2026-07-13T08:48:00.715713Z,full_sequence=H6_M2_2000_20260628_V1/release_date=2010-07-29/source_run=role5-h6-full-0562-20100729-a1/safe_headers.txt,1fd8b4ec3d0f860abe3b013e7fdbd3278c3e5bc25b0ba2151086f0256d8aa73a,H6_TABLE1_MONTHLY_SA_M2_FULL_V1,true,FULL_NETWORK_ATTEMPT
role5-h6-full-0563-20100805-a1-body,role5-h6-full-0563-20100805-a1,20100805,https://www.federalreserve.gov/releases/h6/20100805/,full_sequence=H6_M2_2000_20260628_V1/release_date=2010-08-05/source_run=role5-h6-full-0563-20100805-a1/release.html,HTML,56826,b25aaa4f063d1cbc4481d8a34ff934dba016af70da25d0c448a15eb65129f341,200,SUCCESS,2026-07-13T08:48:01.721817Z,full_sequence=H6_M2_2000_20260628_V1/release_date=2010-08-05/source_run=role5-h6-full-0563-20100805-a1/safe_headers.txt,92aab4f38cbbcaa69007c2acdd67d00e7fc853524fea678f11ae1ba6088d938e,H6_TABLE1_MONTHLY_SA_M2_FULL_V1,true,FULL_NETWORK_ATTEMPT
role5-h6-full-0564-20100812-a1-body,role5-h6-full-0564-20100812-a1,20100812,https://www.federalreserve.gov/releases/h6/20100812/,full_sequence=H6_M2_2000_20260628_V1/release_date=2010-08-12/source_run=role5-h6-full-0564-20100812-a1/release.html,HTML,56820,d185da815ef43d865b86b28c0f117700ae5792300d200b34061b0bcee14fd757,200,SUCCESS,2026-07-13T08:48:02.765339Z,full_sequence=H6_M2_2000_20260628_V1/release_date=2010-08-12/source_run=role5-h6-full-0564-20100812-a1/safe_headers.txt,cdbf52de092500bb38697e8fa3a3550c9be665ac5bf5ed5459c6e4245309c795,H6_TABLE1_MONTHLY_SA_M2_FULL_V1,true,FULL_NETWORK_ATTEMPT
role5-h6-full-0565-20100819-a1-body,role5-h6-full-0565-20100819-a1,20100819,https://www.federalreserve.gov/releases/h6/20100819/,full_sequence=H6_M2_2000_20260628_V1/release_date=2010-08-19/source_run=role5-h6-full-0565-20100819-a1/release.html,HTML,56820,b21afff3b88c71fef81b0b4137a063fa450799adac1265dac73dfbebe6718eee,200,SUCCESS,2026-07-13T08:48:03.786031Z,full_sequence=H6_M2_2000_20260628_V1/release_date=2010-08-19/source_run=role5-h6-full-0565-20100819-a1/safe_headers.txt,b38a5105e960ffb0386d3efa30f9b42093fbdd12a275c900f7c4dc1f7475a808,H6_TABLE1_MONTHLY_SA_M2_FULL_V1,true,FULL_NETWORK_ATTEMPT
role5-h6-full-0566-20100826-a1-body,role5-h6-full-0566-20100826-a1,20100826,https://www.federalreserve.gov/releases/h6/20100826/,full_sequence=H6_M2_2000_20260628_V1/release_date=2010-08-26/source_run=role5-h6-full-0566-20100826-a1/release.html,HTML,56820,bd76907059f9361ad38e4ae7870d544954ddeaca591479ec49dac342d4a3dba5,200,SUCCESS,2026-07-13T08:48:04.762494Z,full_sequence=H6_M2_2000_20260628_V1/release_date=2010-08-26/source_run=role5-h6-full-0566-20100826-a1/safe_headers.txt,3261b21706ad6e1fb1742bdaf38ce856b7fcc750876c5da4b9c910ba5db0e5ec,H6_TABLE1_MONTHLY_SA_M2_FULL_V1,true,FULL_NETWORK_ATTEMPT
role5-h6-full-0567-20100902-a1-body,role5-h6-full-0567-20100902-a1,20100902,https://www.federalreserve.gov/releases/h6/20100902/,full_sequence=H6_M2_2000_20260628_V1/release_date=2010-09-02/source_run=role5-h6-full-0567-20100902-a1/release.html,HTML,56826,6925504a06864a03efbc162ad7ec9ef439d53493bcfa2aad2c8bd3a8deb6357e,200,SUCCESS,2026-07-13T08:48:05.764699Z,full_sequence=H6_M2_2000_20260628_V1/release_date=2010-09-02/source_run=role5-h6-full-0567-20100902-a1/safe_headers.txt,65f0df7a5aa0cf674ff4531a162efd258d5e075c8c6b7a52fb9653c73ce00420,H6_TABLE1_MONTHLY_SA_M2_FULL_V1,true,FULL_NETWORK_ATTEMPT
role5-h6-full-0568-20100909-a1-body,role5-h6-full-0568-20100909-a1,20100909,https://www.federalreserve.gov/releases/h6/20100909/,full_sequence=H6_M2_2000_20260628_V1/release_date=2010-09-09/source_run=role5-h6-full-0568-20100909-a1/release.html,HTML,56826,569792f661e2b3fb5f25bd388382c97f0e1b22b929dd24b8b03a08ee61b7e7ad,200,SUCCESS,2026-07-13T08:48:06.749816Z,full_sequence=H6_M2_2000_20260628_V1/release_date=2010-09-09/source_run=role5-h6-full-0568-20100909-a1/safe_headers.txt,72e53fa8c3f8f50888a51c3bb798c82108181f442bbd667d3dffef160a890e29,H6_TABLE1_MONTHLY_SA_M2_FULL_V1,true,FULL_NETWORK_ATTEMPT
role5-h6-full-0569-20100916-a1-body,role5-h6-full-0569-20100916-a1,20100916,https://www.federalreserve.gov/releases/h6/20100916/,full_sequence=H6_M2_2000_20260628_V1/release_date=2010-09-16/source_run=role5-h6-full-0569-20100916-a1/release.html,HTML,56829,3bca25f76878b904c6b65ba55fe07b35e34aa521b4f47e9e3bcfaff2387a50b6,200,SUCCESS,2026-07-13T08:48:07.906268Z,full_sequence=H6_M2_2000_20260628_V1/release_date=2010-09-16/source_run=role5-h6-full-0569-20100916-a1/safe_headers.txt,2e30e00e674dcd143137eb018b69a5eb2f84b87abf978d28a2f799fc101218a8,H6_TABLE1_MONTHLY_SA_M2_FULL_V1,true,FULL_NETWORK_ATTEMPT
role5-h6-full-0570-20100923-a1-body,role5-h6-full-0570-20100923-a1,20100923,https://www.federalreserve.gov/releases/h6/20100923/,full_sequence=H6_M2_2000_20260628_V1/release_date=2010-09-23/source_run=role5-h6-full-0570-20100923-a1/release.html,HTML,56293,cab402c7c1ccb9026fb186e415e817b22d3a8a893eb026d8d9277fda17496394,200,SUCCESS,2026-07-13T08:48:08.851041Z,full_sequence=H6_M2_2000_20260628_V1/release_date=2010-09-23/source_run=role5-h6-full-0570-20100923-a1/safe_headers.txt,655feddd336ac295aae42b31bc82d10c275d9a8faaeeb8a54dda34ce674a15a0,H6_TABLE1_MONTHLY_SA_M2_FULL_V1,true,FULL_NETWORK_ATTEMPT
role5-h6-full-0571-20100930-a1-body,role5-h6-full-0571-20100930-a1,20100930,https://www.federalreserve.gov/releases/h6/20100930/,full_sequence=H6_M2_2000_20260628_V1/release_date=2010-09-30/source_run=role5-h6-full-0571-20100930-a1/release.html,HTML,56829,aad2c4849644a9d6898584b678c4e273f9a038596b248e409fb149bf87f41086,200,SUCCESS,2026-07-13T08:48:09.783435Z,full_sequence=H6_M2_2000_20260628_V1/release_date=2010-09-30/source_run=role5-h6-full-0571-20100930-a1/safe_headers.txt,d95a8f0347c3217d6be2cfda514834741c2c3ab903bc3620cf52285f9c15743f,H6_TABLE1_MONTHLY_SA_M2_FULL_V1,true,FULL_NETWORK_ATTEMPT
role5-h6-full-0572-20101007-a1-body,role5-h6-full-0572-20101007-a1,20101007,https://www.federalreserve.gov/releases/h6/20101007/,full_sequence=H6_M2_2000_20260628_V1/release_date=2010-10-07/source_run=role5-h6-full-0572-20101007-a1/release.html,HTML,56707,1f4b9fdf6260113cba685b0605f12fb5353023b1719fd4a308d9df15fac17d18,200,SUCCESS,2026-07-13T08:48:10.787373Z,full_sequence=H6_M2_2000_20260628_V1/release_date=2010-10-07/source_run=role5-h6-full-0572-20101007-a1/safe_headers.txt,d5e034a13deba45cf89182a806581209e29421f5a0ef489ac55a2e119248b4c7,H6_TABLE1_MONTHLY_SA_M2_FULL_V1,true,FULL_NETWORK_ATTEMPT
role5-h6-full-0573-20101014-a1-body,role5-h6-full-0573-20101014-a1,20101014,https://www.federalreserve.gov/releases/h6/20101014/,full_sequence=H6_M2_2000_20260628_V1/release_date=2010-10-14/source_run=role5-h6-full-0573-20101014-a1/release.html,HTML,56710,5dc7d2da8a7b34f0a8fb763d507e98bc38bee72685344f290a2ab81d4902e806,200,SUCCESS,2026-07-13T08:48:11.800149Z,full_sequence=H6_M2_2000_20260628_V1/release_date=2010-10-14/source_run=role5-h6-full-0573-20101014-a1/safe_headers.txt,95bbc9261c59f379bc979429ec7787823c64d899983d4ea63e65bd6a20ecc9b9,H6_TABLE1_MONTHLY_SA_M2_FULL_V1,true,FULL_NETWORK_ATTEMPT
role5-h6-full-0574-20101021-a1-body,role5-h6-full-0574-20101021-a1,20101021,https://www.federalreserve.gov/releases/h6/20101021/,full_sequence=H6_M2_2000_20260628_V1/release_date=2010-10-21/source_run=role5-h6-full-0574-20101021-a1/release.html,HTML,56710,37dbb5934d5d4a59b9954672e1d3659b71e0ed49aadfbf879036e12f50fac753,200,SUCCESS,2026-07-13T08:48:12.822514Z,full_sequence=H6_M2_2000_20260628_V1/release_date=2010-10-21/source_run=role5-h6-full-0574-20101021-a1/safe_headers.txt,f86577c375458dc2194a99318a6836e18585518ddade27e9225a07f4d48ae2bf,H6_TABLE1_MONTHLY_SA_M2_FULL_V1,true,FULL_NETWORK_ATTEMPT
role5-h6-full-0575-20101028-a1-body,role5-h6-full-0575-20101028-a1,20101028,https://www.federalreserve.gov/releases/h6/20101028/,full_sequence=H6_M2_2000_20260628_V1/release_date=2010-10-28/source_run=role5-h6-full-0575-20101028-a1/release.html,HTML,56710,0ad2b9c32282ea05cabd9653c060d6b1f807bcc6431a4ef91e2b110b9078ff9d,200,SUCCESS,2026-07-13T08:48:13.807796Z,full_sequence=H6_M2_2000_20260628_V1/release_date=2010-10-28/source_run=role5-h6-full-0575-20101028-a1/safe_headers.txt,5280af1085b4dfdad2519784eadf123a57976a5069eaa0bc74af4eed0df14f1b,H6_TABLE1_MONTHLY_SA_M2_FULL_V1,true,FULL_NETWORK_ATTEMPT
role5-h6-full-0576-20101104-a1-body,role5-h6-full-0576-20101104-a1,20101104,https://www.federalreserve.gov/releases/h6/20101104/,full_sequence=H6_M2_2000_20260628_V1/release_date=2010-11-04/source_run=role5-h6-full-0576-20101104-a1/release.html,HTML,56176,3a8c307274aed42e909748b85ff7916e47a9febeb0aff894e5022e37fb643cc0,200,SUCCESS,2026-07-13T08:48:14.850182Z,full_sequence=H6_M2_2000_20260628_V1/release_date=2010-11-04/source_run=role5-h6-full-0576-20101104-a1/safe_headers.txt,c0cd152094171c5969bd6426edc5fd1923c7066f37bd84d5a1c488b1e21e6935,H6_TABLE1_MONTHLY_SA_M2_FULL_V1,true,FULL_NETWORK_ATTEMPT
role5-h6-full-0577-20101112-a1-body,role5-h6-full-0577-20101112-a1,20101112,https://www.federalreserve.gov/releases/h6/20101112/,full_sequence=H6_M2_2000_20260628_V1/release_date=2010-11-12/source_run=role5-h6-full-0577-20101112-a1/release.html,HTML,56713,cdde94f3ca4a1aa67d13b1bcba57a6e0dab5bef47329ac316687d9a77dff4af7,200,SUCCESS,2026-07-13T08:48:15.849845Z,full_sequence=H6_M2_2000_20260628_V1/release_date=2010-11-12/source_run=role5-h6-full-0577-20101112-a1/safe_headers.txt,9a384ec3db13841745b77c733f611b3f4cee32a1cf5dee2d0db5a916868bfbe5,H6_TABLE1_MONTHLY_SA_M2_FULL_V1,true,FULL_NETWORK_ATTEMPT
role5-h6-full-0578-20101118-a1-body,role5-h6-full-0578-20101118-a1,20101118,https://www.federalreserve.gov/releases/h6/20101118/,full_sequence=H6_M2_2000_20260628_V1/release_date=2010-11-18/source_run=role5-h6-full-0578-20101118-a1/release.html,HTML,56713,2d6f8e09071ed47767c9017e1f861d226297ab555e0cc7239c491282abd93313,200,SUCCESS,2026-07-13T08:48:16.916848Z,full_sequence=H6_M2_2000_20260628_V1/release_date=2010-11-18/source_run=role5-h6-full-0578-20101118-a1/safe_headers.txt,c70d6c8f8d35d1b5bfb3ece237814a3f885d1e6122fb8f0dcaf6eaa2454523f3,H6_TABLE1_MONTHLY_SA_M2_FULL_V1,true,FULL_NETWORK_ATTEMPT
role5-h6-full-0579-20101126-a1-body,role5-h6-full-0579-20101126-a1,20101126,https://www.federalreserve.gov/releases/h6/20101126/,full_sequence=H6_M2_2000_20260628_V1/release_date=2010-11-26/source_run=role5-h6-full-0579-20101126-a1/release.html,HTML,56713,a23b3bd0880178f0c3863bc56301b99570c276347997c8f95d517246ff7e4348,200,SUCCESS,2026-07-13T08:48:18.861624Z,full_sequence=H6_M2_2000_20260628_V1/release_date=2010-11-26/source_run=role5-h6-full-0579-20101126-a1/safe_headers.txt,ea8889f979306c823fdaa7eb5da45d850a6a1681d12c5953f0e05d16a04af621,H6_TABLE1_MONTHLY_SA_M2_FULL_V1,true,FULL_NETWORK_ATTEMPT
role5-h6-full-0580-20101202-a1-body,role5-h6-full-0580-20101202-a1,20101202,https://www.federalreserve.gov/releases/h6/20101202/,full_sequence=H6_M2_2000_20260628_V1/release_date=2010-12-02/source_run=role5-h6-full-0580-20101202-a1/release.html,HTML,56710,83ef99afb28237257dfc7ce26a59b613c245e4827a571154a3af709f4c1e161a,200,SUCCESS,2026-07-13T08:48:19.212287Z,full_sequence=H6_M2_2000_20260628_V1/release_date=2010-12-02/source_run=role5-h6-full-0580-20101202-a1/safe_headers.txt,dcdf0c11a00fc1f609d7648b93dc3e52ea80acdf4a72a5772ba87beb0b1ef84f,H6_TABLE1_MONTHLY_SA_M2_FULL_V1,true,FULL_NETWORK_ATTEMPT
role5-h6-full-0581-20101209-a1-body,role5-h6-full-0581-20101209-a1,20101209,https://www.federalreserve.gov/releases/h6/20101209/,full_sequence=H6_M2_2000_20260628_V1/release_date=2010-12-09/source_run=role5-h6-full-0581-20101209-a1/release.html,HTML,56710,efa86754438986434b649b9efde49f494072ddbc2a50e98239caa07762615774,200,SUCCESS,2026-07-13T08:48:20.228116Z,full_sequence=H6_M2_2000_20260628_V1/release_date=2010-12-09/source_run=role5-h6-full-0581-20101209-a1/safe_headers.txt,fd82bae030115e834ce9787442dbbcc9eabc37e04ff48f82cd83078e038dacd4,H6_TABLE1_MONTHLY_SA_M2_FULL_V1,true,FULL_NETWORK_ATTEMPT
role5-h6-full-0582-20101216-a1-body,role5-h6-full-0582-20101216-a1,20101216,https://www.federalreserve.gov/releases/h6/20101216/,full_sequence=H6_M2_2000_20260628_V1/release_date=2010-12-16/source_run=role5-h6-full-0582-20101216-a1/release.html,HTML,56713,d2a43a2c8d31193fbdf59d5fd9f35bde684f984c99f7c5b8676821d51e588882,200,SUCCESS,2026-07-13T08:48:21.223378Z,full_sequence=H6_M2_2000_20260628_V1/release_date=2010-12-16/source_run=role5-h6-full-0582-20101216-a1/safe_headers.txt,4953f63c7928703873b9a518d99b45bf3a67b5e92642dc725e7f1de14d1e2f6e,H6_TABLE1_MONTHLY_SA_M2_FULL_V1,true,FULL_NETWORK_ATTEMPT
role5-h6-full-0583-20101223-a1-body,role5-h6-full-0583-20101223-a1,20101223,https://www.federalreserve.gov/releases/h6/20101223/,full_sequence=H6_M2_2000_20260628_V1/release_date=2010-12-23/source_run=role5-h6-full-0583-20101223-a1/release.html,HTML,56713,5ce85120c0e549e2f62d673cafa97a458f2f798ba91b2e3d718339b2f88978ca,200,SUCCESS,2026-07-13T08:48:22.268697Z,full_sequence=H6_M2_2000_20260628_V1/release_date=2010-12-23/source_run=role5-h6-full-0583-20101223-a1/safe_headers.txt,b35fd03beb5d1cb16dcc1bae9b14e2a1a1c7b0b56e765b4f77ac3174b3cf5854,H6_TABLE1_MONTHLY_SA_M2_FULL_V1,true,FULL_NETWORK_ATTEMPT
role5-h6-full-0584-20101230-a1-body,role5-h6-full-0584-20101230-a1,20101230,https://www.federalreserve.gov/releases/h6/20101230/,full_sequence=H6_M2_2000_20260628_V1/release_date=2010-12-30/source_run=role5-h6-full-0584-20101230-a1/release.html,HTML,56713,e1cf504c33340f746387a5fecd6b59c4ef8764415dd5a9f89f350ba2f913ec56,200,SUCCESS,2026-07-13T08:48:23.266345Z,full_sequence=H6_M2_2000_20260628_V1/release_date=2010-12-30/source_run=role5-h6-full-0584-20101230-a1/safe_headers.txt,d60d8fc0518d66cc6b9d524d466c9f0a4151f6c3bced1db998d0398359b9c49e,H6_TABLE1_MONTHLY_SA_M2_FULL_V1,true,FULL_NETWORK_ATTEMPT
role5-h6-full-0585-20110106-a1-body,role5-h6-full-0585-20110106-a1,20110106,https://www.federalreserve.gov/releases/h6/20110106/,full_sequence=H6_M2_2000_20260628_V1/release_date=2011-01-06/source_run=role5-h6-full-0585-20110106-a1/release.html,HTML,56733,cc6234e6a7dcd160b4993d1370099b86ba5c021e31c5d3aebd7db1ba1d038f40,200,SUCCESS,2026-07-13T08:48:24.306317Z,full_sequence=H6_M2_2000_20260628_V1/release_date=2011-01-06/source_run=role5-h6-full-0585-20110106-a1/safe_headers.txt,8ca21c567fc022af47356818d2a15385c6723a2682976ccc558982bd615b34ef,H6_TABLE1_MONTHLY_SA_M2_FULL_V1,true,FULL_NETWORK_ATTEMPT
role5-h6-full-0586-20110113-a1-body,role5-h6-full-0586-20110113-a1,20110113,https://www.federalreserve.gov/releases/h6/20110113/,full_sequence=H6_M2_2000_20260628_V1/release_date=2011-01-13/source_run=role5-h6-full-0586-20110113-a1/release.html,HTML,56710,5605d60fb8409bbcda37a29df2043221507e91d69fbbe903aa57266262df48d9,200,SUCCESS,2026-07-13T08:48:25.270493Z,full_sequence=H6_M2_2000_20260628_V1/release_date=2011-01-13/source_run=role5-h6-full-0586-20110113-a1/safe_headers.txt,b095a9f7ed116416e848afcb2743272a8f0041fc29582068ebc2a1ae16762bfe,H6_TABLE1_MONTHLY_SA_M2_FULL_V1,true,FULL_NETWORK_ATTEMPT
role5-h6-full-0587-20110120-a1-body,role5-h6-full-0587-20110120-a1,20110120,https://www.federalreserve.gov/releases/h6/20110120/,full_sequence=H6_M2_2000_20260628_V1/release_date=2011-01-20/source_run=role5-h6-full-0587-20110120-a1/release.html,HTML,88762,72d027d50a0f021016a60315c7388eb3209e4f138575b79e84e0182048f1fd48,200,SUCCESS,2026-07-13T08:48:26.295503Z,full_sequence=H6_M2_2000_20260628_V1/release_date=2011-01-20/source_run=role5-h6-full-0587-20110120-a1/safe_headers.txt,daaad63e190395e81760d7cbd42e029e89127a7fc7365d67ad61e0246ab1ed57,H6_TABLE1_MONTHLY_SA_M2_FULL_V1,true,FULL_NETWORK_ATTEMPT
role5-h6-full-0588-20110127-a1-body,role5-h6-full-0588-20110127-a1,20110127,https://www.federalreserve.gov/releases/h6/20110127/,full_sequence=H6_M2_2000_20260628_V1/release_date=2011-01-27/source_run=role5-h6-full-0588-20110127-a1/release.html,HTML,56710,c33b7b33dd569e27ed352daa20a1970065b45a3225a2cba5f2469557f4b4713d,200,SUCCESS,2026-07-13T08:48:27.328272Z,full_sequence=H6_M2_2000_20260628_V1/release_date=2011-01-27/source_run=role5-h6-full-0588-20110127-a1/safe_headers.txt,be41c39be7f66453969e9ff5a5891cc950ec62e4508ac165f13d71047d2e1f0a,H6_TABLE1_MONTHLY_SA_M2_FULL_V1,true,FULL_NETWORK_ATTEMPT
role5-h6-full-0589-20110203-a1-body,role5-h6-full-0589-20110203-a1,20110203,https://www.federalreserve.gov/releases/h6/20110203/,full_sequence=H6_M2_2000_20260628_V1/release_date=2011-02-03/source_run=role5-h6-full-0589-20110203-a1/release.html,HTML,56710,9d67ace8fd0f5fca94e02150046d2bd384561cb6c6226f9ac45d6bdc4907c7ef,200,SUCCESS,2026-07-13T08:48:28.291850Z,full_sequence=H6_M2_2000_20260628_V1/release_date=2011-02-03/source_run=role5-h6-full-0589-20110203-a1/safe_headers.txt,486d8d469a2b7b3603d5fa6956814284f3b26f13c6b1b2a6c66e21e8f1fd8b8a,H6_TABLE1_MONTHLY_SA_M2_FULL_V1,true,FULL_NETWORK_ATTEMPT
role5-h6-full-0590-20110210-a1-body,role5-h6-full-0590-20110210-a1,20110210,https://www.federalreserve.gov/releases/h6/20110210/,full_sequence=H6_M2_2000_20260628_V1/release_date=2011-02-10/source_run=role5-h6-full-0590-20110210-a1/release.html,HTML,56713,f97a7f2148b0517e9ac74a840d77b08fa1542883d43055febff2c6dc8c587a12,200,SUCCESS,2026-07-13T08:48:29.314383Z,full_sequence=H6_M2_2000_20260628_V1/release_date=2011-02-10/source_run=role5-h6-full-0590-20110210-a1/safe_headers.txt,ef4857ae85a16ecd338a5f6aefa42145968c720e6a40a52a503667e809775db1,H6_TABLE1_MONTHLY_SA_M2_FULL_V1,true,FULL_NETWORK_ATTEMPT
role5-h6-full-0591-20110217-a1-body,role5-h6-full-0591-20110217-a1,20110217,https://www.federalreserve.gov/releases/h6/20110217/,full_sequence=H6_M2_2000_20260628_V1/release_date=2011-02-17/source_run=role5-h6-full-0591-20110217-a1/release.html,HTML,56713,05281ac93f2f31b848ad1270b7d22b0b9e7f4ab9162c7b901af0186f9c045518,200,SUCCESS,2026-07-13T08:48:30.541807Z,full_sequence=H6_M2_2000_20260628_V1/release_date=2011-02-17/source_run=role5-h6-full-0591-20110217-a1/safe_headers.txt,971a23f7b25f74043c4de532fee2e150c56a8434f2ef62ce57ce7ebbaea8ea93,H6_TABLE1_MONTHLY_SA_M2_FULL_V1,true,FULL_NETWORK_ATTEMPT
role5-h6-full-0592-20110224-a1-body,role5-h6-full-0592-20110224-a1,20110224,https://www.federalreserve.gov/releases/h6/20110224/,full_sequence=H6_M2_2000_20260628_V1/release_date=2011-02-24/source_run=role5-h6-full-0592-20110224-a1/release.html,HTML,56713,944fadc1c47be3bace702cf09ed31e28ff163c80c16937e826abbff421908b8e,200,SUCCESS,2026-07-13T08:48:31.358248Z,full_sequence=H6_M2_2000_20260628_V1/release_date=2011-02-24/source_run=role5-h6-full-0592-20110224-a1/safe_headers.txt,d2170622f64f79bdcaa13cf758a37f4f4e817c128db37b2054451d8f770bb30e,H6_TABLE1_MONTHLY_SA_M2_FULL_V1,true,FULL_NETWORK_ATTEMPT
role5-h6-full-0593-20110303-a1-body,role5-h6-full-0593-20110303-a1,20110303,https://www.federalreserve.gov/releases/h6/20110303/,full_sequence=H6_M2_2000_20260628_V1/release_date=2011-03-03/source_run=role5-h6-full-0593-20110303-a1/release.html,HTML,56701,2f54b5dd9da7335ee7789c8166c5b608afa10220498ec569dfb31c55cdb680bb,200,SUCCESS,2026-07-13T08:48:32.382393Z,full_sequence=H6_M2_2000_20260628_V1/release_date=2011-03-03/source_run=role5-h6-full-0593-20110303-a1/safe_headers.txt,725134afa29a35ecf34a832cef1364767a6a92e092d5e9087c0048430b3e5e05,H6_TABLE1_MONTHLY_SA_M2_FULL_V1,true,FULL_NETWORK_ATTEMPT
role5-h6-full-0594-20110310-a1-body,role5-h6-full-0594-20110310-a1,20110310,https://www.federalreserve.gov/releases/h6/20110310/,full_sequence=H6_M2_2000_20260628_V1/release_date=2011-03-10/source_run=role5-h6-full-0594-20110310-a1/release.html,HTML,56704,964c745ba58c39856580147d4654a881fc91dcfac898a39e9c07d1d12f598a9f,200,SUCCESS,2026-07-13T08:48:35.452138Z,full_sequence=H6_M2_2000_20260628_V1/release_date=2011-03-10/source_run=role5-h6-full-0594-20110310-a1/safe_headers.txt,bbd313ed7a30d8aa30796b9dd92e7e9dbcf1c19944188c0d4d516a164ce1313f,H6_TABLE1_MONTHLY_SA_M2_FULL_V1,true,FULL_NETWORK_ATTEMPT
role5-h6-full-0595-20110317-a1-body,role5-h6-full-0595-20110317-a1,20110317,https://www.federalreserve.gov/releases/h6/20110317/,full_sequence=H6_M2_2000_20260628_V1/release_date=2011-03-17/source_run=role5-h6-full-0595-20110317-a1/release.html,HTML,56704,61bb1dd137159f8d0029d27422264bfa6704c59ac3e334c2cac514fa743e8445,200,SUCCESS,2026-07-13T08:48:35.791037Z,full_sequence=H6_M2_2000_20260628_V1/release_date=2011-03-17/source_run=role5-h6-full-0595-20110317-a1/safe_headers.txt,b6d93feec16055e130cf87b069ea51f017cf91230ffed7d53d7b60a2644407ce,H6_TABLE1_MONTHLY_SA_M2_FULL_V1,true,FULL_NETWORK_ATTEMPT
role5-h6-full-0596-20110324-a1-body,role5-h6-full-0596-20110324-a1,20110324,https://www.federalreserve.gov/releases/h6/20110324/,full_sequence=H6_M2_2000_20260628_V1/release_date=2011-03-24/source_run=role5-h6-full-0596-20110324-a1/release.html,HTML,56704,555176b84cd24b79f7414a54243cb9bd730a815c2071fa208402c5f71167f066,200,SUCCESS,2026-07-13T08:48:36.822812Z,full_sequence=H6_M2_2000_20260628_V1/release_date=2011-03-24/source_run=role5-h6-full-0596-20110324-a1/safe_headers.txt,ff706bfccb284f50ae683b27599f7de4a04c32d8de80b50eb8038af92a3b02c5,H6_TABLE1_MONTHLY_SA_M2_FULL_V1,true,FULL_NETWORK_ATTEMPT
role5-h6-full-0597-20110331-a1-body,role5-h6-full-0597-20110331-a1,20110331,https://www.federalreserve.gov/releases/h6/20110331/,full_sequence=H6_M2_2000_20260628_V1/release_date=2011-03-31/source_run=role5-h6-full-0597-20110331-a1/release.html,HTML,56704,26c3ac3c663846b08ad1d6b9a6cd791c3fe772083587a8c4b6196e0453cf2c24,200,SUCCESS,2026-07-13T08:48:37.835521Z,full_sequence=H6_M2_2000_20260628_V1/release_date=2011-03-31/source_run=role5-h6-full-0597-20110331-a1/safe_headers.txt,b4e2495872becf9cc2f40be073a861fd99b5c7e357203e2e6a48dca6717ffc1b,H6_TABLE1_MONTHLY_SA_M2_FULL_V1,true,FULL_NETWORK_ATTEMPT
role5-h6-full-0598-20110407-a1-body,role5-h6-full-0598-20110407-a1,20110407,https://www.federalreserve.gov/releases/h6/20110407/,full_sequence=H6_M2_2000_20260628_V1/release_date=2011-04-07/source_run=role5-h6-full-0598-20110407-a1/release.html,HTML,56701,22cfb2765369b25cb93164b35a93632e153c91e56eb3b317e11f4850e428855c,200,SUCCESS,2026-07-13T08:48:38.860928Z,full_sequence=H6_M2_2000_20260628_V1/release_date=2011-04-07/source_run=role5-h6-full-0598-20110407-a1/safe_headers.txt,651c5e6638927e09986b9091b065a799f8c8181dc8658b77e9ac257db7dcd48a,H6_TABLE1_MONTHLY_SA_M2_FULL_V1,true,FULL_NETWORK_ATTEMPT
role5-h6-full-0599-20110414-a1-body,role5-h6-full-0599-20110414-a1,20110414,https://www.federalreserve.gov/releases/h6/20110414/,full_sequence=H6_M2_2000_20260628_V1/release_date=2011-04-14/source_run=role5-h6-full-0599-20110414-a1/release.html,HTML,56704,3527ad76755595c1420b294437115d6e0d2a7bc54ce3401780dd2530c9d00b34,200,SUCCESS,2026-07-13T08:48:39.870527Z,full_sequence=H6_M2_2000_20260628_V1/release_date=2011-04-14/source_run=role5-h6-full-0599-20110414-a1/safe_headers.txt,53817e0eb0b555ec468a299723713c9934c027d2cac19b0350ce07832f93d723,H6_TABLE1_MONTHLY_SA_M2_FULL_V1,true,FULL_NETWORK_ATTEMPT
role5-h6-full-0600-20110421-a1-body,role5-h6-full-0600-20110421-a1,20110421,https://www.federalreserve.gov/releases/h6/20110421/,full_sequence=H6_M2_2000_20260628_V1/release_date=2011-04-21/source_run=role5-h6-full-0600-20110421-a1/release.html,HTML,56704,e85197453498e301a5cc0f852f3b8891f6ec97b8f70c9dfdf0002e2a5b8e1a94,200,SUCCESS,2026-07-13T08:48:40.902754Z,full_sequence=H6_M2_2000_20260628_V1/release_date=2011-04-21/source_run=role5-h6-full-0600-20110421-a1/safe_headers.txt,7c3a98374c138b5807cb5d30631ae05e9c39cd57d3726c6a48dc79b7b080485e,H6_TABLE1_MONTHLY_SA_M2_FULL_V1,true,FULL_NETWORK_ATTEMPT
role5-h6-full-0601-20110428-a1-body,role5-h6-full-0601-20110428-a1,20110428,https://www.federalreserve.gov/releases/h6/20110428/,full_sequence=H6_M2_2000_20260628_V1/release_date=2011-04-28/source_run=role5-h6-full-0601-20110428-a1/release.html,HTML,56704,bd73d86e0ddc36c302c5a2788603f360163dd88eecb99e8abb5f2dd10a0eb9df,200,SUCCESS,2026-07-13T08:48:41.877910Z,full_sequence=H6_M2_2000_20260628_V1/release_date=2011-04-28/source_run=role5-h6-full-0601-20110428-a1/safe_headers.txt,5774dbd8f8fba9d9865e2e55b5f096ff3314a79e77151327636a5048159c525d,H6_TABLE1_MONTHLY_SA_M2_FULL_V1,true,FULL_NETWORK_ATTEMPT
role5-h6-full-0602-20110505-a1-body,role5-h6-full-0602-20110505-a1,20110505,https://www.federalreserve.gov/releases/h6/20110505/,full_sequence=H6_M2_2000_20260628_V1/release_date=2011-05-05/source_run=role5-h6-full-0602-20110505-a1/release.html,HTML,56695,89229a2134a0b3cd5c191f1f3d8264eede74efac08d9b81eda021bfd6f04327b,200,SUCCESS,2026-07-13T08:48:42.888370Z,full_sequence=H6_M2_2000_20260628_V1/release_date=2011-05-05/source_run=role5-h6-full-0602-20110505-a1/safe_headers.txt,807acf8f4888611dfe92d26f1bc74588efff38fe93253a0dd3b1d1482906610b,H6_TABLE1_MONTHLY_SA_M2_FULL_V1,true,FULL_NETWORK_ATTEMPT
role5-h6-full-0603-20110512-a1-body,role5-h6-full-0603-20110512-a1,20110512,https://www.federalreserve.gov/releases/h6/20110512/,full_sequence=H6_M2_2000_20260628_V1/release_date=2011-05-12/source_run=role5-h6-full-0603-20110512-a1/release.html,HTML,56698,f512d3296725cc4ad4a83b03057c6abbbec81c0e11f874816ffa32ba01e972c2,200,SUCCESS,2026-07-13T08:48:43.884444Z,full_sequence=H6_M2_2000_20260628_V1/release_date=2011-05-12/source_run=role5-h6-full-0603-20110512-a1/safe_headers.txt,28ce05087a3b019e6e8dd6becbd86aa6ecf54b7b3441bd56a879adad6f52975d,H6_TABLE1_MONTHLY_SA_M2_FULL_V1,true,FULL_NETWORK_ATTEMPT
role5-h6-full-0604-20110519-a1-body,role5-h6-full-0604-20110519-a1,20110519,https://www.federalreserve.gov/releases/h6/20110519/,full_sequence=H6_M2_2000_20260628_V1/release_date=2011-05-19/source_run=role5-h6-full-0604-20110519-a1/release.html,HTML,56698,862e323864ff5c9bfac245bae50e375d6292982d6ede081f19aed5623f0983d9,200,SUCCESS,2026-07-13T08:48:44.886200Z,full_sequence=H6_M2_2000_20260628_V1/release_date=2011-05-19/source_run=role5-h6-full-0604-20110519-a1/safe_headers.txt,91d6e20f5a1097b550038c3cf78560714939efd95db81d2deac8a4aa6fa5f893,H6_TABLE1_MONTHLY_SA_M2_FULL_V1,true,FULL_NETWORK_ATTEMPT
role5-h6-full-0605-20110526-a1-body,role5-h6-full-0605-20110526-a1,20110526,https://www.federalreserve.gov/releases/h6/20110526/,full_sequence=H6_M2_2000_20260628_V1/release_date=2011-05-26/source_run=role5-h6-full-0605-20110526-a1/release.html,HTML,56164,7ea44f30547268f2b551a57b0776222b5efce2a13a6359b6e423199067eb0880,200,SUCCESS,2026-07-13T08:48:45.911440Z,full_sequence=H6_M2_2000_20260628_V1/release_date=2011-05-26/source_run=role5-h6-full-0605-20110526-a1/safe_headers.txt,77cfa7b73b99abce22ad909c84ab253c314edff9ed77f30e185e7845ef4c7476,H6_TABLE1_MONTHLY_SA_M2_FULL_V1,true,FULL_NETWORK_ATTEMPT
role5-h6-full-0606-20110602-a1-body,role5-h6-full-0606-20110602-a1,20110602,https://www.federalreserve.gov/releases/h6/20110602/,full_sequence=H6_M2_2000_20260628_V1/release_date=2011-06-02/source_run=role5-h6-full-0606-20110602-a1/release.html,HTML,56698,ee15e22fe821164b897be09e9cdd53e2dc404a4ce2a4b6ee98ab4488941e7f35,200,SUCCESS,2026-07-13T08:48:46.885632Z,full_sequence=H6_M2_2000_20260628_V1/release_date=2011-06-02/source_run=role5-h6-full-0606-20110602-a1/safe_headers.txt,45f03e5da4753411545e40c4d71a71fcc394fb1a3e12dc05cc47eb13e64fc4e0,H6_TABLE1_MONTHLY_SA_M2_FULL_V1,true,FULL_NETWORK_ATTEMPT
role5-h6-full-0607-20110609-a1-body,role5-h6-full-0607-20110609-a1,20110609,https://www.federalreserve.gov/releases/h6/20110609/,full_sequence=H6_M2_2000_20260628_V1/release_date=2011-06-09/source_run=role5-h6-full-0607-20110609-a1/release.html,HTML,56698,8dd4c66af96d9a0e02f618b3c1cf9f1808ec8afc828bdd2d2a1f04b249813eb4,200,SUCCESS,2026-07-13T08:48:47.898099Z,full_sequence=H6_M2_2000_20260628_V1/release_date=2011-06-09/source_run=role5-h6-full-0607-20110609-a1/safe_headers.txt,96b8bc08f514718980b0dd4ea03ae2b599d33d47e4e8d76df9ec3a68ce7f3669,H6_TABLE1_MONTHLY_SA_M2_FULL_V1,true,FULL_NETWORK_ATTEMPT
role5-h6-full-0608-20110616-a1-body,role5-h6-full-0608-20110616-a1,20110616,https://www.federalreserve.gov/releases/h6/20110616/,full_sequence=H6_M2_2000_20260628_V1/release_date=2011-06-16/source_run=role5-h6-full-0608-20110616-a1/release.html,HTML,56701,df3cff5d44970a8475a5ac058e89b1f7d06040066b5e290ac33e1090c2d46bc2,200,SUCCESS,2026-07-13T08:48:48.918230Z,full_sequence=H6_M2_2000_20260628_V1/release_date=2011-06-16/source_run=role5-h6-full-0608-20110616-a1/safe_headers.txt,9a45919011e7c6259f6aeacd902b57d222bad779f4f91296b43570970ec1928a,H6_TABLE1_MONTHLY_SA_M2_FULL_V1,true,FULL_NETWORK_ATTEMPT
role5-h6-full-0609-20110623-a1-body,role5-h6-full-0609-20110623-a1,20110623,https://www.federalreserve.gov/releases/h6/20110623/,full_sequence=H6_M2_2000_20260628_V1/release_date=2011-06-23/source_run=role5-h6-full-0609-20110623-a1/release.html,HTML,56701,064dafd7febc9f5fd99882c783538166f2543b740cdcc2e3cceab32dcec7b25f,200,SUCCESS,2026-07-13T08:48:49.924258Z,full_sequence=H6_M2_2000_20260628_V1/release_date=2011-06-23/source_run=role5-h6-full-0609-20110623-a1/safe_headers.txt,9227c9a85b4f49a2200abf38f34ed1d08da733ca7e4243237189220ac405d444,H6_TABLE1_MONTHLY_SA_M2_FULL_V1,true,FULL_NETWORK_ATTEMPT
role5-h6-full-0610-20110630-a1-body,role5-h6-full-0610-20110630-a1,20110630,https://www.federalreserve.gov/releases/h6/20110630/,full_sequence=H6_M2_2000_20260628_V1/release_date=2011-06-30/source_run=role5-h6-full-0610-20110630-a1/release.html,HTML,56701,2d914ca412434520da457aa172ae93c0a991b3398751c77b0ffc66fd8b47e34f,200,SUCCESS,2026-07-13T08:48:50.943274Z,full_sequence=H6_M2_2000_20260628_V1/release_date=2011-06-30/source_run=role5-h6-full-0610-20110630-a1/safe_headers.txt,dbd011adae4e061f3d68336a237eee9255137ba1383205cc8414c9e81ca4b73d,H6_TABLE1_MONTHLY_SA_M2_FULL_V1,true,FULL_NETWORK_ATTEMPT
role5-h6-full-0611-20110707-a1-body,role5-h6-full-0611-20110707-a1,20110707,https://www.federalreserve.gov/releases/h6/20110707/,full_sequence=H6_M2_2000_20260628_V1/release_date=2011-07-07/source_run=role5-h6-full-0611-20110707-a1/release.html,HTML,56164,8f6a92b3e85ecfe6df2651a6f9473aa2134527b5c15493006bbd7c78b50a1c66,200,SUCCESS,2026-07-13T08:48:51.944487Z,full_sequence=H6_M2_2000_20260628_V1/release_date=2011-07-07/source_run=role5-h6-full-0611-20110707-a1/safe_headers.txt,a022fcb3ffe35228d1c757a66124dffb804e634d4b34742eee4fc8775e047f9d,H6_TABLE1_MONTHLY_SA_M2_FULL_V1,true,FULL_NETWORK_ATTEMPT
role5-h6-full-0612-20110714-a1-body,role5-h6-full-0612-20110714-a1,20110714,https://www.federalreserve.gov/releases/h6/20110714/,full_sequence=H6_M2_2000_20260628_V1/release_date=2011-07-14/source_run=role5-h6-full-0612-20110714-a1/release.html,HTML,56167,55b51c4847b230a9309ff827ed8e05fdb4e6ce6116c4bd13950c3d030891bec2,200,SUCCESS,2026-07-13T08:48:53.018131Z,full_sequence=H6_M2_2000_20260628_V1/release_date=2011-07-14/source_run=role5-h6-full-0612-20110714-a1/safe_headers.txt,e34907a14a3c0658f7a9c2ad255c22c7770fc62a115a95e706bcf713b52cc147,H6_TABLE1_MONTHLY_SA_M2_FULL_V1,true,FULL_NETWORK_ATTEMPT
role5-h6-full-0613-20110721-a1-body,role5-h6-full-0613-20110721-a1,20110721,https://www.federalreserve.gov/releases/h6/20110721/,full_sequence=H6_M2_2000_20260628_V1/release_date=2011-07-21/source_run=role5-h6-full-0613-20110721-a1/release.html,HTML,56701,a732b3e15a5f3b4f9a12da5ea88e47ddd19c6a5f9a2e00cbabc0a3c5e9f78381,200,SUCCESS,2026-07-13T08:48:53.959392Z,full_sequence=H6_M2_2000_20260628_V1/release_date=2011-07-21/source_run=role5-h6-full-0613-20110721-a1/safe_headers.txt,b1d4dcf12cd5dab07a6f5f1fe3815c5eccc129b7f2641f3a7b86e411d18e4b87,H6_TABLE1_MONTHLY_SA_M2_FULL_V1,true,FULL_NETWORK_ATTEMPT
role5-h6-full-0614-20110728-a1-body,role5-h6-full-0614-20110728-a1,20110728,https://www.federalreserve.gov/releases/h6/20110728/,full_sequence=H6_M2_2000_20260628_V1/release_date=2011-07-28/source_run=role5-h6-full-0614-20110728-a1/release.html,HTML,56167,0315c6882a4b93fd440619558722fdb1112201c60abb3bf9843f369a6c314cc4,200,SUCCESS,2026-07-13T08:48:54.976754Z,full_sequence=H6_M2_2000_20260628_V1/release_date=2011-07-28/source_run=role5-h6-full-0614-20110728-a1/safe_headers.txt,78247965a22c521d7f63e655688f9ba1b978f7c5eec09b1dcadbd74c14cb9108,H6_TABLE1_MONTHLY_SA_M2_FULL_V1,true,FULL_NETWORK_ATTEMPT
role5-h6-full-0615-20110804-a1-body,role5-h6-full-0615-20110804-a1,20110804,https://www.federalreserve.gov/releases/h6/20110804/,full_sequence=H6_M2_2000_20260628_V1/release_date=2011-08-04/source_run=role5-h6-full-0615-20110804-a1/release.html,HTML,56704,dc4b5686cd1de534d11e626a6c24af4ea067c387292ac05e81f08a8116088d8e,200,SUCCESS,2026-07-13T08:48:55.974929Z,full_sequence=H6_M2_2000_20260628_V1/release_date=2011-08-04/source_run=role5-h6-full-0615-20110804-a1/safe_headers.txt,075923ff12b15baf7db9035ed6612a9ced403be4badb238a473a5ce6562d05cb,H6_TABLE1_MONTHLY_SA_M2_FULL_V1,true,FULL_NETWORK_ATTEMPT
role5-h6-full-0616-20110811-a1-body,role5-h6-full-0616-20110811-a1,20110811,https://www.federalreserve.gov/releases/h6/20110811/,full_sequence=H6_M2_2000_20260628_V1/release_date=2011-08-11/source_run=role5-h6-full-0616-20110811-a1/release.html,HTML,56707,63d03ce92beb2d353e791f8f6d26c01b3022a4ad2c8b517f8b7e0b73b0835b8e,200,SUCCESS,2026-07-13T08:48:57.056907Z,full_sequence=H6_M2_2000_20260628_V1/release_date=2011-08-11/source_run=role5-h6-full-0616-20110811-a1/safe_headers.txt,27554dbb8f6ec2c58bc82217f376a9dc3b05f50ada20d95d07be8aa9eac3589e,H6_TABLE1_MONTHLY_SA_M2_FULL_V1,true,FULL_NETWORK_ATTEMPT
role5-h6-full-0617-20110818-a1-body,role5-h6-full-0617-20110818-a1,20110818,https://www.federalreserve.gov/releases/h6/20110818/,full_sequence=H6_M2_2000_20260628_V1/release_date=2011-08-18/source_run=role5-h6-full-0617-20110818-a1/release.html,HTML,56723,69071eb7f15a7e765bb0408cdec60d0ae68f293ca4b012638007682cb6bf6edc,200,SUCCESS,2026-07-13T08:48:57.981920Z,full_sequence=H6_M2_2000_20260628_V1/release_date=2011-08-18/source_run=role5-h6-full-0617-20110818-a1/safe_headers.txt,c6def3a03ce94e895097e8a72ab2ab3c6e38bd8ce2cd847b449a968411a40e27,H6_TABLE1_MONTHLY_SA_M2_FULL_V1,true,FULL_NETWORK_ATTEMPT
role5-h6-full-0618-20110825-a1-body,role5-h6-full-0618-20110825-a1,20110825,https://www.federalreserve.gov/releases/h6/20110825/,full_sequence=H6_M2_2000_20260628_V1/release_date=2011-08-25/source_run=role5-h6-full-0618-20110825-a1/release.html,HTML,56723,d77d9ebe2e8b1fe64525151f6cc7af7f3d8a620a0827c405e92b9feb72e69468,200,SUCCESS,2026-07-13T08:48:59.000345Z,full_sequence=H6_M2_2000_20260628_V1/release_date=2011-08-25/source_run=role5-h6-full-0618-20110825-a1/safe_headers.txt,251d0d73886eaf4df72a2e10edd3546b7b55f732ee8d01de92eace25ffc0a1f1,H6_TABLE1_MONTHLY_SA_M2_FULL_V1,true,FULL_NETWORK_ATTEMPT
role5-h6-full-0619-20110901-a1-body,role5-h6-full-0619-20110901-a1,20110901,https://www.federalreserve.gov/releases/h6/20110901/,full_sequence=H6_M2_2000_20260628_V1/release_date=2011-09-01/source_run=role5-h6-full-0619-20110901-a1/release.html,HTML,56729,7067c1a0b35c264857a80c2c370b2f76818fa7628dc62551c0d53e66b73c4a27,200,SUCCESS,2026-07-13T08:48:59.997991Z,full_sequence=H6_M2_2000_20260628_V1/release_date=2011-09-01/source_run=role5-h6-full-0619-20110901-a1/safe_headers.txt,a70dba9c3d9037051e6d57570095c6a6d367f6938a3a4158cf31d03ccb0273fe,H6_TABLE1_MONTHLY_SA_M2_FULL_V1,true,FULL_NETWORK_ATTEMPT
role5-h6-full-0620-20110908-a1-body,role5-h6-full-0620-20110908-a1,20110908,https://www.federalreserve.gov/releases/h6/20110908/,full_sequence=H6_M2_2000_20260628_V1/release_date=2011-09-08/source_run=role5-h6-full-0620-20110908-a1/release.html,HTML,56729,85c01a286f5a26013c13534f01a34168799287eb8996a94de2c07cdae192ce3d,200,SUCCESS,2026-07-13T08:49:01.028897Z,full_sequence=H6_M2_2000_20260628_V1/release_date=2011-09-08/source_run=role5-h6-full-0620-20110908-a1/safe_headers.txt,b1e25b83c66a7d1960324f764bcb4ec6b4e1ed7bd8af4a366b6badbe3a4b88c9,H6_TABLE1_MONTHLY_SA_M2_FULL_V1,true,FULL_NETWORK_ATTEMPT
role5-h6-full-0621-20110915-a1-body,role5-h6-full-0621-20110915-a1,20110915,https://www.federalreserve.gov/releases/h6/20110915/,full_sequence=H6_M2_2000_20260628_V1/release_date=2011-09-15/source_run=role5-h6-full-0621-20110915-a1/release.html,HTML,56732,5b273d0c41de09a82eb12dcf2c3c37e5f3db71343b534c48033a45201e8730c6,200,SUCCESS,2026-07-13T08:49:02.031602Z,full_sequence=H6_M2_2000_20260628_V1/release_date=2011-09-15/source_run=role5-h6-full-0621-20110915-a1/safe_headers.txt,c4b8f29ffed2a83708879101c2247e04ebb7d6d6738a360fcbc28701f5ab67da,H6_TABLE1_MONTHLY_SA_M2_FULL_V1,true,FULL_NETWORK_ATTEMPT
role5-h6-full-0622-20110922-a1-body,role5-h6-full-0622-20110922-a1,20110922,https://www.federalreserve.gov/releases/h6/20110922/,full_sequence=H6_M2_2000_20260628_V1/release_date=2011-09-22/source_run=role5-h6-full-0622-20110922-a1/release.html,HTML,56732,bb3dcdecb3c8f3ff99ea001f7b25066b063ea957b425d326fb08ed4ee91f448a,200,SUCCESS,2026-07-13T08:49:03.034217Z,full_sequence=H6_M2_2000_20260628_V1/release_date=2011-09-22/source_run=role5-h6-full-0622-20110922-a1/safe_headers.txt,05dd628e0482197039123a70a29c99182438d4436aad38ee744e8a7f367738f4,H6_TABLE1_MONTHLY_SA_M2_FULL_V1,true,FULL_NETWORK_ATTEMPT
role5-h6-full-0623-20110929-a1-body,role5-h6-full-0623-20110929-a1,20110929,https://www.federalreserve.gov/releases/h6/20110929/,full_sequence=H6_M2_2000_20260628_V1/release_date=2011-09-29/source_run=role5-h6-full-0623-20110929-a1/release.html,HTML,56732,f55903f8f94a846042e275971e25353ff39b9fccafd355ee2770dd0d7a89de5b,200,SUCCESS,2026-07-13T08:49:04.050927Z,full_sequence=H6_M2_2000_20260628_V1/release_date=2011-09-29/source_run=role5-h6-full-0623-20110929-a1/safe_headers.txt,90f83836851a02f980ecdf57e18d104309eecc84ca05aedfebae1bc23c25923a,H6_TABLE1_MONTHLY_SA_M2_FULL_V1,true,FULL_NETWORK_ATTEMPT
role5-h6-full-0624-20111006-a1-body,role5-h6-full-0624-20111006-a1,20111006,https://www.federalreserve.gov/releases/h6/20111006/,full_sequence=H6_M2_2000_20260628_V1/release_date=2011-10-06/source_run=role5-h6-full-0624-20111006-a1/release.html,HTML,56723,d3ad775179afdfeb47bd266015251efc4b4c5feba6a35b344af5a45dae288d7f,200,SUCCESS,2026-07-13T08:49:05.029400Z,full_sequence=H6_M2_2000_20260628_V1/release_date=2011-10-06/source_run=role5-h6-full-0624-20111006-a1/safe_headers.txt,44ee98f030144048770da0b9986cb21c0b735bee7b08abcb3f52a082d64cbef5,H6_TABLE1_MONTHLY_SA_M2_FULL_V1,true,FULL_NETWORK_ATTEMPT
role5-h6-full-0625-20111013-a1-body,role5-h6-full-0625-20111013-a1,20111013,https://www.federalreserve.gov/releases/h6/20111013/,full_sequence=H6_M2_2000_20260628_V1/release_date=2011-10-13/source_run=role5-h6-full-0625-20111013-a1/release.html,HTML,56726,10961758104cedb53edc29a73f5dc4f833214820c64d9706e65d7c6063ce1aee,200,SUCCESS,2026-07-13T08:49:06.106698Z,full_sequence=H6_M2_2000_20260628_V1/release_date=2011-10-13/source_run=role5-h6-full-0625-20111013-a1/safe_headers.txt,3fd450add9e057015c172bfbb21d959abde11c2a53537396ec9938cc7541ba51,H6_TABLE1_MONTHLY_SA_M2_FULL_V1,true,FULL_NETWORK_ATTEMPT
role5-h6-full-0626-20111020-a1-body,role5-h6-full-0626-20111020-a1,20111020,https://www.federalreserve.gov/releases/h6/20111020/,full_sequence=H6_M2_2000_20260628_V1/release_date=2011-10-20/source_run=role5-h6-full-0626-20111020-a1/release.html,HTML,56726,7a512707871e5641beba13bcc3b5a6ee38a38d761420e2c905267c7486138310,200,SUCCESS,2026-07-13T08:49:07.061319Z,full_sequence=H6_M2_2000_20260628_V1/release_date=2011-10-20/source_run=role5-h6-full-0626-20111020-a1/safe_headers.txt,06e319b04c992a7d98effd5a94fcc2b5390f232eafe89a75edd860a4c6f0c3cb,H6_TABLE1_MONTHLY_SA_M2_FULL_V1,true,FULL_NETWORK_ATTEMPT
role5-h6-full-0627-20111027-a1-body,role5-h6-full-0627-20111027-a1,20111027,https://www.federalreserve.gov/releases/h6/20111027/,full_sequence=H6_M2_2000_20260628_V1/release_date=2011-10-27/source_run=role5-h6-full-0627-20111027-a1/release.html,HTML,57574,ecfcda9300852dd509a8c1e21012d791107c248bfb50bf8a87009bf1eb6e0e8a,200,SUCCESS,2026-07-13T08:49:08.089019Z,full_sequence=H6_M2_2000_20260628_V1/release_date=2011-10-27/source_run=role5-h6-full-0627-20111027-a1/safe_headers.txt,62f379b65a511d835fe5c362739d986848b8674a0f5eca33ac41008e5699223a,H6_TABLE1_MONTHLY_SA_M2_FULL_V1,true,FULL_NETWORK_ATTEMPT
role5-h6-full-0628-20111103-a1-body,role5-h6-full-0628-20111103-a1,20111103,https://www.federalreserve.gov/releases/h6/20111103/,full_sequence=H6_M2_2000_20260628_V1/release_date=2011-11-03/source_run=role5-h6-full-0628-20111103-a1/release.html,HTML,56569,812253f8455cec95686866ad7dc691147f04a88a827253f2a0ca332944acc296,200,SUCCESS,2026-07-13T08:49:09.122786Z,full_sequence=H6_M2_2000_20260628_V1/release_date=2011-11-03/source_run=role5-h6-full-0628-20111103-a1/safe_headers.txt,ae6da0cdd9d6e7e9f12c06d4ae3f1db0b70fecce05d49f0ef8e451c7578334b4,H6_TABLE1_MONTHLY_SA_M2_FULL_V1,true,FULL_NETWORK_ATTEMPT
role5-h6-full-0629-20111110-a1-body,role5-h6-full-0629-20111110-a1,20111110,https://www.federalreserve.gov/releases/h6/20111110/,full_sequence=H6_M2_2000_20260628_V1/release_date=2011-11-10/source_run=role5-h6-full-0629-20111110-a1/release.html,HTML,56572,cf0d1b9a4e66b44cfccb9f370a3fb8fc283031e85f817ebc2d423d0aa8c18568,200,SUCCESS,2026-07-13T08:49:10.160755Z,full_sequence=H6_M2_2000_20260628_V1/release_date=2011-11-10/source_run=role5-h6-full-0629-20111110-a1/safe_headers.txt,b63f6f4f87243f9d5bf714a0835a8daaebc46acc6f75421fd70885c61ec0d596,H6_TABLE1_MONTHLY_SA_M2_FULL_V1,true,FULL_NETWORK_ATTEMPT
role5-h6-full-0630-20111117-a1-body,role5-h6-full-0630-20111117-a1,20111117,https://www.federalreserve.gov/releases/h6/20111117/,full_sequence=H6_M2_2000_20260628_V1/release_date=2011-11-17/source_run=role5-h6-full-0630-20111117-a1/release.html,HTML,56300,2fa37ce8a58145168c97403c920789780878943f07bed9bd3dc47e58d28e01ff,200,SUCCESS,2026-07-13T08:49:13.123854Z,full_sequence=H6_M2_2000_20260628_V1/release_date=2011-11-17/source_run=role5-h6-full-0630-20111117-a1/safe_headers.txt,1e5c7b2ce9cf0c8aae6d3a3397c5346e9a1e9f5bbf73944803879ba58c258f52,H6_TABLE1_MONTHLY_SA_M2_FULL_V1,true,FULL_NETWORK_ATTEMPT
role5-h6-full-0631-20111125-a1-body,role5-h6-full-0631-20111125-a1,20111125,https://www.federalreserve.gov/releases/h6/20111125/,full_sequence=H6_M2_2000_20260628_V1/release_date=2011-11-25/source_run=role5-h6-full-0631-20111125-a1/release.html,HTML,56833,cdd00ecbec149a5119e08bf7fa3666d3866159e52488b9ee5d43e10b4746af48,200,SUCCESS,2026-07-13T08:49:13.493727Z,full_sequence=H6_M2_2000_20260628_V1/release_date=2011-11-25/source_run=role5-h6-full-0631-20111125-a1/safe_headers.txt,4a71bd62ba9ef2b8e2643c8d97939bc23563ee764eb90a22f6b498d4079684a1,H6_TABLE1_MONTHLY_SA_M2_FULL_V1,true,FULL_NETWORK_ATTEMPT
role5-h6-full-0632-20111201-a1-body,role5-h6-full-0632-20111201-a1,20111201,https://www.federalreserve.gov/releases/h6/20111201/,full_sequence=H6_M2_2000_20260628_V1/release_date=2011-12-01/source_run=role5-h6-full-0632-20111201-a1/release.html,HTML,56830,7faea5943a07ddd0833399e5a619062781f0b15e07b866202302a6c9f057f8af,200,SUCCESS,2026-07-13T08:49:14.498956Z,full_sequence=H6_M2_2000_20260628_V1/release_date=2011-12-01/source_run=role5-h6-full-0632-20111201-a1/safe_headers.txt,4d36b33017b93d4f3b83665969857ea1373b114c5b17d0eede5e86e8c1519eb7,H6_TABLE1_MONTHLY_SA_M2_FULL_V1,true,FULL_NETWORK_ATTEMPT
role5-h6-full-0633-20111208-a1-body,role5-h6-full-0633-20111208-a1,20111208,https://www.federalreserve.gov/releases/h6/20111208/,full_sequence=H6_M2_2000_20260628_V1/release_date=2011-12-08/source_run=role5-h6-full-0633-20111208-a1/release.html,HTML,56297,c7ac3a3d4f93ae702dadd3222659643fe99020afcb29effe7d70cc1e79456e80,200,SUCCESS,2026-07-13T08:49:15.504612Z,full_sequence=H6_M2_2000_20260628_V1/release_date=2011-12-08/source_run=role5-h6-full-0633-20111208-a1/safe_headers.txt,91aec067511520704729ec174f0048518c6720e3cec011a594880b259f622a72,H6_TABLE1_MONTHLY_SA_M2_FULL_V1,true,FULL_NETWORK_ATTEMPT
role5-h6-full-0634-20111215-a1-body,role5-h6-full-0634-20111215-a1,20111215,https://www.federalreserve.gov/releases/h6/20111215/,full_sequence=H6_M2_2000_20260628_V1/release_date=2011-12-15/source_run=role5-h6-full-0634-20111215-a1/release.html,HTML,56833,0707c3533c8f87652e601764bc5a910b596c9723bdf955e781765f9f981f36d0,200,SUCCESS,2026-07-13T08:49:16.496927Z,full_sequence=H6_M2_2000_20260628_V1/release_date=2011-12-15/source_run=role5-h6-full-0634-20111215-a1/safe_headers.txt,594e1495049e5551306ab389bd204441e77bbc1c31dbb1236de4ab49e7c14cff,H6_TABLE1_MONTHLY_SA_M2_FULL_V1,true,FULL_NETWORK_ATTEMPT
role5-h6-full-0635-20111222-a1-body,role5-h6-full-0635-20111222-a1,20111222,https://www.federalreserve.gov/releases/h6/20111222/,full_sequence=H6_M2_2000_20260628_V1/release_date=2011-12-22/source_run=role5-h6-full-0635-20111222-a1/release.html,HTML,56833,85effcab11149b7ab0c5ff3f01c86c2acccac0a2cdb5a580c1dfe40194a10245,200,SUCCESS,2026-07-13T08:49:17.588057Z,full_sequence=H6_M2_2000_20260628_V1/release_date=2011-12-22/source_run=role5-h6-full-0635-20111222-a1/safe_headers.txt,10fe6216ef86918a1e6623c329ee789e7c25f7f5e772c932ca54a4d1d808f5eb,H6_TABLE1_MONTHLY_SA_M2_FULL_V1,true,FULL_NETWORK_ATTEMPT
role5-h6-full-0636-20111229-a1-body,role5-h6-full-0636-20111229-a1,20111229,https://www.federalreserve.gov/releases/h6/20111229/,full_sequence=H6_M2_2000_20260628_V1/release_date=2011-12-29/source_run=role5-h6-full-0636-20111229-a1/release.html,HTML,56833,6fad0ed40bd913fce693d09ec881461d7e38bc76504d1aa48dd0b6ae9d51c03a,200,SUCCESS,2026-07-13T08:49:18.530927Z,full_sequence=H6_M2_2000_20260628_V1/release_date=2011-12-29/source_run=role5-h6-full-0636-20111229-a1/safe_headers.txt,390ddc38ee5de2b18261da27d655ce3fa91c2e5988e8b24b8460e1d39110451d,H6_TABLE1_MONTHLY_SA_M2_FULL_V1,true,FULL_NETWORK_ATTEMPT
role5-h6-full-0637-20120105-a1-body,role5-h6-full-0637-20120105-a1,20120105,https://www.federalreserve.gov/releases/h6/20120105/,full_sequence=H6_M2_2000_20260628_V1/release_date=2012-01-05/source_run=role5-h6-full-0637-20120105-a1/release.html,HTML,56294,e23c39181008ef963791c5d1c926c11626122858380b1b2848c8dd63f50f7d9f,200,SUCCESS,2026-07-13T08:49:19.524764Z,full_sequence=H6_M2_2000_20260628_V1/release_date=2012-01-05/source_run=role5-h6-full-0637-20120105-a1/safe_headers.txt,9f2efad75d15a050ccf6f616a10ed7ab3e808b08ef2d1ff07a1b59260d2d5db4,H6_TABLE1_MONTHLY_SA_M2_FULL_V1,true,FULL_NETWORK_ATTEMPT
role5-h6-full-0638-20120112-a1-body,role5-h6-full-0638-20120112-a1,20120112,https://www.federalreserve.gov/releases/h6/20120112/,full_sequence=H6_M2_2000_20260628_V1/release_date=2012-01-12/source_run=role5-h6-full-0638-20120112-a1/release.html,HTML,56830,193c4cfb75bbbc5ba6162b50d66b813d32e4cbac10afe81fb0e50e4bca92ea00,200,SUCCESS,2026-07-13T08:49:20.569803Z,full_sequence=H6_M2_2000_20260628_V1/release_date=2012-01-12/source_run=role5-h6-full-0638-20120112-a1/safe_headers.txt,60b6e110fce34c571630a2f915840563bfe9a28ab66174ffd7154c61441bd24e,H6_TABLE1_MONTHLY_SA_M2_FULL_V1,true,FULL_NETWORK_ATTEMPT
role5-h6-full-0639-20120119-a1-body,role5-h6-full-0639-20120119-a1,20120119,https://www.federalreserve.gov/releases/h6/20120119/,full_sequence=H6_M2_2000_20260628_V1/release_date=2012-01-19/source_run=role5-h6-full-0639-20120119-a1/release.html,HTML,88845,113b8f5cf3d804222b9a4af03af46206e967cd608966ea5589a67ed7e1b2b554,200,SUCCESS,2026-07-13T08:49:21.647019Z,full_sequence=H6_M2_2000_20260628_V1/release_date=2012-01-19/source_run=role5-h6-full-0639-20120119-a1/safe_headers.txt,21734b72e33e9ef012da792b475b556298edf513b3eaa25b7799fe8112007be5,H6_TABLE1_MONTHLY_SA_M2_FULL_V1,true,FULL_NETWORK_ATTEMPT
role5-h6-full-0640-20120126-a1-body,role5-h6-full-0640-20120126-a1,20120126,https://www.federalreserve.gov/releases/h6/20120126/,full_sequence=H6_M2_2000_20260628_V1/release_date=2012-01-26/source_run=role5-h6-full-0640-20120126-a1/release.html,HTML,56830,6e79b23c070621c6a30dca7ce0d405a7901ab60ae722e6822562261b07947310,200,SUCCESS,2026-07-13T08:49:22.546236Z,full_sequence=H6_M2_2000_20260628_V1/release_date=2012-01-26/source_run=role5-h6-full-0640-20120126-a1/safe_headers.txt,f365a69dd90c9bf18a80e7664105a11723b0a2ec736393c24e9c07002e89c624,H6_TABLE1_MONTHLY_SA_M2_FULL_V1,true,FULL_NETWORK_ATTEMPT
role5-h6-full-0641-20120202-a1-body,role5-h6-full-0641-20120202-a1,20120202,https://www.federalreserve.gov/releases/h6/20120202/,full_sequence=H6_M2_2000_20260628_V1/release_date=2012-02-02/source_run=role5-h6-full-0641-20120202-a1/release.html,HTML,56830,f7d603942282f3f38aa7c26d6dab2af5da368b1c8e68a1e46982ebe6ac566653,200,SUCCESS,2026-07-13T08:49:23.567454Z,full_sequence=H6_M2_2000_20260628_V1/release_date=2012-02-02/source_run=role5-h6-full-0641-20120202-a1/safe_headers.txt,7f590b4146f9e36321a1ac137da16a1609d0e43fb6b0252f61edd39526d0fa6f,H6_TABLE1_MONTHLY_SA_M2_FULL_V1,true,FULL_NETWORK_ATTEMPT
role5-h6-full-0642-20120209-a1-body,role5-h6-full-0642-20120209-a1,20120209,https://www.federalreserve.gov/releases/h6/20120209/,full_sequence=H6_M2_2000_20260628_V1/release_date=2012-02-09/source_run=role5-h6-full-0642-20120209-a1/release.html,HTML,56830,e151277eafd42fb03cd803ff109e38c62bea2c52dbc5449ff3a252025ab0209d,200,SUCCESS,2026-07-13T08:49:24.554564Z,full_sequence=H6_M2_2000_20260628_V1/release_date=2012-02-09/source_run=role5-h6-full-0642-20120209-a1/safe_headers.txt,50d85614c0e72b2bee68afdf37ab846e979cc94969f24cfee5d9fe65ff48e536,H6_TABLE1_MONTHLY_SA_M2_FULL_V1,true,FULL_NETWORK_ATTEMPT
role5-h6-full-0643-20120216-a1-body,role5-h6-full-0643-20120216-a1,20120216,https://www.federalreserve.gov/releases/h6/20120216/,full_sequence=H6_M2_2000_20260628_V1/release_date=2012-02-16/source_run=role5-h6-full-0643-20120216-a1/release.html,HTML,56833,23bb21affa11dac7108f0af1e473aab9889ddef2cc32dc80b57b2090300d7562,200,SUCCESS,2026-07-13T08:49:25.622911Z,full_sequence=H6_M2_2000_20260628_V1/release_date=2012-02-16/source_run=role5-h6-full-0643-20120216-a1/safe_headers.txt,65bbe673781005eabe2fdd6c5fe509b676af0bae822f50c7377e4c9bc626f37a,H6_TABLE1_MONTHLY_SA_M2_FULL_V1,true,FULL_NETWORK_ATTEMPT
role5-h6-full-0644-20120223-a1-body,role5-h6-full-0644-20120223-a1,20120223,https://www.federalreserve.gov/releases/h6/20120223/,full_sequence=H6_M2_2000_20260628_V1/release_date=2012-02-23/source_run=role5-h6-full-0644-20120223-a1/release.html,HTML,56833,1518727097de94d4bd8679ab8a52d6196574d7618387605cbfd1bd18a828d130,200,SUCCESS,2026-07-13T08:49:26.636803Z,full_sequence=H6_M2_2000_20260628_V1/release_date=2012-02-23/source_run=role5-h6-full-0644-20120223-a1/safe_headers.txt,9070328ab54b94d6a229a141b9c95b304d8f4c606e728bf5073585d552cde1da,H6_TABLE1_MONTHLY_SA_M2_FULL_V1,true,FULL_NETWORK_ATTEMPT
role5-h6-full-0645-20120301-a1-body,role5-h6-full-0645-20120301-a1,20120301,https://www.federalreserve.gov/releases/h6/20120301/,full_sequence=H6_M2_2000_20260628_V1/release_date=2012-03-01/source_run=role5-h6-full-0645-20120301-a1/release.html,HTML,56821,0b62995ac662e7e078adaa2954f0c1a48f8523aee575215bd3945ca2137e3958,200,SUCCESS,2026-07-13T08:49:27.602940Z,full_sequence=H6_M2_2000_20260628_V1/release_date=2012-03-01/source_run=role5-h6-full-0645-20120301-a1/safe_headers.txt,add19e6e0656b75e115e6b5f2aec667a334d7a06bc46682b5b052f46b205b6c1,H6_TABLE1_MONTHLY_SA_M2_FULL_V1,true,FULL_NETWORK_ATTEMPT
role5-h6-full-0646-20120308-a1-body,role5-h6-full-0646-20120308-a1,20120308,https://www.federalreserve.gov/releases/h6/20120308/,full_sequence=H6_M2_2000_20260628_V1/release_date=2012-03-08/source_run=role5-h6-full-0646-20120308-a1/release.html,HTML,56821,559bfd5abaf4eb906df087195f32cd6bb5e3fb9cf623bf236af67933302e456a,200,SUCCESS,2026-07-13T08:49:28.756774Z,full_sequence=H6_M2_2000_20260628_V1/release_date=2012-03-08/source_run=role5-h6-full-0646-20120308-a1/safe_headers.txt,87d603ea76ef608f40106a22795eb3ef41cc3325e6a353dde295405ddf4c6db2,H6_TABLE1_MONTHLY_SA_M2_FULL_V1,true,FULL_NETWORK_ATTEMPT
role5-h6-full-0647-20120315-a1-body,role5-h6-full-0647-20120315-a1,20120315,https://www.federalreserve.gov/releases/h6/20120315/,full_sequence=H6_M2_2000_20260628_V1/release_date=2012-03-15/source_run=role5-h6-full-0647-20120315-a1/release.html,HTML,56824,5462ef015d46a9e0cdd25f5be6c806bbc2a4e01ed8648344f3d993cbe7a59b05,200,SUCCESS,2026-07-13T08:49:29.609246Z,full_sequence=H6_M2_2000_20260628_V1/release_date=2012-03-15/source_run=role5-h6-full-0647-20120315-a1/safe_headers.txt,429472fc08d9c9c9c546c2f53c799a2634bce05352cca1756c7ce5933510361b,H6_TABLE1_MONTHLY_SA_M2_FULL_V1,true,FULL_NETWORK_ATTEMPT
role5-h6-full-0648-20120322-a1-body,role5-h6-full-0648-20120322-a1,20120322,https://www.federalreserve.gov/releases/h6/20120322/,full_sequence=H6_M2_2000_20260628_V1/release_date=2012-03-22/source_run=role5-h6-full-0648-20120322-a1/release.html,HTML,56824,b5a741b81156d860a77f509ec2e9b5601c4c0dfd4b54704197b3c6227e25c676,200,SUCCESS,2026-07-13T08:49:30.646752Z,full_sequence=H6_M2_2000_20260628_V1/release_date=2012-03-22/source_run=role5-h6-full-0648-20120322-a1/safe_headers.txt,263a5ee6e6dd20ab147cd19a19cd36f7a1816dfc587794f780d88efbb373bf9f,H6_TABLE1_MONTHLY_SA_M2_FULL_V1,true,FULL_NETWORK_ATTEMPT
role5-h6-full-0649-20120329-a1-body,role5-h6-full-0649-20120329-a1,20120329,https://www.federalreserve.gov/releases/h6/20120329/,full_sequence=H6_M2_2000_20260628_V1/release_date=2012-03-29/source_run=role5-h6-full-0649-20120329-a1/release.html,HTML,56824,88b72a550a24fee2c36adedd1bbd944619bd3829b5f9c483a515e091c90cdaad,200,SUCCESS,2026-07-13T08:49:31.591968Z,full_sequence=H6_M2_2000_20260628_V1/release_date=2012-03-29/source_run=role5-h6-full-0649-20120329-a1/safe_headers.txt,481a98857bfa1d0ef31b54f9988314d251ee433fc537be7b03b5aeeef168a98e,H6_TABLE1_MONTHLY_SA_M2_FULL_V1,true,FULL_NETWORK_ATTEMPT
role5-h6-full-0650-20120405-a1-body,role5-h6-full-0650-20120405-a1,20120405,https://www.federalreserve.gov/releases/h6/20120405/,full_sequence=H6_M2_2000_20260628_V1/release_date=2012-04-05/source_run=role5-h6-full-0650-20120405-a1/release.html,HTML,56821,621b3535e51fbddd13a8241f0356570746dc7e602988fab0c516543e318a459f,200,SUCCESS,2026-07-13T08:49:32.634157Z,full_sequence=H6_M2_2000_20260628_V1/release_date=2012-04-05/source_run=role5-h6-full-0650-20120405-a1/safe_headers.txt,7e1dc3258e8fa7514fe4fe4884e33f9309654715433cbcfad26855cf10f7720c,H6_TABLE1_MONTHLY_SA_M2_FULL_V1,true,FULL_NETWORK_ATTEMPT
role5-h6-full-0651-20120412-a1-body,role5-h6-full-0651-20120412-a1,20120412,https://www.federalreserve.gov/releases/h6/20120412/,full_sequence=H6_M2_2000_20260628_V1/release_date=2012-04-12/source_run=role5-h6-full-0651-20120412-a1/release.html,HTML,56824,1ca12b8258e5e63909c22ece7327ea0a060f35d87d8f85e5c93c724db692b978,200,SUCCESS,2026-07-13T08:49:33.617941Z,full_sequence=H6_M2_2000_20260628_V1/release_date=2012-04-12/source_run=role5-h6-full-0651-20120412-a1/safe_headers.txt,1c881393ca1a71189de96e79bff18631907b517447566fbe513d56368f72bef2,H6_TABLE1_MONTHLY_SA_M2_FULL_V1,true,FULL_NETWORK_ATTEMPT
role5-h6-full-0652-20120419-a1-body,role5-h6-full-0652-20120419-a1,20120419,https://www.federalreserve.gov/releases/h6/20120419/,full_sequence=H6_M2_2000_20260628_V1/release_date=2012-04-19/source_run=role5-h6-full-0652-20120419-a1/release.html,HTML,56824,5d422120f687ca463abc8fc73bccab5327c15624e400dfd984db848bdb7d46f4,200,SUCCESS,2026-07-13T08:49:34.641160Z,full_sequence=H6_M2_2000_20260628_V1/release_date=2012-04-19/source_run=role5-h6-full-0652-20120419-a1/safe_headers.txt,1f6e88cfc34d64158ba7de2d16cb8a3681f21d85a8fdb28b562100fbf4ab3dd9,H6_TABLE1_MONTHLY_SA_M2_FULL_V1,true,FULL_NETWORK_ATTEMPT
role5-pilot-20120426-body,role5-pilot-20120426,20120426,https://www.federalreserve.gov/releases/h6/20120426/,vintage_year=2012/source_run=role5-pilot-20120426/release.html,HTML,56740,0dd8cb435daaaac1e39f03f1845a61c4f2676793f1bb97553218de1a0c6951c5,200,HASH_VERIFIED_PILOT_CACHE_REUSE,2026-07-13T08:23:11Z,vintage_year=2012/source_run=role5-pilot-20120426/headers.txt,4cb984656e4d6ba328fb63d8702004e26c38eaffad1c4cd6e748b00d75f1cb9b,H6_TABLE1_MONTHLY_SA_M2_FULL_V1,true,HASH_VERIFIED_PILOT_CACHE_REUSE
role5-h6-full-0653-20120503-a1-body,role5-h6-full-0653-20120503-a1,20120503,https://www.federalreserve.gov/releases/h6/20120503/,full_sequence=H6_M2_2000_20260628_V1/release_date=2012-05-03/source_run=role5-h6-full-0653-20120503-a1/release.html,HTML,56733,03112d5ad8ec3dbc2829e28bb9f2904de5c60deea4cfb3944f6761e595b7584d,200,SUCCESS,2026-07-13T08:49:35.653569Z,full_sequence=H6_M2_2000_20260628_V1/release_date=2012-05-03/source_run=role5-h6-full-0653-20120503-a1/safe_headers.txt,f219a28cbbdd44d446ac6bf4746e4deb13446852702994e64dcd0d2d048f4d73,H6_TABLE1_MONTHLY_SA_M2_FULL_V1,true,FULL_NETWORK_ATTEMPT
role5-h6-full-0654-20120510-a1-body,role5-h6-full-0654-20120510-a1,20120510,https://www.federalreserve.gov/releases/h6/20120510/,full_sequence=H6_M2_2000_20260628_V1/release_date=2012-05-10/source_run=role5-h6-full-0654-20120510-a1/release.html,HTML,56203,acdb8ddb3debe08b1d4b0658db03c71d10c0fc3e5d2846a6d661e659f377a54c,200,SUCCESS,2026-07-13T08:49:36.687820Z,full_sequence=H6_M2_2000_20260628_V1/release_date=2012-05-10/source_run=role5-h6-full-0654-20120510-a1/safe_headers.txt,f75636488882ffcf8c1c8f06489ce1a9329621bdb8f0afb4dac579ffb77454f5,H6_TABLE1_MONTHLY_SA_M2_FULL_V1,true,FULL_NETWORK_ATTEMPT
role5-h6-full-0655-20120517-a1-body,role5-h6-full-0655-20120517-a1,20120517,https://www.federalreserve.gov/releases/h6/20120517/,full_sequence=H6_M2_2000_20260628_V1/release_date=2012-05-17/source_run=role5-h6-full-0655-20120517-a1/release.html,HTML,56734,0baaf963ab2386427da8daee2dc01434205f9e9cde996ef4bd1e737079045b15,200,SUCCESS,2026-07-13T08:49:37.653442Z,full_sequence=H6_M2_2000_20260628_V1/release_date=2012-05-17/source_run=role5-h6-full-0655-20120517-a1/safe_headers.txt,ca8f8f850c3000e22e873a545fdb0da1eb53bf932f61c98cc5c9255e4846154b,H6_TABLE1_MONTHLY_SA_M2_FULL_V1,true,FULL_NETWORK_ATTEMPT
role5-h6-full-0656-20120524-a1-body,role5-h6-full-0656-20120524-a1,20120524,https://www.federalreserve.gov/releases/h6/20120524/,full_sequence=H6_M2_2000_20260628_V1/release_date=2012-05-24/source_run=role5-h6-full-0656-20120524-a1/release.html,HTML,56734,014950496c913ea6f132edf1bb878abb20d20d70bd7334b6c18ddc9aa3e19255,200,SUCCESS,2026-07-13T08:49:38.667342Z,full_sequence=H6_M2_2000_20260628_V1/release_date=2012-05-24/source_run=role5-h6-full-0656-20120524-a1/safe_headers.txt,96fb211eaec6ba5bec7f8949478abc92caadd9f21c061a4a1d5b702d2a9d8fe9,H6_TABLE1_MONTHLY_SA_M2_FULL_V1,true,FULL_NETWORK_ATTEMPT
role5-h6-full-0657-20120531-a1-body,role5-h6-full-0657-20120531-a1,20120531,https://www.federalreserve.gov/releases/h6/20120531/,full_sequence=H6_M2_2000_20260628_V1/release_date=2012-05-31/source_run=role5-h6-full-0657-20120531-a1/release.html,HTML,56734,587dd61631e6dc6e4363e6c2b254174e8ec399eb2764ad2ae96ed52a4b16280b,200,SUCCESS,2026-07-13T08:49:39.659296Z,full_sequence=H6_M2_2000_20260628_V1/release_date=2012-05-31/source_run=role5-h6-full-0657-20120531-a1/safe_headers.txt,de2acd20b03ca96124a25eedb954a162d3b15894984a65810d979eb42cf96d41,H6_TABLE1_MONTHLY_SA_M2_FULL_V1,true,FULL_NETWORK_ATTEMPT
role5-h6-full-0658-20120607-a1-body,role5-h6-full-0658-20120607-a1,20120607,https://www.federalreserve.gov/releases/h6/20120607/,full_sequence=H6_M2_2000_20260628_V1/release_date=2012-06-07/source_run=role5-h6-full-0658-20120607-a1/release.html,HTML,56734,fedbb47efe4603a1882882772949d98f28850508eae766f98c83c8f3d6cb1fc5,200,SUCCESS,2026-07-13T08:49:40.696885Z,full_sequence=H6_M2_2000_20260628_V1/release_date=2012-06-07/source_run=role5-h6-full-0658-20120607-a1/safe_headers.txt,68d81ff985f1eca4ca392243ce1a2ef207a240aa76e942e36d00a11b95eab4ff,H6_TABLE1_MONTHLY_SA_M2_FULL_V1,true,FULL_NETWORK_ATTEMPT
role5-h6-full-0659-20120614-a1-body,role5-h6-full-0659-20120614-a1,20120614,https://www.federalreserve.gov/releases/h6/20120614/,full_sequence=H6_M2_2000_20260628_V1/release_date=2012-06-14/source_run=role5-h6-full-0659-20120614-a1/release.html,HTML,56737,e33ed5565b3930a02bb4135d78b105488e2cdfb93fe3131070a4ea9e3bc978a4,200,SUCCESS,2026-07-13T08:49:41.700920Z,full_sequence=H6_M2_2000_20260628_V1/release_date=2012-06-14/source_run=role5-h6-full-0659-20120614-a1/safe_headers.txt,75947507df57f3cf60a34b9907f39509b951a7e3c1018412d17dc2f915b2efd3,H6_TABLE1_MONTHLY_SA_M2_FULL_V1,true,FULL_NETWORK_ATTEMPT
role5-h6-full-0660-20120621-a1-body,role5-h6-full-0660-20120621-a1,20120621,https://www.federalreserve.gov/releases/h6/20120621/,full_sequence=H6_M2_2000_20260628_V1/release_date=2012-06-21/source_run=role5-h6-full-0660-20120621-a1/release.html,HTML,56737,966997847bc3747fff206a5d30b2d4f5e7095ad87158ffee1475d5b95dbbe102,200,SUCCESS,2026-07-13T08:49:42.728395Z,full_sequence=H6_M2_2000_20260628_V1/release_date=2012-06-21/source_run=role5-h6-full-0660-20120621-a1/safe_headers.txt,e9d13d55ea155a5a76f7ddac0c85247e21eab22aa42cfb5a700458642841afe4,H6_TABLE1_MONTHLY_SA_M2_FULL_V1,true,FULL_NETWORK_ATTEMPT
role5-h6-full-0661-20120628-a1-body,role5-h6-full-0661-20120628-a1,20120628,https://www.federalreserve.gov/releases/h6/20120628/,full_sequence=H6_M2_2000_20260628_V1/release_date=2012-06-28/source_run=role5-h6-full-0661-20120628-a1/release.html,HTML,56206,286e60bb186eabdcf169242f50d45954282bb14385805efffbdd747c3d61627d,200,SUCCESS,2026-07-13T08:49:43.714902Z,full_sequence=H6_M2_2000_20260628_V1/release_date=2012-06-28/source_run=role5-h6-full-0661-20120628-a1/safe_headers.txt,9f068017bb37510ac69256c73c2800318630421b1f847eabd1899fb069033fec,H6_TABLE1_MONTHLY_SA_M2_FULL_V1,true,FULL_NETWORK_ATTEMPT
role5-h6-full-0662-20120705-a1-body,role5-h6-full-0662-20120705-a1,20120705,https://www.federalreserve.gov/releases/h6/20120705/,full_sequence=H6_M2_2000_20260628_V1/release_date=2012-07-05/source_run=role5-h6-full-0662-20120705-a1/release.html,HTML,56734,86dd7d7c01bb9ba7ecd2582b11cea17e0a95bb3ece7159136ad1f9e201d37012,200,SUCCESS,2026-07-13T08:49:44.741972Z,full_sequence=H6_M2_2000_20260628_V1/release_date=2012-07-05/source_run=role5-h6-full-0662-20120705-a1/safe_headers.txt,82e15c6133e9d7f5f582e0a7e34923aa9b46d70533fdbc1e135e3f3906c06296,H6_TABLE1_MONTHLY_SA_M2_FULL_V1,true,FULL_NETWORK_ATTEMPT
role5-h6-full-0663-20120712-a1-body,role5-h6-full-0663-20120712-a1,20120712,https://www.federalreserve.gov/releases/h6/20120712/,full_sequence=H6_M2_2000_20260628_V1/release_date=2012-07-12/source_run=role5-h6-full-0663-20120712-a1/release.html,HTML,56737,4c16cce4d47ae51b2811d3706ad18b74ccdb3ecaf7695fc9a785be967b8ded02,200,SUCCESS,2026-07-13T08:49:45.737942Z,full_sequence=H6_M2_2000_20260628_V1/release_date=2012-07-12/source_run=role5-h6-full-0663-20120712-a1/safe_headers.txt,963ebf9e0e6660a69063c97250bacfecc9f7be3850bd0722713fc0c8a1e8c23c,H6_TABLE1_MONTHLY_SA_M2_FULL_V1,true,FULL_NETWORK_ATTEMPT
role5-h6-full-0664-20120719-a1-body,role5-h6-full-0664-20120719-a1,20120719,https://www.federalreserve.gov/releases/h6/20120719/,full_sequence=H6_M2_2000_20260628_V1/release_date=2012-07-19/source_run=role5-h6-full-0664-20120719-a1/release.html,HTML,56737,19d5fdc3c59445256db3ffbd6f8997ac9f6b31fe3a3ffaa079ccc63d529e4fed,200,SUCCESS,2026-07-13T08:49:46.724150Z,full_sequence=H6_M2_2000_20260628_V1/release_date=2012-07-19/source_run=role5-h6-full-0664-20120719-a1/safe_headers.txt,36879c73ae551a488f566b68209ac52e7b6a8cd4f1d1ae08de377871cdde1745,H6_TABLE1_MONTHLY_SA_M2_FULL_V1,true,FULL_NETWORK_ATTEMPT
role5-h6-full-0665-20120726-a1-body,role5-h6-full-0665-20120726-a1,20120726,https://www.federalreserve.gov/releases/h6/20120726/,full_sequence=H6_M2_2000_20260628_V1/release_date=2012-07-26/source_run=role5-h6-full-0665-20120726-a1/release.html,HTML,56737,6f0674e613057c5c4e6df7100285d86c9ea2e355f3416be19a883be32699dda8,200,SUCCESS,2026-07-13T08:49:47.721045Z,full_sequence=H6_M2_2000_20260628_V1/release_date=2012-07-26/source_run=role5-h6-full-0665-20120726-a1/safe_headers.txt,266b08bba4ef73903d8cfc09388e30027e8bfb9fb0a8fb52337fc2af451813eb,H6_TABLE1_MONTHLY_SA_M2_FULL_V1,true,FULL_NETWORK_ATTEMPT
role5-h6-full-0666-20120802-a1-body,role5-h6-full-0666-20120802-a1,20120802,https://www.federalreserve.gov/releases/h6/20120802/,full_sequence=H6_M2_2000_20260628_V1/release_date=2012-08-02/source_run=role5-h6-full-0666-20120802-a1/release.html,HTML,56740,0f94f997c9652d0d02f63b90ba053f47a20893c9f513943a1402ddb275a8249a,200,SUCCESS,2026-07-13T08:49:48.761412Z,full_sequence=H6_M2_2000_20260628_V1/release_date=2012-08-02/source_run=role5-h6-full-0666-20120802-a1/safe_headers.txt,3fc57e7d7fee21200486039c48b5a91b30e79113119b284286b701b8326738d1,H6_TABLE1_MONTHLY_SA_M2_FULL_V1,true,FULL_NETWORK_ATTEMPT
role5-h6-full-0667-20120809-a1-body,role5-h6-full-0667-20120809-a1,20120809,https://www.federalreserve.gov/releases/h6/20120809/,full_sequence=H6_M2_2000_20260628_V1/release_date=2012-08-09/source_run=role5-h6-full-0667-20120809-a1/release.html,HTML,56740,72f0e8a509f1087f2896f9a2f8d8cd10e19dc2afc0f14850a6d345af303c4779,200,SUCCESS,2026-07-13T08:49:49.756092Z,full_sequence=H6_M2_2000_20260628_V1/release_date=2012-08-09/source_run=role5-h6-full-0667-20120809-a1/safe_headers.txt,e82c7a1cdf4dd646466ea258edc85cde631f4ee1f3b1e5d86142c74e81a0cec0,H6_TABLE1_MONTHLY_SA_M2_FULL_V1,true,FULL_NETWORK_ATTEMPT
role5-h6-full-0668-20120816-a1-body,role5-h6-full-0668-20120816-a1,20120816,https://www.federalreserve.gov/releases/h6/20120816/,full_sequence=H6_M2_2000_20260628_V1/release_date=2012-08-16/source_run=role5-h6-full-0668-20120816-a1/release.html,HTML,56743,644a303dbc2cdff18f64bd551d107c02ea0bc48d789c40990c65ce0212c9721f,200,SUCCESS,2026-07-13T08:49:50.789044Z,full_sequence=H6_M2_2000_20260628_V1/release_date=2012-08-16/source_run=role5-h6-full-0668-20120816-a1/safe_headers.txt,8d1e57e04c9ebf323807046043b899c2d7979c1b997bdf91e5295ca945812e7e,H6_TABLE1_MONTHLY_SA_M2_FULL_V1,true,FULL_NETWORK_ATTEMPT
role5-h6-full-0669-20120823-a1-body,role5-h6-full-0669-20120823-a1,20120823,https://www.federalreserve.gov/releases/h6/20120823/,full_sequence=H6_M2_2000_20260628_V1/release_date=2012-08-23/source_run=role5-h6-full-0669-20120823-a1/release.html,HTML,56801,75da995133cf0e8901e3bb0acdc7628d8e2cd34326b37b51570bf1862530f069,200,SUCCESS,2026-07-13T08:49:51.769111Z,full_sequence=H6_M2_2000_20260628_V1/release_date=2012-08-23/source_run=role5-h6-full-0669-20120823-a1/safe_headers.txt,f4b622284fa017b774b2624522c8a454f26a86395bb967762f952cc9ede42eae,H6_TABLE1_MONTHLY_SA_M2_FULL_V1,true,FULL_NETWORK_ATTEMPT
role5-h6-full-0670-20120830-a1-body,role5-h6-full-0670-20120830-a1,20120830,https://www.federalreserve.gov/releases/h6/20120830/,full_sequence=H6_M2_2000_20260628_V1/release_date=2012-08-30/source_run=role5-h6-full-0670-20120830-a1/release.html,HTML,56857,9fd2949265fdbedbd60fff6d2ed969e78a4a340bcf518b92e39b3b81c1795ae5,200,SUCCESS,2026-07-13T08:49:52.781890Z,full_sequence=H6_M2_2000_20260628_V1/release_date=2012-08-30/source_run=role5-h6-full-0670-20120830-a1/safe_headers.txt,a18884d095b41589f760ff11e96d5a67ab155811e446e3124afb81d1d4c8de9c,H6_TABLE1_MONTHLY_SA_M2_FULL_V1,true,FULL_NETWORK_ATTEMPT
role5-h6-full-0671-20120906-a1-body,role5-h6-full-0671-20120906-a1,20120906,https://www.federalreserve.gov/releases/h6/20120906/,full_sequence=H6_M2_2000_20260628_V1/release_date=2012-09-06/source_run=role5-h6-full-0671-20120906-a1/release.html,HTML,56331,494bb5b49e2637366de3714ab229095ea9074d3a00a2712af66f42bbf34da822,200,SUCCESS,2026-07-13T08:49:53.845314Z,full_sequence=H6_M2_2000_20260628_V1/release_date=2012-09-06/source_run=role5-h6-full-0671-20120906-a1/safe_headers.txt,5177b56e318b347ee36a6304d1d92f64b37b333db39faa33c1c351e61411de49,H6_TABLE1_MONTHLY_SA_M2_FULL_V1,true,FULL_NETWORK_ATTEMPT
role5-h6-full-0672-20120913-a1-body,role5-h6-full-0672-20120913-a1,20120913,https://www.federalreserve.gov/releases/h6/20120913/,full_sequence=H6_M2_2000_20260628_V1/release_date=2012-09-13/source_run=role5-h6-full-0672-20120913-a1/release.html,HTML,56874,d5ad143daac1644f68efaf9e5155529a06b1f0b43bc34cc30b98099da460dde7,200,SUCCESS,2026-07-13T08:49:54.807870Z,full_sequence=H6_M2_2000_20260628_V1/release_date=2012-09-13/source_run=role5-h6-full-0672-20120913-a1/safe_headers.txt,f1b5124cac73d224bf1ebedf41163c46c22cd7ee1bcac8657f1eabb40b4c1914,H6_TABLE1_MONTHLY_SA_M2_FULL_V1,true,FULL_NETWORK_ATTEMPT
role5-h6-full-0673-20120920-a1-body,role5-h6-full-0673-20120920-a1,20120920,https://www.federalreserve.gov/releases/h6/20120920/,full_sequence=H6_M2_2000_20260628_V1/release_date=2012-09-20/source_run=role5-h6-full-0673-20120920-a1/release.html,HTML,56874,ad2f10d08c359fa0e7ec723388bf1f368441c2bb3d035eba0d2745b54ff0d6ad,200,SUCCESS,2026-07-13T08:49:55.805358Z,full_sequence=H6_M2_2000_20260628_V1/release_date=2012-09-20/source_run=role5-h6-full-0673-20120920-a1/safe_headers.txt,0555adcaebbdadc6cb3bfaae7327684b5e9479433e4794b60b0826128d45c596,H6_TABLE1_MONTHLY_SA_M2_FULL_V1,true,FULL_NETWORK_ATTEMPT
role5-h6-full-0674-20120927-a1-body,role5-h6-full-0674-20120927-a1,20120927,https://www.federalreserve.gov/releases/h6/20120927/,full_sequence=H6_M2_2000_20260628_V1/release_date=2012-09-27/source_run=role5-h6-full-0674-20120927-a1/release.html,HTML,56874,1bbe31a469eb5eced0a77544f4b6b0483a22b0ef5b1831a6e106a4153583a897,200,SUCCESS,2026-07-13T08:49:56.809063Z,full_sequence=H6_M2_2000_20260628_V1/release_date=2012-09-27/source_run=role5-h6-full-0674-20120927-a1/safe_headers.txt,62ad02abefdc8d2bb54e200c78760bdbb86ddfca7fbc1bf723a58db305416f38,H6_TABLE1_MONTHLY_SA_M2_FULL_V1,true,FULL_NETWORK_ATTEMPT
role5-h6-full-0675-20121004-a1-body,role5-h6-full-0675-20121004-a1,20121004,https://www.federalreserve.gov/releases/h6/20121004/,full_sequence=H6_M2_2000_20260628_V1/release_date=2012-10-04/source_run=role5-h6-full-0675-20121004-a1/release.html,HTML,56865,ba17749532a6b9137f602bf1e7f11f75d8c955b89056d045bb288827013f2059,200,SUCCESS,2026-07-13T08:49:57.881207Z,full_sequence=H6_M2_2000_20260628_V1/release_date=2012-10-04/source_run=role5-h6-full-0675-20121004-a1/safe_headers.txt,6a821f3d10e18a2c98e84109e5b03969060469300b3bfa3421b1e35b765dca5f,H6_TABLE1_MONTHLY_SA_M2_FULL_V1,true,FULL_NETWORK_ATTEMPT
role5-h6-full-0676-20121011-a1-body,role5-h6-full-0676-20121011-a1,20121011,https://www.federalreserve.gov/releases/h6/20121011/,full_sequence=H6_M2_2000_20260628_V1/release_date=2012-10-11/source_run=role5-h6-full-0676-20121011-a1/release.html,HTML,56868,2f4bf475f1cc455d8fc6896480bc369081abdebf15fe8206ff4aa6f65b95e368,200,SUCCESS,2026-07-13T08:49:58.846879Z,full_sequence=H6_M2_2000_20260628_V1/release_date=2012-10-11/source_run=role5-h6-full-0676-20121011-a1/safe_headers.txt,22697011d6979ab829e0988b6c9b86751a716a8e29b5430583dec9bf4682d6d3,H6_TABLE1_MONTHLY_SA_M2_FULL_V1,true,FULL_NETWORK_ATTEMPT
role5-h6-full-0677-20121018-a1-body,role5-h6-full-0677-20121018-a1,20121018,https://www.federalreserve.gov/releases/h6/20121018/,full_sequence=H6_M2_2000_20260628_V1/release_date=2012-10-18/source_run=role5-h6-full-0677-20121018-a1/release.html,HTML,56868,a8056164887edbc8f910db5ef38ab4929345e6827b0e16fb85e21dfdaa39f411,200,SUCCESS,2026-07-13T08:49:59.823056Z,full_sequence=H6_M2_2000_20260628_V1/release_date=2012-10-18/source_run=role5-h6-full-0677-20121018-a1/safe_headers.txt,3b4969cbf9ea75aed6fbc97cf803275bb8357fafefd9e3d37eae61a6d75ba4bd,H6_TABLE1_MONTHLY_SA_M2_FULL_V1,true,FULL_NETWORK_ATTEMPT
role5-h6-full-0678-20121025-a1-body,role5-h6-full-0678-20121025-a1,20121025,https://www.federalreserve.gov/releases/h6/20121025/,full_sequence=H6_M2_2000_20260628_V1/release_date=2012-10-25/source_run=role5-h6-full-0678-20121025-a1/release.html,HTML,56868,f0318cabd829a38122f30217345c9e5bac722f91de6c1a07f953a3ac9d90c0d4,200,SUCCESS,2026-07-13T08:50:00.833869Z,full_sequence=H6_M2_2000_20260628_V1/release_date=2012-10-25/source_run=role5-h6-full-0678-20121025-a1/safe_headers.txt,7265bc7dac5704544efdb4e35a488177118139274df76e39b7eb4ea55c527aa7,H6_TABLE1_MONTHLY_SA_M2_FULL_V1,true,FULL_NETWORK_ATTEMPT
role5-h6-full-0679-20121101-a1-body,role5-h6-full-0679-20121101-a1,20121101,https://www.federalreserve.gov/releases/h6/20121101/,full_sequence=H6_M2_2000_20260628_V1/release_date=2012-11-01/source_run=role5-h6-full-0679-20121101-a1/release.html,HTML,56868,94258dc260abe5e0625cf0b2978f81bbb3b84702dff62db859cf46773c5c1e9f,200,SUCCESS,2026-07-13T08:50:01.842938Z,full_sequence=H6_M2_2000_20260628_V1/release_date=2012-11-01/source_run=role5-h6-full-0679-20121101-a1/safe_headers.txt,bcd1feb49f61faf8753abc19e7f2d1ba58c67f1a29c7196bb5617ab623a4b8d9,H6_TABLE1_MONTHLY_SA_M2_FULL_V1,true,FULL_NETWORK_ATTEMPT
role5-h6-full-0680-20121108-a1-body,role5-h6-full-0680-20121108-a1,20121108,https://www.federalreserve.gov/releases/h6/20121108/,full_sequence=H6_M2_2000_20260628_V1/release_date=2012-11-08/source_run=role5-h6-full-0680-20121108-a1/release.html,HTML,56868,8a2ce84aea4cc57a9d12c569c1f5f332f6c047f1d5e9c1755f8ffb145e38474c,200,SUCCESS,2026-07-13T08:50:02.856456Z,full_sequence=H6_M2_2000_20260628_V1/release_date=2012-11-08/source_run=role5-h6-full-0680-20121108-a1/safe_headers.txt,2f2395888c0a35864fbc7233e252aeee023d2654f1a79b710290b4e3e22ee054,H6_TABLE1_MONTHLY_SA_M2_FULL_V1,true,FULL_NETWORK_ATTEMPT
role5-h6-full-0681-20121115-a1-body,role5-h6-full-0681-20121115-a1,20121115,https://www.federalreserve.gov/releases/h6/20121115/,full_sequence=H6_M2_2000_20260628_V1/release_date=2012-11-15/source_run=role5-h6-full-0681-20121115-a1/release.html,HTML,56338,88305b7a482583fd11c76f27ccfd6f199cc360022e97be1c509d2d3441fb518a,200,SUCCESS,2026-07-13T08:50:03.890458Z,full_sequence=H6_M2_2000_20260628_V1/release_date=2012-11-15/source_run=role5-h6-full-0681-20121115-a1/safe_headers.txt,27f69d6497113cd0c6aa40641ae2f2f5fdfa6172381ebcc39b392467133b2777,H6_TABLE1_MONTHLY_SA_M2_FULL_V1,true,FULL_NETWORK_ATTEMPT
role5-h6-full-0682-20121123-a1-body,role5-h6-full-0682-20121123-a1,20121123,https://www.federalreserve.gov/releases/h6/20121123/,full_sequence=H6_M2_2000_20260628_V1/release_date=2012-11-23/source_run=role5-h6-full-0682-20121123-a1/release.html,HTML,56871,22882b2d86b60adf695b61092aef27c655ebb8c26aeb90a681c80ac966a8d9a9,200,SUCCESS,2026-07-13T08:50:04.904361Z,full_sequence=H6_M2_2000_20260628_V1/release_date=2012-11-23/source_run=role5-h6-full-0682-20121123-a1/safe_headers.txt,7c2abb40c1f79b7a208d245dc6a1fe61c21d5f7357c6dd416bf8cee8cec06115,H6_TABLE1_MONTHLY_SA_M2_FULL_V1,true,FULL_NETWORK_ATTEMPT
role5-h6-full-0683-20121129-a1-body,role5-h6-full-0683-20121129-a1,20121129,https://www.federalreserve.gov/releases/h6/20121129/,full_sequence=H6_M2_2000_20260628_V1/release_date=2012-11-29/source_run=role5-h6-full-0683-20121129-a1/release.html,HTML,56871,6836cb3f8bccc08405144a19c5a07f26be72e77a5c6887d2c86eb78772f8e6e1,200,SUCCESS,2026-07-13T08:50:05.903467Z,full_sequence=H6_M2_2000_20260628_V1/release_date=2012-11-29/source_run=role5-h6-full-0683-20121129-a1/safe_headers.txt,fcaba4b855cce9a565b68f639148629c2cf3b127a97f8c7430baea1d75ee5706,H6_TABLE1_MONTHLY_SA_M2_FULL_V1,true,FULL_NETWORK_ATTEMPT
role5-h6-full-0684-20121206-a1-body,role5-h6-full-0684-20121206-a1,20121206,https://www.federalreserve.gov/releases/h6/20121206/,full_sequence=H6_M2_2000_20260628_V1/release_date=2012-12-06/source_run=role5-h6-full-0684-20121206-a1/release.html,HTML,56868,c07da0b6ec5c70e539ca956f61b5e9121d0bfd0e647ceada3268bab93323f29e,200,SUCCESS,2026-07-13T08:50:08.925623Z,full_sequence=H6_M2_2000_20260628_V1/release_date=2012-12-06/source_run=role5-h6-full-0684-20121206-a1/safe_headers.txt,4be7bd6c95b138ec6168391cd3b2f02448570c4cf357ecfb02a69a0782e7a5df,H6_TABLE1_MONTHLY_SA_M2_FULL_V1,true,FULL_NETWORK_ATTEMPT
role5-h6-full-0685-20121213-a1-body,role5-h6-full-0685-20121213-a1,20121213,https://www.federalreserve.gov/releases/h6/20121213/,full_sequence=H6_M2_2000_20260628_V1/release_date=2012-12-13/source_run=role5-h6-full-0685-20121213-a1/release.html,HTML,56871,9b6a07f649dd4d208a4817e6b65b45936d943174b62c8ccf18266fb60253c587,200,SUCCESS,2026-07-13T08:50:09.299336Z,full_sequence=H6_M2_2000_20260628_V1/release_date=2012-12-13/source_run=role5-h6-full-0685-20121213-a1/safe_headers.txt,e1d85a631aea9ee75d4e610f0b884dd1ecbaa21c10b880245c064219fc44e39f,H6_TABLE1_MONTHLY_SA_M2_FULL_V1,true,FULL_NETWORK_ATTEMPT
role5-h6-full-0686-20121220-a1-body,role5-h6-full-0686-20121220-a1,20121220,https://www.federalreserve.gov/releases/h6/20121220/,full_sequence=H6_M2_2000_20260628_V1/release_date=2012-12-20/source_run=role5-h6-full-0686-20121220-a1/release.html,HTML,56871,d20016ae60d93c1704e85ca41ac4bd957bb9c010173c9c80f688330ac3ae4ea9,200,SUCCESS,2026-07-13T08:50:10.317598Z,full_sequence=H6_M2_2000_20260628_V1/release_date=2012-12-20/source_run=role5-h6-full-0686-20121220-a1/safe_headers.txt,e7a61b6dd950dc06ef2b8aac5fc9fbcc7acd1a46802a68b59a9d9e74f4ebefa0,H6_TABLE1_MONTHLY_SA_M2_FULL_V1,true,FULL_NETWORK_ATTEMPT
role5-h6-full-0687-20121227-a1-body,role5-h6-full-0687-20121227-a1,20121227,https://www.federalreserve.gov/releases/h6/20121227/,full_sequence=H6_M2_2000_20260628_V1/release_date=2012-12-27/source_run=role5-h6-full-0687-20121227-a1/release.html,HTML,56871,a7b80728c0367255f105516175ac0785cc0e049a5ec11850e89183d864adfd52,200,SUCCESS,2026-07-13T08:50:11.347395Z,full_sequence=H6_M2_2000_20260628_V1/release_date=2012-12-27/source_run=role5-h6-full-0687-20121227-a1/safe_headers.txt,39abe2d1d45af534c5d760bffbf2880b313b2b194879bd072840aacbe954cc99,H6_TABLE1_MONTHLY_SA_M2_FULL_V1,true,FULL_NETWORK_ATTEMPT
role5-h6-full-0688-20130103-a1-body,role5-h6-full-0688-20130103-a1,20130103,https://www.federalreserve.gov/releases/h6/20130103/,full_sequence=H6_M2_2000_20260628_V1/release_date=2013-01-03/source_run=role5-h6-full-0688-20130103-a1/release.html,HTML,56865,3db7da6940e44d9a1c67d4834577b52b9f1e2b0bd91a3a59eeed872e5cbcffd9,200,SUCCESS,2026-07-13T08:50:12.305634Z,full_sequence=H6_M2_2000_20260628_V1/release_date=2013-01-03/source_run=role5-h6-full-0688-20130103-a1/safe_headers.txt,821d92da55dc993fb93ef5ec6221951822c7b2e6ac402d385aea9cd838c5d682,H6_TABLE1_MONTHLY_SA_M2_FULL_V1,true,FULL_NETWORK_ATTEMPT
role5-h6-full-0689-20130110-a1-body,role5-h6-full-0689-20130110-a1,20130110,https://www.federalreserve.gov/releases/h6/20130110/,full_sequence=H6_M2_2000_20260628_V1/release_date=2013-01-10/source_run=role5-h6-full-0689-20130110-a1/release.html,HTML,56868,3719b9de820bf8973e29643dc3b05b5c8908be7779885b11c8f1916aeab4e301,200,SUCCESS,2026-07-13T08:50:13.335436Z,full_sequence=H6_M2_2000_20260628_V1/release_date=2013-01-10/source_run=role5-h6-full-0689-20130110-a1/safe_headers.txt,20d5daf86879e151332f5d65ac0eab40588f37ebb17b8dd04fd3aa3e0ac073ec,H6_TABLE1_MONTHLY_SA_M2_FULL_V1,true,FULL_NETWORK_ATTEMPT
role5-h6-full-0690-20130117-a1-body,role5-h6-full-0690-20130117-a1,20130117,https://www.federalreserve.gov/releases/h6/20130117/,full_sequence=H6_M2_2000_20260628_V1/release_date=2013-01-17/source_run=role5-h6-full-0690-20130117-a1/release.html,HTML,88909,8a8b24f374c56c0f70445a51ce1044f954aa6cb76a322dba7f97ecc5e7d2598f,200,SUCCESS,2026-07-13T08:50:14.357092Z,full_sequence=H6_M2_2000_20260628_V1/release_date=2013-01-17/source_run=role5-h6-full-0690-20130117-a1/safe_headers.txt,7a401ec5404e41a5de3ed6953eb5890dca82bc3d7cbc93c34bf3cf96a6d7e8b7,H6_TABLE1_MONTHLY_SA_M2_FULL_V1,true,FULL_NETWORK_ATTEMPT
role5-h6-full-0691-20130124-a1-body,role5-h6-full-0691-20130124-a1,20130124,https://www.federalreserve.gov/releases/h6/20130124/,full_sequence=H6_M2_2000_20260628_V1/release_date=2013-01-24/source_run=role5-h6-full-0691-20130124-a1/release.html,HTML,56868,29c84426acf63174e19def14c27ad0b63258197535e61ba56ad4020f68a730de,200,SUCCESS,2026-07-13T08:50:15.378709Z,full_sequence=H6_M2_2000_20260628_V1/release_date=2013-01-24/source_run=role5-h6-full-0691-20130124-a1/safe_headers.txt,64847a1f2518817a81e2848e08982d7e01404b4001dcf820de5deae9c9cb3046,H6_TABLE1_MONTHLY_SA_M2_FULL_V1,true,FULL_NETWORK_ATTEMPT
role5-h6-full-0692-20130131-a1-body,role5-h6-full-0692-20130131-a1,20130131,https://www.federalreserve.gov/releases/h6/20130131/,full_sequence=H6_M2_2000_20260628_V1/release_date=2013-01-31/source_run=role5-h6-full-0692-20130131-a1/release.html,HTML,56868,21edb7402e21528db54a9081fd153128d17f69553a166a8e8883a02c6272e9dc,200,SUCCESS,2026-07-13T08:50:16.341754Z,full_sequence=H6_M2_2000_20260628_V1/release_date=2013-01-31/source_run=role5-h6-full-0692-20130131-a1/safe_headers.txt,f775d6b08bf094f5345bea67de9fd2979921bf4dcc4b0bfc3d854573a11b0352,H6_TABLE1_MONTHLY_SA_M2_FULL_V1,true,FULL_NETWORK_ATTEMPT
role5-h6-full-0693-20130207-a1-body,role5-h6-full-0693-20130207-a1,20130207,https://www.federalreserve.gov/releases/h6/20130207/,full_sequence=H6_M2_2000_20260628_V1/release_date=2013-02-07/source_run=role5-h6-full-0693-20130207-a1/release.html,HTML,56868,380faabbc1c731d33c336f660dca0df0868b91bd09117c08e4847d6ff2a92492,200,SUCCESS,2026-07-13T08:50:17.365575Z,full_sequence=H6_M2_2000_20260628_V1/release_date=2013-02-07/source_run=role5-h6-full-0693-20130207-a1/safe_headers.txt,97c93b82c90fe29fe644a64ad5df6dd3fe5168f1926bcf9fcd9a3be1c10d2ade,H6_TABLE1_MONTHLY_SA_M2_FULL_V1,true,FULL_NETWORK_ATTEMPT
role5-h6-full-0694-20130214-a1-body,role5-h6-full-0694-20130214-a1,20130214,https://www.federalreserve.gov/releases/h6/20130214/,full_sequence=H6_M2_2000_20260628_V1/release_date=2013-02-14/source_run=role5-h6-full-0694-20130214-a1/release.html,HTML,56871,3195529dab03abfc180561269ea7c2be12dd477dcb377ef7f02bcf14bd6b104d,200,SUCCESS,2026-07-13T08:50:18.358856Z,full_sequence=H6_M2_2000_20260628_V1/release_date=2013-02-14/source_run=role5-h6-full-0694-20130214-a1/safe_headers.txt,b6e15129664261771aa6864f849a47c4c4b3979ed02c818302cd789f26f1f210,H6_TABLE1_MONTHLY_SA_M2_FULL_V1,true,FULL_NETWORK_ATTEMPT
role5-h6-full-0695-20130221-a1-body,role5-h6-full-0695-20130221-a1,20130221,https://www.federalreserve.gov/releases/h6/20130221/,full_sequence=H6_M2_2000_20260628_V1/release_date=2013-02-21/source_run=role5-h6-full-0695-20130221-a1/release.html,HTML,56871,67696ffef73e2c885a8144fc509aff956e39217f67517994e56af18d6bb9cfa9,200,SUCCESS,2026-07-13T08:50:19.359823Z,full_sequence=H6_M2_2000_20260628_V1/release_date=2013-02-21/source_run=role5-h6-full-0695-20130221-a1/safe_headers.txt,d21d7bb6d5a3a46577cf5671d14fd6c3e8dc869f72caec5ea63a8baf7380cb80,H6_TABLE1_MONTHLY_SA_M2_FULL_V1,true,FULL_NETWORK_ATTEMPT
role5-h6-full-0696-20130228-a1-body,role5-h6-full-0696-20130228-a1,20130228,https://www.federalreserve.gov/releases/h6/20130228/,full_sequence=H6_M2_2000_20260628_V1/release_date=2013-02-28/source_run=role5-h6-full-0696-20130228-a1/release.html,HTML,56871,5d45d6a492b6ac769ce493f3de02fc82dbe6883e18f77a838d6396a8547c6b72,200,SUCCESS,2026-07-13T08:50:20.391447Z,full_sequence=H6_M2_2000_20260628_V1/release_date=2013-02-28/source_run=role5-h6-full-0696-20130228-a1/safe_headers.txt,d37f7566e8fb16f805648fbafc0a6e92c2b0db51a035c21fa2e6a50cdc458428,H6_TABLE1_MONTHLY_SA_M2_FULL_V1,true,FULL_NETWORK_ATTEMPT
role5-h6-full-0697-20130307-a1-body,role5-h6-full-0697-20130307-a1,20130307,https://www.federalreserve.gov/releases/h6/20130307/,full_sequence=H6_M2_2000_20260628_V1/release_date=2013-03-07/source_run=role5-h6-full-0697-20130307-a1/release.html,HTML,56859,cb44b6c507856d87e6e9fea6b40a475e4d82fc169803cb7427ce13d14eb1ce22,200,SUCCESS,2026-07-13T08:50:21.359428Z,full_sequence=H6_M2_2000_20260628_V1/release_date=2013-03-07/source_run=role5-h6-full-0697-20130307-a1/safe_headers.txt,10fc12a0b67f6292a298e824259fc31a17593329c706b418efc8333c8f10e1e5,H6_TABLE1_MONTHLY_SA_M2_FULL_V1,true,FULL_NETWORK_ATTEMPT
role5-h6-full-0698-20130314-a1-body,role5-h6-full-0698-20130314-a1,20130314,https://www.federalreserve.gov/releases/h6/20130314/,full_sequence=H6_M2_2000_20260628_V1/release_date=2013-03-14/source_run=role5-h6-full-0698-20130314-a1/release.html,HTML,56862,a8730a5222161f5b72e7954de43a7395345fb7ffd428e7ff558b496b62940373,200,SUCCESS,2026-07-13T08:50:22.429504Z,full_sequence=H6_M2_2000_20260628_V1/release_date=2013-03-14/source_run=role5-h6-full-0698-20130314-a1/safe_headers.txt,fe751f1ba94253c35e33bffa0bbca0c3d51480be349ca2e001e800ec3bccfb43,H6_TABLE1_MONTHLY_SA_M2_FULL_V1,true,FULL_NETWORK_ATTEMPT
role5-h6-full-0699-20130321-a1-body,role5-h6-full-0699-20130321-a1,20130321,https://www.federalreserve.gov/releases/h6/20130321/,full_sequence=H6_M2_2000_20260628_V1/release_date=2013-03-21/source_run=role5-h6-full-0699-20130321-a1/release.html,HTML,56862,867c28d80836501c796898fa779e40d440f7477348538eb73b05e2f79bc00c2c,200,SUCCESS,2026-07-13T08:50:23.402944Z,full_sequence=H6_M2_2000_20260628_V1/release_date=2013-03-21/source_run=role5-h6-full-0699-20130321-a1/safe_headers.txt,7644bb08edcbb759edcc4c8c076ee7452bc8a6882ffb3405a9051b0cbd5a0255,H6_TABLE1_MONTHLY_SA_M2_FULL_V1,true,FULL_NETWORK_ATTEMPT
role5-h6-full-0700-20130328-a1-body,role5-h6-full-0700-20130328-a1,20130328,https://www.federalreserve.gov/releases/h6/20130328/,full_sequence=H6_M2_2000_20260628_V1/release_date=2013-03-28/source_run=role5-h6-full-0700-20130328-a1/release.html,HTML,56915,62518be66c80c79d7976a6ce041ba505b53f8b9a9a3df17d0c685fdc6d8fb6c4,200,SUCCESS,2026-07-13T08:50:24.399752Z,full_sequence=H6_M2_2000_20260628_V1/release_date=2013-03-28/source_run=role5-h6-full-0700-20130328-a1/safe_headers.txt,2d2ca9ce0402add5939dc08d18dc692430e4830b471f74f68fab069bc969cff6,H6_TABLE1_MONTHLY_SA_M2_FULL_V1,true,FULL_NETWORK_ATTEMPT
role5-h6-correction-0703-20130404-body,role5-h6-correction-0703-20130404,20130404,https://www.federalreserve.gov/releases/h6/20130404/,full_sequence=H6_M2_2000_20260628_V1/identity_corrections/json_identity=2013-04-05/canonical_release/source_run=role5-h6-correction-0703-20130404/release.html,HTML,56912,a297b6bdcf6eee6dbf7cd0c67dc86c56a7268e8ee2a637700feb0f6736ea444f,200,SUCCESS_IDENTITY_CORRECTION,2026-07-13T08:55:41.693748Z,full_sequence=H6_M2_2000_20260628_V1/identity_corrections/json_identity=2013-04-05/canonical_release/source_run=role5-h6-correction-0703-20130404/safe_headers.txt,70eab18b26b0efac93698b7a649645d5c526ddacbbe28d17c05777ce5e1ecac5,H6_TABLE1_MONTHLY_SA_M2_FULL_V1,true,FULL_NETWORK_ATTEMPT
role5-h6-full-0701-20130405-a1-body,role5-h6-full-0701-20130405-a1,20130405,https://www.federalreserve.gov/releases/h6/20130405/,full_sequence=H6_M2_2000_20260628_V1/release_date=2013-04-05/source_run=role5-h6-full-0701-20130405-a1/release.html,HTML,82115,8381d8fbe2eb945261b2dc55fb5045cc4650c414cd34d6c312a4c55101c6a616,404,STOP_HTTP_ERROR,2026-07-13T08:50:27.434355Z,full_sequence=H6_M2_2000_20260628_V1/release_date=2013-04-05/source_run=role5-h6-full-0701-20130405-a1/safe_headers.txt,7a5620e0bb61f5069d8c5d513ce3230f10dcfc348e0ab88f4793199dbaa2b906,H6_TABLE1_MONTHLY_SA_M2_FULL_V1,false,FULL_NETWORK_ATTEMPT
role5-h6-full-0704-20130411-a1-body,role5-h6-full-0704-20130411-a1,20130411,https://www.federalreserve.gov/releases/h6/20130411/,full_sequence=H6_M2_2000_20260628_V1/release_date=2013-04-11/source_run=role5-h6-full-0704-20130411-a1/release.html,HTML,56915,8b571d0e28cfb800dffbdc0bb4e958364015ba143b61c8142ecf09554c9e9864,200,SUCCESS,2026-07-13T08:55:42.319836Z,full_sequence=H6_M2_2000_20260628_V1/release_date=2013-04-11/source_run=role5-h6-full-0704-20130411-a1/safe_headers.txt,b6e2dac8c6f84484309894c63eb6b908cdd4a13ad259a586ee31f36b6903dc47,H6_TABLE1_MONTHLY_SA_M2_FULL_V1,true,FULL_NETWORK_ATTEMPT
role5-h6-full-0705-20130418-a1-body,role5-h6-full-0705-20130418-a1,20130418,https://www.federalreserve.gov/releases/h6/20130418/,full_sequence=H6_M2_2000_20260628_V1/release_date=2013-04-18/source_run=role5-h6-full-0705-20130418-a1/release.html,HTML,56915,33757b969a634253e14c53d37c6068083d8ed9e2552a25b78e96c2bcf6345119,200,SUCCESS,2026-07-13T08:55:43.343735Z,full_sequence=H6_M2_2000_20260628_V1/release_date=2013-04-18/source_run=role5-h6-full-0705-20130418-a1/safe_headers.txt,bed0b3dc6be79958247924c1a7a9ce0235bc4e495c27352ac50c00dcaff566df,H6_TABLE1_MONTHLY_SA_M2_FULL_V1,true,FULL_NETWORK_ATTEMPT
role5-h6-full-0706-20130425-a1-body,role5-h6-full-0706-20130425-a1,20130425,https://www.federalreserve.gov/releases/h6/20130425/,full_sequence=H6_M2_2000_20260628_V1/release_date=2013-04-25/source_run=role5-h6-full-0706-20130425-a1/release.html,HTML,56915,94ef9c71782aa06279320c341a1c50855ad24afaeea9443a6af5f0a7e59aa391,200,SUCCESS,2026-07-13T08:55:44.341713Z,full_sequence=H6_M2_2000_20260628_V1/release_date=2013-04-25/source_run=role5-h6-full-0706-20130425-a1/safe_headers.txt,9ad4cd440cb944e5d770ae9e0aadb1a5baeabafe67dcb5b555a41906450931d3,H6_TABLE1_MONTHLY_SA_M2_FULL_V1,true,FULL_NETWORK_ATTEMPT
role5-h6-full-0707-20130502-a1-body,role5-h6-full-0707-20130502-a1,20130502,https://www.federalreserve.gov/releases/h6/20130502/,full_sequence=H6_M2_2000_20260628_V1/release_date=2013-05-02/source_run=role5-h6-full-0707-20130502-a1/release.html,HTML,56906,131979c1f5fab8e058322cdd4db497630fc9440afb1354c77a2d9701b6efbde4,200,SUCCESS,2026-07-13T08:55:45.333971Z,full_sequence=H6_M2_2000_20260628_V1/release_date=2013-05-02/source_run=role5-h6-full-0707-20130502-a1/safe_headers.txt,9da4681d0054594fe1f9f502d4bda232c09e255af65fa0a59c09f42e4eceb58c,H6_TABLE1_MONTHLY_SA_M2_FULL_V1,true,FULL_NETWORK_ATTEMPT
role5-h6-full-0708-20130509-a1-body,role5-h6-full-0708-20130509-a1,20130509,https://www.federalreserve.gov/releases/h6/20130509/,full_sequence=H6_M2_2000_20260628_V1/release_date=2013-05-09/source_run=role5-h6-full-0708-20130509-a1/release.html,HTML,56906,52fc16b79088095234b6c6afca7cfb7d2f8632c2d8fa9845641df3eead7d8443,200,SUCCESS,2026-07-13T08:55:46.341730Z,full_sequence=H6_M2_2000_20260628_V1/release_date=2013-05-09/source_run=role5-h6-full-0708-20130509-a1/safe_headers.txt,936d952c716d220b3c6e6bb30f5aef6b5dd1d8df85d457c1f843d31462b35fed,H6_TABLE1_MONTHLY_SA_M2_FULL_V1,true,FULL_NETWORK_ATTEMPT
role5-h6-full-0709-20130516-a1-body,role5-h6-full-0709-20130516-a1,20130516,https://www.federalreserve.gov/releases/h6/20130516/,full_sequence=H6_M2_2000_20260628_V1/release_date=2013-05-16/source_run=role5-h6-full-0709-20130516-a1/release.html,HTML,56909,fcfb1450cc1186ddf9045840babbe496a3e092355e1d5571ae66294064914cd7,200,SUCCESS,2026-07-13T08:55:47.357579Z,full_sequence=H6_M2_2000_20260628_V1/release_date=2013-05-16/source_run=role5-h6-full-0709-20130516-a1/safe_headers.txt,3689c57c2574621d411aa316620b979404fcfb2e6c38201b094a747cc8473a2d,H6_TABLE1_MONTHLY_SA_M2_FULL_V1,true,FULL_NETWORK_ATTEMPT
role5-h6-full-0710-20130523-a1-body,role5-h6-full-0710-20130523-a1,20130523,https://www.federalreserve.gov/releases/h6/20130523/,full_sequence=H6_M2_2000_20260628_V1/release_date=2013-05-23/source_run=role5-h6-full-0710-20130523-a1/release.html,HTML,56367,aad39fc60056a3e30110b9567f2066e69b0152547c74e8a8188b3937272cd1b3,200,SUCCESS,2026-07-13T08:55:48.404387Z,full_sequence=H6_M2_2000_20260628_V1/release_date=2013-05-23/source_run=role5-h6-full-0710-20130523-a1/safe_headers.txt,837bcbc2521acd7962cfc063cb8c4aae333b737d6d6ab483d893e4714d4fe5ca,H6_TABLE1_MONTHLY_SA_M2_FULL_V1,true,FULL_NETWORK_ATTEMPT
role5-h6-full-0711-20130530-a1-body,role5-h6-full-0711-20130530-a1,20130530,https://www.federalreserve.gov/releases/h6/20130530/,full_sequence=H6_M2_2000_20260628_V1/release_date=2013-05-30/source_run=role5-h6-full-0711-20130530-a1/release.html,HTML,56909,16bb248e3d9eac9673a09881c91dc8bfaa159e752c78c32c0314a6893b67f23f,200,SUCCESS,2026-07-13T08:55:49.371720Z,full_sequence=H6_M2_2000_20260628_V1/release_date=2013-05-30/source_run=role5-h6-full-0711-20130530-a1/safe_headers.txt,69f0129be37d5c61c70f5128b4e9507b00acc7d7917d94cbeb590fb5d753a512,H6_TABLE1_MONTHLY_SA_M2_FULL_V1,true,FULL_NETWORK_ATTEMPT
role5-h6-full-0712-20130606-a1-body,role5-h6-full-0712-20130606-a1,20130606,https://www.federalreserve.gov/releases/h6/20130606/,full_sequence=H6_M2_2000_20260628_V1/release_date=2013-06-06/source_run=role5-h6-full-0712-20130606-a1/release.html,HTML,56909,dd0fd28e61687fa0606378b1d14daf7d939b898c182a5866e69279f46165a1a0,200,SUCCESS,2026-07-13T08:55:50.376219Z,full_sequence=H6_M2_2000_20260628_V1/release_date=2013-06-06/source_run=role5-h6-full-0712-20130606-a1/safe_headers.txt,ccb8f1cb15676814cb50c1212683d3c0b83c4bd6a67821f0041dc021dc7026ab,H6_TABLE1_MONTHLY_SA_M2_FULL_V1,true,FULL_NETWORK_ATTEMPT
role5-h6-full-0713-20130613-a1-body,role5-h6-full-0713-20130613-a1,20130613,https://www.federalreserve.gov/releases/h6/20130613/,full_sequence=H6_M2_2000_20260628_V1/release_date=2013-06-13/source_run=role5-h6-full-0713-20130613-a1/release.html,HTML,56912,61a8a0efb9ec71ee24b04faa3fb577f3820769e9a9e9354f66c8d75dd335c68c,200,SUCCESS,2026-07-13T08:55:51.386361Z,full_sequence=H6_M2_2000_20260628_V1/release_date=2013-06-13/source_run=role5-h6-full-0713-20130613-a1/safe_headers.txt,fe4f141d189c8aa0af55eac52b90baa78d95933abb7f0820c83533065af0aecd,H6_TABLE1_MONTHLY_SA_M2_FULL_V1,true,FULL_NETWORK_ATTEMPT
role5-h6-full-0714-20130620-a1-body,role5-h6-full-0714-20130620-a1,20130620,https://www.federalreserve.gov/releases/h6/20130620/,full_sequence=H6_M2_2000_20260628_V1/release_date=2013-06-20/source_run=role5-h6-full-0714-20130620-a1/release.html,HTML,56912,285d5ba49610aa53961b5162803e80dd07fa63a8e0881ea431e0eef9333e21bb,200,SUCCESS,2026-07-13T08:55:52.498146Z,full_sequence=H6_M2_2000_20260628_V1/release_date=2013-06-20/source_run=role5-h6-full-0714-20130620-a1/safe_headers.txt,232e32a573ba7f356d009ed2141ee008015b7ca5d0e52599c06f653c6bcab0a4,H6_TABLE1_MONTHLY_SA_M2_FULL_V1,true,FULL_NETWORK_ATTEMPT
role5-h6-full-0715-20130627-a1-body,role5-h6-full-0715-20130627-a1,20130627,https://www.federalreserve.gov/releases/h6/20130627/,full_sequence=H6_M2_2000_20260628_V1/release_date=2013-06-27/source_run=role5-h6-full-0715-20130627-a1/release.html,HTML,56912,49f4461299838d6b15ead2f0ceefcb5feea3c7e0fb0b567d05deb7ca09050cb1,200,SUCCESS,2026-07-13T08:55:53.396640Z,full_sequence=H6_M2_2000_20260628_V1/release_date=2013-06-27/source_run=role5-h6-full-0715-20130627-a1/safe_headers.txt,b383ca0334985c387f92b5bfc4b09e93754886d850363cdf8ed71a5c645436b4,H6_TABLE1_MONTHLY_SA_M2_FULL_V1,true,FULL_NETWORK_ATTEMPT
role5-h6-full-0716-20130705-a1-body,role5-h6-full-0716-20130705-a1,20130705,https://www.federalreserve.gov/releases/h6/20130705/,full_sequence=H6_M2_2000_20260628_V1/release_date=2013-07-05/source_run=role5-h6-full-0716-20130705-a1/release.html,HTML,56367,05b0b851343f3ef7fb3acf7de8b95f352a31e05455d66ec12d18adaf36c53fe9,200,SUCCESS,2026-07-13T08:55:54.447977Z,full_sequence=H6_M2_2000_20260628_V1/release_date=2013-07-05/source_run=role5-h6-full-0716-20130705-a1/safe_headers.txt,5301a53c432639aaf7037d980da6954bd2e60c8eb1bf4dae59b5d5b05c8ea529,H6_TABLE1_MONTHLY_SA_M2_FULL_V1,true,FULL_NETWORK_ATTEMPT
role5-h6-full-0717-20130711-a1-body,role5-h6-full-0717-20130711-a1,20130711,https://www.federalreserve.gov/releases/h6/20130711/,full_sequence=H6_M2_2000_20260628_V1/release_date=2013-07-11/source_run=role5-h6-full-0717-20130711-a1/release.html,HTML,56912,485c8da74802b14c0cb0be7157b592f53708b39bc705f4c0af8466747450e528,200,SUCCESS,2026-07-13T08:55:55.414590Z,full_sequence=H6_M2_2000_20260628_V1/release_date=2013-07-11/source_run=role5-h6-full-0717-20130711-a1/safe_headers.txt,79353367f2fceed1cd580b34243aa2f678e774b71b0f698c451e4b7391536d9f,H6_TABLE1_MONTHLY_SA_M2_FULL_V1,true,FULL_NETWORK_ATTEMPT
role5-h6-full-0718-20130718-a1-body,role5-h6-full-0718-20130718-a1,20130718,https://www.federalreserve.gov/releases/h6/20130718/,full_sequence=H6_M2_2000_20260628_V1/release_date=2013-07-18/source_run=role5-h6-full-0718-20130718-a1/release.html,HTML,56912,b8959efeaff0aad2363d3f3b01a76f8b24b688fe983da58c73a12451534e5c40,200,SUCCESS,2026-07-13T08:55:56.428092Z,full_sequence=H6_M2_2000_20260628_V1/release_date=2013-07-18/source_run=role5-h6-full-0718-20130718-a1/safe_headers.txt,6aa228fed4ce2c8c22df86d0bea93ef1502e9b14090f418a9bda77b859228bed,H6_TABLE1_MONTHLY_SA_M2_FULL_V1,true,FULL_NETWORK_ATTEMPT
role5-h6-full-0719-20130725-a1-body,role5-h6-full-0719-20130725-a1,20130725,https://www.federalreserve.gov/releases/h6/20130725/,full_sequence=H6_M2_2000_20260628_V1/release_date=2013-07-25/source_run=role5-h6-full-0719-20130725-a1/release.html,HTML,56912,ae19648b638348b255f04a0fe08edc9c4df0d156f96ef197ab9fd76a8d56c394,200,SUCCESS,2026-07-13T08:55:57.428205Z,full_sequence=H6_M2_2000_20260628_V1/release_date=2013-07-25/source_run=role5-h6-full-0719-20130725-a1/safe_headers.txt,af0567049c099c77f2a5aa2570110aab0d2f217ab22f8782ed2d198056f5d8fa,H6_TABLE1_MONTHLY_SA_M2_FULL_V1,true,FULL_NETWORK_ATTEMPT
role5-h6-full-0720-20130801-a1-body,role5-h6-full-0720-20130801-a1,20130801,https://www.federalreserve.gov/releases/h6/20130801/,full_sequence=H6_M2_2000_20260628_V1/release_date=2013-08-01/source_run=role5-h6-full-0720-20130801-a1/release.html,HTML,56915,f49b1e0efbe346f034de163e59472b9bef95f6507b799b8a624bf046da3100ba,200,SUCCESS,2026-07-13T08:55:58.466168Z,full_sequence=H6_M2_2000_20260628_V1/release_date=2013-08-01/source_run=role5-h6-full-0720-20130801-a1/safe_headers.txt,38d05ee6b4dcc5bf8287e36922a6aca48fc366e87a0f027cd636d0aca642778e,H6_TABLE1_MONTHLY_SA_M2_FULL_V1,true,FULL_NETWORK_ATTEMPT
role5-h6-full-0721-20130808-a1-body,role5-h6-full-0721-20130808-a1,20130808,https://www.federalreserve.gov/releases/h6/20130808/,full_sequence=H6_M2_2000_20260628_V1/release_date=2013-08-08/source_run=role5-h6-full-0721-20130808-a1/release.html,HTML,56915,10b0153985561eb20f0dd349109b620f42707e16e9ad471f02e38ea14920f764,200,SUCCESS,2026-07-13T08:55:59.446122Z,full_sequence=H6_M2_2000_20260628_V1/release_date=2013-08-08/source_run=role5-h6-full-0721-20130808-a1/safe_headers.txt,76b8ab2a1cc3c6a0c2ef25502d13dddefd38b6e7f226fda6128aafe40be7178e,H6_TABLE1_MONTHLY_SA_M2_FULL_V1,true,FULL_NETWORK_ATTEMPT
role5-h6-full-0722-20130815-a1-body,role5-h6-full-0722-20130815-a1,20130815,https://www.federalreserve.gov/releases/h6/20130815/,full_sequence=H6_M2_2000_20260628_V1/release_date=2013-08-15/source_run=role5-h6-full-0722-20130815-a1/release.html,HTML,56918,d076a96f46dd567e3fc50d4b25b5c7a8d49f344985083039918de75d1884f4b6,200,SUCCESS,2026-07-13T08:56:00.453812Z,full_sequence=H6_M2_2000_20260628_V1/release_date=2013-08-15/source_run=role5-h6-full-0722-20130815-a1/safe_headers.txt,eb3e36b67cfa6b64586eac33cc616a4c7a7a736007ad8722c86614ed1f4968cd,H6_TABLE1_MONTHLY_SA_M2_FULL_V1,true,FULL_NETWORK_ATTEMPT
role5-h6-full-0723-20130822-a1-body,role5-h6-full-0723-20130822-a1,20130822,https://www.federalreserve.gov/releases/h6/20130822/,full_sequence=H6_M2_2000_20260628_V1/release_date=2013-08-22/source_run=role5-h6-full-0723-20130822-a1/release.html,HTML,56918,34ccba43087e81bd41c7cec14348ac613213563a134c673950aebab7a06fff4b,200,SUCCESS,2026-07-13T08:56:01.511811Z,full_sequence=H6_M2_2000_20260628_V1/release_date=2013-08-22/source_run=role5-h6-full-0723-20130822-a1/safe_headers.txt,1993bb7a81f8b28d7019c50dcfcca13775ae1fe90fffb92067a8efc8d3bfd5d2,H6_TABLE1_MONTHLY_SA_M2_FULL_V1,true,FULL_NETWORK_ATTEMPT
role5-h6-full-0724-20130829-a1-body,role5-h6-full-0724-20130829-a1,20130829,https://www.federalreserve.gov/releases/h6/20130829/,full_sequence=H6_M2_2000_20260628_V1/release_date=2013-08-29/source_run=role5-h6-full-0724-20130829-a1/release.html,HTML,56918,add981f8b15ea0b560b78e345c8231273b02e1bc4b0580dc47cd9674bf369cc8,200,SUCCESS,2026-07-13T08:56:02.465798Z,full_sequence=H6_M2_2000_20260628_V1/release_date=2013-08-29/source_run=role5-h6-full-0724-20130829-a1/safe_headers.txt,69252e0aaaf8d09f4747ae1c97434262a79f9ea1bfc2ea85d7c22fa9ec68c4a8,H6_TABLE1_MONTHLY_SA_M2_FULL_V1,true,FULL_NETWORK_ATTEMPT
role5-h6-full-0725-20130905-a1-body,role5-h6-full-0725-20130905-a1,20130905,https://www.federalreserve.gov/releases/h6/20130905/,full_sequence=H6_M2_2000_20260628_V1/release_date=2013-09-05/source_run=role5-h6-full-0725-20130905-a1/release.html,HTML,56924,5be1925b003a8c2ce85c795904fdc0ae75e6ce7bc05bf2dd717db166beaa1a9a,200,SUCCESS,2026-07-13T08:56:03.486705Z,full_sequence=H6_M2_2000_20260628_V1/release_date=2013-09-05/source_run=role5-h6-full-0725-20130905-a1/safe_headers.txt,4740ab7934516472986758298ab3ac0ce1abc11838df0ac0fd6f2440bbcd7138,H6_TABLE1_MONTHLY_SA_M2_FULL_V1,true,FULL_NETWORK_ATTEMPT
role5-h6-full-0726-20130912-a1-body,role5-h6-full-0726-20130912-a1,20130912,https://www.federalreserve.gov/releases/h6/20130912/,full_sequence=H6_M2_2000_20260628_V1/release_date=2013-09-12/source_run=role5-h6-full-0726-20130912-a1/release.html,HTML,56385,5450d26c0eca362db0cc4f9730267bdf7a222059fb9f60e5b4bbb0562d1eb4fd,200,SUCCESS,2026-07-13T08:56:04.498760Z,full_sequence=H6_M2_2000_20260628_V1/release_date=2013-09-12/source_run=role5-h6-full-0726-20130912-a1/safe_headers.txt,de6c3b199bdae96266ae83c2672952aeda006e578869e3ec6897de18c9f7c5a7,H6_TABLE1_MONTHLY_SA_M2_FULL_V1,true,FULL_NETWORK_ATTEMPT
role5-h6-full-0727-20130919-a1-body,role5-h6-full-0727-20130919-a1,20130919,https://www.federalreserve.gov/releases/h6/20130919/,full_sequence=H6_M2_2000_20260628_V1/release_date=2013-09-19/source_run=role5-h6-full-0727-20130919-a1/release.html,HTML,56927,b3e7ce21a33b2581141eaeba51df64ecb7af3a49149387f1e5726cb2319ed9a3,200,SUCCESS,2026-07-13T08:56:05.711133Z,full_sequence=H6_M2_2000_20260628_V1/release_date=2013-09-19/source_run=role5-h6-full-0727-20130919-a1/safe_headers.txt,c51d27c82712e7d31eaba868850b2a1edc297477f24e7301802b43e97f1e7bd4,H6_TABLE1_MONTHLY_SA_M2_FULL_V1,true,FULL_NETWORK_ATTEMPT
role5-h6-full-0728-20130926-a1-body,role5-h6-full-0728-20130926-a1,20130926,https://www.federalreserve.gov/releases/h6/20130926/,full_sequence=H6_M2_2000_20260628_V1/release_date=2013-09-26/source_run=role5-h6-full-0728-20130926-a1/release.html,HTML,56927,e45fdbec3f68cd6c3f8f61099454dfa030ff0b9e37c162cbba0145a9356fb64b,200,SUCCESS,2026-07-13T08:56:06.499789Z,full_sequence=H6_M2_2000_20260628_V1/release_date=2013-09-26/source_run=role5-h6-full-0728-20130926-a1/safe_headers.txt,384e558bce645e309c943af64fc41101f7fd9095a134368642d2a98c9076f26a,H6_TABLE1_MONTHLY_SA_M2_FULL_V1,true,FULL_NETWORK_ATTEMPT
role5-h6-full-0729-20131003-a1-body,role5-h6-full-0729-20131003-a1,20131003,https://www.federalreserve.gov/releases/h6/20131003/,full_sequence=H6_M2_2000_20260628_V1/release_date=2013-10-03/source_run=role5-h6-full-0729-20131003-a1/release.html,HTML,56918,c2e839f96edea66701f0ee30dc6f90de4962bf1d1be011393d0a78805a07db9f,200,SUCCESS,2026-07-13T08:56:07.503925Z,full_sequence=H6_M2_2000_20260628_V1/release_date=2013-10-03/source_run=role5-h6-full-0729-20131003-a1/safe_headers.txt,b5172f2a7d22474f1ef762cea48ed8d2deb2db1527a6306f49cf67dc3207001a,H6_TABLE1_MONTHLY_SA_M2_FULL_V1,true,FULL_NETWORK_ATTEMPT
role5-h6-full-0730-20131010-a1-body,role5-h6-full-0730-20131010-a1,20131010,https://www.federalreserve.gov/releases/h6/20131010/,full_sequence=H6_M2_2000_20260628_V1/release_date=2013-10-10/source_run=role5-h6-full-0730-20131010-a1/release.html,HTML,57141,f1d5790c837e0d9098a743a05a0fb98d91b2270b8114d96ab0b108bf6cb09ef5,200,SUCCESS,2026-07-13T08:56:08.519401Z,full_sequence=H6_M2_2000_20260628_V1/release_date=2013-10-10/source_run=role5-h6-full-0730-20131010-a1/safe_headers.txt,9459c9a81c9ae0acb689510cc7e17f40fffba16d12ecaba646820f9f507933f0,H6_TABLE1_MONTHLY_SA_M2_FULL_V1,true,FULL_NETWORK_ATTEMPT
role5-h6-full-0731-20131017-a1-body,role5-h6-full-0731-20131017-a1,20131017,https://www.federalreserve.gov/releases/h6/20131017/,full_sequence=H6_M2_2000_20260628_V1/release_date=2013-10-17/source_run=role5-h6-full-0731-20131017-a1/release.html,HTML,56604,8b3b44bc3fc750c7872a653068f4ad499bec75dd54a1d1c3b9c33031f1fbe991,200,SUCCESS,2026-07-13T08:56:09.530412Z,full_sequence=H6_M2_2000_20260628_V1/release_date=2013-10-17/source_run=role5-h6-full-0731-20131017-a1/safe_headers.txt,d6c42ac60f15b5720336eb07f075d6a92940b9b0f9d48e859f111c5d8e5ce412,H6_TABLE1_MONTHLY_SA_M2_FULL_V1,true,FULL_NETWORK_ATTEMPT
role5-h6-full-0732-20131024-a1-body,role5-h6-full-0732-20131024-a1,20131024,https://www.federalreserve.gov/releases/h6/20131024/,full_sequence=H6_M2_2000_20260628_V1/release_date=2013-10-24/source_run=role5-h6-full-0732-20131024-a1/release.html,HTML,165790,f177809d65bb63d6ff1d0a5530d94d82f8ff508940bd9224f2ffac67f8f0a243,200,SUCCESS,2026-07-13T08:56:10.554372Z,full_sequence=H6_M2_2000_20260628_V1/release_date=2013-10-24/source_run=role5-h6-full-0732-20131024-a1/safe_headers.txt,7a8f76d4a40fd3a1fc5c1fe1aca64a432cf7afcb1867514947f76f3d7fdd1a20,H6_TABLE1_MONTHLY_SA_M2_FULL_V1,true,FULL_NETWORK_ATTEMPT
role5-h6-full-0733-20131031-a1-body,role5-h6-full-0733-20131031-a1,20131031,https://www.federalreserve.gov/releases/h6/20131031/,full_sequence=H6_M2_2000_20260628_V1/release_date=2013-10-31/source_run=role5-h6-full-0733-20131031-a1/release.html,HTML,165898,f4edd79cb2a5b79a3e8a865d8734b0f43f3df4c94b5f333b64b347c3eba70f44,200,SUCCESS,2026-07-13T08:56:11.552925Z,full_sequence=H6_M2_2000_20260628_V1/release_date=2013-10-31/source_run=role5-h6-full-0733-20131031-a1/safe_headers.txt,ca9a15c848b93ef6defdf9f576df2ce2bad0d183add8b581af2895815f40ce65,H6_TABLE1_MONTHLY_SA_M2_FULL_V1,true,FULL_NETWORK_ATTEMPT
role5-h6-full-0734-20131107-a1-body,role5-h6-full-0734-20131107-a1,20131107,https://www.federalreserve.gov/releases/h6/20131107/,full_sequence=H6_M2_2000_20260628_V1/release_date=2013-11-07/source_run=role5-h6-full-0734-20131107-a1/release.html,HTML,166004,25806828dc7a7530587a84d38ac030275b232ac294e92b7f04e29fbccec4f6b4,200,SUCCESS,2026-07-13T08:56:12.555135Z,full_sequence=H6_M2_2000_20260628_V1/release_date=2013-11-07/source_run=role5-h6-full-0734-20131107-a1/safe_headers.txt,e4c08bb5a5eeea41c0d01de1931779867aa73ac4c66fcaad9c44ecc47a5174d8,H6_TABLE1_MONTHLY_SA_M2_FULL_V1,true,FULL_NETWORK_ATTEMPT
role5-h6-full-0735-20131114-a1-body,role5-h6-full-0735-20131114-a1,20131114,https://www.federalreserve.gov/releases/h6/20131114/,full_sequence=H6_M2_2000_20260628_V1/release_date=2013-11-14/source_run=role5-h6-full-0735-20131114-a1/release.html,HTML,166153,36bfd079246a65cbf38dc9f49a82875b5e6e345ddc233054d36023c748e5885d,200,SUCCESS,2026-07-13T08:56:15.575380Z,full_sequence=H6_M2_2000_20260628_V1/release_date=2013-11-14/source_run=role5-h6-full-0735-20131114-a1/safe_headers.txt,4400e5bc3e06c89c0d1d08e4795ed8825de2cd5cc7fe8c358ee88867d8837441,H6_TABLE1_MONTHLY_SA_M2_FULL_V1,true,FULL_NETWORK_ATTEMPT
role5-h6-full-0736-20131121-a1-body,role5-h6-full-0736-20131121-a1,20131121,https://www.federalreserve.gov/releases/h6/20131121/,full_sequence=H6_M2_2000_20260628_V1/release_date=2013-11-21/source_run=role5-h6-full-0736-20131121-a1/release.html,HTML,161250,d5d79ee8e7abb54ede395b3e49b7fb5bb1358032060548278a32744e70976c03,200,SUCCESS,2026-07-13T08:56:16.063007Z,full_sequence=H6_M2_2000_20260628_V1/release_date=2013-11-21/source_run=role5-h6-full-0736-20131121-a1/safe_headers.txt,8c88f4f5f47ea1fd37681cda53673352c4a5dde54eaa0281a2e68f491210bed1,H6_TABLE1_MONTHLY_SA_M2_FULL_V1,true,FULL_NETWORK_ATTEMPT
role5-h6-full-0737-20131129-a1-body,role5-h6-full-0737-20131129-a1,20131129,https://www.federalreserve.gov/releases/h6/20131129/,full_sequence=H6_M2_2000_20260628_V1/release_date=2013-11-29/source_run=role5-h6-full-0737-20131129-a1/release.html,HTML,166136,e19a2fae76cc5181076227e3618d6e8e8a6570a91007933a88c256ec14f2ab6a,200,SUCCESS,2026-07-13T08:56:16.974337Z,full_sequence=H6_M2_2000_20260628_V1/release_date=2013-11-29/source_run=role5-h6-full-0737-20131129-a1/safe_headers.txt,372289a40e998799551cf0dcd8b8fa6cb12cda5c18512266094b63db6f231f06,H6_TABLE1_MONTHLY_SA_M2_FULL_V1,true,FULL_NETWORK_ATTEMPT
role5-h6-full-0738-20131205-a1-body,role5-h6-full-0738-20131205-a1,20131205,https://www.federalreserve.gov/releases/h6/20131205/,full_sequence=H6_M2_2000_20260628_V1/release_date=2013-12-05/source_run=role5-h6-full-0738-20131205-a1/release.html,HTML,166137,9e9742f9668ce8ddbfb2ed60c204b8789370d8600087dd109b9ee0e514496a49,200,SUCCESS,2026-07-13T08:56:17.962517Z,full_sequence=H6_M2_2000_20260628_V1/release_date=2013-12-05/source_run=role5-h6-full-0738-20131205-a1/safe_headers.txt,e7f370756a77aeeaedebd39d4568884114b0112f75466f85a799ebcc74dfb1f8,H6_TABLE1_MONTHLY_SA_M2_FULL_V1,true,FULL_NETWORK_ATTEMPT
role5-h6-full-0739-20131212-a1-body,role5-h6-full-0739-20131212-a1,20131212,https://www.federalreserve.gov/releases/h6/20131212/,full_sequence=H6_M2_2000_20260628_V1/release_date=2013-12-12/source_run=role5-h6-full-0739-20131212-a1/release.html,HTML,161187,e938628652d1b5bce5660f26ff5923f0697bf2f3b346f7ab6b15faf2ca094f77,200,SUCCESS,2026-07-13T08:56:19.067918Z,full_sequence=H6_M2_2000_20260628_V1/release_date=2013-12-12/source_run=role5-h6-full-0739-20131212-a1/safe_headers.txt,068e68b668a219bee02cd6a2be19f779460e8e0c4b5eac57155cb88bd23ae9ee,H6_TABLE1_MONTHLY_SA_M2_FULL_V1,true,FULL_NETWORK_ATTEMPT
role5-h6-full-0740-20131219-a1-body,role5-h6-full-0740-20131219-a1,20131219,https://www.federalreserve.gov/releases/h6/20131219/,full_sequence=H6_M2_2000_20260628_V1/release_date=2013-12-19/source_run=role5-h6-full-0740-20131219-a1/release.html,HTML,163662,f4433014ece6825fc86b3c75fb48c807b604ff1263b753373fef0a4071fa3edb,200,SUCCESS,2026-07-13T08:56:20.034470Z,full_sequence=H6_M2_2000_20260628_V1/release_date=2013-12-19/source_run=role5-h6-full-0740-20131219-a1/safe_headers.txt,82948ab29ac47d3c065d27ba7e6ed1d597e0d05221cdda8ce19b9c0d56d61baa,H6_TABLE1_MONTHLY_SA_M2_FULL_V1,true,FULL_NETWORK_ATTEMPT
role5-h6-full-0741-20131226-a1-body,role5-h6-full-0741-20131226-a1,20131226,https://www.federalreserve.gov/releases/h6/20131226/,full_sequence=H6_M2_2000_20260628_V1/release_date=2013-12-26/source_run=role5-h6-full-0741-20131226-a1/release.html,HTML,161000,4b02b539067b5884e7deb3120a199d6ff3aa1b843fdd862b9a50f5ba5c34a743,200,SUCCESS,2026-07-13T08:56:21.032120Z,full_sequence=H6_M2_2000_20260628_V1/release_date=2013-12-26/source_run=role5-h6-full-0741-20131226-a1/safe_headers.txt,57b2a25f8cb6c673bea73596341b033f014e30b3b1e05431a99b83aa1b6f83a4,H6_TABLE1_MONTHLY_SA_M2_FULL_V1,true,FULL_NETWORK_ATTEMPT
role5-h6-correction-0702-year-index-body,role5-h6-correction-0702-year-index,2013_YEAR_INDEX,https://www.federalreserve.gov/releases/h6/2013.htm,full_sequence=H6_M2_2000_20260628_V1/identity_corrections/json_identity=2013-04-05/year_index/source_run=role5-h6-correction-0702-year-index/year_index.html,HTML,14771,89676c02cc67d1f5508e810a475bec7aeed3684f9872e70c821573d3b4785219,200,STOP_CORRECTION_VALIDATION_FAILED,2026-07-13T08:53:28.854837Z,full_sequence=H6_M2_2000_20260628_V1/identity_corrections/json_identity=2013-04-05/year_index/source_run=role5-h6-correction-0702-year-index/safe_headers.txt,64e95d3a8c33182771063a653fa0878713d80ac65ba87385a44327feb804015d,H6_TABLE1_MONTHLY_SA_M2_FULL_V1,false,FULL_NETWORK_ATTEMPT
role5-h6-full-0742-20140102-a1-body,role5-h6-full-0742-20140102-a1,20140102,https://www.federalreserve.gov/releases/h6/20140102/,full_sequence=H6_M2_2000_20260628_V1/release_date=2014-01-02/source_run=role5-h6-full-0742-20140102-a1/release.html,HTML,163468,cf6d1d33c1b7e800a1cb7dcf109c4a243b7d3a5ac30ec3ac78f224424c513717,200,SUCCESS,2026-07-13T08:56:22.004447Z,full_sequence=H6_M2_2000_20260628_V1/release_date=2014-01-02/source_run=role5-h6-full-0742-20140102-a1/safe_headers.txt,cf2f3b57af231530d9c0373f7f32995fce0fa8613421ea07e8f70d415cfab715,H6_TABLE1_MONTHLY_SA_M2_FULL_V1,true,FULL_NETWORK_ATTEMPT
role5-h6-full-0743-20140109-a1-body,role5-h6-full-0743-20140109-a1,20140109,https://www.federalreserve.gov/releases/h6/20140109/,full_sequence=H6_M2_2000_20260628_V1/release_date=2014-01-09/source_run=role5-h6-full-0743-20140109-a1/release.html,HTML,163390,ca4f5bbc9dd32233165dce49bc619982b68371eeab4960e396c75a3c462cdc6f,200,SUCCESS,2026-07-13T08:56:23.025370Z,full_sequence=H6_M2_2000_20260628_V1/release_date=2014-01-09/source_run=role5-h6-full-0743-20140109-a1/safe_headers.txt,322a093f086ccb1a1908685b8a106bb63e8b66b1b4600e80ce01f931bd80473e,H6_TABLE1_MONTHLY_SA_M2_FULL_V1,true,FULL_NETWORK_ATTEMPT
role5-h6-full-0744-20140116-a1-body,role5-h6-full-0744-20140116-a1,20140116,https://www.federalreserve.gov/releases/h6/20140116/,full_sequence=H6_M2_2000_20260628_V1/release_date=2014-01-16/source_run=role5-h6-full-0744-20140116-a1/release.html,HTML,163417,cec2b2545afb8e673aa3981fe5e967eda97120e0e7c5fa68065604e0438d72e1,200,SUCCESS,2026-07-13T08:56:24.084423Z,full_sequence=H6_M2_2000_20260628_V1/release_date=2014-01-16/source_run=role5-h6-full-0744-20140116-a1/safe_headers.txt,7d180993aa44e30a884038157173b4d96d561a782f82d1b8b5b2813b0d6a3592,H6_TABLE1_MONTHLY_SA_M2_FULL_V1,true,FULL_NETWORK_ATTEMPT
role5-h6-full-0745-20140123-a1-body,role5-h6-full-0745-20140123-a1,20140123,https://www.federalreserve.gov/releases/h6/20140123/,full_sequence=H6_M2_2000_20260628_V1/release_date=2014-01-23/source_run=role5-h6-full-0745-20140123-a1/release.html,HTML,297961,4dc990eafca04b5edeeac33a020862233b7277cabf5bfc4cc237015fc98e986c,200,SUCCESS,2026-07-13T08:56:25.101074Z,full_sequence=H6_M2_2000_20260628_V1/release_date=2014-01-23/source_run=role5-h6-full-0745-20140123-a1/safe_headers.txt,284be7401da6cb7c31f1b8ade74ec4679926af6a3dc8563b112a5d25b0c4c690,H6_TABLE1_MONTHLY_SA_M2_FULL_V1,true,FULL_NETWORK_ATTEMPT
role5-h6-full-0746-20140130-a1-body,role5-h6-full-0746-20140130-a1,20140130,https://www.federalreserve.gov/releases/h6/20140130/,full_sequence=H6_M2_2000_20260628_V1/release_date=2014-01-30/source_run=role5-h6-full-0746-20140130-a1/release.html,HTML,161015,5e260d77295ed176fd5aa26913c4293b69d906335b6894e6c22689673fa04307,200,SUCCESS,2026-07-13T08:56:26.036712Z,full_sequence=H6_M2_2000_20260628_V1/release_date=2014-01-30/source_run=role5-h6-full-0746-20140130-a1/safe_headers.txt,dbba5226be4ef73a99737c98cad95c5cdbbc0c9894aa7d928386ed30854b3b64,H6_TABLE1_MONTHLY_SA_M2_FULL_V1,true,FULL_NETWORK_ATTEMPT
role5-h6-full-0747-20140206-a1-body,role5-h6-full-0747-20140206-a1,20140206,https://www.federalreserve.gov/releases/h6/20140206/,full_sequence=H6_M2_2000_20260628_V1/release_date=2014-02-06/source_run=role5-h6-full-0747-20140206-a1/release.html,HTML,161194,32715b5fd75c916ca8057fb8b47fb1bc25f3b45fddcb5b4a47ea2385d3200896,200,SUCCESS,2026-07-13T08:56:27.071595Z,full_sequence=H6_M2_2000_20260628_V1/release_date=2014-02-06/source_run=role5-h6-full-0747-20140206-a1/safe_headers.txt,394f73cdb915d22c94c0dd2bd0defd54f4c18924eacb293de7742c695ccd4cba,H6_TABLE1_MONTHLY_SA_M2_FULL_V1,true,FULL_NETWORK_ATTEMPT
role5-h6-full-0748-20140213-a1-body,role5-h6-full-0748-20140213-a1,20140213,https://www.federalreserve.gov/releases/h6/20140213/,full_sequence=H6_M2_2000_20260628_V1/release_date=2014-02-13/source_run=role5-h6-full-0748-20140213-a1/release.html,HTML,158605,9a5b6534f6ef58de6e50418765b8d4512354d5884249b1ac8fd87d8bfce3a5b1,200,SUCCESS,2026-07-13T08:56:28.065406Z,full_sequence=H6_M2_2000_20260628_V1/release_date=2014-02-13/source_run=role5-h6-full-0748-20140213-a1/safe_headers.txt,64429b82b2923ccefdebed6d751e57abe7ed54d1ebec8e066cb6109ce73241c3,H6_TABLE1_MONTHLY_SA_M2_FULL_V1,true,FULL_NETWORK_ATTEMPT
role5-h6-full-0749-20140220-a1-body,role5-h6-full-0749-20140220-a1,20140220,https://www.federalreserve.gov/releases/h6/20140220/,full_sequence=H6_M2_2000_20260628_V1/release_date=2014-02-20/source_run=role5-h6-full-0749-20140220-a1/release.html,HTML,161155,bd85b0be85f8a9ddd925a08622e1a63624a1851103c4752b4c8b4e56cbae1e09,200,SUCCESS,2026-07-13T08:56:29.053526Z,full_sequence=H6_M2_2000_20260628_V1/release_date=2014-02-20/source_run=role5-h6-full-0749-20140220-a1/safe_headers.txt,a6d1dfe5028ba8cc93c89de8d9b119d56cbe25d72a998d7c64f05580c2e170ff,H6_TABLE1_MONTHLY_SA_M2_FULL_V1,true,FULL_NETWORK_ATTEMPT
role5-h6-full-0750-20140227-a1-body,role5-h6-full-0750-20140227-a1,20140227,https://www.federalreserve.gov/releases/h6/20140227/,full_sequence=H6_M2_2000_20260628_V1/release_date=2014-02-27/source_run=role5-h6-full-0750-20140227-a1/release.html,HTML,161161,8b9915f2cd5f453f1f494a8c8760d7a4f59c933192b59a2902cf8f37abda98b6,200,SUCCESS,2026-07-13T08:56:30.077894Z,full_sequence=H6_M2_2000_20260628_V1/release_date=2014-02-27/source_run=role5-h6-full-0750-20140227-a1/safe_headers.txt,422ce71919fb0748008ff690f06f0ea2da597f370d76e95679df7ba7e971ff3c,H6_TABLE1_MONTHLY_SA_M2_FULL_V1,true,FULL_NETWORK_ATTEMPT
role5-h6-full-0751-20140306-a1-body,role5-h6-full-0751-20140306-a1,20140306,https://www.federalreserve.gov/releases/h6/20140306/,full_sequence=H6_M2_2000_20260628_V1/release_date=2014-03-06/source_run=role5-h6-full-0751-20140306-a1/release.html,HTML,161156,2df1c4dfb515afd478fd87a03875178d15c1fa9a85d6afaf8092b36cb23288e1,200,SUCCESS,2026-07-13T08:56:31.064328Z,full_sequence=H6_M2_2000_20260628_V1/release_date=2014-03-06/source_run=role5-h6-full-0751-20140306-a1/safe_headers.txt,55ee99722cef176bbb725e760e53602fc8b326cc3e6e9dc942d8046a16781c7b,H6_TABLE1_MONTHLY_SA_M2_FULL_V1,true,FULL_NETWORK_ATTEMPT
role5-h6-full-0752-20140313-a1-body,role5-h6-full-0752-20140313-a1,20140313,https://www.federalreserve.gov/releases/h6/20140313/,full_sequence=H6_M2_2000_20260628_V1/release_date=2014-03-13/source_run=role5-h6-full-0752-20140313-a1/release.html,HTML,161116,7cb71d94deec949ed1a25a166f54d4120b5a85407ac709dfd58a89914cd3e5f3,200,SUCCESS,2026-07-13T08:56:32.078962Z,full_sequence=H6_M2_2000_20260628_V1/release_date=2014-03-13/source_run=role5-h6-full-0752-20140313-a1/safe_headers.txt,f3bf5e6283ff16b360682a2fec8ed0465f064856cec91775b49582257de43332,H6_TABLE1_MONTHLY_SA_M2_FULL_V1,true,FULL_NETWORK_ATTEMPT
role5-h6-full-0753-20140320-a1-body,role5-h6-full-0753-20140320-a1,20140320,https://www.federalreserve.gov/releases/h6/20140320/,full_sequence=H6_M2_2000_20260628_V1/release_date=2014-03-20/source_run=role5-h6-full-0753-20140320-a1/release.html,HTML,161004,9d6d65bcb7ba386cd2791717f77c4dade0e7b82bcbef14e5c4977755732a7da8,200,SUCCESS,2026-07-13T08:56:33.117046Z,full_sequence=H6_M2_2000_20260628_V1/release_date=2014-03-20/source_run=role5-h6-full-0753-20140320-a1/safe_headers.txt,89ced80e7cb582f538ebc14b1367ad1ca23028a1aab528682962c656e15952ef,H6_TABLE1_MONTHLY_SA_M2_FULL_V1,true,FULL_NETWORK_ATTEMPT
role5-h6-full-0754-20140327-a1-body,role5-h6-full-0754-20140327-a1,20140327,https://www.federalreserve.gov/releases/h6/20140327/,full_sequence=H6_M2_2000_20260628_V1/release_date=2014-03-27/source_run=role5-h6-full-0754-20140327-a1/release.html,HTML,158376,809d2a294e06418e8e4a269ce709449535e3ce847f8c4c5aa43f8b018667c6c3,200,SUCCESS,2026-07-13T08:56:34.094548Z,full_sequence=H6_M2_2000_20260628_V1/release_date=2014-03-27/source_run=role5-h6-full-0754-20140327-a1/safe_headers.txt,e671d14cd80ee7888b5c670e881cafa1763fdff0cd70c2ec8edec70e1cd418a3,H6_TABLE1_MONTHLY_SA_M2_FULL_V1,true,FULL_NETWORK_ATTEMPT
role5-h6-full-0755-20140403-a1-body,role5-h6-full-0755-20140403-a1,20140403,https://www.federalreserve.gov/releases/h6/20140403/,full_sequence=H6_M2_2000_20260628_V1/release_date=2014-04-03/source_run=role5-h6-full-0755-20140403-a1/release.html,HTML,155992,c6523c8e735bf5cbdbc7691a83cc9b1d9a43e126dffa52992dba53cba3639831,200,SUCCESS,2026-07-13T08:56:35.102802Z,full_sequence=H6_M2_2000_20260628_V1/release_date=2014-04-03/source_run=role5-h6-full-0755-20140403-a1/safe_headers.txt,a8c0e951ee336e75b10bc6a825407d48936339b98385bc5529a22a0fe1d59224,H6_TABLE1_MONTHLY_SA_M2_FULL_V1,true,FULL_NETWORK_ATTEMPT
role5-h6-full-0756-20140410-a1-body,role5-h6-full-0756-20140410-a1,20140410,https://www.federalreserve.gov/releases/h6/20140410/,full_sequence=H6_M2_2000_20260628_V1/release_date=2014-04-10/source_run=role5-h6-full-0756-20140410-a1/release.html,HTML,158064,ab449681abd62366fbecd047e342a8f58c8c0429c8ef1554fc823cf6ed564088,200,SUCCESS,2026-07-13T08:56:36.111383Z,full_sequence=H6_M2_2000_20260628_V1/release_date=2014-04-10/source_run=role5-h6-full-0756-20140410-a1/safe_headers.txt,c21854b0de9263bdba0c8d03f55e36cb991fd4629625fe4e054f36662ffbc44c,H6_TABLE1_MONTHLY_SA_M2_FULL_V1,true,FULL_NETWORK_ATTEMPT
role5-h6-full-0757-20140417-a1-body,role5-h6-full-0757-20140417-a1,20140417,https://www.federalreserve.gov/releases/h6/20140417/,full_sequence=H6_M2_2000_20260628_V1/release_date=2014-04-17/source_run=role5-h6-full-0757-20140417-a1/release.html,HTML,158185,114e02d34ac51d3aacd1dc49f93337067e98ec4518577f721a0025ea790af246,200,SUCCESS,2026-07-13T08:56:37.164650Z,full_sequence=H6_M2_2000_20260628_V1/release_date=2014-04-17/source_run=role5-h6-full-0757-20140417-a1/safe_headers.txt,41ac75425cb7290709af739bb80abbe41b5c9c9de56b6b5b5d97d4aa13926b7a,H6_TABLE1_MONTHLY_SA_M2_FULL_V1,true,FULL_NETWORK_ATTEMPT
role5-h6-full-0758-20140424-a1-body,role5-h6-full-0758-20140424-a1,20140424,https://www.federalreserve.gov/releases/h6/20140424/,full_sequence=H6_M2_2000_20260628_V1/release_date=2014-04-24/source_run=role5-h6-full-0758-20140424-a1/release.html,HTML,158295,589f876e54677266612e2f359ea0b3af701d181377ba6f031c4ec10217892e92,200,SUCCESS,2026-07-13T08:56:38.253444Z,full_sequence=H6_M2_2000_20260628_V1/release_date=2014-04-24/source_run=role5-h6-full-0758-20140424-a1/safe_headers.txt,247ae478436896e5cda186f6c2069756e625a50366e7eaa9fde9239d159aa84a,H6_TABLE1_MONTHLY_SA_M2_FULL_V1,true,FULL_NETWORK_ATTEMPT
role5-h6-full-0759-20140501-a1-body,role5-h6-full-0759-20140501-a1,20140501,https://www.federalreserve.gov/releases/h6/20140501/,full_sequence=H6_M2_2000_20260628_V1/release_date=2014-05-01/source_run=role5-h6-full-0759-20140501-a1/release.html,HTML,158395,cc3dbacf87a0336ffb85554a00bfd0e5816a7632188b5055771cb3ecf68b0dd8,200,SUCCESS,2026-07-13T08:56:39.184454Z,full_sequence=H6_M2_2000_20260628_V1/release_date=2014-05-01/source_run=role5-h6-full-0759-20140501-a1/safe_headers.txt,823287374c5fc33af3e48c8980798494dd1c388fc24598d5e7f75821d1f4c2b2,H6_TABLE1_MONTHLY_SA_M2_FULL_V1,true,FULL_NETWORK_ATTEMPT
role5-h6-full-0760-20140508-a1-body,role5-h6-full-0760-20140508-a1,20140508,https://www.federalreserve.gov/releases/h6/20140508/,full_sequence=H6_M2_2000_20260628_V1/release_date=2014-05-08/source_run=role5-h6-full-0760-20140508-a1/release.html,HTML,158499,16e95acb68975f05745a7c0d8429a6194627fe2f1f15eb57ff5d32d504886356,200,SUCCESS,2026-07-13T08:56:40.181646Z,full_sequence=H6_M2_2000_20260628_V1/release_date=2014-05-08/source_run=role5-h6-full-0760-20140508-a1/safe_headers.txt,fd1d548955a13ce206f2af4dd074c926b100a706ada2f08ccca02b4f7b426b0f,H6_TABLE1_MONTHLY_SA_M2_FULL_V1,true,FULL_NETWORK_ATTEMPT
role5-h6-full-0761-20140515-a1-body,role5-h6-full-0761-20140515-a1,20140515,https://www.federalreserve.gov/releases/h6/20140515/,full_sequence=H6_M2_2000_20260628_V1/release_date=2014-05-15/source_run=role5-h6-full-0761-20140515-a1/release.html,HTML,158617,50a422e2d8f115da074b30824b4abf0a873ccef368f7e14291b60e5fc29c0c10,200,SUCCESS,2026-07-13T08:56:41.220865Z,full_sequence=H6_M2_2000_20260628_V1/release_date=2014-05-15/source_run=role5-h6-full-0761-20140515-a1/safe_headers.txt,9e37f8ab1ed26f22dea5200dcc0fcd9530a69c889e7c027e2938fabf941ca324,H6_TABLE1_MONTHLY_SA_M2_FULL_V1,true,FULL_NETWORK_ATTEMPT
role5-h6-full-0762-20140522-a1-body,role5-h6-full-0762-20140522-a1,20140522,https://www.federalreserve.gov/releases/h6/20140522/,full_sequence=H6_M2_2000_20260628_V1/release_date=2014-05-22/source_run=role5-h6-full-0762-20140522-a1/release.html,HTML,158621,5a99d3714623f46fa8b0058f3aafc3fcf6e32f01467cb87b38a7c91f8611b57d,200,SUCCESS,2026-07-13T08:56:42.191275Z,full_sequence=H6_M2_2000_20260628_V1/release_date=2014-05-22/source_run=role5-h6-full-0762-20140522-a1/safe_headers.txt,80d6d4a6c7bd657d672e8caa8496fea543f0100c3a3689c386c010cccbf8b8e6,H6_TABLE1_MONTHLY_SA_M2_FULL_V1,true,FULL_NETWORK_ATTEMPT
role5-h6-full-0763-20140529-a1-body,role5-h6-full-0763-20140529-a1,20140529,https://www.federalreserve.gov/releases/h6/20140529/,full_sequence=H6_M2_2000_20260628_V1/release_date=2014-05-29/source_run=role5-h6-full-0763-20140529-a1/release.html,HTML,161155,71e6fb2ee050f5306b6eea206560de54ed7b2773c7fb773e137a5cf4e06a75b5,200,SUCCESS,2026-07-13T08:56:43.168713Z,full_sequence=H6_M2_2000_20260628_V1/release_date=2014-05-29/source_run=role5-h6-full-0763-20140529-a1/safe_headers.txt,61af1aee98c2940e67af44a67db793fafde2d61ae2051170de99f795607d6579,H6_TABLE1_MONTHLY_SA_M2_FULL_V1,true,FULL_NETWORK_ATTEMPT
role5-h6-full-0764-20140605-a1-body,role5-h6-full-0764-20140605-a1,20140605,https://www.federalreserve.gov/releases/h6/20140605/,full_sequence=H6_M2_2000_20260628_V1/release_date=2014-06-05/source_run=role5-h6-full-0764-20140605-a1/release.html,HTML,158615,c4cd67ec814de64fc26526feb6f28016a6ee74a63d7e26ea680dde526f3804e3,200,SUCCESS,2026-07-13T08:56:44.172432Z,full_sequence=H6_M2_2000_20260628_V1/release_date=2014-06-05/source_run=role5-h6-full-0764-20140605-a1/safe_headers.txt,edf06baafb3eea945f7f21398afc82b01cba9cbab96ab8bd6a7a31f2241e3042,H6_TABLE1_MONTHLY_SA_M2_FULL_V1,true,FULL_NETWORK_ATTEMPT
role5-h6-full-0765-20140612-a1-body,role5-h6-full-0765-20140612-a1,20140612,https://www.federalreserve.gov/releases/h6/20140612/,full_sequence=H6_M2_2000_20260628_V1/release_date=2014-06-12/source_run=role5-h6-full-0765-20140612-a1/release.html,HTML,158574,045207d1674977233200f18f9f16258cb14e8cf1bd592df986a7c22692d03d4a,200,SUCCESS,2026-07-13T08:56:45.227172Z,full_sequence=H6_M2_2000_20260628_V1/release_date=2014-06-12/source_run=role5-h6-full-0765-20140612-a1/safe_headers.txt,7cd0a9ad6fcd9acf58be8c1337bb4ee6f5eb3d07fbe3f12b0d39c0e6d82fbafd,H6_TABLE1_MONTHLY_SA_M2_FULL_V1,true,FULL_NETWORK_ATTEMPT
role5-h6-full-0766-20140619-a1-body,role5-h6-full-0766-20140619-a1,20140619,https://www.federalreserve.gov/releases/h6/20140619/,full_sequence=H6_M2_2000_20260628_V1/release_date=2014-06-19/source_run=role5-h6-full-0766-20140619-a1/release.html,HTML,158479,64feeb2cb6155dfbbf67e5534ae783572058caeef88e98975959257367105f20,200,SUCCESS,2026-07-13T08:56:46.268375Z,full_sequence=H6_M2_2000_20260628_V1/release_date=2014-06-19/source_run=role5-h6-full-0766-20140619-a1/safe_headers.txt,890223c9df7a77801a057d6992f840b42a6b6050643a3f2c791e9e8959924e82,H6_TABLE1_MONTHLY_SA_M2_FULL_V1,true,FULL_NETWORK_ATTEMPT
role5-h6-full-0767-20140626-a1-body,role5-h6-full-0767-20140626-a1,20140626,https://www.federalreserve.gov/releases/h6/20140626/,full_sequence=H6_M2_2000_20260628_V1/release_date=2014-06-26/source_run=role5-h6-full-0767-20140626-a1/release.html,HTML,160901,b55eb8a07a559e41962692022af503b2daf859027e969cd9f0560035d1a903ec,200,SUCCESS,2026-07-13T08:56:47.189016Z,full_sequence=H6_M2_2000_20260628_V1/release_date=2014-06-26/source_run=role5-h6-full-0767-20140626-a1/safe_headers.txt,0ef59406fda760aaad0a1fed42c669a1c4a5efe1d40d78de3aa20586da9f5488,H6_TABLE1_MONTHLY_SA_M2_FULL_V1,true,FULL_NETWORK_ATTEMPT
role5-h6-full-0768-20140703-a1-body,role5-h6-full-0768-20140703-a1,20140703,https://www.federalreserve.gov/releases/h6/20140703/,full_sequence=H6_M2_2000_20260628_V1/release_date=2014-07-03/source_run=role5-h6-full-0768-20140703-a1/release.html,HTML,158267,0f9e2a0fb3d05e382e829a071821273966ab82c26211a198fd1d7ae291f638b1,200,SUCCESS,2026-07-13T08:56:48.473774Z,full_sequence=H6_M2_2000_20260628_V1/release_date=2014-07-03/source_run=role5-h6-full-0768-20140703-a1/safe_headers.txt,300f4f78de0718e0fab5c71fa1d12102dbea41e83b43a78d748a2f6ece2e8bec,H6_TABLE1_MONTHLY_SA_M2_FULL_V1,true,FULL_NETWORK_ATTEMPT
role5-h6-full-0769-20140710-a1-body,role5-h6-full-0769-20140710-a1,20140710,https://www.federalreserve.gov/releases/h6/20140710/,full_sequence=H6_M2_2000_20260628_V1/release_date=2014-07-10/source_run=role5-h6-full-0769-20140710-a1/release.html,HTML,158108,8fa31f09b49a04e842b9b058804068870c33a6e1cd6c51a881608400c7d4c98d,200,SUCCESS,2026-07-13T08:56:49.284029Z,full_sequence=H6_M2_2000_20260628_V1/release_date=2014-07-10/source_run=role5-h6-full-0769-20140710-a1/safe_headers.txt,c64388ef3d954844a67b82ddfe55623e9b0f85931b50caa7aabeca30748b90d9,H6_TABLE1_MONTHLY_SA_M2_FULL_V1,true,FULL_NETWORK_ATTEMPT
role5-h6-full-0770-20140717-a1-body,role5-h6-full-0770-20140717-a1,20140717,https://www.federalreserve.gov/releases/h6/20140717/,full_sequence=H6_M2_2000_20260628_V1/release_date=2014-07-17/source_run=role5-h6-full-0770-20140717-a1/release.html,HTML,158186,b1e8bcb30a4bf0691badd42f097bc62f22d00b6fe33667c74f9358d6b66e46f5,200,SUCCESS,2026-07-13T08:56:50.236624Z,full_sequence=H6_M2_2000_20260628_V1/release_date=2014-07-17/source_run=role5-h6-full-0770-20140717-a1/safe_headers.txt,8dddcbb91a1459494f796d96ce8ff1094e148dd00996d2ddf24235bf636b4a99,H6_TABLE1_MONTHLY_SA_M2_FULL_V1,true,FULL_NETWORK_ATTEMPT
role5-h6-full-0771-20140724-a1-body,role5-h6-full-0771-20140724-a1,20140724,https://www.federalreserve.gov/releases/h6/20140724/,full_sequence=H6_M2_2000_20260628_V1/release_date=2014-07-24/source_run=role5-h6-full-0771-20140724-a1/release.html,HTML,158299,a75e869cf26f7231f62325bfbdb19ea2030758a37244778e9cae0b352bb36840,200,SUCCESS,2026-07-13T08:56:51.263035Z,full_sequence=H6_M2_2000_20260628_V1/release_date=2014-07-24/source_run=role5-h6-full-0771-20140724-a1/safe_headers.txt,968ab570954d615db786233764d57fd4b3db3f7876df57b76707e21f98000574,H6_TABLE1_MONTHLY_SA_M2_FULL_V1,true,FULL_NETWORK_ATTEMPT
role5-h6-full-0772-20140731-a1-body,role5-h6-full-0772-20140731-a1,20140731,https://www.federalreserve.gov/releases/h6/20140731/,full_sequence=H6_M2_2000_20260628_V1/release_date=2014-07-31/source_run=role5-h6-full-0772-20140731-a1/release.html,HTML,158408,cee8cf5b153fcd074ced2f5027b1aa5701b7eb9835a1e758576ec3d2ef4891a4,200,SUCCESS,2026-07-13T08:56:52.242792Z,full_sequence=H6_M2_2000_20260628_V1/release_date=2014-07-31/source_run=role5-h6-full-0772-20140731-a1/safe_headers.txt,1289020dc6defac42b884048c843e93cd7bc9252c068ea2b99da75183600aaa9,H6_TABLE1_MONTHLY_SA_M2_FULL_V1,true,FULL_NETWORK_ATTEMPT
role5-h6-full-0773-20140807-a1-body,role5-h6-full-0773-20140807-a1,20140807,https://www.federalreserve.gov/releases/h6/20140807/,full_sequence=H6_M2_2000_20260628_V1/release_date=2014-08-07/source_run=role5-h6-full-0773-20140807-a1/release.html,HTML,158519,3f61c063ac0526b4535afc17e3b579dce369384bb6197420d11df9fce48f7e86,200,SUCCESS,2026-07-13T08:56:53.240512Z,full_sequence=H6_M2_2000_20260628_V1/release_date=2014-08-07/source_run=role5-h6-full-0773-20140807-a1/safe_headers.txt,165226479f8f1a23fc3a831ba991572c1f9e446ef57b1ca4bf4f0920f7816e8e,H6_TABLE1_MONTHLY_SA_M2_FULL_V1,true,FULL_NETWORK_ATTEMPT
role5-h6-full-0774-20140814-a1-body,role5-h6-full-0774-20140814-a1,20140814,https://www.federalreserve.gov/releases/h6/20140814/,full_sequence=H6_M2_2000_20260628_V1/release_date=2014-08-14/source_run=role5-h6-full-0774-20140814-a1/release.html,HTML,158648,c16d3ba1a22260def78ad2e932341674aa0151137841498d8afb7e20b5da54e1,200,SUCCESS,2026-07-13T08:56:54.311788Z,full_sequence=H6_M2_2000_20260628_V1/release_date=2014-08-14/source_run=role5-h6-full-0774-20140814-a1/safe_headers.txt,e7fcf47281ffb33f30cfe7e6560bb362a82277b486d6c9a068cadafb767567c3,H6_TABLE1_MONTHLY_SA_M2_FULL_V1,true,FULL_NETWORK_ATTEMPT
role5-h6-full-0775-20140821-a1-body,role5-h6-full-0775-20140821-a1,20140821,https://www.federalreserve.gov/releases/h6/20140821/,full_sequence=H6_M2_2000_20260628_V1/release_date=2014-08-21/source_run=role5-h6-full-0775-20140821-a1/release.html,HTML,158662,c898c9570efd4083c26ce7db7c2916b7ad3a9d8ca30f20818e630e1ddd22c91b,200,SUCCESS,2026-07-13T08:56:55.243705Z,full_sequence=H6_M2_2000_20260628_V1/release_date=2014-08-21/source_run=role5-h6-full-0775-20140821-a1/safe_headers.txt,e948b09d177f9f42c72516e7e8cc277478163e99a80e893c2db298917aa5de4e,H6_TABLE1_MONTHLY_SA_M2_FULL_V1,true,FULL_NETWORK_ATTEMPT
role5-h6-full-0776-20140828-a1-body,role5-h6-full-0776-20140828-a1,20140828,https://www.federalreserve.gov/releases/h6/20140828/,full_sequence=H6_M2_2000_20260628_V1/release_date=2014-08-28/source_run=role5-h6-full-0776-20140828-a1/release.html,HTML,158667,a5fa1f8caea68d04f879a09622a8a1b573525ecacfc2578690738ce431b4ce87,200,SUCCESS,2026-07-13T08:56:56.282439Z,full_sequence=H6_M2_2000_20260628_V1/release_date=2014-08-28/source_run=role5-h6-full-0776-20140828-a1/safe_headers.txt,7c82095c06d9b2c521ddba4511249549c56a5be6f49ba52b81b8ac8f0e1e6e72,H6_TABLE1_MONTHLY_SA_M2_FULL_V1,true,FULL_NETWORK_ATTEMPT
role5-h6-full-0777-20140904-a1-body,role5-h6-full-0777-20140904-a1,20140904,https://www.federalreserve.gov/releases/h6/20140904/,full_sequence=H6_M2_2000_20260628_V1/release_date=2014-09-04/source_run=role5-h6-full-0777-20140904-a1/release.html,HTML,158673,9bd1a1766de07ffc56f5b59d82b3fb33730fa1e4f3bce1ec28891885951dc249,200,SUCCESS,2026-07-13T08:56:57.269965Z,full_sequence=H6_M2_2000_20260628_V1/release_date=2014-09-04/source_run=role5-h6-full-0777-20140904-a1/safe_headers.txt,4f39d6097c7826afa68fcd0d7f034bbcd1193e4a625918999b3a250f115465bb,H6_TABLE1_MONTHLY_SA_M2_FULL_V1,true,FULL_NETWORK_ATTEMPT
role5-h6-full-0778-20140911-a1-body,role5-h6-full-0778-20140911-a1,20140911,https://www.federalreserve.gov/releases/h6/20140911/,full_sequence=H6_M2_2000_20260628_V1/release_date=2014-09-11/source_run=role5-h6-full-0778-20140911-a1/release.html,HTML,158642,321100db5a427d6862daefe93d15680570d10e221c57b09569d87c5bea33b2e8,200,SUCCESS,2026-07-13T08:56:59.293203Z,full_sequence=H6_M2_2000_20260628_V1/release_date=2014-09-11/source_run=role5-h6-full-0778-20140911-a1/safe_headers.txt,86e801d37dc3eb0f60e2f4187b428d2f9c9b04a5fbf70d67e5dd6906e93bc22a,H6_TABLE1_MONTHLY_SA_M2_FULL_V1,true,FULL_NETWORK_ATTEMPT
role5-h6-full-0779-20140918-a1-body,role5-h6-full-0779-20140918-a1,20140918,https://www.federalreserve.gov/releases/h6/20140918/,full_sequence=H6_M2_2000_20260628_V1/release_date=2014-09-18/source_run=role5-h6-full-0779-20140918-a1/release.html,HTML,158533,db74be7af92d49490f2b47bf0b36da824e5bbec5a2f8b62c7cecd1cd5d27b8eb,200,SUCCESS,2026-07-13T08:57:01.681224Z,full_sequence=H6_M2_2000_20260628_V1/release_date=2014-09-18/source_run=role5-h6-full-0779-20140918-a1/safe_headers.txt,b3b79feb88fd49426f4e51026f0fea8e7d398247a77574b4e6f4688ca98b4d2b,H6_TABLE1_MONTHLY_SA_M2_FULL_V1,true,FULL_NETWORK_ATTEMPT
role5-h6-full-0780-20140925-a1-body,role5-h6-full-0780-20140925-a1,20140925,https://www.federalreserve.gov/releases/h6/20140925/,full_sequence=H6_M2_2000_20260628_V1/release_date=2014-09-25/source_run=role5-h6-full-0780-20140925-a1/release.html,HTML,158446,abb81ea4aa901f7ca7b87bb76f3724dfa13b004410c76a2397bf5ee3844124df,200,SUCCESS,2026-07-13T08:57:02.075995Z,full_sequence=H6_M2_2000_20260628_V1/release_date=2014-09-25/source_run=role5-h6-full-0780-20140925-a1/safe_headers.txt,09babb57764c389d77166c4f6b3fcdb23fb729c6e219d3a9ca5757a870a2e7d0,H6_TABLE1_MONTHLY_SA_M2_FULL_V1,true,FULL_NETWORK_ATTEMPT
role5-h6-full-0781-20141002-a1-body,role5-h6-full-0781-20141002-a1,20141002,https://www.federalreserve.gov/releases/h6/20141002/,full_sequence=H6_M2_2000_20260628_V1/release_date=2014-10-02/source_run=role5-h6-full-0781-20141002-a1/release.html,HTML,158352,db433d90502d6310d7fa3cd47abbb23b6f1594e0df60c0cd34a4a3397a8d9dd9,200,SUCCESS,2026-07-13T08:57:08.092720Z,full_sequence=H6_M2_2000_20260628_V1/release_date=2014-10-02/source_run=role5-h6-full-0781-20141002-a1/safe_headers.txt,99b2acc3c903059fd57a0eb47aa0f5e17eeb74057fab18b5a8a96035a58a0f9e,H6_TABLE1_MONTHLY_SA_M2_FULL_V1,true,FULL_NETWORK_ATTEMPT
role5-h6-full-0782-20141009-a1-body,role5-h6-full-0782-20141009-a1,20141009,https://www.federalreserve.gov/releases/h6/20141009/,full_sequence=H6_M2_2000_20260628_V1/release_date=2014-10-09/source_run=role5-h6-full-0782-20141009-a1/release.html,HTML,158210,0029b5ac9709e0db1c673b53d1dec0f429f7abb9edafdcad08d66a2763702b75,200,SUCCESS,2026-07-13T08:57:08.498367Z,full_sequence=H6_M2_2000_20260628_V1/release_date=2014-10-09/source_run=role5-h6-full-0782-20141009-a1/safe_headers.txt,f926f40053d9cfb8c538e32400277d3b089842b859baf17db59c21dcc0671d23,H6_TABLE1_MONTHLY_SA_M2_FULL_V1,true,FULL_NETWORK_ATTEMPT
role5-h6-full-0783-20141016-a1-body,role5-h6-full-0783-20141016-a1,20141016,https://www.federalreserve.gov/releases/h6/20141016/,full_sequence=H6_M2_2000_20260628_V1/release_date=2014-10-16/source_run=role5-h6-full-0783-20141016-a1/release.html,HTML,158263,9a1ff71c6234052f7a0c42a5d6de96d8b81ef8474bea7630b90ea92ccacd159c,200,SUCCESS,2026-07-13T08:57:09.535561Z,full_sequence=H6_M2_2000_20260628_V1/release_date=2014-10-16/source_run=role5-h6-full-0783-20141016-a1/safe_headers.txt,33a46f59980153c4923ae4b9f1f8f8c2b28e3faf99efaa132aaee506e0226b0d,H6_TABLE1_MONTHLY_SA_M2_FULL_V1,true,FULL_NETWORK_ATTEMPT
role5-h6-full-0784-20141023-a1-body,role5-h6-full-0784-20141023-a1,20141023,https://www.federalreserve.gov/releases/h6/20141023/,full_sequence=H6_M2_2000_20260628_V1/release_date=2014-10-23/source_run=role5-h6-full-0784-20141023-a1/release.html,HTML,158373,ca8a1554eb61b6cecdf4b885e602f1a8c256971a4f19aedbc02603b3365ae440,200,SUCCESS,2026-07-13T08:57:10.487479Z,full_sequence=H6_M2_2000_20260628_V1/release_date=2014-10-23/source_run=role5-h6-full-0784-20141023-a1/safe_headers.txt,db91b6d97182e3eef139f0b41372c793acd5ed163ab72ebc94e8bcb9f73b46e5,H6_TABLE1_MONTHLY_SA_M2_FULL_V1,true,FULL_NETWORK_ATTEMPT
role5-h6-full-0785-20141030-a1-body,role5-h6-full-0785-20141030-a1,20141030,https://www.federalreserve.gov/releases/h6/20141030/,full_sequence=H6_M2_2000_20260628_V1/release_date=2014-10-30/source_run=role5-h6-full-0785-20141030-a1/release.html,HTML,158479,6f2c8bac2875e8b8469a58778c3bc9e846f2752fc0042c116c200ed1fb8d7cbd,200,SUCCESS,2026-07-13T08:57:11.580656Z,full_sequence=H6_M2_2000_20260628_V1/release_date=2014-10-30/source_run=role5-h6-full-0785-20141030-a1/safe_headers.txt,4df83435b5b28ec7441c34be879a0d2e30c3200037132d7a6d65e78133255ca3,H6_TABLE1_MONTHLY_SA_M2_FULL_V1,true,FULL_NETWORK_ATTEMPT
role5-h6-full-0786-20141106-a1-body,role5-h6-full-0786-20141106-a1,20141106,https://www.federalreserve.gov/releases/h6/20141106/,full_sequence=H6_M2_2000_20260628_V1/release_date=2014-11-06/source_run=role5-h6-full-0786-20141106-a1/release.html,HTML,158584,21f6aa66fa7eaf4525b6a451362cce339a24d9cd1722d9ee9c448eb1a2b7f5ff,200,SUCCESS,2026-07-13T08:57:12.515916Z,full_sequence=H6_M2_2000_20260628_V1/release_date=2014-11-06/source_run=role5-h6-full-0786-20141106-a1/safe_headers.txt,544b8ebec9cf96375cdac7069e761919e15de9b3dccab9cf844f7cf150498639,H6_TABLE1_MONTHLY_SA_M2_FULL_V1,true,FULL_NETWORK_ATTEMPT
role5-h6-full-0787-20141113-a1-body,role5-h6-full-0787-20141113-a1,20141113,https://www.federalreserve.gov/releases/h6/20141113/,full_sequence=H6_M2_2000_20260628_V1/release_date=2014-11-13/source_run=role5-h6-full-0787-20141113-a1/release.html,HTML,158711,5a04364fba786ef99ad49a861114eb6925c6ab3a833cb8bb74c7dc3271159ac4,200,SUCCESS,2026-07-13T08:57:13.621860Z,full_sequence=H6_M2_2000_20260628_V1/release_date=2014-11-13/source_run=role5-h6-full-0787-20141113-a1/safe_headers.txt,e8c57d8c275e40f53646fc30ab06ad9e25f9eaf324fd5f16a9d29ca6ed79cd0e,H6_TABLE1_MONTHLY_SA_M2_FULL_V1,true,FULL_NETWORK_ATTEMPT
role5-h6-full-0788-20141120-a1-body,role5-h6-full-0788-20141120-a1,20141120,https://www.federalreserve.gov/releases/h6/20141120/,full_sequence=H6_M2_2000_20260628_V1/release_date=2014-11-20/source_run=role5-h6-full-0788-20141120-a1/release.html,HTML,161256,5417b46d4d7296f0c62a9a5e518e4fc102743d73edf54ccd2473492aaa88c4c9,200,SUCCESS,2026-07-13T08:57:14.540471Z,full_sequence=H6_M2_2000_20260628_V1/release_date=2014-11-20/source_run=role5-h6-full-0788-20141120-a1/safe_headers.txt,aa9ef000096184d0670defc1b22b919b58d96460ec35ef501c962c310653677c,H6_TABLE1_MONTHLY_SA_M2_FULL_V1,true,FULL_NETWORK_ATTEMPT
role5-h6-full-0789-20141128-a1-body,role5-h6-full-0789-20141128-a1,20141128,https://www.federalreserve.gov/releases/h6/20141128/,full_sequence=H6_M2_2000_20260628_V1/release_date=2014-11-28/source_run=role5-h6-full-0789-20141128-a1/release.html,HTML,158721,6d7a4c108839607b5924aa91f2f5a47376156676a1b3d688a9f246878de3c2bc,200,SUCCESS,2026-07-13T08:57:15.599704Z,full_sequence=H6_M2_2000_20260628_V1/release_date=2014-11-28/source_run=role5-h6-full-0789-20141128-a1/safe_headers.txt,8a781ba1a815853e00e9cd1bf88359f13bbb5867623f67607f3decbcb647cade,H6_TABLE1_MONTHLY_SA_M2_FULL_V1,true,FULL_NETWORK_ATTEMPT
role5-h6-full-0790-20141204-a1-body,role5-h6-full-0790-20141204-a1,20141204,https://www.federalreserve.gov/releases/h6/20141204/,full_sequence=H6_M2_2000_20260628_V1/release_date=2014-12-04/source_run=role5-h6-full-0790-20141204-a1/release.html,HTML,161252,dfe1a05e108e8a7dd31c6fdbe1dd733a4e6894d203a222728683ca6682458fef,200,SUCCESS,2026-07-13T08:57:16.567419Z,full_sequence=H6_M2_2000_20260628_V1/release_date=2014-12-04/source_run=role5-h6-full-0790-20141204-a1/safe_headers.txt,8b4233bc2cbcd22b9cbca1156530ada328b9b48ee777a0c99ccfcfd4c9511ba0,H6_TABLE1_MONTHLY_SA_M2_FULL_V1,true,FULL_NETWORK_ATTEMPT
role5-h6-full-0791-20141211-a1-body,role5-h6-full-0791-20141211-a1,20141211,https://www.federalreserve.gov/releases/h6/20141211/,full_sequence=H6_M2_2000_20260628_V1/release_date=2014-12-11/source_run=role5-h6-full-0791-20141211-a1/release.html,HTML,161206,a897fddbf20ef894212fe5b668497d713c5b7cd8525aec3c3a000af04f1620b3,200,SUCCESS,2026-07-13T08:57:17.559441Z,full_sequence=H6_M2_2000_20260628_V1/release_date=2014-12-11/source_run=role5-h6-full-0791-20141211-a1/safe_headers.txt,73535e5b74d6dae3294e45932e27c148fd2cf624d71efe77cc58c56256f9bcaa,H6_TABLE1_MONTHLY_SA_M2_FULL_V1,true,FULL_NETWORK_ATTEMPT
role5-h6-full-0792-20141218-a1-body,role5-h6-full-0792-20141218-a1,20141218,https://www.federalreserve.gov/releases/h6/20141218/,full_sequence=H6_M2_2000_20260628_V1/release_date=2014-12-18/source_run=role5-h6-full-0792-20141218-a1/release.html,HTML,161388,bf75d9c20cdaa68cc01079cc201082d85eb161a83327d7dd79e3cb7ee35ef669,200,SUCCESS,2026-07-13T08:57:18.605655Z,full_sequence=H6_M2_2000_20260628_V1/release_date=2014-12-18/source_run=role5-h6-full-0792-20141218-a1/safe_headers.txt,5037c5ea0cd63d6f168a51783b200367b640426382e7d97b2379286bf6b8dc2c,H6_TABLE1_MONTHLY_SA_M2_FULL_V1,true,FULL_NETWORK_ATTEMPT
role5-h6-full-0793-20141229-a1-body,role5-h6-full-0793-20141229-a1,20141229,https://www.federalreserve.gov/releases/h6/20141229/,full_sequence=H6_M2_2000_20260628_V1/release_date=2014-12-29/source_run=role5-h6-full-0793-20141229-a1/release.html,HTML,163283,1ce8ea37fe1afdd063a1c00c93138477900a8dd4f3eadcb7dd24b4032ecc0389,200,SUCCESS,2026-07-13T08:57:19.580997Z,full_sequence=H6_M2_2000_20260628_V1/release_date=2014-12-29/source_run=role5-h6-full-0793-20141229-a1/safe_headers.txt,456b902a12677deae59a3045a94422d5705bebcd98126b2febe5a26c7df48e04,H6_TABLE1_MONTHLY_SA_M2_FULL_V1,true,FULL_NETWORK_ATTEMPT
role5-h6-full-0794-20150102-a1-body,role5-h6-full-0794-20150102-a1,20150102,https://www.federalreserve.gov/releases/h6/20150102/,full_sequence=H6_M2_2000_20260628_V1/release_date=2015-01-02/source_run=role5-h6-full-0794-20150102-a1/release.html,HTML,160893,a44717ef8bdc5181e167c9f4e32b63bd083767f09acbf681a44f9bcb32e9a769,200,SUCCESS,2026-07-13T08:57:20.589423Z,full_sequence=H6_M2_2000_20260628_V1/release_date=2015-01-02/source_run=role5-h6-full-0794-20150102-a1/safe_headers.txt,e59868f6d02cdc89b2e187265b20f45b17bda0c7d143d02f5ede1a25f21c4ddd,H6_TABLE1_MONTHLY_SA_M2_FULL_V1,true,FULL_NETWORK_ATTEMPT
role5-h6-full-0795-20150108-a1-body,role5-h6-full-0795-20150108-a1,20150108,https://www.federalreserve.gov/releases/h6/20150108/,full_sequence=H6_M2_2000_20260628_V1/release_date=2015-01-08/source_run=role5-h6-full-0795-20150108-a1/release.html,HTML,160796,82437ee85a2c97d4d5b81293732d5b9c3973ec0afc14af35d3fee786fc927490,200,SUCCESS,2026-07-13T08:57:21.622214Z,full_sequence=H6_M2_2000_20260628_V1/release_date=2015-01-08/source_run=role5-h6-full-0795-20150108-a1/safe_headers.txt,b5e7cc15297d8d664c379930d8bbf370307c8e13fff6d4a3fa73c3e0c6fc54e3,H6_TABLE1_MONTHLY_SA_M2_FULL_V1,true,FULL_NETWORK_ATTEMPT
role5-h6-full-0796-20150115-a1-body,role5-h6-full-0796-20150115-a1,20150115,https://www.federalreserve.gov/releases/h6/20150115/,full_sequence=H6_M2_2000_20260628_V1/release_date=2015-01-15/source_run=role5-h6-full-0796-20150115-a1/release.html,HTML,160840,d5d65035a843c526dfd24d91bcf85ea16b09def4d98ea75c6d5cb961e4ed40e5,200,SUCCESS,2026-07-13T08:57:22.579757Z,full_sequence=H6_M2_2000_20260628_V1/release_date=2015-01-15/source_run=role5-h6-full-0796-20150115-a1/safe_headers.txt,310cadc00438600525e18195b0e49145c280fad22acd3c2429f586f52a7112c5,H6_TABLE1_MONTHLY_SA_M2_FULL_V1,true,FULL_NETWORK_ATTEMPT
role5-h6-full-0797-20150122-a1-body,role5-h6-full-0797-20150122-a1,20150122,https://www.federalreserve.gov/releases/h6/20150122/,full_sequence=H6_M2_2000_20260628_V1/release_date=2015-01-22/source_run=role5-h6-full-0797-20150122-a1/release.html,HTML,295894,ea98a19cdcc7af32daaf97a83cbe9ea01b5c8475b56d54f5226d129184af57e3,200,SUCCESS,2026-07-13T08:57:25.628014Z,full_sequence=H6_M2_2000_20260628_V1/release_date=2015-01-22/source_run=role5-h6-full-0797-20150122-a1/safe_headers.txt,deba963c9b67f43267d2c968058a4719ce87b3bcc1e706a24dbe95f66b5d6a5d,H6_TABLE1_MONTHLY_SA_M2_FULL_V1,true,FULL_NETWORK_ATTEMPT
role5-h6-full-0798-20150129-a1-body,role5-h6-full-0798-20150129-a1,20150129,https://www.federalreserve.gov/releases/h6/20150129/,full_sequence=H6_M2_2000_20260628_V1/release_date=2015-01-29/source_run=role5-h6-full-0798-20150129-a1/release.html,HTML,161004,f06a2851e0b871227978351fde39438ba983bb58e1396ce1dc2029b061d0b215,200,SUCCESS,2026-07-13T08:57:26.092543Z,full_sequence=H6_M2_2000_20260628_V1/release_date=2015-01-29/source_run=role5-h6-full-0798-20150129-a1/safe_headers.txt,c1543a34e8acfed91b0ac98b85efb1ec0c65e17e0752ebe7bd1af150a18ce3e2,H6_TABLE1_MONTHLY_SA_M2_FULL_V1,true,FULL_NETWORK_ATTEMPT
role5-h6-full-0799-20150205-a1-body,role5-h6-full-0799-20150205-a1,20150205,https://www.federalreserve.gov/releases/h6/20150205/,full_sequence=H6_M2_2000_20260628_V1/release_date=2015-02-05/source_run=role5-h6-full-0799-20150205-a1/release.html,HTML,161110,3b1c2bd6358e2374802ec3a2fe4eee0f357cd603207a3d2c425368e6dc5d6b17,200,SUCCESS,2026-07-13T08:57:27.032762Z,full_sequence=H6_M2_2000_20260628_V1/release_date=2015-02-05/source_run=role5-h6-full-0799-20150205-a1/safe_headers.txt,a5e21baa8f546e89f2f69026f56b361cd336fadd9a6c28ba41349b0c8bb90f75,H6_TABLE1_MONTHLY_SA_M2_FULL_V1,true,FULL_NETWORK_ATTEMPT
role5-h6-full-0800-20150212-a1-body,role5-h6-full-0800-20150212-a1,20150212,https://www.federalreserve.gov/releases/h6/20150212/,full_sequence=H6_M2_2000_20260628_V1/release_date=2015-02-12/source_run=role5-h6-full-0800-20150212-a1/release.html,HTML,161240,e53f34cae28205260b8c30ddf4a55b4b34b7317657b690e0ad807581e3eb2b4d,200,SUCCESS,2026-07-13T08:57:28.016994Z,full_sequence=H6_M2_2000_20260628_V1/release_date=2015-02-12/source_run=role5-h6-full-0800-20150212-a1/safe_headers.txt,b3fde98a2c4c029a57e6f568b9ca0e188c2f6d269965902ad51166001ab4873b,H6_TABLE1_MONTHLY_SA_M2_FULL_V1,true,FULL_NETWORK_ATTEMPT
role5-h6-full-0801-20150219-a1-body,role5-h6-full-0801-20150219-a1,20150219,https://www.federalreserve.gov/releases/h6/20150219/,full_sequence=H6_M2_2000_20260628_V1/release_date=2015-02-19/source_run=role5-h6-full-0801-20150219-a1/release.html,HTML,161248,83807d1cbaf40dab6e6d14c73b7fcea072fdc35fd89974a68efd6b751c877446,200,SUCCESS,2026-07-13T08:57:29.038069Z,full_sequence=H6_M2_2000_20260628_V1/release_date=2015-02-19/source_run=role5-h6-full-0801-20150219-a1/safe_headers.txt,2e85f793d88f638890fd6b70ff539110e4f0d8c0763c9e5e38f90f98599fd907,H6_TABLE1_MONTHLY_SA_M2_FULL_V1,true,FULL_NETWORK_ATTEMPT
role5-h6-full-0802-20150226-a1-body,role5-h6-full-0802-20150226-a1,20150226,https://www.federalreserve.gov/releases/h6/20150226/,full_sequence=H6_M2_2000_20260628_V1/release_date=2015-02-26/source_run=role5-h6-full-0802-20150226-a1/release.html,HTML,161255,45c627a2ff3d0e31b2b3b16b98b7846b69be61e6a286916481fecadf2f7bbed5,200,SUCCESS,2026-07-13T08:57:30.047430Z,full_sequence=H6_M2_2000_20260628_V1/release_date=2015-02-26/source_run=role5-h6-full-0802-20150226-a1/safe_headers.txt,1c30f81762c66aeaf539cddc2e64620f7321989bfb7f05423b1e38759f186e15,H6_TABLE1_MONTHLY_SA_M2_FULL_V1,true,FULL_NETWORK_ATTEMPT
role5-h6-full-0803-20150305-a1-body,role5-h6-full-0803-20150305-a1,20150305,https://www.federalreserve.gov/releases/h6/20150305/,full_sequence=H6_M2_2000_20260628_V1/release_date=2015-03-05/source_run=role5-h6-full-0803-20150305-a1/release.html,HTML,161249,c3cc030c44c2a03b801fe60226233ec457c3e7f3666cb565345ae8b1e82115f0,200,SUCCESS,2026-07-13T08:57:31.111038Z,full_sequence=H6_M2_2000_20260628_V1/release_date=2015-03-05/source_run=role5-h6-full-0803-20150305-a1/safe_headers.txt,66c6f6e4f7549bf187337ec42d7d295d805317607cfa19dcfd661739f6377055,H6_TABLE1_MONTHLY_SA_M2_FULL_V1,true,FULL_NETWORK_ATTEMPT
role5-h6-full-0804-20150312-a1-body,role5-h6-full-0804-20150312-a1,20150312,https://www.federalreserve.gov/releases/h6/20150312/,full_sequence=H6_M2_2000_20260628_V1/release_date=2015-03-12/source_run=role5-h6-full-0804-20150312-a1/release.html,HTML,161185,a983c184c96ec52fc60603cf69e0d69689dceec10832313698d899f6f67cb056,200,SUCCESS,2026-07-13T08:57:36.093199Z,full_sequence=H6_M2_2000_20260628_V1/release_date=2015-03-12/source_run=role5-h6-full-0804-20150312-a1/safe_headers.txt,0ec8f924bcb9a79cfc64c8e7e45abce3f9865a310ad13d9a8b8b40128abfaeac,H6_TABLE1_MONTHLY_SA_M2_FULL_V1,true,FULL_NETWORK_ATTEMPT
role5-h6-full-0805-20150319-a1-body,role5-h6-full-0805-20150319-a1,20150319,https://www.federalreserve.gov/releases/h6/20150319/,full_sequence=H6_M2_2000_20260628_V1/release_date=2015-03-19/source_run=role5-h6-full-0805-20150319-a1/release.html,HTML,161088,39928f12dee9ffeb09556ff3d3d37109208cbcff6474d95ed9f5fef6f6d27f5e,200,SUCCESS,2026-07-13T08:57:36.580675Z,full_sequence=H6_M2_2000_20260628_V1/release_date=2015-03-19/source_run=role5-h6-full-0805-20150319-a1/safe_headers.txt,dcd7e8f2c99f8299587c95f925ed105124d04c87c0be99c6b5d8b117033f4233,H6_TABLE1_MONTHLY_SA_M2_FULL_V1,true,FULL_NETWORK_ATTEMPT
role5-h6-full-0806-20150326-a1-body,role5-h6-full-0806-20150326-a1,20150326,https://www.federalreserve.gov/releases/h6/20150326/,full_sequence=H6_M2_2000_20260628_V1/release_date=2015-03-26/source_run=role5-h6-full-0806-20150326-a1/release.html,HTML,160993,2cdf41b716d8fefca7bb9bbe5e128150c6bc12f92c8936ead929032be5216f5d,200,SUCCESS,2026-07-13T08:57:37.528580Z,full_sequence=H6_M2_2000_20260628_V1/release_date=2015-03-26/source_run=role5-h6-full-0806-20150326-a1/safe_headers.txt,4d14c32f9c66894dcd13b83911d7b55db3f1dec891ebc61ed90f1b63d470ca12,H6_TABLE1_MONTHLY_SA_M2_FULL_V1,true,FULL_NETWORK_ATTEMPT
role5-h6-full-0807-20150402-a1-body,role5-h6-full-0807-20150402-a1,20150402,https://www.federalreserve.gov/releases/h6/20150402/,full_sequence=H6_M2_2000_20260628_V1/release_date=2015-04-02/source_run=role5-h6-full-0807-20150402-a1/release.html,HTML,160893,b218e6124176e8521eea67c6073ec2f79a9ae5e6983dac29682d3989555f93ed,200,SUCCESS,2026-07-13T08:57:38.533153Z,full_sequence=H6_M2_2000_20260628_V1/release_date=2015-04-02/source_run=role5-h6-full-0807-20150402-a1/safe_headers.txt,f6e0adaa8bcf7ae826c1c8a4db4df9c86898a0ccc5d4fa44a9f28c9f282842bc,H6_TABLE1_MONTHLY_SA_M2_FULL_V1,true,FULL_NETWORK_ATTEMPT
role5-h6-full-0808-20150409-a1-body,role5-h6-full-0808-20150409-a1,20150409,https://www.federalreserve.gov/releases/h6/20150409/,full_sequence=H6_M2_2000_20260628_V1/release_date=2015-04-09/source_run=role5-h6-full-0808-20150409-a1/release.html,HTML,160748,9ff6ff21daf5203f24fbd3b7c5e11ba7d3c6f10fb82a146d9ab4ab1154c027fb,200,SUCCESS,2026-07-13T08:57:41.501557Z,full_sequence=H6_M2_2000_20260628_V1/release_date=2015-04-09/source_run=role5-h6-full-0808-20150409-a1/safe_headers.txt,e519fd3099462420e5f70616b2efacacf5398a552712db5929edd9dbe63c03ef,H6_TABLE1_MONTHLY_SA_M2_FULL_V1,true,FULL_NETWORK_ATTEMPT
role5-h6-full-0809-20150416-a1-body,role5-h6-full-0809-20150416-a1,20150416,https://www.federalreserve.gov/releases/h6/20150416/,full_sequence=H6_M2_2000_20260628_V1/release_date=2015-04-16/source_run=role5-h6-full-0809-20150416-a1/release.html,HTML,160784,43df411c24f8294f1e5f9405d64dd6a9571e5b56fff6e5b550c28afd3a72c87a,200,SUCCESS,2026-07-13T08:57:41.917680Z,full_sequence=H6_M2_2000_20260628_V1/release_date=2015-04-16/source_run=role5-h6-full-0809-20150416-a1/safe_headers.txt,68e13283b158b07fcf7e6ec885647ac2d2c04d51f7f9e6421ce5bbf87818dbb6,H6_TABLE1_MONTHLY_SA_M2_FULL_V1,true,FULL_NETWORK_ATTEMPT
role5-h6-full-0810-20150423-a1-body,role5-h6-full-0810-20150423-a1,20150423,https://www.federalreserve.gov/releases/h6/20150423/,full_sequence=H6_M2_2000_20260628_V1/release_date=2015-04-23/source_run=role5-h6-full-0810-20150423-a1/release.html,HTML,160895,6b32b7e7bde1136e14206d35f37951520782558f609a36ed5aef4522f668c9c0,200,SUCCESS,2026-07-13T08:57:42.904087Z,full_sequence=H6_M2_2000_20260628_V1/release_date=2015-04-23/source_run=role5-h6-full-0810-20150423-a1/safe_headers.txt,1763f42587121a1e3eb4d0cd51f437a4be37297c1877f6901c61113fb5bcbcc1,H6_TABLE1_MONTHLY_SA_M2_FULL_V1,true,FULL_NETWORK_ATTEMPT
role5-h6-full-0811-20150430-a1-body,role5-h6-full-0811-20150430-a1,20150430,https://www.federalreserve.gov/releases/h6/20150430/,full_sequence=H6_M2_2000_20260628_V1/release_date=2015-04-30/source_run=role5-h6-full-0811-20150430-a1/release.html,HTML,161000,b755c0ee6ebdeab9738148ee0bd35f4c39bf14300474abf169f17728e41c21e3,200,SUCCESS,2026-07-13T08:57:43.920095Z,full_sequence=H6_M2_2000_20260628_V1/release_date=2015-04-30/source_run=role5-h6-full-0811-20150430-a1/safe_headers.txt,16e2324264dc3c5ca2fa4014e287c5b6e068d521c04666649e63f159d0ad70b8,H6_TABLE1_MONTHLY_SA_M2_FULL_V1,true,FULL_NETWORK_ATTEMPT
role5-h6-full-0812-20150507-a1-body,role5-h6-full-0812-20150507-a1,20150507,https://www.federalreserve.gov/releases/h6/20150507/,full_sequence=H6_M2_2000_20260628_V1/release_date=2015-05-07/source_run=role5-h6-full-0812-20150507-a1/release.html,HTML,161100,31c65e6b12b4e4a6eba1aabc5f41768ae196dcdca44fca5b9b90a6bef94ea21a,200,SUCCESS,2026-07-13T08:57:44.938159Z,full_sequence=H6_M2_2000_20260628_V1/release_date=2015-05-07/source_run=role5-h6-full-0812-20150507-a1/safe_headers.txt,97c0a1bbcdd95ecaf163447c9f9f9b65192573b236000b325b7d321b7d12c0b0,H6_TABLE1_MONTHLY_SA_M2_FULL_V1,true,FULL_NETWORK_ATTEMPT
role5-h6-full-0813-20150514-a1-body,role5-h6-full-0813-20150514-a1,20150514,https://www.federalreserve.gov/releases/h6/20150514/,full_sequence=H6_M2_2000_20260628_V1/release_date=2015-05-14/source_run=role5-h6-full-0813-20150514-a1/release.html,HTML,161219,b6395147cc085526fd1f2ca4b1b5568d7e330b7650f9937795957b4f9090b70a,200,SUCCESS,2026-07-13T08:57:45.936198Z,full_sequence=H6_M2_2000_20260628_V1/release_date=2015-05-14/source_run=role5-h6-full-0813-20150514-a1/safe_headers.txt,3f1f16fe4677cc4e3c6ccb9f4a11dda9e7a5ff1fd892d839a8e303f556601c41,H6_TABLE1_MONTHLY_SA_M2_FULL_V1,true,FULL_NETWORK_ATTEMPT
role5-h6-full-0814-20150521-a1-body,role5-h6-full-0814-20150521-a1,20150521,https://www.federalreserve.gov/releases/h6/20150521/,full_sequence=H6_M2_2000_20260628_V1/release_date=2015-05-21/source_run=role5-h6-full-0814-20150521-a1/release.html,HTML,161227,23dfaec99b6ec98de1cde2603c8c31fc52b1205997834719671b3b8c81e4856b,200,SUCCESS,2026-07-13T08:57:47.028778Z,full_sequence=H6_M2_2000_20260628_V1/release_date=2015-05-21/source_run=role5-h6-full-0814-20150521-a1/safe_headers.txt,7382271eaaced9f743535805e156857c0e6642b2048976a274c0fc54d5af19e4,H6_TABLE1_MONTHLY_SA_M2_FULL_V1,true,FULL_NETWORK_ATTEMPT
role5-h6-full-0815-20150528-a1-body,role5-h6-full-0815-20150528-a1,20150528,https://www.federalreserve.gov/releases/h6/20150528/,full_sequence=H6_M2_2000_20260628_V1/release_date=2015-05-28/source_run=role5-h6-full-0815-20150528-a1/release.html,HTML,161227,03ea1e448089fa3413332d6d3810bf4692e5949f0b3ba4ba589b10f862009f29,200,SUCCESS,2026-07-13T08:57:48.031504Z,full_sequence=H6_M2_2000_20260628_V1/release_date=2015-05-28/source_run=role5-h6-full-0815-20150528-a1/safe_headers.txt,9372c567d23d27e21965fe62c7f2a4f4c15a3f62316cabec0715f30fabe8105b,H6_TABLE1_MONTHLY_SA_M2_FULL_V1,true,FULL_NETWORK_ATTEMPT
role5-h6-full-0816-20150604-a1-body,role5-h6-full-0816-20150604-a1,20150604,https://www.federalreserve.gov/releases/h6/20150604/,full_sequence=H6_M2_2000_20260628_V1/release_date=2015-06-04/source_run=role5-h6-full-0816-20150604-a1/release.html,HTML,161227,6151a53478f9bfa4ade21b7368ae8eb5450999500c1b1f23e5e9af4a6dbe5a1b,200,SUCCESS,2026-07-13T08:57:48.955838Z,full_sequence=H6_M2_2000_20260628_V1/release_date=2015-06-04/source_run=role5-h6-full-0816-20150604-a1/safe_headers.txt,37d077367f71169236e193802f89aa5522a007fbf170bbbdfebb4a27eb4a1129,H6_TABLE1_MONTHLY_SA_M2_FULL_V1,true,FULL_NETWORK_ATTEMPT
role5-h6-full-0817-20150611-a1-body,role5-h6-full-0817-20150611-a1,20150611,https://www.federalreserve.gov/releases/h6/20150611/,full_sequence=H6_M2_2000_20260628_V1/release_date=2015-06-11/source_run=role5-h6-full-0817-20150611-a1/release.html,HTML,161181,edcd86a7485b57c1daddef68b153ee08f1a530beb4d2a1513152b7acc76acac9,200,SUCCESS,2026-07-13T08:57:49.968451Z,full_sequence=H6_M2_2000_20260628_V1/release_date=2015-06-11/source_run=role5-h6-full-0817-20150611-a1/safe_headers.txt,05ab81e501fc38520a771300fc07f5f97aadbba62fde9abbc2fc30f76880f065,H6_TABLE1_MONTHLY_SA_M2_FULL_V1,true,FULL_NETWORK_ATTEMPT
role5-h6-full-0818-20150618-a1-body,role5-h6-full-0818-20150618-a1,20150618,https://www.federalreserve.gov/releases/h6/20150618/,full_sequence=H6_M2_2000_20260628_V1/release_date=2015-06-18/source_run=role5-h6-full-0818-20150618-a1/release.html,HTML,161067,a1733162024ad856dd1f87f4657cf4970183dc9b18ebe9b2b80d6d0e42d9a22c,200,SUCCESS,2026-07-13T08:57:50.949670Z,full_sequence=H6_M2_2000_20260628_V1/release_date=2015-06-18/source_run=role5-h6-full-0818-20150618-a1/safe_headers.txt,c0284f48d7b5f86ca664308440bf7227b5bd5ea3fcb058b4fbe28d52d00027f1,H6_TABLE1_MONTHLY_SA_M2_FULL_V1,true,FULL_NETWORK_ATTEMPT
role5-h6-full-0819-20150625-a1-body,role5-h6-full-0819-20150625-a1,20150625,https://www.federalreserve.gov/releases/h6/20150625/,full_sequence=H6_M2_2000_20260628_V1/release_date=2015-06-25/source_run=role5-h6-full-0819-20150625-a1/release.html,HTML,160977,af5b1c512a7514f67e6073ca08e3152003b9e9f0b805ee9c4998561048e88ebe,200,SUCCESS,2026-07-13T08:57:51.975231Z,full_sequence=H6_M2_2000_20260628_V1/release_date=2015-06-25/source_run=role5-h6-full-0819-20150625-a1/safe_headers.txt,275a3fc9b664aad7406043dc6e8a8c1ad2e7deb5d02eeb25677fcdf30ba08524,H6_TABLE1_MONTHLY_SA_M2_FULL_V1,true,FULL_NETWORK_ATTEMPT
role5-h6-full-0820-20150702-a1-body,role5-h6-full-0820-20150702-a1,20150702,https://www.federalreserve.gov/releases/h6/20150702/,full_sequence=H6_M2_2000_20260628_V1/release_date=2015-07-02/source_run=role5-h6-full-0820-20150702-a1/release.html,HTML,160879,a9376d8c2ba3145d54e05d8e36ef218c0bbddd9f5be99f36e1c3773c4052cc13,200,SUCCESS,2026-07-13T08:57:52.974315Z,full_sequence=H6_M2_2000_20260628_V1/release_date=2015-07-02/source_run=role5-h6-full-0820-20150702-a1/safe_headers.txt,6085773fb9ae49935f50bb4054a1b400cf0c833be99b79362c1bb44ebb0e13a2,H6_TABLE1_MONTHLY_SA_M2_FULL_V1,true,FULL_NETWORK_ATTEMPT
role5-h6-full-0821-20150709-a1-body,role5-h6-full-0821-20150709-a1,20150709,https://www.federalreserve.gov/releases/h6/20150709/,full_sequence=H6_M2_2000_20260628_V1/release_date=2015-07-09/source_run=role5-h6-full-0821-20150709-a1/release.html,HTML,160783,4e097841f67e1df6a471b8fa7d34bbe6ffafe323491e924b01f1b594f72def0c,200,SUCCESS,2026-07-13T08:57:54.077111Z,full_sequence=H6_M2_2000_20260628_V1/release_date=2015-07-09/source_run=role5-h6-full-0821-20150709-a1/safe_headers.txt,f586b5341ce9d382b0e8b6ed1900de2b176f8bd179afb3e99b6bc10fbe515415,H6_TABLE1_MONTHLY_SA_M2_FULL_V1,true,FULL_NETWORK_ATTEMPT
role5-h6-full-0822-20150716-a1-body,role5-h6-full-0822-20150716-a1,20150716,https://www.federalreserve.gov/releases/h6/20150716/,full_sequence=H6_M2_2000_20260628_V1/release_date=2015-07-16/source_run=role5-h6-full-0822-20150716-a1/release.html,HTML,160783,33d20ea12537b822074f5f5a5d8c6d0707b7e3236f33f4ff5405e53f334ade23,200,SUCCESS,2026-07-13T08:57:54.983133Z,full_sequence=H6_M2_2000_20260628_V1/release_date=2015-07-16/source_run=role5-h6-full-0822-20150716-a1/safe_headers.txt,e57e3f692d403805047941dfa20b8cb57a76ec0dbac6d05f643a3c3f2e58800b,H6_TABLE1_MONTHLY_SA_M2_FULL_V1,true,FULL_NETWORK_ATTEMPT
role5-h6-full-0823-20150723-a1-body,role5-h6-full-0823-20150723-a1,20150723,https://www.federalreserve.gov/releases/h6/20150723/,full_sequence=H6_M2_2000_20260628_V1/release_date=2015-07-23/source_run=role5-h6-full-0823-20150723-a1/release.html,HTML,160896,eae9ad491ddd527fea3463b43b695ce16374e4ab5a964467bae5ad2cf5e6dde8,200,SUCCESS,2026-07-13T08:57:56.050547Z,full_sequence=H6_M2_2000_20260628_V1/release_date=2015-07-23/source_run=role5-h6-full-0823-20150723-a1/safe_headers.txt,43c6095a60d7a53c699ecfad22c4d66579a3367beee9679c7995fd6fda8e103f,H6_TABLE1_MONTHLY_SA_M2_FULL_V1,true,FULL_NETWORK_ATTEMPT
role5-h6-full-0824-20150730-a1-body,role5-h6-full-0824-20150730-a1,20150730,https://www.federalreserve.gov/releases/h6/20150730/,full_sequence=H6_M2_2000_20260628_V1/release_date=2015-07-30/source_run=role5-h6-full-0824-20150730-a1/release.html,HTML,161005,39946a5285f0facc45200ce2e0cdda1de4e292762954981b875bc774d45b61cb,200,SUCCESS,2026-07-13T08:57:59.996366Z,full_sequence=H6_M2_2000_20260628_V1/release_date=2015-07-30/source_run=role5-h6-full-0824-20150730-a1/safe_headers.txt,93c6252cf1f4cf93a9b613629f279c584ab94277e99de22fe851a2d36dc403e1,H6_TABLE1_MONTHLY_SA_M2_FULL_V1,true,FULL_NETWORK_ATTEMPT
role5-h6-full-0825-20150806-a1-body,role5-h6-full-0825-20150806-a1,20150806,https://www.federalreserve.gov/releases/h6/20150806/,full_sequence=H6_M2_2000_20260628_V1/release_date=2015-08-06/source_run=role5-h6-full-0825-20150806-a1/release.html,HTML,161116,346eaed02d7ac93bf0aae070d257c2767a971c6c3a88fabc7cb28545acf669c2,200,SUCCESS,2026-07-13T08:58:00.375649Z,full_sequence=H6_M2_2000_20260628_V1/release_date=2015-08-06/source_run=role5-h6-full-0825-20150806-a1/safe_headers.txt,8a302c003770d454dd78f46218d2ae52996ba0725ab4c551729dc18ef6ad0330,H6_TABLE1_MONTHLY_SA_M2_FULL_V1,true,FULL_NETWORK_ATTEMPT
role5-h6-full-0826-20150813-a1-body,role5-h6-full-0826-20150813-a1,20150813,https://www.federalreserve.gov/releases/h6/20150813/,full_sequence=H6_M2_2000_20260628_V1/release_date=2015-08-13/source_run=role5-h6-full-0826-20150813-a1/release.html,HTML,161242,1637de0571b00cd2e41e76ea2c6ea31cabc5e1bc04087bcee9e96d9b87c8e96b,200,SUCCESS,2026-07-13T08:58:01.547054Z,full_sequence=H6_M2_2000_20260628_V1/release_date=2015-08-13/source_run=role5-h6-full-0826-20150813-a1/safe_headers.txt,f31d0414504d9f2478bec1dde966d828c29a8b60b15c1e8db5ffc0e83be56cae,H6_TABLE1_MONTHLY_SA_M2_FULL_V1,true,FULL_NETWORK_ATTEMPT
role5-h6-full-0827-20150820-a1-body,role5-h6-full-0827-20150820-a1,20150820,https://www.federalreserve.gov/releases/h6/20150820/,full_sequence=H6_M2_2000_20260628_V1/release_date=2015-08-20/source_run=role5-h6-full-0827-20150820-a1/release.html,HTML,161255,d889f080afcae529bb8c3bf426fd1817465cac9c939096a47af31f8ac03d1fc5,200,SUCCESS,2026-07-13T08:58:02.393929Z,full_sequence=H6_M2_2000_20260628_V1/release_date=2015-08-20/source_run=role5-h6-full-0827-20150820-a1/safe_headers.txt,a51be41db925c6216d989ff1b10d9753e67f7f0c421c7757cdf50bd62d136754,H6_TABLE1_MONTHLY_SA_M2_FULL_V1,true,FULL_NETWORK_ATTEMPT
role5-h6-full-0828-20150827-a1-body,role5-h6-full-0828-20150827-a1,20150827,https://www.federalreserve.gov/releases/h6/20150827/,full_sequence=H6_M2_2000_20260628_V1/release_date=2015-08-27/source_run=role5-h6-full-0828-20150827-a1/release.html,HTML,161261,91bc4782896d03e1564020ee7266aa77f46d5a09c91606d386ba6780762d44aa,200,SUCCESS,2026-07-13T08:58:03.412973Z,full_sequence=H6_M2_2000_20260628_V1/release_date=2015-08-27/source_run=role5-h6-full-0828-20150827-a1/safe_headers.txt,34b64161332268403a03538c6d228800f0d8b4406bfbe62976384ef11f2e83c8,H6_TABLE1_MONTHLY_SA_M2_FULL_V1,true,FULL_NETWORK_ATTEMPT
role5-h6-full-0829-20150903-a1-body,role5-h6-full-0829-20150903-a1,20150903,https://www.federalreserve.gov/releases/h6/20150903/,full_sequence=H6_M2_2000_20260628_V1/release_date=2015-09-03/source_run=role5-h6-full-0829-20150903-a1/release.html,HTML,161270,58231c735417bdef7b4da38adb3994f4f7c63b0bc542c1c6be16e637aeb9a2f3,200,SUCCESS,2026-07-13T08:58:04.415289Z,full_sequence=H6_M2_2000_20260628_V1/release_date=2015-09-03/source_run=role5-h6-full-0829-20150903-a1/safe_headers.txt,e9761d94b80582c5e3e8cbcc25d7c4a96c1176aba591ef9c21c9fb6ac7e778b6,H6_TABLE1_MONTHLY_SA_M2_FULL_V1,true,FULL_NETWORK_ATTEMPT
role5-h6-full-0830-20150910-a1-body,role5-h6-full-0830-20150910-a1,20150910,https://www.federalreserve.gov/releases/h6/20150910/,full_sequence=H6_M2_2000_20260628_V1/release_date=2015-09-10/source_run=role5-h6-full-0830-20150910-a1/release.html,HTML,161237,2372a5f66d09d36300fabab5ca38044c06518e7850b72c43f9305f638ce046f0,200,SUCCESS,2026-07-13T08:58:05.402255Z,full_sequence=H6_M2_2000_20260628_V1/release_date=2015-09-10/source_run=role5-h6-full-0830-20150910-a1/safe_headers.txt,f0870c5a894f34b16333942d5dd96242e659ed3e982a18eb460dfffc9c3c8b7c,H6_TABLE1_MONTHLY_SA_M2_FULL_V1,true,FULL_NETWORK_ATTEMPT
role5-h6-full-0831-20150917-a1-body,role5-h6-full-0831-20150917-a1,20150917,https://www.federalreserve.gov/releases/h6/20150917/,full_sequence=H6_M2_2000_20260628_V1/release_date=2015-09-17/source_run=role5-h6-full-0831-20150917-a1/release.html,HTML,161127,55a0701a02db456448a0b25b80938a9d34d43e2ca2f2a5debd65ea1795c07ba0,200,SUCCESS,2026-07-13T08:58:06.475337Z,full_sequence=H6_M2_2000_20260628_V1/release_date=2015-09-17/source_run=role5-h6-full-0831-20150917-a1/safe_headers.txt,b51fed459e661316243754199466cd1647b7b0d367ae1f3eece33e6059207f96,H6_TABLE1_MONTHLY_SA_M2_FULL_V1,true,FULL_NETWORK_ATTEMPT
role5-h6-full-0832-20150924-a1-body,role5-h6-full-0832-20150924-a1,20150924,https://www.federalreserve.gov/releases/h6/20150924/,full_sequence=H6_M2_2000_20260628_V1/release_date=2015-09-24/source_run=role5-h6-full-0832-20150924-a1/release.html,HTML,163253,03ddd526f597b64a7ba03515a5f3b97d37398990c5a98b2b315f480e8c4ec28e,200,SUCCESS,2026-07-13T08:58:07.547125Z,full_sequence=H6_M2_2000_20260628_V1/release_date=2015-09-24/source_run=role5-h6-full-0832-20150924-a1/safe_headers.txt,d5fd2b0b55de3fd48fd9ed9d9d017966205641bead037faff62912d5abe650c8,H6_TABLE1_MONTHLY_SA_M2_FULL_V1,true,FULL_NETWORK_ATTEMPT
role5-h6-full-0833-20151001-a1-body,role5-h6-full-0833-20151001-a1,20151001,https://www.federalreserve.gov/releases/h6/20151001/,full_sequence=H6_M2_2000_20260628_V1/release_date=2015-10-01/source_run=role5-h6-full-0833-20151001-a1/release.html,HTML,160943,0c6db7ded4d5bff6fd3c0ad033bac07cffebc105fcc60ae3bd3ac671736c16ef,200,SUCCESS,2026-07-13T08:58:08.455711Z,full_sequence=H6_M2_2000_20260628_V1/release_date=2015-10-01/source_run=role5-h6-full-0833-20151001-a1/safe_headers.txt,4f8149f591e03205c3611332cdfad8598454869917f4e2a7dbf868ed67844978,H6_TABLE1_MONTHLY_SA_M2_FULL_V1,true,FULL_NETWORK_ATTEMPT
role5-h6-full-0834-20151008-a1-body,role5-h6-full-0834-20151008-a1,20151008,https://www.federalreserve.gov/releases/h6/20151008/,full_sequence=H6_M2_2000_20260628_V1/release_date=2015-10-08/source_run=role5-h6-full-0834-20151008-a1/release.html,HTML,160805,d62bb57106097ca5a12baa3c9a41e31ce9430e472592c56592451c4b898df350,200,SUCCESS,2026-07-13T08:58:09.472638Z,full_sequence=H6_M2_2000_20260628_V1/release_date=2015-10-08/source_run=role5-h6-full-0834-20151008-a1/safe_headers.txt,1bb81e7d4b71e6740d5e6fee146d8d44f75366e1bb5daf3f2e971743ab1a0ef3,H6_TABLE1_MONTHLY_SA_M2_FULL_V1,true,FULL_NETWORK_ATTEMPT
role5-h6-full-0835-20151015-a1-body,role5-h6-full-0835-20151015-a1,20151015,https://www.federalreserve.gov/releases/h6/20151015/,full_sequence=H6_M2_2000_20260628_V1/release_date=2015-10-15/source_run=role5-h6-full-0835-20151015-a1/release.html,HTML,160853,1b7fb8fdb7e5b55b2361c3de03a7a71f7e1cc24a9d1f24cb0722b1168cf387c9,200,SUCCESS,2026-07-13T08:58:10.478207Z,full_sequence=H6_M2_2000_20260628_V1/release_date=2015-10-15/source_run=role5-h6-full-0835-20151015-a1/safe_headers.txt,d49222f22e8ce89fb30f0b95a6e65ce0d144aef88fe7557f709c8e1413d5918c,H6_TABLE1_MONTHLY_SA_M2_FULL_V1,true,FULL_NETWORK_ATTEMPT
role5-h6-full-0836-20151022-a1-body,role5-h6-full-0836-20151022-a1,20151022,https://www.federalreserve.gov/releases/h6/20151022/,full_sequence=H6_M2_2000_20260628_V1/release_date=2015-10-22/source_run=role5-h6-full-0836-20151022-a1/release.html,HTML,160959,8b2e426f6918c775e41060403c5f21ed6120901f7c72c4ca451b97517191eced,200,SUCCESS,2026-07-13T08:58:11.498452Z,full_sequence=H6_M2_2000_20260628_V1/release_date=2015-10-22/source_run=role5-h6-full-0836-20151022-a1/safe_headers.txt,a998ff1738576f65696d72f0a16dcc2c20186632a844ced5b3254d154b0607ac,H6_TABLE1_MONTHLY_SA_M2_FULL_V1,true,FULL_NETWORK_ATTEMPT
role5-h6-full-0837-20151029-a1-body,role5-h6-full-0837-20151029-a1,20151029,https://www.federalreserve.gov/releases/h6/20151029/,full_sequence=H6_M2_2000_20260628_V1/release_date=2015-10-29/source_run=role5-h6-full-0837-20151029-a1/release.html,HTML,161061,741303b1a8f0db45022de249d4803aef80461a83a503b33371c07acc3161eadc,200,SUCCESS,2026-07-13T08:58:12.521699Z,full_sequence=H6_M2_2000_20260628_V1/release_date=2015-10-29/source_run=role5-h6-full-0837-20151029-a1/safe_headers.txt,1aca2ab1631090fc42f45ecef2792cd129c4b35880336e15dd857bd88ef70318,H6_TABLE1_MONTHLY_SA_M2_FULL_V1,true,FULL_NETWORK_ATTEMPT
role5-h6-full-0838-20151105-a1-body,role5-h6-full-0838-20151105-a1,20151105,https://www.federalreserve.gov/releases/h6/20151105/,full_sequence=H6_M2_2000_20260628_V1/release_date=2015-11-05/source_run=role5-h6-full-0838-20151105-a1/release.html,HTML,161163,81da52304a5f707368722c88216988b9588d9315679e55a786a5f89923cdae30,200,SUCCESS,2026-07-13T08:58:13.550598Z,full_sequence=H6_M2_2000_20260628_V1/release_date=2015-11-05/source_run=role5-h6-full-0838-20151105-a1/safe_headers.txt,4b0c36be3dd67ee62d362050c3395e5ce46cac9ac99daad52c318d50e6c97de2,H6_TABLE1_MONTHLY_SA_M2_FULL_V1,true,FULL_NETWORK_ATTEMPT
role5-h6-full-0839-20151112-a1-body,role5-h6-full-0839-20151112-a1,20151112,https://www.federalreserve.gov/releases/h6/20151112/,full_sequence=H6_M2_2000_20260628_V1/release_date=2015-11-12/source_run=role5-h6-full-0839-20151112-a1/release.html,HTML,161281,d5bb9ab4dc808a463f2d00a850ed102977c4bb66be4b27246f23f5eeb0b156f0,200,SUCCESS,2026-07-13T08:58:14.496622Z,full_sequence=H6_M2_2000_20260628_V1/release_date=2015-11-12/source_run=role5-h6-full-0839-20151112-a1/safe_headers.txt,49b2a04cb319d12e1a7dc589df5e625f4a18e51a24c1efab300ab5990350c2db,H6_TABLE1_MONTHLY_SA_M2_FULL_V1,true,FULL_NETWORK_ATTEMPT
role5-h6-full-0840-20151119-a1-body,role5-h6-full-0840-20151119-a1,20151119,https://www.federalreserve.gov/releases/h6/20151119/,full_sequence=H6_M2_2000_20260628_V1/release_date=2015-11-19/source_run=role5-h6-full-0840-20151119-a1/release.html,HTML,161282,cb924d3d20891a02a56cd11a46429dcdff0672e7d044ca8567ec12b1a87abe4f,200,SUCCESS,2026-07-13T08:58:15.534585Z,full_sequence=H6_M2_2000_20260628_V1/release_date=2015-11-19/source_run=role5-h6-full-0840-20151119-a1/safe_headers.txt,a3920cfdf19b08a4803347044f310dcb44e655fa1ce698ff1b18a0642005b646,H6_TABLE1_MONTHLY_SA_M2_FULL_V1,true,FULL_NETWORK_ATTEMPT
role5-h6-full-0841-20151127-a1-body,role5-h6-full-0841-20151127-a1,20151127,https://www.federalreserve.gov/releases/h6/20151127/,full_sequence=H6_M2_2000_20260628_V1/release_date=2015-11-27/source_run=role5-h6-full-0841-20151127-a1/release.html,HTML,161284,552898b7ee75535a71b6b1b176c4c09404fbe49dd6c2894b7056df95a079ea14,200,SUCCESS,2026-07-13T08:58:16.526109Z,full_sequence=H6_M2_2000_20260628_V1/release_date=2015-11-27/source_run=role5-h6-full-0841-20151127-a1/safe_headers.txt,ec6a62991d7a92ef4f64439246aea463e7d7584828f6f98eb17e3b4372504f46,H6_TABLE1_MONTHLY_SA_M2_FULL_V1,true,FULL_NETWORK_ATTEMPT
role5-h6-full-0842-20151203-a1-body,role5-h6-full-0842-20151203-a1,20151203,https://www.federalreserve.gov/releases/h6/20151203/,full_sequence=H6_M2_2000_20260628_V1/release_date=2015-12-03/source_run=role5-h6-full-0842-20151203-a1/release.html,HTML,161281,068dae6154f09486faba7dd981ff92e255ddcaeb497f99f030dc43c85c7fb71c,200,SUCCESS,2026-07-13T08:58:17.577284Z,full_sequence=H6_M2_2000_20260628_V1/release_date=2015-12-03/source_run=role5-h6-full-0842-20151203-a1/safe_headers.txt,9060b47b4fddabd6ff4d1488b39e214159c0db533d6942c7b7f54b8f08de57b4,H6_TABLE1_MONTHLY_SA_M2_FULL_V1,true,FULL_NETWORK_ATTEMPT
role5-h6-full-0843-20151210-a1-body,role5-h6-full-0843-20151210-a1,20151210,https://www.federalreserve.gov/releases/h6/20151210/,full_sequence=H6_M2_2000_20260628_V1/release_date=2015-12-10/source_run=role5-h6-full-0843-20151210-a1/release.html,HTML,161241,a9ac9ae39689a899837ad23f09041159325344bdddea7fbd5aa5d634741c60f2,200,SUCCESS,2026-07-13T08:58:18.617827Z,full_sequence=H6_M2_2000_20260628_V1/release_date=2015-12-10/source_run=role5-h6-full-0843-20151210-a1/safe_headers.txt,1483adbad7aa1ff914c710fad5b4ac51fb3d9d1635f7fb587b6abbe843ae326f,H6_TABLE1_MONTHLY_SA_M2_FULL_V1,true,FULL_NETWORK_ATTEMPT
role5-h6-full-0844-20151217-a1-body,role5-h6-full-0844-20151217-a1,20151217,https://www.federalreserve.gov/releases/h6/20151217/,full_sequence=H6_M2_2000_20260628_V1/release_date=2015-12-17/source_run=role5-h6-full-0844-20151217-a1/release.html,HTML,161123,da598c0af5c3a41ba79c07603984ba27fc8c0ccfb045bcccebe1418acbd98c6a,200,SUCCESS,2026-07-13T08:58:19.561353Z,full_sequence=H6_M2_2000_20260628_V1/release_date=2015-12-17/source_run=role5-h6-full-0844-20151217-a1/safe_headers.txt,9e4d9c1f3455f0e327eafc576e5ae39daf5272c6dde23b92b7f947e2ff7f9d1e,H6_TABLE1_MONTHLY_SA_M2_FULL_V1,true,FULL_NETWORK_ATTEMPT
role5-h6-full-0845-20151224-a1-body,role5-h6-full-0845-20151224-a1,20151224,https://www.federalreserve.gov/releases/h6/20151224/,full_sequence=H6_M2_2000_20260628_V1/release_date=2015-12-24/source_run=role5-h6-full-0845-20151224-a1/release.html,HTML,161032,ed508975b5467a4b2bcc761d033c73dceda61d582ded8bcf97327fc7cd2cc466,200,SUCCESS,2026-07-13T08:58:20.556357Z,full_sequence=H6_M2_2000_20260628_V1/release_date=2015-12-24/source_run=role5-h6-full-0845-20151224-a1/safe_headers.txt,8b44eb75ccd431faec33f1d6b7c037d4741746d5802c9d9f7e1c428baf7d135c,H6_TABLE1_MONTHLY_SA_M2_FULL_V1,true,FULL_NETWORK_ATTEMPT
role5-h6-full-0846-20151231-a1-body,role5-h6-full-0846-20151231-a1,20151231,https://www.federalreserve.gov/releases/h6/20151231/,full_sequence=H6_M2_2000_20260628_V1/release_date=2015-12-31/source_run=role5-h6-full-0846-20151231-a1/release.html,HTML,160793,874a666a655f646ce27435d79967e14b3d96233a24d3cf0e3699b1f964992aed,200,SUCCESS,2026-07-13T08:58:21.602420Z,full_sequence=H6_M2_2000_20260628_V1/release_date=2015-12-31/source_run=role5-h6-full-0846-20151231-a1/safe_headers.txt,68068e4b382ec31c42274f5fc21756b2dcea1351cfa509388fbb3cc8d8ed2858,H6_TABLE1_MONTHLY_SA_M2_FULL_V1,true,FULL_NETWORK_ATTEMPT
role5-h6-full-0847-20160107-a1-body,role5-h6-full-0847-20160107-a1,20160107,https://www.federalreserve.gov/releases/h6/20160107/,full_sequence=H6_M2_2000_20260628_V1/release_date=2016-01-07/source_run=role5-h6-full-0847-20160107-a1/release.html,HTML,160838,84687f8d22463d7236302cbaaf5e42d6cb5136f101d3ecdd1e003429c1cc64b9,200,SUCCESS,2026-07-13T08:58:22.575025Z,full_sequence=H6_M2_2000_20260628_V1/release_date=2016-01-07/source_run=role5-h6-full-0847-20160107-a1/safe_headers.txt,d008dcb4c06d31de8bcf4e4e8a6cfbf5156734a623d60c1af4c059b0b96dc250,H6_TABLE1_MONTHLY_SA_M2_FULL_V1,true,FULL_NETWORK_ATTEMPT
role5-h6-full-0848-20160114-a1-body,role5-h6-full-0848-20160114-a1,20160114,https://www.federalreserve.gov/releases/h6/20160114/,full_sequence=H6_M2_2000_20260628_V1/release_date=2016-01-14/source_run=role5-h6-full-0848-20160114-a1/release.html,HTML,160880,51d8ff22d1340d4667949197e8d28f30bfb66eb12c1e30cb857e366676233bc1,200,SUCCESS,2026-07-13T08:58:23.699367Z,full_sequence=H6_M2_2000_20260628_V1/release_date=2016-01-14/source_run=role5-h6-full-0848-20160114-a1/safe_headers.txt,4f03eb5cd0185bde3740d5ced19af36eb320b5a6f4ac7f6c3ef00bd55ad7afdd,H6_TABLE1_MONTHLY_SA_M2_FULL_V1,true,FULL_NETWORK_ATTEMPT
role5-h6-full-0849-20160121-a1-body,role5-h6-full-0849-20160121-a1,20160121,https://www.federalreserve.gov/releases/h6/20160121/,full_sequence=H6_M2_2000_20260628_V1/release_date=2016-01-21/source_run=role5-h6-full-0849-20160121-a1/release.html,HTML,160995,8b486f756b21335bdf7998815e6ae9c45a78d3cf93a60cda1ddd4933fb69be93,200,SUCCESS,2026-07-13T08:58:24.669892Z,full_sequence=H6_M2_2000_20260628_V1/release_date=2016-01-21/source_run=role5-h6-full-0849-20160121-a1/safe_headers.txt,77253e9fa242a5131270797437217e12a2c8271e5cf573ec46e94afec2fbb077,H6_TABLE1_MONTHLY_SA_M2_FULL_V1,true,FULL_NETWORK_ATTEMPT
role5-h6-full-0850-20160128-a1-body,role5-h6-full-0850-20160128-a1,20160128,https://www.federalreserve.gov/releases/h6/20160128/,full_sequence=H6_M2_2000_20260628_V1/release_date=2016-01-28/source_run=role5-h6-full-0850-20160128-a1/release.html,HTML,295395,20fb1c68eaf1016d779e3fb57976d801e818c62b870bbd16949a518e98daac0a,200,SUCCESS,2026-07-13T08:58:27.777014Z,full_sequence=H6_M2_2000_20260628_V1/release_date=2016-01-28/source_run=role5-h6-full-0850-20160128-a1/safe_headers.txt,cb473c92ea04fd6bb0924d7cb8a96d02ade504e9d16ab5455ec66eca9cf50d3c,H6_TABLE1_MONTHLY_SA_M2_FULL_V1,true,FULL_NETWORK_ATTEMPT
role5-h6-full-0851-20160204-a1-body,role5-h6-full-0851-20160204-a1,20160204,https://www.federalreserve.gov/releases/h6/20160204/,full_sequence=H6_M2_2000_20260628_V1/release_date=2016-02-04/source_run=role5-h6-full-0851-20160204-a1/release.html,HTML,161155,e58e58c33e927b3fbb8ffc5ccfa571bbec0b99a28ae2658e0c3c9b33e4b58c5c,200,SUCCESS,2026-07-13T08:58:28.193176Z,full_sequence=H6_M2_2000_20260628_V1/release_date=2016-02-04/source_run=role5-h6-full-0851-20160204-a1/safe_headers.txt,87f3b176f49a0d6999824dcd4d74b833fcc72bee90d7b41fab84f3fcdd8976de,H6_TABLE1_MONTHLY_SA_M2_FULL_V1,true,FULL_NETWORK_ATTEMPT
role5-h6-full-0852-20160211-a1-body,role5-h6-full-0852-20160211-a1,20160211,https://www.federalreserve.gov/releases/h6/20160211/,full_sequence=H6_M2_2000_20260628_V1/release_date=2016-02-11/source_run=role5-h6-full-0852-20160211-a1/release.html,HTML,161294,b69dfb7c8c1e88d49cb98aefffe611e1f8a52941d5fc4a78da697db39250d53c,200,SUCCESS,2026-07-13T08:58:29.217501Z,full_sequence=H6_M2_2000_20260628_V1/release_date=2016-02-11/source_run=role5-h6-full-0852-20160211-a1/safe_headers.txt,05830fef5e884522ee411f3c26a9507c836d8d89d83aa3be14e580cc87efca22,H6_TABLE1_MONTHLY_SA_M2_FULL_V1,true,FULL_NETWORK_ATTEMPT
role5-h6-full-0853-20160218-a1-body,role5-h6-full-0853-20160218-a1,20160218,https://www.federalreserve.gov/releases/h6/20160218/,full_sequence=H6_M2_2000_20260628_V1/release_date=2016-02-18/source_run=role5-h6-full-0853-20160218-a1/release.html,HTML,161279,82784d5bb49f88bdff3c640ce40ad3d9b41957837ede44f1bf2be55d724047e5,200,SUCCESS,2026-07-13T08:58:30.171395Z,full_sequence=H6_M2_2000_20260628_V1/release_date=2016-02-18/source_run=role5-h6-full-0853-20160218-a1/safe_headers.txt,849b47a684f8fc558cbcc024b46ca8c265df6e80105a9080af3abc6144abe005,H6_TABLE1_MONTHLY_SA_M2_FULL_V1,true,FULL_NETWORK_ATTEMPT
role5-h6-full-0854-20160225-a1-body,role5-h6-full-0854-20160225-a1,20160225,https://www.federalreserve.gov/releases/h6/20160225/,full_sequence=H6_M2_2000_20260628_V1/release_date=2016-02-25/source_run=role5-h6-full-0854-20160225-a1/release.html,HTML,161286,074ed38f1073c5b7689f479118730aabf11a1119ba237e61cfff0a2fda627f29,200,SUCCESS,2026-07-13T08:58:31.359204Z,full_sequence=H6_M2_2000_20260628_V1/release_date=2016-02-25/source_run=role5-h6-full-0854-20160225-a1/safe_headers.txt,cbf9e6d08e5570447229a9b2b27cfb80dcad543f104a688915dd0991f702e302,H6_TABLE1_MONTHLY_SA_M2_FULL_V1,true,FULL_NETWORK_ATTEMPT
role5-h6-full-0855-20160303-a1-body,role5-h6-full-0855-20160303-a1,20160303,https://www.federalreserve.gov/releases/h6/20160303/,full_sequence=H6_M2_2000_20260628_V1/release_date=2016-03-03/source_run=role5-h6-full-0855-20160303-a1/release.html,HTML,161282,db91736403535fecaf6aaecbd87703e1d78706e171b234282fcb5545bfb06eb7,200,SUCCESS,2026-07-13T08:58:32.193931Z,full_sequence=H6_M2_2000_20260628_V1/release_date=2016-03-03/source_run=role5-h6-full-0855-20160303-a1/safe_headers.txt,e8dc6871dfe28ef0377946d766feaaba002426b6a7a73793c69e9a5fe1df8eef,H6_TABLE1_MONTHLY_SA_M2_FULL_V1,true,FULL_NETWORK_ATTEMPT
role5-h6-full-0856-20160310-a1-body,role5-h6-full-0856-20160310-a1,20160310,https://www.federalreserve.gov/releases/h6/20160310/,full_sequence=H6_M2_2000_20260628_V1/release_date=2016-03-10/source_run=role5-h6-full-0856-20160310-a1/release.html,HTML,161243,017324504ca04d8c3aa0929fdcc95a8584f349e602b5ccb35821d59db5486b5a,200,SUCCESS,2026-07-13T08:58:33.184060Z,full_sequence=H6_M2_2000_20260628_V1/release_date=2016-03-10/source_run=role5-h6-full-0856-20160310-a1/safe_headers.txt,71dd044663d113effb280168e680eaa4bf5cf38b3ff5fd32b6e25280c189f16a,H6_TABLE1_MONTHLY_SA_M2_FULL_V1,true,FULL_NETWORK_ATTEMPT
role5-h6-full-0857-20160317-a1-body,role5-h6-full-0857-20160317-a1,20160317,https://www.federalreserve.gov/releases/h6/20160317/,full_sequence=H6_M2_2000_20260628_V1/release_date=2016-03-17/source_run=role5-h6-full-0857-20160317-a1/release.html,HTML,161122,9d76a2c02a432acc67318aa20bf16d0aca6c0133978d98783dc82747c6c4e933,200,SUCCESS,2026-07-13T08:58:34.185121Z,full_sequence=H6_M2_2000_20260628_V1/release_date=2016-03-17/source_run=role5-h6-full-0857-20160317-a1/safe_headers.txt,a6816f409fa412076e3cd2511e27b4e4a2f91671caa77f0840aeef4c7e2cc536,H6_TABLE1_MONTHLY_SA_M2_FULL_V1,true,FULL_NETWORK_ATTEMPT
role5-h6-full-0858-20160324-a1-body,role5-h6-full-0858-20160324-a1,20160324,https://www.federalreserve.gov/releases/h6/20160324/,full_sequence=H6_M2_2000_20260628_V1/release_date=2016-03-24/source_run=role5-h6-full-0858-20160324-a1/release.html,HTML,160949,080c1a71554d80eab59c608431f5bbf82bc4178b99d2b4f2059f56fe8b606f2b,200,SUCCESS,2026-07-13T08:58:35.218470Z,full_sequence=H6_M2_2000_20260628_V1/release_date=2016-03-24/source_run=role5-h6-full-0858-20160324-a1/safe_headers.txt,d3327fb181dd6e6c23e27afa3810b34f0f48537b251f1a5e6b9b9368e2cbc4bb,H6_TABLE1_MONTHLY_SA_M2_FULL_V1,true,FULL_NETWORK_ATTEMPT
role5-h6-full-0859-20160331-a1-body,role5-h6-full-0859-20160331-a1,20160331,https://www.federalreserve.gov/releases/h6/20160331/,full_sequence=H6_M2_2000_20260628_V1/release_date=2016-03-31/source_run=role5-h6-full-0859-20160331-a1/release.html,HTML,160853,036611b5925d07f9324b3e2673291a984660aa23f19c04fc56812d26d9044f8e,200,SUCCESS,2026-07-13T08:58:36.355394Z,full_sequence=H6_M2_2000_20260628_V1/release_date=2016-03-31/source_run=role5-h6-full-0859-20160331-a1/safe_headers.txt,cf7736dc9b3dd80ca3ddd645ffeea4e1e25516412fbd6b0c0bd8bcd54f3dbeee,H6_TABLE1_MONTHLY_SA_M2_FULL_V1,true,FULL_NETWORK_ATTEMPT
role5-h6-full-0860-20160407-a1-body,role5-h6-full-0860-20160407-a1,20160407,https://www.federalreserve.gov/releases/h6/20160407/,full_sequence=H6_M2_2000_20260628_V1/release_date=2016-04-07/source_run=role5-h6-full-0860-20160407-a1/release.html,HTML,160707,3c66e8cfbee08d3853fb5b9270b955fbb1c299f85c769765a18b0c14a2659fa4,200,SUCCESS,2026-07-13T08:58:37.281817Z,full_sequence=H6_M2_2000_20260628_V1/release_date=2016-04-07/source_run=role5-h6-full-0860-20160407-a1/safe_headers.txt,f0680f824996c30d52bdd7960f9760d966d02b90623ce3a65bbc72b7d05fd734,H6_TABLE1_MONTHLY_SA_M2_FULL_V1,true,FULL_NETWORK_ATTEMPT
role5-h6-full-0861-20160414-a1-body,role5-h6-full-0861-20160414-a1,20160414,https://www.federalreserve.gov/releases/h6/20160414/,full_sequence=H6_M2_2000_20260628_V1/release_date=2016-04-14/source_run=role5-h6-full-0861-20160414-a1/release.html,HTML,160747,c0138672912ee4351fc1fc35e115a52fe9405e6b27a5ca57550f6d1e54b1a96e,200,SUCCESS,2026-07-13T08:58:38.236574Z,full_sequence=H6_M2_2000_20260628_V1/release_date=2016-04-14/source_run=role5-h6-full-0861-20160414-a1/safe_headers.txt,b7c76ccff1234097455f4b9df08e0f34d40991839fd95b6f7eeae30da01f180d,H6_TABLE1_MONTHLY_SA_M2_FULL_V1,true,FULL_NETWORK_ATTEMPT
role5-h6-full-0862-20160421-a1-body,role5-h6-full-0862-20160421-a1,20160421,https://www.federalreserve.gov/releases/h6/20160421/,full_sequence=H6_M2_2000_20260628_V1/release_date=2016-04-21/source_run=role5-h6-full-0862-20160421-a1/release.html,HTML,160860,54e2093f8a4b2e1d8aab7ea7dc944c11147cc9e634b2076d00c83ca39341589f,200,SUCCESS,2026-07-13T08:58:39.347293Z,full_sequence=H6_M2_2000_20260628_V1/release_date=2016-04-21/source_run=role5-h6-full-0862-20160421-a1/safe_headers.txt,b009615e9cfdcd2c8084a68e9f2b57d9dc801839385facc9a1cfe3dc8e8f9a1a,H6_TABLE1_MONTHLY_SA_M2_FULL_V1,true,FULL_NETWORK_ATTEMPT
role5-h6-full-0863-20160428-a1-body,role5-h6-full-0863-20160428-a1,20160428,https://www.federalreserve.gov/releases/h6/20160428/,full_sequence=H6_M2_2000_20260628_V1/release_date=2016-04-28/source_run=role5-h6-full-0863-20160428-a1/release.html,HTML,160964,ddf7ce4b55c44e409b58e8ceaf9575ca568a5ef5aad308ba41cee74fd1ea7158,200,SUCCESS,2026-07-13T08:58:40.350450Z,full_sequence=H6_M2_2000_20260628_V1/release_date=2016-04-28/source_run=role5-h6-full-0863-20160428-a1/safe_headers.txt,d98125aa8b72f413d521fcda499d3b46177d8831c241f80fa90aa102de6d30a8,H6_TABLE1_MONTHLY_SA_M2_FULL_V1,true,FULL_NETWORK_ATTEMPT
role5-h6-full-0864-20160505-a1-body,role5-h6-full-0864-20160505-a1,20160505,https://www.federalreserve.gov/releases/h6/20160505/,full_sequence=H6_M2_2000_20260628_V1/release_date=2016-05-05/source_run=role5-h6-full-0864-20160505-a1/release.html,HTML,161063,348be2f73148c5a6ae655d99020f9b4749af9951f3503a3a516cc4fb3ba9f0ab,200,SUCCESS,2026-07-13T08:58:41.289166Z,full_sequence=H6_M2_2000_20260628_V1/release_date=2016-05-05/source_run=role5-h6-full-0864-20160505-a1/safe_headers.txt,b510c2bb6ea6a78d264fe98fab60763355194aafe3c4dd6cc92df9466256ea7c,H6_TABLE1_MONTHLY_SA_M2_FULL_V1,true,FULL_NETWORK_ATTEMPT
role5-h6-full-0865-20160512-a1-body,role5-h6-full-0865-20160512-a1,20160512,https://www.federalreserve.gov/releases/h6/20160512/,full_sequence=H6_M2_2000_20260628_V1/release_date=2016-05-12/source_run=role5-h6-full-0865-20160512-a1/release.html,HTML,161192,9b7b5af5f695f27b482ed3f2687b5afae4937a5c9d3b03e81a62dd330a373128,200,SUCCESS,2026-07-13T08:58:42.300832Z,full_sequence=H6_M2_2000_20260628_V1/release_date=2016-05-12/source_run=role5-h6-full-0865-20160512-a1/safe_headers.txt,13f012876bb0f6c9a21c9c647bb32af8d75cb7bc9ca88bb8d7b7a500b1304169,H6_TABLE1_MONTHLY_SA_M2_FULL_V1,true,FULL_NETWORK_ATTEMPT
role5-h6-full-0866-20160519-a1-body,role5-h6-full-0866-20160519-a1,20160519,https://www.federalreserve.gov/releases/h6/20160519/,full_sequence=H6_M2_2000_20260628_V1/release_date=2016-05-19/source_run=role5-h6-full-0866-20160519-a1/release.html,HTML,161171,cb082ab37e38b550d989b3a24b2046b9e47d0e6534df2c480f840c6ab4286237,200,SUCCESS,2026-07-13T08:58:43.373605Z,full_sequence=H6_M2_2000_20260628_V1/release_date=2016-05-19/source_run=role5-h6-full-0866-20160519-a1/safe_headers.txt,6427b7b3ae588c36fb620d8df1a70190c3f71fc918696f3ab960224e7056ba38,H6_TABLE1_MONTHLY_SA_M2_FULL_V1,true,FULL_NETWORK_ATTEMPT
role5-h6-full-0867-20160526-a1-body,role5-h6-full-0867-20160526-a1,20160526,https://www.federalreserve.gov/releases/h6/20160526/,full_sequence=H6_M2_2000_20260628_V1/release_date=2016-05-26/source_run=role5-h6-full-0867-20160526-a1/release.html,HTML,161173,13b381d21e308ae9a33c2f9e206e834aa59e39c49a9f1395b3421f7219979c3f,200,SUCCESS,2026-07-13T08:58:44.645711Z,full_sequence=H6_M2_2000_20260628_V1/release_date=2016-05-26/source_run=role5-h6-full-0867-20160526-a1/safe_headers.txt,8a1bd1c0a2e13c300802ec08e3480c450894163c0f4f576a4d453ed9782cf728,H6_TABLE1_MONTHLY_SA_M2_FULL_V1,true,FULL_NETWORK_ATTEMPT
role5-h6-full-0868-20160602-a1-body,role5-h6-full-0868-20160602-a1,20160602,https://www.federalreserve.gov/releases/h6/20160602/,full_sequence=H6_M2_2000_20260628_V1/release_date=2016-06-02/source_run=role5-h6-full-0868-20160602-a1/release.html,HTML,161172,b26dffa323db35e57ced08739fd4c2d7f78598bc49c9ae4a28f75cf9181d726e,200,SUCCESS,2026-07-13T08:58:45.296323Z,full_sequence=H6_M2_2000_20260628_V1/release_date=2016-06-02/source_run=role5-h6-full-0868-20160602-a1/safe_headers.txt,2938ac8af9df02eec09c6c8351f1bb1f500b95bf444478f77e5f6ca377f41ea5,H6_TABLE1_MONTHLY_SA_M2_FULL_V1,true,FULL_NETWORK_ATTEMPT
role5-h6-full-0869-20160609-a1-body,role5-h6-full-0869-20160609-a1,20160609,https://www.federalreserve.gov/releases/h6/20160609/,full_sequence=H6_M2_2000_20260628_V1/release_date=2016-06-09/source_run=role5-h6-full-0869-20160609-a1/release.html,HTML,161170,1fb4121c9eca2472e9119a985fdb9c33c4a7913aa1e1569e46880d8896e12bd1,200,SUCCESS,2026-07-13T08:58:46.349193Z,full_sequence=H6_M2_2000_20260628_V1/release_date=2016-06-09/source_run=role5-h6-full-0869-20160609-a1/safe_headers.txt,9e2a8edb5cd05f8c6f0e770c8873ffe0c264388a48454acd1b127dedf6948f27,H6_TABLE1_MONTHLY_SA_M2_FULL_V1,true,FULL_NETWORK_ATTEMPT
role5-h6-full-0870-20160616-a1-body,role5-h6-full-0870-20160616-a1,20160616,https://www.federalreserve.gov/releases/h6/20160616/,full_sequence=H6_M2_2000_20260628_V1/release_date=2016-06-16/source_run=role5-h6-full-0870-20160616-a1/release.html,HTML,160999,4569104ae7c26d2d1fd26abeb47e932c8fdde76f58d1ae78c760b492a23b7b45,200,SUCCESS,2026-07-13T08:58:47.670940Z,full_sequence=H6_M2_2000_20260628_V1/release_date=2016-06-16/source_run=role5-h6-full-0870-20160616-a1/safe_headers.txt,ee189fa7ceb91b2e1c1e62c1979418643e9cd6f6a8fa6e3b44c13c77b4c4564b,H6_TABLE1_MONTHLY_SA_M2_FULL_V1,true,FULL_NETWORK_ATTEMPT
role5-h6-full-0871-20160623-a1-body,role5-h6-full-0871-20160623-a1,20160623,https://www.federalreserve.gov/releases/h6/20160623/,full_sequence=H6_M2_2000_20260628_V1/release_date=2016-06-23/source_run=role5-h6-full-0871-20160623-a1/release.html,HTML,160907,607e12d028ca12862c78771ddf2f4eb84fcf94b0bde74240a2fb850a0818bd2e,200,SUCCESS,2026-07-13T08:58:49.319087Z,full_sequence=H6_M2_2000_20260628_V1/release_date=2016-06-23/source_run=role5-h6-full-0871-20160623-a1/safe_headers.txt,fafdd1555621f17ef9cfdcf60632f1c89dc3b371bbe55de94d95c653d6dc90c6,H6_TABLE1_MONTHLY_SA_M2_FULL_V1,true,FULL_NETWORK_ATTEMPT
role5-h6-full-0872-20160630-a1-body,role5-h6-full-0872-20160630-a1,20160630,https://www.federalreserve.gov/releases/h6/20160630/,full_sequence=H6_M2_2000_20260628_V1/release_date=2016-06-30/source_run=role5-h6-full-0872-20160630-a1/release.html,HTML,160811,21e7472054a3d76fbfccea87127ce6979ef94127597575fd7f7f1cd26658bde7,200,SUCCESS,2026-07-13T08:58:49.782420Z,full_sequence=H6_M2_2000_20260628_V1/release_date=2016-06-30/source_run=role5-h6-full-0872-20160630-a1/safe_headers.txt,9fb62939f337b0417e7c06f460d44f2aa812232b13bc6cda6a3606c45352c3e9,H6_TABLE1_MONTHLY_SA_M2_FULL_V1,true,FULL_NETWORK_ATTEMPT
role5-h6-full-0873-20160707-a1-body,role5-h6-full-0873-20160707-a1,20160707,https://www.federalreserve.gov/releases/h6/20160707/,full_sequence=H6_M2_2000_20260628_V1/release_date=2016-07-07/source_run=role5-h6-full-0873-20160707-a1/release.html,HTML,160714,28cb7db1d1b1a97d2ef78d6ec1df80648b63aa08f01aeb52ccd3e9bf13448ef5,200,SUCCESS,2026-07-13T08:58:50.741180Z,full_sequence=H6_M2_2000_20260628_V1/release_date=2016-07-07/source_run=role5-h6-full-0873-20160707-a1/safe_headers.txt,a0a78a97671ab11ebcdf37f0a91baba4ccffb95f3ac224457c14d2657d3912b2,H6_TABLE1_MONTHLY_SA_M2_FULL_V1,true,FULL_NETWORK_ATTEMPT
role5-h6-full-0874-20160714-a1-body,role5-h6-full-0874-20160714-a1,20160714,https://www.federalreserve.gov/releases/h6/20160714/,full_sequence=H6_M2_2000_20260628_V1/release_date=2016-07-14/source_run=role5-h6-full-0874-20160714-a1/release.html,HTML,160765,1f0f0cb61659178048933fffa24f0735238ab719f7ae4b120415a72f1a65c169,200,SUCCESS,2026-07-13T08:58:51.726514Z,full_sequence=H6_M2_2000_20260628_V1/release_date=2016-07-14/source_run=role5-h6-full-0874-20160714-a1/safe_headers.txt,ea05b5f430fc8c06f7de05368f6778ce4e92a959252030d2ba6e2695abfdc1b5,H6_TABLE1_MONTHLY_SA_M2_FULL_V1,true,FULL_NETWORK_ATTEMPT
role5-h6-full-0875-20160721-a1-body,role5-h6-full-0875-20160721-a1,20160721,https://www.federalreserve.gov/releases/h6/20160721/,full_sequence=H6_M2_2000_20260628_V1/release_date=2016-07-21/source_run=role5-h6-full-0875-20160721-a1/release.html,HTML,160883,aa75211683b9e61eb40e84f1d956dedebac100ef7246a43590292416c347a6f8,200,SUCCESS,2026-07-13T08:58:52.740819Z,full_sequence=H6_M2_2000_20260628_V1/release_date=2016-07-21/source_run=role5-h6-full-0875-20160721-a1/safe_headers.txt,b3840e4ea44181c73b2695a6b2aee3512997b2d8b15b2d6d2a0398911d3fa1f0,H6_TABLE1_MONTHLY_SA_M2_FULL_V1,true,FULL_NETWORK_ATTEMPT
role5-h6-full-0876-20160728-a1-body,role5-h6-full-0876-20160728-a1,20160728,https://www.federalreserve.gov/releases/h6/20160728/,full_sequence=H6_M2_2000_20260628_V1/release_date=2016-07-28/source_run=role5-h6-full-0876-20160728-a1/release.html,HTML,160943,008f5cccd9b4fb6d9265e8c5760ca0b6f042f72f87d43bde3ebaa864bcee26f5,200,SUCCESS,2026-07-13T08:58:53.747777Z,full_sequence=H6_M2_2000_20260628_V1/release_date=2016-07-28/source_run=role5-h6-full-0876-20160728-a1/safe_headers.txt,58a00ad8e70b03f2df64e256de25dc8e5575ae8e9463274ffba35a65f2016cb8,H6_TABLE1_MONTHLY_SA_M2_FULL_V1,true,FULL_NETWORK_ATTEMPT
role5-h6-full-0877-20160804-a1-body,role5-h6-full-0877-20160804-a1,20160804,https://www.federalreserve.gov/releases/h6/20160804/,full_sequence=H6_M2_2000_20260628_V1/release_date=2016-08-04/source_run=role5-h6-full-0877-20160804-a1/release.html,HTML,161055,64b7b13201e0cc64d0617a3de321be13bd788219afc579348bf072d36cc7f90a,200,SUCCESS,2026-07-13T08:58:54.757947Z,full_sequence=H6_M2_2000_20260628_V1/release_date=2016-08-04/source_run=role5-h6-full-0877-20160804-a1/safe_headers.txt,6ef6da0c4d78c4c8124adc937a39c5543f402f9f51a2df49bd590b393f569a78,H6_TABLE1_MONTHLY_SA_M2_FULL_V1,true,FULL_NETWORK_ATTEMPT
role5-h6-full-0878-20160811-a1-body,role5-h6-full-0878-20160811-a1,20160811,https://www.federalreserve.gov/releases/h6/20160811/,full_sequence=H6_M2_2000_20260628_V1/release_date=2016-08-11/source_run=role5-h6-full-0878-20160811-a1/release.html,HTML,161197,c005358cd9a4cc71555a55fc1c662e9802b810f3f639fb8e333d79727f4d8513,200,SUCCESS,2026-07-13T08:58:55.811585Z,full_sequence=H6_M2_2000_20260628_V1/release_date=2016-08-11/source_run=role5-h6-full-0878-20160811-a1/safe_headers.txt,6d8d97da0a3a5b48ef2e1312fc1c8a3893b0bc9d913641bd8b5c990534190b83,H6_TABLE1_MONTHLY_SA_M2_FULL_V1,true,FULL_NETWORK_ATTEMPT
role5-h6-full-0879-20160818-a1-body,role5-h6-full-0879-20160818-a1,20160818,https://www.federalreserve.gov/releases/h6/20160818/,full_sequence=H6_M2_2000_20260628_V1/release_date=2016-08-18/source_run=role5-h6-full-0879-20160818-a1/release.html,HTML,161182,563bfcbe307a8fa3e61de3ad0ded57d7592f93c2523643273073b8711ee87992,200,SUCCESS,2026-07-13T08:58:56.810095Z,full_sequence=H6_M2_2000_20260628_V1/release_date=2016-08-18/source_run=role5-h6-full-0879-20160818-a1/safe_headers.txt,afab54e9d608b4d81070afad559d3525fb1875f2809500868561a7903e29df8e,H6_TABLE1_MONTHLY_SA_M2_FULL_V1,true,FULL_NETWORK_ATTEMPT
role5-h6-full-0880-20160825-a1-body,role5-h6-full-0880-20160825-a1,20160825,https://www.federalreserve.gov/releases/h6/20160825/,full_sequence=H6_M2_2000_20260628_V1/release_date=2016-08-25/source_run=role5-h6-full-0880-20160825-a1/release.html,HTML,161191,0da8a393b4279164de5e8723b865ffaa922793e981fde66a9110b26d47b43e07,200,SUCCESS,2026-07-13T08:58:57.765510Z,full_sequence=H6_M2_2000_20260628_V1/release_date=2016-08-25/source_run=role5-h6-full-0880-20160825-a1/safe_headers.txt,e975ecd1eee34dc06f9f5f971243463baa0f9b60e941cdaafed743abf93eab83,H6_TABLE1_MONTHLY_SA_M2_FULL_V1,true,FULL_NETWORK_ATTEMPT
role5-h6-full-0881-20160901-a1-body,role5-h6-full-0881-20160901-a1,20160901,https://www.federalreserve.gov/releases/h6/20160901/,full_sequence=H6_M2_2000_20260628_V1/release_date=2016-09-01/source_run=role5-h6-full-0881-20160901-a1/release.html,HTML,161201,0241d70d6237814e7d721aa60cfd29af4c7ac8eb518f093791f8191e8039ffeb,200,SUCCESS,2026-07-13T08:58:58.850767Z,full_sequence=H6_M2_2000_20260628_V1/release_date=2016-09-01/source_run=role5-h6-full-0881-20160901-a1/safe_headers.txt,82f0ea1bd0f7c12128ae97a96d6e5727dfadb81035b22af2bc780d6d71463940,H6_TABLE1_MONTHLY_SA_M2_FULL_V1,true,FULL_NETWORK_ATTEMPT
role5-h6-full-0882-20160908-a1-body,role5-h6-full-0882-20160908-a1,20160908,https://www.federalreserve.gov/releases/h6/20160908/,full_sequence=H6_M2_2000_20260628_V1/release_date=2016-09-08/source_run=role5-h6-full-0882-20160908-a1/release.html,HTML,161206,56dac42237a7fdbe118c447ac06009fb0e5b6c43f0e44614316872c22c3bdb87,200,SUCCESS,2026-07-13T08:58:59.815603Z,full_sequence=H6_M2_2000_20260628_V1/release_date=2016-09-08/source_run=role5-h6-full-0882-20160908-a1/safe_headers.txt,2383d9524a5e16ef6301cda148a2f538bcf29014240e0406ec699ec740165109,H6_TABLE1_MONTHLY_SA_M2_FULL_V1,true,FULL_NETWORK_ATTEMPT
role5-h6-full-0883-20160915-a1-body,role5-h6-full-0883-20160915-a1,20160915,https://www.federalreserve.gov/releases/h6/20160915/,full_sequence=H6_M2_2000_20260628_V1/release_date=2016-09-15/source_run=role5-h6-full-0883-20160915-a1/release.html,HTML,161057,e263f7df5d94ed6f5f75871772b62c0cf2a6c2594510c08a63799ff6ad9bbbaa,200,SUCCESS,2026-07-13T08:59:00.918760Z,full_sequence=H6_M2_2000_20260628_V1/release_date=2016-09-15/source_run=role5-h6-full-0883-20160915-a1/safe_headers.txt,2654d9da785054dc172151f276f1c31021b65563b6c4679dda744adafdd7bce5,H6_TABLE1_MONTHLY_SA_M2_FULL_V1,true,FULL_NETWORK_ATTEMPT
role5-h6-full-0884-20160922-a1-body,role5-h6-full-0884-20160922-a1,20160922,https://www.federalreserve.gov/releases/h6/20160922/,full_sequence=H6_M2_2000_20260628_V1/release_date=2016-09-22/source_run=role5-h6-full-0884-20160922-a1/release.html,HTML,160971,7b36951ab24f7a9aa0f4af6f824abc1b3766797d0c797bb7e9f0dc46e93b9de3,200,SUCCESS,2026-07-13T08:59:02.029470Z,full_sequence=H6_M2_2000_20260628_V1/release_date=2016-09-22/source_run=role5-h6-full-0884-20160922-a1/safe_headers.txt,77f4d81f2033b8df3325e3ee3423547466588ea45c0ee7e9ff04ccac33d4b8d3,H6_TABLE1_MONTHLY_SA_M2_FULL_V1,true,FULL_NETWORK_ATTEMPT
role5-h6-full-0885-20160929-a1-body,role5-h6-full-0885-20160929-a1,20160929,https://www.federalreserve.gov/releases/h6/20160929/,full_sequence=H6_M2_2000_20260628_V1/release_date=2016-09-29/source_run=role5-h6-full-0885-20160929-a1/release.html,HTML,160883,592c99213788876dfe49814c7d5abea13c3933c0b3f3968d3bccacd4ae8c42a0,200,SUCCESS,2026-07-13T08:59:02.904996Z,full_sequence=H6_M2_2000_20260628_V1/release_date=2016-09-29/source_run=role5-h6-full-0885-20160929-a1/safe_headers.txt,f0184d5c5382d996d1c824be1bd8d192c6d454b246eb93c4dcbf8cad7b03cab8,H6_TABLE1_MONTHLY_SA_M2_FULL_V1,true,FULL_NETWORK_ATTEMPT
role5-h6-full-0886-20161006-a1-body,role5-h6-full-0886-20161006-a1,20161006,https://www.federalreserve.gov/releases/h6/20161006/,full_sequence=H6_M2_2000_20260628_V1/release_date=2016-10-06/source_run=role5-h6-full-0886-20161006-a1/release.html,HTML,160788,3d3e74a0436f8f043e04b76b7f1541053f59d5f068200fe74beb71cc6738eb0d,200,SUCCESS,2026-07-13T08:59:03.843722Z,full_sequence=H6_M2_2000_20260628_V1/release_date=2016-10-06/source_run=role5-h6-full-0886-20161006-a1/safe_headers.txt,2f1aea838ed909b360376a9a703346a4de4be080a72c06cebaa7a6bf5c5904f0,H6_TABLE1_MONTHLY_SA_M2_FULL_V1,true,FULL_NETWORK_ATTEMPT
role5-h6-full-0887-20161013-a1-body,role5-h6-full-0887-20161013-a1,20161013,https://www.federalreserve.gov/releases/h6/20161013/,full_sequence=H6_M2_2000_20260628_V1/release_date=2016-10-13/source_run=role5-h6-full-0887-20161013-a1/release.html,HTML,160801,a353dc968f13e504d3be68dc36237d19039f7bb1077f4a40fbd3dfaf8cf820a7,200,SUCCESS,2026-07-13T08:59:04.857781Z,full_sequence=H6_M2_2000_20260628_V1/release_date=2016-10-13/source_run=role5-h6-full-0887-20161013-a1/safe_headers.txt,61c00ae0dfadde68333649bfee858836a6285ad29a98bbf2b23b33de80286f04,H6_TABLE1_MONTHLY_SA_M2_FULL_V1,true,FULL_NETWORK_ATTEMPT
role5-h6-full-0888-20161020-a1-body,role5-h6-full-0888-20161020-a1,20161020,https://www.federalreserve.gov/releases/h6/20161020/,full_sequence=H6_M2_2000_20260628_V1/release_date=2016-10-20/source_run=role5-h6-full-0888-20161020-a1/release.html,HTML,160852,5e1d856d66028366c3699d9bbd024676a30109134def0aff15ac2175a849e7d0,200,SUCCESS,2026-07-13T08:59:07.909460Z,full_sequence=H6_M2_2000_20260628_V1/release_date=2016-10-20/source_run=role5-h6-full-0888-20161020-a1/safe_headers.txt,3bc9e0e7d604afc3140cb7dc3da4cd253bf39f74d9e60cba1578405aa8ffc251,H6_TABLE1_MONTHLY_SA_M2_FULL_V1,true,FULL_NETWORK_ATTEMPT
role5-h6-full-0889-20161027-a1-body,role5-h6-full-0889-20161027-a1,20161027,https://www.federalreserve.gov/releases/h6/20161027/,full_sequence=H6_M2_2000_20260628_V1/release_date=2016-10-27/source_run=role5-h6-full-0889-20161027-a1/release.html,HTML,160956,911977d4ba702cb170388bbd277a0516e3aff8d1d4de2ffba03fcd5c057b6c14,200,SUCCESS,2026-07-13T08:59:08.483580Z,full_sequence=H6_M2_2000_20260628_V1/release_date=2016-10-27/source_run=role5-h6-full-0889-20161027-a1/safe_headers.txt,70f32e2cb80ed8959f89b62cce177e7c505db6b0e2f734a02796a5178a50564a,H6_TABLE1_MONTHLY_SA_M2_FULL_V1,true,FULL_NETWORK_ATTEMPT
role5-h6-full-0890-20161103-a1-body,role5-h6-full-0890-20161103-a1,20161103,https://www.federalreserve.gov/releases/h6/20161103/,full_sequence=H6_M2_2000_20260628_V1/release_date=2016-11-03/source_run=role5-h6-full-0890-20161103-a1/release.html,HTML,161061,8f9825883a276a356c945cdd03e761ea6c5164173624583a6169834334c09d7e,200,SUCCESS,2026-07-13T08:59:09.355171Z,full_sequence=H6_M2_2000_20260628_V1/release_date=2016-11-03/source_run=role5-h6-full-0890-20161103-a1/safe_headers.txt,9f73be3f7bd7257e3baa26eff37c06b2662f6217fcda269593db64fc14ad0118,H6_TABLE1_MONTHLY_SA_M2_FULL_V1,true,FULL_NETWORK_ATTEMPT
role5-h6-full-0891-20161110-a1-body,role5-h6-full-0891-20161110-a1,20161110,https://www.federalreserve.gov/releases/h6/20161110/,full_sequence=H6_M2_2000_20260628_V1/release_date=2016-11-10/source_run=role5-h6-full-0891-20161110-a1/release.html,HTML,161326,89908fd0dc12347804a2e83531b389c8eaaad0b3d1ee7a906f94a826b22e7ea3,200,SUCCESS,2026-07-13T08:59:10.331002Z,full_sequence=H6_M2_2000_20260628_V1/release_date=2016-11-10/source_run=role5-h6-full-0891-20161110-a1/safe_headers.txt,2c8ec0c75310b80b039fe68cc9da69ee2b71ba331f1540d03776decc3c8fb8c2,H6_TABLE1_MONTHLY_SA_M2_FULL_V1,true,FULL_NETWORK_ATTEMPT
role5-h6-full-0892-20161118-a1-body,role5-h6-full-0892-20161118-a1,20161118,https://www.federalreserve.gov/releases/h6/20161118/,full_sequence=H6_M2_2000_20260628_V1/release_date=2016-11-18/source_run=role5-h6-full-0892-20161118-a1/release.html,HTML,161305,8a3483425db86d36cdf108c7ac78e16b45939b60850f2a0e397ba65565ec7a48,200,STOP_PARSER_OR_SOURCE_IDENTITY_UNRESOLVED,2026-07-13T08:59:11.336057Z,full_sequence=H6_M2_2000_20260628_V1/release_date=2016-11-18/source_run=role5-h6-full-0892-20161118-a1/safe_headers.txt,53a9e38ce7d328e98757cc7485b80c6d2dd13095565a464a9355253cfe2f3389,H6_TABLE1_MONTHLY_SA_M2_FULL_V1,true,FULL_NETWORK_ATTEMPT
role5-h6-full-0893-20161118-a2-body,role5-h6-full-0893-20161118-a2,20161118,https://www.federalreserve.gov/releases/h6/20161118/h6.txt,full_sequence=H6_M2_2000_20260628_V1/release_date=2016-11-18/source_run=role5-h6-full-0893-20161118-a2/release.txt,ASCII,81196,0efee485ab8dcb6278fd529e500abc3b6db3688feb844141fc2337f8b65741fd,404,STOP_HTTP_ERROR,2026-07-13T08:59:32.569931Z,full_sequence=H6_M2_2000_20260628_V1/release_date=2016-11-18/source_run=role5-h6-full-0893-20161118-a2/safe_headers.txt,138ac7eafb839f314c2f4fc8fa719630f0fbad0abea969bb67b8141dc944a0ff,H6_TABLE1_MONTHLY_SA_M2_FULL_V1,false,FULL_NETWORK_ATTEMPT
role5-h6-pdf-0894-20161118-body,role5-h6-pdf-0894-20161118,20161118,https://www.federalreserve.gov/releases/h6/20161118/H6.pdf,full_sequence=H6_M2_2000_20260628_V1/pdf_corroborations/source_index_identity=2016-11-18/pdf/source_run=role5-h6-pdf-0894-20161118/H6.pdf,PDF,47662,4a295c47d669cc4bb1ddce9369f499808a4ca0faf2d688fbc2a515ccba7ccad0,200,STOP_CORRECTION_VALIDATION_FAILED,2026-07-13T09:06:56.316839Z,full_sequence=H6_M2_2000_20260628_V1/pdf_corroborations/source_index_identity=2016-11-18/pdf/source_run=role5-h6-pdf-0894-20161118/safe_headers.txt,6f1c60a031258cd51db83d73f7bacc187d5bb73ae9d18ff6189fd255607b7283,H6_TABLE1_MONTHLY_SA_M2_FULL_V1,false,FULL_NETWORK_ATTEMPT
role5-h6-full-0895-20161125-a1-body,role5-h6-full-0895-20161125-a1,20161125,https://www.federalreserve.gov/releases/h6/20161125/,full_sequence=H6_M2_2000_20260628_V1/release_date=2016-11-25/source_run=role5-h6-full-0895-20161125-a1/release.html,HTML,161309,88aa82ad3c0609fb5f8d87294f2e68d86631c72f59f2299160b49d51c965e54e,200,SUCCESS,2026-07-13T09:09:49.818572Z,full_sequence=H6_M2_2000_20260628_V1/release_date=2016-11-25/source_run=role5-h6-full-0895-20161125-a1/safe_headers.txt,856a4271a7bceb1c0d13aa85b468666c168eb0b20eecfbf3917ca714729cfb09,H6_TABLE1_MONTHLY_SA_M2_FULL_V1,true,FULL_NETWORK_ATTEMPT
role5-h6-full-0896-20161201-a1-body,role5-h6-full-0896-20161201-a1,20161201,https://www.federalreserve.gov/releases/h6/20161201/,full_sequence=H6_M2_2000_20260628_V1/release_date=2016-12-01/source_run=role5-h6-full-0896-20161201-a1/release.html,HTML,161306,320eea8ee9d4b7ffce4811efdffd6aa4cf0bcaf38e6d73f5d8659a9dbd58b313,200,SUCCESS,2026-07-13T09:09:51.638447Z,full_sequence=H6_M2_2000_20260628_V1/release_date=2016-12-01/source_run=role5-h6-full-0896-20161201-a1/safe_headers.txt,a3aeed84aba55afaf1e483f566f05a86b385c9358e736b4c2597fc2b2a060317,H6_TABLE1_MONTHLY_SA_M2_FULL_V1,true,FULL_NETWORK_ATTEMPT
role5-h6-full-0897-20161208-a1-body,role5-h6-full-0897-20161208-a1,20161208,https://www.federalreserve.gov/releases/h6/20161208/,full_sequence=H6_M2_2000_20260628_V1/release_date=2016-12-08/source_run=role5-h6-full-0897-20161208-a1/release.html,HTML,161290,b942e5527ab3f4f15bf470fa7cec5fef552c8beae45d706501bf040e01be013c,200,SUCCESS,2026-07-13T09:09:52.027068Z,full_sequence=H6_M2_2000_20260628_V1/release_date=2016-12-08/source_run=role5-h6-full-0897-20161208-a1/safe_headers.txt,b77e4dbaa0d6da3de70031951e245b2a574dfc2f3dfa312672d8773fe4d1bc28,H6_TABLE1_MONTHLY_SA_M2_FULL_V1,true,FULL_NETWORK_ATTEMPT
role5-h6-full-0898-20161215-a1-body,role5-h6-full-0898-20161215-a1,20161215,https://www.federalreserve.gov/releases/h6/20161215/,full_sequence=H6_M2_2000_20260628_V1/release_date=2016-12-15/source_run=role5-h6-full-0898-20161215-a1/release.html,HTML,161123,9ee12cd26b543690ebe62f703f04dbf02c59fe9be8787a79c22811d3cb665491,200,SUCCESS,2026-07-13T09:09:53.104952Z,full_sequence=H6_M2_2000_20260628_V1/release_date=2016-12-15/source_run=role5-h6-full-0898-20161215-a1/safe_headers.txt,a36f14612419e917aa991118806664e1a6ea7088e33c5ec5a087934c564aa14c,H6_TABLE1_MONTHLY_SA_M2_FULL_V1,true,FULL_NETWORK_ATTEMPT
role5-h6-full-0899-20161222-a1-body,role5-h6-full-0899-20161222-a1,20161222,https://www.federalreserve.gov/releases/h6/20161222/,full_sequence=H6_M2_2000_20260628_V1/release_date=2016-12-22/source_run=role5-h6-full-0899-20161222-a1/release.html,HTML,161031,8140e09235eb3855fcc2bb120b92e3fa2946f233e8e95d0a1aa81634cc3ba0d7,200,SUCCESS,2026-07-13T09:09:54.122456Z,full_sequence=H6_M2_2000_20260628_V1/release_date=2016-12-22/source_run=role5-h6-full-0899-20161222-a1/safe_headers.txt,14a607f705d3c5d09d079090aecac17cfbec138f42ca467e6e7a8e7c0ec2f070,H6_TABLE1_MONTHLY_SA_M2_FULL_V1,true,FULL_NETWORK_ATTEMPT
role5-h6-full-0900-20161229-a1-body,role5-h6-full-0900-20161229-a1,20161229,https://www.federalreserve.gov/releases/h6/20161229/,full_sequence=H6_M2_2000_20260628_V1/release_date=2016-12-29/source_run=role5-h6-full-0900-20161229-a1/release.html,HTML,160935,6178694d7d853dab24f226997a8343ead48bbfece54e58339509552c1e4396fe,200,SUCCESS,2026-07-13T09:09:55.052961Z,full_sequence=H6_M2_2000_20260628_V1/release_date=2016-12-29/source_run=role5-h6-full-0900-20161229-a1/safe_headers.txt,e8b0619f2101565d0c1ce77c27506b6ae0540a378cc4522affd28d85775c8b43,H6_TABLE1_MONTHLY_SA_M2_FULL_V1,true,FULL_NETWORK_ATTEMPT
role5-h6-full-0901-20170105-a1-body,role5-h6-full-0901-20170105-a1,20170105,https://www.federalreserve.gov/releases/h6/20170105/,full_sequence=H6_M2_2000_20260628_V1/release_date=2017-01-05/source_run=role5-h6-full-0901-20170105-a1/release.html,HTML,160835,cb167b96bb4a402097bf5093c8f3150aaaf7065cf33a24b721aabdaf9213c04f,200,SUCCESS,2026-07-13T09:09:56.092845Z,full_sequence=H6_M2_2000_20260628_V1/release_date=2017-01-05/source_run=role5-h6-full-0901-20170105-a1/safe_headers.txt,45b7d8ffcb672d130431c7487f1520a45a2f45176ffe1d6d908bcaf8cd657859,H6_TABLE1_MONTHLY_SA_M2_FULL_V1,true,FULL_NETWORK_ATTEMPT
role5-h6-full-0902-20170112-a1-body,role5-h6-full-0902-20170112-a1,20170112,https://www.federalreserve.gov/releases/h6/20170112/,full_sequence=H6_M2_2000_20260628_V1/release_date=2017-01-12/source_run=role5-h6-full-0902-20170112-a1/release.html,HTML,160791,64427759d6dc3ecd15a2fc9b2a2f9d2e61680e7a1899e4deca0ede45da0dadd5,200,SUCCESS,2026-07-13T09:09:57.106821Z,full_sequence=H6_M2_2000_20260628_V1/release_date=2017-01-12/source_run=role5-h6-full-0902-20170112-a1/safe_headers.txt,538c0171154dc1b7a51300f9e47e094ec219f24642e42ff8c752e1278e03dbb0,H6_TABLE1_MONTHLY_SA_M2_FULL_V1,true,FULL_NETWORK_ATTEMPT
role5-h6-full-0903-20170119-a1-body,role5-h6-full-0903-20170119-a1,20170119,https://www.federalreserve.gov/releases/h6/20170119/,full_sequence=H6_M2_2000_20260628_V1/release_date=2017-01-19/source_run=role5-h6-full-0903-20170119-a1/release.html,HTML,160878,d18c79ad9082759b25e92984a7bc5dae556c12fc2adb9c31d1910541b02c2986,200,SUCCESS,2026-07-13T09:10:00.101277Z,full_sequence=H6_M2_2000_20260628_V1/release_date=2017-01-19/source_run=role5-h6-full-0903-20170119-a1/safe_headers.txt,2d101faa99ba153c04eedea1370df965c0e991ab66f4606cef6a039eb34f19dc,H6_TABLE1_MONTHLY_SA_M2_FULL_V1,true,FULL_NETWORK_ATTEMPT
role5-h6-full-0904-20170126-a1-body,role5-h6-full-0904-20170126-a1,20170126,https://www.federalreserve.gov/releases/h6/20170126/,full_sequence=H6_M2_2000_20260628_V1/release_date=2017-01-26/source_run=role5-h6-full-0904-20170126-a1/release.html,HTML,295519,f4ecd28a81946998c651cd89ab5684b2a2e8ec4e0fcc42ae2bf96d82945e1188,200,SUCCESS,2026-07-13T09:10:00.512685Z,full_sequence=H6_M2_2000_20260628_V1/release_date=2017-01-26/source_run=role5-h6-full-0904-20170126-a1/safe_headers.txt,ee05fbd38d5d08cf7eed5cc0222df223684593bb51bebe2b6128d2c59d9c490f,H6_TABLE1_MONTHLY_SA_M2_FULL_V1,true,FULL_NETWORK_ATTEMPT
role5-h6-full-0905-20170202-a1-body,role5-h6-full-0905-20170202-a1,20170202,https://www.federalreserve.gov/releases/h6/20170202/,full_sequence=H6_M2_2000_20260628_V1/release_date=2017-02-02/source_run=role5-h6-full-0905-20170202-a1/release.html,HTML,161027,17668a754edda3662439b3dee2cba65ac2123f0e91c2bbc7b5ed74f34bc1efb5,200,SUCCESS,2026-07-13T09:10:01.523845Z,full_sequence=H6_M2_2000_20260628_V1/release_date=2017-02-02/source_run=role5-h6-full-0905-20170202-a1/safe_headers.txt,b86abea7aeca3738543b8cdd26cd262cc61903334be391dd231b569c180d61cc,H6_TABLE1_MONTHLY_SA_M2_FULL_V1,true,FULL_NETWORK_ATTEMPT
role5-h6-full-0906-20170209-a1-body,role5-h6-full-0906-20170209-a1,20170209,https://www.federalreserve.gov/releases/h6/20170209/,full_sequence=H6_M2_2000_20260628_V1/release_date=2017-02-09/source_run=role5-h6-full-0906-20170209-a1/release.html,HTML,161089,c4507ee58961b9c03006a256f19a0caa1f7f6ce9e62a397999fc497f87138584,200,SUCCESS,2026-07-13T09:10:02.716301Z,full_sequence=H6_M2_2000_20260628_V1/release_date=2017-02-09/source_run=role5-h6-full-0906-20170209-a1/safe_headers.txt,5f9557ab46766fb318beae9342b22218efdc25f687046fb0f1b1881e57708f6c,H6_TABLE1_MONTHLY_SA_M2_FULL_V1,true,FULL_NETWORK_ATTEMPT
role5-h6-full-0907-20170216-a1-body,role5-h6-full-0907-20170216-a1,20170216,https://www.federalreserve.gov/releases/h6/20170216/,full_sequence=H6_M2_2000_20260628_V1/release_date=2017-02-16/source_run=role5-h6-full-0907-20170216-a1/release.html,HTML,161248,8edcfd4cd5612755e2a345725b4b59565911475f242da7bb61dee0c6e2529bd6,200,SUCCESS,2026-07-13T09:10:03.526295Z,full_sequence=H6_M2_2000_20260628_V1/release_date=2017-02-16/source_run=role5-h6-full-0907-20170216-a1/safe_headers.txt,e36e28e64ec3eca0618ca0ee4b099671b1c5dfcb6d48ea1f8ff21ad9cbefcf24,H6_TABLE1_MONTHLY_SA_M2_FULL_V1,true,FULL_NETWORK_ATTEMPT
role5-h6-full-0908-20170223-a1-body,role5-h6-full-0908-20170223-a1,20170223,https://www.federalreserve.gov/releases/h6/20170223/,full_sequence=H6_M2_2000_20260628_V1/release_date=2017-02-23/source_run=role5-h6-full-0908-20170223-a1/release.html,HTML,161256,f0fa0fa39e3e00a8b9721da58e08c8d580fb6e46c15c161ed47f6016236ee668,200,SUCCESS,2026-07-13T09:10:04.589362Z,full_sequence=H6_M2_2000_20260628_V1/release_date=2017-02-23/source_run=role5-h6-full-0908-20170223-a1/safe_headers.txt,50570a2cc411d872a563cf273f0c6a5fa9690bc12dd7896de1dd5394db3aa473,H6_TABLE1_MONTHLY_SA_M2_FULL_V1,true,FULL_NETWORK_ATTEMPT
role5-h6-full-0909-20170302-a1-body,role5-h6-full-0909-20170302-a1,20170302,https://www.federalreserve.gov/releases/h6/20170302/,full_sequence=H6_M2_2000_20260628_V1/release_date=2017-03-02/source_run=role5-h6-full-0909-20170302-a1/release.html,HTML,161253,c24691dcf2471707e91afe93b4d9c3d6a5684199adaa05fcaa8e585268cbb81f,200,SUCCESS,2026-07-13T09:10:05.553570Z,full_sequence=H6_M2_2000_20260628_V1/release_date=2017-03-02/source_run=role5-h6-full-0909-20170302-a1/safe_headers.txt,f7fc5da07d1a9db1124c96a6861fdbb683e2ae82d15b789cb4dd1e42f046f7c0,H6_TABLE1_MONTHLY_SA_M2_FULL_V1,true,FULL_NETWORK_ATTEMPT
role5-h6-full-0910-20170309-a1-body,role5-h6-full-0910-20170309-a1,20170309,https://www.federalreserve.gov/releases/h6/20170309/,full_sequence=H6_M2_2000_20260628_V1/release_date=2017-03-09/source_run=role5-h6-full-0910-20170309-a1/release.html,HTML,161257,5058e689769278178fd52bce75fbe4d6d27283d0b081ee2eca4b2860ea4c9f2e,200,SUCCESS,2026-07-13T09:10:06.545546Z,full_sequence=H6_M2_2000_20260628_V1/release_date=2017-03-09/source_run=role5-h6-full-0910-20170309-a1/safe_headers.txt,298e74d5851ef696306f69acc53a0886859f6ecc92a015336343fe2841cb5349,H6_TABLE1_MONTHLY_SA_M2_FULL_V1,true,FULL_NETWORK_ATTEMPT
role5-h6-full-0911-20170316-a1-body,role5-h6-full-0911-20170316-a1,20170316,https://www.federalreserve.gov/releases/h6/20170316/,full_sequence=H6_M2_2000_20260628_V1/release_date=2017-03-16/source_run=role5-h6-full-0911-20170316-a1/release.html,HTML,214452,7b067ce35e6b529322350fd226d0eae6aa282b3ae269ac7df91c1b9b0cfe4474,200,SUCCESS,2026-07-13T09:10:07.553870Z,full_sequence=H6_M2_2000_20260628_V1/release_date=2017-03-16/source_run=role5-h6-full-0911-20170316-a1/safe_headers.txt,758c9be5e3f615562dd00196118502bc8ddabc4486fd4f9d509c13cff54e9141,H6_TABLE1_MONTHLY_SA_M2_FULL_V1,true,FULL_NETWORK_ATTEMPT
role5-h6-full-0912-20170323-a1-body,role5-h6-full-0912-20170323-a1,20170323,https://www.federalreserve.gov/releases/h6/20170323/,full_sequence=H6_M2_2000_20260628_V1/release_date=2017-03-23/source_run=role5-h6-full-0912-20170323-a1/release.html,HTML,217391,900323892998e24f98bdb496fa3708b09e9c665be5b2d69082b637e36b87beb1,200,SUCCESS,2026-07-13T09:10:08.565307Z,full_sequence=H6_M2_2000_20260628_V1/release_date=2017-03-23/source_run=role5-h6-full-0912-20170323-a1/safe_headers.txt,aefba8d5f92c14457610a815b260c8880f9b4cf9ec7578f8a622ecb00a23ea06,H6_TABLE1_MONTHLY_SA_M2_FULL_V1,true,FULL_NETWORK_ATTEMPT
role5-h6-full-0913-20170330-a1-body,role5-h6-full-0913-20170330-a1,20170330,https://www.federalreserve.gov/releases/h6/20170330/,full_sequence=H6_M2_2000_20260628_V1/release_date=2017-03-30/source_run=role5-h6-full-0913-20170330-a1/release.html,HTML,217298,142a7b9c09c72ea8a3727d5c323e2b716a6ef25585da52ff905b4b2108ba656b,200,SUCCESS,2026-07-13T09:10:09.616896Z,full_sequence=H6_M2_2000_20260628_V1/release_date=2017-03-30/source_run=role5-h6-full-0913-20170330-a1/safe_headers.txt,f76e4e8be29074fe2d41f54ce68a7dd927eaac702e23c5f74fb39104cae8c9bf,H6_TABLE1_MONTHLY_SA_M2_FULL_V1,true,FULL_NETWORK_ATTEMPT
role5-h6-full-0914-20170406-a1-body,role5-h6-full-0914-20170406-a1,20170406,https://www.federalreserve.gov/releases/h6/20170406/,full_sequence=H6_M2_2000_20260628_V1/release_date=2017-04-06/source_run=role5-h6-full-0914-20170406-a1/release.html,HTML,217204,96b2d56e4e348ad897d8f6bfd06d637a3fa0c90c5c209f69ab77d70fbe5304d5,200,SUCCESS,2026-07-13T09:10:10.641785Z,full_sequence=H6_M2_2000_20260628_V1/release_date=2017-04-06/source_run=role5-h6-full-0914-20170406-a1/safe_headers.txt,12eaf02af93517c658ec0a56c7f10cd8fd4564ecbf027bda53bdc8e52c016237,H6_TABLE1_MONTHLY_SA_M2_FULL_V1,true,FULL_NETWORK_ATTEMPT
role5-h6-full-0915-20170413-a1-body,role5-h6-full-0915-20170413-a1,20170413,https://www.federalreserve.gov/releases/h6/20170413/,full_sequence=H6_M2_2000_20260628_V1/release_date=2017-04-13/source_run=role5-h6-full-0915-20170413-a1/release.html,HTML,217162,dd96dcbe177c006fd44b635cd6cd874dccb87ae0a0ffa1024ce9f44a1d281928,200,SUCCESS,2026-07-13T09:10:11.594578Z,full_sequence=H6_M2_2000_20260628_V1/release_date=2017-04-13/source_run=role5-h6-full-0915-20170413-a1/safe_headers.txt,5bdc5b6c764825f730763fdce13b3960bfb8122923fd5f33d5c5dc1ab929bd7a,H6_TABLE1_MONTHLY_SA_M2_FULL_V1,true,FULL_NETWORK_ATTEMPT
role5-h6-full-0916-20170420-a1-body,role5-h6-full-0916-20170420-a1,20170420,https://www.federalreserve.gov/releases/h6/20170420/,full_sequence=H6_M2_2000_20260628_V1/release_date=2017-04-20/source_run=role5-h6-full-0916-20170420-a1/release.html,HTML,217197,117718926757603f8cf0193e5051839f10ad85bccf77226808bae8b46f5c658a,200,SUCCESS,2026-07-13T09:10:12.719737Z,full_sequence=H6_M2_2000_20260628_V1/release_date=2017-04-20/source_run=role5-h6-full-0916-20170420-a1/safe_headers.txt,24537feb7c600fd6ae9d13f2c032a4bfaa667227fcb4e432f3b1ed97dbb075dc,H6_TABLE1_MONTHLY_SA_M2_FULL_V1,true,FULL_NETWORK_ATTEMPT
role5-h6-full-0917-20170427-a1-body,role5-h6-full-0917-20170427-a1,20170427,https://www.federalreserve.gov/releases/h6/20170427/,full_sequence=H6_M2_2000_20260628_V1/release_date=2017-04-27/source_run=role5-h6-full-0917-20170427-a1/release.html,HTML,217298,eb49699f2c6ac5c7ad54e2b14c8262a02f32b33d94082d3e2cdac5549d8e6aa5,200,SUCCESS,2026-07-13T09:10:13.687381Z,full_sequence=H6_M2_2000_20260628_V1/release_date=2017-04-27/source_run=role5-h6-full-0917-20170427-a1/safe_headers.txt,8ca6037010dea2d2f0b80693b2bb2b9b3eafcf3fffbeabe91fcd20d64d083500,H6_TABLE1_MONTHLY_SA_M2_FULL_V1,true,FULL_NETWORK_ATTEMPT
role5-h6-full-0918-20170504-a1-body,role5-h6-full-0918-20170504-a1,20170504,https://www.federalreserve.gov/releases/h6/20170504/,full_sequence=H6_M2_2000_20260628_V1/release_date=2017-05-04/source_run=role5-h6-full-0918-20170504-a1/release.html,HTML,217391,37d21838d116df857aa45c5b3ca3625dbe31764a7271a0f3e2d89bca6f495445,200,SUCCESS,2026-07-13T09:10:14.618635Z,full_sequence=H6_M2_2000_20260628_V1/release_date=2017-05-04/source_run=role5-h6-full-0918-20170504-a1/safe_headers.txt,7ee20b510772aa4d47a97631679afb0730ce93335e9c460c37c77fe0f8bd4c6c,H6_TABLE1_MONTHLY_SA_M2_FULL_V1,true,FULL_NETWORK_ATTEMPT
role5-h6-full-0919-20170511-a1-body,role5-h6-full-0919-20170511-a1,20170511,https://www.federalreserve.gov/releases/h6/20170511/,full_sequence=H6_M2_2000_20260628_V1/release_date=2017-05-11/source_run=role5-h6-full-0919-20170511-a1/release.html,HTML,217031,836b73cea3564518d196587928caec2922e56f8fc4e66c58f7013f249bdaca4a,200,SUCCESS,2026-07-13T09:10:15.660228Z,full_sequence=H6_M2_2000_20260628_V1/release_date=2017-05-11/source_run=role5-h6-full-0919-20170511-a1/safe_headers.txt,1a1e2152a01bd4ed7c9baa3ebbf6ec28d9d04bd849830572156b74c95458907a,H6_TABLE1_MONTHLY_SA_M2_FULL_V1,true,FULL_NETWORK_ATTEMPT
role5-h6-full-0920-20170518-a1-body,role5-h6-full-0920-20170518-a1,20170518,https://www.federalreserve.gov/releases/h6/20170518/,full_sequence=H6_M2_2000_20260628_V1/release_date=2017-05-18/source_run=role5-h6-full-0920-20170518-a1/release.html,HTML,216969,ff632c5453319274a4e1c1d266b58e7e5e0204ca0e4cf51a01f2d3c09174c6fe,200,SUCCESS,2026-07-13T09:10:16.644233Z,full_sequence=H6_M2_2000_20260628_V1/release_date=2017-05-18/source_run=role5-h6-full-0920-20170518-a1/safe_headers.txt,af3b696d7da9c2aa4ab2be059a1ae4a5a8527a79e3eaa65aaa07ce0e490c5cfb,H6_TABLE1_MONTHLY_SA_M2_FULL_V1,true,FULL_NETWORK_ATTEMPT
role5-h6-full-0921-20170525-a1-body,role5-h6-full-0921-20170525-a1,20170525,https://www.federalreserve.gov/releases/h6/20170525/,full_sequence=H6_M2_2000_20260628_V1/release_date=2017-05-25/source_run=role5-h6-full-0921-20170525-a1/release.html,HTML,216974,0606889e7fdad86966889314ab5d91386fabd9a550218a59e7dce356cc4893f3,200,SUCCESS,2026-07-13T09:10:17.610969Z,full_sequence=H6_M2_2000_20260628_V1/release_date=2017-05-25/source_run=role5-h6-full-0921-20170525-a1/safe_headers.txt,52aacd3fc3b6d86c4055f2c3ce128ac5eff088593d06a54d4979e7d30382ee94,H6_TABLE1_MONTHLY_SA_M2_FULL_V1,true,FULL_NETWORK_ATTEMPT
role5-h6-full-0922-20170601-a1-body,role5-h6-full-0922-20170601-a1,20170601,https://www.federalreserve.gov/releases/h6/20170601/,full_sequence=H6_M2_2000_20260628_V1/release_date=2017-06-01/source_run=role5-h6-full-0922-20170601-a1/release.html,HTML,216978,e26e894d208e9e9f79eefc40e20caf9e8446a06c8f5de276a3b0a899cb518a78,200,SUCCESS,2026-07-13T09:10:18.615755Z,full_sequence=H6_M2_2000_20260628_V1/release_date=2017-06-01/source_run=role5-h6-full-0922-20170601-a1/safe_headers.txt,3b447dc4739d5c0e5d78fcfd106ac88ecd34d5fd0cfcc29f9d1e4aac836ffa3f,H6_TABLE1_MONTHLY_SA_M2_FULL_V1,true,FULL_NETWORK_ATTEMPT
role5-h6-full-0923-20170608-a1-body,role5-h6-full-0923-20170608-a1,20170608,https://www.federalreserve.gov/releases/h6/20170608/,full_sequence=H6_M2_2000_20260628_V1/release_date=2017-06-08/source_run=role5-h6-full-0923-20170608-a1/release.html,HTML,216980,0990c736211ed23fef17b602f8b45fb8e1aa4c360d8c0b9bf7c1f02bc93abf72,200,SUCCESS,2026-07-13T09:10:19.656710Z,full_sequence=H6_M2_2000_20260628_V1/release_date=2017-06-08/source_run=role5-h6-full-0923-20170608-a1/safe_headers.txt,fec5d41b04c507d85e6691a534ce4a30cb247797486391a871fcd7af236b8e26,H6_TABLE1_MONTHLY_SA_M2_FULL_V1,true,FULL_NETWORK_ATTEMPT
role5-h6-full-0924-20170615-a1-body,role5-h6-full-0924-20170615-a1,20170615,https://www.federalreserve.gov/releases/h6/20170615/,full_sequence=H6_M2_2000_20260628_V1/release_date=2017-06-15/source_run=role5-h6-full-0924-20170615-a1/release.html,HTML,216823,07b7787eeb3a9f49da4733487e2a3649ca288bca40942b86d112d47901450741,200,SUCCESS,2026-07-13T09:10:20.648525Z,full_sequence=H6_M2_2000_20260628_V1/release_date=2017-06-15/source_run=role5-h6-full-0924-20170615-a1/safe_headers.txt,247a48161176f10abb5c0e484f3bbb18861f99e75289a26a2e0c837d03771179,H6_TABLE1_MONTHLY_SA_M2_FULL_V1,true,FULL_NETWORK_ATTEMPT
role5-h6-full-0925-20170622-a1-body,role5-h6-full-0925-20170622-a1,20170622,https://www.federalreserve.gov/releases/h6/20170622/,full_sequence=H6_M2_2000_20260628_V1/release_date=2017-06-22/source_run=role5-h6-full-0925-20170622-a1/release.html,HTML,216739,bb3621351655768f275097baa134283f264d6cb22934a517889baceb04e5db9f,200,SUCCESS,2026-07-13T09:10:21.669909Z,full_sequence=H6_M2_2000_20260628_V1/release_date=2017-06-22/source_run=role5-h6-full-0925-20170622-a1/safe_headers.txt,46358ba1d2f0d2c45a55ad1afde047801ded1999dc82c1085bd5e5162afa2eb0,H6_TABLE1_MONTHLY_SA_M2_FULL_V1,true,FULL_NETWORK_ATTEMPT
role5-h6-full-0926-20170629-a1-body,role5-h6-full-0926-20170629-a1,20170629,https://www.federalreserve.gov/releases/h6/20170629/,full_sequence=H6_M2_2000_20260628_V1/release_date=2017-06-29/source_run=role5-h6-full-0926-20170629-a1/release.html,HTML,216650,1a86ad5cf876eaf7e7487dc1ead30960b3da5eaa26cec9b814deafc2e529dc48,200,SUCCESS,2026-07-13T09:10:22.658991Z,full_sequence=H6_M2_2000_20260628_V1/release_date=2017-06-29/source_run=role5-h6-full-0926-20170629-a1/safe_headers.txt,69907dfa605dd2984b78a5307a8ca448c7320175a02d83561c607f4b60351be5,H6_TABLE1_MONTHLY_SA_M2_FULL_V1,true,FULL_NETWORK_ATTEMPT
role5-h6-full-0927-20170706-a1-body,role5-h6-full-0927-20170706-a1,20170706,https://www.federalreserve.gov/releases/h6/20170706/,full_sequence=H6_M2_2000_20260628_V1/release_date=2017-07-06/source_run=role5-h6-full-0927-20170706-a1/release.html,HTML,216560,9f8cd10ed43d866db752e86fc08fdf5890deeb9630c908d25e3662d7238545f7,200,SUCCESS,2026-07-13T09:10:23.690031Z,full_sequence=H6_M2_2000_20260628_V1/release_date=2017-07-06/source_run=role5-h6-full-0927-20170706-a1/safe_headers.txt,dc4fa7af12248625c428cc34feb7492be77d255e69d2e3d1c9ca66de70222eaf,H6_TABLE1_MONTHLY_SA_M2_FULL_V1,true,FULL_NETWORK_ATTEMPT
role5-h6-full-0928-20170713-a1-body,role5-h6-full-0928-20170713-a1,20170713,https://www.federalreserve.gov/releases/h6/20170713/,full_sequence=H6_M2_2000_20260628_V1/release_date=2017-07-13/source_run=role5-h6-full-0928-20170713-a1/release.html,HTML,216628,f49b7092ffaf71cbe0bc15ecc43fbc8454cfc5a683b67fa34c3096839df46b40,200,SUCCESS,2026-07-13T09:10:24.761316Z,full_sequence=H6_M2_2000_20260628_V1/release_date=2017-07-13/source_run=role5-h6-full-0928-20170713-a1/safe_headers.txt,de07fe7d2da180f23e11c6d8d9a30514aba2d8232acae738fbe8b593107b4576,H6_TABLE1_MONTHLY_SA_M2_FULL_V1,true,FULL_NETWORK_ATTEMPT
role5-h6-full-0929-20170720-a1-body,role5-h6-full-0929-20170720-a1,20170720,https://www.federalreserve.gov/releases/h6/20170720/,full_sequence=H6_M2_2000_20260628_V1/release_date=2017-07-20/source_run=role5-h6-full-0929-20170720-a1/release.html,HTML,216680,fbb25d44410de94f60a6624fe76208dfa046e738ee6ce66ce2d5018f7dd205cc,200,SUCCESS,2026-07-13T09:10:25.685243Z,full_sequence=H6_M2_2000_20260628_V1/release_date=2017-07-20/source_run=role5-h6-full-0929-20170720-a1/safe_headers.txt,1b49cf8340aa15140d1b160fb15d538192cbb28fa04bb961be252ab67db8c1a2,H6_TABLE1_MONTHLY_SA_M2_FULL_V1,true,FULL_NETWORK_ATTEMPT
role5-h6-full-0930-20170727-a1-body,role5-h6-full-0930-20170727-a1,20170727,https://www.federalreserve.gov/releases/h6/20170727/,full_sequence=H6_M2_2000_20260628_V1/release_date=2017-07-27/source_run=role5-h6-full-0930-20170727-a1/release.html,HTML,216784,14fd8229552fe29bab371602288ecfdba265642ce6b12dc46e96d9a719ef34e8,200,SUCCESS,2026-07-13T09:10:26.677963Z,full_sequence=H6_M2_2000_20260628_V1/release_date=2017-07-27/source_run=role5-h6-full-0930-20170727-a1/safe_headers.txt,b522f94430973ec67ccc434f516a485675f9249a75044d5be899cc591812a38c,H6_TABLE1_MONTHLY_SA_M2_FULL_V1,true,FULL_NETWORK_ATTEMPT
role5-h6-full-0931-20170803-a1-body,role5-h6-full-0931-20170803-a1,20170803,https://www.federalreserve.gov/releases/h6/20170803/,full_sequence=H6_M2_2000_20260628_V1/release_date=2017-08-03/source_run=role5-h6-full-0931-20170803-a1/release.html,HTML,216895,610c8fa570f5b9464955fa811b1ea3d012eb3d9282955ed37cf4c3d2a27a3c2d,200,SUCCESS,2026-07-13T09:10:27.801177Z,full_sequence=H6_M2_2000_20260628_V1/release_date=2017-08-03/source_run=role5-h6-full-0931-20170803-a1/safe_headers.txt,deb2b268e85fa31f76cad6afd1c9aee49c42d4e91836bd1e4cdd5f03ee93db78,H6_TABLE1_MONTHLY_SA_M2_FULL_V1,true,FULL_NETWORK_ATTEMPT
role5-h6-full-0932-20170810-a1-body,role5-h6-full-0932-20170810-a1,20170810,https://www.federalreserve.gov/releases/h6/20170810/,full_sequence=H6_M2_2000_20260628_V1/release_date=2017-08-10/source_run=role5-h6-full-0932-20170810-a1/release.html,HTML,217171,d4d6a3f20dc9a5ea8998edee2fa014d28482a2b8e40d26d4c4bc5d04cd716728,200,SUCCESS,2026-07-13T09:10:28.698193Z,full_sequence=H6_M2_2000_20260628_V1/release_date=2017-08-10/source_run=role5-h6-full-0932-20170810-a1/safe_headers.txt,79206bb321c4673abc2d6c6794b36e5b07baaaba3da19841bfbf92a7904d5aeb,H6_TABLE1_MONTHLY_SA_M2_FULL_V1,true,FULL_NETWORK_ATTEMPT
role5-h6-full-0933-20170817-a1-body,role5-h6-full-0933-20170817-a1,20170817,https://www.federalreserve.gov/releases/h6/20170817/,full_sequence=H6_M2_2000_20260628_V1/release_date=2017-08-17/source_run=role5-h6-full-0933-20170817-a1/release.html,HTML,217118,fb9e436e06fa5d9821595948fc962a67ba8c98ca8f70aa897c17eb768df32340,200,SUCCESS,2026-07-13T09:10:29.728431Z,full_sequence=H6_M2_2000_20260628_V1/release_date=2017-08-17/source_run=role5-h6-full-0933-20170817-a1/safe_headers.txt,a5a3f5fc4fd7de528711a7da1fe0dbce5323cb6886e5f7caec1a5ed6ac98b338,H6_TABLE1_MONTHLY_SA_M2_FULL_V1,true,FULL_NETWORK_ATTEMPT
role5-h6-full-0934-20170824-a1-body,role5-h6-full-0934-20170824-a1,20170824,https://www.federalreserve.gov/releases/h6/20170824/,full_sequence=H6_M2_2000_20260628_V1/release_date=2017-08-24/source_run=role5-h6-full-0934-20170824-a1/release.html,HTML,217126,3d08e981183fcd848b2f96ee2197e21d0742fb246f138e545f1678bcea68aacf,200,SUCCESS,2026-07-13T09:10:30.715058Z,full_sequence=H6_M2_2000_20260628_V1/release_date=2017-08-24/source_run=role5-h6-full-0934-20170824-a1/safe_headers.txt,5fd04dd13d353996dcbdea6fb6d550e209e3d2cd215b9bf2b10155b367ba8dcf,H6_TABLE1_MONTHLY_SA_M2_FULL_V1,true,FULL_NETWORK_ATTEMPT
role5-h6-full-0935-20170831-a1-body,role5-h6-full-0935-20170831-a1,20170831,https://www.federalreserve.gov/releases/h6/20170831/,full_sequence=H6_M2_2000_20260628_V1/release_date=2017-08-31/source_run=role5-h6-full-0935-20170831-a1/release.html,HTML,217129,1ff39f4892ddee73e657faff7522d5953a8eed5ac6a001d8b858fe88e4cdd40b,200,SUCCESS,2026-07-13T09:10:31.736501Z,full_sequence=H6_M2_2000_20260628_V1/release_date=2017-08-31/source_run=role5-h6-full-0935-20170831-a1/safe_headers.txt,a8b946dec4b5e6b964c8ee93a9e7ecec719bc6bee3626fb121de0c7695a98f7a,H6_TABLE1_MONTHLY_SA_M2_FULL_V1,true,FULL_NETWORK_ATTEMPT
role5-h6-full-0936-20170907-a1-body,role5-h6-full-0936-20170907-a1,20170907,https://www.federalreserve.gov/releases/h6/20170907/,full_sequence=H6_M2_2000_20260628_V1/release_date=2017-09-07/source_run=role5-h6-full-0936-20170907-a1/release.html,HTML,217140,74c87acdfc1744b04b363831a85073ef786808bd9956190ebe3c3f3ea3129a2b,200,SUCCESS,2026-07-13T09:10:32.830968Z,full_sequence=H6_M2_2000_20260628_V1/release_date=2017-09-07/source_run=role5-h6-full-0936-20170907-a1/safe_headers.txt,991e469b585bbdb3e7460070eb94c5c3e4b83dc2fd07747945b5e392b6684c35,H6_TABLE1_MONTHLY_SA_M2_FULL_V1,true,FULL_NETWORK_ATTEMPT
role5-h6-full-0937-20170914-a1-body,role5-h6-full-0937-20170914-a1,20170914,https://www.federalreserve.gov/releases/h6/20170914/,full_sequence=H6_M2_2000_20260628_V1/release_date=2017-09-14/source_run=role5-h6-full-0937-20170914-a1/release.html,HTML,216995,66d05296932f479c08520bf1a88a0dafc7c9f43adecda20faaba3ea86c31028e,200,SUCCESS,2026-07-13T09:10:33.803045Z,full_sequence=H6_M2_2000_20260628_V1/release_date=2017-09-14/source_run=role5-h6-full-0937-20170914-a1/safe_headers.txt,51f7605db1e2e1f7c6cd40d32fe2b1a3d59e73f8614bf842886542b62d89f0e9,H6_TABLE1_MONTHLY_SA_M2_FULL_V1,true,FULL_NETWORK_ATTEMPT
role5-h6-full-0938-20170921-a1-body,role5-h6-full-0938-20170921-a1,20170921,https://www.federalreserve.gov/releases/h6/20170921/,full_sequence=H6_M2_2000_20260628_V1/release_date=2017-09-21/source_run=role5-h6-full-0938-20170921-a1/release.html,HTML,216913,bdc4b6bbf8e8a52faa67b3da71b125585db3c1cffe6b894c4d67b8555f1d59fd,200,SUCCESS,2026-07-13T09:10:34.768532Z,full_sequence=H6_M2_2000_20260628_V1/release_date=2017-09-21/source_run=role5-h6-full-0938-20170921-a1/safe_headers.txt,ec41cb02e55b7be6f1013a62e1c2ce1c06a9d04858b84c57aa32ca9fb8b67b9e,H6_TABLE1_MONTHLY_SA_M2_FULL_V1,true,FULL_NETWORK_ATTEMPT
role5-h6-full-0939-20170928-a1-body,role5-h6-full-0939-20170928-a1,20170928,https://www.federalreserve.gov/releases/h6/20170928/,full_sequence=H6_M2_2000_20260628_V1/release_date=2017-09-28/source_run=role5-h6-full-0939-20170928-a1/release.html,HTML,216830,31bc9021db4f096a305a757cc3a9048f090be46a3c33d795d616103941bd1bcf,200,SUCCESS,2026-07-13T09:10:35.777424Z,full_sequence=H6_M2_2000_20260628_V1/release_date=2017-09-28/source_run=role5-h6-full-0939-20170928-a1/safe_headers.txt,038f059e747da21ed37985c19bce662612866fd574721204942cd11191ee1f6c,H6_TABLE1_MONTHLY_SA_M2_FULL_V1,true,FULL_NETWORK_ATTEMPT
role5-h6-full-0940-20171005-a1-body,role5-h6-full-0940-20171005-a1,20171005,https://www.federalreserve.gov/releases/h6/20171005/,full_sequence=H6_M2_2000_20260628_V1/release_date=2017-10-05/source_run=role5-h6-full-0940-20171005-a1/release.html,HTML,216740,02ae21fcbd1a5ceb60f2d69e6217879992665850dcc11c10e4f76569648f0e55,200,SUCCESS,2026-07-13T09:10:36.797038Z,full_sequence=H6_M2_2000_20260628_V1/release_date=2017-10-05/source_run=role5-h6-full-0940-20171005-a1/safe_headers.txt,9f19c9350dcfbc186e874105bcb760421b2d1b0df302a4a4e7c77d3e9cca5681,H6_TABLE1_MONTHLY_SA_M2_FULL_V1,true,FULL_NETWORK_ATTEMPT
role5-h6-full-0941-20171012-a1-body,role5-h6-full-0941-20171012-a1,20171012,https://www.federalreserve.gov/releases/h6/20171012/,full_sequence=H6_M2_2000_20260628_V1/release_date=2017-10-12/source_run=role5-h6-full-0941-20171012-a1/release.html,HTML,216729,a603a372f81e2aae142d2cd486ac3935df93987e40ad32b2401f90913abf7c74,200,SUCCESS,2026-07-13T09:10:37.825893Z,full_sequence=H6_M2_2000_20260628_V1/release_date=2017-10-12/source_run=role5-h6-full-0941-20171012-a1/safe_headers.txt,fe5e7cbd38d5f14b1c520c9fcdcbcaa389e68cf9d24720948fcc10048d3a9a46,H6_TABLE1_MONTHLY_SA_M2_FULL_V1,true,FULL_NETWORK_ATTEMPT
role5-h6-full-0942-20171019-a1-body,role5-h6-full-0942-20171019-a1,20171019,https://www.federalreserve.gov/releases/h6/20171019/,full_sequence=H6_M2_2000_20260628_V1/release_date=2017-10-19/source_run=role5-h6-full-0942-20171019-a1/release.html,HTML,216770,efe1c4eff5193eee94e37e9fea172436b3a8edd817a5e7d2b24a3dc57e6b89b9,200,SUCCESS,2026-07-13T09:10:38.864957Z,full_sequence=H6_M2_2000_20260628_V1/release_date=2017-10-19/source_run=role5-h6-full-0942-20171019-a1/safe_headers.txt,9433a3c9de1fa5e74adeb4cb377f0b2159555b76120332dce06a79d232d77d60,H6_TABLE1_MONTHLY_SA_M2_FULL_V1,true,FULL_NETWORK_ATTEMPT
role5-h6-full-0943-20171026-a1-body,role5-h6-full-0943-20171026-a1,20171026,https://www.federalreserve.gov/releases/h6/20171026/,full_sequence=H6_M2_2000_20260628_V1/release_date=2017-10-26/source_run=role5-h6-full-0943-20171026-a1/release.html,HTML,216872,3aada9780126e7b202ff7c0049895b1dfd6a8331db046507fd9d794d3b8457d7,200,SUCCESS,2026-07-13T09:10:39.875773Z,full_sequence=H6_M2_2000_20260628_V1/release_date=2017-10-26/source_run=role5-h6-full-0943-20171026-a1/safe_headers.txt,bd3188635916215a6576cbfcb3066b293a5b10c81e7fb9aefe6fba492aed413a,H6_TABLE1_MONTHLY_SA_M2_FULL_V1,true,FULL_NETWORK_ATTEMPT
role5-h6-full-0944-20171102-a1-body,role5-h6-full-0944-20171102-a1,20171102,https://www.federalreserve.gov/releases/h6/20171102/,full_sequence=H6_M2_2000_20260628_V1/release_date=2017-11-02/source_run=role5-h6-full-0944-20171102-a1/release.html,HTML,216977,6986024e382952d4b62ffc42f1a58beffcffd99e6153f176f1eaf2cd5b4b3b1d,200,SUCCESS,2026-07-13T09:10:40.856811Z,full_sequence=H6_M2_2000_20260628_V1/release_date=2017-11-02/source_run=role5-h6-full-0944-20171102-a1/safe_headers.txt,f4d1db0c93718745fc649d04ea4b33263ac5ea1892a2d5ac18d50078c1725cff,H6_TABLE1_MONTHLY_SA_M2_FULL_V1,true,FULL_NETWORK_ATTEMPT
role5-h6-full-0945-20171109-a1-body,role5-h6-full-0945-20171109-a1,20171109,https://www.federalreserve.gov/releases/h6/20171109/,full_sequence=H6_M2_2000_20260628_V1/release_date=2017-11-09/source_run=role5-h6-full-0945-20171109-a1/release.html,HTML,217059,d12c8607495e26ab6a655768d48d10adb99c4fa158879da2fbf0ad990243202f,200,SUCCESS,2026-07-13T09:10:42.010550Z,full_sequence=H6_M2_2000_20260628_V1/release_date=2017-11-09/source_run=role5-h6-full-0945-20171109-a1/safe_headers.txt,e8e79c97b32264bf3c4aec5d8b8dcb06dd89a9db81bc661551e534b25eec6db7,H6_TABLE1_MONTHLY_SA_M2_FULL_V1,true,FULL_NETWORK_ATTEMPT
role5-h6-full-0946-20171116-a1-body,role5-h6-full-0946-20171116-a1,20171116,https://www.federalreserve.gov/releases/h6/20171116/,full_sequence=H6_M2_2000_20260628_V1/release_date=2017-11-16/source_run=role5-h6-full-0946-20171116-a1/release.html,HTML,217173,b911a0b358823887b99b67db539a66e6f6ef1cb1a69773d0ef55fef884df2296,200,SUCCESS,2026-07-13T09:10:42.854032Z,full_sequence=H6_M2_2000_20260628_V1/release_date=2017-11-16/source_run=role5-h6-full-0946-20171116-a1/safe_headers.txt,5d18477a5e667b41eff0db4fb061963f473cef9cb7cb5c43ec8c2aa9efd4e334,H6_TABLE1_MONTHLY_SA_M2_FULL_V1,true,FULL_NETWORK_ATTEMPT
role5-h6-full-0947-20171123-a1-body,role5-h6-full-0947-20171123-a1,20171123,https://www.federalreserve.gov/releases/h6/20171123/,full_sequence=H6_M2_2000_20260628_V1/release_date=2017-11-23/source_run=role5-h6-full-0947-20171123-a1/release.html,HTML,217178,627732d90d7bc13de840ec4599800f5b948d07f94f55a1b052f1ae52c0322746,200,STOP_PARSER_OR_SOURCE_IDENTITY_UNRESOLVED,2026-07-13T09:10:43.856744Z,full_sequence=H6_M2_2000_20260628_V1/release_date=2017-11-23/source_run=role5-h6-full-0947-20171123-a1/safe_headers.txt,e5412ef388e3e26612b9120bd987b33b9326994af831e6fedc10ccc3235e39ce,H6_TABLE1_MONTHLY_SA_M2_FULL_V1,true,FULL_NETWORK_ATTEMPT
role5-h6-full-0948-20171123-a2-body,role5-h6-full-0948-20171123-a2,20171123,https://www.federalreserve.gov/releases/h6/20171123/h6.txt,full_sequence=H6_M2_2000_20260628_V1/release_date=2017-11-23/source_run=role5-h6-full-0948-20171123-a2/release.txt,ASCII,81196,0efee485ab8dcb6278fd529e500abc3b6db3688feb844141fc2337f8b65741fd,404,STOP_HTTP_ERROR,2026-07-13T09:11:08.532824Z,full_sequence=H6_M2_2000_20260628_V1/release_date=2017-11-23/source_run=role5-h6-full-0948-20171123-a2/safe_headers.txt,c5267017eec7f5fdcba6dde9fd7ac07594f7b05491d02affa80c80e5f53c3a14,H6_TABLE1_MONTHLY_SA_M2_FULL_V1,false,FULL_NETWORK_ATTEMPT
role5-h6-pdf-0949-20171123-body,role5-h6-pdf-0949-20171123,20171123,https://www.federalreserve.gov/releases/h6/20171123/h6.pdf,full_sequence=H6_M2_2000_20260628_V1/pdf_corroborations/source_index_identity=2017-11-23/pdf/source_run=role5-h6-pdf-0949-20171123/h6.pdf,PDF,47630,7d5f44082832391487c6bb805e81eba5003da8d879e6e43701a38c39b7965990,200,SUCCESS_PDF_CORROBORATION,2026-07-13T09:14:46.743475Z,full_sequence=H6_M2_2000_20260628_V1/pdf_corroborations/source_index_identity=2017-11-23/pdf/source_run=role5-h6-pdf-0949-20171123/safe_headers.txt,4b447050790aa77de09e90ed7d0fd8fd47615bc342d6917da2f189ec68cdcebf,H6_TABLE1_MONTHLY_SA_M2_FULL_V1,false,FULL_NETWORK_ATTEMPT
role5-h6-full-0950-20171130-a1-body,role5-h6-full-0950-20171130-a1,20171130,https://www.federalreserve.gov/releases/h6/20171130/,full_sequence=H6_M2_2000_20260628_V1/release_date=2017-11-30/source_run=role5-h6-full-0950-20171130-a1/release.html,HTML,217177,a888c93e42f5190ccaf6d0dac410645adb3dc4cecf796a33bedfb23e36f7af94,200,SUCCESS,2026-07-13T09:14:47.929907Z,full_sequence=H6_M2_2000_20260628_V1/release_date=2017-11-30/source_run=role5-h6-full-0950-20171130-a1/safe_headers.txt,36cbfbf9fa1d375a7482c176fb142cf56588ba87fa8e8842e6a99d2df0f1d904,H6_TABLE1_MONTHLY_SA_M2_FULL_V1,true,FULL_NETWORK_ATTEMPT
role5-h6-full-0951-20171207-a1-body,role5-h6-full-0951-20171207-a1,20171207,https://www.federalreserve.gov/releases/h6/20171207/,full_sequence=H6_M2_2000_20260628_V1/release_date=2017-12-07/source_run=role5-h6-full-0951-20171207-a1/release.html,HTML,217175,ef22cdd35daf1ab7505c1812a21a0f520830375cbc42d6ae9fe5a654e1454be4,200,SUCCESS,2026-07-13T09:14:48.947452Z,full_sequence=H6_M2_2000_20260628_V1/release_date=2017-12-07/source_run=role5-h6-full-0951-20171207-a1/safe_headers.txt,e0e83b7ca7852bd3ebba2f5b4b8f3f0cb20d1052d37ed147d34eb3f3da948cb7,H6_TABLE1_MONTHLY_SA_M2_FULL_V1,true,FULL_NETWORK_ATTEMPT
role5-h6-full-0952-20171214-a1-body,role5-h6-full-0952-20171214-a1,20171214,https://www.federalreserve.gov/releases/h6/20171214/,full_sequence=H6_M2_2000_20260628_V1/release_date=2017-12-14/source_run=role5-h6-full-0952-20171214-a1/release.html,HTML,217026,18929f210bc2b20450263bd0eb7746fc39deb3abd884b24582bd22587b2ddeb0,200,SUCCESS,2026-07-13T09:14:49.968880Z,full_sequence=H6_M2_2000_20260628_V1/release_date=2017-12-14/source_run=role5-h6-full-0952-20171214-a1/safe_headers.txt,3f4a5c6cedfd62dec318a8b732711e02ac9be1a532be075e725d09aa3ef4ca8f,H6_TABLE1_MONTHLY_SA_M2_FULL_V1,true,FULL_NETWORK_ATTEMPT
role5-h6-full-0953-20171221-a1-body,role5-h6-full-0953-20171221-a1,20171221,https://www.federalreserve.gov/releases/h6/20171221/,full_sequence=H6_M2_2000_20260628_V1/release_date=2017-12-21/source_run=role5-h6-full-0953-20171221-a1/release.html,HTML,216941,4f1054b54675129931a1a82d78aefba5fbb8ddad36454f77b227357192ef4af2,200,SUCCESS,2026-07-13T09:14:50.956897Z,full_sequence=H6_M2_2000_20260628_V1/release_date=2017-12-21/source_run=role5-h6-full-0953-20171221-a1/safe_headers.txt,bf418ff9c458ba5503c653f308e9823c20a49fcaffef550c854d2ff5391180a1,H6_TABLE1_MONTHLY_SA_M2_FULL_V1,true,FULL_NETWORK_ATTEMPT
role5-h6-full-0954-20171228-a1-body,role5-h6-full-0954-20171228-a1,20171228,https://www.federalreserve.gov/releases/h6/20171228/,full_sequence=H6_M2_2000_20260628_V1/release_date=2017-12-28/source_run=role5-h6-full-0954-20171228-a1/release.html,HTML,216849,31005e8650dabab00634956ad9be33737d5051edbbdfadcc1cd9aedbfea0cdcf,200,SUCCESS,2026-07-13T09:14:51.987898Z,full_sequence=H6_M2_2000_20260628_V1/release_date=2017-12-28/source_run=role5-h6-full-0954-20171228-a1/safe_headers.txt,10b3bd1d4321f88f6cace7950b35e65ec5057722e0abd14bdfaeb6b7613f528e,H6_TABLE1_MONTHLY_SA_M2_FULL_V1,true,FULL_NETWORK_ATTEMPT
role5-h6-full-0955-20180104-a1-body,role5-h6-full-0955-20180104-a1,20180104,https://www.federalreserve.gov/releases/h6/20180104/,full_sequence=H6_M2_2000_20260628_V1/release_date=2018-01-04/source_run=role5-h6-full-0955-20180104-a1/release.html,HTML,216753,c8d303daae780e627c240e9517017f5bfd9b9d5488abe92d57b5a7c073c661db,200,SUCCESS,2026-07-13T09:14:52.980768Z,full_sequence=H6_M2_2000_20260628_V1/release_date=2018-01-04/source_run=role5-h6-full-0955-20180104-a1/safe_headers.txt,aee10c359d119992ab0ee775fb4f1d0e302da0a8aedacddc8041b7a1f6a703f8,H6_TABLE1_MONTHLY_SA_M2_FULL_V1,true,FULL_NETWORK_ATTEMPT
role5-h6-full-0956-20180111-a1-body,role5-h6-full-0956-20180111-a1,20180111,https://www.federalreserve.gov/releases/h6/20180111/,full_sequence=H6_M2_2000_20260628_V1/release_date=2018-01-11/source_run=role5-h6-full-0956-20180111-a1/release.html,HTML,216734,a51c4b89e3ac7ef13000e4cf95ea7dcdba65bbb426eed54ae2816dc05d0b7169,200,SUCCESS,2026-07-13T09:14:53.968970Z,full_sequence=H6_M2_2000_20260628_V1/release_date=2018-01-11/source_run=role5-h6-full-0956-20180111-a1/safe_headers.txt,da96aee9680178020aa2456a5c09713738251de5f27b7060875b2196293fb894,H6_TABLE1_MONTHLY_SA_M2_FULL_V1,true,FULL_NETWORK_ATTEMPT
role5-h6-full-0957-20180118-a1-body,role5-h6-full-0957-20180118-a1,20180118,https://www.federalreserve.gov/releases/h6/20180118/,full_sequence=H6_M2_2000_20260628_V1/release_date=2018-01-18/source_run=role5-h6-full-0957-20180118-a1/release.html,HTML,216814,9148aa645aa8df18c7edcdbe7e5c537d4fa8e819ea24d1d0ebea3fe423af4420,200,SUCCESS,2026-07-13T09:14:55.340820Z,full_sequence=H6_M2_2000_20260628_V1/release_date=2018-01-18/source_run=role5-h6-full-0957-20180118-a1/safe_headers.txt,82f30775cc1fb176f0901b4d56c31beaba9ff1eeb0ec93148bf96d0c065402f1,H6_TABLE1_MONTHLY_SA_M2_FULL_V1,true,FULL_NETWORK_ATTEMPT
role5-h6-full-0958-20180125-a1-body,role5-h6-full-0958-20180125-a1,20180125,https://www.federalreserve.gov/releases/h6/20180125/,full_sequence=H6_M2_2000_20260628_V1/release_date=2018-01-25/source_run=role5-h6-full-0958-20180125-a1/release.html,HTML,356901,2f610ab4f7136f88faee61e8cbae70097189c9c1c3fc8a2c66d70e0bc99f4e57,200,SUCCESS,2026-07-13T09:14:55.996099Z,full_sequence=H6_M2_2000_20260628_V1/release_date=2018-01-25/source_run=role5-h6-full-0958-20180125-a1/safe_headers.txt,82f30775cc1fb176f0901b4d56c31beaba9ff1eeb0ec93148bf96d0c065402f1,H6_TABLE1_MONTHLY_SA_M2_FULL_V1,true,FULL_NETWORK_ATTEMPT
role5-h6-full-0959-20180201-a1-body,role5-h6-full-0959-20180201-a1,20180201,https://www.federalreserve.gov/releases/h6/20180201/,full_sequence=H6_M2_2000_20260628_V1/release_date=2018-02-01/source_run=role5-h6-full-0959-20180201-a1/release.html,HTML,217779,3b8de0dc6037a8e9bc641485e54d7b712e8f91b107eb7b33779dc9cf31facd01,200,SUCCESS,2026-07-13T09:14:56.984489Z,full_sequence=H6_M2_2000_20260628_V1/release_date=2018-02-01/source_run=role5-h6-full-0959-20180201-a1/safe_headers.txt,3af721b71755dab83007fcf981858f2215b4b0f54d4b402da174ddadea2ea228,H6_TABLE1_MONTHLY_SA_M2_FULL_V1,true,FULL_NETWORK_ATTEMPT
role5-h6-full-0960-20180208-a1-body,role5-h6-full-0960-20180208-a1,20180208,https://www.federalreserve.gov/releases/h6/20180208/,full_sequence=H6_M2_2000_20260628_V1/release_date=2018-02-08/source_run=role5-h6-full-0960-20180208-a1/release.html,HTML,218050,3d368f21e6e7e67765aea62bda70a09252a09615600e2216b3547fb917a038b6,200,SUCCESS,2026-07-13T09:14:58.034431Z,full_sequence=H6_M2_2000_20260628_V1/release_date=2018-02-08/source_run=role5-h6-full-0960-20180208-a1/safe_headers.txt,028571d981756091630749d6d477143558edd4a147ab0363e02eca66a12735f0,H6_TABLE1_MONTHLY_SA_M2_FULL_V1,true,FULL_NETWORK_ATTEMPT
role5-h6-full-0961-20180215-a1-body,role5-h6-full-0961-20180215-a1,20180215,https://www.federalreserve.gov/releases/h6/20180215/,full_sequence=H6_M2_2000_20260628_V1/release_date=2018-02-15/source_run=role5-h6-full-0961-20180215-a1/release.html,HTML,218149,2b9c0a3bcba4ca9b26544a749d8ad8e0e663ac4c30fb8dcad1e45751de2bae4c,200,SUCCESS,2026-07-13T09:14:59.019840Z,full_sequence=H6_M2_2000_20260628_V1/release_date=2018-02-15/source_run=role5-h6-full-0961-20180215-a1/safe_headers.txt,70b2e3211e300589d02965086196e432153de51fa26b2ee89aad0a3ac0e48ff9,H6_TABLE1_MONTHLY_SA_M2_FULL_V1,true,FULL_NETWORK_ATTEMPT
role5-h6-full-0962-20180222-a1-body,role5-h6-full-0962-20180222-a1,20180222,https://www.federalreserve.gov/releases/h6/20180222/,full_sequence=H6_M2_2000_20260628_V1/release_date=2018-02-22/source_run=role5-h6-full-0962-20180222-a1/release.html,HTML,218159,7318a548d29df2dbe275602b593424833083cd2e05a7fe422c98e8c0055a51d6,200,SUCCESS,2026-07-13T09:15:00.007255Z,full_sequence=H6_M2_2000_20260628_V1/release_date=2018-02-22/source_run=role5-h6-full-0962-20180222-a1/safe_headers.txt,bf70388d912c4fbc3c99c6a7361be7a4a135d0aa90c32aa4f8a29b04ae1e8e76,H6_TABLE1_MONTHLY_SA_M2_FULL_V1,true,FULL_NETWORK_ATTEMPT
role5-h6-full-0963-20180301-a1-body,role5-h6-full-0963-20180301-a1,20180301,https://www.federalreserve.gov/releases/h6/20180301/,full_sequence=H6_M2_2000_20260628_V1/release_date=2018-03-01/source_run=role5-h6-full-0963-20180301-a1/release.html,HTML,218153,7d7d21f1ba953c80facf2d1da17c59c0b5869746db7fc460099c8cb2b67eacaa,200,SUCCESS,2026-07-13T09:15:01.144142Z,full_sequence=H6_M2_2000_20260628_V1/release_date=2018-03-01/source_run=role5-h6-full-0963-20180301-a1/safe_headers.txt,10b6331eddcc541e34047940078170354a92e95a3a99ecdd26042e951e7f1ff3,H6_TABLE1_MONTHLY_SA_M2_FULL_V1,true,FULL_NETWORK_ATTEMPT
role5-h6-full-0964-20180308-a1-body,role5-h6-full-0964-20180308-a1,20180308,https://www.federalreserve.gov/releases/h6/20180308/,full_sequence=H6_M2_2000_20260628_V1/release_date=2018-03-08/source_run=role5-h6-full-0964-20180308-a1/release.html,HTML,218157,b82715ee74c2bb9fcf0b8a815c96c558b1565e5efc8212d1591f3a103a548f2a,200,SUCCESS,2026-07-13T09:15:02.097666Z,full_sequence=H6_M2_2000_20260628_V1/release_date=2018-03-08/source_run=role5-h6-full-0964-20180308-a1/safe_headers.txt,a666d9c6f533b5c13deb51741fb639d9aaf7e1ce502b7c6be483da90b4937a9e,H6_TABLE1_MONTHLY_SA_M2_FULL_V1,true,FULL_NETWORK_ATTEMPT
role5-h6-full-0965-20180315-a1-body,role5-h6-full-0965-20180315-a1,20180315,https://www.federalreserve.gov/releases/h6/20180315/,full_sequence=H6_M2_2000_20260628_V1/release_date=2018-03-15/source_run=role5-h6-full-0965-20180315-a1/release.html,HTML,217992,2213e1ef7767310cc871e472d051a7f1d2713a8238b4da6a87bc893e79fb2379,200,SUCCESS,2026-07-13T09:15:03.059091Z,full_sequence=H6_M2_2000_20260628_V1/release_date=2018-03-15/source_run=role5-h6-full-0965-20180315-a1/safe_headers.txt,879cab7dfa7079ec2d1c062acb3527d71f6003a715d7af4303b1ab506ea291da,H6_TABLE1_MONTHLY_SA_M2_FULL_V1,true,FULL_NETWORK_ATTEMPT
role5-h6-full-0966-20180322-a1-body,role5-h6-full-0966-20180322-a1,20180322,https://www.federalreserve.gov/releases/h6/20180322/,full_sequence=H6_M2_2000_20260628_V1/release_date=2018-03-22/source_run=role5-h6-full-0966-20180322-a1/release.html,HTML,217905,71d963f7a32863ed7c09b678d17be3c3830594f4072d8ae3ba72f90b89ab7b90,200,SUCCESS,2026-07-13T09:15:04.053591Z,full_sequence=H6_M2_2000_20260628_V1/release_date=2018-03-22/source_run=role5-h6-full-0966-20180322-a1/safe_headers.txt,654ecef41fc2193e48240203629c61ca56b8d1ad9ad3dd4531530662e3fa1942,H6_TABLE1_MONTHLY_SA_M2_FULL_V1,true,FULL_NETWORK_ATTEMPT
role5-h6-full-0967-20180329-a1-body,role5-h6-full-0967-20180329-a1,20180329,https://www.federalreserve.gov/releases/h6/20180329/,full_sequence=H6_M2_2000_20260628_V1/release_date=2018-03-29/source_run=role5-h6-full-0967-20180329-a1/release.html,HTML,217809,61b50d7a78733ec27c71b5e45212b2c677425b66be5e9e039dc21f0cf7181a78,200,SUCCESS,2026-07-13T09:15:05.087564Z,full_sequence=H6_M2_2000_20260628_V1/release_date=2018-03-29/source_run=role5-h6-full-0967-20180329-a1/safe_headers.txt,9d09126e019c06bc6f88e67acf0dd0fe7bd566cb8c79245f1460f56f287664fe,H6_TABLE1_MONTHLY_SA_M2_FULL_V1,true,FULL_NETWORK_ATTEMPT
role5-h6-full-0968-20180405-a1-body,role5-h6-full-0968-20180405-a1,20180405,https://www.federalreserve.gov/releases/h6/20180405/,full_sequence=H6_M2_2000_20260628_V1/release_date=2018-04-05/source_run=role5-h6-full-0968-20180405-a1/release.html,HTML,217712,33dbad5bc17e87d7c9e6fabc1d018e6bb0b6c25d6bdb7d2bd4921c0a8c82e58f,200,SUCCESS,2026-07-13T09:15:06.047035Z,full_sequence=H6_M2_2000_20260628_V1/release_date=2018-04-05/source_run=role5-h6-full-0968-20180405-a1/safe_headers.txt,043af9b7b01f48926b8617ad35d214890ccd5a00d5dea876c515219a0e7b1e77,H6_TABLE1_MONTHLY_SA_M2_FULL_V1,true,FULL_NETWORK_ATTEMPT
role5-h6-full-0969-20180412-a1-body,role5-h6-full-0969-20180412-a1,20180412,https://www.federalreserve.gov/releases/h6/20180412/,full_sequence=H6_M2_2000_20260628_V1/release_date=2018-04-12/source_run=role5-h6-full-0969-20180412-a1/release.html,HTML,217691,2db9bdda49821416c965009c3be3a7bc9de97a54b2475384b337d4c8092c5325,200,SUCCESS,2026-07-13T09:15:07.303473Z,full_sequence=H6_M2_2000_20260628_V1/release_date=2018-04-12/source_run=role5-h6-full-0969-20180412-a1/safe_headers.txt,cbf80dd00243b79c0f3e4a5fda602177a846a4ee7d8e426c6ae98aaa1f6465cc,H6_TABLE1_MONTHLY_SA_M2_FULL_V1,true,FULL_NETWORK_ATTEMPT
role5-h6-full-0970-20180419-a1-body,role5-h6-full-0970-20180419-a1,20180419,https://www.federalreserve.gov/releases/h6/20180419/,full_sequence=H6_M2_2000_20260628_V1/release_date=2018-04-19/source_run=role5-h6-full-0970-20180419-a1/release.html,HTML,217729,a2cee36a9d81715223440190c66a3787149a2439690d628f59644c3a5e85f9cb,200,SUCCESS,2026-07-13T09:15:08.142451Z,full_sequence=H6_M2_2000_20260628_V1/release_date=2018-04-19/source_run=role5-h6-full-0970-20180419-a1/safe_headers.txt,ebcd3c70a8af582dc6bdf45bda063e2be58acc9e778a4cbff7c765ad6562364f,H6_TABLE1_MONTHLY_SA_M2_FULL_V1,true,FULL_NETWORK_ATTEMPT
role5-h6-full-0971-20180426-a1-body,role5-h6-full-0971-20180426-a1,20180426,https://www.federalreserve.gov/releases/h6/20180426/,full_sequence=H6_M2_2000_20260628_V1/release_date=2018-04-26/source_run=role5-h6-full-0971-20180426-a1/release.html,HTML,217836,7787cf9bdad6e8334811035e4473a93bd0281e360667f6f877c54f366961daa2,200,SUCCESS,2026-07-13T09:15:09.122127Z,full_sequence=H6_M2_2000_20260628_V1/release_date=2018-04-26/source_run=role5-h6-full-0971-20180426-a1/safe_headers.txt,151f1e689b9606224a5b7434a9624dd2ee41d8701553985ad25b1b717dffe5e5,H6_TABLE1_MONTHLY_SA_M2_FULL_V1,true,FULL_NETWORK_ATTEMPT
role5-h6-full-0972-20180503-a1-body,role5-h6-full-0972-20180503-a1,20180503,https://www.federalreserve.gov/releases/h6/20180503/,full_sequence=H6_M2_2000_20260628_V1/release_date=2018-05-03/source_run=role5-h6-full-0972-20180503-a1/release.html,HTML,217933,ad07c792f5c4b1a9d6de02e061d3adc9d70991e3a369c3e05828b7e741bee52f,200,SUCCESS,2026-07-13T09:15:10.184075Z,full_sequence=H6_M2_2000_20260628_V1/release_date=2018-05-03/source_run=role5-h6-full-0972-20180503-a1/safe_headers.txt,d9bd5c8f68afb5827f5b2b4e26ad8395b24eae768c116f19091fc040616928c5,H6_TABLE1_MONTHLY_SA_M2_FULL_V1,true,FULL_NETWORK_ATTEMPT
role5-h6-full-0973-20180510-a1-body,role5-h6-full-0973-20180510-a1,20180510,https://www.federalreserve.gov/releases/h6/20180510/,full_sequence=H6_M2_2000_20260628_V1/release_date=2018-05-10/source_run=role5-h6-full-0973-20180510-a1/release.html,HTML,218217,7277cefda524f4a5231e8dfce1444fe630a32f751b442a3b74482682b6c31543,200,SUCCESS,2026-07-13T09:15:11.123855Z,full_sequence=H6_M2_2000_20260628_V1/release_date=2018-05-10/source_run=role5-h6-full-0973-20180510-a1/safe_headers.txt,d0ee2bff657a09b8cea8066f271edd9c0b243189d93abb9dc49eb66c81b87047,H6_TABLE1_MONTHLY_SA_M2_FULL_V1,true,FULL_NETWORK_ATTEMPT
role5-h6-full-0974-20180517-a1-body,role5-h6-full-0974-20180517-a1,20180517,https://www.federalreserve.gov/releases/h6/20180517/,full_sequence=H6_M2_2000_20260628_V1/release_date=2018-05-17/source_run=role5-h6-full-0974-20180517-a1/release.html,HTML,218130,70f07eee185cbdcfec4deeefc257409260e879da07f1413e19b1005d91fe013d,200,SUCCESS,2026-07-13T09:15:12.174127Z,full_sequence=H6_M2_2000_20260628_V1/release_date=2018-05-17/source_run=role5-h6-full-0974-20180517-a1/safe_headers.txt,d5761b31b00706259c8d5c9cc6090d121b514cf93bcbd820b16489d1a017322a,H6_TABLE1_MONTHLY_SA_M2_FULL_V1,true,FULL_NETWORK_ATTEMPT
role5-h6-full-0975-20180524-a1-body,role5-h6-full-0975-20180524-a1,20180524,https://www.federalreserve.gov/releases/h6/20180524/,full_sequence=H6_M2_2000_20260628_V1/release_date=2018-05-24/source_run=role5-h6-full-0975-20180524-a1/release.html,HTML,218132,d4ec77bb572d21fa40cac524d3d145df5ee9d54ebb0294d6411bc3187ca0cbfc,200,SUCCESS,2026-07-13T09:15:13.143404Z,full_sequence=H6_M2_2000_20260628_V1/release_date=2018-05-24/source_run=role5-h6-full-0975-20180524-a1/safe_headers.txt,3fd6b174f8dd4aceb63911381032ae1217480e064e6380a562a732c26ec9f440,H6_TABLE1_MONTHLY_SA_M2_FULL_V1,true,FULL_NETWORK_ATTEMPT
role5-h6-full-0976-20180531-a1-body,role5-h6-full-0976-20180531-a1,20180531,https://www.federalreserve.gov/releases/h6/20180531/,full_sequence=H6_M2_2000_20260628_V1/release_date=2018-05-31/source_run=role5-h6-full-0976-20180531-a1/release.html,HTML,218130,f1115113079b3bebd30fa1081d67fe6c305b9e4c6454e56689c76cb5d2c9fbdd,200,SUCCESS,2026-07-13T09:15:14.128044Z,full_sequence=H6_M2_2000_20260628_V1/release_date=2018-05-31/source_run=role5-h6-full-0976-20180531-a1/safe_headers.txt,ca3f825185392408ec4dc1f22b81cf7c8307b5190694b2c0c6af89fc702a58c7,H6_TABLE1_MONTHLY_SA_M2_FULL_V1,true,FULL_NETWORK_ATTEMPT
role5-h6-full-0977-20180607-a1-body,role5-h6-full-0977-20180607-a1,20180607,https://www.federalreserve.gov/releases/h6/20180607/,full_sequence=H6_M2_2000_20260628_V1/release_date=2018-06-07/source_run=role5-h6-full-0977-20180607-a1/release.html,HTML,218130,8623b236b1c8261bdacceaf99478167a39f96ed0672bb21d8bf6da731ca49afb,200,SUCCESS,2026-07-13T09:15:15.123429Z,full_sequence=H6_M2_2000_20260628_V1/release_date=2018-06-07/source_run=role5-h6-full-0977-20180607-a1/safe_headers.txt,542a75a0e69f7323a8c5037e065d72b1ec2daf1f9ec6978d4bd91fdd6363f237,H6_TABLE1_MONTHLY_SA_M2_FULL_V1,true,FULL_NETWORK_ATTEMPT
role5-h6-full-0978-20180614-a1-body,role5-h6-full-0978-20180614-a1,20180614,https://www.federalreserve.gov/releases/h6/20180614/,full_sequence=H6_M2_2000_20260628_V1/release_date=2018-06-14/source_run=role5-h6-full-0978-20180614-a1/release.html,HTML,217961,5ce19ee2e048bed726f6be6b96f4633701ba1373a206b0e2b589be9dfb4fa48b,200,SUCCESS,2026-07-13T09:15:16.206823Z,full_sequence=H6_M2_2000_20260628_V1/release_date=2018-06-14/source_run=role5-h6-full-0978-20180614-a1/safe_headers.txt,f3051afd4963e7c56b15d5646b2befcc7586ac888f79780be67c722fc7e5da4b,H6_TABLE1_MONTHLY_SA_M2_FULL_V1,true,FULL_NETWORK_ATTEMPT
role5-h6-full-0979-20180621-a1-body,role5-h6-full-0979-20180621-a1,20180621,https://www.federalreserve.gov/releases/h6/20180621/,full_sequence=H6_M2_2000_20260628_V1/release_date=2018-06-21/source_run=role5-h6-full-0979-20180621-a1/release.html,HTML,217874,c0fe4f11fac96ba228c33cfde3a3cde1e29d22bc3c47d2d8dfe8225417cd38c2,200,SUCCESS,2026-07-13T09:15:17.141597Z,full_sequence=H6_M2_2000_20260628_V1/release_date=2018-06-21/source_run=role5-h6-full-0979-20180621-a1/safe_headers.txt,259225f660ce42097231fd47129fb126033ea253168560a1b6e9141542c73091,H6_TABLE1_MONTHLY_SA_M2_FULL_V1,true,FULL_NETWORK_ATTEMPT
role5-h6-full-0980-20180628-a1-body,role5-h6-full-0980-20180628-a1,20180628,https://www.federalreserve.gov/releases/h6/20180628/,full_sequence=H6_M2_2000_20260628_V1/release_date=2018-06-28/source_run=role5-h6-full-0980-20180628-a1/release.html,HTML,217778,d56884e7287f2e47e7fe596f0f8da5bf0a0b4f9e9602b6fd9654e186b7abeb3d,200,SUCCESS,2026-07-13T09:15:18.132329Z,full_sequence=H6_M2_2000_20260628_V1/release_date=2018-06-28/source_run=role5-h6-full-0980-20180628-a1/safe_headers.txt,fe0dc9f82814d15503ab448f9b9694f936e11a24e7056ca867110d81645c4832,H6_TABLE1_MONTHLY_SA_M2_FULL_V1,true,FULL_NETWORK_ATTEMPT
role5-h6-full-0981-20180705-a1-body,role5-h6-full-0981-20180705-a1,20180705,https://www.federalreserve.gov/releases/h6/20180705/,full_sequence=H6_M2_2000_20260628_V1/release_date=2018-07-05/source_run=role5-h6-full-0981-20180705-a1/release.html,HTML,217681,d0a93b9da191ba7db608a5163c379865656edbb16d3787c3b7637dfebb534dfb,200,SUCCESS,2026-07-13T09:15:19.190969Z,full_sequence=H6_M2_2000_20260628_V1/release_date=2018-07-05/source_run=role5-h6-full-0981-20180705-a1/safe_headers.txt,9d925c4f3ad65839c10dd89aff5fcbc18b23852af658ce02fd1fdf7a7436567f,H6_TABLE1_MONTHLY_SA_M2_FULL_V1,true,FULL_NETWORK_ATTEMPT
role5-h6-full-0982-20180712-a1-body,role5-h6-full-0982-20180712-a1,20180712,https://www.federalreserve.gov/releases/h6/20180712/,full_sequence=H6_M2_2000_20260628_V1/release_date=2018-07-12/source_run=role5-h6-full-0982-20180712-a1/release.html,HTML,217646,275733303141ad38b9d57b684df730f2e01a3fd02debb093adc675230173f2fb,200,SUCCESS,2026-07-13T09:15:20.156292Z,full_sequence=H6_M2_2000_20260628_V1/release_date=2018-07-12/source_run=role5-h6-full-0982-20180712-a1/safe_headers.txt,3ddd8a7b846fb39dbc90ae27e87ffbd4b042625f188685f62dee2f31799a6abb,H6_TABLE1_MONTHLY_SA_M2_FULL_V1,true,FULL_NETWORK_ATTEMPT
role5-h6-full-0983-20180719-a1-body,role5-h6-full-0983-20180719-a1,20180719,https://www.federalreserve.gov/releases/h6/20180719/,full_sequence=H6_M2_2000_20260628_V1/release_date=2018-07-19/source_run=role5-h6-full-0983-20180719-a1/release.html,HTML,217707,06f94b1b048153ca98c6ee8dc46e390ca4753d8af74509c826ff8a4e1ac39309,200,SUCCESS,2026-07-13T09:15:21.494115Z,full_sequence=H6_M2_2000_20260628_V1/release_date=2018-07-19/source_run=role5-h6-full-0983-20180719-a1/safe_headers.txt,29291427caf8becc96ccf17ace5336592e400d8c22541c10f76f6c1dc2db7f1b,H6_TABLE1_MONTHLY_SA_M2_FULL_V1,true,FULL_NETWORK_ATTEMPT
role5-h6-full-0984-20180726-a1-body,role5-h6-full-0984-20180726-a1,20180726,https://www.federalreserve.gov/releases/h6/20180726/,full_sequence=H6_M2_2000_20260628_V1/release_date=2018-07-26/source_run=role5-h6-full-0984-20180726-a1/release.html,HTML,217819,c3a2888207b5d6837c2ab7eac93c5a2d36185b6f6a8a82aaee2113772233ffbb,200,SUCCESS,2026-07-13T09:15:22.183238Z,full_sequence=H6_M2_2000_20260628_V1/release_date=2018-07-26/source_run=role5-h6-full-0984-20180726-a1/safe_headers.txt,f3f562a15d7fc7c60ad6097c2f4d4840150d7b0b13419d89382364915a0096cd,H6_TABLE1_MONTHLY_SA_M2_FULL_V1,true,FULL_NETWORK_ATTEMPT
role5-h6-full-0985-20180802-a1-body,role5-h6-full-0985-20180802-a1,20180802,https://www.federalreserve.gov/releases/h6/20180802/,full_sequence=H6_M2_2000_20260628_V1/release_date=2018-08-02/source_run=role5-h6-full-0985-20180802-a1/release.html,HTML,217933,39ecc78eb6f4562ced642f2be314b56f55fd1ddbf236f42e2d4dba228576990b,200,SUCCESS,2026-07-13T09:15:23.192629Z,full_sequence=H6_M2_2000_20260628_V1/release_date=2018-08-02/source_run=role5-h6-full-0985-20180802-a1/safe_headers.txt,26ae098ee146a037c1077d50a3787cd013c66b1375b78e32acd411b379a1f74c,H6_TABLE1_MONTHLY_SA_M2_FULL_V1,true,FULL_NETWORK_ATTEMPT
role5-h6-full-0986-20180809-a1-body,role5-h6-full-0986-20180809-a1,20180809,https://www.federalreserve.gov/releases/h6/20180809/,full_sequence=H6_M2_2000_20260628_V1/release_date=2018-08-09/source_run=role5-h6-full-0986-20180809-a1/release.html,HTML,218042,5f278cce14fc3aeb72e1810c5f22f89cea96d431df1981a9f1adaa4e1bb1e79d,200,SUCCESS,2026-07-13T09:15:24.213297Z,full_sequence=H6_M2_2000_20260628_V1/release_date=2018-08-09/source_run=role5-h6-full-0986-20180809-a1/safe_headers.txt,8024afa8620e00c694fe83306bd9cc15685f4c23f1ba2d0e5e7139c7ade9318f,H6_TABLE1_MONTHLY_SA_M2_FULL_V1,true,FULL_NETWORK_ATTEMPT
role5-h6-full-0987-20180816-a1-body,role5-h6-full-0987-20180816-a1,20180816,https://www.federalreserve.gov/releases/h6/20180816/,full_sequence=H6_M2_2000_20260628_V1/release_date=2018-08-16/source_run=role5-h6-full-0987-20180816-a1/release.html,HTML,218144,aba2318f665cf0554deaf120374b40b7e036884617a22e2577057fcf0c7a934a,200,SUCCESS,2026-07-13T09:15:25.302477Z,full_sequence=H6_M2_2000_20260628_V1/release_date=2018-08-16/source_run=role5-h6-full-0987-20180816-a1/safe_headers.txt,aa90be303fa733add4898b7a5ac36150002ca679c10f1a002955fa6b84b0b1ee,H6_TABLE1_MONTHLY_SA_M2_FULL_V1,true,FULL_NETWORK_ATTEMPT
role5-h6-full-0988-20180823-a1-body,role5-h6-full-0988-20180823-a1,20180823,https://www.federalreserve.gov/releases/h6/20180823/,full_sequence=H6_M2_2000_20260628_V1/release_date=2018-08-23/source_run=role5-h6-full-0988-20180823-a1/release.html,HTML,218153,7c751fc36745be8640eaef4d41bf629ebf1ade65af77e684baa2da6c7b893448,200,SUCCESS,2026-07-13T09:15:26.247494Z,full_sequence=H6_M2_2000_20260628_V1/release_date=2018-08-23/source_run=role5-h6-full-0988-20180823-a1/safe_headers.txt,77aff4f33b01a2b36d55955e5e8117a9a2a8416579e87bbef7c366eebcfbd1e1,H6_TABLE1_MONTHLY_SA_M2_FULL_V1,true,FULL_NETWORK_ATTEMPT
role5-h6-full-0989-20180830-a1-body,role5-h6-full-0989-20180830-a1,20180830,https://www.federalreserve.gov/releases/h6/20180830/,full_sequence=H6_M2_2000_20260628_V1/release_date=2018-08-30/source_run=role5-h6-full-0989-20180830-a1/release.html,HTML,218158,3055576ba1ad26ced716d22ec12a76732e973913d753b51be3443e6c1b3a973f,200,SUCCESS,2026-07-13T09:15:27.218291Z,full_sequence=H6_M2_2000_20260628_V1/release_date=2018-08-30/source_run=role5-h6-full-0989-20180830-a1/safe_headers.txt,8c6270f85447f15ae1abe83f06e23a948ee0c93276e8530348f2043e24468ba8,H6_TABLE1_MONTHLY_SA_M2_FULL_V1,true,FULL_NETWORK_ATTEMPT
role5-h6-full-0990-20180906-a1-body,role5-h6-full-0990-20180906-a1,20180906,https://www.federalreserve.gov/releases/h6/20180906/,full_sequence=H6_M2_2000_20260628_V1/release_date=2018-09-06/source_run=role5-h6-full-0990-20180906-a1/release.html,HTML,218171,77dfc6117cf9f138ba20bc0e21783fd09438edb016ef308c421ebabff3beb6d4,200,SUCCESS,2026-07-13T09:15:28.285081Z,full_sequence=H6_M2_2000_20260628_V1/release_date=2018-09-06/source_run=role5-h6-full-0990-20180906-a1/safe_headers.txt,8c2e685c991702ca8f39b59dfe2d0f5837fc5f3380ec7716025993a7f1be02c7,H6_TABLE1_MONTHLY_SA_M2_FULL_V1,true,FULL_NETWORK_ATTEMPT
role5-h6-full-0991-20180913-a1-body,role5-h6-full-0991-20180913-a1,20180913,https://www.federalreserve.gov/releases/h6/20180913/,full_sequence=H6_M2_2000_20260628_V1/release_date=2018-09-13/source_run=role5-h6-full-0991-20180913-a1/release.html,HTML,218027,6c461d47766baa7ced0e85b33a4aaea2eddadba29d8a83731700cfb135717200,200,SUCCESS,2026-07-13T09:15:29.548074Z,full_sequence=H6_M2_2000_20260628_V1/release_date=2018-09-13/source_run=role5-h6-full-0991-20180913-a1/safe_headers.txt,cdd9e85baada6fd676d4734f8d72e085d9904cd812715ab35e803e3957beef70,H6_TABLE1_MONTHLY_SA_M2_FULL_V1,true,FULL_NETWORK_ATTEMPT
role5-h6-full-0992-20180920-a1-body,role5-h6-full-0992-20180920-a1,20180920,https://www.federalreserve.gov/releases/h6/20180920/,full_sequence=H6_M2_2000_20260628_V1/release_date=2018-09-20/source_run=role5-h6-full-0992-20180920-a1/release.html,HTML,217946,54eeff75060381e157ae0f3a937871620b821e432803cde7e3b86deecba05458,200,SUCCESS,2026-07-13T09:15:30.255408Z,full_sequence=H6_M2_2000_20260628_V1/release_date=2018-09-20/source_run=role5-h6-full-0992-20180920-a1/safe_headers.txt,8f7e14d653be7a7a2e83c001a17017af1b5c591073e58c2434862093949d51da,H6_TABLE1_MONTHLY_SA_M2_FULL_V1,true,FULL_NETWORK_ATTEMPT
role5-h6-full-0993-20180927-a1-body,role5-h6-full-0993-20180927-a1,20180927,https://www.federalreserve.gov/releases/h6/20180927/,full_sequence=H6_M2_2000_20260628_V1/release_date=2018-09-27/source_run=role5-h6-full-0993-20180927-a1/release.html,HTML,218398,c0963b153e1514756080ddc86b8c03c4cba952ea9371aed62b03dd04ab4c5833,200,SUCCESS,2026-07-13T09:15:31.248629Z,full_sequence=H6_M2_2000_20260628_V1/release_date=2018-09-27/source_run=role5-h6-full-0993-20180927-a1/safe_headers.txt,cccc73f5a2b853891ad6afab92148279a6583de9ff3d5c6d85e31969b2d21329,H6_TABLE1_MONTHLY_SA_M2_FULL_V1,true,FULL_NETWORK_ATTEMPT
role5-h6-full-0994-20181004-a1-body,role5-h6-full-0994-20181004-a1,20181004,https://www.federalreserve.gov/releases/h6/20181004/,full_sequence=H6_M2_2000_20260628_V1/release_date=2018-10-04/source_run=role5-h6-full-0994-20181004-a1/release.html,HTML,218301,24143957bd7b456199cb640c940a03946d627facd87f0f0f5d47b2fdd7a64385,200,SUCCESS,2026-07-13T09:15:32.263656Z,full_sequence=H6_M2_2000_20260628_V1/release_date=2018-10-04/source_run=role5-h6-full-0994-20181004-a1/safe_headers.txt,53e3d80a4ed566c39608b42e990ba3124e4927588ba3d6c43325e8dce6d357da,H6_TABLE1_MONTHLY_SA_M2_FULL_V1,true,FULL_NETWORK_ATTEMPT
role5-h6-full-0995-20181011-a1-body,role5-h6-full-0995-20181011-a1,20181011,https://www.federalreserve.gov/releases/h6/20181011/,full_sequence=H6_M2_2000_20260628_V1/release_date=2018-10-11/source_run=role5-h6-full-0995-20181011-a1/release.html,HTML,218287,39c11e497019b2c817e91f23fb4e80056b89c18183583eb7228fdc2bdaa49790,200,SUCCESS,2026-07-13T09:15:33.283241Z,full_sequence=H6_M2_2000_20260628_V1/release_date=2018-10-11/source_run=role5-h6-full-0995-20181011-a1/safe_headers.txt,cf90c0c8768e32236bb48e779dc60795ee5acab5e1f8fe4e955bf06bb0b561c6,H6_TABLE1_MONTHLY_SA_M2_FULL_V1,true,FULL_NETWORK_ATTEMPT
role5-h6-full-0996-20181018-a1-body,role5-h6-full-0996-20181018-a1,20181018,https://www.federalreserve.gov/releases/h6/20181018/,full_sequence=H6_M2_2000_20260628_V1/release_date=2018-10-18/source_run=role5-h6-full-0996-20181018-a1/release.html,HTML,218322,934a3715ac9d7f13eb3902b62b9bc6f000c094fca5b2604c0e4ac88460c35098,200,SUCCESS,2026-07-13T09:15:34.305263Z,full_sequence=H6_M2_2000_20260628_V1/release_date=2018-10-18/source_run=role5-h6-full-0996-20181018-a1/safe_headers.txt,1e812c392f97ebb9195dd3c96717414a75c65540b80ea3c70c189f884f548f97,H6_TABLE1_MONTHLY_SA_M2_FULL_V1,true,FULL_NETWORK_ATTEMPT
role5-h6-full-0997-20181025-a1-body,role5-h6-full-0997-20181025-a1,20181025,https://www.federalreserve.gov/releases/h6/20181025/,full_sequence=H6_M2_2000_20260628_V1/release_date=2018-10-25/source_run=role5-h6-full-0997-20181025-a1/release.html,HTML,218430,7bb4ae67445aa2c82ade10ac30b67b526afd978ff38eda58476ef8295daff223,200,SUCCESS,2026-07-13T09:15:35.303292Z,full_sequence=H6_M2_2000_20260628_V1/release_date=2018-10-25/source_run=role5-h6-full-0997-20181025-a1/safe_headers.txt,78a06343c6927019c5c731311678f858e61a22d6263a2d9a04568df85de71c64,H6_TABLE1_MONTHLY_SA_M2_FULL_V1,true,FULL_NETWORK_ATTEMPT
role5-h6-full-0998-20181101-a1-body,role5-h6-full-0998-20181101-a1,20181101,https://www.federalreserve.gov/releases/h6/20181101/,full_sequence=H6_M2_2000_20260628_V1/release_date=2018-11-01/source_run=role5-h6-full-0998-20181101-a1/release.html,HTML,218536,20eb2017aa14ab6aa608db40a02383089b0ad0776ffe7da9e26f111aa3896386,200,SUCCESS,2026-07-13T09:15:36.487722Z,full_sequence=H6_M2_2000_20260628_V1/release_date=2018-11-01/source_run=role5-h6-full-0998-20181101-a1/safe_headers.txt,8346b395278e2fe779ae71ab15b57d2f57a772b8f263392ae5d781e3f5d32b15,H6_TABLE1_MONTHLY_SA_M2_FULL_V1,true,FULL_NETWORK_ATTEMPT
role5-h6-full-0999-20181108-a1-body,role5-h6-full-0999-20181108-a1,20181108,https://www.federalreserve.gov/releases/h6/20181108/,full_sequence=H6_M2_2000_20260628_V1/release_date=2018-11-08/source_run=role5-h6-full-0999-20181108-a1/release.html,HTML,218640,6b3d8f9039057aa56a1ac036d1ae5cbe335e377a6ae9f0a1828551b3fd93fb17,200,SUCCESS,2026-07-13T09:15:37.286810Z,full_sequence=H6_M2_2000_20260628_V1/release_date=2018-11-08/source_run=role5-h6-full-0999-20181108-a1/safe_headers.txt,0469ea617a23cb5e2fbd7883ab78854fb33f502202832d6576da642ff2bf6de6,H6_TABLE1_MONTHLY_SA_M2_FULL_V1,true,FULL_NETWORK_ATTEMPT
role5-h6-full-1000-20181115-a1-body,role5-h6-full-1000-20181115-a1,20181115,https://www.federalreserve.gov/releases/h6/20181115/,full_sequence=H6_M2_2000_20260628_V1/release_date=2018-11-15/source_run=role5-h6-full-1000-20181115-a1/release.html,HTML,218737,578d2adf35446adfb76205cf16ef89fdc22e3e8c83c90d4b36229fc729f8cbb8,200,SUCCESS,2026-07-13T09:15:38.330302Z,full_sequence=H6_M2_2000_20260628_V1/release_date=2018-11-15/source_run=role5-h6-full-1000-20181115-a1/safe_headers.txt,062962523a2e8130d44ca550774508c3f30c41ea3ca69a471625c67cebe6090b,H6_TABLE1_MONTHLY_SA_M2_FULL_V1,true,FULL_NETWORK_ATTEMPT
role5-h6-full-1001-20181123-a1-body,role5-h6-full-1001-20181123-a1,20181123,https://www.federalreserve.gov/releases/h6/20181123/,full_sequence=H6_M2_2000_20260628_V1/release_date=2018-11-23/source_run=role5-h6-full-1001-20181123-a1/release.html,HTML,218740,c8b8b34b4c96072b7ef931d183df327cc5f877356781a38d1fa78c5e32d911f0,200,SUCCESS,2026-07-13T09:15:39.339856Z,full_sequence=H6_M2_2000_20260628_V1/release_date=2018-11-23/source_run=role5-h6-full-1001-20181123-a1/safe_headers.txt,a9e59e6d1656cdf9128803e1e5d5adf276e516d383634d3d63ba41feadf40541,H6_TABLE1_MONTHLY_SA_M2_FULL_V1,true,FULL_NETWORK_ATTEMPT
role5-h6-full-1002-20181129-a1-body,role5-h6-full-1002-20181129-a1,20181129,https://www.federalreserve.gov/releases/h6/20181129/,full_sequence=H6_M2_2000_20260628_V1/release_date=2018-11-29/source_run=role5-h6-full-1002-20181129-a1/release.html,HTML,218739,038c555cd45d2c8d94dba2a7bccd01d2ed8c02905fec11464a7394b994f52fca,200,SUCCESS,2026-07-13T09:15:40.322994Z,full_sequence=H6_M2_2000_20260628_V1/release_date=2018-11-29/source_run=role5-h6-full-1002-20181129-a1/safe_headers.txt,401ea110f765b0d3794adb7fb92e97ac00748c64fea94574bdbe747235143084,H6_TABLE1_MONTHLY_SA_M2_FULL_V1,true,FULL_NETWORK_ATTEMPT
role5-h6-full-1003-20181206-a1-body,role5-h6-full-1003-20181206-a1,20181206,https://www.federalreserve.gov/releases/h6/20181206/,full_sequence=H6_M2_2000_20260628_V1/release_date=2018-12-06/source_run=role5-h6-full-1003-20181206-a1/release.html,HTML,218737,0e719d8baf215f424e4b6fa19f373935679851205c9e3b57dc9d7728f2833266,200,SUCCESS,2026-07-13T09:15:41.352245Z,full_sequence=H6_M2_2000_20260628_V1/release_date=2018-12-06/source_run=role5-h6-full-1003-20181206-a1/safe_headers.txt,d7778ef71ce0ad955b9f98b7bad409bbf5098bb6b0ded82defbfcc22e35eea9e,H6_TABLE1_MONTHLY_SA_M2_FULL_V1,true,FULL_NETWORK_ATTEMPT
role5-h6-full-1004-20181213-a1-body,role5-h6-full-1004-20181213-a1,20181213,https://www.federalreserve.gov/releases/h6/20181213/,full_sequence=H6_M2_2000_20260628_V1/release_date=2018-12-13/source_run=role5-h6-full-1004-20181213-a1/release.html,HTML,225011,5ab6e59c5632556d5b4fc915d7f44ab15f49c2e1ca494bd62f9f3b5576f365b0,200,SUCCESS,2026-07-13T09:15:42.354366Z,full_sequence=H6_M2_2000_20260628_V1/release_date=2018-12-13/source_run=role5-h6-full-1004-20181213-a1/safe_headers.txt,649724c82bc25a8b49efcb24d14f9a443069b412377156e598ff5b1b77f10f72,H6_TABLE1_MONTHLY_SA_M2_FULL_V1,true,FULL_NETWORK_ATTEMPT
role5-h6-full-1005-20181220-a1-body,role5-h6-full-1005-20181220-a1,20181220,https://www.federalreserve.gov/releases/h6/20181220/,full_sequence=H6_M2_2000_20260628_V1/release_date=2018-12-20/source_run=role5-h6-full-1005-20181220-a1/release.html,HTML,223853,4fe7cf72c3f1ad740a224c52da8240443240d2d1f9850286b4404e7e1a8b2080,200,SUCCESS,2026-07-13T09:15:43.354321Z,full_sequence=H6_M2_2000_20260628_V1/release_date=2018-12-20/source_run=role5-h6-full-1005-20181220-a1/safe_headers.txt,f3cc6f743ae543dd9e031a25c5b848e1560d0d651f357e34d64fe119f9aec1e0,H6_TABLE1_MONTHLY_SA_M2_FULL_V1,true,FULL_NETWORK_ATTEMPT
role5-h6-full-1006-20181227-a1-body,role5-h6-full-1006-20181227-a1,20181227,https://www.federalreserve.gov/releases/h6/20181227/,full_sequence=H6_M2_2000_20260628_V1/release_date=2018-12-27/source_run=role5-h6-full-1006-20181227-a1/release.html,HTML,223756,18ea39039306b3bbe86a53208dd5346312d96d2b8ec08070c738ee0efb0f15fd,200,SUCCESS,2026-07-13T09:15:44.384454Z,full_sequence=H6_M2_2000_20260628_V1/release_date=2018-12-27/source_run=role5-h6-full-1006-20181227-a1/safe_headers.txt,0fde564abf024aaa5c30394eedf56e5717030697248410567c9e903ef8cc4d41,H6_TABLE1_MONTHLY_SA_M2_FULL_V1,true,FULL_NETWORK_ATTEMPT
role5-h6-full-1007-20190103-a1-body,role5-h6-full-1007-20190103-a1,20190103,https://www.federalreserve.gov/releases/h6/20190103/,full_sequence=H6_M2_2000_20260628_V1/release_date=2019-01-03/source_run=role5-h6-full-1007-20190103-a1/release.html,HTML,223655,e5378342b4f6a794d60da0decd2ee8d5671531cb3fcc766ea066b1e12722eb56,200,SUCCESS,2026-07-13T09:15:45.476158Z,full_sequence=H6_M2_2000_20260628_V1/release_date=2019-01-03/source_run=role5-h6-full-1007-20190103-a1/safe_headers.txt,19fa7dcb0798b464635b248f09a61e45b013a1b80ec7d03047c189270c3a276d,H6_TABLE1_MONTHLY_SA_M2_FULL_V1,true,FULL_NETWORK_ATTEMPT
role5-h6-full-1008-20190110-a1-body,role5-h6-full-1008-20190110-a1,20190110,https://www.federalreserve.gov/releases/h6/20190110/,full_sequence=H6_M2_2000_20260628_V1/release_date=2019-01-10/source_run=role5-h6-full-1008-20190110-a1/release.html,HTML,198045,83bba85e9a2ed01fd81598066fa4fd61cd77add83a46dd68817fc621700a6aa6,200,SUCCESS,2026-07-13T09:15:46.391181Z,full_sequence=H6_M2_2000_20260628_V1/release_date=2019-01-10/source_run=role5-h6-full-1008-20190110-a1/safe_headers.txt,97cda4bbaa7fe0e3bac2eeccb8e7ea51302318d2712a588196e44a0ba26154f4,H6_TABLE1_MONTHLY_SA_M2_FULL_V1,true,FULL_NETWORK_ATTEMPT
role5-h6-full-1009-20190117-a1-body,role5-h6-full-1009-20190117-a1,20190117,https://www.federalreserve.gov/releases/h6/20190117/,full_sequence=H6_M2_2000_20260628_V1/release_date=2019-01-17/source_run=role5-h6-full-1009-20190117-a1/release.html,HTML,199022,fec083d052e7fd4a6dd01e3411ca48ab2ab5b2526981c329bd1df16ed252fe9c,200,SUCCESS,2026-07-13T09:15:47.360612Z,full_sequence=H6_M2_2000_20260628_V1/release_date=2019-01-17/source_run=role5-h6-full-1009-20190117-a1/safe_headers.txt,3fafd5728a0c287d96c7c8fefae2cdfdbce55b82436f2036c603cf98552bc544,H6_TABLE1_MONTHLY_SA_M2_FULL_V1,true,FULL_NETWORK_ATTEMPT
role5-h6-full-1010-20190124-a1-body,role5-h6-full-1010-20190124-a1,20190124,https://www.federalreserve.gov/releases/h6/20190124/,full_sequence=H6_M2_2000_20260628_V1/release_date=2019-01-24/source_run=role5-h6-full-1010-20190124-a1/release.html,HTML,198387,aaa4d8202878453c1dd09ed656e417a61d45553ca741787e8e74421ae5cc6a09,200,SUCCESS,2026-07-13T09:15:50.493457Z,full_sequence=H6_M2_2000_20260628_V1/release_date=2019-01-24/source_run=role5-h6-full-1010-20190124-a1/safe_headers.txt,2c762647465e908e0fe83a9c4c4c5c4bda3fceb83e87231044f4fd1a2fdbc39c,H6_TABLE1_MONTHLY_SA_M2_FULL_V1,true,FULL_NETWORK_ATTEMPT
role5-h6-full-1011-20190131-a1-body,role5-h6-full-1011-20190131-a1,20190131,https://www.federalreserve.gov/releases/h6/20190131/,full_sequence=H6_M2_2000_20260628_V1/release_date=2019-01-31/source_run=role5-h6-full-1011-20190131-a1/release.html,HTML,198495,9628e3e3d25e931dd9d92020a8eb40c37576c7b229843b4cf1a81a6cec7b5288,200,SUCCESS,2026-07-13T09:15:51.059968Z,full_sequence=H6_M2_2000_20260628_V1/release_date=2019-01-31/source_run=role5-h6-full-1011-20190131-a1/safe_headers.txt,5f1f4b626b76a2b37d304341bface797818bbd7f6d708de3d9e54281876fe70c,H6_TABLE1_MONTHLY_SA_M2_FULL_V1,true,FULL_NETWORK_ATTEMPT
role5-h6-full-1012-20190207-a1-body,role5-h6-full-1012-20190207-a1,20190207,https://www.federalreserve.gov/releases/h6/20190207/,full_sequence=H6_M2_2000_20260628_V1/release_date=2019-02-07/source_run=role5-h6-full-1012-20190207-a1/release.html,HTML,313229,6c54ec819c26c6a12ed6acdad122b3c9ff10963dd8d157881303fb9b68bd1ee2,200,SUCCESS,2026-07-13T09:15:51.911746Z,full_sequence=H6_M2_2000_20260628_V1/release_date=2019-02-07/source_run=role5-h6-full-1012-20190207-a1/safe_headers.txt,b4913d8b8dfec870823dc08e681973893f612fb64bf4465a753f0a5674c8760a,H6_TABLE1_MONTHLY_SA_M2_FULL_V1,true,FULL_NETWORK_ATTEMPT
role5-h6-full-1013-20190214-a1-body,role5-h6-full-1013-20190214-a1,20190214,https://www.federalreserve.gov/releases/h6/20190214/,full_sequence=H6_M2_2000_20260628_V1/release_date=2019-02-14/source_run=role5-h6-full-1013-20190214-a1/release.html,HTML,198708,37e3a547430aa9df2f957be1123d31f0ae09eb04c95a71717f36f9a415ed18ab,200,SUCCESS,2026-07-13T09:15:52.885236Z,full_sequence=H6_M2_2000_20260628_V1/release_date=2019-02-14/source_run=role5-h6-full-1013-20190214-a1/safe_headers.txt,37cf30bb1022acfe9970b2b60303b7436654b803f1cbc5d031fb710e919dd503,H6_TABLE1_MONTHLY_SA_M2_FULL_V1,true,FULL_NETWORK_ATTEMPT
role5-h6-full-1014-20190221-a1-body,role5-h6-full-1014-20190221-a1,20190221,https://www.federalreserve.gov/releases/h6/20190221/,full_sequence=H6_M2_2000_20260628_V1/release_date=2019-02-21/source_run=role5-h6-full-1014-20190221-a1/release.html,HTML,198720,bfad6a176c32851f02d0623d4012937adf327021f34dd8fffb833582baa5a1ae,200,SUCCESS,2026-07-13T09:15:53.975918Z,full_sequence=H6_M2_2000_20260628_V1/release_date=2019-02-21/source_run=role5-h6-full-1014-20190221-a1/safe_headers.txt,a8dd03a74643af817b4e1d732fca3183c1b7feecd3dbeee5a83b1db277fe0c8d,H6_TABLE1_MONTHLY_SA_M2_FULL_V1,true,FULL_NETWORK_ATTEMPT
role5-h6-full-1015-20190228-a1-body,role5-h6-full-1015-20190228-a1,20190228,https://www.federalreserve.gov/releases/h6/20190228/,full_sequence=H6_M2_2000_20260628_V1/release_date=2019-02-28/source_run=role5-h6-full-1015-20190228-a1/release.html,HTML,198728,dfab0360d399cf531e19e1fa182902e2c71816796e2d39d88adaa50594acd729,200,SUCCESS,2026-07-13T09:15:54.931180Z,full_sequence=H6_M2_2000_20260628_V1/release_date=2019-02-28/source_run=role5-h6-full-1015-20190228-a1/safe_headers.txt,6be26a2a89e9aa91001b01156e3b6fb40f777471f50bc07a418c16b0bf1480e9,H6_TABLE1_MONTHLY_SA_M2_FULL_V1,true,FULL_NETWORK_ATTEMPT
role5-h6-full-1016-20190307-a1-body,role5-h6-full-1016-20190307-a1,20190307,https://www.federalreserve.gov/releases/h6/20190307/,full_sequence=H6_M2_2000_20260628_V1/release_date=2019-03-07/source_run=role5-h6-full-1016-20190307-a1/release.html,HTML,198726,89ca55ae90b7a943f4e0cc4613005bcbdf020d5c9b51bc9fb5a8c3ab0c4c2c53,200,SUCCESS,2026-07-13T09:15:56.016492Z,full_sequence=H6_M2_2000_20260628_V1/release_date=2019-03-07/source_run=role5-h6-full-1016-20190307-a1/safe_headers.txt,c7ffec648c7e2c3def66f8cc1a69291fb206859d1ee09ef2a4a5576b169a4355,H6_TABLE1_MONTHLY_SA_M2_FULL_V1,true,FULL_NETWORK_ATTEMPT
role5-h6-full-1017-20190314-a1-body,role5-h6-full-1017-20190314-a1,20190314,https://www.federalreserve.gov/releases/h6/20190314/,full_sequence=H6_M2_2000_20260628_V1/release_date=2019-03-14/source_run=role5-h6-full-1017-20190314-a1/release.html,HTML,198682,d3e336d8830aa8d0a1f82e60baa6a35f87ad3774acbd2733ef3da9a100fb3603,200,SUCCESS,2026-07-13T09:15:56.973740Z,full_sequence=H6_M2_2000_20260628_V1/release_date=2019-03-14/source_run=role5-h6-full-1017-20190314-a1/safe_headers.txt,f3d5bdacd9aa02f0b20b79f56fea62a69509536270c4c6d22cd69b3ed41bd248,H6_TABLE1_MONTHLY_SA_M2_FULL_V1,true,FULL_NETWORK_ATTEMPT
role5-h6-full-1018-20190321-a1-body,role5-h6-full-1018-20190321-a1,20190321,https://www.federalreserve.gov/releases/h6/20190321/,full_sequence=H6_M2_2000_20260628_V1/release_date=2019-03-21/source_run=role5-h6-full-1018-20190321-a1/release.html,HTML,198591,00627c9c6a91236cf2475f6761175df728661c659ac17f38401b578da0f5dade,200,SUCCESS,2026-07-13T09:15:57.944267Z,full_sequence=H6_M2_2000_20260628_V1/release_date=2019-03-21/source_run=role5-h6-full-1018-20190321-a1/safe_headers.txt,0164ba93f17c262fc845d788b1873d1ebb88862e68532f353b1ed6f12815d5f6,H6_TABLE1_MONTHLY_SA_M2_FULL_V1,true,FULL_NETWORK_ATTEMPT
role5-h6-full-1019-20190328-a1-body,role5-h6-full-1019-20190328-a1,20190328,https://www.federalreserve.gov/releases/h6/20190328/,full_sequence=H6_M2_2000_20260628_V1/release_date=2019-03-28/source_run=role5-h6-full-1019-20190328-a1/release.html,HTML,198491,7b643a92f5122cd40c48f694269083a44cf104874dcfc877247ce3ae1bca83c2,200,SUCCESS,2026-07-13T09:15:58.941585Z,full_sequence=H6_M2_2000_20260628_V1/release_date=2019-03-28/source_run=role5-h6-full-1019-20190328-a1/safe_headers.txt,79cccd0a18db45d34344abff1823c5aaa175390b3ea290e09d90bcaad0309b5b,H6_TABLE1_MONTHLY_SA_M2_FULL_V1,true,FULL_NETWORK_ATTEMPT
role5-h6-full-1020-20190404-a1-body,role5-h6-full-1020-20190404-a1,20190404,https://www.federalreserve.gov/releases/h6/20190404/,full_sequence=H6_M2_2000_20260628_V1/release_date=2019-04-04/source_run=role5-h6-full-1020-20190404-a1/release.html,HTML,198390,9d719518ea05d59fdcc446024f8bcc36e66350be00e9102b90032f352eb817ad,200,SUCCESS,2026-07-13T09:15:59.917481Z,full_sequence=H6_M2_2000_20260628_V1/release_date=2019-04-04/source_run=role5-h6-full-1020-20190404-a1/safe_headers.txt,45c67512ca62ccf94525a9912b75c5e2b78a813a3fb6b518e8eec0d3ae31e156,H6_TABLE1_MONTHLY_SA_M2_FULL_V1,true,FULL_NETWORK_ATTEMPT
role5-h6-full-1021-20190411-a1-body,role5-h6-full-1021-20190411-a1,20190411,https://www.federalreserve.gov/releases/h6/20190411/,full_sequence=H6_M2_2000_20260628_V1/release_date=2019-04-11/source_run=role5-h6-full-1021-20190411-a1/release.html,HTML,198347,21a431229fcf2c1f3718675c19b7aff2c4f9b6628f1760d41b44dac734443c00,200,SUCCESS,2026-07-13T09:16:00.958845Z,full_sequence=H6_M2_2000_20260628_V1/release_date=2019-04-11/source_run=role5-h6-full-1021-20190411-a1/safe_headers.txt,bcf328f479a70c9b8fbde1deeb09974f6d5b4385de340d206873742822e83a68,H6_TABLE1_MONTHLY_SA_M2_FULL_V1,true,FULL_NETWORK_ATTEMPT
role5-h6-full-1022-20190418-a1-body,role5-h6-full-1022-20190418-a1,20190418,https://www.federalreserve.gov/releases/h6/20190418/,full_sequence=H6_M2_2000_20260628_V1/release_date=2019-04-18/source_run=role5-h6-full-1022-20190418-a1/release.html,HTML,198418,1826a284d858ec30473b94e918ae1cd100e25360d0e5074ffa3c765dee6fbedb,200,SUCCESS,2026-07-13T09:16:06.288538Z,full_sequence=H6_M2_2000_20260628_V1/release_date=2019-04-18/source_run=role5-h6-full-1022-20190418-a1/safe_headers.txt,c63556b53ff4d030ec9b585193b854c594c16ac8fb0863a9c8d2b0290f0f3bdf,H6_TABLE1_MONTHLY_SA_M2_FULL_V1,true,FULL_NETWORK_ATTEMPT
role5-h6-full-1023-20190425-a1-body,role5-h6-full-1023-20190425-a1,20190425,https://www.federalreserve.gov/releases/h6/20190425/,full_sequence=H6_M2_2000_20260628_V1/release_date=2019-04-25/source_run=role5-h6-full-1023-20190425-a1/release.html,HTML,198522,044a6c69d244ac74a7e4d2b29870a77d714d1f5e110ad33c1e76051096adff5a,200,SUCCESS,2026-07-13T09:16:06.671896Z,full_sequence=H6_M2_2000_20260628_V1/release_date=2019-04-25/source_run=role5-h6-full-1023-20190425-a1/safe_headers.txt,ebaa628fc6815a49b256f634b6ad8c894285e965b938ea959673728b53f948c4,H6_TABLE1_MONTHLY_SA_M2_FULL_V1,true,FULL_NETWORK_ATTEMPT
role5-h6-full-1024-20190502-a1-body,role5-h6-full-1024-20190502-a1,20190502,https://www.federalreserve.gov/releases/h6/20190502/,full_sequence=H6_M2_2000_20260628_V1/release_date=2019-05-02/source_run=role5-h6-full-1024-20190502-a1/release.html,HTML,198615,12bdcb7c7639d214bc1fe0b09df8f13bd5c1cafa22ea356bb2430122c751ba30,200,SUCCESS,2026-07-13T09:16:07.795911Z,full_sequence=H6_M2_2000_20260628_V1/release_date=2019-05-02/source_run=role5-h6-full-1024-20190502-a1/safe_headers.txt,94261aab191d72df71b75ff534eebab0650f80d336293f27d9b718094811ca60,H6_TABLE1_MONTHLY_SA_M2_FULL_V1,true,FULL_NETWORK_ATTEMPT
role5-h6-full-1025-20190509-a1-body,role5-h6-full-1025-20190509-a1,20190509,https://www.federalreserve.gov/releases/h6/20190509/,full_sequence=H6_M2_2000_20260628_V1/release_date=2019-05-09/source_run=role5-h6-full-1025-20190509-a1/release.html,HTML,198715,2c56c7f769c2d5750305e2506bcf0d2f4f6d5ce5f6d866b49111767d38caf662,200,SUCCESS,2026-07-13T09:16:12.676266Z,full_sequence=H6_M2_2000_20260628_V1/release_date=2019-05-09/source_run=role5-h6-full-1025-20190509-a1/safe_headers.txt,46e90dc69e9e4b14d45b07a0a042e8d3808d3485b82e4e4dac47dc96383d2160,H6_TABLE1_MONTHLY_SA_M2_FULL_V1,true,FULL_NETWORK_ATTEMPT
role5-h6-full-1026-20190516-a1-body,role5-h6-full-1026-20190516-a1,20190516,https://www.federalreserve.gov/releases/h6/20190516/,full_sequence=H6_M2_2000_20260628_V1/release_date=2019-05-16/source_run=role5-h6-full-1026-20190516-a1/release.html,HTML,199322,46b12a0dce035906bc1859e5b2f1abda7f400cc81b2d97baf355b123e49f302a,200,SUCCESS,2026-07-13T09:16:13.043082Z,full_sequence=H6_M2_2000_20260628_V1/release_date=2019-05-16/source_run=role5-h6-full-1026-20190516-a1/safe_headers.txt,5ddffb7d90dedd18be64ac9ca41f319093f81ac0902474a10323a7c43972bae7,H6_TABLE1_MONTHLY_SA_M2_FULL_V1,true,FULL_NETWORK_ATTEMPT
role5-h6-full-1027-20190523-a1-body,role5-h6-full-1027-20190523-a1,20190523,https://www.federalreserve.gov/releases/h6/20190523/,full_sequence=H6_M2_2000_20260628_V1/release_date=2019-05-23/source_run=role5-h6-full-1027-20190523-a1/release.html,HTML,199320,3b03cdbfbd43d106afc9b3463695de2eb358fec4630a3b1519881d8fa8e50a3a,200,SUCCESS,2026-07-13T09:16:14.099095Z,full_sequence=H6_M2_2000_20260628_V1/release_date=2019-05-23/source_run=role5-h6-full-1027-20190523-a1/safe_headers.txt,f91ebfbddadfff0f4e4f6a63dc4fdd79ec57e8be51ffce4aa88660d183c5c0a3,H6_TABLE1_MONTHLY_SA_M2_FULL_V1,true,FULL_NETWORK_ATTEMPT
role5-h6-full-1028-20190530-a1-body,role5-h6-full-1028-20190530-a1,20190530,https://www.federalreserve.gov/releases/h6/20190530/,full_sequence=H6_M2_2000_20260628_V1/release_date=2019-05-30/source_run=role5-h6-full-1028-20190530-a1/release.html,HTML,199314,4f43e05641667bd5e8f5ef8ece814edceea704ae8d7d59c79db3e280b7fbbc9f,200,SUCCESS,2026-07-13T09:16:15.169106Z,full_sequence=H6_M2_2000_20260628_V1/release_date=2019-05-30/source_run=role5-h6-full-1028-20190530-a1/safe_headers.txt,fd93cabcc0867ceb7d27d81bb7b8ce96a1585fdbc05330a54fa3f13acb8d110b,H6_TABLE1_MONTHLY_SA_M2_FULL_V1,true,FULL_NETWORK_ATTEMPT
role5-h6-full-1029-20190606-a1-body,role5-h6-full-1029-20190606-a1,20190606,https://www.federalreserve.gov/releases/h6/20190606/,full_sequence=H6_M2_2000_20260628_V1/release_date=2019-06-06/source_run=role5-h6-full-1029-20190606-a1/release.html,HTML,199310,cd3acc3a578f475a26289bcdcad2d8ec4a13bc573e16a9b7b61d6c0245ce6cec,200,SUCCESS,2026-07-13T09:16:16.085628Z,full_sequence=H6_M2_2000_20260628_V1/release_date=2019-06-06/source_run=role5-h6-full-1029-20190606-a1/safe_headers.txt,170e12995a1de77857f5329f73a1e0e7a1b735f96b4e5a8022c1e80d213a18ee,H6_TABLE1_MONTHLY_SA_M2_FULL_V1,true,FULL_NETWORK_ATTEMPT
role5-h6-full-1030-20190613-a1-body,role5-h6-full-1030-20190613-a1,20190613,https://www.federalreserve.gov/releases/h6/20190613/,full_sequence=H6_M2_2000_20260628_V1/release_date=2019-06-13/source_run=role5-h6-full-1030-20190613-a1/release.html,HTML,199163,267369760baacbc821fc989b2c0b6bd12648a601678316f2945f5e924b7cb065,200,SUCCESS,2026-07-13T09:16:17.198456Z,full_sequence=H6_M2_2000_20260628_V1/release_date=2019-06-13/source_run=role5-h6-full-1030-20190613-a1/safe_headers.txt,bf1605c7ba43824efa09028d52882d139595fd78429a8ca7319611faad541621,H6_TABLE1_MONTHLY_SA_M2_FULL_V1,true,FULL_NETWORK_ATTEMPT
role5-h6-full-1031-20190620-a1-body,role5-h6-full-1031-20190620-a1,20190620,https://www.federalreserve.gov/releases/h6/20190620/,full_sequence=H6_M2_2000_20260628_V1/release_date=2019-06-20/source_run=role5-h6-full-1031-20190620-a1/release.html,HTML,199072,1a0a741a9bd15bb67abf69c7ed6852ee30594abb7c23b608289fac065dce091a,200,SUCCESS,2026-07-13T09:16:18.140315Z,full_sequence=H6_M2_2000_20260628_V1/release_date=2019-06-20/source_run=role5-h6-full-1031-20190620-a1/safe_headers.txt,310256e9dbd9c76f6a8c2d174c1fe22cdedf1d819e457e04f55e19cdc0a9b999,H6_TABLE1_MONTHLY_SA_M2_FULL_V1,true,FULL_NETWORK_ATTEMPT
role5-h6-full-1032-20190627-a1-body,role5-h6-full-1032-20190627-a1,20190627,https://www.federalreserve.gov/releases/h6/20190627/,full_sequence=H6_M2_2000_20260628_V1/release_date=2019-06-27/source_run=role5-h6-full-1032-20190627-a1/release.html,HTML,198972,03db4bdf8cef9a73057623bdf64937c5b4521c0a5b7bdfbbe2aea390f58fbc22,200,SUCCESS,2026-07-13T09:16:19.107918Z,full_sequence=H6_M2_2000_20260628_V1/release_date=2019-06-27/source_run=role5-h6-full-1032-20190627-a1/safe_headers.txt,8c52917a831e00a8ac067346b6f5d8e3df426efba40a7c90c3e9a0462120798a,H6_TABLE1_MONTHLY_SA_M2_FULL_V1,true,FULL_NETWORK_ATTEMPT
role5-h6-full-1033-20190705-a1-body,role5-h6-full-1033-20190705-a1,20190705,https://www.federalreserve.gov/releases/h6/20190705/,full_sequence=H6_M2_2000_20260628_V1/release_date=2019-07-05/source_run=role5-h6-full-1033-20190705-a1/release.html,HTML,198871,bb323bacc8cd046cd17379c9feae9a40011b31f5cba2342a34a8017143a2973a,200,SUCCESS,2026-07-13T09:16:20.234337Z,full_sequence=H6_M2_2000_20260628_V1/release_date=2019-07-05/source_run=role5-h6-full-1033-20190705-a1/safe_headers.txt,df043fc5da41e7ff09b533d5c903829aab78174f6844fbe6ba68c8c29bf9765f,H6_TABLE1_MONTHLY_SA_M2_FULL_V1,true,FULL_NETWORK_ATTEMPT
role5-h6-full-1034-20190711-a1-body,role5-h6-full-1034-20190711-a1,20190711,https://www.federalreserve.gov/releases/h6/20190711/,full_sequence=H6_M2_2000_20260628_V1/release_date=2019-07-11/source_run=role5-h6-full-1034-20190711-a1/release.html,HTML,198813,7879b1245becf645cf3fe092b54465331207ca36c64ed20a6f8a9ec68283206a,200,SUCCESS,2026-07-13T09:16:21.140961Z,full_sequence=H6_M2_2000_20260628_V1/release_date=2019-07-11/source_run=role5-h6-full-1034-20190711-a1/safe_headers.txt,363a1535f200c9d06fd9c939852d3c53cb53d3f70f16c538a2a8eca64a6e54da,H6_TABLE1_MONTHLY_SA_M2_FULL_V1,true,FULL_NETWORK_ATTEMPT
role5-h6-full-1035-20190718-a1-body,role5-h6-full-1035-20190718-a1,20190718,https://www.federalreserve.gov/releases/h6/20190718/,full_sequence=H6_M2_2000_20260628_V1/release_date=2019-07-18/source_run=role5-h6-full-1035-20190718-a1/release.html,HTML,198889,6d024ed13d0036780d396ab735f0f4d6e4a43a0ab96d1cddb1231be1aebb9ff4,200,SUCCESS,2026-07-13T09:16:22.203511Z,full_sequence=H6_M2_2000_20260628_V1/release_date=2019-07-18/source_run=role5-h6-full-1035-20190718-a1/safe_headers.txt,99c821659f569059276bdcbf1630f34d29dbff3cc25d9e6508842fd0910ca445,H6_TABLE1_MONTHLY_SA_M2_FULL_V1,true,FULL_NETWORK_ATTEMPT
role5-h6-full-1036-20190725-a1-body,role5-h6-full-1036-20190725-a1,20190725,https://www.federalreserve.gov/releases/h6/20190725/,full_sequence=H6_M2_2000_20260628_V1/release_date=2019-07-25/source_run=role5-h6-full-1036-20190725-a1/release.html,HTML,198998,274b5f2791715470bab37bd0e0fbac6f9e526d938b23a18834033ce0e6181460,200,SUCCESS,2026-07-13T09:16:23.184432Z,full_sequence=H6_M2_2000_20260628_V1/release_date=2019-07-25/source_run=role5-h6-full-1036-20190725-a1/safe_headers.txt,c07b2aaa0e5178d21389fb14ed99a9e944fe7731da2e812c763f64f8b08f65a7,H6_TABLE1_MONTHLY_SA_M2_FULL_V1,true,FULL_NETWORK_ATTEMPT
role5-h6-full-1037-20190801-a1-body,role5-h6-full-1037-20190801-a1,20190801,https://www.federalreserve.gov/releases/h6/20190801/,full_sequence=H6_M2_2000_20260628_V1/release_date=2019-08-01/source_run=role5-h6-full-1037-20190801-a1/release.html,HTML,199108,15713a263b3c095d267ace69aff3db7ad6fe2d5a24fbfe1fd187c238cf121e3a,200,SUCCESS,2026-07-13T09:16:24.162413Z,full_sequence=H6_M2_2000_20260628_V1/release_date=2019-08-01/source_run=role5-h6-full-1037-20190801-a1/safe_headers.txt,15294db8e2856cb77c3e4df1425189bec235f1e09310f50339f0fe6fc3a95aa5,H6_TABLE1_MONTHLY_SA_M2_FULL_V1,true,FULL_NETWORK_ATTEMPT
role5-h6-full-1038-20190808-a1-body,role5-h6-full-1038-20190808-a1,20190808,https://www.federalreserve.gov/releases/h6/20190808/,full_sequence=H6_M2_2000_20260628_V1/release_date=2019-08-08/source_run=role5-h6-full-1038-20190808-a1/release.html,HTML,199213,7fe903cd9ba7a761e48b464fb1869783a5ccbc946cdec9e734ae0bd9b8126e86,200,SUCCESS,2026-07-13T09:16:25.278437Z,full_sequence=H6_M2_2000_20260628_V1/release_date=2019-08-08/source_run=role5-h6-full-1038-20190808-a1/safe_headers.txt,ff475dc9844f7195e835292e992fc03dd0a0da92ba6c7dbb11550e11f2bc1344,H6_TABLE1_MONTHLY_SA_M2_FULL_V1,true,FULL_NETWORK_ATTEMPT
role5-h6-full-1039-20190815-a1-body,role5-h6-full-1039-20190815-a1,20190815,https://www.federalreserve.gov/releases/h6/20190815/,full_sequence=H6_M2_2000_20260628_V1/release_date=2019-08-15/source_run=role5-h6-full-1039-20190815-a1/release.html,HTML,199355,18882904bbafaef80b579f9fc7160158f776fea4c58c840fc83399c66d543a78,200,SUCCESS,2026-07-13T09:16:26.248497Z,full_sequence=H6_M2_2000_20260628_V1/release_date=2019-08-15/source_run=role5-h6-full-1039-20190815-a1/safe_headers.txt,a8a23d075324a954182f4b6945ce05e16fe348e7286ea048c564a0e5ee435d17,H6_TABLE1_MONTHLY_SA_M2_FULL_V1,true,FULL_NETWORK_ATTEMPT
role5-h6-full-1040-20190822-a1-body,role5-h6-full-1040-20190822-a1,20190822,https://www.federalreserve.gov/releases/h6/20190822/,full_sequence=H6_M2_2000_20260628_V1/release_date=2019-08-22/source_run=role5-h6-full-1040-20190822-a1/release.html,HTML,199360,3171db4b81557e1d272534667f08e0206d588e93dcf3d1cb776747530aae8696,200,SUCCESS,2026-07-13T09:16:27.178928Z,full_sequence=H6_M2_2000_20260628_V1/release_date=2019-08-22/source_run=role5-h6-full-1040-20190822-a1/safe_headers.txt,de146012988a09e94a7fdf6bf11653c0d09306b01377d19176afa79e29664154,H6_TABLE1_MONTHLY_SA_M2_FULL_V1,true,FULL_NETWORK_ATTEMPT
role5-h6-full-1041-20190829-a1-body,role5-h6-full-1041-20190829-a1,20190829,https://www.federalreserve.gov/releases/h6/20190829/,full_sequence=H6_M2_2000_20260628_V1/release_date=2019-08-29/source_run=role5-h6-full-1041-20190829-a1/release.html,HTML,199362,e68f922b2a04fca803af0e8c443029ba8c84aff7ecc779d09d2efe175339af6d,200,SUCCESS,2026-07-13T09:16:28.177222Z,full_sequence=H6_M2_2000_20260628_V1/release_date=2019-08-29/source_run=role5-h6-full-1041-20190829-a1/safe_headers.txt,d57e29343f39934a99896e31b3df9a6cc9519d14793b9605897706d1e4c499ba,H6_TABLE1_MONTHLY_SA_M2_FULL_V1,true,FULL_NETWORK_ATTEMPT
role5-h6-full-1042-20190905-a1-body,role5-h6-full-1042-20190905-a1,20190905,https://www.federalreserve.gov/releases/h6/20190905/,full_sequence=H6_M2_2000_20260628_V1/release_date=2019-09-05/source_run=role5-h6-full-1042-20190905-a1/release.html,HTML,199370,6624b7c76aebbec9df4c2e231858e936ba693ea662e349b8bf2f48fb8b929ab2,200,SUCCESS,2026-07-13T09:16:29.202657Z,full_sequence=H6_M2_2000_20260628_V1/release_date=2019-09-05/source_run=role5-h6-full-1042-20190905-a1/safe_headers.txt,c3a3d9c2cbfd747d8f99a24bfeb76465848f3b021af13882fb797fbbbc97c440,H6_TABLE1_MONTHLY_SA_M2_FULL_V1,true,FULL_NETWORK_ATTEMPT
role5-h6-full-1043-20190912-a1-body,role5-h6-full-1043-20190912-a1,20190912,https://www.federalreserve.gov/releases/h6/20190912/,full_sequence=H6_M2_2000_20260628_V1/release_date=2019-09-12/source_run=role5-h6-full-1043-20190912-a1/release.html,HTML,199241,a8b66cd5351308cf0d48f28545f3fdc63bec4fe7a09bff077335ad59ab79df0b,200,SUCCESS,2026-07-13T09:16:30.252533Z,full_sequence=H6_M2_2000_20260628_V1/release_date=2019-09-12/source_run=role5-h6-full-1043-20190912-a1/safe_headers.txt,b000dbc84feb78b1b80577127990af50d3375d7beb15c9223fa26ab19e83ee47,H6_TABLE1_MONTHLY_SA_M2_FULL_V1,true,FULL_NETWORK_ATTEMPT
role5-h6-full-1044-20190919-a1-body,role5-h6-full-1044-20190919-a1,20190919,https://www.federalreserve.gov/releases/h6/20190919/,full_sequence=H6_M2_2000_20260628_V1/release_date=2019-09-19/source_run=role5-h6-full-1044-20190919-a1/release.html,HTML,196932,a3528077e9c5a7dab0c26ff9d2100943c664b2af1b26fa3e44796cadfae073ab,200,SUCCESS,2026-07-13T09:16:31.199048Z,full_sequence=H6_M2_2000_20260628_V1/release_date=2019-09-19/source_run=role5-h6-full-1044-20190919-a1/safe_headers.txt,6d11e4167dacc72834964df34a52de18045c14cbe71fde27f93876931caade29,H6_TABLE1_MONTHLY_SA_M2_FULL_V1,true,FULL_NETWORK_ATTEMPT
role5-h6-full-1045-20190926-a1-body,role5-h6-full-1045-20190926-a1,20190926,https://www.federalreserve.gov/releases/h6/20190926/,full_sequence=H6_M2_2000_20260628_V1/release_date=2019-09-26/source_run=role5-h6-full-1045-20190926-a1/release.html,HTML,196839,759ec7664da105030c129542db2138c1bfe62829ce6045d85a24066d126941bb,200,SUCCESS,2026-07-13T09:16:32.227149Z,full_sequence=H6_M2_2000_20260628_V1/release_date=2019-09-26/source_run=role5-h6-full-1045-20190926-a1/safe_headers.txt,a516dc15c2932476045508fc32b6fd915976615e448b7380ea935bff2ead442b,H6_TABLE1_MONTHLY_SA_M2_FULL_V1,true,FULL_NETWORK_ATTEMPT
role5-h6-full-1046-20191003-a1-body,role5-h6-full-1046-20191003-a1,20191003,https://www.federalreserve.gov/releases/h6/20191003/,full_sequence=H6_M2_2000_20260628_V1/release_date=2019-10-03/source_run=role5-h6-full-1046-20191003-a1/release.html,HTML,196738,fdb939e7a4f97b38099d3d71eb84e9b01e7f10c4b656c71787f3526f5905ceed,200,SUCCESS,2026-07-13T09:16:33.203177Z,full_sequence=H6_M2_2000_20260628_V1/release_date=2019-10-03/source_run=role5-h6-full-1046-20191003-a1/safe_headers.txt,e6eb86f8cebfc8f4a3a8d775737a05c507a93a4cbd1af23f94a0f8be8c59f018,H6_TABLE1_MONTHLY_SA_M2_FULL_V1,true,FULL_NETWORK_ATTEMPT
role5-h6-full-1047-20191010-a1-body,role5-h6-full-1047-20191010-a1,20191010,https://www.federalreserve.gov/releases/h6/20191010/,full_sequence=H6_M2_2000_20260628_V1/release_date=2019-10-10/source_run=role5-h6-full-1047-20191010-a1/release.html,HTML,196597,58c192be2600bc75ecec42033b50fe3d0da38b32621b244bc485fdba1530c46b,200,SUCCESS,2026-07-13T09:16:34.255560Z,full_sequence=H6_M2_2000_20260628_V1/release_date=2019-10-10/source_run=role5-h6-full-1047-20191010-a1/safe_headers.txt,9c647bb77632104f9a220e0ee6c86df52c913698106ff687a873927696060f0a,H6_TABLE1_MONTHLY_SA_M2_FULL_V1,true,FULL_NETWORK_ATTEMPT
role5-h6-full-1048-20191017-a1-body,role5-h6-full-1048-20191017-a1,20191017,https://www.federalreserve.gov/releases/h6/20191017/,full_sequence=H6_M2_2000_20260628_V1/release_date=2019-10-17/source_run=role5-h6-full-1048-20191017-a1/release.html,HTML,196646,61d4370b6256f611c23b334f37585d2a05b12f81875ff365a2196614a9c3f184,200,SUCCESS,2026-07-13T09:16:35.235073Z,full_sequence=H6_M2_2000_20260628_V1/release_date=2019-10-17/source_run=role5-h6-full-1048-20191017-a1/safe_headers.txt,d958fcb6e9fde2d22442496ea3ac470b8423ba60743e823575e6e8eda7f43692,H6_TABLE1_MONTHLY_SA_M2_FULL_V1,true,FULL_NETWORK_ATTEMPT
role5-h6-full-1049-20191024-a1-body,role5-h6-full-1049-20191024-a1,20191024,https://www.federalreserve.gov/releases/h6/20191024/,full_sequence=H6_M2_2000_20260628_V1/release_date=2019-10-24/source_run=role5-h6-full-1049-20191024-a1/release.html,HTML,196750,adc5ef04515870f20ad995e3297ab11d85b8e792b45bb97739a90e0d799dc79a,200,SUCCESS,2026-07-13T09:16:36.244043Z,full_sequence=H6_M2_2000_20260628_V1/release_date=2019-10-24/source_run=role5-h6-full-1049-20191024-a1/safe_headers.txt,b09b78392e3d60818d98f2b82b3636fe9916a4a78fe01c1281062471456451a5,H6_TABLE1_MONTHLY_SA_M2_FULL_V1,true,FULL_NETWORK_ATTEMPT
role5-h6-full-1050-20191031-a1-body,role5-h6-full-1050-20191031-a1,20191031,https://www.federalreserve.gov/releases/h6/20191031/,full_sequence=H6_M2_2000_20260628_V1/release_date=2019-10-31/source_run=role5-h6-full-1050-20191031-a1/release.html,HTML,196850,30b5cb840c137760a1a2afcdd89f665d469da96f066a6c60f15626f8dd1d8a9d,200,SUCCESS,2026-07-13T09:16:37.259246Z,full_sequence=H6_M2_2000_20260628_V1/release_date=2019-10-31/source_run=role5-h6-full-1050-20191031-a1/safe_headers.txt,7702db6f6a74fb230d97b7a2300f3c29ce0bb5dc8751d6778263c0b1f9709c59,H6_TABLE1_MONTHLY_SA_M2_FULL_V1,true,FULL_NETWORK_ATTEMPT
role5-h6-full-1051-20191107-a1-body,role5-h6-full-1051-20191107-a1,20191107,https://www.federalreserve.gov/releases/h6/20191107/,full_sequence=H6_M2_2000_20260628_V1/release_date=2019-11-07/source_run=role5-h6-full-1051-20191107-a1/release.html,HTML,196952,2628b92ff082475f9ff44263aa612a7a0882234127595a3ee79cbce4928068e8,200,SUCCESS,2026-07-13T09:16:38.292119Z,full_sequence=H6_M2_2000_20260628_V1/release_date=2019-11-07/source_run=role5-h6-full-1051-20191107-a1/safe_headers.txt,b5710dd60b5cbaff06ba1b1870057f66463876b7af2ffd49616e7ea282388507,H6_TABLE1_MONTHLY_SA_M2_FULL_V1,true,FULL_NETWORK_ATTEMPT
role5-h6-full-1052-20191114-a1-body,role5-h6-full-1052-20191114-a1,20191114,https://www.federalreserve.gov/releases/h6/20191114/,full_sequence=H6_M2_2000_20260628_V1/release_date=2019-11-14/source_run=role5-h6-full-1052-20191114-a1/release.html,HTML,197092,47fd9dbca654b8ef1997281e511faa13b834defb9d6613a30d8065eab01925c5,200,SUCCESS,2026-07-13T09:16:39.266808Z,full_sequence=H6_M2_2000_20260628_V1/release_date=2019-11-14/source_run=role5-h6-full-1052-20191114-a1/safe_headers.txt,079b5910d416f810c9374afe08c744b2f39d4052267fe56a88a3a88a99743206,H6_TABLE1_MONTHLY_SA_M2_FULL_V1,true,FULL_NETWORK_ATTEMPT
role5-h6-full-1053-20191121-a1-body,role5-h6-full-1053-20191121-a1,20191121,https://www.federalreserve.gov/releases/h6/20191121/,full_sequence=H6_M2_2000_20260628_V1/release_date=2019-11-21/source_run=role5-h6-full-1053-20191121-a1/release.html,HTML,197098,7c76f590a7d6faf706d653c9e03ae296eace6ed10dc13c5395d39791e9debf02,200,SUCCESS,2026-07-13T09:16:42.340756Z,full_sequence=H6_M2_2000_20260628_V1/release_date=2019-11-21/source_run=role5-h6-full-1053-20191121-a1/safe_headers.txt,42d9c60b0f2cd2b551ce82662d7313626f391c97c14ae00427c7126d9a00f5ad,H6_TABLE1_MONTHLY_SA_M2_FULL_V1,true,FULL_NETWORK_ATTEMPT
role5-h6-full-1054-20191129-a1-body,role5-h6-full-1054-20191129-a1,20191129,https://www.federalreserve.gov/releases/h6/20191129/,full_sequence=H6_M2_2000_20260628_V1/release_date=2019-11-29/source_run=role5-h6-full-1054-20191129-a1/release.html,HTML,197095,251a106586fe8cc68c4846b0fab4db0df6896ae51fc41844456e3adaf6af8a27,200,SUCCESS,2026-07-13T09:16:42.729873Z,full_sequence=H6_M2_2000_20260628_V1/release_date=2019-11-29/source_run=role5-h6-full-1054-20191129-a1/safe_headers.txt,c53209f847a91e44d8a7bb87cebff50f6832dcd3bf34b12c5356b16f403763fd,H6_TABLE1_MONTHLY_SA_M2_FULL_V1,true,FULL_NETWORK_ATTEMPT
role5-h6-full-1055-20191205-a1-body,role5-h6-full-1055-20191205-a1,20191205,https://www.federalreserve.gov/releases/h6/20191205/,full_sequence=H6_M2_2000_20260628_V1/release_date=2019-12-05/source_run=role5-h6-full-1055-20191205-a1/release.html,HTML,197089,3f695a89c431c228b2299ce4164bf6742066877f466515b67a5995cc71db22db,200,SUCCESS,2026-07-13T09:16:44.920648Z,full_sequence=H6_M2_2000_20260628_V1/release_date=2019-12-05/source_run=role5-h6-full-1055-20191205-a1/safe_headers.txt,6bb63d62d3ea01a7be972d65129c4fe417ba4ae3cde4d59083f134ace3ac3f29,H6_TABLE1_MONTHLY_SA_M2_FULL_V1,true,FULL_NETWORK_ATTEMPT
role5-h6-full-1056-20191212-a1-body,role5-h6-full-1056-20191212-a1,20191212,https://www.federalreserve.gov/releases/h6/20191212/,full_sequence=H6_M2_2000_20260628_V1/release_date=2019-12-12/source_run=role5-h6-full-1056-20191212-a1/release.html,HTML,197044,3bfb05f9e7c5250fcc00a5f56883d106b835e32e173a5e570b33273d5c3839ae,200,SUCCESS,2026-07-13T09:16:45.293120Z,full_sequence=H6_M2_2000_20260628_V1/release_date=2019-12-12/source_run=role5-h6-full-1056-20191212-a1/safe_headers.txt,7dae0311c3349f4ca7a525aa936c97e2601390bdd279611c38ca9e560b935fab,H6_TABLE1_MONTHLY_SA_M2_FULL_V1,true,FULL_NETWORK_ATTEMPT
role5-h6-full-1057-20191219-a1-body,role5-h6-full-1057-20191219-a1,20191219,https://www.federalreserve.gov/releases/h6/20191219/,full_sequence=H6_M2_2000_20260628_V1/release_date=2019-12-19/source_run=role5-h6-full-1057-20191219-a1/release.html,HTML,189420,0a59024bd811c3206371487e75b2d99388b142d587e646a36f3f2f3888e9a53d,200,SUCCESS,2026-07-13T09:16:46.317249Z,full_sequence=H6_M2_2000_20260628_V1/release_date=2019-12-19/source_run=role5-h6-full-1057-20191219-a1/safe_headers.txt,3ea2410ceec61ebe42d839f25f39a77f1feb139e85aa5deeee9c60f677ba77ee,H6_TABLE1_MONTHLY_SA_M2_FULL_V1,true,FULL_NETWORK_ATTEMPT
role5-h6-full-1058-20191226-a1-body,role5-h6-full-1058-20191226-a1,20191226,https://www.federalreserve.gov/releases/h6/20191226/,full_sequence=H6_M2_2000_20260628_V1/release_date=2019-12-26/source_run=role5-h6-full-1058-20191226-a1/release.html,HTML,189324,2888071bb464a17de1d09a9a1b00a60118147852582a6c0c38aaa7f0893f20b7,200,SUCCESS,2026-07-13T09:16:47.322308Z,full_sequence=H6_M2_2000_20260628_V1/release_date=2019-12-26/source_run=role5-h6-full-1058-20191226-a1/safe_headers.txt,f5b26e53875a1e4aed160e5a73423ee54dccf825f7270e73cea786f00d26d3da,H6_TABLE1_MONTHLY_SA_M2_FULL_V1,true,FULL_NETWORK_ATTEMPT
role5-h6-full-1059-20200102-a1-body,role5-h6-full-1059-20200102-a1,20200102,https://www.federalreserve.gov/releases/h6/20200102/,full_sequence=H6_M2_2000_20260628_V1/release_date=2020-01-02/source_run=role5-h6-full-1059-20200102-a1/release.html,HTML,189221,344f02c2ca2659fa936cda63132dcf44d5ed08b1795a30234c6f4d03bc5b9521,200,SUCCESS,2026-07-13T09:16:48.450140Z,full_sequence=H6_M2_2000_20260628_V1/release_date=2020-01-02/source_run=role5-h6-full-1059-20200102-a1/safe_headers.txt,e405e5f9ac11e4bb176566968a9b95f460fad8670101721cecaacc8a8860c180,H6_TABLE1_MONTHLY_SA_M2_FULL_V1,true,FULL_NETWORK_ATTEMPT
role5-h6-full-1060-20200109-a1-body,role5-h6-full-1060-20200109-a1,20200109,https://www.federalreserve.gov/releases/h6/20200109/,full_sequence=H6_M2_2000_20260628_V1/release_date=2020-01-09/source_run=role5-h6-full-1060-20200109-a1/release.html,HTML,189141,636372faa59e9195f9e0229477ab6e1ad61b854f9c27b42befa4ff0ec29ce9e4,200,SUCCESS,2026-07-13T09:16:49.368758Z,full_sequence=H6_M2_2000_20260628_V1/release_date=2020-01-09/source_run=role5-h6-full-1060-20200109-a1/safe_headers.txt,bee05ab4f50cea899ca77d0650d1e1d917f58798f31d1809206250b68ed1eff1,H6_TABLE1_MONTHLY_SA_M2_FULL_V1,true,FULL_NETWORK_ATTEMPT
role5-h6-full-1061-20200116-a1-body,role5-h6-full-1061-20200116-a1,20200116,https://www.federalreserve.gov/releases/h6/20200116/,full_sequence=H6_M2_2000_20260628_V1/release_date=2020-01-16/source_run=role5-h6-full-1061-20200116-a1/release.html,HTML,189184,d8a5d9708e4808b0103539ac712548d876bb3d884d9beeacd4e29bda0f542f42,200,SUCCESS,2026-07-13T09:16:52.595874Z,full_sequence=H6_M2_2000_20260628_V1/release_date=2020-01-16/source_run=role5-h6-full-1061-20200116-a1/safe_headers.txt,ee5049d3408fbef14c080921eb3ae8a0194104ab975016eddca125e929204dce,H6_TABLE1_MONTHLY_SA_M2_FULL_V1,true,FULL_NETWORK_ATTEMPT
role5-h6-full-1062-20200123-a1-body,role5-h6-full-1062-20200123-a1,20200123,https://www.federalreserve.gov/releases/h6/20200123/,full_sequence=H6_M2_2000_20260628_V1/release_date=2020-01-23/source_run=role5-h6-full-1062-20200123-a1/release.html,HTML,295588,2412a6cf188df92250d226ee386c6dbff071ec2de6802e486f0a49e71d3bd6b0,200,SUCCESS,2026-07-13T09:16:52.999563Z,full_sequence=H6_M2_2000_20260628_V1/release_date=2020-01-23/source_run=role5-h6-full-1062-20200123-a1/safe_headers.txt,efecf661829da227900af4df93af8afb3ce504c89095d81e4ff6ff7016ee2257,H6_TABLE1_MONTHLY_SA_M2_FULL_V1,true,FULL_NETWORK_ATTEMPT
role5-h6-full-1063-20200130-a1-body,role5-h6-full-1063-20200130-a1,20200130,https://www.federalreserve.gov/releases/h6/20200130/,full_sequence=H6_M2_2000_20260628_V1/release_date=2020-01-30/source_run=role5-h6-full-1063-20200130-a1/release.html,HTML,189347,e389f6e7ac6879a3bb1ff60390c550024465b789160f44c9521b28e0f617b35f,200,SUCCESS,2026-07-13T09:16:54.005985Z,full_sequence=H6_M2_2000_20260628_V1/release_date=2020-01-30/source_run=role5-h6-full-1063-20200130-a1/safe_headers.txt,bdee42905660f5eeeecd94eac0edf3dda787c27150d5f81888f67da9b554e7e4,H6_TABLE1_MONTHLY_SA_M2_FULL_V1,true,FULL_NETWORK_ATTEMPT
role5-h6-full-1064-20200206-a1-body,role5-h6-full-1064-20200206-a1,20200206,https://www.federalreserve.gov/releases/h6/20200206/,full_sequence=H6_M2_2000_20260628_V1/release_date=2020-02-06/source_run=role5-h6-full-1064-20200206-a1/release.html,HTML,189451,4095de1378448c621803f3d033e66c06514dea70579838968ad35e274cb332ea,200,SUCCESS,2026-07-13T09:16:55.018136Z,full_sequence=H6_M2_2000_20260628_V1/release_date=2020-02-06/source_run=role5-h6-full-1064-20200206-a1/safe_headers.txt,5cd4cc9f2644e5becb3c597727e06c174ad2d7e705b9925da6980c6f45699903,H6_TABLE1_MONTHLY_SA_M2_FULL_V1,true,FULL_NETWORK_ATTEMPT
role5-h6-full-1065-20200213-a1-body,role5-h6-full-1065-20200213-a1,20200213,https://www.federalreserve.gov/releases/h6/20200213/,full_sequence=H6_M2_2000_20260628_V1/release_date=2020-02-13/source_run=role5-h6-full-1065-20200213-a1/release.html,HTML,245862,4ef13ba1bcfacccc20ce10009f626d4ed137fc4abe35c546b13f6d953c01f7ba,200,SUCCESS,2026-07-13T09:16:56.178949Z,full_sequence=H6_M2_2000_20260628_V1/release_date=2020-02-13/source_run=role5-h6-full-1065-20200213-a1/safe_headers.txt,916b202efba2bb95f167c6e57626806b5cd03c3dcefea69dfa642295fad2732a,H6_TABLE1_MONTHLY_SA_M2_FULL_V1,true,FULL_NETWORK_ATTEMPT
role5-h6-full-1066-20200220-a1-body,role5-h6-full-1066-20200220-a1,20200220,https://www.federalreserve.gov/releases/h6/20200220/,full_sequence=H6_M2_2000_20260628_V1/release_date=2020-02-20/source_run=role5-h6-full-1066-20200220-a1/release.html,HTML,245886,85fd854a1dca87498f875f9127aa5634d5e00792702a62fa19149d8136df0d5f,200,SUCCESS,2026-07-13T09:16:57.040160Z,full_sequence=H6_M2_2000_20260628_V1/release_date=2020-02-20/source_run=role5-h6-full-1066-20200220-a1/safe_headers.txt,b93548d5f5954cf7f5fd475b7ebb91c424d9f4e1b04460911466f3f15f6f1878,H6_TABLE1_MONTHLY_SA_M2_FULL_V1,true,FULL_NETWORK_ATTEMPT
role5-h6-full-1067-20200227-a1-body,role5-h6-full-1067-20200227-a1,20200227,https://www.federalreserve.gov/releases/h6/20200227/,full_sequence=H6_M2_2000_20260628_V1/release_date=2020-02-27/source_run=role5-h6-full-1067-20200227-a1/release.html,HTML,189823,e9a1c788427a0364c0580e9836d91bb554cc848c2812a102dce32c4db7e7e361,200,SUCCESS,2026-07-13T09:16:58.068469Z,full_sequence=H6_M2_2000_20260628_V1/release_date=2020-02-27/source_run=role5-h6-full-1067-20200227-a1/safe_headers.txt,eb0782459ac3643f6c03321ef9b594fc28692a5030b042a61837b980ff1e7818,H6_TABLE1_MONTHLY_SA_M2_FULL_V1,true,FULL_NETWORK_ATTEMPT
role5-h6-full-1068-20200305-a1-body,role5-h6-full-1068-20200305-a1,20200305,https://www.federalreserve.gov/releases/h6/20200305/,full_sequence=H6_M2_2000_20260628_V1/release_date=2020-03-05/source_run=role5-h6-full-1068-20200305-a1/release.html,HTML,189817,d8591275342c8319f9144a876b42479ed94270174a73d749289c69abfa1975cb,200,SUCCESS,2026-07-13T09:16:59.090937Z,full_sequence=H6_M2_2000_20260628_V1/release_date=2020-03-05/source_run=role5-h6-full-1068-20200305-a1/safe_headers.txt,df327d1a22ca81a71c67720b62bbbcccd6420a0477e8fe98cd2987cc709227d9,H6_TABLE1_MONTHLY_SA_M2_FULL_V1,true,FULL_NETWORK_ATTEMPT
role5-h6-full-1069-20200312-a1-body,role5-h6-full-1069-20200312-a1,20200312,https://www.federalreserve.gov/releases/h6/20200312/,full_sequence=H6_M2_2000_20260628_V1/release_date=2020-03-12/source_run=role5-h6-full-1069-20200312-a1/release.html,HTML,189773,d1edb4859baaf610993dfe16d1de2ce35616cc91857f1a4e4352d998aca6c06b,200,SUCCESS,2026-07-13T09:17:00.074483Z,full_sequence=H6_M2_2000_20260628_V1/release_date=2020-03-12/source_run=role5-h6-full-1069-20200312-a1/safe_headers.txt,d4c81136efc7799b87c053f694fa50f2c22d19a9949a383141e9850a0e86706c,H6_TABLE1_MONTHLY_SA_M2_FULL_V1,true,FULL_NETWORK_ATTEMPT
role5-h6-full-1070-20200319-a1-body,role5-h6-full-1070-20200319-a1,20200319,https://www.federalreserve.gov/releases/h6/20200319/,full_sequence=H6_M2_2000_20260628_V1/release_date=2020-03-19/source_run=role5-h6-full-1070-20200319-a1/release.html,HTML,189677,977705255eea88e3ad144f147cb386caea4e19cf07898973ec0106ab04b17190,200,SUCCESS,2026-07-13T09:17:01.077028Z,full_sequence=H6_M2_2000_20260628_V1/release_date=2020-03-19/source_run=role5-h6-full-1070-20200319-a1/safe_headers.txt,c35a17e8bd9b8f44dbc7a891817e84832f0c474f30dac96ec670993ec0ce0533,H6_TABLE1_MONTHLY_SA_M2_FULL_V1,true,FULL_NETWORK_ATTEMPT
role5-h6-full-1071-20200326-a1-body,role5-h6-full-1071-20200326-a1,20200326,https://www.federalreserve.gov/releases/h6/20200326/,full_sequence=H6_M2_2000_20260628_V1/release_date=2020-03-26/source_run=role5-h6-full-1071-20200326-a1/release.html,HTML,189583,1099c15eede31751620fd0abed205ac72cf9c7c03383138fb883fea331c45d8c,200,SUCCESS,2026-07-13T09:17:02.081714Z,full_sequence=H6_M2_2000_20260628_V1/release_date=2020-03-26/source_run=role5-h6-full-1071-20200326-a1/safe_headers.txt,aa284731213494fcd80447cc3c933cd1c2474d31fe9a4dea42d0942ee0f20159,H6_TABLE1_MONTHLY_SA_M2_FULL_V1,true,FULL_NETWORK_ATTEMPT
role5-h6-full-1072-20200402-a1-body,role5-h6-full-1072-20200402-a1,20200402,https://www.federalreserve.gov/releases/h6/20200402/,full_sequence=H6_M2_2000_20260628_V1/release_date=2020-04-02/source_run=role5-h6-full-1072-20200402-a1/release.html,HTML,189486,e303ef59b9f9d880580f9743fb6c4f22054bcf6a6adabd1846d7412531ef673a,200,SUCCESS,2026-07-13T09:17:03.116825Z,full_sequence=H6_M2_2000_20260628_V1/release_date=2020-04-02/source_run=role5-h6-full-1072-20200402-a1/safe_headers.txt,c5e1fc1418823ee77fcdc8635f68835b734bed1b9755432271232858404fa709,H6_TABLE1_MONTHLY_SA_M2_FULL_V1,true,FULL_NETWORK_ATTEMPT
role5-h6-full-1073-20200409-a1-body,role5-h6-full-1073-20200409-a1,20200409,https://www.federalreserve.gov/releases/h6/20200409/,full_sequence=H6_M2_2000_20260628_V1/release_date=2020-04-09/source_run=role5-h6-full-1073-20200409-a1/release.html,HTML,189414,4d28a482d85a72b98e63265e27c98d36cd04fc9bc4ed8055aea41a9ffc411345,200,SUCCESS,2026-07-13T09:17:06.111415Z,full_sequence=H6_M2_2000_20260628_V1/release_date=2020-04-09/source_run=role5-h6-full-1073-20200409-a1/safe_headers.txt,4d5358afcea1e17905757763db352f0d7f80c9ff623ea7d159cc497ea2c31497,H6_TABLE1_MONTHLY_SA_M2_FULL_V1,true,FULL_NETWORK_ATTEMPT
role5-h6-full-1074-20200416-a1-body,role5-h6-full-1074-20200416-a1,20200416,https://www.federalreserve.gov/releases/h6/20200416/,full_sequence=H6_M2_2000_20260628_V1/release_date=2020-04-16/source_run=role5-h6-full-1074-20200416-a1/release.html,HTML,189406,c82be1937b26fea26c7f1e9b3231d9e1d86f0b041a5611bc5277d656cbe695c5,200,SUCCESS,2026-07-13T09:17:06.575976Z,full_sequence=H6_M2_2000_20260628_V1/release_date=2020-04-16/source_run=role5-h6-full-1074-20200416-a1/safe_headers.txt,ef2c82d4f1287c0acd4bd8768ffd4b5e98f8664f43f70ea3085ad9b03f46c6c8,H6_TABLE1_MONTHLY_SA_M2_FULL_V1,true,FULL_NETWORK_ATTEMPT
role5-h6-full-1075-20200423-a1-body,role5-h6-full-1075-20200423-a1,20200423,https://www.federalreserve.gov/releases/h6/20200423/,full_sequence=H6_M2_2000_20260628_V1/release_date=2020-04-23/source_run=role5-h6-full-1075-20200423-a1/release.html,HTML,189512,87fe3fff8a71a7e06730fade0b05736203d6320d050af36ad39986c071e9f128,200,SUCCESS,2026-07-13T09:17:07.493742Z,full_sequence=H6_M2_2000_20260628_V1/release_date=2020-04-23/source_run=role5-h6-full-1075-20200423-a1/safe_headers.txt,8e7612bd64013c583bb96695b89b04b4cca07d4e69412fea848f8001d2fe06cb,H6_TABLE1_MONTHLY_SA_M2_FULL_V1,true,FULL_NETWORK_ATTEMPT
role5-h6-full-1076-20200430-a1-body,role5-h6-full-1076-20200430-a1,20200430,https://www.federalreserve.gov/releases/h6/20200430/,full_sequence=H6_M2_2000_20260628_V1/release_date=2020-04-30/source_run=role5-h6-full-1076-20200430-a1/release.html,HTML,189618,38fc0b99463545da21c38901347b130d33fb6d89176f294b722575865fa11187,200,SUCCESS,2026-07-13T09:17:08.525703Z,full_sequence=H6_M2_2000_20260628_V1/release_date=2020-04-30/source_run=role5-h6-full-1076-20200430-a1/safe_headers.txt,5cdd1a53d42c9b8d6264e4c5d345558e7dbd996e2156e812ba427afd1c56a274,H6_TABLE1_MONTHLY_SA_M2_FULL_V1,true,FULL_NETWORK_ATTEMPT
role5-h6-full-1077-20200507-a1-body,role5-h6-full-1077-20200507-a1,20200507,https://www.federalreserve.gov/releases/h6/20200507/,full_sequence=H6_M2_2000_20260628_V1/release_date=2020-05-07/source_run=role5-h6-full-1077-20200507-a1/release.html,HTML,189717,d3fadaa5841a4ad55d9ee64e4a7832d011b397eb5c49282e4747b5b45b7a6f4e,200,SUCCESS,2026-07-13T09:17:09.547272Z,full_sequence=H6_M2_2000_20260628_V1/release_date=2020-05-07/source_run=role5-h6-full-1077-20200507-a1/safe_headers.txt,eca3695600c5456a41d4106cb76a7b839ef32b678937ec7ad59c333f8f662c46,H6_TABLE1_MONTHLY_SA_M2_FULL_V1,true,FULL_NETWORK_ATTEMPT
role5-h6-full-1078-20200514-a1-body,role5-h6-full-1078-20200514-a1,20200514,https://www.federalreserve.gov/releases/h6/20200514/,full_sequence=H6_M2_2000_20260628_V1/release_date=2020-05-14/source_run=role5-h6-full-1078-20200514-a1/release.html,HTML,189866,051529123be3363debf3ec90556b4cfa834e013178e8aaef36bfbf367d280039,200,SUCCESS,2026-07-13T09:17:10.560872Z,full_sequence=H6_M2_2000_20260628_V1/release_date=2020-05-14/source_run=role5-h6-full-1078-20200514-a1/safe_headers.txt,a4be8dc04a3c4192083d7d5da7b8a4e6a6604687f8d87b185ad762bed848e1eb,H6_TABLE1_MONTHLY_SA_M2_FULL_V1,true,FULL_NETWORK_ATTEMPT
role5-h6-full-1079-20200521-a1-body,role5-h6-full-1079-20200521-a1,20200521,https://www.federalreserve.gov/releases/h6/20200521/,full_sequence=H6_M2_2000_20260628_V1/release_date=2020-05-21/source_run=role5-h6-full-1079-20200521-a1/release.html,HTML,189879,7b6fb56c28e289f3843bde0ebba042648aecaa6a9fe47c37a0be7e603ccb617e,200,SUCCESS,2026-07-13T09:17:11.526991Z,full_sequence=H6_M2_2000_20260628_V1/release_date=2020-05-21/source_run=role5-h6-full-1079-20200521-a1/safe_headers.txt,25b65a86e477067cfc41f867375d86f7378bb51beaae55e92f452911b118cb6b,H6_TABLE1_MONTHLY_SA_M2_FULL_V1,true,FULL_NETWORK_ATTEMPT
role5-h6-full-1080-20200528-a1-body,role5-h6-full-1080-20200528-a1,20200528,https://www.federalreserve.gov/releases/h6/20200528/,full_sequence=H6_M2_2000_20260628_V1/release_date=2020-05-28/source_run=role5-h6-full-1080-20200528-a1/release.html,HTML,189883,7b4f21e4128e1f00f323ada5ae91bb9581b6a8f67432ea25339fae272419c321,200,SUCCESS,2026-07-13T09:17:12.555442Z,full_sequence=H6_M2_2000_20260628_V1/release_date=2020-05-28/source_run=role5-h6-full-1080-20200528-a1/safe_headers.txt,d9bf02f3ccd3f8e1b7d3ae679b89660c7445c1f1a14f2bda6cddfcba34c5cc9b,H6_TABLE1_MONTHLY_SA_M2_FULL_V1,true,FULL_NETWORK_ATTEMPT
role5-h6-full-1081-20200604-a1-body,role5-h6-full-1081-20200604-a1,20200604,https://www.federalreserve.gov/releases/h6/20200604/,full_sequence=H6_M2_2000_20260628_V1/release_date=2020-06-04/source_run=role5-h6-full-1081-20200604-a1/release.html,HTML,189887,130db66a1b3c01bc3e8561b78e428f3ce16932a2900a89db506e6891482918d2,200,SUCCESS,2026-07-13T09:17:13.649088Z,full_sequence=H6_M2_2000_20260628_V1/release_date=2020-06-04/source_run=role5-h6-full-1081-20200604-a1/safe_headers.txt,f03a381b2188e5603f02676c579b2ae9f2e3c6cc6bc40d49f5c2604647b80ab5,H6_TABLE1_MONTHLY_SA_M2_FULL_V1,true,FULL_NETWORK_ATTEMPT
role5-h6-full-1082-20200611-a1-body,role5-h6-full-1082-20200611-a1,20200611,https://www.federalreserve.gov/releases/h6/20200611/,full_sequence=H6_M2_2000_20260628_V1/release_date=2020-06-11/source_run=role5-h6-full-1082-20200611-a1/release.html,HTML,189859,ed21e62e4e0996f93b15e607c593085d77fca5ad04417f5c56ede31591bf157b,200,SUCCESS,2026-07-13T09:17:14.614204Z,full_sequence=H6_M2_2000_20260628_V1/release_date=2020-06-11/source_run=role5-h6-full-1082-20200611-a1/safe_headers.txt,8e65332e81edddc07f9cbb9d0c9da0d9d422e81d62806118103a8a8338702a86,H6_TABLE1_MONTHLY_SA_M2_FULL_V1,true,FULL_NETWORK_ATTEMPT
role5-h6-full-1083-20200618-a1-body,role5-h6-full-1083-20200618-a1,20200618,https://www.federalreserve.gov/releases/h6/20200618/,full_sequence=H6_M2_2000_20260628_V1/release_date=2020-06-18/source_run=role5-h6-full-1083-20200618-a1/release.html,HTML,189770,d2487a2f38646930259812e54d9789eb9c494cfaafc99c4c7f11a3509348b0e7,200,SUCCESS,2026-07-13T09:17:15.691433Z,full_sequence=H6_M2_2000_20260628_V1/release_date=2020-06-18/source_run=role5-h6-full-1083-20200618-a1/safe_headers.txt,1cb7d6938d2296a9aff918c12a814b269e22b91ebcae91e73df1b7b490a3b60f,H6_TABLE1_MONTHLY_SA_M2_FULL_V1,true,FULL_NETWORK_ATTEMPT
role5-h6-full-1084-20200625-a1-body,role5-h6-full-1084-20200625-a1,20200625,https://www.federalreserve.gov/releases/h6/20200625/,full_sequence=H6_M2_2000_20260628_V1/release_date=2020-06-25/source_run=role5-h6-full-1084-20200625-a1/release.html,HTML,189683,5adcd4c297adc2d5df6642494a740397715d38dc585b3e04535d72c6e13031d8,200,SUCCESS,2026-07-13T09:17:17.500548Z,full_sequence=H6_M2_2000_20260628_V1/release_date=2020-06-25/source_run=role5-h6-full-1084-20200625-a1/safe_headers.txt,566d23a79bd432861c7b9095f6d1d0c93efa07e7f743256e244f772c3fb635a9,H6_TABLE1_MONTHLY_SA_M2_FULL_V1,true,FULL_NETWORK_ATTEMPT
role5-h6-full-1085-20200702-a1-body,role5-h6-full-1085-20200702-a1,20200702,https://www.federalreserve.gov/releases/h6/20200702/,full_sequence=H6_M2_2000_20260628_V1/release_date=2020-07-02/source_run=role5-h6-full-1085-20200702-a1/release.html,HTML,189588,459d6751ac14df8a5e693986270a2bf93ac5363c8ac043d911cfb1c172d711c9,200,SUCCESS,2026-07-13T09:17:17.877816Z,full_sequence=H6_M2_2000_20260628_V1/release_date=2020-07-02/source_run=role5-h6-full-1085-20200702-a1/safe_headers.txt,b99193b0bae5ff8912a35b6b3b053bcc969808c431803edd519cbf4c817ff2d8,H6_TABLE1_MONTHLY_SA_M2_FULL_V1,true,FULL_NETWORK_ATTEMPT
role5-h6-full-1086-20200709-a1-body,role5-h6-full-1086-20200709-a1,20200709,https://www.federalreserve.gov/releases/h6/20200709/,full_sequence=H6_M2_2000_20260628_V1/release_date=2020-07-09/source_run=role5-h6-full-1086-20200709-a1/release.html,HTML,189512,b00ea6fb6fc2e3eb7a04b31d8f6ccf39204901048ce6c991440489c889a12db0,200,SUCCESS,2026-07-13T09:17:19.024793Z,full_sequence=H6_M2_2000_20260628_V1/release_date=2020-07-09/source_run=role5-h6-full-1086-20200709-a1/safe_headers.txt,2535d6b63fdd56625f840d35765ffed9d2db2cfb930fe06f4dc6b669ac8f69ca,H6_TABLE1_MONTHLY_SA_M2_FULL_V1,true,FULL_NETWORK_ATTEMPT
role5-h6-full-1087-20200716-a1-body,role5-h6-full-1087-20200716-a1,20200716,https://www.federalreserve.gov/releases/h6/20200716/,full_sequence=H6_M2_2000_20260628_V1/release_date=2020-07-16/source_run=role5-h6-full-1087-20200716-a1/release.html,HTML,189572,4f80b377dac0b0c6789139af3a47357212bab4b813d6a68368522b75201d8699,200,SUCCESS,2026-07-13T09:17:19.970286Z,full_sequence=H6_M2_2000_20260628_V1/release_date=2020-07-16/source_run=role5-h6-full-1087-20200716-a1/safe_headers.txt,8f59beec8288c094b4f326e0af217e128fa418b95ea5187b9f1d4c81e1509dc3,H6_TABLE1_MONTHLY_SA_M2_FULL_V1,true,FULL_NETWORK_ATTEMPT
role5-h6-full-1088-20200723-a1-body,role5-h6-full-1088-20200723-a1,20200723,https://www.federalreserve.gov/releases/h6/20200723/,full_sequence=H6_M2_2000_20260628_V1/release_date=2020-07-23/source_run=role5-h6-full-1088-20200723-a1/release.html,HTML,189610,da660395ba1e1b6e70236013d3d7f96976a239892223f1621522a3c384c46624,200,SUCCESS,2026-07-13T09:17:20.910115Z,full_sequence=H6_M2_2000_20260628_V1/release_date=2020-07-23/source_run=role5-h6-full-1088-20200723-a1/safe_headers.txt,0ce7ed5f01526bf3dc2f9ebc86c2b8f073e3f17fc42b818eaa69e0bc204c6c0f,H6_TABLE1_MONTHLY_SA_M2_FULL_V1,true,FULL_NETWORK_ATTEMPT
role5-h6-full-1089-20200730-a1-body,role5-h6-full-1089-20200730-a1,20200730,https://www.federalreserve.gov/releases/h6/20200730/,full_sequence=H6_M2_2000_20260628_V1/release_date=2020-07-30/source_run=role5-h6-full-1089-20200730-a1/release.html,HTML,189715,33a9621e9af4644252989b52ab6c445e0adcf2b8cb9f07e4f0fdbd0cb098aed0,200,SUCCESS,2026-07-13T09:17:21.923316Z,full_sequence=H6_M2_2000_20260628_V1/release_date=2020-07-30/source_run=role5-h6-full-1089-20200730-a1/safe_headers.txt,38b54d93d4648d7b5ddb9c14da829b9dbac3f020b97f16896216bc43f7fd65a5,H6_TABLE1_MONTHLY_SA_M2_FULL_V1,true,FULL_NETWORK_ATTEMPT
role5-h6-full-1090-20200806-a1-body,role5-h6-full-1090-20200806-a1,20200806,https://www.federalreserve.gov/releases/h6/20200806/,full_sequence=H6_M2_2000_20260628_V1/release_date=2020-08-06/source_run=role5-h6-full-1090-20200806-a1/release.html,HTML,189826,098df3378dff6e798b3b7eea98de37d90f6d89fe40f113681d8c60f03c01418a,200,SUCCESS,2026-07-13T09:17:22.931167Z,full_sequence=H6_M2_2000_20260628_V1/release_date=2020-08-06/source_run=role5-h6-full-1090-20200806-a1/safe_headers.txt,0598c9c6d1b1a6dc9888dddf4db6384c762a5f3c550f4814673af868cd407a87,H6_TABLE1_MONTHLY_SA_M2_FULL_V1,true,FULL_NETWORK_ATTEMPT
role5-h6-full-1091-20200813-a1-body,role5-h6-full-1091-20200813-a1,20200813,https://www.federalreserve.gov/releases/h6/20200813/,full_sequence=H6_M2_2000_20260628_V1/release_date=2020-08-13/source_run=role5-h6-full-1091-20200813-a1/release.html,HTML,189975,cba46091bc962521d1c0c735a65437c07f9f98e76fd408923fc6360b1aabd325,200,SUCCESS,2026-07-13T09:17:23.936111Z,full_sequence=H6_M2_2000_20260628_V1/release_date=2020-08-13/source_run=role5-h6-full-1091-20200813-a1/safe_headers.txt,53ad688389ec51cf4b256b82334b867620a31267d50bb19b1739641fae26ca8a,H6_TABLE1_MONTHLY_SA_M2_FULL_V1,true,FULL_NETWORK_ATTEMPT
role5-h6-full-1092-20200820-a1-body,role5-h6-full-1092-20200820-a1,20200820,https://www.federalreserve.gov/releases/h6/20200820/,full_sequence=H6_M2_2000_20260628_V1/release_date=2020-08-20/source_run=role5-h6-full-1092-20200820-a1/release.html,HTML,262578,fd3af0d04d2155728c3c75c81e81dfa9e6b0908c89624573cd31e572d55084ed,200,SUCCESS,2026-07-13T09:17:24.948843Z,full_sequence=H6_M2_2000_20260628_V1/release_date=2020-08-20/source_run=role5-h6-full-1092-20200820-a1/safe_headers.txt,b2d9e56f31d4ccbf73a94c0ae8619282280446b689fcd8be1450c38caca4896e,H6_TABLE1_MONTHLY_SA_M2_FULL_V1,true,FULL_NETWORK_ATTEMPT
role5-h6-full-1093-20200827-a1-body,role5-h6-full-1093-20200827-a1,20200827,https://www.federalreserve.gov/releases/h6/20200827/,full_sequence=H6_M2_2000_20260628_V1/release_date=2020-08-27/source_run=role5-h6-full-1093-20200827-a1/release.html,HTML,191651,3c8dbe8255c9002d961099db17ed15bb283816c2ef27a43a662322526610156e,200,SUCCESS,2026-07-13T09:17:25.986942Z,full_sequence=H6_M2_2000_20260628_V1/release_date=2020-08-27/source_run=role5-h6-full-1093-20200827-a1/safe_headers.txt,ae845c07a0b6c06b1618060e0efd300206d4a34543ee0ccb6f02c035dcd6103c,H6_TABLE1_MONTHLY_SA_M2_FULL_V1,true,FULL_NETWORK_ATTEMPT
role5-h6-full-1094-20200903-a1-body,role5-h6-full-1094-20200903-a1,20200903,https://www.federalreserve.gov/releases/h6/20200903/,full_sequence=H6_M2_2000_20260628_V1/release_date=2020-09-03/source_run=role5-h6-full-1094-20200903-a1/release.html,HTML,191663,91a92ebf5eaa48a6f55ea8e109dccab337bd7d098cd4b512e0ccaa2c77e570fa,200,SUCCESS,2026-07-13T09:17:27.057647Z,full_sequence=H6_M2_2000_20260628_V1/release_date=2020-09-03/source_run=role5-h6-full-1094-20200903-a1/safe_headers.txt,1f0bd73072c58875bdefc0937c3764730c52907e8a3a27cc87c7ba09080321ed,H6_TABLE1_MONTHLY_SA_M2_FULL_V1,true,FULL_NETWORK_ATTEMPT
role5-h6-full-1095-20200910-a1-body,role5-h6-full-1095-20200910-a1,20200910,https://www.federalreserve.gov/releases/h6/20200910/,full_sequence=H6_M2_2000_20260628_V1/release_date=2020-09-10/source_run=role5-h6-full-1095-20200910-a1/release.html,HTML,191636,1a14a584257a38e9450c48d1454d284abe800f50bb934ae66d3646560c551215,200,SUCCESS,2026-07-13T09:17:27.996276Z,full_sequence=H6_M2_2000_20260628_V1/release_date=2020-09-10/source_run=role5-h6-full-1095-20200910-a1/safe_headers.txt,88fe92ae53a61fd9193fad1f36bb3737b478c22a043de419912b09715d065efc,H6_TABLE1_MONTHLY_SA_M2_FULL_V1,true,FULL_NETWORK_ATTEMPT
role5-h6-full-1096-20200917-a1-body,role5-h6-full-1096-20200917-a1,20200917,https://www.federalreserve.gov/releases/h6/20200917/,full_sequence=H6_M2_2000_20260628_V1/release_date=2020-09-17/source_run=role5-h6-full-1096-20200917-a1/release.html,HTML,191544,10de3710932c4966f5cfe79868ec93e5dd86f35ec6b3465d0be25fc4847248b4,200,SUCCESS,2026-07-13T09:17:28.976875Z,full_sequence=H6_M2_2000_20260628_V1/release_date=2020-09-17/source_run=role5-h6-full-1096-20200917-a1/safe_headers.txt,be7e84be31fdbde089933e7019891141baa7cf1af0ca2cb3efb08f5174e66b6f,H6_TABLE1_MONTHLY_SA_M2_FULL_V1,true,FULL_NETWORK_ATTEMPT
role5-h6-full-1097-20200924-a1-body,role5-h6-full-1097-20200924-a1,20200924,https://www.federalreserve.gov/releases/h6/20200924/,full_sequence=H6_M2_2000_20260628_V1/release_date=2020-09-24/source_run=role5-h6-full-1097-20200924-a1/release.html,HTML,196927,0474417a7fd9e9cab27b392da2f9497c1bee6272d2011071e2f10d80f820611a,200,SUCCESS,2026-07-13T09:17:30.000581Z,full_sequence=H6_M2_2000_20260628_V1/release_date=2020-09-24/source_run=role5-h6-full-1097-20200924-a1/safe_headers.txt,5827fe23497813ef9c380284cbcd563102d81121b8ed375d7154790a03cbef0d,H6_TABLE1_MONTHLY_SA_M2_FULL_V1,true,FULL_NETWORK_ATTEMPT
role5-h6-full-1098-20201001-a1-body,role5-h6-full-1098-20201001-a1,20201001,https://www.federalreserve.gov/releases/h6/20201001/,full_sequence=H6_M2_2000_20260628_V1/release_date=2020-10-01/source_run=role5-h6-full-1098-20201001-a1/release.html,HTML,195004,935cba4cea907d3fdc91204ed0e3a1d05817162882936eb2dd44d4f7d34fc3a1,200,SUCCESS,2026-07-13T09:17:30.986072Z,full_sequence=H6_M2_2000_20260628_V1/release_date=2020-10-01/source_run=role5-h6-full-1098-20201001-a1/safe_headers.txt,1bf5cc086e4fbbd328634fbf6792bf44ece6bf0316f999104af364f31cb14699,H6_TABLE1_MONTHLY_SA_M2_FULL_V1,true,FULL_NETWORK_ATTEMPT
role5-h6-full-1099-20201008-a1-body,role5-h6-full-1099-20201008-a1,20201008,https://www.federalreserve.gov/releases/h6/20201008/,full_sequence=H6_M2_2000_20260628_V1/release_date=2020-10-08/source_run=role5-h6-full-1099-20201008-a1/release.html,HTML,194911,da389ec0746b7ac86203f70174f82133588e522fd98782958337eb187478ba95,200,SUCCESS,2026-07-13T09:17:32.098565Z,full_sequence=H6_M2_2000_20260628_V1/release_date=2020-10-08/source_run=role5-h6-full-1099-20201008-a1/safe_headers.txt,7ec676c98d20de64f4d901cf8a092f2daf1c4b9652954a95ec1414f4b8b69ac5,H6_TABLE1_MONTHLY_SA_M2_FULL_V1,true,FULL_NETWORK_ATTEMPT
role5-h6-full-1100-20201015-a1-body,role5-h6-full-1100-20201015-a1,20201015,https://www.federalreserve.gov/releases/h6/20201015/,full_sequence=H6_M2_2000_20260628_V1/release_date=2020-10-15/source_run=role5-h6-full-1100-20201015-a1/release.html,HTML,194974,2c8185fc622049c64460f7d6a0cb2d8a836aad61c4d13854f86c47d776b32594,200,SUCCESS,2026-07-13T09:17:33.089602Z,full_sequence=H6_M2_2000_20260628_V1/release_date=2020-10-15/source_run=role5-h6-full-1100-20201015-a1/safe_headers.txt,f00f17ae910185540a70c62c17c15fd356d74a9a3094831a986c883efba8d769,H6_TABLE1_MONTHLY_SA_M2_FULL_V1,true,FULL_NETWORK_ATTEMPT
role5-h6-full-1101-20201022-a1-body,role5-h6-full-1101-20201022-a1,20201022,https://www.federalreserve.gov/releases/h6/20201022/,full_sequence=H6_M2_2000_20260628_V1/release_date=2020-10-22/source_run=role5-h6-full-1101-20201022-a1/release.html,HTML,195034,f9b246cb673f2f5de61af973670ff7f70210044b25503a3a7fe157ac1282eca1,200,SUCCESS,2026-07-13T09:17:34.014885Z,full_sequence=H6_M2_2000_20260628_V1/release_date=2020-10-22/source_run=role5-h6-full-1101-20201022-a1/safe_headers.txt,e546c440303e6da24757bc0a91dc5ab7305957d702c5f529a5e57785711d235f,H6_TABLE1_MONTHLY_SA_M2_FULL_V1,true,FULL_NETWORK_ATTEMPT
role5-h6-full-1102-20201029-a1-body,role5-h6-full-1102-20201029-a1,20201029,https://www.federalreserve.gov/releases/h6/20201029/,full_sequence=H6_M2_2000_20260628_V1/release_date=2020-10-29/source_run=role5-h6-full-1102-20201029-a1/release.html,HTML,195134,e843ffbcf78569942fdedfa7defeb6da7fed98457b1ff592a1c5d2f57dc7e76a,200,SUCCESS,2026-07-13T09:17:35.377084Z,full_sequence=H6_M2_2000_20260628_V1/release_date=2020-10-29/source_run=role5-h6-full-1102-20201029-a1/safe_headers.txt,79a2507db108426e41ee245eeeb4528a92ed1eff203bac17883c065a5b6a706d,H6_TABLE1_MONTHLY_SA_M2_FULL_V1,true,FULL_NETWORK_ATTEMPT
role5-h6-full-1103-20201105-a1-body,role5-h6-full-1103-20201105-a1,20201105,https://www.federalreserve.gov/releases/h6/20201105/,full_sequence=H6_M2_2000_20260628_V1/release_date=2020-11-05/source_run=role5-h6-full-1103-20201105-a1/release.html,HTML,195236,75ef1c360668d40776b0974190485ba29483889a1ad6220e8d86736fa094ee96,200,SUCCESS,2026-07-13T09:17:36.062940Z,full_sequence=H6_M2_2000_20260628_V1/release_date=2020-11-05/source_run=role5-h6-full-1103-20201105-a1/safe_headers.txt,effce1aeceffec2368da2e1d47f5a4618a7dc85c3836f7ef7187ae602cfdbaf7,H6_TABLE1_MONTHLY_SA_M2_FULL_V1,true,FULL_NETWORK_ATTEMPT
role5-h6-full-1104-20201112-a1-body,role5-h6-full-1104-20201112-a1,20201112,https://www.federalreserve.gov/releases/h6/20201112/,full_sequence=H6_M2_2000_20260628_V1/release_date=2020-11-12/source_run=role5-h6-full-1104-20201112-a1/release.html,HTML,195407,78303a01c14dfb2cbab93d465d2abf8cf52354b6cede70d4e546b7beefe63263,200,SUCCESS,2026-07-13T09:17:37.082212Z,full_sequence=H6_M2_2000_20260628_V1/release_date=2020-11-12/source_run=role5-h6-full-1104-20201112-a1/safe_headers.txt,3bb8438ad3e539a43a56635c260b33bbd2cd126752fed0996927a24f8299facf,H6_TABLE1_MONTHLY_SA_M2_FULL_V1,true,FULL_NETWORK_ATTEMPT
role5-h6-full-1105-20201119-a1-body,role5-h6-full-1105-20201119-a1,20201119,https://www.federalreserve.gov/releases/h6/20201119/,full_sequence=H6_M2_2000_20260628_V1/release_date=2020-11-19/source_run=role5-h6-full-1105-20201119-a1/release.html,HTML,195404,f1ea59cc0624eb6f7a1059a9c459f63c9a516922885d4dbcc52111b82f0aaccd,200,SUCCESS,2026-07-13T09:17:38.147432Z,full_sequence=H6_M2_2000_20260628_V1/release_date=2020-11-19/source_run=role5-h6-full-1105-20201119-a1/safe_headers.txt,cc15d418478f28652d1fe6649cc17fb4bb34dffdb3f7b365b431a02e4a346807,H6_TABLE1_MONTHLY_SA_M2_FULL_V1,true,FULL_NETWORK_ATTEMPT
role5-h6-full-1106-20201127-a1-body,role5-h6-full-1106-20201127-a1,20201127,https://www.federalreserve.gov/releases/h6/20201127/,full_sequence=H6_M2_2000_20260628_V1/release_date=2020-11-27/source_run=role5-h6-full-1106-20201127-a1/release.html,HTML,195400,ba278b5bbf2f279921437a84b95df7bcfadc87aadb10dbba53963642adc3399f,200,SUCCESS,2026-07-13T09:17:39.051374Z,full_sequence=H6_M2_2000_20260628_V1/release_date=2020-11-27/source_run=role5-h6-full-1106-20201127-a1/safe_headers.txt,f0b3d9bbbe98936a0a089aa53265b3cb9a0246245d52abbf530b5417b00a3a47,H6_TABLE1_MONTHLY_SA_M2_FULL_V1,true,FULL_NETWORK_ATTEMPT
role5-h6-full-1107-20201203-a1-body,role5-h6-full-1107-20201203-a1,20201203,https://www.federalreserve.gov/releases/h6/20201203/,full_sequence=H6_M2_2000_20260628_V1/release_date=2020-12-03/source_run=role5-h6-full-1107-20201203-a1/release.html,HTML,195394,b28f1df68d4b62c50b3b76460495d6ff1b5b1c5aace8f8cbe15198997c18abc4,200,SUCCESS,2026-07-13T09:17:40.109588Z,full_sequence=H6_M2_2000_20260628_V1/release_date=2020-12-03/source_run=role5-h6-full-1107-20201203-a1/safe_headers.txt,79c8ff7b2a60b410b5b7a495e696821f731380d2ffd43e73978f97195820c319,H6_TABLE1_MONTHLY_SA_M2_FULL_V1,true,FULL_NETWORK_ATTEMPT
role5-h6-full-1108-20201210-a1-body,role5-h6-full-1108-20201210-a1,20201210,https://www.federalreserve.gov/releases/h6/20201210/,full_sequence=H6_M2_2000_20260628_V1/release_date=2020-12-10/source_run=role5-h6-full-1108-20201210-a1/release.html,HTML,195362,b7416212304e5cad44596b6a5c0ffc4e626b7a1f102cb5c34708066d4dbfc6d8,200,SUCCESS,2026-07-13T09:17:41.084378Z,full_sequence=H6_M2_2000_20260628_V1/release_date=2020-12-10/source_run=role5-h6-full-1108-20201210-a1/safe_headers.txt,c6105a3d31e635ae04c6182468b7c396322701ecbe8e6f95576136b9cef4ec09,H6_TABLE1_MONTHLY_SA_M2_FULL_V1,true,FULL_NETWORK_ATTEMPT
role5-h6-full-1109-20201217-a1-body,role5-h6-full-1109-20201217-a1,20201217,https://www.federalreserve.gov/releases/h6/20201217/,full_sequence=H6_M2_2000_20260628_V1/release_date=2020-12-17/source_run=role5-h6-full-1109-20201217-a1/release.html,HTML,198319,8e021dfcab9a6738268a782ab1a7b12bc89539374596bd29be5620336fba40af,200,SUCCESS,2026-07-13T09:17:42.101186Z,full_sequence=H6_M2_2000_20260628_V1/release_date=2020-12-17/source_run=role5-h6-full-1109-20201217-a1/safe_headers.txt,536a24d26a0391282739e69e8e1637c930f1b9420cb5ec4570c3d7b592990e3d,H6_TABLE1_MONTHLY_SA_M2_FULL_V1,true,FULL_NETWORK_ATTEMPT
role5-h6-full-1110-20201228-a1-body,role5-h6-full-1110-20201228-a1,20201228,https://www.federalreserve.gov/releases/h6/20201228/,full_sequence=H6_M2_2000_20260628_V1/release_date=2020-12-28/source_run=role5-h6-full-1110-20201228-a1/release.html,HTML,195867,df78ac80cd8655b18bf84924dbd8ab9178288e7488afb2b870d42e06313899b6,200,SUCCESS,2026-07-13T09:17:44.099958Z,full_sequence=H6_M2_2000_20260628_V1/release_date=2020-12-28/source_run=role5-h6-full-1110-20201228-a1/safe_headers.txt,dafdc143999e10cfd9a02da05a2161fa3aa329efc5babdde110b96f0c0831883,H6_TABLE1_MONTHLY_SA_M2_FULL_V1,true,FULL_NETWORK_ATTEMPT
role5-pilot-20201231-body,role5-pilot-20201231,20201231,https://www.federalreserve.gov/releases/h6/20201231/,vintage_year=2020/source_run=role5-pilot-20201231/release.html,HTML,195764,b80d1b893fc1a05b36fc8a5a70d35c4d289f2e85ea1d1c873dd8db37f195cc6a,200,HASH_VERIFIED_PILOT_CACHE_REUSE,2026-07-13T08:23:13Z,vintage_year=2020/source_run=role5-pilot-20201231/headers.txt,77a6f399cd879f8296719d2ee36db3e22d4f75628651647df802504795de61bb,H6_TABLE1_MONTHLY_SA_M2_FULL_V1,true,HASH_VERIFIED_PILOT_CACHE_REUSE
role5-h6-full-1111-20210107-a1-body,role5-h6-full-1111-20210107-a1,20210107,https://www.federalreserve.gov/releases/h6/20210107/,full_sequence=H6_M2_2000_20260628_V1/release_date=2021-01-07/source_run=role5-h6-full-1111-20210107-a1/release.html,HTML,195655,66d4c86ba0d4e9c448623e856a0086feb74c131d5e80b9805b98bef1c2e120bf,200,SUCCESS,2026-07-13T09:17:44.481965Z,full_sequence=H6_M2_2000_20260628_V1/release_date=2021-01-07/source_run=role5-h6-full-1111-20210107-a1/safe_headers.txt,7156b4910b796261acda94e9d97529bb5bc78e17d4bf00a5a194f7185132090e,H6_TABLE1_MONTHLY_SA_M2_FULL_V1,true,FULL_NETWORK_ATTEMPT
role5-h6-full-1112-20210114-a1-body,role5-h6-full-1112-20210114-a1,20210114,https://www.federalreserve.gov/releases/h6/20210114/,full_sequence=H6_M2_2000_20260628_V1/release_date=2021-01-14/source_run=role5-h6-full-1112-20210114-a1/release.html,HTML,195704,b5ba0dcecf17a38f0bd1d83243ccca002f7fbb707a384a82c9ff83dbc0e76209,200,SUCCESS,2026-07-13T09:17:48.504950Z,full_sequence=H6_M2_2000_20260628_V1/release_date=2021-01-14/source_run=role5-h6-full-1112-20210114-a1/safe_headers.txt,6bb51d73c879c967ab0775918d9e7759ffa2c40df0d99c17c5ba6c6ad51c4b0a,H6_TABLE1_MONTHLY_SA_M2_FULL_V1,true,FULL_NETWORK_ATTEMPT
role5-h6-full-1113-20210121-a1-body,role5-h6-full-1113-20210121-a1,20210121,https://www.federalreserve.gov/releases/h6/20210121/,full_sequence=H6_M2_2000_20260628_V1/release_date=2021-01-21/source_run=role5-h6-full-1113-20210121-a1/release.html,HTML,195813,fe79c716b49092aa991376c17bb4103a672da27f872340a299b05e82325662db,200,SUCCESS,2026-07-13T09:17:48.876656Z,full_sequence=H6_M2_2000_20260628_V1/release_date=2021-01-21/source_run=role5-h6-full-1113-20210121-a1/safe_headers.txt,dd91d1879140d50bd98aafb19db26c4ea1eb52783efd70a57e8ad3e354abfd83,H6_TABLE1_MONTHLY_SA_M2_FULL_V1,true,FULL_NETWORK_ATTEMPT
role5-h6-full-1114-20210128-a1-body,role5-h6-full-1114-20210128-a1,20210128,https://www.federalreserve.gov/releases/h6/20210128/,full_sequence=H6_M2_2000_20260628_V1/release_date=2021-01-28/source_run=role5-h6-full-1114-20210128-a1/release.html,HTML,196095,ac2ccda95f42ab969d08011fbaf12c71fde2af80df6270a7a19ade46c4a612bb,200,SUCCESS,2026-07-13T09:17:51.890140Z,full_sequence=H6_M2_2000_20260628_V1/release_date=2021-01-28/source_run=role5-h6-full-1114-20210128-a1/safe_headers.txt,4fcdf0cd6ea6f22f03a5c7e6b9273d3f3614982c272f14327026126ccacc4abd,H6_TABLE1_MONTHLY_SA_M2_FULL_V1,true,FULL_NETWORK_ATTEMPT
role5-h6-full-1115-20210204-a1-body,role5-h6-full-1115-20210204-a1,20210204,https://www.federalreserve.gov/releases/h6/20210204/,full_sequence=H6_M2_2000_20260628_V1/release_date=2021-02-04/source_run=role5-h6-full-1115-20210204-a1/release.html,HTML,196195,5baeab5f1c2e5c658ce9dfbbd5c09b58ef6f286ac400a8d800e94211c129f3e1,200,SUCCESS,2026-07-13T09:17:52.271454Z,full_sequence=H6_M2_2000_20260628_V1/release_date=2021-02-04/source_run=role5-h6-full-1115-20210204-a1/safe_headers.txt,4098e0581be1ecdad123cadc30d49626782a589a0e9190782c247051223133c2,H6_TABLE1_MONTHLY_SA_M2_FULL_V1,true,FULL_NETWORK_ATTEMPT
role5-h6-full-1116-20210211-a1-body,role5-h6-full-1116-20210211-a1,20210211,https://www.federalreserve.gov/releases/h6/20210211/,full_sequence=H6_M2_2000_20260628_V1/release_date=2021-02-11/source_run=role5-h6-full-1116-20210211-a1/release.html,HTML,196259,cab9243edcddc8188efb46872eaae5910677fd6a64fe85ccf4557855efba397e,200,SUCCESS,2026-07-13T09:17:53.283086Z,full_sequence=H6_M2_2000_20260628_V1/release_date=2021-02-11/source_run=role5-h6-full-1116-20210211-a1/safe_headers.txt,f4041f95eeda77779d60f09094868b14323436ca6a775652a589751b8d6fdb15,H6_TABLE1_MONTHLY_SA_M2_FULL_V1,true,FULL_NETWORK_ATTEMPT
role5-pilot-20210223-body,role5-pilot-20210223,20210223,https://www.federalreserve.gov/releases/h6/20210223/,vintage_year=2021/source_run=role5-pilot-20210223/release.html,HTML,117158,5569f47ffe6c051cb90442be16c5438cc65bd7cd2a42593c52ee65b37f25197f,200,HASH_VERIFIED_PILOT_CACHE_REUSE,2026-07-13T08:23:14Z,vintage_year=2021/source_run=role5-pilot-20210223/headers.txt,cb57fe81afe8922352083361a6150e7084cbb3e583a2ef3924b7952a3cade9c2,H6_TABLE1_MONTHLY_SA_M2_FULL_V1,true,HASH_VERIFIED_PILOT_CACHE_REUSE
role5-pilot-20210323-body,role5-pilot-20210323,20210323,https://www.federalreserve.gov/releases/h6/20210323/,vintage_year=2021/source_run=role5-pilot-20210323/release.html,HTML,153384,7a0aed23579f2af4f7626f611f83fd2805f8e5d225574729c28bd1b884145ced,200,HASH_VERIFIED_PILOT_CACHE_REUSE,2026-07-13T08:23:16Z,vintage_year=2021/source_run=role5-pilot-20210323/headers.txt,8da04453876075ec9ffaba1d7431c81dcc6239ed376db11bf8adba4789c89cd5,H6_TABLE1_MONTHLY_SA_M2_FULL_V1,true,HASH_VERIFIED_PILOT_CACHE_REUSE
role5-h6-full-1117-20210427-a1-body,role5-h6-full-1117-20210427-a1,20210427,https://www.federalreserve.gov/releases/h6/20210427/,full_sequence=H6_M2_2000_20260628_V1/release_date=2021-04-27/source_run=role5-h6-full-1117-20210427-a1/release.html,HTML,114227,f6d0a122eb1725fed178ddb880e8236158c4d22379a8a5c1e739ab0b9e87df5c,200,SUCCESS,2026-07-13T09:17:54.294042Z,full_sequence=H6_M2_2000_20260628_V1/release_date=2021-04-27/source_run=role5-h6-full-1117-20210427-a1/safe_headers.txt,9e62de195b7b7ce325da0d259b4ba86c71fbfcced6ce468cb4dc911945c4f2e9,H6_TABLE1_MONTHLY_SA_M2_FULL_V1,true,FULL_NETWORK_ATTEMPT
role5-h6-full-1118-20210525-a1-body,role5-h6-full-1118-20210525-a1,20210525,https://www.federalreserve.gov/releases/h6/20210525/,full_sequence=H6_M2_2000_20260628_V1/release_date=2021-05-25/source_run=role5-h6-full-1118-20210525-a1/release.html,HTML,114303,f2cd85903c1a799bdf148fcb5cf1b361d04abf60de112a9e87047a393332f887,200,SUCCESS,2026-07-13T09:17:55.281786Z,full_sequence=H6_M2_2000_20260628_V1/release_date=2021-05-25/source_run=role5-h6-full-1118-20210525-a1/safe_headers.txt,daf93dc050e2213a1b129eefc584f4f9a0e90767eefe7f9e457cf6cc8c1afc23,H6_TABLE1_MONTHLY_SA_M2_FULL_V1,true,FULL_NETWORK_ATTEMPT
role5-h6-full-1119-20210622-a1-body,role5-h6-full-1119-20210622-a1,20210622,https://www.federalreserve.gov/releases/h6/20210622/,full_sequence=H6_M2_2000_20260628_V1/release_date=2021-06-22/source_run=role5-h6-full-1119-20210622-a1/release.html,HTML,114323,e45ca4135c2398a61eda0ac3744f71700ad0f69391fbd4022bea1fedaece3a4a,200,SUCCESS,2026-07-13T09:17:56.433124Z,full_sequence=H6_M2_2000_20260628_V1/release_date=2021-06-22/source_run=role5-h6-full-1119-20210622-a1/safe_headers.txt,08ac8da7c1acc95344eb17e4cc11487b43b155f4517946b0bba6cbc8d532247b,H6_TABLE1_MONTHLY_SA_M2_FULL_V1,true,FULL_NETWORK_ATTEMPT
role5-h6-full-1120-20210727-a1-body,role5-h6-full-1120-20210727-a1,20210727,https://www.federalreserve.gov/releases/h6/20210727/,full_sequence=H6_M2_2000_20260628_V1/release_date=2021-07-27/source_run=role5-h6-full-1120-20210727-a1/release.html,HTML,114277,705b8ece91f5de3d5adc19f9ec6bef5d1e3fcde52e29e42aa69e4adab1a3002b,200,SUCCESS,2026-07-13T09:18:00.313919Z,full_sequence=H6_M2_2000_20260628_V1/release_date=2021-07-27/source_run=role5-h6-full-1120-20210727-a1/safe_headers.txt,f76ad7d7bb2c10f3efe3110e0b9bdcc54415756dc7a6c0fa8bac18e0f10ebad4,H6_TABLE1_MONTHLY_SA_M2_FULL_V1,true,FULL_NETWORK_ATTEMPT
role5-h6-full-1121-20210824-a1-body,role5-h6-full-1121-20210824-a1,20210824,https://www.federalreserve.gov/releases/h6/20210824/,full_sequence=H6_M2_2000_20260628_V1/release_date=2021-08-24/source_run=role5-h6-full-1121-20210824-a1/release.html,HTML,116310,be1ebde49ea51855ec80783b07e3f355ec2cc214b9e51d2cb3cb5ee23bdded4b,200,SUCCESS,2026-07-13T09:18:00.937283Z,full_sequence=H6_M2_2000_20260628_V1/release_date=2021-08-24/source_run=role5-h6-full-1121-20210824-a1/safe_headers.txt,75388ede047a8d8fe990dd61c60a546b0fe87fdd125b8c9be6f3ef84d8893676,H6_TABLE1_MONTHLY_SA_M2_FULL_V1,true,FULL_NETWORK_ATTEMPT
role5-h6-full-1122-20210928-a1-body,role5-h6-full-1122-20210928-a1,20210928,https://www.federalreserve.gov/releases/h6/20210928/,full_sequence=H6_M2_2000_20260628_V1/release_date=2021-09-28/source_run=role5-h6-full-1122-20210928-a1/release.html,HTML,114363,21ce63d36a24a0c50661e09fddd084a09ec059805e37ce272ce9ca8284eb8dba,200,SUCCESS,2026-07-13T09:18:01.699715Z,full_sequence=H6_M2_2000_20260628_V1/release_date=2021-09-28/source_run=role5-h6-full-1122-20210928-a1/safe_headers.txt,f40bb9de5573853f3ed2e09351e968a7c75675a613930b3b1fd56506b721156d,H6_TABLE1_MONTHLY_SA_M2_FULL_V1,true,FULL_NETWORK_ATTEMPT
role5-h6-full-1123-20211026-a1-body,role5-h6-full-1123-20211026-a1,20211026,https://www.federalreserve.gov/releases/h6/20211026/,full_sequence=H6_M2_2000_20260628_V1/release_date=2021-10-26/source_run=role5-h6-full-1123-20211026-a1/release.html,HTML,114293,435300fcd346d16a81c734cbc30ed7d7e6a372b878967c6fc9649647c0000b4b,200,SUCCESS,2026-07-13T09:18:02.761617Z,full_sequence=H6_M2_2000_20260628_V1/release_date=2021-10-26/source_run=role5-h6-full-1123-20211026-a1/safe_headers.txt,b35f298a48862d32e88e3191d273ff8664a5d2c7e12f0b7e01482d9e04fc31cc,H6_TABLE1_MONTHLY_SA_M2_FULL_V1,true,FULL_NETWORK_ATTEMPT
role5-h6-full-1124-20211123-a1-body,role5-h6-full-1124-20211123-a1,20211123,https://www.federalreserve.gov/releases/h6/20211123/,full_sequence=H6_M2_2000_20260628_V1/release_date=2021-11-23/source_run=role5-h6-full-1124-20211123-a1/release.html,HTML,107534,76d7b57ad6fc1f6c1a00f294e6200a15f8aa11a55e1338a2d642510e0b1fc690,200,SUCCESS,2026-07-13T09:18:03.702423Z,full_sequence=H6_M2_2000_20260628_V1/release_date=2021-11-23/source_run=role5-h6-full-1124-20211123-a1/safe_headers.txt,b44ae6e1f8995be9c9dd66ef7ede2614a9c750d923ab879d0e695363a32a60dc,H6_TABLE1_MONTHLY_SA_M2_FULL_V1,true,FULL_NETWORK_ATTEMPT
role5-h6-full-1125-20211228-a1-body,role5-h6-full-1125-20211228-a1,20211228,https://www.federalreserve.gov/releases/h6/20211228/,full_sequence=H6_M2_2000_20260628_V1/release_date=2021-12-28/source_run=role5-h6-full-1125-20211228-a1/release.html,HTML,106486,e456522c1f9e0ad53beb972927e158a941c572f7940750d297f4f06aa832c345,200,SUCCESS,2026-07-13T09:18:04.727956Z,full_sequence=H6_M2_2000_20260628_V1/release_date=2021-12-28/source_run=role5-h6-full-1125-20211228-a1/safe_headers.txt,f68861c0b726adeae1e241ae65acd6721d7f7794da56ee672cea2eeca1d934c3,H6_TABLE1_MONTHLY_SA_M2_FULL_V1,true,FULL_NETWORK_ATTEMPT
role5-h6-full-1126-20220125-a1-body,role5-h6-full-1126-20220125-a1,20220125,https://www.federalreserve.gov/releases/h6/20220125/,full_sequence=H6_M2_2000_20260628_V1/release_date=2022-01-25/source_run=role5-h6-full-1126-20220125-a1/release.html,HTML,106427,72c16589a187fc0549fb2edf08fb4de767cce7dfa193bcc997c8029541a583d4,200,SUCCESS,2026-07-13T09:18:05.738172Z,full_sequence=H6_M2_2000_20260628_V1/release_date=2022-01-25/source_run=role5-h6-full-1126-20220125-a1/safe_headers.txt,7f0d3ae973f08620ca8f0fd34f87e2bc3c9b09b7246d055e7df7f04d3f5d55e2,H6_TABLE1_MONTHLY_SA_M2_FULL_V1,true,FULL_NETWORK_ATTEMPT
role5-h6-full-1127-20220222-a1-body,role5-h6-full-1127-20220222-a1,20220222,https://www.federalreserve.gov/releases/h6/20220222/,full_sequence=H6_M2_2000_20260628_V1/release_date=2022-02-22/source_run=role5-h6-full-1127-20220222-a1/release.html,HTML,106482,8ae34d535a3e4468ff58eb0572e2e9ec31991d5a91d2ed9f28a7ff223244e9c1,200,SUCCESS,2026-07-13T09:18:06.774293Z,full_sequence=H6_M2_2000_20260628_V1/release_date=2022-02-22/source_run=role5-h6-full-1127-20220222-a1/safe_headers.txt,a0f9d60d8a643150728640cc61c8ca7ff9a8218a4d41a25513149515c954899b,H6_TABLE1_MONTHLY_SA_M2_FULL_V1,true,FULL_NETWORK_ATTEMPT
role5-h6-full-1128-20220322-a1-body,role5-h6-full-1128-20220322-a1,20220322,https://www.federalreserve.gov/releases/h6/20220322/,full_sequence=H6_M2_2000_20260628_V1/release_date=2022-03-22/source_run=role5-h6-full-1128-20220322-a1/release.html,HTML,145600,d50b84bcb7140e0b0a8265976a1b38c15baaac3ad7ac4c4859efe0aad8ebf776,200,SUCCESS,2026-07-13T09:18:07.740951Z,full_sequence=H6_M2_2000_20260628_V1/release_date=2022-03-22/source_run=role5-h6-full-1128-20220322-a1/safe_headers.txt,88e75dc3b0842068bdf9edddb036ef79e32ca5306dbdef1d9e24765929a381fa,H6_TABLE1_MONTHLY_SA_M2_FULL_V1,true,FULL_NETWORK_ATTEMPT
role5-h6-full-1129-20220426-a1-body,role5-h6-full-1129-20220426-a1,20220426,https://www.federalreserve.gov/releases/h6/20220426/,full_sequence=H6_M2_2000_20260628_V1/release_date=2022-04-26/source_run=role5-h6-full-1129-20220426-a1/release.html,HTML,106364,7afa224cbe1373dc3d3b08ed56b3328a48ab217904cdd4773a7b39ab570dd4aa,200,SUCCESS,2026-07-13T09:18:09.029592Z,full_sequence=H6_M2_2000_20260628_V1/release_date=2022-04-26/source_run=role5-h6-full-1129-20220426-a1/safe_headers.txt,30966bccf8b78c62bd05ace9c9f2de00df25ddefa9dc035b60e737d0aaff4c17,H6_TABLE1_MONTHLY_SA_M2_FULL_V1,true,FULL_NETWORK_ATTEMPT
role5-h6-full-1130-20220524-a1-body,role5-h6-full-1130-20220524-a1,20220524,https://www.federalreserve.gov/releases/h6/20220524/,full_sequence=H6_M2_2000_20260628_V1/release_date=2022-05-24/source_run=role5-h6-full-1130-20220524-a1/release.html,HTML,106422,49f96cff09bf96ea8e8eb27b7ec72e900c865c46c3deece99908ec6670315484,200,SUCCESS,2026-07-13T09:18:09.782431Z,full_sequence=H6_M2_2000_20260628_V1/release_date=2022-05-24/source_run=role5-h6-full-1130-20220524-a1/safe_headers.txt,1ec3b73b165be332bde75d4893a8b36303dc7dbba53b9643edb5726ba0685444,H6_TABLE1_MONTHLY_SA_M2_FULL_V1,true,FULL_NETWORK_ATTEMPT
role5-h6-full-1131-20220628-a1-body,role5-h6-full-1131-20220628-a1,20220628,https://www.federalreserve.gov/releases/h6/20220628/,full_sequence=H6_M2_2000_20260628_V1/release_date=2022-06-28/source_run=role5-h6-full-1131-20220628-a1/release.html,HTML,106426,4768deb37090d478490aaa52c57b7bdd4ebd34f3b24aa664cabdd3dde6790539,200,SUCCESS,2026-07-13T09:18:10.758810Z,full_sequence=H6_M2_2000_20260628_V1/release_date=2022-06-28/source_run=role5-h6-full-1131-20220628-a1/safe_headers.txt,826de46d6313ff3c7e67ac80f2c37c945ecfb30540c1a244e794c6a4facbc1e7,H6_TABLE1_MONTHLY_SA_M2_FULL_V1,true,FULL_NETWORK_ATTEMPT
role5-h6-full-1132-20220726-a1-body,role5-h6-full-1132-20220726-a1,20220726,https://www.federalreserve.gov/releases/h6/20220726/,full_sequence=H6_M2_2000_20260628_V1/release_date=2022-07-26/source_run=role5-h6-full-1132-20220726-a1/release.html,HTML,111436,640a6b8d367fbeac8d7037c77c90b75224e735ef778b1ac52ab5e5c21948c1d9,200,SUCCESS,2026-07-13T09:18:11.796081Z,full_sequence=H6_M2_2000_20260628_V1/release_date=2022-07-26/source_run=role5-h6-full-1132-20220726-a1/safe_headers.txt,2b46731e76fb5195d974b592efa1f27401983031c511e38f613097021f002d06,H6_TABLE1_MONTHLY_SA_M2_FULL_V1,true,FULL_NETWORK_ATTEMPT
role5-h6-full-1133-20220823-a1-body,role5-h6-full-1133-20220823-a1,20220823,https://www.federalreserve.gov/releases/h6/20220823/,full_sequence=H6_M2_2000_20260628_V1/release_date=2022-08-23/source_run=role5-h6-full-1133-20220823-a1/release.html,HTML,111508,59b3c15d171300e8ae85f36a36636eedfb28b9069e55f3716d543d5f4b4a672a,200,SUCCESS,2026-07-13T09:18:12.815686Z,full_sequence=H6_M2_2000_20260628_V1/release_date=2022-08-23/source_run=role5-h6-full-1133-20220823-a1/safe_headers.txt,6f3bcd60de2ebb00da6affca4379a867b1b07df5bc45ac523f749c7da0753608,H6_TABLE1_MONTHLY_SA_M2_FULL_V1,true,FULL_NETWORK_ATTEMPT
role5-h6-full-1134-20220927-a1-body,role5-h6-full-1134-20220927-a1,20220927,https://www.federalreserve.gov/releases/h6/20220927/,full_sequence=H6_M2_2000_20260628_V1/release_date=2022-09-27/source_run=role5-h6-full-1134-20220927-a1/release.html,HTML,111523,ca2ba5215529ac304f3c24f686509513dc9076868dd0a8eb4de1a95f39622eaa,200,SUCCESS,2026-07-13T09:18:13.785814Z,full_sequence=H6_M2_2000_20260628_V1/release_date=2022-09-27/source_run=role5-h6-full-1134-20220927-a1/safe_headers.txt,56d893638dc9d85641e60707cb176efa455bced2c3fe1c80e1001f15b516c8c3,H6_TABLE1_MONTHLY_SA_M2_FULL_V1,true,FULL_NETWORK_ATTEMPT
role5-h6-full-1135-20221025-a1-body,role5-h6-full-1135-20221025-a1,20221025,https://www.federalreserve.gov/releases/h6/20221025/,full_sequence=H6_M2_2000_20260628_V1/release_date=2022-10-25/source_run=role5-h6-full-1135-20221025-a1/release.html,HTML,111454,ff662535c0a3711a7dd477b6a77aa55a37d5b4f0a527c658a228421aa7f92bdb,200,SUCCESS,2026-07-13T09:18:14.808374Z,full_sequence=H6_M2_2000_20260628_V1/release_date=2022-10-25/source_run=role5-h6-full-1135-20221025-a1/safe_headers.txt,570b49ba186496662be7ad34335cd2e3d4e901d7fca9673f2c483e492079b38d,H6_TABLE1_MONTHLY_SA_M2_FULL_V1,true,FULL_NETWORK_ATTEMPT
role5-h6-full-1136-20221122-a1-body,role5-h6-full-1136-20221122-a1,20221122,https://www.federalreserve.gov/releases/h6/20221122/,full_sequence=H6_M2_2000_20260628_V1/release_date=2022-11-22/source_run=role5-h6-full-1136-20221122-a1/release.html,HTML,111532,1d79f152b7c67cbb022835ae9e35862198fb5b16fe22aef9d357ae375eaccbcc,200,SUCCESS,2026-07-13T09:18:15.804354Z,full_sequence=H6_M2_2000_20260628_V1/release_date=2022-11-22/source_run=role5-h6-full-1136-20221122-a1/safe_headers.txt,88de575f6c14bb077e56f098a115e571e99bea7a0d92b4a493bee8c10704e7a6,H6_TABLE1_MONTHLY_SA_M2_FULL_V1,true,FULL_NETWORK_ATTEMPT
role5-h6-full-1137-20221227-a1-body,role5-h6-full-1137-20221227-a1,20221227,https://www.federalreserve.gov/releases/h6/20221227/,full_sequence=H6_M2_2000_20260628_V1/release_date=2022-12-27/source_run=role5-h6-full-1137-20221227-a1/release.html,HTML,111544,805180da5cd0161d5adfd98fa149aaf6fac30753f679cf5620dec65eb96bea60,200,SUCCESS,2026-07-13T09:18:16.842238Z,full_sequence=H6_M2_2000_20260628_V1/release_date=2022-12-27/source_run=role5-h6-full-1137-20221227-a1/safe_headers.txt,177261f09c1e4f0098ab133ac3a6ee1871486687c89e1e1fd029d25c49dd9310,H6_TABLE1_MONTHLY_SA_M2_FULL_V1,true,FULL_NETWORK_ATTEMPT
role5-h6-full-1138-20230124-a1-body,role5-h6-full-1138-20230124-a1,20230124,https://www.federalreserve.gov/releases/h6/20230124/,full_sequence=H6_M2_2000_20260628_V1/release_date=2023-01-24/source_run=role5-h6-full-1138-20230124-a1/release.html,HTML,124103,c88ef77988f04eb76d654cdf95eb1a30cc495fe3cd77b09fed132c7404c3f4fd,200,SUCCESS,2026-07-13T09:18:17.940756Z,full_sequence=H6_M2_2000_20260628_V1/release_date=2023-01-24/source_run=role5-h6-full-1138-20230124-a1/safe_headers.txt,7580ea011946226a64a81e0c0e109021272e4270b6d868fc63fb3d7351d934c4,H6_TABLE1_MONTHLY_SA_M2_FULL_V1,true,FULL_NETWORK_ATTEMPT
role5-h6-full-1139-20230228-a1-body,role5-h6-full-1139-20230228-a1,20230228,https://www.federalreserve.gov/releases/h6/20230228/,full_sequence=H6_M2_2000_20260628_V1/release_date=2023-02-28/source_run=role5-h6-full-1139-20230228-a1/release.html,HTML,124160,1e6b21a19cac25be55a89627347824de7d7925a3259ba1a8c42ff4948968d2f5,200,SUCCESS,2026-07-13T09:18:20.851331Z,full_sequence=H6_M2_2000_20260628_V1/release_date=2023-02-28/source_run=role5-h6-full-1139-20230228-a1/safe_headers.txt,a9fccfe4a95da740f754438b6a993a8d2da9e9f7afb56e74ccd1a26356b2ab96,H6_TABLE1_MONTHLY_SA_M2_FULL_V1,true,FULL_NETWORK_ATTEMPT
role5-h6-full-1140-20230328-a1-body,role5-h6-full-1140-20230328-a1,20230328,https://www.federalreserve.gov/releases/h6/20230328/,full_sequence=H6_M2_2000_20260628_V1/release_date=2023-03-28/source_run=role5-h6-full-1140-20230328-a1/release.html,HTML,160879,9727da9f00318df7b1b4603fc62dcd1a5332cdbacdff4feb1711e038c666e95b,200,SUCCESS,2026-07-13T09:18:21.233188Z,full_sequence=H6_M2_2000_20260628_V1/release_date=2023-03-28/source_run=role5-h6-full-1140-20230328-a1/safe_headers.txt,091c62e4874b70c739098ee394539826a82a5da3e86d14933fb8c41364fa02cd,H6_TABLE1_MONTHLY_SA_M2_FULL_V1,true,FULL_NETWORK_ATTEMPT
role5-h6-full-1141-20230425-a1-body,role5-h6-full-1141-20230425-a1,20230425,https://www.federalreserve.gov/releases/h6/20230425/,full_sequence=H6_M2_2000_20260628_V1/release_date=2023-04-25/source_run=role5-h6-full-1141-20230425-a1/release.html,HTML,123897,ddacf577901dc1bbf687eae963d325388dafdf6a3f19ec2b3f21cef1e5525a85,200,SUCCESS,2026-07-13T09:18:22.414838Z,full_sequence=H6_M2_2000_20260628_V1/release_date=2023-04-25/source_run=role5-h6-full-1141-20230425-a1/safe_headers.txt,ac79b4a13ef7b9ec5755bfd9790d18c7e0d7d6be01bc7754706d2b363500b774,H6_TABLE1_MONTHLY_SA_M2_FULL_V1,true,FULL_NETWORK_ATTEMPT
role5-h6-full-1142-20230523-a1-body,role5-h6-full-1142-20230523-a1,20230523,https://www.federalreserve.gov/releases/h6/20230523/,full_sequence=H6_M2_2000_20260628_V1/release_date=2023-05-23/source_run=role5-h6-full-1142-20230523-a1/release.html,HTML,123966,b82b2b9082b1db8dc0527ed69301a26128a3cb6f68d50bc21d5dfb7ecb1970d5,200,SUCCESS,2026-07-13T09:18:23.240760Z,full_sequence=H6_M2_2000_20260628_V1/release_date=2023-05-23/source_run=role5-h6-full-1142-20230523-a1/safe_headers.txt,6ba753ecb2d6abfa33d859f07d0f8340e5696db96688a0a84ca17f21529037c4,H6_TABLE1_MONTHLY_SA_M2_FULL_V1,true,FULL_NETWORK_ATTEMPT
role5-h6-full-1143-20230627-a1-body,role5-h6-full-1143-20230627-a1,20230627,https://www.federalreserve.gov/releases/h6/20230627/,full_sequence=H6_M2_2000_20260628_V1/release_date=2023-06-27/source_run=role5-h6-full-1143-20230627-a1/release.html,HTML,123981,e962b6e9cd6a676729d6bba07b4351aa0d8f642877bc8994799e55ced8173620,200,SUCCESS,2026-07-13T09:18:24.257600Z,full_sequence=H6_M2_2000_20260628_V1/release_date=2023-06-27/source_run=role5-h6-full-1143-20230627-a1/safe_headers.txt,4303b8e6cd171fe43124ddc5f916f98edfe5efcf4833b794b96bc74534ecd72c,H6_TABLE1_MONTHLY_SA_M2_FULL_V1,true,FULL_NETWORK_ATTEMPT
role5-h6-full-1144-20230725-a1-body,role5-h6-full-1144-20230725-a1,20230725,https://www.federalreserve.gov/releases/h6/20230725/,full_sequence=H6_M2_2000_20260628_V1/release_date=2023-07-25/source_run=role5-h6-full-1144-20230725-a1/release.html,HTML,123904,a773eb57fc97e8ee4f40d662a5143297d7bb8b5d4c20eda2cd233c0aaf692969,200,SUCCESS,2026-07-13T09:18:25.286540Z,full_sequence=H6_M2_2000_20260628_V1/release_date=2023-07-25/source_run=role5-h6-full-1144-20230725-a1/safe_headers.txt,e3e8684dbbc3d569db1896a288beaf1e22636a289cb31439e196daffad95051b,H6_TABLE1_MONTHLY_SA_M2_FULL_V1,true,FULL_NETWORK_ATTEMPT
role5-h6-full-1145-20230822-a1-body,role5-h6-full-1145-20230822-a1,20230822,https://www.federalreserve.gov/releases/h6/20230822/,full_sequence=H6_M2_2000_20260628_V1/release_date=2023-08-22/source_run=role5-h6-full-1145-20230822-a1/release.html,HTML,123981,9a277a71b71f16f741a00f242153b79f0f509434637895d574ee1b42434eb7d5,200,SUCCESS,2026-07-13T09:18:26.253871Z,full_sequence=H6_M2_2000_20260628_V1/release_date=2023-08-22/source_run=role5-h6-full-1145-20230822-a1/safe_headers.txt,d3b295e612122c33602db7dde2dac52f2c2239976aca14465f4b4f45bdcc8676,H6_TABLE1_MONTHLY_SA_M2_FULL_V1,true,FULL_NETWORK_ATTEMPT
role5-h6-full-1146-20230926-a1-body,role5-h6-full-1146-20230926-a1,20230926,https://www.federalreserve.gov/releases/h6/20230926/,full_sequence=H6_M2_2000_20260628_V1/release_date=2023-09-26/source_run=role5-h6-full-1146-20230926-a1/release.html,HTML,124001,68e22991ffbc60d063abab58969f84d6aeb63dd5b1e617d3aad045d8f2f5b080,200,SUCCESS,2026-07-13T09:18:27.376850Z,full_sequence=H6_M2_2000_20260628_V1/release_date=2023-09-26/source_run=role5-h6-full-1146-20230926-a1/safe_headers.txt,68a74f163095595a8879e484b736a47c2ff3c4192c4c9b6cfd23017047c2b72d,H6_TABLE1_MONTHLY_SA_M2_FULL_V1,true,FULL_NETWORK_ATTEMPT
role5-h6-full-1147-20231024-a1-body,role5-h6-full-1147-20231024-a1,20231024,https://www.federalreserve.gov/releases/h6/20231024/,full_sequence=H6_M2_2000_20260628_V1/release_date=2023-10-24/source_run=role5-h6-full-1147-20231024-a1/release.html,HTML,124099,c64eb673ac71f9c22b53ef197d8bbe574404e709235e7244e8930868d5053129,200,SUCCESS,2026-07-13T09:18:28.366120Z,full_sequence=H6_M2_2000_20260628_V1/release_date=2023-10-24/source_run=role5-h6-full-1147-20231024-a1/safe_headers.txt,2b25a95ee1b6b504d74f34763d9b1269070c909c2363e01e28ee02b0f7749d49,H6_TABLE1_MONTHLY_SA_M2_FULL_V1,true,FULL_NETWORK_ATTEMPT
role5-h6-full-1148-20231128-a1-body,role5-h6-full-1148-20231128-a1,20231128,https://www.federalreserve.gov/releases/h6/20231128/,full_sequence=H6_M2_2000_20260628_V1/release_date=2023-11-28/source_run=role5-h6-full-1148-20231128-a1/release.html,HTML,124176,97dc7188a315c1b1790456cf862994564d04f00a35adcb7e5962660a5c3c6574,200,SUCCESS,2026-07-13T09:18:29.282211Z,full_sequence=H6_M2_2000_20260628_V1/release_date=2023-11-28/source_run=role5-h6-full-1148-20231128-a1/safe_headers.txt,bb3bc635012dd834916f9f247dbfaec5b6bfe8814f8d24a18af96589a7a96d48,H6_TABLE1_MONTHLY_SA_M2_FULL_V1,true,FULL_NETWORK_ATTEMPT
role5-h6-full-1149-20231226-a1-body,role5-h6-full-1149-20231226-a1,20231226,https://www.federalreserve.gov/releases/h6/20231226/,full_sequence=H6_M2_2000_20260628_V1/release_date=2023-12-26/source_run=role5-h6-full-1149-20231226-a1/release.html,HTML,124189,45e54aea4a34f2188c97b23c7cc685ca1c86ac3b74f3dd3ecdf36188b95d6c1f,200,SUCCESS,2026-07-13T09:18:30.325818Z,full_sequence=H6_M2_2000_20260628_V1/release_date=2023-12-26/source_run=role5-h6-full-1149-20231226-a1/safe_headers.txt,0a14853e157a1b420f35c145387e25823c471b62e6968abef4997372d8336011,H6_TABLE1_MONTHLY_SA_M2_FULL_V1,true,FULL_NETWORK_ATTEMPT
role5-h6-full-1150-20240123-a1-body,role5-h6-full-1150-20240123-a1,20240123,https://www.federalreserve.gov/releases/h6/20240123/,full_sequence=H6_M2_2000_20260628_V1/release_date=2024-01-23/source_run=role5-h6-full-1150-20240123-a1/release.html,HTML,124137,01914d89c8d8ca866177692b4805478805ee3d45b0217257e2063231ea7ba5cf,200,SUCCESS,2026-07-13T09:18:31.335075Z,full_sequence=H6_M2_2000_20260628_V1/release_date=2024-01-23/source_run=role5-h6-full-1150-20240123-a1/safe_headers.txt,2a4c8d848e51eacf85a590062fe7b53381f39415a2b758c8a6edd77ac225275b,H6_TABLE1_MONTHLY_SA_M2_FULL_V1,true,FULL_NETWORK_ATTEMPT
role5-h6-full-1151-20240227-a1-body,role5-h6-full-1151-20240227-a1,20240227,https://www.federalreserve.gov/releases/h6/20240227/,full_sequence=H6_M2_2000_20260628_V1/release_date=2024-02-27/source_run=role5-h6-full-1151-20240227-a1/release.html,HTML,124197,c97e74aa104404a082225550cb39d075ce6b59c6356336cdc5ed46813456c0b9,200,SUCCESS,2026-07-13T09:18:32.330452Z,full_sequence=H6_M2_2000_20260628_V1/release_date=2024-02-27/source_run=role5-h6-full-1151-20240227-a1/safe_headers.txt,8efbe65d8d30ff9684a24caecd702637ddbfaaf64105c29412573f9be993aea5,H6_TABLE1_MONTHLY_SA_M2_FULL_V1,true,FULL_NETWORK_ATTEMPT
role5-h6-full-1152-20240326-a1-body,role5-h6-full-1152-20240326-a1,20240326,https://www.federalreserve.gov/releases/h6/20240326/,full_sequence=H6_M2_2000_20260628_V1/release_date=2024-03-26/source_run=role5-h6-full-1152-20240326-a1/release.html,HTML,163861,7f2716098a73b31439c8092956b12282ca8141ca54544de1fe3d5c44c92a0b2e,200,SUCCESS,2026-07-13T09:18:33.325858Z,full_sequence=H6_M2_2000_20260628_V1/release_date=2024-03-26/source_run=role5-h6-full-1152-20240326-a1/safe_headers.txt,965070f8564158f3af76a30c245d0aec364c8c5c8a5a8e007947b5f1eb60bc26,H6_TABLE1_MONTHLY_SA_M2_FULL_V1,true,FULL_NETWORK_ATTEMPT
role5-h6-full-1153-20240423-a1-body,role5-h6-full-1153-20240423-a1,20240423,https://www.federalreserve.gov/releases/h6/20240423/,full_sequence=H6_M2_2000_20260628_V1/release_date=2024-04-23/source_run=role5-h6-full-1153-20240423-a1/release.html,HTML,124647,af093009a39c207f7a936607c20eecc7659a304414621ea4f349796b3bdbe790,200,SUCCESS,2026-07-13T09:18:34.423397Z,full_sequence=H6_M2_2000_20260628_V1/release_date=2024-04-23/source_run=role5-h6-full-1153-20240423-a1/safe_headers.txt,ff52952df4438abf19e6ee34f1bb98a033a4117881947d1948caf96e023deddf,H6_TABLE1_MONTHLY_SA_M2_FULL_V1,true,FULL_NETWORK_ATTEMPT
role5-h6-full-1154-20240528-a1-body,role5-h6-full-1154-20240528-a1,20240528,https://www.federalreserve.gov/releases/h6/20240528/,full_sequence=H6_M2_2000_20260628_V1/release_date=2024-05-28/source_run=role5-h6-full-1154-20240528-a1/release.html,HTML,124712,3beb1a108638a81ed950e44ff65705c293417ac0e34998a7af8f80bfcab22423,200,SUCCESS,2026-07-13T09:18:35.320444Z,full_sequence=H6_M2_2000_20260628_V1/release_date=2024-05-28/source_run=role5-h6-full-1154-20240528-a1/safe_headers.txt,ba493c32163e7a0d890c88c4134989a30c85ef7127f61bdc2867f4ae1e6d343e,H6_TABLE1_MONTHLY_SA_M2_FULL_V1,true,FULL_NETWORK_ATTEMPT
role5-h6-full-1155-20240625-a1-body,role5-h6-full-1155-20240625-a1,20240625,https://www.federalreserve.gov/releases/h6/20240625/,full_sequence=H6_M2_2000_20260628_V1/release_date=2024-06-25/source_run=role5-h6-full-1155-20240625-a1/release.html,HTML,124723,3581ab357e2d5cad11de1e99c2386cb2eb2baf38073151a8e864a5fa05e87cc0,200,SUCCESS,2026-07-13T09:18:36.365607Z,full_sequence=H6_M2_2000_20260628_V1/release_date=2024-06-25/source_run=role5-h6-full-1155-20240625-a1/safe_headers.txt,44cae21794bae24720d7b70bbbe9b1c3b9f548a53b24f41fb4da95e227fbd415,H6_TABLE1_MONTHLY_SA_M2_FULL_V1,true,FULL_NETWORK_ATTEMPT
role5-h6-full-1156-20240723-a1-body,role5-h6-full-1156-20240723-a1,20240723,https://www.federalreserve.gov/releases/h6/20240723/,full_sequence=H6_M2_2000_20260628_V1/release_date=2024-07-23/source_run=role5-h6-full-1156-20240723-a1/release.html,HTML,124658,9b0b0df7d65fbfd2601b3dd8d0a50801ac861fae64e972544b17e9028d976644,200,SUCCESS,2026-07-13T09:18:37.334499Z,full_sequence=H6_M2_2000_20260628_V1/release_date=2024-07-23/source_run=role5-h6-full-1156-20240723-a1/safe_headers.txt,062dddefac61e1bbd1599a3a0a1a8365ad1afc830e4ceafa86a6f6b2feb663e9,H6_TABLE1_MONTHLY_SA_M2_FULL_V1,true,FULL_NETWORK_ATTEMPT
role5-h6-full-1157-20240827-a1-body,role5-h6-full-1157-20240827-a1,20240827,https://www.federalreserve.gov/releases/h6/20240827/,full_sequence=H6_M2_2000_20260628_V1/release_date=2024-08-27/source_run=role5-h6-full-1157-20240827-a1/release.html,HTML,124747,03ae55189ce0ab531ae07c5437ea6ea0264fe0a8fa53d3b0dda83d2931647978,200,SUCCESS,2026-07-13T09:18:40.365717Z,full_sequence=H6_M2_2000_20260628_V1/release_date=2024-08-27/source_run=role5-h6-full-1157-20240827-a1/safe_headers.txt,3f2b68e342cc30fb0f4fee0258663bd747408e9081256a961967cda9ccc1f617,H6_TABLE1_MONTHLY_SA_M2_FULL_V1,true,FULL_NETWORK_ATTEMPT
role5-h6-full-1158-20240924-a1-body,role5-h6-full-1158-20240924-a1,20240924,https://www.federalreserve.gov/releases/h6/20240924/,full_sequence=H6_M2_2000_20260628_V1/release_date=2024-09-24/source_run=role5-h6-full-1158-20240924-a1/release.html,HTML,124768,16c3172fffa7d08f08a65e6c375abbd2b16e1bdeeebb8440b2649ba318056979,200,SUCCESS,2026-07-13T09:18:40.730539Z,full_sequence=H6_M2_2000_20260628_V1/release_date=2024-09-24/source_run=role5-h6-full-1158-20240924-a1/safe_headers.txt,67aa1bc48b60b74c3ed875247e1676b08bde9736f32cadfa800dbaaa4a723efa,H6_TABLE1_MONTHLY_SA_M2_FULL_V1,true,FULL_NETWORK_ATTEMPT
role5-h6-full-1159-20241022-a1-body,role5-h6-full-1159-20241022-a1,20241022,https://www.federalreserve.gov/releases/h6/20241022/,full_sequence=H6_M2_2000_20260628_V1/release_date=2024-10-22/source_run=role5-h6-full-1159-20241022-a1/release.html,HTML,124698,110752e52cfb5e1ca1983efa1bccfb584179be0cbce37caff7b1173cf876b957,200,SUCCESS,2026-07-13T09:18:41.747087Z,full_sequence=H6_M2_2000_20260628_V1/release_date=2024-10-22/source_run=role5-h6-full-1159-20241022-a1/safe_headers.txt,c595b8762ac22f78d9b00bccafbfe330364e3c3c1a684912eb87daecc6a9aa10,H6_TABLE1_MONTHLY_SA_M2_FULL_V1,true,FULL_NETWORK_ATTEMPT
role5-h6-full-1160-20241126-a1-body,role5-h6-full-1160-20241126-a1,20241126,https://www.federalreserve.gov/releases/h6/20241126/,full_sequence=H6_M2_2000_20260628_V1/release_date=2024-11-26/source_run=role5-h6-full-1160-20241126-a1/release.html,HTML,124775,1db0b429b43a93148919a3b3b506dd96b98ca4cd75cf1635dc6b6e19c6bbd769,200,SUCCESS,2026-07-13T09:18:42.762024Z,full_sequence=H6_M2_2000_20260628_V1/release_date=2024-11-26/source_run=role5-h6-full-1160-20241126-a1/safe_headers.txt,6f3bd287b95017859b625f03752913e7f52abb735faa7fd56aa884a8a45386dc,H6_TABLE1_MONTHLY_SA_M2_FULL_V1,true,FULL_NETWORK_ATTEMPT
role5-h6-full-1161-20241226-a1-body,role5-h6-full-1161-20241226-a1,20241226,https://www.federalreserve.gov/releases/h6/20241226/,full_sequence=H6_M2_2000_20260628_V1/release_date=2024-12-26/source_run=role5-h6-full-1161-20241226-a1/release.html,HTML,124786,4aeb58985e4e0204f1b45855ee082731a100e46d7af0d7da0877a7bf1e80eab7,200,SUCCESS,2026-07-13T09:18:43.763422Z,full_sequence=H6_M2_2000_20260628_V1/release_date=2024-12-26/source_run=role5-h6-full-1161-20241226-a1/safe_headers.txt,17fa19b195d673dbfb71c8230953a3eeb08493ea3f316dedd58e4915517ff61d,H6_TABLE1_MONTHLY_SA_M2_FULL_V1,true,FULL_NETWORK_ATTEMPT
role5-h6-full-1162-20250128-a1-body,role5-h6-full-1162-20250128-a1,20250128,https://www.federalreserve.gov/releases/h6/20250128/,full_sequence=H6_M2_2000_20260628_V1/release_date=2025-01-28/source_run=role5-h6-full-1162-20250128-a1/release.html,HTML,124734,d8d4fca74a5ccfbf10371aeb6ce4d103a50217ae3f30e8cc8d4461433e6f0c6b,200,SUCCESS,2026-07-13T09:18:44.809312Z,full_sequence=H6_M2_2000_20260628_V1/release_date=2025-01-28/source_run=role5-h6-full-1162-20250128-a1/safe_headers.txt,078354cebc762b027ffdf8d3e4d991294cf3c4b5a676d873e2a596a1ac6847de,H6_TABLE1_MONTHLY_SA_M2_FULL_V1,true,FULL_NETWORK_ATTEMPT
role5-h6-full-1163-20250225-a1-body,role5-h6-full-1163-20250225-a1,20250225,https://www.federalreserve.gov/releases/h6/20250225/,full_sequence=H6_M2_2000_20260628_V1/release_date=2025-02-25/source_run=role5-h6-full-1163-20250225-a1/release.html,HTML,118551,ce841093815e910c6087547ac4ad5f0066cdc47551bf073389403bb68ac3e3f0,200,SUCCESS,2026-07-13T09:18:45.790134Z,full_sequence=H6_M2_2000_20260628_V1/release_date=2025-02-25/source_run=role5-h6-full-1163-20250225-a1/safe_headers.txt,b1b5483b08716a42f5874173f899b383ff84c6dbb0288b7ed382cabfc7a1fd6a,H6_TABLE1_MONTHLY_SA_M2_FULL_V1,true,FULL_NETWORK_ATTEMPT
role5-h6-full-1164-20250325-a1-body,role5-h6-full-1164-20250325-a1,20250325,https://www.federalreserve.gov/releases/h6/20250325/,full_sequence=H6_M2_2000_20260628_V1/release_date=2025-03-25/source_run=role5-h6-full-1164-20250325-a1/release.html,HTML,157656,7227a6591e9a39343e3d32feed1c3d32034f944ebd5e93e76dd05e462733deb8,200,SUCCESS,2026-07-13T09:18:46.814287Z,full_sequence=H6_M2_2000_20260628_V1/release_date=2025-03-25/source_run=role5-h6-full-1164-20250325-a1/safe_headers.txt,0e2deaa468c9bdc9bbf7637da74f5742efe2732b2b7de8b173eca21016dc1ac2,H6_TABLE1_MONTHLY_SA_M2_FULL_V1,true,FULL_NETWORK_ATTEMPT
role5-h6-full-1165-20250422-a1-body,role5-h6-full-1165-20250422-a1,20250422,https://www.federalreserve.gov/releases/h6/20250422/,full_sequence=H6_M2_2000_20260628_V1/release_date=2025-04-22/source_run=role5-h6-full-1165-20250422-a1/release.html,HTML,118620,d4be15df1c8977dd8fcfd5f88674d8e62fd5717b4857ececa67593aad574d094,200,SUCCESS,2026-07-13T09:18:47.799863Z,full_sequence=H6_M2_2000_20260628_V1/release_date=2025-04-22/source_run=role5-h6-full-1165-20250422-a1/safe_headers.txt,0daf0f9916d61ea5eaedb4ccdb01969a6a2098f853c66eb8530e67fa697f4ed0,H6_TABLE1_MONTHLY_SA_M2_FULL_V1,true,FULL_NETWORK_ATTEMPT
role5-h6-full-1166-20250527-a1-body,role5-h6-full-1166-20250527-a1,20250527,https://www.federalreserve.gov/releases/h6/20250527/,full_sequence=H6_M2_2000_20260628_V1/release_date=2025-05-27/source_run=role5-h6-full-1166-20250527-a1/release.html,HTML,118660,d00239799fdfae54628ec3c386b5c9a240a58abd6a88c020dbcd5c9f7085fc76,200,SUCCESS,2026-07-13T09:18:48.856364Z,full_sequence=H6_M2_2000_20260628_V1/release_date=2025-05-27/source_run=role5-h6-full-1166-20250527-a1/safe_headers.txt,0c1e06baf775a3c626e5ca3f88600a219bb32d7d81b06d97931758a276c29d3a,H6_TABLE1_MONTHLY_SA_M2_FULL_V1,true,FULL_NETWORK_ATTEMPT
role5-h6-full-1167-20250624-a1-body,role5-h6-full-1167-20250624-a1,20250624,https://www.federalreserve.gov/releases/h6/20250624/,full_sequence=H6_M2_2000_20260628_V1/release_date=2025-06-24/source_run=role5-h6-full-1167-20250624-a1/release.html,HTML,118664,4691870edc1c54989ac06027dd29cdfa82d955b84b17f014435a8c700a45b9f5,200,SUCCESS,2026-07-13T09:18:49.829797Z,full_sequence=H6_M2_2000_20260628_V1/release_date=2025-06-24/source_run=role5-h6-full-1167-20250624-a1/safe_headers.txt,29a496237dd4b82b55638c06088d33a97b6a5ff24fce9df5ce39e68ad033b15d,H6_TABLE1_MONTHLY_SA_M2_FULL_V1,true,FULL_NETWORK_ATTEMPT
role5-h6-full-1168-20250722-a1-body,role5-h6-full-1168-20250722-a1,20250722,https://www.federalreserve.gov/releases/h6/20250722/,full_sequence=H6_M2_2000_20260628_V1/release_date=2025-07-22/source_run=role5-h6-full-1168-20250722-a1/release.html,HTML,118590,9874bf54eca263c7b2ba03fcf681897c1247e229cbf00dc9c2592899eaba5819,200,SUCCESS,2026-07-13T09:18:50.827199Z,full_sequence=H6_M2_2000_20260628_V1/release_date=2025-07-22/source_run=role5-h6-full-1168-20250722-a1/safe_headers.txt,597c81ee70e14fd92b8fc71024ea38419fb89adb0604cb004dda7765a90a7f23,H6_TABLE1_MONTHLY_SA_M2_FULL_V1,true,FULL_NETWORK_ATTEMPT
role5-h6-full-1169-20250826-a1-body,role5-h6-full-1169-20250826-a1,20250826,https://www.federalreserve.gov/releases/h6/20250826/,full_sequence=H6_M2_2000_20260628_V1/release_date=2025-08-26/source_run=role5-h6-full-1169-20250826-a1/release.html,HTML,118660,00b83c5bfdeb268b6954d6d6acce40eb1cb64f84644f03d7c11b967e0b59d6df,200,SUCCESS,2026-07-13T09:18:51.854582Z,full_sequence=H6_M2_2000_20260628_V1/release_date=2025-08-26/source_run=role5-h6-full-1169-20250826-a1/safe_headers.txt,0e842cd934b3ae21910c93f63ffa4e53056304e20c236cc19890dbd91d9c8b33,H6_TABLE1_MONTHLY_SA_M2_FULL_V1,true,FULL_NETWORK_ATTEMPT
role5-h6-full-1170-20250923-a1-body,role5-h6-full-1170-20250923-a1,20250923,https://www.federalreserve.gov/releases/h6/20250923/,full_sequence=H6_M2_2000_20260628_V1/release_date=2025-09-23/source_run=role5-h6-full-1170-20250923-a1/release.html,HTML,118673,70afba630cbacea0a3219ecb43c4ce81e0f9a650c566aa692b453b62a38f36ed,200,SUCCESS,2026-07-13T09:18:52.856378Z,full_sequence=H6_M2_2000_20260628_V1/release_date=2025-09-23/source_run=role5-h6-full-1170-20250923-a1/safe_headers.txt,5e5e04040d758d3050dcd452f3b44f56b0d6cca357970d2a4017a24531e4aae2,H6_TABLE1_MONTHLY_SA_M2_FULL_V1,true,FULL_NETWORK_ATTEMPT
role5-h6-full-1171-20251028-a1-body,role5-h6-full-1171-20251028-a1,20251028,https://www.federalreserve.gov/releases/h6/20251028/,full_sequence=H6_M2_2000_20260628_V1/release_date=2025-10-28/source_run=role5-h6-full-1171-20251028-a1/release.html,HTML,118596,62fbe316d2c3fbe95d21234c8770f15c650a6b5c0e4b9c3605329862235f7cf6,200,SUCCESS,2026-07-13T09:18:53.836259Z,full_sequence=H6_M2_2000_20260628_V1/release_date=2025-10-28/source_run=role5-h6-full-1171-20251028-a1/safe_headers.txt,0b4c80e38484399e55b6510283faf148ed492e7b706b03564ee00112bfa8271c,H6_TABLE1_MONTHLY_SA_M2_FULL_V1,true,FULL_NETWORK_ATTEMPT
role5-h6-full-1172-20251125-a1-body,role5-h6-full-1172-20251125-a1,20251125,https://www.federalreserve.gov/releases/h6/20251125/,full_sequence=H6_M2_2000_20260628_V1/release_date=2025-11-25/source_run=role5-h6-full-1172-20251125-a1/release.html,HTML,118995,7277974bd70e521175bb4386f8630a2e6469c69c6b822a3990121efdcacec141,200,SUCCESS,2026-07-13T09:18:54.857136Z,full_sequence=H6_M2_2000_20260628_V1/release_date=2025-11-25/source_run=role5-h6-full-1172-20251125-a1/safe_headers.txt,c478a1f2c63ad1e1afa36bbb652f80af7e2aeacbb0a3dc45b5a5e91879463bda,H6_TABLE1_MONTHLY_SA_M2_FULL_V1,true,FULL_NETWORK_ATTEMPT
role5-h6-full-1173-20251223-a1-body,role5-h6-full-1173-20251223-a1,20251223,https://www.federalreserve.gov/releases/h6/20251223/,full_sequence=H6_M2_2000_20260628_V1/release_date=2025-12-23/source_run=role5-h6-full-1173-20251223-a1/release.html,HTML,118999,e73d75ef9f0b31b53914e38a9f558628fe0f66d67d81d29968da1ca03927f1e4,200,SUCCESS,2026-07-13T09:18:57.877172Z,full_sequence=H6_M2_2000_20260628_V1/release_date=2025-12-23/source_run=role5-h6-full-1173-20251223-a1/safe_headers.txt,8728116863510daa2c48cebe27d2d91580d9bc5463a461152013d48f97ec3bc6,H6_TABLE1_MONTHLY_SA_M2_FULL_V1,true,FULL_NETWORK_ATTEMPT
role5-h6-full-1174-20260127-a1-body,role5-h6-full-1174-20260127-a1,20260127,https://www.federalreserve.gov/releases/h6/20260127/,full_sequence=H6_M2_2000_20260628_V1/release_date=2026-01-27/source_run=role5-h6-full-1174-20260127-a1/release.html,HTML,117163,e3a4c51440d835d14c4e90feb06e5acef01be1f4e4f913752de7d5f039c391ad,200,SUCCESS,2026-07-13T09:18:58.249394Z,full_sequence=H6_M2_2000_20260628_V1/release_date=2026-01-27/source_run=role5-h6-full-1174-20260127-a1/safe_headers.txt,edf738dc4e1d4c0d89a13534b9098f297249165327d41ae7bbd778eece851f8e,H6_TABLE1_MONTHLY_SA_M2_FULL_V1,true,FULL_NETWORK_ATTEMPT
role5-h6-full-1175-20260224-a1-body,role5-h6-full-1175-20260224-a1,20260224,https://www.federalreserve.gov/releases/h6/20260224/,full_sequence=H6_M2_2000_20260628_V1/release_date=2026-02-24/source_run=role5-h6-full-1175-20260224-a1/release.html,HTML,117212,6c97977574777ea97acf743ceed3ff983fe4bd144826c22dba51053d45cc879e,200,SUCCESS,2026-07-13T09:18:59.257119Z,full_sequence=H6_M2_2000_20260628_V1/release_date=2026-02-24/source_run=role5-h6-full-1175-20260224-a1/safe_headers.txt,133d8b511bf2a79a7034f6e1ba9d8033e02710ad507c6bac0b90f85dce7d3ddb,H6_TABLE1_MONTHLY_SA_M2_FULL_V1,true,FULL_NETWORK_ATTEMPT
role5-h6-full-1176-20260324-a1-body,role5-h6-full-1176-20260324-a1,20260324,https://www.federalreserve.gov/releases/h6/20260324/,full_sequence=H6_M2_2000_20260628_V1/release_date=2026-03-24/source_run=role5-h6-full-1176-20260324-a1/release.html,HTML,156093,c99d1ec96f2dd8ad8aed5d035a4270efa40cf7a5dd13d3b80aad0d7f3669a4c0,200,SUCCESS,2026-07-13T09:19:00.293180Z,full_sequence=H6_M2_2000_20260628_V1/release_date=2026-03-24/source_run=role5-h6-full-1176-20260324-a1/safe_headers.txt,90270bea10051d1c615ff5582abcc65408ddb76706d9b3c9beb40957980d30e0,H6_TABLE1_MONTHLY_SA_M2_FULL_V1,true,FULL_NETWORK_ATTEMPT
role5-h6-full-1177-20260428-a1-body,role5-h6-full-1177-20260428-a1,20260428,https://www.federalreserve.gov/releases/h6/20260428/,full_sequence=H6_M2_2000_20260628_V1/release_date=2026-04-28/source_run=role5-h6-full-1177-20260428-a1/release.html,HTML,117132,b8e0841960b0e72a5b45d8ea55b6442c71a51219c6a9f78baf40a90add1a5664,200,SUCCESS,2026-07-13T09:19:01.275763Z,full_sequence=H6_M2_2000_20260628_V1/release_date=2026-04-28/source_run=role5-h6-full-1177-20260428-a1/safe_headers.txt,91698fa6e85678350e4b9aaec31b56818c64a1a868ea68e2dfaf0ec264fabe8b,H6_TABLE1_MONTHLY_SA_M2_FULL_V1,true,FULL_NETWORK_ATTEMPT
role5-h6-full-1178-20260526-a1-body,role5-h6-full-1178-20260526-a1,20260526,https://www.federalreserve.gov/releases/h6/20260526/,full_sequence=H6_M2_2000_20260628_V1/release_date=2026-05-26/source_run=role5-h6-full-1178-20260526-a1/release.html,HTML,117191,7b8d9c61bd89270b7a9c012d3024fa5519b8ea6f5d58f4daf729c53ba5867340,200,SUCCESS,2026-07-13T09:19:02.377568Z,full_sequence=H6_M2_2000_20260628_V1/release_date=2026-05-26/source_run=role5-h6-full-1178-20260526-a1/safe_headers.txt,113162af3d66707543c647b081e6f70b7278e196fb2032431803dac7907b461c,H6_TABLE1_MONTHLY_SA_M2_FULL_V1,true,FULL_NETWORK_ATTEMPT
role5-pilot-20260623-body,role5-pilot-20260623,20260623,https://www.federalreserve.gov/releases/h6/20260623/,vintage_year=2026/source_run=role5-pilot-20260623/release.html,HTML,119408,8c98919ea8fb60ccd82a366b8332e7bc2bcab18f79018b7662619aff4e5895f1,200,HASH_VERIFIED_PILOT_CACHE_REUSE,2026-07-13T08:23:17Z,vintage_year=2026/source_run=role5-pilot-20260623/headers.txt,a9b67e61e5f3e7de497b43c2c0cf3a7ec684f1e8d650cbb538739768f130ee27,H6_TABLE1_MONTHLY_SA_M2_FULL_V1,true,HASH_VERIFIED_PILOT_CACHE_REUSE
