available_at,direction,event_id,lower,timeframe,upper,zone_type
2017-10-05 17:05:00,BEARISH,D1-20171004-BEARISH,6021.4,M5,6022.9,BREAKER
2017-10-05 16:29:00,BEARISH,D1-20171004-BEARISH,6021.9,M1,6022.4,BREAKER
2017-10-05 17:33:00,BEARISH,D1-20171004-BEARISH,6018.9,M1,6023.8,BREAKER
2017-10-05 18:11:00,BEARISH,D1-20171004-BEARISH,6018.0,M1,6019.9,BREAKER
2017-10-05 18:49:00,BEARISH,D1-20171004-BEARISH,6029.4,M1,6030.4,BREAKER
2017-10-05 20:34:00,BEARISH,D1-20171004-BEARISH,6046.0,M1,6046.5,BREAKER
2017-10-05 21:06:00,BEARISH,D1-20171004-BEARISH,6047.5,M1,6048.5,BREAKER
2017-10-05 22:31:00,BEARISH,D1-20171004-BEARISH,6058.0,M1,6058.9,BREAKER
2017-10-09 22:25:00,BEARISH,D1-20171006-BEARISH,6059.0,M5,6062.5,BREAKER
2017-10-09 08:20:00,BEARISH,D1-20171006-BEARISH,6072.6,M5,6074.1,BREAKER
2017-10-09 18:00:00,BEARISH,D1-20171006-BEARISH,6069.4,M5,6070.1,BREAKER
2017-10-09 17:00:00,BEARISH,D1-20171006-BEARISH,6077.1,M5,6078.1,BREAKER
2017-10-09 02:02:00,BEARISH,D1-20171006-BEARISH,6065.5,M1,6065.9,BREAKER
2017-10-09 21:37:00,BEARISH,D1-20171006-BEARISH,6064.9,M1,6065.3,BREAKER
2017-10-09 21:37:00,BEARISH,D1-20171006-BEARISH,6065.6,M1,6066.0,BREAKER
2017-10-09 04:38:00,BEARISH,D1-20171006-BEARISH,6073.2,M1,6073.4,BREAKER
2017-10-09 08:11:00,BEARISH,D1-20171006-BEARISH,6072.7,M1,6072.8,BREAKER
2017-10-09 05:19:00,BEARISH,D1-20171006-BEARISH,6073.8,M1,6074.6,BREAKER
2017-10-09 08:14:00,BEARISH,D1-20171006-BEARISH,6072.6,M1,6072.8,BREAKER
2017-10-09 07:11:00,BEARISH,D1-20171006-BEARISH,6073.6,M1,6073.8,BREAKER
2017-10-09 07:55:00,BEARISH,D1-20171006-BEARISH,6073.2,M1,6073.3,BREAKER
2017-10-09 09:07:00,BEARISH,D1-20171006-BEARISH,6071.7,M1,6071.8,BREAKER
2017-10-09 09:41:00,BEARISH,D1-20171006-BEARISH,6070.8,M1,6071.2,BREAKER
2017-10-09 16:39:00,BEARISH,D1-20171006-BEARISH,6069.6,M1,6069.9,BREAKER
2017-10-09 10:27:00,BEARISH,D1-20171006-BEARISH,6073.6,M1,6074.3,BREAKER
2017-10-09 11:59:00,BEARISH,D1-20171006-BEARISH,6072.6,M1,6073.1,BREAKER
2017-10-09 12:26:00,BEARISH,D1-20171006-BEARISH,6071.8,M1,6072.6,BREAKER
2017-10-09 12:46:00,BEARISH,D1-20171006-BEARISH,6072.2,M1,6072.6,BREAKER
2017-10-09 16:12:00,BEARISH,D1-20171006-BEARISH,6077.1,M1,6077.8,BREAKER
2017-10-09 16:28:00,BEARISH,D1-20171006-BEARISH,6077.6,M1,6078.6,BREAKER
2017-10-09 17:52:00,BEARISH,D1-20171006-BEARISH,6068.1,M1,6072.1,BREAKER
2017-10-09 17:14:00,BEARISH,D1-20171006-BEARISH,6073.8,M1,6076.3,BREAKER
2017-10-09 20:51:00,BEARISH,D1-20171006-BEARISH,6069.1,M1,6070.1,BREAKER
2017-10-09 20:51:00,BEARISH,D1-20171006-BEARISH,6069.3,M1,6070.6,BREAKER
2017-10-09 20:51:00,BEARISH,D1-20171006-BEARISH,6069.1,M1,6070.1,BREAKER
2017-10-09 20:53:00,BEARISH,D1-20171006-BEARISH,6070.6,M1,6071.3,BREAKER
2017-11-02 17:00:00,BEARISH,D1-20171101-BEARISH,6240.9,M15,6243.4,BREAKER
2017-11-02 17:20:00,BEARISH,D1-20171101-BEARISH,6220.9,M5,6222.4,BREAKER
2017-11-02 17:30:00,BEARISH,D1-20171101-BEARISH,6222.5,M5,6224.9,BREAKER
2017-11-02 17:30:00,BEARISH,D1-20171101-BEARISH,6224.9,M5,6225.2,BREAKER
2017-11-02 12:20:00,BEARISH,D1-20171101-BEARISH,6235.3,M5,6236.9,BREAKER
2017-11-02 16:45:00,BEARISH,D1-20171101-BEARISH,6236.2,M5,6237.5,BREAKER
2017-11-02 11:14:00,BEARISH,D1-20171101-BEARISH,6235.4,M1,6235.5,BREAKER
2017-11-02 18:31:00,BEARISH,D1-20171101-BEARISH,6212.9,M1,6214.4,BREAKER
2017-11-02 06:37:00,BEARISH,D1-20171101-BEARISH,6224.7,M1,6225.5,BREAKER
2017-11-02 09:36:00,BEARISH,D1-20171101-BEARISH,6228.3,M1,6228.9,BREAKER
2017-11-02 17:06:00,BEARISH,D1-20171101-BEARISH,6227.9,M1,6228.5,BREAKER
2017-11-02 17:06:00,BEARISH,D1-20171101-BEARISH,6230.4,M1,6231.5,BREAKER
2017-11-02 16:37:00,BEARISH,D1-20171101-BEARISH,6233.4,M1,6233.9,BREAKER
2017-11-02 13:16:00,BEARISH,D1-20171101-BEARISH,6237.4,M1,6238.1,BREAKER
2017-11-02 16:43:00,BEARISH,D1-20171101-BEARISH,6236.2,M1,6236.7,BREAKER
2017-11-02 14:29:00,BEARISH,D1-20171101-BEARISH,6240.7,M1,6241.3,BREAKER
2017-11-02 16:32:00,BEARISH,D1-20171101-BEARISH,6240.3,M1,6240.7,BREAKER
2017-11-02 15:04:00,BEARISH,D1-20171101-BEARISH,6242.3,M1,6242.9,BREAKER
2017-11-02 16:32:00,BEARISH,D1-20171101-BEARISH,6242.4,M1,6243.0,BREAKER
2017-11-02 16:11:00,BEARISH,D1-20171101-BEARISH,6245.9,M1,6247.2,BREAKER
2017-11-02 17:04:00,BEARISH,D1-20171101-BEARISH,6233.7,M1,6237.2,BREAKER
2017-11-02 19:07:00,BEARISH,D1-20171101-BEARISH,6222.7,M1,6224.7,BREAKER
2017-11-02 18:26:00,BEARISH,D1-20171101-BEARISH,6224.2,M1,6226.2,BREAKER
2017-11-02 19:48:00,BEARISH,D1-20171101-BEARISH,6224.7,M1,6226.7,BREAKER
2017-11-02 20:29:00,BEARISH,D1-20171101-BEARISH,6227.2,M1,6228.7,BREAKER
2017-11-02 20:28:00,BEARISH,D1-20171101-BEARISH,6227.4,M1,6229.2,BREAKER
2017-11-02 22:22:00,BEARISH,D1-20171101-BEARISH,6233.7,M1,6234.7,BREAKER
2017-11-24 17:35:00,BEARISH,D1-20171123-BEARISH,6391.9,M5,6392.5,BREAKER
2017-11-24 17:35:00,BEARISH,D1-20171123-BEARISH,6393.5,M5,6395.1,BREAKER
2017-11-24 13:19:00,BEARISH,D1-20171123-BEARISH,6388.5,M1,6388.6,BREAKER
2017-11-24 17:31:00,BEARISH,D1-20171123-BEARISH,6392.8,M1,6393.1,BREAKER
2017-11-24 17:37:00,BEARISH,D1-20171123-BEARISH,6395.0,M1,6395.3,BREAKER
2018-02-19 16:25:00,BEARISH,D1-20180216-BEARISH,6793.2,M5,6796.7,BREAKER
2018-02-19 11:35:00,BEARISH,D1-20180216-BEARISH,6807.5,M5,6808.8,BREAKER
2018-02-19 12:11:00,BEARISH,D1-20180216-BEARISH,6798.3,M1,6799.3,BREAKER
2018-02-19 11:58:00,BEARISH,D1-20180216-BEARISH,6800.8,M1,6801.1,BREAKER
2018-02-19 06:31:00,BEARISH,D1-20180216-BEARISH,6802.7,M1,6803.1,BREAKER
2018-02-19 11:09:00,BEARISH,D1-20180216-BEARISH,6804.2,M1,6804.7,BREAKER
2018-02-19 09:43:00,BEARISH,D1-20180216-BEARISH,6807.5,M1,6808.3,BREAKER
2018-02-19 08:43:00,BEARISH,D1-20180216-BEARISH,6810.8,M1,6811.2,BREAKER
2018-02-19 09:21:00,BEARISH,D1-20180216-BEARISH,6810.0,M1,6810.6,BREAKER
2018-02-19 09:43:00,BEARISH,D1-20180216-BEARISH,6807.5,M1,6807.8,BREAKER
2018-02-19 10:32:00,BEARISH,D1-20180216-BEARISH,6808.7,M1,6809.6,BREAKER
2018-02-19 16:51:00,BEARISH,D1-20180216-BEARISH,6790.6,M1,6791.3,BREAKER
2018-02-19 16:48:00,BEARISH,D1-20180216-BEARISH,6792.8,M1,6794.7,BREAKER
2018-02-19 18:51:00,BEARISH,D1-20180216-BEARISH,6770.0,M1,6771.7,BREAKER
2018-02-19 20:05:00,BEARISH,D1-20180216-BEARISH,6780.2,M1,6780.6,BREAKER
2018-02-19 20:37:00,BEARISH,D1-20180216-BEARISH,6779.5,M1,6780.6,BREAKER
2018-04-24 08:45:00,BULLISH,D1-20180423-BULLISH,6661.2,M15,6677.4,BREAKER
2018-04-24 05:50:00,BULLISH,D1-20180423-BULLISH,6664.4,M5,6667.8,BREAKER
2018-04-24 23:10:00,BULLISH,D1-20180423-BULLISH,6512.4,M5,6521.7,BREAKER
2018-04-25 00:00:00,BULLISH,D1-20180423-BULLISH,6505.0,M5,6523.7,BREAKER
2018-04-24 05:02:00,BULLISH,D1-20180423-BULLISH,6668.4,M1,6670.3,BREAKER
2018-04-24 05:00:00,BULLISH,D1-20180423-BULLISH,6665.7,M1,6666.5,BREAKER
2018-04-24 04:18:00,BULLISH,D1-20180423-BULLISH,6656.3,M1,6657.9,BREAKER
2018-04-24 06:03:00,BULLISH,D1-20180423-BULLISH,6669.8,M1,6670.4,BREAKER
2018-04-24 06:16:00,BULLISH,D1-20180423-BULLISH,6668.3,M1,6668.8,BREAKER
2018-04-24 07:45:00,BULLISH,D1-20180423-BULLISH,6672.8,M1,6672.9,BREAKER
2018-04-24 11:02:00,BULLISH,D1-20180423-BULLISH,6681.2,M1,6681.4,BREAKER
2018-04-24 10:23:00,BULLISH,D1-20180423-BULLISH,6675.9,M1,6677.0,BREAKER
2018-04-24 10:03:00,BULLISH,D1-20180423-BULLISH,6673.7,M1,6674.4,BREAKER
2018-04-24 10:20:00,BULLISH,D1-20180423-BULLISH,6674.0,M1,6675.7,BREAKER
2018-04-24 16:31:00,BULLISH,D1-20180423-BULLISH,6676.4,M1,6679.8,BREAKER
2018-04-24 15:21:00,BULLISH,D1-20180423-BULLISH,6699.8,M1,6702.0,BREAKER
2018-04-24 17:04:00,BULLISH,D1-20180423-BULLISH,6663.7,M1,6668.2,BREAKER
2018-04-24 23:06:00,BULLISH,D1-20180423-BULLISH,6515.3,M1,6521.4,BREAKER
2018-04-24 21:24:00,BULLISH,D1-20180423-BULLISH,6490.6,M1,6500.9,BREAKER
2018-04-24 21:46:00,BULLISH,D1-20180423-BULLISH,6488.6,M1,6494.5,BREAKER
2018-04-24 22:52:00,BULLISH,D1-20180423-BULLISH,6505.1,M1,6507.5,BREAKER
2018-04-24 23:49:00,BULLISH,D1-20180423-BULLISH,6522.5,M1,6526.6,BREAKER
2018-05-14 21:30:00,BEARISH,D1-20180511-BEARISH,6969.3,M15,6974.5,BREAKER
2018-05-14 08:35:00,BEARISH,D1-20180511-BEARISH,6986.0,M5,6986.5,BREAKER
2018-05-14 08:25:00,BEARISH,D1-20180511-BEARISH,6987.9,M5,6988.8,BREAKER
2018-05-14 14:25:00,BEARISH,D1-20180511-BEARISH,6973.4,M5,6974.8,BREAKER
2018-05-14 13:05:00,BEARISH,D1-20180511-BEARISH,6979.5,M5,6981.3,BREAKER
2018-05-14 20:25:00,BEARISH,D1-20180511-BEARISH,6969.3,M5,6972.3,BREAKER
2018-05-14 20:20:00,BEARISH,D1-20180511-BEARISH,6974.0,M5,6984.0,BREAKER
2018-05-14 02:11:00,BEARISH,D1-20180511-BEARISH,6973.9,M1,6974.4,BREAKER
2018-05-14 04:33:00,BEARISH,D1-20180511-BEARISH,6982.6,M1,6983.1,BREAKER
2018-05-14 08:58:00,BEARISH,D1-20180511-BEARISH,6983.5,M1,6984.0,BREAKER
2018-05-14 08:31:00,BEARISH,D1-20180511-BEARISH,6986.0,M1,6986.4,BREAKER
2018-05-14 08:23:00,BEARISH,D1-20180511-BEARISH,6987.6,M1,6987.9,BREAKER
2018-05-14 08:18:00,BEARISH,D1-20180511-BEARISH,6987.9,M1,6988.1,BREAKER
2018-05-14 11:26:00,BEARISH,D1-20180511-BEARISH,6977.9,M1,6979.1,BREAKER
2018-05-14 13:43:00,BEARISH,D1-20180511-BEARISH,6975.4,M1,6976.1,BREAKER
2018-05-14 13:43:00,BEARISH,D1-20180511-BEARISH,6975.5,M1,6976.5,BREAKER
2018-05-14 12:58:00,BEARISH,D1-20180511-BEARISH,6979.0,M1,6979.5,BREAKER
2018-05-14 12:56:00,BEARISH,D1-20180511-BEARISH,6980.3,M1,6981.1,BREAKER
2018-05-14 14:18:00,BEARISH,D1-20180511-BEARISH,6974.0,M1,6975.1,BREAKER
2018-05-14 16:29:00,BEARISH,D1-20180511-BEARISH,6971.9,M1,6972.8,BREAKER
2018-05-14 20:25:00,BEARISH,D1-20180511-BEARISH,6970.8,M1,6972.0,BREAKER
2018-05-14 20:04:00,BEARISH,D1-20180511-BEARISH,6974.3,M1,6979.3,BREAKER
2018-05-14 20:02:00,BEARISH,D1-20180511-BEARISH,6978.8,M1,6983.0,BREAKER
2018-05-14 18:42:00,BEARISH,D1-20180511-BEARISH,6989.3,M1,6991.5,BREAKER
2018-05-14 18:00:00,BEARISH,D1-20180511-BEARISH,6998.5,M1,7000.8,BREAKER
2018-05-14 17:47:00,BEARISH,D1-20180511-BEARISH,7002.8,M1,7005.5,BREAKER
2018-06-14 15:55:00,BEARISH,D1-20180613-BEARISH,7228.7,M5,7231.3,BREAKER
2018-06-14 22:05:00,BEARISH,D1-20180613-BEARISH,7270.9,M5,7275.6,BREAKER
2018-06-14 05:43:00,BEARISH,D1-20180613-BEARISH,7210.0,M1,7211.1,BREAKER
2018-06-14 07:29:00,BEARISH,D1-20180613-BEARISH,7203.8,M1,7204.3,BREAKER
2018-06-14 07:29:00,BEARISH,D1-20180613-BEARISH,7204.0,M1,7204.7,BREAKER
2018-06-14 07:57:00,BEARISH,D1-20180613-BEARISH,7204.6,M1,7205.0,BREAKER
2018-06-14 10:20:00,BEARISH,D1-20180613-BEARISH,7182.7,M1,7184.7,BREAKER
2018-06-14 11:00:00,BEARISH,D1-20180613-BEARISH,7193.2,M1,7194.6,BREAKER
2018-06-14 11:51:00,BEARISH,D1-20180613-BEARISH,7195.5,M1,7196.2,BREAKER
2018-06-14 12:52:00,BEARISH,D1-20180613-BEARISH,7194.6,M1,7195.3,BREAKER
2018-06-14 12:21:00,BEARISH,D1-20180613-BEARISH,7199.1,M1,7200.2,BREAKER
2018-06-14 13:32:00,BEARISH,D1-20180613-BEARISH,7202.0,M1,7202.7,BREAKER
2018-06-14 14:17:00,BEARISH,D1-20180613-BEARISH,7201.7,M1,7202.1,BREAKER
2018-06-14 15:51:00,BEARISH,D1-20180613-BEARISH,7228.7,M1,7229.8,BREAKER
2018-06-14 15:46:00,BEARISH,D1-20180613-BEARISH,7232.3,M1,7233.8,BREAKER
2018-06-14 18:13:00,BEARISH,D1-20180613-BEARISH,7267.3,M1,7270.1,BREAKER
2018-06-14 22:05:00,BEARISH,D1-20180613-BEARISH,7270.9,M1,7274.2,BREAKER
2018-06-14 21:08:00,BEARISH,D1-20180613-BEARISH,7286.6,M1,7287.6,BREAKER
2018-06-14 20:54:00,BEARISH,D1-20180613-BEARISH,7291.1,M1,7292.4,BREAKER
2018-06-14 22:52:00,BEARISH,D1-20180613-BEARISH,7282.1,M1,7284.6,BREAKER
2018-07-19 17:15:00,BEARISH,D1-20180718-BEARISH,7361.8,M15,7365.9,BREAKER
2018-07-19 03:15:00,BEARISH,D1-20180718-BEARISH,7390.4,M5,7391.4,BREAKER
2018-07-19 07:30:00,BEARISH,D1-20180718-BEARISH,7389.4,M5,7391.7,BREAKER
2018-07-19 16:40:00,BEARISH,D1-20180718-BEARISH,7385.2,M5,7387.7,BREAKER
2018-07-19 17:00:00,BEARISH,D1-20180718-BEARISH,7357.8,M5,7359.4,BREAKER
2018-07-19 10:19:00,BEARISH,D1-20180718-BEARISH,7383.0,M1,7383.3,BREAKER
2018-07-19 06:30:00,BEARISH,D1-20180718-BEARISH,7392.9,M1,7393.4,BREAKER
2018-07-19 04:18:00,BEARISH,D1-20180718-BEARISH,7395.9,M1,7396.2,BREAKER
2018-07-19 04:34:00,BEARISH,D1-20180718-BEARISH,7395.6,M1,7396.8,BREAKER
2018-07-19 06:23:00,BEARISH,D1-20180718-BEARISH,7394.7,M1,7395.9,BREAKER
2018-07-19 07:42:00,BEARISH,D1-20180718-BEARISH,7387.9,M1,7388.7,BREAKER
2018-07-19 09:30:00,BEARISH,D1-20180718-BEARISH,7384.7,M1,7385.7,BREAKER
2018-07-19 09:04:00,BEARISH,D1-20180718-BEARISH,7387.2,M1,7387.7,BREAKER
2018-07-19 16:36:00,BEARISH,D1-20180718-BEARISH,7385.1,M1,7385.9,BREAKER
2018-07-19 12:22:00,BEARISH,D1-20180718-BEARISH,7376.2,M1,7376.9,BREAKER
2018-07-19 15:02:00,BEARISH,D1-20180718-BEARISH,7358.9,M1,7360.3,BREAKER
2018-07-19 14:19:00,BEARISH,D1-20180718-BEARISH,7363.3,M1,7364.2,BREAKER
2018-07-19 16:56:00,BEARISH,D1-20180718-BEARISH,7357.3,M1,7358.4,BREAKER
2018-07-19 16:50:00,BEARISH,D1-20180718-BEARISH,7371.6,M1,7376.3,BREAKER
2018-07-19 17:38:00,BEARISH,D1-20180718-BEARISH,7348.6,M1,7352.8,BREAKER
2018-07-19 19:30:00,BEARISH,D1-20180718-BEARISH,7362.3,M1,7365.8,BREAKER
2018-07-19 19:09:00,BEARISH,D1-20180718-BEARISH,7367.6,M1,7369.8,BREAKER
2018-07-19 19:04:00,BEARISH,D1-20180718-BEARISH,7370.6,M1,7373.1,BREAKER
2018-07-19 22:22:00,BEARISH,D1-20180718-BEARISH,7348.8,M1,7353.1,BREAKER
2018-07-19 21:15:00,BEARISH,D1-20180718-BEARISH,7368.1,M1,7369.9,BREAKER
2018-07-19 22:55:00,BEARISH,D1-20180718-BEARISH,7347.6,M1,7351.9,BREAKER
2018-07-19 23:03:00,BEARISH,D1-20180718-BEARISH,7353.6,M1,7356.0,BREAKER
2018-07-19 23:07:00,BEARISH,D1-20180718-BEARISH,7345.6,M1,7348.7,BREAKER
2018-08-09 23:15:00,BEARISH,D1-20180808-BEARISH,7465.7,M15,7476.5,BREAKER
2018-08-09 14:45:00,BEARISH,D1-20180808-BEARISH,7463.9,M5,7465.7,BREAKER
2018-08-09 14:05:00,BEARISH,D1-20180808-BEARISH,7467.1,M5,7468.4,BREAKER
2018-08-09 16:40:00,BEARISH,D1-20180808-BEARISH,7467.1,M5,7469.1,BREAKER
2018-08-09 12:53:00,BEARISH,D1-20180808-BEARISH,7467.0,M1,7467.6,BREAKER
2018-08-09 12:58:00,BEARISH,D1-20180808-BEARISH,7467.6,M1,7468.6,BREAKER
2018-08-09 14:08:00,BEARISH,D1-20180808-BEARISH,7468.4,M1,7468.9,BREAKER
2018-08-09 15:48:00,BEARISH,D1-20180808-BEARISH,7468.3,M1,7468.8,BREAKER
2018-08-09 16:25:00,BEARISH,D1-20180808-BEARISH,7467.1,M1,7468.3,BREAKER
2018-08-09 16:37:00,BEARISH,D1-20180808-BEARISH,7464.6,M1,7468.5,BREAKER
2018-08-09 18:18:00,BEARISH,D1-20180808-BEARISH,7481.3,M1,7484.1,BREAKER
2018-08-09 22:37:00,BEARISH,D1-20180808-BEARISH,7474.5,M1,7476.0,BREAKER
2018-08-09 20:10:00,BEARISH,D1-20180808-BEARISH,7482.8,M1,7484.0,BREAKER
2018-08-09 20:02:00,BEARISH,D1-20180808-BEARISH,7486.3,M1,7487.3,BREAKER
2018-08-09 22:11:00,BEARISH,D1-20180808-BEARISH,7483.8,M1,7485.5,BREAKER
2018-08-24 14:25:00,BEARISH,D1-20180823-BEARISH,7434.3,M5,7435.4,BREAKER
2018-08-24 14:15:00,BEARISH,D1-20180823-BEARISH,7435.9,M1,7436.8,BREAKER
2018-08-24 18:02:00,BEARISH,D1-20180823-BEARISH,7476.8,M1,7479.3,BREAKER
2018-08-24 22:30:00,BEARISH,D1-20180823-BEARISH,7481.5,M1,7482.0,BREAKER
2018-09-17 15:15:00,BEARISH,D1-20180914-BEARISH,7528.8,M15,7532.5,BREAKER
2018-09-17 05:25:00,BEARISH,D1-20180914-BEARISH,7526.7,M5,7529.8,BREAKER
2018-09-17 10:15:00,BEARISH,D1-20180914-BEARISH,7525.2,M5,7527.8,BREAKER
2018-09-17 14:45:00,BEARISH,D1-20180914-BEARISH,7528.4,M5,7531.5,BREAKER
2018-09-17 02:54:00,BEARISH,D1-20180914-BEARISH,7530.8,M1,7531.1,BREAKER
2018-09-17 10:03:00,BEARISH,D1-20180914-BEARISH,7523.8,M1,7524.2,BREAKER
2018-09-17 05:14:00,BEARISH,D1-20180914-BEARISH,7526.9,M1,7527.7,BREAKER
2018-09-17 05:06:00,BEARISH,D1-20180914-BEARISH,7528.1,M1,7529.2,BREAKER
2018-09-17 05:06:00,BEARISH,D1-20180914-BEARISH,7528.1,M1,7529.6,BREAKER
2018-09-17 06:44:00,BEARISH,D1-20180914-BEARISH,7534.1,M1,7534.6,BREAKER
2018-09-17 07:39:00,BEARISH,D1-20180914-BEARISH,7532.6,M1,7533.1,BREAKER
2018-09-17 06:58:00,BEARISH,D1-20180914-BEARISH,7533.6,M1,7534.1,BREAKER
2018-09-17 10:13:00,BEARISH,D1-20180914-BEARISH,7525.3,M1,7526.3,BREAKER
2018-09-17 09:15:00,BEARISH,D1-20180914-BEARISH,7529.3,M1,7529.6,BREAKER
2018-09-17 09:24:00,BEARISH,D1-20180914-BEARISH,7529.6,M1,7530.8,BREAKER
2018-09-17 16:34:00,BEARISH,D1-20180914-BEARISH,7537.9,M1,7538.3,BREAKER
2018-09-17 14:34:00,BEARISH,D1-20180914-BEARISH,7530.6,M1,7531.2,BREAKER
2018-09-17 15:57:00,BEARISH,D1-20180914-BEARISH,7527.0,M1,7527.8,BREAKER
2018-09-17 20:33:00,BEARISH,D1-20180914-BEARISH,7467.2,M1,7471.3,BREAKER
2018-09-17 19:48:00,BEARISH,D1-20180914-BEARISH,7488.5,M1,7490.5,BREAKER
2018-09-17 20:00:00,BEARISH,D1-20180914-BEARISH,7487.2,M1,7489.8,BREAKER
2018-09-17 22:01:00,BEARISH,D1-20180914-BEARISH,7471.0,M1,7473.7,BREAKER
2018-09-17 21:50:00,BEARISH,D1-20180914-BEARISH,7477.8,M1,7480.5,BREAKER
2019-02-20 01:30:00,BEARISH,D1-20190219-BEARISH,7057.8,M15,7068.3,BREAKER
2019-02-20 06:45:00,BEARISH,D1-20190219-BEARISH,7058.4,M15,7062.1,BREAKER
2019-02-20 12:00:00,BEARISH,D1-20190219-BEARISH,7053.6,M15,7056.6,BREAKER
2019-02-20 21:00:00,BEARISH,D1-20190219-BEARISH,7067.6,M15,7073.1,BREAKER
2019-02-20 21:15:00,BEARISH,D1-20190219-BEARISH,7074.1,M15,7085.9,BREAKER
2019-02-20 11:40:00,BEARISH,D1-20190219-BEARISH,7054.4,M5,7056.1,BREAKER
2019-02-20 21:35:00,BEARISH,D1-20190219-BEARISH,7054.9,M5,7057.4,BREAKER
2019-02-20 02:25:00,BEARISH,D1-20190219-BEARISH,7058.8,M1,7060.0,BREAKER
2019-02-20 05:41:00,BEARISH,D1-20190219-BEARISH,7058.6,M1,7058.8,BREAKER
2019-02-20 08:05:00,BEARISH,D1-20190219-BEARISH,7060.9,M1,7062.3,BREAKER
2019-02-20 07:12:00,BEARISH,D1-20190219-BEARISH,7054.9,M1,7055.6,BREAKER
2019-02-20 07:21:00,BEARISH,D1-20190219-BEARISH,7056.1,M1,7056.9,BREAKER
2019-02-20 07:40:00,BEARISH,D1-20190219-BEARISH,7055.5,M1,7055.9,BREAKER
2019-02-20 10:01:00,BEARISH,D1-20190219-BEARISH,7058.9,M1,7059.8,BREAKER
2019-02-20 10:45:00,BEARISH,D1-20190219-BEARISH,7063.5,M1,7065.4,BREAKER
2019-02-20 11:25:00,BEARISH,D1-20190219-BEARISH,7057.6,M1,7060.1,BREAKER
2019-02-20 13:27:00,BEARISH,D1-20190219-BEARISH,7054.1,M1,7055.5,BREAKER
2019-02-20 13:09:00,BEARISH,D1-20190219-BEARISH,7057.0,M1,7058.0,BREAKER
2019-02-20 20:14:00,BEARISH,D1-20190219-BEARISH,7053.6,M1,7054.8,BREAKER
2019-02-20 20:29:00,BEARISH,D1-20190219-BEARISH,7057.5,M1,7058.1,BREAKER
2019-02-20 20:29:00,BEARISH,D1-20190219-BEARISH,7059.0,M1,7059.4,BREAKER
2019-02-20 19:10:00,BEARISH,D1-20190219-BEARISH,7067.6,M1,7068.6,BREAKER
2019-02-20 19:10:00,BEARISH,D1-20190219-BEARISH,7067.6,M1,7070.6,BREAKER
2019-02-20 16:48:00,BEARISH,D1-20190219-BEARISH,7073.1,M1,7076.0,BREAKER
2019-02-20 21:08:00,BEARISH,D1-20190219-BEARISH,7074.6,M1,7076.9,BREAKER
2019-02-20 18:26:00,BEARISH,D1-20190219-BEARISH,7080.8,M1,7082.9,BREAKER
2019-02-20 18:59:00,BEARISH,D1-20190219-BEARISH,7082.6,M1,7084.6,BREAKER
2019-02-20 21:27:00,BEARISH,D1-20190219-BEARISH,7035.6,M1,7037.9,BREAKER
2019-02-20 21:19:00,BEARISH,D1-20190219-BEARISH,7046.5,M1,7048.0,BREAKER
2019-02-20 21:13:00,BEARISH,D1-20190219-BEARISH,7051.9,M1,7056.9,BREAKER
2019-02-20 22:02:00,BEARISH,D1-20190219-BEARISH,7055.1,M1,7057.6,BREAKER
2019-04-12 17:00:00,BEARISH,D1-20190411-BEARISH,7624.7,M15,7630.3,BREAKER
2019-04-12 18:35:00,BEARISH,D1-20190411-BEARISH,7610.6,M5,7614.9,BREAKER
2019-04-12 17:55:00,BEARISH,D1-20190411-BEARISH,7613.0,M5,7618.7,BREAKER
2019-04-12 16:40:00,BEARISH,D1-20190411-BEARISH,7621.0,M5,7625.7,BREAKER
2019-04-12 08:59:00,BEARISH,D1-20190411-BEARISH,7598.5,M1,7598.8,BREAKER
2019-04-12 17:45:00,BEARISH,D1-20190411-BEARISH,7612.6,M1,7613.8,BREAKER
2019-04-12 12:32:00,BEARISH,D1-20190411-BEARISH,7622.6,M1,7623.7,BREAKER
2019-04-12 13:43:00,BEARISH,D1-20190411-BEARISH,7626.1,M1,7626.8,BREAKER
2019-04-12 14:55:00,BEARISH,D1-20190411-BEARISH,7626.8,M1,7628.1,BREAKER
2019-04-12 16:33:00,BEARISH,D1-20190411-BEARISH,7625.0,M1,7626.3,BREAKER
2019-04-12 15:36:00,BEARISH,D1-20190411-BEARISH,7633.6,M1,7634.6,BREAKER
2019-04-12 20:41:00,BEARISH,D1-20190411-BEARISH,7615.1,M1,7616.1,BREAKER
2019-04-12 22:03:00,BEARISH,D1-20190411-BEARISH,7619.8,M1,7620.6,BREAKER
2019-07-12 08:55:00,BEARISH,D1-20190711-BEARISH,7912.0,M1,7912.6,BREAKER
2019-07-12 16:31:00,BEARISH,D1-20190711-BEARISH,7905.6,M1,7907.4,BREAKER
2019-07-12 13:50:00,BEARISH,D1-20190711-BEARISH,7916.1,M1,7917.2,BREAKER
2019-07-12 14:04:00,BEARISH,D1-20190711-BEARISH,7917.5,M1,7919.0,BREAKER
2019-07-12 14:14:00,BEARISH,D1-20190711-BEARISH,7915.1,M1,7916.4,BREAKER
2019-07-12 15:05:00,BEARISH,D1-20190711-BEARISH,7912.6,M1,7913.1,BREAKER
2019-07-12 15:38:00,BEARISH,D1-20190711-BEARISH,7911.8,M1,7912.9,BREAKER
2019-07-12 15:32:00,BEARISH,D1-20190711-BEARISH,7915.8,M1,7916.9,BREAKER
2019-07-12 17:47:00,BEARISH,D1-20190711-BEARISH,7903.3,M1,7909.1,BREAKER
2019-07-12 17:27:00,BEARISH,D1-20190711-BEARISH,7908.5,M1,7911.8,BREAKER
2019-07-12 20:08:00,BEARISH,D1-20190711-BEARISH,7931.6,M1,7932.3,BREAKER
2019-07-12 21:47:00,BEARISH,D1-20190711-BEARISH,7929.8,M1,7930.8,BREAKER
2019-07-12 23:12:00,BEARISH,D1-20190711-BEARISH,7935.9,M1,7938.2,BREAKER
2019-08-16 01:15:00,BULLISH,D1-20190815-BULLISH,7484.6,M15,7499.1,BREAKER
2019-08-16 08:45:00,BULLISH,D1-20190815-BULLISH,7540.8,M5,7544.4,BREAKER
2019-08-16 16:15:00,BULLISH,D1-20190815-BULLISH,7543.6,M5,7550.4,BREAKER
2019-08-16 17:30:00,BULLISH,D1-20190815-BULLISH,7571.6,M5,7574.1,BREAKER
2019-08-16 03:51:00,BULLISH,D1-20190815-BULLISH,7515.8,M1,7516.9,BREAKER
2019-08-16 03:13:00,BULLISH,D1-20190815-BULLISH,7505.1,M1,7508.6,BREAKER
2019-08-16 06:46:00,BULLISH,D1-20190815-BULLISH,7541.4,M1,7542.0,BREAKER
2019-08-16 10:37:00,BULLISH,D1-20190815-BULLISH,7556.3,M1,7557.1,BREAKER
2019-08-16 10:25:00,BULLISH,D1-20190815-BULLISH,7545.9,M1,7550.4,BREAKER
2019-08-16 11:09:00,BULLISH,D1-20190815-BULLISH,7559.1,M1,7561.5,BREAKER
2019-08-16 11:25:00,BULLISH,D1-20190815-BULLISH,7563.5,M1,7565.1,BREAKER
2019-08-16 11:58:00,BULLISH,D1-20190815-BULLISH,7583.0,M1,7584.9,BREAKER
2019-08-16 14:07:00,BULLISH,D1-20190815-BULLISH,7586.0,M1,7588.6,BREAKER
2019-08-16 15:22:00,BULLISH,D1-20190815-BULLISH,7569.5,M1,7571.5,BREAKER
2019-08-16 17:23:00,BULLISH,D1-20190815-BULLISH,7573.0,M1,7576.1,BREAKER
2019-08-16 17:23:00,BULLISH,D1-20190815-BULLISH,7571.6,M1,7572.9,BREAKER
2019-08-16 16:00:00,BULLISH,D1-20190815-BULLISH,7565.8,M1,7569.0,BREAKER
2019-08-16 16:37:00,BULLISH,D1-20190815-BULLISH,7564.8,M1,7566.4,BREAKER
2019-08-16 16:32:00,BULLISH,D1-20190815-BULLISH,7554.3,M1,7558.9,BREAKER
2019-08-16 19:37:00,BULLISH,D1-20190815-BULLISH,7596.9,M1,7600.2,BREAKER
2019-08-16 22:05:00,BULLISH,D1-20190815-BULLISH,7605.1,M1,7608.2,BREAKER
2019-09-09 01:05:00,BEARISH,D1-20190906-BEARISH,7866.1,M5,7868.6,BREAKER
2019-09-09 17:10:00,BEARISH,D1-20190906-BEARISH,7860.3,M5,7866.2,BREAKER
2019-09-09 04:55:00,BEARISH,D1-20190906-BEARISH,7868.1,M5,7870.2,BREAKER
2019-09-09 16:45:00,BEARISH,D1-20190906-BEARISH,7870.4,M5,7873.1,BREAKER
2019-09-09 02:19:00,BEARISH,D1-20190906-BEARISH,7866.1,M1,7868.2,BREAKER
2019-09-09 02:23:00,BEARISH,D1-20190906-BEARISH,7866.8,M1,7868.0,BREAKER
2019-09-09 03:06:00,BEARISH,D1-20190906-BEARISH,7863.3,M1,7864.2,BREAKER
2019-09-09 17:07:00,BEARISH,D1-20190906-BEARISH,7860.5,M1,7862.0,BREAKER
2019-09-09 04:50:00,BEARISH,D1-20190906-BEARISH,7867.8,M1,7869.2,BREAKER
2019-09-09 04:52:00,BEARISH,D1-20190906-BEARISH,7870.5,M1,7872.6,BREAKER
2019-09-09 10:01:00,BEARISH,D1-20190906-BEARISH,7877.8,M1,7879.1,BREAKER
2019-09-09 07:40:00,BEARISH,D1-20190906-BEARISH,7873.1,M1,7873.9,BREAKER
2019-09-09 08:51:00,BEARISH,D1-20190906-BEARISH,7872.1,M1,7872.5,BREAKER
2019-09-09 09:10:00,BEARISH,D1-20190906-BEARISH,7870.8,M1,7872.0,BREAKER
2019-09-09 16:37:00,BEARISH,D1-20190906-BEARISH,7869.6,M1,7871.6,BREAKER
2019-09-09 14:08:00,BEARISH,D1-20190906-BEARISH,7872.1,M1,7873.1,BREAKER
2019-09-09 13:34:00,BEARISH,D1-20190906-BEARISH,7876.0,M1,7877.1,BREAKER
2019-09-09 14:01:00,BEARISH,D1-20190906-BEARISH,7874.1,M1,7875.0,BREAKER
2019-09-09 16:33:00,BEARISH,D1-20190906-BEARISH,7876.3,M1,7878.0,BREAKER
2019-09-09 20:35:00,BEARISH,D1-20190906-BEARISH,7814.9,M1,7818.1,BREAKER
2019-09-09 21:12:00,BEARISH,D1-20190906-BEARISH,7810.6,M1,7813.6,BREAKER
2019-11-20 10:15:00,BEARISH,D1-20191119-BEARISH,8307.5,M15,8309.6,BREAKER
2019-11-20 23:15:00,BEARISH,D1-20191119-BEARISH,8285.9,M15,8293.2,BREAKER
2019-11-20 19:10:00,BEARISH,D1-20191119-BEARISH,8315.7,M5,8326.4,BREAKER
2019-11-20 04:49:00,BEARISH,D1-20191119-BEARISH,8301.4,M1,8302.5,BREAKER
2019-11-20 06:01:00,BEARISH,D1-20191119-BEARISH,8305.3,M1,8306.1,BREAKER
2019-11-20 09:44:00,BEARISH,D1-20191119-BEARISH,8307.6,M1,8308.6,BREAKER
2019-11-20 09:44:00,BEARISH,D1-20191119-BEARISH,8307.9,M1,8308.6,BREAKER
2019-11-20 09:45:00,BEARISH,D1-20191119-BEARISH,8312.4,M1,8313.9,BREAKER
2019-11-20 12:23:00,BEARISH,D1-20191119-BEARISH,8297.5,M1,8298.6,BREAKER
2019-11-20 11:56:00,BEARISH,D1-20191119-BEARISH,8301.3,M1,8302.6,BREAKER
2019-11-20 13:11:00,BEARISH,D1-20191119-BEARISH,8292.7,M1,8293.9,BREAKER
2019-11-20 14:45:00,BEARISH,D1-20191119-BEARISH,8305.2,M1,8306.2,BREAKER
2019-11-20 15:42:00,BEARISH,D1-20191119-BEARISH,8308.2,M1,8308.9,BREAKER
2019-11-20 19:54:00,BEARISH,D1-20191119-BEARISH,8307.7,M1,8308.7,BREAKER
2019-11-20 19:54:00,BEARISH,D1-20191119-BEARISH,8308.2,M1,8309.9,BREAKER
2019-11-20 19:54:00,BEARISH,D1-20191119-BEARISH,8309.7,M1,8315.4,BREAKER
2019-11-20 17:16:00,BEARISH,D1-20191119-BEARISH,8323.9,M1,8327.2,BREAKER
2019-11-20 19:00:00,BEARISH,D1-20191119-BEARISH,8315.7,M1,8322.9,BREAKER
2019-11-20 18:12:00,BEARISH,D1-20191119-BEARISH,8328.2,M1,8330.9,BREAKER
2019-11-25 06:30:00,BEARISH,D1-20191122-BEARISH,8302.6,M5,8304.0,BREAKER
2019-11-25 07:20:00,BEARISH,D1-20191122-BEARISH,8300.6,M1,8301.3,BREAKER
2019-11-25 06:26:00,BEARISH,D1-20191122-BEARISH,8302.6,M1,8303.1,BREAKER
2019-11-25 04:57:00,BEARISH,D1-20191122-BEARISH,8305.1,M1,8306.6,BREAKER
2019-11-25 07:42:00,BEARISH,D1-20191122-BEARISH,8305.1,M1,8305.4,BREAKER
2019-11-25 09:26:00,BEARISH,D1-20191122-BEARISH,8302.3,M1,8303.4,BREAKER
2019-11-25 09:18:00,BEARISH,D1-20191122-BEARISH,8303.4,M1,8304.1,BREAKER
2019-11-25 08:41:00,BEARISH,D1-20191122-BEARISH,8305.5,M1,8307.4,BREAKER
2019-11-25 09:06:00,BEARISH,D1-20191122-BEARISH,8305.1,M1,8305.5,BREAKER
2019-11-25 10:00:00,BEARISH,D1-20191122-BEARISH,8302.8,M1,8303.9,BREAKER
2019-11-25 14:04:00,BEARISH,D1-20191122-BEARISH,8305.6,M1,8306.3,BREAKER
2019-11-25 14:32:00,BEARISH,D1-20191122-BEARISH,8301.9,M1,8302.1,BREAKER
2019-11-25 14:08:00,BEARISH,D1-20191122-BEARISH,8304.4,M1,8304.9,BREAKER
2019-11-25 14:40:00,BEARISH,D1-20191122-BEARISH,8299.9,M1,8300.3,BREAKER
2019-11-25 20:31:00,BEARISH,D1-20191122-BEARISH,8358.4,M1,8358.9,BREAKER
2019-11-25 20:35:00,BEARISH,D1-20191122-BEARISH,8359.7,M1,8360.4,BREAKER
2019-11-25 22:52:00,BEARISH,D1-20191122-BEARISH,8362.6,M1,8363.6,BREAKER
2019-11-25 22:52:00,BEARISH,D1-20191122-BEARISH,8362.1,M1,8363.4,BREAKER
2019-12-16 23:00:00,BEARISH,D1-20191213-BEARISH,8582.7,M5,8586.7,BREAKER
2019-12-16 08:05:00,BEARISH,D1-20191213-BEARISH,8518.7,M1,8519.4,BREAKER
2019-12-16 08:08:00,BEARISH,D1-20191213-BEARISH,8519.7,M1,8520.5,BREAKER
2019-12-16 07:49:00,BEARISH,D1-20191213-BEARISH,8521.9,M1,8522.4,BREAKER
2019-12-16 07:15:00,BEARISH,D1-20191213-BEARISH,8523.2,M1,8523.7,BREAKER
2019-12-16 06:36:00,BEARISH,D1-20191213-BEARISH,8525.0,M1,8525.2,BREAKER
2019-12-16 11:03:00,BEARISH,D1-20191213-BEARISH,8528.6,M1,8531.5,BREAKER
2019-12-16 13:03:00,BEARISH,D1-20191213-BEARISH,8528.1,M1,8529.1,BREAKER
2019-12-16 14:01:00,BEARISH,D1-20191213-BEARISH,8532.7,M1,8533.5,BREAKER
2019-12-16 17:50:00,BEARISH,D1-20191213-BEARISH,8589.4,M1,8590.2,BREAKER
2019-12-16 19:47:00,BEARISH,D1-20191213-BEARISH,8590.7,M1,8591.5,BREAKER
2019-12-18 23:15:00,BEARISH,D1-20191217-BEARISH,8595.9,M15,8601.9,BREAKER
2019-12-18 14:20:00,BEARISH,D1-20191217-BEARISH,8583.4,M5,8585.1,BREAKER
2019-12-18 23:00:00,BEARISH,D1-20191217-BEARISH,8596.5,M5,8601.5,BREAKER
2019-12-18 08:08:00,BEARISH,D1-20191217-BEARISH,8579.2,M1,8579.7,BREAKER
2019-12-18 14:21:00,BEARISH,D1-20191217-BEARISH,8583.7,M1,8584.5,BREAKER
2019-12-18 13:02:00,BEARISH,D1-20191217-BEARISH,8588.9,M1,8589.6,BREAKER
2019-12-18 15:46:00,BEARISH,D1-20191217-BEARISH,8589.9,M1,8590.5,BREAKER
2019-12-18 15:51:00,BEARISH,D1-20191217-BEARISH,8591.5,M1,8591.9,BREAKER
2019-12-18 18:53:00,BEARISH,D1-20191217-BEARISH,8610.2,M1,8611.5,BREAKER
2019-12-18 20:26:00,BEARISH,D1-20191217-BEARISH,8607.0,M1,8609.4,BREAKER
2019-12-18 22:41:00,BEARISH,D1-20191217-BEARISH,8604.5,M1,8605.5,BREAKER
2020-01-08 13:00:00,BEARISH,D1-20200107-BEARISH,8854.8,M5,8857.4,BREAKER
2020-01-08 16:10:00,BEARISH,D1-20200107-BEARISH,8855.6,M5,8860.6,BREAKER
2020-01-08 03:52:00,BEARISH,D1-20200107-BEARISH,8727.5,M1,8739.5,BREAKER
2020-01-08 04:31:00,BEARISH,D1-20200107-BEARISH,8757.3,M1,8760.3,BREAKER
2020-01-08 06:27:00,BEARISH,D1-20200107-BEARISH,8799.7,M1,8801.4,BREAKER
2020-01-08 07:44:00,BEARISH,D1-20200107-BEARISH,8794.7,M1,8796.6,BREAKER
2020-01-08 10:18:00,BEARISH,D1-20200107-BEARISH,8808.4,M1,8813.2,BREAKER
2020-01-08 14:30:00,BEARISH,D1-20200107-BEARISH,8850.4,M1,8851.7,BREAKER
2020-01-08 15:57:00,BEARISH,D1-20200107-BEARISH,8850.2,M1,8852.1,BREAKER
2020-01-08 16:19:00,BEARISH,D1-20200107-BEARISH,8849.2,M1,8850.9,BREAKER
2020-01-08 18:09:00,BEARISH,D1-20200107-BEARISH,8861.7,M1,8866.0,BREAKER
2020-01-08 19:43:00,BEARISH,D1-20200107-BEARISH,8918.5,M1,8921.7,BREAKER
2020-01-08 21:36:00,BEARISH,D1-20200107-BEARISH,8926.2,M1,8928.0,BREAKER
2020-01-08 22:51:00,BEARISH,D1-20200107-BEARISH,8926.7,M1,8928.2,BREAKER
2020-01-08 22:48:00,BEARISH,D1-20200107-BEARISH,8941.7,M1,8943.4,BREAKER
2020-01-15 16:15:00,BEARISH,D1-20200114-BEARISH,9039.5,M15,9042.7,BREAKER
2020-01-15 22:40:00,BEARISH,D1-20200114-BEARISH,9024.2,M5,9025.7,BREAKER
2020-01-15 22:35:00,BEARISH,D1-20200114-BEARISH,9027.4,M5,9030.1,BREAKER
2020-01-15 10:20:00,BEARISH,D1-20200114-BEARISH,9034.9,M5,9037.2,BREAKER
2020-01-15 22:55:00,BEARISH,D1-20200114-BEARISH,9033.7,M5,9037.1,BREAKER
2020-01-15 02:59:00,BEARISH,D1-20200114-BEARISH,9023.4,M1,9024.7,BREAKER
2020-01-15 04:09:00,BEARISH,D1-20200114-BEARISH,9030.2,M1,9031.4,BREAKER
2020-01-15 04:06:00,BEARISH,D1-20200114-BEARISH,9034.4,M1,9035.2,BREAKER
2020-01-15 05:08:00,BEARISH,D1-20200114-BEARISH,9017.4,M1,9019.5,BREAKER
2020-01-15 22:35:00,BEARISH,D1-20200114-BEARISH,9017.7,M1,9019.5,BREAKER
2020-01-15 05:56:00,BEARISH,D1-20200114-BEARISH,9024.0,M1,9024.7,BREAKER
2020-01-15 22:49:00,BEARISH,D1-20200114-BEARISH,9029.1,M1,9030.9,BREAKER
2020-01-15 10:17:00,BEARISH,D1-20200114-BEARISH,9035.2,M1,9036.0,BREAKER
2020-01-15 10:32:00,BEARISH,D1-20200114-BEARISH,9040.2,M1,9041.1,BREAKER
2020-01-15 22:25:00,BEARISH,D1-20200114-BEARISH,9030.9,M1,9032.7,BREAKER
2020-01-15 10:57:00,BEARISH,D1-20200114-BEARISH,9038.0,M1,9039.5,BREAKER
2020-01-15 12:52:00,BEARISH,D1-20200114-BEARISH,9039.4,M1,9040.4,BREAKER
2020-01-15 14:25:00,BEARISH,D1-20200114-BEARISH,9047.7,M1,9048.2,BREAKER
2020-01-15 16:31:00,BEARISH,D1-20200114-BEARISH,9047.5,M1,9048.4,BREAKER
2020-01-15 15:34:00,BEARISH,D1-20200114-BEARISH,9051.7,M1,9053.1,BREAKER
2020-01-15 15:20:00,BEARISH,D1-20200114-BEARISH,9056.5,M1,9057.7,BREAKER
2020-01-15 18:15:00,BEARISH,D1-20200114-BEARISH,9066.4,M1,9069.0,BREAKER
2020-01-15 18:58:00,BEARISH,D1-20200114-BEARISH,9068.3,M1,9071.1,BREAKER
2020-01-30 18:00:00,BEARISH,D1-20200129-BEARISH,9042.5,M15,9056.7,BREAKER
2020-01-30 12:30:00,BEARISH,D1-20200129-BEARISH,9036.2,M5,9041.8,BREAKER
2020-01-30 17:50:00,BEARISH,D1-20200129-BEARISH,9042.5,M5,9052.0,BREAKER
2020-01-30 02:10:00,BEARISH,D1-20200129-BEARISH,9113.9,M1,9114.7,BREAKER
2020-01-30 03:56:00,BEARISH,D1-20200129-BEARISH,9091.6,M1,9095.0,BREAKER
2020-01-30 05:24:00,BEARISH,D1-20200129-BEARISH,9065.6,M1,9066.9,BREAKER
2020-01-30 07:36:00,BEARISH,D1-20200129-BEARISH,9043.8,M1,9045.1,BREAKER
2020-01-30 08:49:00,BEARISH,D1-20200129-BEARISH,9040.9,M1,9042.5,BREAKER
2020-01-30 10:36:00,BEARISH,D1-20200129-BEARISH,9014.0,M1,9017.4,BREAKER
2020-01-30 12:04:00,BEARISH,D1-20200129-BEARISH,9038.6,M1,9042.0,BREAKER
2020-01-30 17:47:00,BEARISH,D1-20200129-BEARISH,9036.2,M1,9046.9,BREAKER
2020-01-30 16:11:00,BEARISH,D1-20200129-BEARISH,9058.2,M1,9060.5,BREAKER
2020-01-30 17:43:00,BEARISH,D1-20200129-BEARISH,9042.5,M1,9047.3,BREAKER
2020-01-30 19:48:00,BEARISH,D1-20200129-BEARISH,9028.9,M1,9035.3,BREAKER
2020-01-30 21:09:00,BEARISH,D1-20200129-BEARISH,9055.3,M1,9059.8,BREAKER
2020-01-30 20:10:00,BEARISH,D1-20200129-BEARISH,9034.9,M1,9040.0,BREAKER
2020-02-14 01:55:00,BEARISH,D1-20200213-BEARISH,9596.3,M5,9602.9,BREAKER
2020-02-14 15:45:00,BEARISH,D1-20200213-BEARISH,9618.5,M5,9622.7,BREAKER
2020-02-14 15:40:00,BEARISH,D1-20200213-BEARISH,9627.3,M5,9630.0,BREAKER
2020-02-14 16:50:00,BEARISH,D1-20200213-BEARISH,9610.0,M5,9614.9,BREAKER
2020-02-14 01:47:00,BEARISH,D1-20200213-BEARISH,9605.7,M1,9605.9,BREAKER
2020-02-14 01:47:00,BEARISH,D1-20200213-BEARISH,9607.6,M1,9608.7,BREAKER
2020-02-14 17:13:00,BEARISH,D1-20200213-BEARISH,9594.0,M1,9597.0,BREAKER
2020-02-14 15:50:00,BEARISH,D1-20200213-BEARISH,9613.2,M1,9616.2,BREAKER
2020-02-14 04:40:00,BEARISH,D1-20200213-BEARISH,9628.5,M1,9629.6,BREAKER
2020-02-14 08:08:00,BEARISH,D1-20200213-BEARISH,9628.9,M1,9629.8,BREAKER
2020-02-14 06:22:00,BEARISH,D1-20200213-BEARISH,9634.9,M1,9635.6,BREAKER
2020-02-14 07:21:00,BEARISH,D1-20200213-BEARISH,9638.1,M1,9639.3,BREAKER
2020-02-14 10:25:00,BEARISH,D1-20200213-BEARISH,9627.2,M1,9628.4,BREAKER
2020-02-14 09:17:00,BEARISH,D1-20200213-BEARISH,9632.0,M1,9632.9,BREAKER
2020-02-14 10:05:00,BEARISH,D1-20200213-BEARISH,9631.1,M1,9632.9,BREAKER
2020-02-14 09:53:00,BEARISH,D1-20200213-BEARISH,9634.9,M1,9635.9,BREAKER
2020-02-14 12:29:00,BEARISH,D1-20200213-BEARISH,9629.0,M1,9630.5,BREAKER
2020-02-14 13:24:00,BEARISH,D1-20200213-BEARISH,9629.4,M1,9630.3,BREAKER
2020-02-14 15:37:00,BEARISH,D1-20200213-BEARISH,9623.6,M1,9624.9,BREAKER
2020-02-14 13:34:00,BEARISH,D1-20200213-BEARISH,9628.0,M1,9629.7,BREAKER
2020-02-14 15:36:00,BEARISH,D1-20200213-BEARISH,9626.9,M1,9628.1,BREAKER
2020-02-14 15:32:00,BEARISH,D1-20200213-BEARISH,9630.5,M1,9631.8,BREAKER
2020-02-14 15:20:00,BEARISH,D1-20200213-BEARISH,9633.3,M1,9634.7,BREAKER
2020-02-14 15:05:00,BEARISH,D1-20200213-BEARISH,9637.9,M1,9639.1,BREAKER
2020-02-14 19:09:00,BEARISH,D1-20200213-BEARISH,9612.9,M1,9616.2,BREAKER
2020-02-14 20:10:00,BEARISH,D1-20200213-BEARISH,9592.7,M1,9596.1,BREAKER
2020-02-14 20:59:00,BEARISH,D1-20200213-BEARISH,9592.9,M1,9595.7,BREAKER
2020-02-14 22:16:00,BEARISH,D1-20200213-BEARISH,9598.0,M1,9600.6,BREAKER
2020-04-03 23:00:00,BULLISH,D1-20200402-BULLISH,7489.4,M5,7508.9,BREAKER
2020-04-03 12:55:00,BULLISH,D1-20200402-BULLISH,7544.4,M1,7548.7,BREAKER
2020-04-03 12:03:00,BULLISH,D1-20200402-BULLISH,7532.6,M1,7541.7,BREAKER
2020-04-03 12:32:00,BULLISH,D1-20200402-BULLISH,7529.6,M1,7534.2,BREAKER
2020-04-03 14:25:00,BULLISH,D1-20200402-BULLISH,7557.4,M1,7561.6,BREAKER
2020-04-03 15:36:00,BULLISH,D1-20200402-BULLISH,7591.4,M1,7598.1,BREAKER
2020-04-03 16:27:00,BULLISH,D1-20200402-BULLISH,7602.1,M1,7608.9,BREAKER
2020-04-03 18:02:00,BULLISH,D1-20200402-BULLISH,7557.6,M1,7564.4,BREAKER
2020-04-03 18:34:00,BULLISH,D1-20200402-BULLISH,7531.6,M1,7537.1,BREAKER
2020-04-03 23:10:00,BULLISH,D1-20200402-BULLISH,7517.1,M1,7533.6,BREAKER
2020-04-03 19:44:00,BULLISH,D1-20200402-BULLISH,7497.6,M1,7505.6,BREAKER
2020-04-03 20:05:00,BULLISH,D1-20200402-BULLISH,7497.1,M1,7503.2,BREAKER
2020-04-03 22:05:00,BULLISH,D1-20200402-BULLISH,7475.1,M1,7478.7,BREAKER
2020-04-03 22:06:00,BULLISH,D1-20200402-BULLISH,7464.6,M1,7474.9,BREAKER
2020-04-24 12:30:00,BEARISH,D1-20200423-BEARISH,8632.5,M15,8652.3,BREAKER
2020-04-24 08:30:00,BEARISH,D1-20200423-BEARISH,8537.9,M5,8546.6,BREAKER
2020-04-24 08:35:00,BEARISH,D1-20200423-BEARISH,8541.6,M5,8545.9,BREAKER
2020-04-24 15:10:00,BEARISH,D1-20200423-BEARISH,8639.4,M5,8647.9,BREAKER
2020-04-24 16:40:00,BEARISH,D1-20200423-BEARISH,8645.4,M5,8654.1,BREAKER
2020-04-24 05:41:00,BEARISH,D1-20200423-BEARISH,8556.1,M1,8557.9,BREAKER
2020-04-24 03:09:00,BEARISH,D1-20200423-BEARISH,8554.6,M1,8560.4,BREAKER
2020-04-24 04:45:00,BEARISH,D1-20200423-BEARISH,8536.6,M1,8541.4,BREAKER
2020-04-24 08:15:00,BEARISH,D1-20200423-BEARISH,8524.4,M1,8526.9,BREAKER
2020-04-24 06:40:00,BEARISH,D1-20200423-BEARISH,8551.9,M1,8553.4,BREAKER
2020-04-24 07:46:00,BEARISH,D1-20200423-BEARISH,8542.4,M1,8544.1,BREAKER
2020-04-24 07:46:00,BEARISH,D1-20200423-BEARISH,8541.9,M1,8542.6,BREAKER
2020-04-24 09:18:00,BEARISH,D1-20200423-BEARISH,8551.3,M1,8553.4,BREAKER
2020-04-24 09:07:00,BEARISH,D1-20200423-BEARISH,8526.8,M1,8530.4,BREAKER
2020-04-24 11:20:00,BEARISH,D1-20200423-BEARISH,8555.3,M1,8560.4,BREAKER
2020-04-24 13:12:00,BEARISH,D1-20200423-BEARISH,8622.9,M1,8624.1,BREAKER
2020-04-24 13:01:00,BEARISH,D1-20200423-BEARISH,8630.6,M1,8632.9,BREAKER
2020-04-24 13:31:00,BEARISH,D1-20200423-BEARISH,8627.9,M1,8631.6,BREAKER
2020-04-24 15:05:00,BEARISH,D1-20200423-BEARISH,8636.9,M1,8640.9,BREAKER
2020-04-24 16:39:00,BEARISH,D1-20200423-BEARISH,8641.7,M1,8643.7,BREAKER
2020-04-24 16:39:00,BEARISH,D1-20200423-BEARISH,8645.9,M1,8650.4,BREAKER
2020-04-24 16:20:00,BEARISH,D1-20200423-BEARISH,8654.4,M1,8659.9,BREAKER
2020-04-24 16:03:00,BEARISH,D1-20200423-BEARISH,8669.9,M1,8672.7,BREAKER
2020-04-24 16:39:00,BEARISH,D1-20200423-BEARISH,8649.6,M1,8656.6,BREAKER
2020-04-24 18:22:00,BEARISH,D1-20200423-BEARISH,8653.2,M1,8657.4,BREAKER
2020-04-24 20:13:00,BEARISH,D1-20200423-BEARISH,8677.2,M1,8682.7,BREAKER
2020-05-07 13:55:00,BEARISH,D1-20200506-BEARISH,9089.6,M5,9092.1,BREAKER
2020-05-07 17:25:00,BEARISH,D1-20200506-BEARISH,9070.6,M5,9079.1,BREAKER
2020-05-07 22:50:00,BEARISH,D1-20200506-BEARISH,9082.1,M5,9093.9,BREAKER
2020-05-07 05:19:00,BEARISH,D1-20200506-BEARISH,8985.3,M1,8991.1,BREAKER
2020-05-07 05:16:00,BEARISH,D1-20200506-BEARISH,8991.8,M1,9001.9,BREAKER
2020-05-07 08:16:00,BEARISH,D1-20200506-BEARISH,9023.6,M1,9024.4,BREAKER
2020-05-07 08:10:00,BEARISH,D1-20200506-BEARISH,9027.1,M1,9031.9,BREAKER
2020-05-07 09:47:00,BEARISH,D1-20200506-BEARISH,9039.6,M1,9041.6,BREAKER
2020-05-07 17:17:00,BEARISH,D1-20200506-BEARISH,9063.1,M1,9066.6,BREAKER
2020-05-07 10:57:00,BEARISH,D1-20200506-BEARISH,9077.1,M1,9080.1,BREAKER
2020-05-07 11:46:00,BEARISH,D1-20200506-BEARISH,9077.1,M1,9080.4,BREAKER
2020-05-07 13:52:00,BEARISH,D1-20200506-BEARISH,9090.3,M1,9091.3,BREAKER
2020-05-07 14:45:00,BEARISH,D1-20200506-BEARISH,9094.6,M1,9097.6,BREAKER
2020-05-07 14:31:00,BEARISH,D1-20200506-BEARISH,9078.1,M1,9080.1,BREAKER
2020-05-07 15:07:00,BEARISH,D1-20200506-BEARISH,9093.6,M1,9095.6,BREAKER
2020-05-07 16:09:00,BEARISH,D1-20200506-BEARISH,9092.8,M1,9095.9,BREAKER
2020-05-07 16:38:00,BEARISH,D1-20200506-BEARISH,9082.9,M1,9095.6,BREAKER
2020-05-07 18:01:00,BEARISH,D1-20200506-BEARISH,9059.6,M1,9067.3,BREAKER
2020-05-07 22:35:00,BEARISH,D1-20200506-BEARISH,9085.8,M1,9090.1,BREAKER
2020-05-07 21:58:00,BEARISH,D1-20200506-BEARISH,9105.8,M1,9110.9,BREAKER
2020-05-07 22:02:00,BEARISH,D1-20200506-BEARISH,9089.8,M1,9096.1,BREAKER
2020-07-22 10:30:00,BEARISH,D1-20200721-BEARISH,10880.7,M15,10890.0,BREAKER
2020-07-22 18:00:00,BEARISH,D1-20200721-BEARISH,10808.8,M5,10817.5,BREAKER
2020-07-22 18:45:00,BEARISH,D1-20200721-BEARISH,10845.2,M5,10871.5,BREAKER
2020-07-22 13:16:00,BEARISH,D1-20200721-BEARISH,10857.0,M1,10861.8,BREAKER
2020-07-22 12:13:00,BEARISH,D1-20200721-BEARISH,10804.5,M1,10811.0,BREAKER
2020-07-22 17:59:00,BEARISH,D1-20200721-BEARISH,10814.7,M1,10821.3,BREAKER
2020-07-22 12:56:00,BEARISH,D1-20200721-BEARISH,10840.7,M1,10842.5,BREAKER
2020-07-22 15:43:00,BEARISH,D1-20200721-BEARISH,10861.7,M1,10865.0,BREAKER
2020-07-22 15:44:00,BEARISH,D1-20200721-BEARISH,10864.0,M1,10869.3,BREAKER
2020-07-22 15:03:00,BEARISH,D1-20200721-BEARISH,10878.3,M1,10881.5,BREAKER
2020-07-22 14:36:00,BEARISH,D1-20200721-BEARISH,10880.2,M1,10885.5,BREAKER
2020-07-22 15:58:00,BEARISH,D1-20200721-BEARISH,10874.0,M1,10876.5,BREAKER
2020-07-22 16:33:00,BEARISH,D1-20200721-BEARISH,10870.2,M1,10872.3,BREAKER
2020-07-22 16:34:00,BEARISH,D1-20200721-BEARISH,10882.5,M1,10885.8,BREAKER
2020-07-22 17:49:00,BEARISH,D1-20200721-BEARISH,10832.3,M1,10857.0,BREAKER
2020-07-22 19:58:00,BEARISH,D1-20200721-BEARISH,10836.5,M1,10839.3,BREAKER
2020-07-22 20:31:00,BEARISH,D1-20200721-BEARISH,10835.5,M1,10839.2,BREAKER
2020-07-22 22:29:00,BEARISH,D1-20200721-BEARISH,10838.0,M1,10843.7,BREAKER
2020-07-22 23:09:00,BEARISH,D1-20200721-BEARISH,10841.5,M1,10849.3,BREAKER
2020-08-14 17:30:00,BEARISH,D1-20200813-BEARISH,11142.4,M15,11170.3,BREAKER
2020-08-14 13:15:00,BEARISH,D1-20200813-BEARISH,11149.7,M5,11170.9,BREAKER
2020-08-14 14:25:00,BEARISH,D1-20200813-BEARISH,11211.1,M5,11217.1,BREAKER
2020-08-14 10:33:00,BEARISH,D1-20200813-BEARISH,11189.8,M1,11190.8,BREAKER
2020-08-14 03:47:00,BEARISH,D1-20200813-BEARISH,11197.8,M1,11199.6,BREAKER
2020-08-14 03:51:00,BEARISH,D1-20200813-BEARISH,11200.8,M1,11205.6,BREAKER
2020-08-14 03:22:00,BEARISH,D1-20200813-BEARISH,11207.1,M1,11211.5,BREAKER
2020-08-14 04:18:00,BEARISH,D1-20200813-BEARISH,11195.8,M1,11198.6,BREAKER
2020-08-14 05:56:00,BEARISH,D1-20200813-BEARISH,11205.1,M1,11207.6,BREAKER
2020-08-14 06:31:00,BEARISH,D1-20200813-BEARISH,11204.3,M1,11204.8,BREAKER
2020-08-14 10:19:00,BEARISH,D1-20200813-BEARISH,11203.3,M1,11204.8,BREAKER
2020-08-14 08:01:00,BEARISH,D1-20200813-BEARISH,11206.8,M1,11208.1,BREAKER
2020-08-14 14:22:00,BEARISH,D1-20200813-BEARISH,11208.5,M1,11209.3,BREAKER
2020-08-14 14:27:00,BEARISH,D1-20200813-BEARISH,11216.0,M1,11217.5,BREAKER
2020-08-14 15:33:00,BEARISH,D1-20200813-BEARISH,11220.3,M1,11223.1,BREAKER
2020-08-14 09:57:00,BEARISH,D1-20200813-BEARISH,11228.5,M1,11230.1,BREAKER
2020-08-14 13:23:00,BEARISH,D1-20200813-BEARISH,11154.0,M1,11158.1,BREAKER
2020-08-14 12:51:00,BEARISH,D1-20200813-BEARISH,11161.1,M1,11164.6,BREAKER
2020-08-14 22:15:00,BEARISH,D1-20200813-BEARISH,11135.3,M1,11139.5,BREAKER
2020-08-14 20:07:00,BEARISH,D1-20200813-BEARISH,11161.5,M1,11165.6,BREAKER
2020-08-14 21:04:00,BEARISH,D1-20200813-BEARISH,11155.1,M1,11160.3,BREAKER
2020-10-14 08:30:00,BEARISH,D1-20201013-BEARISH,12139.0,M5,12144.8,BREAKER
2020-10-14 10:40:00,BEARISH,D1-20201013-BEARISH,12153.0,M5,12160.4,BREAKER
2020-10-14 17:45:00,BEARISH,D1-20201013-BEARISH,12079.4,M5,12119.5,BREAKER
2020-10-14 21:45:00,BEARISH,D1-20201013-BEARISH,11971.0,M5,11981.2,BREAKER
2020-10-14 01:37:00,BEARISH,D1-20201013-BEARISH,12100.9,M1,12101.9,BREAKER
2020-10-14 02:37:00,BEARISH,D1-20201013-BEARISH,12122.7,M1,12124.1,BREAKER
2020-10-14 03:04:00,BEARISH,D1-20201013-BEARISH,12120.0,M1,12122.5,BREAKER
2020-10-14 04:20:00,BEARISH,D1-20201013-BEARISH,12142.4,M1,12150.1,BREAKER
2020-10-14 08:29:00,BEARISH,D1-20201013-BEARISH,12134.4,M1,12136.0,BREAKER
2020-10-14 08:23:00,BEARISH,D1-20201013-BEARISH,12139.0,M1,12142.8,BREAKER
2020-10-14 07:44:00,BEARISH,D1-20201013-BEARISH,12158.5,M1,12160.4,BREAKER
2020-10-14 07:00:00,BEARISH,D1-20201013-BEARISH,12166.0,M1,12168.6,BREAKER
2020-10-14 07:37:00,BEARISH,D1-20201013-BEARISH,12168.0,M1,12169.8,BREAKER
2020-10-14 10:17:00,BEARISH,D1-20201013-BEARISH,12146.0,M1,12148.7,BREAKER
2020-10-14 11:04:00,BEARISH,D1-20201013-BEARISH,12170.6,M1,12173.7,BREAKER
2020-10-14 10:57:00,BEARISH,D1-20201013-BEARISH,12153.3,M1,12155.5,BREAKER
2020-10-14 11:30:00,BEARISH,D1-20201013-BEARISH,12158.3,M1,12164.1,BREAKER
2020-10-14 13:49:00,BEARISH,D1-20201013-BEARISH,12096.0,M1,12099.2,BREAKER
2020-10-14 16:36:00,BEARISH,D1-20201013-BEARISH,12107.7,M1,12111.8,BREAKER
2020-10-14 14:47:00,BEARISH,D1-20201013-BEARISH,12119.8,M1,12123.6,BREAKER
2020-10-14 15:35:00,BEARISH,D1-20201013-BEARISH,12120.4,M1,12127.5,BREAKER
2020-10-14 16:36:00,BEARISH,D1-20201013-BEARISH,12105.9,M1,12113.1,BREAKER
2020-10-14 21:28:00,BEARISH,D1-20201013-BEARISH,11972.4,M1,11984.9,BREAKER
2020-10-14 22:27:00,BEARISH,D1-20201013-BEARISH,12005.1,M1,12011.6,BREAKER
2020-11-13 18:00:00,BEARISH,D1-20201112-BEARISH,11855.3,M15,11862.9,BREAKER
2020-11-13 17:30:00,BEARISH,D1-20201112-BEARISH,11872.8,M15,11896.0,BREAKER
2020-11-13 19:15:00,BEARISH,D1-20201112-BEARISH,11893.8,M15,11906.1,BREAKER
2020-11-13 17:15:00,BEARISH,D1-20201112-BEARISH,11865.1,M5,11869.6,BREAKER
2020-11-13 14:55:00,BEARISH,D1-20201112-BEARISH,11901.4,M5,11909.9,BREAKER
2020-11-13 03:14:00,BEARISH,D1-20201112-BEARISH,11850.6,M1,11852.2,BREAKER
2020-11-13 03:48:00,BEARISH,D1-20201112-BEARISH,11831.7,M1,11837.4,BREAKER
2020-11-13 03:25:00,BEARISH,D1-20201112-BEARISH,11842.1,M1,11845.6,BREAKER
2020-11-13 07:29:00,BEARISH,D1-20201112-BEARISH,11861.5,M1,11866.9,BREAKER
2020-11-13 08:01:00,BEARISH,D1-20201112-BEARISH,11856.4,M1,11858.4,BREAKER
2020-11-13 17:02:00,BEARISH,D1-20201112-BEARISH,11879.8,M1,11881.6,BREAKER
2020-11-13 17:02:00,BEARISH,D1-20201112-BEARISH,11879.4,M1,11884.4,BREAKER
2020-11-13 14:54:00,BEARISH,D1-20201112-BEARISH,11896.0,M1,11899.0,BREAKER
2020-11-13 13:51:00,BEARISH,D1-20201112-BEARISH,11897.4,M1,11900.2,BREAKER
2020-11-13 13:51:00,BEARISH,D1-20201112-BEARISH,11899.5,M1,11902.6,BREAKER
2020-11-13 13:09:00,BEARISH,D1-20201112-BEARISH,11911.2,M1,11917.6,BREAKER
2020-11-13 12:08:00,BEARISH,D1-20201112-BEARISH,11923.7,M1,11931.7,BREAKER
2020-11-13 15:06:00,BEARISH,D1-20201112-BEARISH,11906.3,M1,11911.5,BREAKER
2020-11-13 15:54:00,BEARISH,D1-20201112-BEARISH,11900.8,M1,11903.7,BREAKER
2020-11-13 17:02:00,BEARISH,D1-20201112-BEARISH,11875.7,M1,11893.3,BREAKER
2020-11-13 18:36:00,BEARISH,D1-20201112-BEARISH,11839.7,M1,11850.0,BREAKER
2020-11-13 20:56:00,BEARISH,D1-20201112-BEARISH,11869.6,M1,11875.0,BREAKER
2020-11-13 20:43:00,BEARISH,D1-20201112-BEARISH,11872.2,M1,11878.7,BREAKER
2020-11-27 04:28:00,BEARISH,D1-20201126-BEARISH,12150.4,M1,12152.6,BREAKER
2020-11-27 05:21:00,BEARISH,D1-20201126-BEARISH,12143.8,M1,12145.7,BREAKER
2020-11-27 09:36:00,BEARISH,D1-20201126-BEARISH,12189.2,M1,12190.7,BREAKER
2020-11-27 12:31:00,BEARISH,D1-20201126-BEARISH,12184.4,M1,12186.4,BREAKER
2020-11-27 12:18:00,BEARISH,D1-20201126-BEARISH,12186.2,M1,12188.2,BREAKER
2020-11-27 11:12:00,BEARISH,D1-20201126-BEARISH,12197.8,M1,12198.8,BREAKER
2020-11-27 14:24:00,BEARISH,D1-20201126-BEARISH,12193.8,M1,12195.1,BREAKER
2020-11-27 13:41:00,BEARISH,D1-20201126-BEARISH,12196.6,M1,12197.7,BREAKER
2020-11-27 14:59:00,BEARISH,D1-20201126-BEARISH,12199.6,M1,12200.4,BREAKER
2020-11-27 16:01:00,BEARISH,D1-20201126-BEARISH,12231.7,M1,12234.1,BREAKER
2020-11-27 17:52:00,BEARISH,D1-20201126-BEARISH,12286.3,M1,12290.9,BREAKER
2020-12-21 12:30:00,BEARISH,D1-20201218-BEARISH,12616.9,M15,12662.8,BREAKER
2020-12-21 05:10:00,BEARISH,D1-20201218-BEARISH,12744.8,M1,12746.0,BREAKER
2020-12-21 09:03:00,BEARISH,D1-20201218-BEARISH,12741.5,M1,12742.2,BREAKER
2020-12-21 07:59:00,BEARISH,D1-20201218-BEARISH,12763.4,M1,12764.6,BREAKER
2020-12-21 10:13:00,BEARISH,D1-20201218-BEARISH,12743.2,M1,12745.7,BREAKER
2020-12-21 10:37:00,BEARISH,D1-20201218-BEARISH,12732.0,M1,12737.2,BREAKER
2020-12-21 11:18:00,BEARISH,D1-20201218-BEARISH,12715.6,M1,12719.7,BREAKER
2021-03-26 07:45:00,BULLISH,D1-20210325-BULLISH,12789.9,M15,12847.5,BREAKER
2021-03-26 05:10:00,BULLISH,D1-20210325-BULLISH,12815.8,M5,12821.3,BREAKER
2021-03-26 16:55:00,BULLISH,D1-20210325-BULLISH,12812.3,M5,12824.1,BREAKER
2021-03-26 16:45:00,BULLISH,D1-20210325-BULLISH,12794.9,M5,12805.5,BREAKER
2021-03-26 16:40:00,BULLISH,D1-20210325-BULLISH,12768.6,M5,12787.4,BREAKER
2021-03-26 15:50:00,BULLISH,D1-20210325-BULLISH,12739.5,M5,12762.2,BREAKER
2021-03-26 22:45:00,BULLISH,D1-20210325-BULLISH,12861.5,M5,12876.9,BREAKER
2021-03-26 02:10:00,BULLISH,D1-20210325-BULLISH,12801.9,M1,12803.4,BREAKER
2021-03-26 03:19:00,BULLISH,D1-20210325-BULLISH,12817.0,M1,12820.0,BREAKER
2021-03-26 03:08:00,BULLISH,D1-20210325-BULLISH,12815.3,M1,12818.3,BREAKER
2021-03-26 05:06:00,BULLISH,D1-20210325-BULLISH,12817.4,M1,12820.9,BREAKER
2021-03-26 04:38:00,BULLISH,D1-20210325-BULLISH,12817.1,M1,12818.4,BREAKER
2021-03-26 04:50:00,BULLISH,D1-20210325-BULLISH,12805.3,M1,12809.2,BREAKER
2021-03-26 04:17:00,BULLISH,D1-20210325-BULLISH,12800.0,M1,12803.8,BREAKER
2021-03-26 05:06:00,BULLISH,D1-20210325-BULLISH,12816.7,M1,12820.4,BREAKER
2021-03-26 08:03:00,BULLISH,D1-20210325-BULLISH,12847.4,M1,12849.1,BREAKER
2021-03-26 22:51:00,BULLISH,D1-20210325-BULLISH,12882.1,M1,12885.0,BREAKER
2021-03-26 09:59:00,BULLISH,D1-20210325-BULLISH,12874.0,M1,12876.2,BREAKER
2021-03-26 20:24:00,BULLISH,D1-20210325-BULLISH,12874.9,M1,12879.1,BREAKER
2021-03-26 17:07:00,BULLISH,D1-20210325-BULLISH,12849.8,M1,12853.3,BREAKER
2021-03-26 17:10:00,BULLISH,D1-20210325-BULLISH,12834.9,M1,12840.3,BREAKER
2021-03-26 13:27:00,BULLISH,D1-20210325-BULLISH,12820.1,M1,12824.1,BREAKER
2021-03-26 16:41:00,BULLISH,D1-20210325-BULLISH,12807.2,M1,12812.2,BREAKER
2021-03-26 16:33:00,BULLISH,D1-20210325-BULLISH,12790.6,M1,12795.4,BREAKER
2021-03-26 16:29:00,BULLISH,D1-20210325-BULLISH,12761.3,M1,12767.0,BREAKER
2021-03-26 21:50:00,BULLISH,D1-20210325-BULLISH,12716.5,M1,12720.4,BREAKER
2021-03-26 16:32:00,BULLISH,D1-20210325-BULLISH,12777.2,M1,12781.3,BREAKER
2021-03-26 19:52:00,BULLISH,D1-20210325-BULLISH,12860.3,M1,12867.1,BREAKER
2021-03-26 18:47:00,BULLISH,D1-20210325-BULLISH,12827.9,M1,12838.4,BREAKER
2021-03-26 18:39:00,BULLISH,D1-20210325-BULLISH,12807.1,M1,12813.4,BREAKER
2021-03-26 19:47:00,BULLISH,D1-20210325-BULLISH,12839.0,M1,12850.9,BREAKER
2021-03-26 19:51:00,BULLISH,D1-20210325-BULLISH,12863.4,M1,12868.2,BREAKER
2021-03-26 22:46:00,BULLISH,D1-20210325-BULLISH,12873.2,M1,12880.3,BREAKER
2021-03-26 22:21:00,BULLISH,D1-20210325-BULLISH,12826.6,M1,12834.8,BREAKER
2021-03-26 22:02:00,BULLISH,D1-20210325-BULLISH,12795.2,M1,12806.9,BREAKER
2021-06-09 15:45:00,BEARISH,D1-20210608-BEARISH,13870.6,M15,13889.2,BREAKER
2021-06-09 22:45:00,BEARISH,D1-20210608-BEARISH,13827.9,M15,13836.3,BREAKER
2021-06-09 05:30:00,BEARISH,D1-20210608-BEARISH,13813.7,M5,13819.2,BREAKER
2021-06-09 22:50:00,BEARISH,D1-20210608-BEARISH,13817.3,M5,13823.3,BREAKER
2021-06-09 22:35:00,BEARISH,D1-20210608-BEARISH,13828.0,M5,13836.3,BREAKER
2021-06-09 17:20:00,BEARISH,D1-20210608-BEARISH,13842.0,M5,13851.7,BREAKER
2021-06-09 02:46:00,BEARISH,D1-20210608-BEARISH,13818.9,M1,13820.6,BREAKER
2021-06-09 04:33:00,BEARISH,D1-20210608-BEARISH,13811.2,M1,13814.2,BREAKER
2021-06-09 04:08:00,BEARISH,D1-20210608-BEARISH,13824.7,M1,13827.0,BREAKER
2021-06-09 04:10:00,BEARISH,D1-20210608-BEARISH,13825.4,M1,13827.5,BREAKER
2021-06-09 05:18:00,BEARISH,D1-20210608-BEARISH,13815.0,M1,13817.2,BREAKER
2021-06-09 05:38:00,BEARISH,D1-20210608-BEARISH,13813.1,M1,13814.9,BREAKER
2021-06-09 08:05:00,BEARISH,D1-20210608-BEARISH,13813.2,M1,13815.1,BREAKER
2021-06-09 06:22:00,BEARISH,D1-20210608-BEARISH,13822.5,M1,13824.2,BREAKER
2021-06-09 06:28:00,BEARISH,D1-20210608-BEARISH,13823.5,M1,13824.5,BREAKER
2021-06-09 08:32:00,BEARISH,D1-20210608-BEARISH,13820.8,M1,13822.1,BREAKER
2021-06-09 09:08:00,BEARISH,D1-20210608-BEARISH,13812.4,M1,13815.1,BREAKER
2021-06-09 10:14:00,BEARISH,D1-20210608-BEARISH,13815.3,M1,13817.0,BREAKER
2021-06-09 22:45:00,BEARISH,D1-20210608-BEARISH,13812.9,M1,13816.6,BREAKER
2021-06-09 10:58:00,BEARISH,D1-20210608-BEARISH,13817.3,M1,13819.3,BREAKER
2021-06-09 10:44:00,BEARISH,D1-20210608-BEARISH,13833.4,M1,13836.8,BREAKER
2021-06-09 11:27:00,BEARISH,D1-20210608-BEARISH,13825.8,M1,13828.7,BREAKER
2021-06-09 11:48:00,BEARISH,D1-20210608-BEARISH,13828.9,M1,13830.7,BREAKER
2021-06-09 13:21:00,BEARISH,D1-20210608-BEARISH,13829.7,M1,13832.4,BREAKER
2021-06-09 14:36:00,BEARISH,D1-20210608-BEARISH,13836.2,M1,13840.3,BREAKER
2021-06-09 15:05:00,BEARISH,D1-20210608-BEARISH,13849.4,M1,13851.8,BREAKER
2021-06-09 21:43:00,BEARISH,D1-20210608-BEARISH,13851.9,M1,13854.4,BREAKER
2021-06-09 20:46:00,BEARISH,D1-20210608-BEARISH,13862.3,M1,13867.6,BREAKER
2021-06-09 21:11:00,BEARISH,D1-20210608-BEARISH,13858.8,M1,13862.1,BREAKER
2021-09-01 13:15:00,BEARISH,D1-20210831-BEARISH,15615.8,M15,15619.4,BREAKER
2021-09-01 23:00:00,BEARISH,D1-20210831-BEARISH,15625.4,M15,15634.3,BREAKER
2021-09-01 14:35:00,BEARISH,D1-20210831-BEARISH,15622.9,M5,15627.6,BREAKER
2021-09-01 22:50:00,BEARISH,D1-20210831-BEARISH,15625.9,M5,15633.4,BREAKER
2021-09-01 21:50:00,BEARISH,D1-20210831-BEARISH,15650.3,M5,15669.5,BREAKER
2021-09-01 22:45:00,BEARISH,D1-20210831-BEARISH,15621.1,M1,15622.9,BREAKER
2021-09-01 15:49:00,BEARISH,D1-20210831-BEARISH,15632.4,M1,15639.3,BREAKER
2021-09-01 21:41:00,BEARISH,D1-20210831-BEARISH,15649.5,M1,15658.8,BREAKER
2021-09-01 18:09:00,BEARISH,D1-20210831-BEARISH,15670.1,M1,15674.7,BREAKER
2021-09-01 17:56:00,BEARISH,D1-20210831-BEARISH,15678.6,M1,15682.8,BREAKER
2021-09-17 23:20:00,BEARISH,D1-20210916-BEARISH,15316.8,M5,15332.3,BREAKER
2021-09-17 14:13:00,BEARISH,D1-20210916-BEARISH,15478.7,M1,15480.0,BREAKER
2021-09-17 16:34:00,BEARISH,D1-20210916-BEARISH,15474.7,M1,15477.4,BREAKER
2021-09-17 16:11:00,BEARISH,D1-20210916-BEARISH,15497.2,M1,15499.7,BREAKER
2021-09-17 16:30:00,BEARISH,D1-20210916-BEARISH,15498.5,M1,15499.8,BREAKER
2021-09-17 18:14:00,BEARISH,D1-20210916-BEARISH,15349.6,M1,15356.5,BREAKER
2021-09-17 18:35:00,BEARISH,D1-20210916-BEARISH,15331.6,M1,15337.5,BREAKER
2021-09-17 18:52:00,BEARISH,D1-20210916-BEARISH,15324.8,M1,15333.2,BREAKER
2021-09-17 20:04:00,BEARISH,D1-20210916-BEARISH,15345.7,M1,15354.7,BREAKER
2021-09-17 22:11:00,BEARISH,D1-20210916-BEARISH,15312.5,M1,15317.9,BREAKER
2021-09-17 22:53:00,BEARISH,D1-20210916-BEARISH,15322.1,M1,15327.0,BREAKER
2021-11-08 17:15:00,BEARISH,D1-20211105-BEARISH,16348.1,M15,16354.2,BREAKER
2021-11-08 06:10:00,BEARISH,D1-20211105-BEARISH,16299.9,M5,16307.7,BREAKER
2021-11-08 17:00:00,BEARISH,D1-20211105-BEARISH,16352.9,M5,16364.5,BREAKER
2021-11-08 12:20:00,BEARISH,D1-20211105-BEARISH,16349.9,M1,16351.0,BREAKER
2021-11-08 02:45:00,BEARISH,D1-20211105-BEARISH,16309.1,M1,16314.1,BREAKER
2021-11-08 10:14:00,BEARISH,D1-20211105-BEARISH,16325.8,M1,16328.8,BREAKER
2021-11-08 06:44:00,BEARISH,D1-20211105-BEARISH,16296.1,M1,16298.6,BREAKER
2021-11-08 08:45:00,BEARISH,D1-20211105-BEARISH,16293.7,M1,16295.1,BREAKER
2021-11-08 09:58:00,BEARISH,D1-20211105-BEARISH,16304.0,M1,16305.2,BREAKER
2021-11-08 10:41:00,BEARISH,D1-20211105-BEARISH,16327.5,M1,16329.5,BREAKER
2021-11-08 16:58:00,BEARISH,D1-20211105-BEARISH,16335.4,M1,16337.5,BREAKER
2021-11-08 16:58:00,BEARISH,D1-20211105-BEARISH,16336.1,M1,16338.0,BREAKER
2021-11-08 14:11:00,BEARISH,D1-20211105-BEARISH,16352.0,M1,16352.7,BREAKER
2021-11-08 13:57:00,BEARISH,D1-20211105-BEARISH,16362.2,M1,16364.6,BREAKER
2021-11-08 15:24:00,BEARISH,D1-20211105-BEARISH,16356.7,M1,16360.7,BREAKER
2021-11-08 17:00:00,BEARISH,D1-20211105-BEARISH,16352.7,M1,16354.6,BREAKER
2021-11-08 15:37:00,BEARISH,D1-20211105-BEARISH,16357.7,M1,16359.7,BREAKER
2021-11-08 16:28:00,BEARISH,D1-20211105-BEARISH,16368.7,M1,16373.1,BREAKER
2021-11-08 16:44:00,BEARISH,D1-20211105-BEARISH,16357.9,M1,16371.2,BREAKER
2021-11-08 17:46:00,BEARISH,D1-20211105-BEARISH,16326.6,M1,16340.0,BREAKER
2021-11-08 22:51:00,BEARISH,D1-20211105-BEARISH,16336.2,M1,16342.3,BREAKER
2021-11-08 21:28:00,BEARISH,D1-20211105-BEARISH,16357.5,M1,16363.3,BREAKER
2021-11-08 21:45:00,BEARISH,D1-20211105-BEARISH,16369.2,M1,16372.8,BREAKER
2021-11-08 22:28:00,BEARISH,D1-20211105-BEARISH,16361.4,M1,16363.6,BREAKER
2021-12-29 16:35:00,BEARISH,D1-20211228-BEARISH,16532.3,M5,16541.2,BREAKER
2021-12-29 10:10:00,BEARISH,D1-20211228-BEARISH,16547.8,M5,16551.4,BREAKER
2021-12-29 17:10:00,BEARISH,D1-20211228-BEARISH,16496.9,M5,16508.6,BREAKER
2021-12-29 23:20:00,BEARISH,D1-20211228-BEARISH,16483.7,M5,16493.9,BREAKER
2021-12-29 03:58:00,BEARISH,D1-20211228-BEARISH,16511.5,M1,16514.9,BREAKER
2021-12-29 02:05:00,BEARISH,D1-20211228-BEARISH,16538.6,M1,16541.2,BREAKER
2021-12-29 14:16:00,BEARISH,D1-20211228-BEARISH,16513.9,M1,16515.8,BREAKER
2021-12-29 13:09:00,BEARISH,D1-20211228-BEARISH,16530.5,M1,16531.8,BREAKER
2021-12-29 13:26:00,BEARISH,D1-20211228-BEARISH,16529.2,M1,16535.5,BREAKER
2021-12-29 07:03:00,BEARISH,D1-20211228-BEARISH,16539.8,M1,16541.8,BREAKER
2021-12-29 07:35:00,BEARISH,D1-20211228-BEARISH,16538.7,M1,16539.9,BREAKER
2021-12-29 08:45:00,BEARISH,D1-20211228-BEARISH,16540.4,M1,16541.7,BREAKER
2021-12-29 09:26:00,BEARISH,D1-20211228-BEARISH,16556.9,M1,16558.8,BREAKER
2021-12-29 10:34:00,BEARISH,D1-20211228-BEARISH,16552.3,M1,16555.1,BREAKER
2021-12-29 12:56:00,BEARISH,D1-20211228-BEARISH,16540.3,M1,16546.2,BREAKER
2021-12-29 11:22:00,BEARISH,D1-20211228-BEARISH,16543.5,M1,16547.3,BREAKER
2021-12-29 14:26:00,BEARISH,D1-20211228-BEARISH,16519.2,M1,16521.5,BREAKER
2021-12-29 14:56:00,BEARISH,D1-20211228-BEARISH,16510.7,M1,16514.1,BREAKER
2021-12-29 17:07:00,BEARISH,D1-20211228-BEARISH,16487.1,M1,16490.7,BREAKER
2021-12-29 16:23:00,BEARISH,D1-20211228-BEARISH,16506.6,M1,16509.3,BREAKER
2021-12-29 16:48:00,BEARISH,D1-20211228-BEARISH,16496.9,M1,16505.5,BREAKER
2021-12-29 19:04:00,BEARISH,D1-20211228-BEARISH,16429.2,M1,16435.4,BREAKER
2021-12-29 18:32:00,BEARISH,D1-20211228-BEARISH,16451.0,M1,16459.0,BREAKER
2021-12-29 20:25:00,BEARISH,D1-20211228-BEARISH,16449.0,M1,16453.1,BREAKER
2021-12-29 22:03:00,BEARISH,D1-20211228-BEARISH,16488.5,M1,16490.6,BREAKER
2021-12-29 23:22:00,BEARISH,D1-20211228-BEARISH,16486.3,M1,16491.4,BREAKER
2022-01-17 10:15:00,BULLISH,D1-20220114-BULLISH,15542.2,M5,15547.5,BREAKER
2022-01-17 08:10:00,BULLISH,D1-20220114-BULLISH,15544.5,M1,15546.2,BREAKER
2022-01-17 08:30:00,BULLISH,D1-20220114-BULLISH,15554.0,M1,15557.5,BREAKER
2022-01-17 09:16:00,BULLISH,D1-20220114-BULLISH,15561.1,M1,15564.2,BREAKER
2022-01-17 09:24:00,BULLISH,D1-20220114-BULLISH,15564.1,M1,15570.0,BREAKER
2022-01-17 10:30:00,BULLISH,D1-20220114-BULLISH,15568.2,M1,15572.6,BREAKER
2022-01-17 12:22:00,BULLISH,D1-20220114-BULLISH,15633.7,M1,15636.4,BREAKER
2022-01-17 13:23:00,BULLISH,D1-20220114-BULLISH,15630.7,M1,15634.1,BREAKER
2022-01-17 13:26:00,BULLISH,D1-20220114-BULLISH,15622.7,M1,15627.5,BREAKER
2022-01-17 13:15:00,BULLISH,D1-20220114-BULLISH,15620.2,M1,15623.0,BREAKER
2022-01-17 13:59:00,BULLISH,D1-20220114-BULLISH,15629.1,M1,15632.2,BREAKER
2022-01-17 13:53:00,BULLISH,D1-20220114-BULLISH,15621.1,M1,15625.0,BREAKER
2022-01-17 15:17:00,BULLISH,D1-20220114-BULLISH,15625.2,M1,15627.6,BREAKER
2022-01-17 18:30:00,BULLISH,D1-20220114-BULLISH,15593.7,M1,15597.2,BREAKER
2022-01-17 18:32:00,BULLISH,D1-20220114-BULLISH,15592.9,M1,15595.3,BREAKER
2022-01-25 11:45:00,BULLISH,D1-20220124-BULLISH,14295.5,M15,14329.7,BREAKER
2022-01-25 21:15:00,BULLISH,D1-20220124-BULLISH,14201.9,M15,14243.6,BREAKER
2022-01-25 12:05:00,BULLISH,D1-20220124-BULLISH,14327.9,M5,14347.2,BREAKER
2022-01-25 12:50:00,BULLISH,D1-20220124-BULLISH,14228.9,M5,14294.4,BREAKER
2022-01-25 21:25:00,BULLISH,D1-20220124-BULLISH,14293.6,M5,14313.4,BREAKER
2022-01-25 21:30:00,BULLISH,D1-20220124-BULLISH,14214.1,M5,14316.8,BREAKER
2022-01-25 20:40:00,BULLISH,D1-20220124-BULLISH,14145.5,M5,14192.7,BREAKER
2022-01-25 11:47:00,BULLISH,D1-20220124-BULLISH,14328.3,M1,14353.7,BREAKER
2022-01-25 08:21:00,BULLISH,D1-20220124-BULLISH,14310.1,M1,14322.0,BREAKER
2022-01-25 11:31:00,BULLISH,D1-20220124-BULLISH,14311.4,M1,14332.1,BREAKER
2022-01-25 10:07:00,BULLISH,D1-20220124-BULLISH,14212.0,M1,14232.1,BREAKER
2022-01-25 10:17:00,BULLISH,D1-20220124-BULLISH,14264.0,M1,14288.7,BREAKER
2022-01-25 10:52:00,BULLISH,D1-20220124-BULLISH,14258.8,M1,14279.2,BREAKER
2022-01-25 13:08:00,BULLISH,D1-20220124-BULLISH,14293.2,M1,14306.2,BREAKER
2022-01-25 21:15:00,BULLISH,D1-20220124-BULLISH,14281.8,M1,14295.2,BREAKER
2022-01-25 14:13:00,BULLISH,D1-20220124-BULLISH,14241.4,M1,14249.4,BREAKER
2022-01-25 15:41:00,BULLISH,D1-20220124-BULLISH,14185.9,M1,14197.5,BREAKER
2022-01-25 16:39:00,BULLISH,D1-20220124-BULLISH,14236.6,M1,14278.7,BREAKER
2022-01-25 20:54:00,BULLISH,D1-20220124-BULLISH,14224.7,M1,14255.8,BREAKER
2022-01-25 20:30:00,BULLISH,D1-20220124-BULLISH,14150.6,M1,14187.2,BREAKER
2022-01-25 19:10:00,BULLISH,D1-20220124-BULLISH,14108.5,M1,14123.4,BREAKER
2022-01-25 19:23:00,BULLISH,D1-20220124-BULLISH,14097.1,M1,14120.1,BREAKER
2022-01-25 22:54:00,BULLISH,D1-20220124-BULLISH,14126.1,M1,14138.8,BREAKER
2022-01-25 21:35:00,BULLISH,D1-20220124-BULLISH,14262.0,M1,14277.7,BREAKER
2022-01-25 21:42:00,BULLISH,D1-20220124-BULLISH,14323.9,M1,14336.7,BREAKER
2022-04-26 02:31:00,BULLISH,D1-20220425-BULLISH,13525.4,M1,13526.9,BREAKER
2022-04-26 03:48:00,BULLISH,D1-20220425-BULLISH,13517.4,M1,13524.5,BREAKER
2022-04-26 08:13:00,BULLISH,D1-20220425-BULLISH,13552.9,M1,13556.3,BREAKER
2022-04-26 08:27:00,BULLISH,D1-20220425-BULLISH,13549.9,M1,13552.0,BREAKER
2022-04-26 11:25:00,BULLISH,D1-20220425-BULLISH,13498.4,M1,13506.6,BREAKER
2022-04-26 11:13:00,BULLISH,D1-20220425-BULLISH,13470.0,M1,13478.4,BREAKER
2022-04-26 10:57:00,BULLISH,D1-20220425-BULLISH,13450.1,M1,13463.8,BREAKER
2022-04-26 12:07:00,BULLISH,D1-20220425-BULLISH,13506.7,M1,13509.5,BREAKER
2022-04-26 13:05:00,BULLISH,D1-20220425-BULLISH,13503.9,M1,13506.8,BREAKER
2022-04-26 14:30:00,BULLISH,D1-20220425-BULLISH,13483.8,M1,13488.0,BREAKER
2022-04-26 14:33:00,BULLISH,D1-20220425-BULLISH,13470.9,M1,13475.1,BREAKER
2022-04-26 19:31:00,BULLISH,D1-20220425-BULLISH,13178.5,M1,13195.6,BREAKER
2022-04-26 18:46:00,BULLISH,D1-20220425-BULLISH,13123.1,M1,13131.8,BREAKER
2022-04-26 19:59:00,BULLISH,D1-20220425-BULLISH,13189.1,M1,13201.1,BREAKER
2022-04-26 21:57:00,BULLISH,D1-20220425-BULLISH,13176.5,M1,13188.8,BREAKER
2022-05-03 21:00:00,BULLISH,D1-20220502-BULLISH,13125.1,M15,13143.7,BREAKER
2022-05-03 10:15:00,BULLISH,D1-20220502-BULLISH,13074.5,M5,13087.1,BREAKER
2022-05-03 20:40:00,BULLISH,D1-20220502-BULLISH,13095.4,M5,13144.1,BREAKER
2022-05-03 02:30:00,BULLISH,D1-20220502-BULLISH,13046.0,M1,13049.3,BREAKER
2022-05-03 10:03:00,BULLISH,D1-20220502-BULLISH,13059.0,M1,13062.8,BREAKER
2022-05-03 04:54:00,BULLISH,D1-20220502-BULLISH,13107.5,M1,13112.4,BREAKER
2022-05-03 09:04:00,BULLISH,D1-20220502-BULLISH,13099.3,M1,13103.8,BREAKER
2022-05-03 05:45:00,BULLISH,D1-20220502-BULLISH,13148.5,M1,13151.2,BREAKER
2022-05-03 20:18:00,BULLISH,D1-20220502-BULLISH,13143.6,M1,13144.8,BREAKER
2022-05-03 07:37:00,BULLISH,D1-20220502-BULLISH,13135.2,M1,13137.7,BREAKER
2022-05-03 07:18:00,BULLISH,D1-20220502-BULLISH,13127.9,M1,13130.0,BREAKER
2022-05-03 08:19:00,BULLISH,D1-20220502-BULLISH,13133.9,M1,13135.9,BREAKER
2022-05-03 17:03:00,BULLISH,D1-20220502-BULLISH,13129.1,M1,13132.0,BREAKER
2022-05-03 11:04:00,BULLISH,D1-20220502-BULLISH,13095.0,M1,13103.3,BREAKER
2022-05-03 11:04:00,BULLISH,D1-20220502-BULLISH,13100.5,M1,13103.5,BREAKER
2022-05-03 10:57:00,BULLISH,D1-20220502-BULLISH,13082.1,M1,13089.7,BREAKER
2022-05-03 15:41:00,BULLISH,D1-20220502-BULLISH,13101.6,M1,13104.6,BREAKER
2022-05-03 12:17:00,BULLISH,D1-20220502-BULLISH,13067.2,M1,13073.1,BREAKER
2022-05-03 15:21:00,BULLISH,D1-20220502-BULLISH,13077.6,M1,13081.1,BREAKER
2022-05-03 16:27:00,BULLISH,D1-20220502-BULLISH,13081.2,M1,13083.0,BREAKER
2022-05-03 17:08:00,BULLISH,D1-20220502-BULLISH,13093.1,M1,13102.9,BREAKER
2022-05-03 16:59:00,BULLISH,D1-20220502-BULLISH,13014.6,M1,13063.0,BREAKER
2022-05-03 20:20:00,BULLISH,D1-20220502-BULLISH,13120.3,M1,13139.9,BREAKER
2022-05-03 20:01:00,BULLISH,D1-20220502-BULLISH,13073.7,M1,13083.5,BREAKER
2022-05-03 22:01:00,BULLISH,D1-20220502-BULLISH,13103.1,M1,13116.3,BREAKER
2022-05-03 23:07:00,BULLISH,D1-20220502-BULLISH,13111.2,M1,13130.1,BREAKER
2022-05-03 22:55:00,BULLISH,D1-20220502-BULLISH,13070.3,M1,13086.0,BREAKER
2022-05-20 15:50:00,BULLISH,D1-20220519-BULLISH,12000.4,M5,12010.5,BREAKER
2022-05-20 23:10:00,BULLISH,D1-20220519-BULLISH,11794.0,M5,11816.5,BREAKER
2022-05-20 02:43:00,BULLISH,D1-20220519-BULLISH,11917.6,M1,11919.8,BREAKER
2022-05-20 04:14:00,BULLISH,D1-20220519-BULLISH,11954.6,M1,11958.2,BREAKER
2022-05-20 07:31:00,BULLISH,D1-20220519-BULLISH,11993.1,M1,12004.9,BREAKER
2022-05-20 05:56:00,BULLISH,D1-20220519-BULLISH,11984.6,M1,11987.9,BREAKER
2022-05-20 05:31:00,BULLISH,D1-20220519-BULLISH,11976.4,M1,11980.1,BREAKER
2022-05-20 05:20:00,BULLISH,D1-20220519-BULLISH,11967.8,M1,11972.6,BREAKER
2022-05-20 06:11:00,BULLISH,D1-20220519-BULLISH,11976.6,M1,11980.9,BREAKER
2022-05-20 08:53:00,BULLISH,D1-20220519-BULLISH,12003.7,M1,12010.7,BREAKER
2022-05-20 10:20:00,BULLISH,D1-20220519-BULLISH,12005.1,M1,12010.5,BREAKER
2022-05-20 14:59:00,BULLISH,D1-20220519-BULLISH,12058.4,M1,12061.7,BREAKER
2022-05-20 14:39:00,BULLISH,D1-20220519-BULLISH,12044.4,M1,12047.4,BREAKER
2022-05-20 14:37:00,BULLISH,D1-20220519-BULLISH,12045.3,M1,12049.8,BREAKER
2022-05-20 15:24:00,BULLISH,D1-20220519-BULLISH,12047.5,M1,12052.3,BREAKER
2022-05-20 16:27:00,BULLISH,D1-20220519-BULLISH,12029.4,M1,12035.9,BREAKER
2022-05-20 16:44:00,BULLISH,D1-20220519-BULLISH,11990.2,M1,12018.6,BREAKER
2022-05-20 22:30:00,BULLISH,D1-20220519-BULLISH,11641.0,M1,11656.5,BREAKER
2022-05-20 20:48:00,BULLISH,D1-20220519-BULLISH,11592.6,M1,11601.9,BREAKER
2022-05-20 19:51:00,BULLISH,D1-20220519-BULLISH,11561.5,M1,11580.9,BREAKER
2022-05-20 20:36:00,BULLISH,D1-20220519-BULLISH,11558.4,M1,11567.8,BREAKER
2022-05-20 21:55:00,BULLISH,D1-20220519-BULLISH,11591.1,M1,11613.8,BREAKER
2022-05-20 21:46:00,BULLISH,D1-20220519-BULLISH,11545.2,M1,11563.0,BREAKER
2022-06-15 14:45:00,BULLISH,D1-20220614-BULLISH,11377.6,M15,11423.2,BREAKER
2022-06-15 02:15:00,BULLISH,D1-20220614-BULLISH,11303.6,M15,11332.9,BREAKER
2022-06-15 09:30:00,BULLISH,D1-20220614-BULLISH,11384.5,M5,11390.2,BREAKER
2022-06-15 09:00:00,BULLISH,D1-20220614-BULLISH,11363.6,M5,11370.8,BREAKER
2022-06-15 21:55:00,BULLISH,D1-20220614-BULLISH,11509.2,M5,11555.1,BREAKER
2022-06-15 04:28:00,BULLISH,D1-20220614-BULLISH,11392.3,M1,11397.5,BREAKER
2022-06-15 05:39:00,BULLISH,D1-20220614-BULLISH,11394.5,M1,11399.1,BREAKER
2022-06-15 09:01:00,BULLISH,D1-20220614-BULLISH,11366.3,M1,11367.7,BREAKER
2022-06-15 08:51:00,BULLISH,D1-20220614-BULLISH,11358.9,M1,11360.5,BREAKER
2022-06-15 09:04:00,BULLISH,D1-20220614-BULLISH,11351.5,M1,11356.6,BREAKER
2022-06-15 09:04:00,BULLISH,D1-20220614-BULLISH,11350.7,M1,11355.8,BREAKER
2022-06-15 11:00:00,BULLISH,D1-20220614-BULLISH,11377.0,M1,11387.3,BREAKER
2022-06-15 12:45:00,BULLISH,D1-20220614-BULLISH,11390.3,M1,11393.5,BREAKER
2022-06-15 13:44:00,BULLISH,D1-20220614-BULLISH,11377.3,M1,11382.5,BREAKER
2022-06-15 15:36:00,BULLISH,D1-20220614-BULLISH,11421.8,M1,11431.8,BREAKER
2022-06-15 17:06:00,BULLISH,D1-20220614-BULLISH,11489.9,M1,11507.7,BREAKER
2022-06-15 19:06:00,BULLISH,D1-20220614-BULLISH,11486.5,M1,11499.7,BREAKER
2022-06-15 21:01:00,BULLISH,D1-20220614-BULLISH,11526.9,M1,11534.9,BREAKER
2022-06-15 20:58:00,BULLISH,D1-20220614-BULLISH,11512.1,M1,11517.4,BREAKER
2022-06-15 21:01:00,BULLISH,D1-20220614-BULLISH,11497.2,M1,11501.9,BREAKER
2022-06-30 18:45:00,BULLISH,D1-20220629-BULLISH,11481.6,M15,11523.2,BREAKER
2022-06-30 18:45:00,BULLISH,D1-20220629-BULLISH,11496.3,M15,11527.2,BREAKER
2022-06-30 18:55:00,BULLISH,D1-20220629-BULLISH,11537.9,M5,11548.7,BREAKER
2022-06-30 18:35:00,BULLISH,D1-20220629-BULLISH,11496.3,M5,11523.3,BREAKER
2022-06-30 18:05:00,BULLISH,D1-20220629-BULLISH,11390.4,M5,11436.2,BREAKER
2022-06-30 02:40:00,BULLISH,D1-20220629-BULLISH,11639.2,M1,11641.3,BREAKER
2022-06-30 05:35:00,BULLISH,D1-20220629-BULLISH,11627.2,M1,11631.2,BREAKER
2022-06-30 04:32:00,BULLISH,D1-20220629-BULLISH,11609.3,M1,11612.8,BREAKER
2022-06-30 05:17:00,BULLISH,D1-20220629-BULLISH,11612.1,M1,11615.1,BREAKER
2022-06-30 19:28:00,BULLISH,D1-20220629-BULLISH,11621.1,M1,11623.6,BREAKER
2022-06-30 19:27:00,BULLISH,D1-20220629-BULLISH,11618.6,M1,11619.2,BREAKER
2022-06-30 19:27:00,BULLISH,D1-20220629-BULLISH,11612.9,M1,11617.6,BREAKER
2022-06-30 08:17:00,BULLISH,D1-20220629-BULLISH,11609.1,M1,11611.4,BREAKER
2022-06-30 09:04:00,BULLISH,D1-20220629-BULLISH,11555.6,M1,11561.7,BREAKER
2022-06-30 18:32:00,BULLISH,D1-20220629-BULLISH,11532.9,M1,11537.3,BREAKER
2022-06-30 10:45:00,BULLISH,D1-20220629-BULLISH,11490.7,M1,11499.9,BREAKER
2022-06-30 10:36:00,BULLISH,D1-20220629-BULLISH,11478.4,M1,11483.9,BREAKER
2022-06-30 15:35:00,BULLISH,D1-20220629-BULLISH,11504.1,M1,11509.1,BREAKER
2022-06-30 14:29:00,BULLISH,D1-20220629-BULLISH,11475.8,M1,11480.2,BREAKER
2022-06-30 14:19:00,BULLISH,D1-20220629-BULLISH,11466.4,M1,11470.7,BREAKER
2022-06-30 15:27:00,BULLISH,D1-20220629-BULLISH,11479.6,M1,11482.9,BREAKER
2022-06-30 16:11:00,BULLISH,D1-20220629-BULLISH,11494.4,M1,11501.6,BREAKER
2022-06-30 18:29:00,BULLISH,D1-20220629-BULLISH,11516.2,M1,11552.6,BREAKER
2022-06-30 18:22:00,BULLISH,D1-20220629-BULLISH,11481.3,M1,11505.2,BREAKER
2022-06-30 18:51:00,BULLISH,D1-20220629-BULLISH,11529.1,M1,11542.5,BREAKER
2022-06-30 20:55:00,BULLISH,D1-20220629-BULLISH,11618.9,M1,11632.3,BREAKER
2022-06-30 20:33:00,BULLISH,D1-20220629-BULLISH,11581.4,M1,11590.7,BREAKER
2022-06-30 22:32:00,BULLISH,D1-20220629-BULLISH,11510.4,M1,11517.4,BREAKER
2022-06-30 22:53:00,BULLISH,D1-20220629-BULLISH,11461.3,M1,11472.6,BREAKER
2022-08-12 17:30:00,BEARISH,D1-20220811-BEARISH,13434.7,M15,13491.0,BREAKER
2022-08-12 04:25:00,BEARISH,D1-20220811-BEARISH,13309.7,M5,13313.9,BREAKER
2022-08-12 15:00:00,BEARISH,D1-20220811-BEARISH,13349.1,M5,13358.1,BREAKER
2022-08-12 16:40:00,BEARISH,D1-20220811-BEARISH,13371.8,M5,13380.9,BREAKER
2022-08-12 01:22:00,BEARISH,D1-20220811-BEARISH,13309.0,M1,13310.8,BREAKER
2022-08-12 01:48:00,BEARISH,D1-20220811-BEARISH,13303.7,M1,13306.4,BREAKER
2022-08-12 04:19:00,BEARISH,D1-20220811-BEARISH,13307.0,M1,13308.5,BREAKER
2022-08-12 03:14:00,BEARISH,D1-20220811-BEARISH,13310.2,M1,13312.2,BREAKER
2022-08-12 04:54:00,BEARISH,D1-20220811-BEARISH,13304.0,M1,13307.4,BREAKER
2022-08-12 10:18:00,BEARISH,D1-20220811-BEARISH,13318.2,M1,13319.8,BREAKER
2022-08-12 10:18:00,BEARISH,D1-20220811-BEARISH,13318.4,M1,13319.4,BREAKER
2022-08-12 10:18:00,BEARISH,D1-20220811-BEARISH,13319.8,M1,13322.1,BREAKER
2022-08-12 08:48:00,BEARISH,D1-20220811-BEARISH,13324.9,M1,13326.9,BREAKER
2022-08-12 10:04:00,BEARISH,D1-20220811-BEARISH,13324.7,M1,13325.9,BREAKER
2022-08-12 10:02:00,BEARISH,D1-20220811-BEARISH,13332.3,M1,13333.4,BREAKER
2022-08-12 14:05:00,BEARISH,D1-20220811-BEARISH,13334.4,M1,13338.8,BREAKER
2022-08-12 12:02:00,BEARISH,D1-20220811-BEARISH,13369.2,M1,13372.8,BREAKER
2022-08-12 13:34:00,BEARISH,D1-20220811-BEARISH,13360.7,M1,13365.0,BREAKER
2022-08-12 15:21:00,BEARISH,D1-20220811-BEARISH,13370.7,M1,13373.7,BREAKER
2022-08-12 16:35:00,BEARISH,D1-20220811-BEARISH,13365.9,M1,13373.5,BREAKER
2022-09-15 13:30:00,BULLISH,D1-20220914-BULLISH,12133.0,M5,12140.8,BREAKER
2022-09-15 15:45:00,BULLISH,D1-20220914-BULLISH,12088.0,M5,12100.9,BREAKER
2022-09-15 20:15:00,BULLISH,D1-20220914-BULLISH,12032.0,M5,12051.8,BREAKER
2022-09-15 14:03:00,BULLISH,D1-20220914-BULLISH,12094.4,M1,12099.7,BREAKER
2022-09-15 16:51:00,BULLISH,D1-20220914-BULLISH,12121.0,M1,12122.9,BREAKER
2022-09-15 15:48:00,BULLISH,D1-20220914-BULLISH,12104.2,M1,12108.1,BREAKER
2022-09-15 17:22:00,BULLISH,D1-20220914-BULLISH,12093.4,M1,12099.8,BREAKER
2022-09-15 16:44:00,BULLISH,D1-20220914-BULLISH,12082.9,M1,12092.3,BREAKER
2022-09-15 20:05:00,BULLISH,D1-20220914-BULLISH,12039.0,M1,12049.7,BREAKER
2022-09-15 18:29:00,BULLISH,D1-20220914-BULLISH,11963.2,M1,11974.1,BREAKER
2022-09-15 18:21:00,BULLISH,D1-20220914-BULLISH,11943.2,M1,11948.6,BREAKER
2022-09-15 19:53:00,BULLISH,D1-20220914-BULLISH,11969.0,M1,11982.6,BREAKER
2022-09-15 23:03:00,BULLISH,D1-20220914-BULLISH,11936.1,M1,11946.3,BREAKER
2022-09-19 18:00:00,BULLISH,D1-20220916-BULLISH,11855.6,M15,11865.0,BREAKER
2022-09-19 17:00:00,BULLISH,D1-20220916-BULLISH,11803.8,M15,11813.9,BREAKER
2022-09-19 19:15:00,BULLISH,D1-20220916-BULLISH,11769.4,M15,11786.3,BREAKER
2022-09-19 08:25:00,BULLISH,D1-20220916-BULLISH,11812.2,M5,11817.2,BREAKER
2022-09-19 16:50:00,BULLISH,D1-20220916-BULLISH,11801.9,M5,11810.0,BREAKER
2022-09-19 14:15:00,BULLISH,D1-20220916-BULLISH,11746.6,M5,11759.2,BREAKER
2022-09-19 14:00:00,BULLISH,D1-20220916-BULLISH,11740.7,M5,11749.7,BREAKER
2022-09-19 03:29:00,BULLISH,D1-20220916-BULLISH,11865.3,M1,11872.8,BREAKER
2022-09-19 02:35:00,BULLISH,D1-20220916-BULLISH,11849.1,M1,11851.8,BREAKER
2022-09-19 17:38:00,BULLISH,D1-20220916-BULLISH,11863.7,M1,11868.8,BREAKER
2022-09-19 04:44:00,BULLISH,D1-20220916-BULLISH,11852.8,M1,11856.6,BREAKER
2022-09-19 16:54:00,BULLISH,D1-20220916-BULLISH,11841.5,M1,11845.3,BREAKER
2022-09-19 08:20:00,BULLISH,D1-20220916-BULLISH,11816.0,M1,11817.8,BREAKER
2022-09-19 07:12:00,BULLISH,D1-20220916-BULLISH,11802.5,M1,11804.4,BREAKER
2022-09-19 08:20:00,BULLISH,D1-20220916-BULLISH,11815.2,M1,11817.1,BREAKER
2022-09-19 07:03:00,BULLISH,D1-20220916-BULLISH,11812.9,M1,11814.1,BREAKER
2022-09-19 08:27:00,BULLISH,D1-20220916-BULLISH,11809.2,M1,11812.8,BREAKER
2022-09-19 16:43:00,BULLISH,D1-20220916-BULLISH,11812.0,M1,11813.6,BREAKER
2022-09-19 16:36:00,BULLISH,D1-20220916-BULLISH,11799.4,M1,11802.4,BREAKER
2022-09-19 16:34:00,BULLISH,D1-20220916-BULLISH,11790.8,M1,11794.8,BREAKER
2022-09-19 15:54:00,BULLISH,D1-20220916-BULLISH,11780.9,M1,11789.3,BREAKER
2022-09-19 10:51:00,BULLISH,D1-20220916-BULLISH,11761.7,M1,11765.4,BREAKER
2022-09-19 13:54:00,BULLISH,D1-20220916-BULLISH,11752.4,M1,11756.3,BREAKER
2022-09-19 15:10:00,BULLISH,D1-20220916-BULLISH,11753.8,M1,11755.9,BREAKER
2022-09-19 16:29:00,BULLISH,D1-20220916-BULLISH,11749.3,M1,11753.1,BREAKER
2022-09-19 21:24:00,BULLISH,D1-20220916-BULLISH,11820.6,M1,11830.6,BREAKER
2022-09-19 19:25:00,BULLISH,D1-20220916-BULLISH,11812.7,M1,11821.3,BREAKER
2022-09-19 20:32:00,BULLISH,D1-20220916-BULLISH,11857.4,M1,11864.7,BREAKER
2022-09-19 21:33:00,BULLISH,D1-20220916-BULLISH,11857.1,M1,11860.7,BREAKER
2022-09-19 21:32:00,BULLISH,D1-20220916-BULLISH,11845.8,M1,11854.1,BREAKER
2022-10-21 03:55:00,BULLISH,D1-20221020-BULLISH,10970.9,M5,10978.8,BREAKER
2022-10-21 03:50:00,BULLISH,D1-20221020-BULLISH,10968.2,M5,10976.6,BREAKER
2022-10-21 10:45:00,BULLISH,D1-20221020-BULLISH,11007.8,M5,11013.8,BREAKER
2022-10-21 10:26:00,BULLISH,D1-20221020-BULLISH,11013.6,M1,11029.0,BREAKER
2022-10-21 06:40:00,BULLISH,D1-20221020-BULLISH,10986.4,M1,10991.8,BREAKER
2022-10-21 03:45:00,BULLISH,D1-20221020-BULLISH,10976.7,M1,10978.8,BREAKER
2022-10-21 08:22:00,BULLISH,D1-20221020-BULLISH,10951.8,M1,10959.4,BREAKER
2022-10-21 11:17:00,BULLISH,D1-20221020-BULLISH,10955.0,M1,10959.0,BREAKER
2022-10-21 04:17:00,BULLISH,D1-20221020-BULLISH,10979.6,M1,10982.1,BREAKER
2022-10-21 09:47:00,BULLISH,D1-20221020-BULLISH,10994.4,M1,10996.7,BREAKER
2022-10-21 07:32:00,BULLISH,D1-20221020-BULLISH,10972.2,M1,10975.6,BREAKER
2022-10-21 09:08:00,BULLISH,D1-20221020-BULLISH,10979.1,M1,10980.2,BREAKER
2022-10-21 09:06:00,BULLISH,D1-20221020-BULLISH,10970.3,M1,10973.1,BREAKER
2022-10-21 09:44:00,BULLISH,D1-20221020-BULLISH,10984.4,M1,10988.5,BREAKER
2022-10-21 10:22:00,BULLISH,D1-20221020-BULLISH,10991.5,M1,10995.6,BREAKER
2022-10-21 10:53:00,BULLISH,D1-20221020-BULLISH,10984.9,M1,10991.0,BREAKER
2022-10-21 10:55:00,BULLISH,D1-20221020-BULLISH,10976.0,M1,10984.4,BREAKER
2022-10-21 16:04:00,BULLISH,D1-20221020-BULLISH,10999.3,M1,11004.6,BREAKER
2022-10-21 12:56:00,BULLISH,D1-20221020-BULLISH,10949.9,M1,10955.0,BREAKER
2022-10-21 14:44:00,BULLISH,D1-20221020-BULLISH,10962.1,M1,10966.0,BREAKER
2022-10-21 16:32:00,BULLISH,D1-20221020-BULLISH,10950.7,M1,10956.0,BREAKER
2022-10-21 16:34:00,BULLISH,D1-20221020-BULLISH,11001.0,M1,11019.7,BREAKER
2022-10-21 18:46:00,BULLISH,D1-20221020-BULLISH,11115.2,M1,11134.1,BREAKER
2022-10-21 18:37:00,BULLISH,D1-20221020-BULLISH,11080.0,M1,11091.6,BREAKER
2022-12-02 06:20:00,BEARISH,D1-20221201-BEARISH,11995.4,M5,11999.1,BREAKER
2022-12-02 22:10:00,BEARISH,D1-20221201-BEARISH,12004.9,M5,12012.6,BREAKER
2022-12-02 13:30:00,BEARISH,D1-20221201-BEARISH,12024.9,M5,12029.0,BREAKER
2022-12-02 15:25:00,BEARISH,D1-20221201-BEARISH,12028.9,M5,12037.9,BREAKER
2022-12-02 01:27:00,BEARISH,D1-20221201-BEARISH,12016.6,M1,12020.9,BREAKER
2022-12-02 06:23:00,BEARISH,D1-20221201-BEARISH,11998.6,M1,11999.7,BREAKER
2022-12-02 07:27:00,BEARISH,D1-20221201-BEARISH,12000.3,M1,12001.7,BREAKER
2022-12-02 07:05:00,BEARISH,D1-20221201-BEARISH,12004.1,M1,12005.8,BREAKER
2022-12-02 08:53:00,BEARISH,D1-20221201-BEARISH,12001.5,M1,12002.7,BREAKER
2022-12-02 11:12:00,BEARISH,D1-20221201-BEARISH,12017.1,M1,12020.2,BREAKER
2022-12-02 14:03:00,BEARISH,D1-20221201-BEARISH,12013.9,M1,12018.0,BREAKER
2022-12-02 14:07:00,BEARISH,D1-20221201-BEARISH,12014.8,M1,12020.8,BREAKER
2022-12-02 13:45:00,BEARISH,D1-20221201-BEARISH,12026.7,M1,12029.4,BREAKER
2022-12-02 12:27:00,BEARISH,D1-20221201-BEARISH,12032.8,M1,12036.3,BREAKER
2022-12-02 14:07:00,BEARISH,D1-20221201-BEARISH,12015.3,M1,12019.7,BREAKER
2022-12-02 15:29:00,BEARISH,D1-20221201-BEARISH,12017.9,M1,12020.2,BREAKER
2022-12-02 15:17:00,BEARISH,D1-20221201-BEARISH,12027.1,M1,12029.9,BREAKER
2022-12-02 18:02:00,BEARISH,D1-20221201-BEARISH,11877.3,M1,11889.0,BREAKER
2022-12-02 19:44:00,BEARISH,D1-20221201-BEARISH,11914.5,M1,11927.5,BREAKER
2022-12-02 21:14:00,BEARISH,D1-20221201-BEARISH,11901.9,M1,11905.3,BREAKER
2022-12-02 23:31:00,BEARISH,D1-20221201-BEARISH,11973.9,M1,11980.2,BREAKER
2023-03-07 08:05:00,BEARISH,D1-20230306-BEARISH,12339.0,M5,12343.6,BREAKER
2023-03-07 16:15:00,BEARISH,D1-20230306-BEARISH,12315.6,M5,12328.1,BREAKER
2023-03-07 14:10:00,BEARISH,D1-20230306-BEARISH,12331.2,M5,12341.2,BREAKER
2023-03-07 20:30:00,BEARISH,D1-20230306-BEARISH,12210.7,M5,12230.5,BREAKER
2023-03-07 08:44:00,BEARISH,D1-20230306-BEARISH,12323.2,M1,12325.2,BREAKER
2023-03-07 10:01:00,BEARISH,D1-20230306-BEARISH,12318.6,M1,12322.6,BREAKER
2023-03-07 11:45:00,BEARISH,D1-20230306-BEARISH,12342.9,M1,12346.8,BREAKER
2023-03-07 13:57:00,BEARISH,D1-20230306-BEARISH,12331.5,M1,12334.3,BREAKER
2023-03-07 13:47:00,BEARISH,D1-20230306-BEARISH,12334.4,M1,12336.3,BREAKER
2023-03-07 13:47:00,BEARISH,D1-20230306-BEARISH,12334.5,M1,12338.0,BREAKER
2023-03-07 14:49:00,BEARISH,D1-20230306-BEARISH,12329.2,M1,12331.7,BREAKER
2023-03-07 17:38:00,BEARISH,D1-20230306-BEARISH,12300.6,M1,12313.1,BREAKER
2023-03-07 20:46:00,BEARISH,D1-20230306-BEARISH,12178.1,M1,12189.2,BREAKER
2023-03-07 17:47:00,BEARISH,D1-20230306-BEARISH,12240.5,M1,12252.0,BREAKER
2023-03-07 20:37:00,BEARISH,D1-20230306-BEARISH,12212.9,M1,12217.9,BREAKER
2023-03-07 22:39:00,BEARISH,D1-20230306-BEARISH,12168.4,M1,12173.8,BREAKER
2023-03-07 22:49:00,BEARISH,D1-20230306-BEARISH,12152.3,M1,12158.6,BREAKER
2023-03-20 12:15:00,BEARISH,D1-20230317-BEARISH,12517.3,M15,12524.6,BREAKER
2023-03-20 17:15:00,BEARISH,D1-20230317-BEARISH,12474.9,M15,12496.2,BREAKER
2023-03-20 16:40:00,BEARISH,D1-20230317-BEARISH,12476.8,M5,12495.1,BREAKER
2023-03-20 14:25:00,BEARISH,D1-20230317-BEARISH,12509.4,M5,12527.4,BREAKER
2023-03-20 04:39:00,BEARISH,D1-20230317-BEARISH,12559.1,M1,12562.6,BREAKER
2023-03-20 01:52:00,BEARISH,D1-20230317-BEARISH,12585.7,M1,12594.8,BREAKER
2023-03-20 02:09:00,BEARISH,D1-20230317-BEARISH,12575.2,M1,12577.6,BREAKER
2023-03-20 04:11:00,BEARISH,D1-20230317-BEARISH,12566.3,M1,12568.8,BREAKER
2023-03-20 03:55:00,BEARISH,D1-20230317-BEARISH,12579.7,M1,12583.7,BREAKER
2023-03-20 03:49:00,BEARISH,D1-20230317-BEARISH,12586.0,M1,12588.9,BREAKER
2023-03-20 05:47:00,BEARISH,D1-20230317-BEARISH,12563.6,M1,12567.5,BREAKER
2023-03-20 07:30:00,BEARISH,D1-20230317-BEARISH,12548.1,M1,12550.0,BREAKER
2023-03-20 08:18:00,BEARISH,D1-20230317-BEARISH,12533.7,M1,12536.5,BREAKER
2023-03-20 08:40:00,BEARISH,D1-20230317-BEARISH,12534.6,M1,12536.7,BREAKER
2023-03-20 10:29:00,BEARISH,D1-20230317-BEARISH,12449.5,M1,12458.1,BREAKER
2023-03-20 10:25:00,BEARISH,D1-20230317-BEARISH,12460.6,M1,12469.4,BREAKER
2023-03-20 11:16:00,BEARISH,D1-20230317-BEARISH,12445.2,M1,12455.2,BREAKER
2023-03-20 16:42:00,BEARISH,D1-20230317-BEARISH,12477.3,M1,12485.7,BREAKER
2023-03-20 14:10:00,BEARISH,D1-20230317-BEARISH,12522.1,M1,12528.4,BREAKER
2023-03-20 14:46:00,BEARISH,D1-20230317-BEARISH,12493.2,M1,12504.7,BREAKER
2023-03-20 15:01:00,BEARISH,D1-20230317-BEARISH,12513.8,M1,12520.9,BREAKER
2023-03-20 15:11:00,BEARISH,D1-20230317-BEARISH,12498.2,M1,12502.6,BREAKER
2023-03-20 16:33:00,BEARISH,D1-20230317-BEARISH,12487.2,M1,12494.8,BREAKER
2023-03-20 16:24:00,BEARISH,D1-20230317-BEARISH,12511.6,M1,12519.7,BREAKER
2023-03-20 19:12:00,BEARISH,D1-20230317-BEARISH,12465.8,M1,12480.2,BREAKER
2023-03-20 22:13:00,BEARISH,D1-20230317-BEARISH,12528.5,M1,12532.6,BREAKER
2023-04-11 15:30:00,BEARISH,D1-20230410-BEARISH,13039.0,M15,13042.9,BREAKER
2023-04-11 16:30:00,BEARISH,D1-20230410-BEARISH,13052.2,M15,13058.5,BREAKER
2023-04-11 04:35:00,BEARISH,D1-20230410-BEARISH,13052.2,M5,13055.1,BREAKER
2023-04-11 04:00:00,BEARISH,D1-20230410-BEARISH,13049.5,M5,13058.9,BREAKER
2023-04-11 15:25:00,BEARISH,D1-20230410-BEARISH,13039.4,M5,13042.9,BREAKER
2023-04-11 10:20:00,BEARISH,D1-20230410-BEARISH,13047.5,M5,13051.4,BREAKER
2023-04-11 15:40:00,BEARISH,D1-20230410-BEARISH,13041.4,M5,13051.3,BREAKER
2023-04-11 16:45:00,BEARISH,D1-20230410-BEARISH,13021.0,M5,13029.0,BREAKER
2023-04-11 04:07:00,BEARISH,D1-20230410-BEARISH,13042.6,M1,13044.5,BREAKER
2023-04-11 05:50:00,BEARISH,D1-20230410-BEARISH,13055.7,M1,13058.2,BREAKER
2023-04-11 08:51:00,BEARISH,D1-20230410-BEARISH,13051.2,M1,13052.8,BREAKER
2023-04-11 14:09:00,BEARISH,D1-20230410-BEARISH,13039.4,M1,13041.4,BREAKER
2023-04-11 09:37:00,BEARISH,D1-20230410-BEARISH,13054.4,M1,13056.4,BREAKER
2023-04-11 10:08:00,BEARISH,D1-20230410-BEARISH,13048.0,M1,13050.2,BREAKER
2023-04-11 10:41:00,BEARISH,D1-20230410-BEARISH,13056.2,M1,13059.7,BREAKER
2023-04-11 13:49:00,BEARISH,D1-20230410-BEARISH,13071.3,M1,13072.9,BREAKER
2023-04-11 16:02:00,BEARISH,D1-20230410-BEARISH,13028.9,M1,13032.2,BREAKER
2023-04-11 16:33:00,BEARISH,D1-20230410-BEARISH,13025.1,M1,13029.5,BREAKER
2023-04-11 22:36:00,BEARISH,D1-20230410-BEARISH,13007.2,M1,13011.1,BREAKER
2023-04-17 14:00:00,BEARISH,D1-20230414-BEARISH,13083.2,M15,13093.3,BREAKER
2023-04-17 12:25:00,BEARISH,D1-20230414-BEARISH,13077.1,M5,13080.8,BREAKER
2023-04-17 08:20:00,BEARISH,D1-20230414-BEARISH,13079.6,M5,13081.3,BREAKER
2023-04-17 12:35:00,BEARISH,D1-20230414-BEARISH,13079.1,M5,13082.2,BREAKER
2023-04-17 13:50:00,BEARISH,D1-20230414-BEARISH,13083.2,M5,13089.3,BREAKER
2023-04-17 11:50:00,BEARISH,D1-20230414-BEARISH,13092.1,M5,13099.4,BREAKER
2023-04-17 16:55:00,BEARISH,D1-20230414-BEARISH,13059.9,M5,13072.6,BREAKER
2023-04-17 12:20:00,BEARISH,D1-20230414-BEARISH,13075.1,M1,13076.4,BREAKER
2023-04-17 05:52:00,BEARISH,D1-20230414-BEARISH,13082.2,M1,13083.6,BREAKER
2023-04-17 08:19:00,BEARISH,D1-20230414-BEARISH,13079.2,M1,13081.1,BREAKER
2023-04-17 11:38:00,BEARISH,D1-20230414-BEARISH,13089.4,M1,13091.8,BREAKER
2023-04-17 11:34:00,BEARISH,D1-20230414-BEARISH,13092.3,M1,13097.4,BREAKER
2023-04-17 11:10:00,BEARISH,D1-20230414-BEARISH,13098.3,M1,13101.4,BREAKER
2023-04-17 13:15:00,BEARISH,D1-20230414-BEARISH,13072.3,M1,13073.9,BREAKER
2023-04-17 14:45:00,BEARISH,D1-20230414-BEARISH,13072.4,M1,13075.6,BREAKER
2023-04-17 15:07:00,BEARISH,D1-20230414-BEARISH,13073.3,M1,13076.2,BREAKER
2023-04-17 15:36:00,BEARISH,D1-20230414-BEARISH,13071.6,M1,13075.7,BREAKER
2023-04-17 17:08:00,BEARISH,D1-20230414-BEARISH,13045.9,M1,13064.8,BREAKER
2023-04-17 17:06:00,BEARISH,D1-20230414-BEARISH,13051.9,M1,13059.6,BREAKER
2023-04-17 18:34:00,BEARISH,D1-20230414-BEARISH,13016.7,M1,13026.9,BREAKER
2023-05-01 11:45:00,BEARISH,D1-20230428-BEARISH,13231.2,M15,13235.7,BREAKER
2023-05-01 12:30:00,BEARISH,D1-20230428-BEARISH,13250.7,M15,13265.9,BREAKER
2023-05-01 18:25:00,BEARISH,D1-20230428-BEARISH,13208.7,M5,13223.5,BREAKER
2023-05-01 11:15:00,BEARISH,D1-20230428-BEARISH,13238.4,M5,13241.7,BREAKER
2023-05-01 12:25:00,BEARISH,D1-20230428-BEARISH,13253.9,M5,13256.4,BREAKER
2023-05-01 18:25:00,BEARISH,D1-20230428-BEARISH,13206.5,M5,13221.2,BREAKER
2023-05-01 01:39:00,BEARISH,D1-20230428-BEARISH,13233.3,M1,13234.3,BREAKER
2023-05-01 02:42:00,BEARISH,D1-20230428-BEARISH,13230.2,M1,13231.3,BREAKER
2023-05-01 11:21:00,BEARISH,D1-20230428-BEARISH,13226.6,M1,13227.7,BREAKER
2023-05-01 11:18:00,BEARISH,D1-20230428-BEARISH,13230.3,M1,13232.4,BREAKER
2023-05-01 11:14:00,BEARISH,D1-20230428-BEARISH,13232.2,M1,13233.7,BREAKER
2023-05-01 11:11:00,BEARISH,D1-20230428-BEARISH,13239.4,M1,13240.8,BREAKER
2023-05-01 12:17:00,BEARISH,D1-20230428-BEARISH,13247.2,M1,13249.2,BREAKER
2023-05-01 07:22:00,BEARISH,D1-20230428-BEARISH,13255.1,M1,13256.2,BREAKER
2023-05-01 07:35:00,BEARISH,D1-20230428-BEARISH,13254.8,M1,13257.8,BREAKER
2023-05-01 07:36:00,BEARISH,D1-20230428-BEARISH,13255.2,M1,13256.7,BREAKER
2023-05-01 19:39:00,BEARISH,D1-20230428-BEARISH,13265.7,M1,13267.3,BREAKER
2023-05-01 12:59:00,BEARISH,D1-20230428-BEARISH,13238.6,M1,13239.8,BREAKER
2023-05-01 12:46:00,BEARISH,D1-20230428-BEARISH,13243.2,M1,13245.6,BREAKER
2023-05-01 14:05:00,BEARISH,D1-20230428-BEARISH,13233.6,M1,13234.8,BREAKER
2023-05-01 16:38:00,BEARISH,D1-20230428-BEARISH,13214.2,M1,13216.9,BREAKER
2023-05-01 18:20:00,BEARISH,D1-20230428-BEARISH,13202.1,M1,13209.9,BREAKER
2023-05-01 22:05:00,BEARISH,D1-20230428-BEARISH,13230.7,M1,13233.5,BREAKER
2023-05-02 12:15:00,BEARISH,D1-20230501-BEARISH,13227.9,M15,13236.6,BREAKER
2023-05-02 13:10:00,BEARISH,D1-20230501-BEARISH,13227.9,M5,13232.2,BREAKER
2023-05-02 13:06:00,BEARISH,D1-20230501-BEARISH,13227.9,M1,13231.0,BREAKER
2023-05-02 14:03:00,BEARISH,D1-20230501-BEARISH,13230.9,M1,13231.7,BREAKER
2023-05-02 14:35:00,BEARISH,D1-20230501-BEARISH,13229.1,M1,13232.3,BREAKER
2023-05-02 14:28:00,BEARISH,D1-20230501-BEARISH,13233.9,M1,13237.5,BREAKER
2023-05-02 18:54:00,BEARISH,D1-20230501-BEARISH,13067.3,M1,13072.8,BREAKER
2023-05-02 19:23:00,BEARISH,D1-20230501-BEARISH,13061.3,M1,13068.7,BREAKER
2023-05-02 21:03:00,BEARISH,D1-20230501-BEARISH,13126.9,M1,13133.0,BREAKER
2023-06-06 17:15:00,BEARISH,D1-20230605-BEARISH,14537.7,M15,14547.3,BREAKER
2023-06-06 15:20:00,BEARISH,D1-20230605-BEARISH,14547.9,M5,14553.8,BREAKER
2023-06-06 19:50:00,BEARISH,D1-20230605-BEARISH,14534.2,M5,14546.3,BREAKER
2023-06-06 15:29:00,BEARISH,D1-20230605-BEARISH,14538.3,M1,14540.0,BREAKER
2023-06-06 15:14:00,BEARISH,D1-20230605-BEARISH,14544.5,M1,14546.8,BREAKER
2023-06-06 16:24:00,BEARISH,D1-20230605-BEARISH,14554.7,M1,14559.4,BREAKER
2023-06-06 16:24:00,BEARISH,D1-20230605-BEARISH,14555.3,M1,14557.6,BREAKER
2023-06-06 17:12:00,BEARISH,D1-20230605-BEARISH,14541.9,M1,14543.9,BREAKER
2023-06-06 18:31:00,BEARISH,D1-20230605-BEARISH,14541.9,M1,14550.1,BREAKER
2023-06-06 19:39:00,BEARISH,D1-20230605-BEARISH,14542.6,M1,14549.6,BREAKER
2023-06-06 19:11:00,BEARISH,D1-20230605-BEARISH,14577.3,M1,14580.8,BREAKER
2023-06-06 21:03:00,BEARISH,D1-20230605-BEARISH,14526.4,M1,14530.6,BREAKER
2023-06-06 22:44:00,BEARISH,D1-20230605-BEARISH,14554.3,M1,14559.6,BREAKER
2023-07-17 09:10:00,BEARISH,D1-20230714-BEARISH,15550.4,M5,15553.2,BREAKER
2023-07-17 13:05:00,BEARISH,D1-20230714-BEARISH,15555.1,M5,15561.6,BREAKER
2023-07-17 12:25:00,BEARISH,D1-20230714-BEARISH,15578.1,M5,15582.3,BREAKER
2023-07-17 04:11:00,BEARISH,D1-20230714-BEARISH,15549.1,M1,15550.6,BREAKER
2023-07-17 02:56:00,BEARISH,D1-20230714-BEARISH,15532.0,M1,15533.6,BREAKER
2023-07-17 03:34:00,BEARISH,D1-20230714-BEARISH,15537.2,M1,15538.6,BREAKER
2023-07-17 05:04:00,BEARISH,D1-20230714-BEARISH,15550.0,M1,15552.2,BREAKER
2023-07-17 07:20:00,BEARISH,D1-20230714-BEARISH,15546.6,M1,15547.6,BREAKER
2023-07-17 09:02:00,BEARISH,D1-20230714-BEARISH,15550.4,M1,15551.4,BREAKER
2023-07-17 08:59:00,BEARISH,D1-20230714-BEARISH,15553.7,M1,15555.7,BREAKER
2023-07-17 12:54:00,BEARISH,D1-20230714-BEARISH,15554.8,M1,15556.3,BREAKER
2023-07-17 12:53:00,BEARISH,D1-20230714-BEARISH,15556.6,M1,15560.9,BREAKER
2023-07-17 12:44:00,BEARISH,D1-20230714-BEARISH,15567.9,M1,15571.7,BREAKER
2023-07-17 12:04:00,BEARISH,D1-20230714-BEARISH,15576.3,M1,15578.4,BREAKER
2023-07-17 14:31:00,BEARISH,D1-20230714-BEARISH,15562.4,M1,15564.6,BREAKER
2023-07-17 15:38:00,BEARISH,D1-20230714-BEARISH,15560.2,M1,15564.2,BREAKER
2023-07-17 17:45:00,BEARISH,D1-20230714-BEARISH,15619.7,M1,15625.7,BREAKER
2023-07-17 17:57:00,BEARISH,D1-20230714-BEARISH,15613.5,M1,15621.4,BREAKER
2023-07-17 23:18:00,BEARISH,D1-20230714-BEARISH,15689.1,M1,15695.4,BREAKER
2023-07-20 16:00:00,BEARISH,D1-20230719-BEARISH,15708.2,M15,15720.2,BREAKER
2023-07-20 16:35:00,BEARISH,D1-20230719-BEARISH,15753.4,M5,15755.2,BREAKER
2023-07-20 16:00:00,BEARISH,D1-20230719-BEARISH,15709.0,M5,15715.7,BREAKER
2023-07-20 19:30:00,BEARISH,D1-20230719-BEARISH,15609.1,M5,15627.1,BREAKER
2023-07-20 03:00:00,BEARISH,D1-20230719-BEARISH,15726.8,M1,15728.7,BREAKER
2023-07-20 09:48:00,BEARISH,D1-20230719-BEARISH,15726.5,M1,15728.7,BREAKER
2023-07-20 13:21:00,BEARISH,D1-20230719-BEARISH,15734.1,M1,15736.7,BREAKER
2023-07-20 04:50:00,BEARISH,D1-20230719-BEARISH,15758.5,M1,15762.2,BREAKER
2023-07-20 06:43:00,BEARISH,D1-20230719-BEARISH,15749.1,M1,15750.4,BREAKER
2023-07-20 09:15:00,BEARISH,D1-20230719-BEARISH,15753.8,M1,15754.6,BREAKER
2023-07-20 07:29:00,BEARISH,D1-20230719-BEARISH,15756.9,M1,15758.0,BREAKER
2023-07-20 08:29:00,BEARISH,D1-20230719-BEARISH,15760.3,M1,15761.5,BREAKER
2023-07-20 16:52:00,BEARISH,D1-20230719-BEARISH,15764.9,M1,15766.0,BREAKER
2023-07-20 10:30:00,BEARISH,D1-20230719-BEARISH,15716.5,M1,15720.7,BREAKER
2023-07-20 10:32:00,BEARISH,D1-20230719-BEARISH,15720.0,M1,15724.3,BREAKER
2023-07-20 13:47:00,BEARISH,D1-20230719-BEARISH,15726.0,M1,15728.4,BREAKER
2023-07-20 13:56:00,BEARISH,D1-20230719-BEARISH,15727.9,M1,15729.0,BREAKER
2023-07-20 14:35:00,BEARISH,D1-20230719-BEARISH,15724.5,M1,15728.3,BREAKER
2023-07-20 17:13:00,BEARISH,D1-20230719-BEARISH,15699.0,M1,15703.1,BREAKER
2023-07-20 17:14:00,BEARISH,D1-20230719-BEARISH,15701.6,M1,15708.0,BREAKER
2023-07-20 17:00:00,BEARISH,D1-20230719-BEARISH,15742.3,M1,15751.0,BREAKER
2023-07-20 18:50:00,BEARISH,D1-20230719-BEARISH,15635.8,M1,15646.2,BREAKER
2023-07-20 20:40:00,BEARISH,D1-20230719-BEARISH,15578.9,M1,15586.1,BREAKER
2023-08-01 12:00:00,BEARISH,D1-20230731-BEARISH,15710.4,M15,15734.3,BREAKER
2023-08-01 09:15:00,BEARISH,D1-20230731-BEARISH,15755.3,M5,15761.0,BREAKER
2023-08-01 07:00:00,BEARISH,D1-20230731-BEARISH,15769.1,M5,15772.5,BREAKER
2023-08-01 09:06:00,BEARISH,D1-20230731-BEARISH,15756.3,M1,15757.8,BREAKER
2023-08-01 05:11:00,BEARISH,D1-20230731-BEARISH,15776.5,M1,15779.0,BREAKER
2023-08-01 07:45:00,BEARISH,D1-20230731-BEARISH,15768.2,M1,15770.1,BREAKER
2023-08-01 10:58:00,BEARISH,D1-20230731-BEARISH,15725.1,M1,15729.0,BREAKER
2023-08-01 12:03:00,BEARISH,D1-20230731-BEARISH,15708.1,M1,15711.3,BREAKER
2023-08-01 14:33:00,BEARISH,D1-20230731-BEARISH,15695.9,M1,15698.7,BREAKER
2023-08-01 14:26:00,BEARISH,D1-20230731-BEARISH,15712.0,M1,15715.0,BREAKER
2023-08-01 14:18:00,BEARISH,D1-20230731-BEARISH,15719.2,M1,15721.7,BREAKER
2023-08-01 14:08:00,BEARISH,D1-20230731-BEARISH,15722.5,M1,15726.1,BREAKER
2023-08-01 15:26:00,BEARISH,D1-20230731-BEARISH,15679.2,M1,15682.9,BREAKER
2023-08-01 19:28:00,BEARISH,D1-20230731-BEARISH,15701.6,M1,15707.7,BREAKER
2023-08-01 20:13:00,BEARISH,D1-20230731-BEARISH,15732.7,M1,15735.9,BREAKER
2023-08-01 22:57:00,BEARISH,D1-20230731-BEARISH,15725.5,M1,15730.2,BREAKER
2023-09-04 02:58:00,BEARISH,D1-20230901-BEARISH,15489.3,M1,15490.6,BREAKER
2023-09-04 04:18:00,BEARISH,D1-20230901-BEARISH,15495.7,M1,15496.9,BREAKER
2023-09-04 04:42:00,BEARISH,D1-20230901-BEARISH,15492.1,M1,15494.7,BREAKER
2023-09-04 05:27:00,BEARISH,D1-20230901-BEARISH,15501.7,M1,15503.2,BREAKER
2023-09-04 18:24:00,BEARISH,D1-20230901-BEARISH,15493.4,M1,15494.6,BREAKER
2023-09-04 18:03:00,BEARISH,D1-20230901-BEARISH,15499.6,M1,15501.3,BREAKER
2023-09-04 08:05:00,BEARISH,D1-20230901-BEARISH,15504.6,M1,15505.3,BREAKER
2023-09-04 18:14:00,BEARISH,D1-20230901-BEARISH,15502.3,M1,15503.9,BREAKER
2023-09-04 19:05:00,BEARISH,D1-20230901-BEARISH,15506.4,M1,15507.3,BREAKER
2023-09-04 09:43:00,BEARISH,D1-20230901-BEARISH,15518.3,M1,15519.9,BREAKER
2023-09-04 12:24:00,BEARISH,D1-20230901-BEARISH,15535.9,M1,15537.4,BREAKER
2023-09-04 12:06:00,BEARISH,D1-20230901-BEARISH,15527.7,M1,15528.8,BREAKER
2023-09-04 14:29:00,BEARISH,D1-20230901-BEARISH,15527.3,M1,15528.6,BREAKER
2023-09-04 13:22:00,BEARISH,D1-20230901-BEARISH,15537.6,M1,15538.7,BREAKER
2023-09-04 14:29:00,BEARISH,D1-20230901-BEARISH,15527.9,M1,15530.9,BREAKER
2023-09-04 15:17:00,BEARISH,D1-20230901-BEARISH,15529.1,M1,15531.2,BREAKER
2023-09-04 17:06:00,BEARISH,D1-20230901-BEARISH,15541.6,M1,15543.8,BREAKER
2023-09-04 19:55:00,BEARISH,D1-20230901-BEARISH,15501.3,M1,15503.1,BREAKER
2023-09-28 18:15:00,BULLISH,D1-20230927-BULLISH,14585.6,M15,14605.3,BREAKER
2023-09-28 15:40:00,BULLISH,D1-20230927-BULLISH,14577.5,M5,14582.7,BREAKER
2023-09-28 15:10:00,BULLISH,D1-20230927-BULLISH,14550.2,M5,14567.8,BREAKER
2023-09-28 13:00:00,BULLISH,D1-20230927-BULLISH,14572.7,M1,14576.7,BREAKER
2023-09-28 12:22:00,BULLISH,D1-20230927-BULLISH,14529.2,M1,14533.6,BREAKER
2023-09-28 14:29:00,BULLISH,D1-20230927-BULLISH,14554.4,M1,14557.5,BREAKER
2023-09-28 16:57:00,BULLISH,D1-20230927-BULLISH,14570.4,M1,14580.6,BREAKER
2023-09-28 15:54:00,BULLISH,D1-20230927-BULLISH,14536.6,M1,14544.7,BREAKER
2023-09-28 22:31:00,BULLISH,D1-20230927-BULLISH,14732.6,M1,14746.5,BREAKER
2023-09-28 21:23:00,BULLISH,D1-20230927-BULLISH,14715.2,M1,14720.7,BREAKER
2023-09-28 20:52:00,BULLISH,D1-20230927-BULLISH,14698.0,M1,14706.4,BREAKER
2023-09-28 22:16:00,BULLISH,D1-20230927-BULLISH,14708.0,M1,14717.3,BREAKER
2023-11-16 18:45:00,BEARISH,D1-20231115-BEARISH,15758.6,M15,15775.8,BREAKER
2023-11-16 18:00:00,BEARISH,D1-20231115-BEARISH,15773.7,M15,15799.9,BREAKER
2023-11-16 14:35:00,BEARISH,D1-20231115-BEARISH,15781.0,M5,15783.6,BREAKER
2023-11-16 09:45:00,BEARISH,D1-20231115-BEARISH,15790.0,M5,15793.6,BREAKER
2023-11-16 14:35:00,BEARISH,D1-20231115-BEARISH,15781.8,M5,15792.8,BREAKER
2023-11-16 03:24:00,BEARISH,D1-20231115-BEARISH,15796.9,M1,15798.3,BREAKER
2023-11-16 02:47:00,BEARISH,D1-20231115-BEARISH,15801.9,M1,15804.0,BREAKER
2023-11-16 04:29:00,BEARISH,D1-20231115-BEARISH,15770.0,M1,15772.9,BREAKER
2023-11-16 14:17:00,BEARISH,D1-20231115-BEARISH,15770.3,M1,15772.0,BREAKER
2023-11-16 14:32:00,BEARISH,D1-20231115-BEARISH,15774.6,M1,15775.6,BREAKER
2023-11-16 11:07:00,BEARISH,D1-20231115-BEARISH,15783.3,M1,15784.8,BREAKER
2023-11-16 09:42:00,BEARISH,D1-20231115-BEARISH,15787.7,M1,15789.6,BREAKER
2023-11-16 07:45:00,BEARISH,D1-20231115-BEARISH,15792.2,M1,15794.4,BREAKER
2023-11-16 08:48:00,BEARISH,D1-20231115-BEARISH,15794.0,M1,15796.2,BREAKER
2023-11-16 10:07:00,BEARISH,D1-20231115-BEARISH,15797.6,M1,15798.4,BREAKER
2023-11-16 13:57:00,BEARISH,D1-20231115-BEARISH,15793.9,M1,15797.3,BREAKER
2023-11-16 14:57:00,BEARISH,D1-20231115-BEARISH,15769.8,M1,15772.1,BREAKER
2023-11-16 15:04:00,BEARISH,D1-20231115-BEARISH,15773.9,M1,15776.8,BREAKER
2023-11-16 17:13:00,BEARISH,D1-20231115-BEARISH,15814.8,M1,15820.2,BREAKER
2023-11-16 17:54:00,BEARISH,D1-20231115-BEARISH,15766.8,M1,15778.1,BREAKER
2023-11-16 20:15:00,BEARISH,D1-20231115-BEARISH,15795.2,M1,15801.0,BREAKER
2023-11-16 20:17:00,BEARISH,D1-20231115-BEARISH,15805.4,M1,15810.8,BREAKER
2023-11-16 20:51:00,BEARISH,D1-20231115-BEARISH,15781.5,M1,15790.9,BREAKER
2023-11-16 21:57:00,BEARISH,D1-20231115-BEARISH,15806.4,M1,15809.7,BREAKER
2023-11-30 16:30:00,BEARISH,D1-20231129-BEARISH,16014.3,M15,16027.1,BREAKER
2023-11-30 16:15:00,BEARISH,D1-20231129-BEARISH,16014.3,M5,16023.3,BREAKER
2023-11-30 22:30:00,BEARISH,D1-20231129-BEARISH,15854.1,M5,15863.8,BREAKER
2023-11-30 12:05:00,BEARISH,D1-20231129-BEARISH,16013.6,M1,16015.1,BREAKER
2023-11-30 15:59:00,BEARISH,D1-20231129-BEARISH,16014.9,M1,16017.7,BREAKER
2023-11-30 14:53:00,BEARISH,D1-20231129-BEARISH,16037.3,M1,16038.8,BREAKER
2023-11-30 15:24:00,BEARISH,D1-20231129-BEARISH,16038.4,M1,16039.9,BREAKER
2023-11-30 17:39:00,BEARISH,D1-20231129-BEARISH,15896.7,M1,15905.6,BREAKER
2023-11-30 18:47:00,BEARISH,D1-20231129-BEARISH,15850.7,M1,15860.2,BREAKER
2023-11-30 20:54:00,BEARISH,D1-20231129-BEARISH,15828.3,M1,15835.4,BREAKER
2023-11-30 20:10:00,BEARISH,D1-20231129-BEARISH,15843.6,M1,15848.9,BREAKER
2023-11-30 22:29:00,BEARISH,D1-20231129-BEARISH,15849.0,M1,15856.3,BREAKER
2023-11-30 22:11:00,BEARISH,D1-20231129-BEARISH,15862.3,M1,15865.2,BREAKER
2023-12-15 02:55:00,BEARISH,D1-20231214-BEARISH,16546.7,M5,16549.3,BREAKER
2023-12-15 15:40:00,BEARISH,D1-20231214-BEARISH,16582.8,M5,16588.4,BREAKER
2023-12-15 23:05:00,BEARISH,D1-20231214-BEARISH,16612.8,M5,16621.1,BREAKER
2023-12-15 04:08:00,BEARISH,D1-20231214-BEARISH,16555.7,M1,16557.8,BREAKER
2023-12-15 03:03:00,BEARISH,D1-20231214-BEARISH,16545.1,M1,16547.2,BREAKER
2023-12-15 07:41:00,BEARISH,D1-20231214-BEARISH,16555.9,M1,16557.3,BREAKER
2023-12-15 07:22:00,BEARISH,D1-20231214-BEARISH,16562.4,M1,16563.1,BREAKER
2023-12-15 07:21:00,BEARISH,D1-20231214-BEARISH,16562.8,M1,16563.9,BREAKER
2023-12-15 08:05:00,BEARISH,D1-20231214-BEARISH,16560.2,M1,16561.6,BREAKER
2023-12-15 08:47:00,BEARISH,D1-20231214-BEARISH,16559.1,M1,16560.3,BREAKER
2023-12-15 15:43:00,BEARISH,D1-20231214-BEARISH,16558.2,M1,16561.4,BREAKER
2023-12-15 15:41:00,BEARISH,D1-20231214-BEARISH,16566.6,M1,16569.8,BREAKER
2023-12-15 10:18:00,BEARISH,D1-20231214-BEARISH,16582.6,M1,16583.3,BREAKER
2023-12-15 13:04:00,BEARISH,D1-20231214-BEARISH,16583.9,M1,16587.1,BREAKER
2023-12-15 14:52:00,BEARISH,D1-20231214-BEARISH,16587.8,M1,16589.6,BREAKER
2023-12-15 15:28:00,BEARISH,D1-20231214-BEARISH,16590.7,M1,16592.7,BREAKER
2023-12-15 14:47:00,BEARISH,D1-20231214-BEARISH,16592.8,M1,16595.1,BREAKER
2023-12-15 15:34:00,BEARISH,D1-20231214-BEARISH,16584.3,M1,16586.6,BREAKER
2023-12-15 15:34:00,BEARISH,D1-20231214-BEARISH,16589.6,M1,16592.2,BREAKER
2023-12-15 20:48:00,BEARISH,D1-20231214-BEARISH,16580.6,M1,16598.3,BREAKER
2023-12-15 19:39:00,BEARISH,D1-20231214-BEARISH,16624.6,M1,16637.4,BREAKER
2023-12-15 19:13:00,BEARISH,D1-20231214-BEARISH,16640.9,M1,16645.0,BREAKER
2023-12-15 23:01:00,BEARISH,D1-20231214-BEARISH,16617.9,M1,16623.6,BREAKER
2024-01-23 11:15:00,BEARISH,D1-20240122-BEARISH,17326.6,M15,17336.0,BREAKER
2024-01-23 13:45:00,BEARISH,D1-20240122-BEARISH,17343.8,M15,17348.8,BREAKER
2024-01-23 18:45:00,BEARISH,D1-20240122-BEARISH,17323.0,M15,17334.1,BREAKER
2024-01-23 13:45:00,BEARISH,D1-20240122-BEARISH,17345.4,M5,17352.5,BREAKER
2024-01-23 16:45:00,BEARISH,D1-20240122-BEARISH,17342.1,M5,17348.4,BREAKER
2024-01-23 16:45:00,BEARISH,D1-20240122-BEARISH,17343.2,M5,17350.9,BREAKER
2024-01-23 16:10:00,BEARISH,D1-20240122-BEARISH,17373.6,M5,17384.1,BREAKER
2024-01-23 13:41:00,BEARISH,D1-20240122-BEARISH,17343.8,M1,17345.3,BREAKER
2024-01-23 09:37:00,BEARISH,D1-20240122-BEARISH,17348.2,M1,17351.2,BREAKER
2024-01-23 16:34:00,BEARISH,D1-20240122-BEARISH,17314.4,M1,17316.9,BREAKER
2024-01-23 16:34:00,BEARISH,D1-20240122-BEARISH,17319.2,M1,17321.9,BREAKER
2024-01-23 13:23:00,BEARISH,D1-20240122-BEARISH,17325.9,M1,17328.4,BREAKER
2024-01-23 16:37:00,BEARISH,D1-20240122-BEARISH,17324.7,M1,17326.7,BREAKER
2024-01-23 16:39:00,BEARISH,D1-20240122-BEARISH,17337.4,M1,17340.2,BREAKER
2024-01-23 14:48:00,BEARISH,D1-20240122-BEARISH,17345.8,M1,17347.5,BREAKER
2024-01-23 16:52:00,BEARISH,D1-20240122-BEARISH,17352.7,M1,17355.9,BREAKER
2024-01-23 16:23:00,BEARISH,D1-20240122-BEARISH,17356.9,M1,17361.4,BREAKER
2024-01-23 16:07:00,BEARISH,D1-20240122-BEARISH,17374.4,M1,17377.4,BREAKER
2024-01-23 16:52:00,BEARISH,D1-20240122-BEARISH,17353.0,M1,17356.1,BREAKER
2024-01-23 17:54:00,BEARISH,D1-20240122-BEARISH,17330.6,M1,17337.4,BREAKER
2024-01-23 18:24:00,BEARISH,D1-20240122-BEARISH,17327.0,M1,17333.7,BREAKER
2024-01-23 19:27:00,BEARISH,D1-20240122-BEARISH,17326.0,M1,17330.2,BREAKER
2024-01-23 21:17:00,BEARISH,D1-20240122-BEARISH,17345.8,M1,17348.6,BREAKER
2024-01-23 22:38:00,BEARISH,D1-20240122-BEARISH,17376.3,M1,17381.5,BREAKER
2024-01-23 23:10:00,BEARISH,D1-20240122-BEARISH,17392.7,M1,17398.3,BREAKER
2024-01-23 23:14:00,BEARISH,D1-20240122-BEARISH,17399.4,M1,17408.8,BREAKER
2024-05-08 14:45:00,BEARISH,D1-20240507-BEARISH,18054.6,M15,18069.7,BREAKER
2024-05-08 08:15:00,BEARISH,D1-20240507-BEARISH,18079.7,M15,18117.3,BREAKER
2024-05-08 14:05:00,BEARISH,D1-20240507-BEARISH,18079.8,M5,18082.1,BREAKER
2024-05-08 14:05:00,BEARISH,D1-20240507-BEARISH,18078.9,M5,18086.4,BREAKER
2024-05-08 20:35:00,BEARISH,D1-20240507-BEARISH,18048.4,M5,18068.3,BREAKER
2024-05-08 22:50:00,BEARISH,D1-20240507-BEARISH,18093.5,M5,18109.1,BREAKER
2024-05-08 04:22:00,BEARISH,D1-20240507-BEARISH,18100.5,M1,18101.7,BREAKER
2024-05-08 04:44:00,BEARISH,D1-20240507-BEARISH,18102.6,M1,18104.1,BREAKER
2024-05-08 05:23:00,BEARISH,D1-20240507-BEARISH,18097.1,M1,18097.9,BREAKER
2024-05-08 07:15:00,BEARISH,D1-20240507-BEARISH,18088.9,M1,18089.8,BREAKER
2024-05-08 06:51:00,BEARISH,D1-20240507-BEARISH,18090.2,M1,18091.3,BREAKER
2024-05-08 09:25:00,BEARISH,D1-20240507-BEARISH,18082.1,M1,18083.0,BREAKER
2024-05-08 09:21:00,BEARISH,D1-20240507-BEARISH,18085.5,M1,18088.3,BREAKER
2024-05-08 09:11:00,BEARISH,D1-20240507-BEARISH,18089.1,M1,18090.3,BREAKER
2024-05-08 12:29:00,BEARISH,D1-20240507-BEARISH,18084.9,M1,18087.4,BREAKER
2024-05-08 10:55:00,BEARISH,D1-20240507-BEARISH,18098.0,M1,18100.4,BREAKER
2024-05-08 17:27:00,BEARISH,D1-20240507-BEARISH,18098.8,M1,18101.3,BREAKER
2024-05-08 13:27:00,BEARISH,D1-20240507-BEARISH,18091.1,M1,18094.2,BREAKER
2024-05-08 14:01:00,BEARISH,D1-20240507-BEARISH,18079.2,M1,18082.3,BREAKER
2024-05-08 13:38:00,BEARISH,D1-20240507-BEARISH,18082.7,M1,18084.7,BREAKER
2024-05-08 17:14:00,BEARISH,D1-20240507-BEARISH,18054.4,M1,18059.0,BREAKER
2024-05-08 17:59:00,BEARISH,D1-20240507-BEARISH,18112.6,M1,18118.7,BREAKER
2024-05-08 20:03:00,BEARISH,D1-20240507-BEARISH,18060.3,M1,18065.3,BREAKER
2024-05-08 23:09:00,BEARISH,D1-20240507-BEARISH,18064.4,M1,18068.4,BREAKER
2024-05-08 22:55:00,BEARISH,D1-20240507-BEARISH,18082.4,M1,18084.4,BREAKER
2024-05-17 12:10:00,BEARISH,D1-20240516-BEARISH,18554.6,M5,18556.8,BREAKER
2024-05-17 08:35:00,BEARISH,D1-20240516-BEARISH,18564.4,M5,18566.0,BREAKER
2024-05-17 07:24:00,BEARISH,D1-20240516-BEARISH,18560.2,M1,18561.4,BREAKER
2024-05-17 05:32:00,BEARISH,D1-20240516-BEARISH,18563.1,M1,18563.7,BREAKER
2024-05-17 05:15:00,BEARISH,D1-20240516-BEARISH,18566.1,M1,18567.5,BREAKER
2024-05-17 10:57:00,BEARISH,D1-20240516-BEARISH,18557.1,M1,18558.0,BREAKER
2024-05-17 10:23:00,BEARISH,D1-20240516-BEARISH,18559.2,M1,18559.7,BREAKER
2024-05-17 08:32:00,BEARISH,D1-20240516-BEARISH,18565.4,M1,18566.4,BREAKER
2024-05-17 13:59:00,BEARISH,D1-20240516-BEARISH,18574.3,M1,18576.8,BREAKER
2024-05-17 20:21:00,BEARISH,D1-20240516-BEARISH,18531.5,M1,18533.0,BREAKER
2024-05-17 13:12:00,BEARISH,D1-20240516-BEARISH,18556.4,M1,18558.0,BREAKER
2024-05-17 16:36:00,BEARISH,D1-20240516-BEARISH,18556.1,M1,18558.8,BREAKER
2024-05-17 14:13:00,BEARISH,D1-20240516-BEARISH,18566.8,M1,18568.1,BREAKER
2024-05-17 14:10:00,BEARISH,D1-20240516-BEARISH,18569.5,M1,18570.7,BREAKER
2024-05-17 14:37:00,BEARISH,D1-20240516-BEARISH,18573.9,M1,18574.9,BREAKER
2024-05-17 15:19:00,BEARISH,D1-20240516-BEARISH,18575.4,M1,18578.0,BREAKER
2024-05-17 15:26:00,BEARISH,D1-20240516-BEARISH,18578.5,M1,18581.9,BREAKER
2024-05-17 16:02:00,BEARISH,D1-20240516-BEARISH,18587.8,M1,18589.8,BREAKER
2024-05-17 18:42:00,BEARISH,D1-20240516-BEARISH,18544.2,M1,18551.4,BREAKER
2024-05-17 18:09:00,BEARISH,D1-20240516-BEARISH,18563.6,M1,18569.0,BREAKER
2024-06-19 03:30:00,BEARISH,D1-20240618-BEARISH,19927.4,M5,19930.7,BREAKER
2024-06-19 07:50:00,BEARISH,D1-20240618-BEARISH,19927.5,M5,19930.0,BREAKER
2024-06-19 15:10:00,BEARISH,D1-20240618-BEARISH,19948.4,M5,19950.8,BREAKER
2024-06-19 03:25:00,BEARISH,D1-20240618-BEARISH,19927.3,M1,19927.9,BREAKER
2024-06-19 06:33:00,BEARISH,D1-20240618-BEARISH,19936.3,M1,19936.8,BREAKER
2024-06-19 07:13:00,BEARISH,D1-20240618-BEARISH,19932.5,M1,19932.9,BREAKER
2024-06-19 09:27:00,BEARISH,D1-20240618-BEARISH,19940.4,M1,19941.5,BREAKER
2024-06-19 15:19:00,BEARISH,D1-20240618-BEARISH,19947.1,M1,19948.2,BREAKER
2024-06-19 15:06:00,BEARISH,D1-20240618-BEARISH,19948.2,M1,19949.8,BREAKER
2024-06-19 14:07:00,BEARISH,D1-20240618-BEARISH,19955.8,M1,19957.0,BREAKER
2024-06-19 14:44:00,BEARISH,D1-20240618-BEARISH,19953.4,M1,19954.8,BREAKER
2024-06-19 17:33:00,BEARISH,D1-20240618-BEARISH,19945.6,M1,19946.7,BREAKER
2024-06-19 17:29:00,BEARISH,D1-20240618-BEARISH,19949.9,M1,19951.2,BREAKER
2024-06-19 16:01:00,BEARISH,D1-20240618-BEARISH,19955.4,M1,19957.4,BREAKER
2024-06-19 19:09:00,BEARISH,D1-20240618-BEARISH,19949.3,M1,19950.7,BREAKER
2024-06-27 02:00:00,BEARISH,D1-20240626-BEARISH,19667.2,M15,19696.4,BREAKER
2024-06-27 19:00:00,BEARISH,D1-20240626-BEARISH,19732.1,M15,19747.3,BREAKER
2024-06-27 14:10:00,BEARISH,D1-20240626-BEARISH,19715.0,M5,19721.1,BREAKER
2024-06-27 19:35:00,BEARISH,D1-20240626-BEARISH,19778.1,M5,19809.1,BREAKER
2024-06-27 05:14:00,BEARISH,D1-20240626-BEARISH,19675.9,M1,19678.3,BREAKER
2024-06-27 01:26:00,BEARISH,D1-20240626-BEARISH,19683.1,M1,19685.0,BREAKER
2024-06-27 01:17:00,BEARISH,D1-20240626-BEARISH,19687.7,M1,19691.2,BREAKER
2024-06-27 03:09:00,BEARISH,D1-20240626-BEARISH,19650.7,M1,19651.8,BREAKER
2024-06-27 06:42:00,BEARISH,D1-20240626-BEARISH,19666.2,M1,19667.9,BREAKER
2024-06-27 11:26:00,BEARISH,D1-20240626-BEARISH,19682.4,M1,19684.2,BREAKER
2024-06-27 09:08:00,BEARISH,D1-20240626-BEARISH,19694.5,M1,19696.1,BREAKER
2024-06-27 11:00:00,BEARISH,D1-20240626-BEARISH,19689.9,M1,19692.7,BREAKER
2024-06-27 10:52:00,BEARISH,D1-20240626-BEARISH,19698.4,M1,19701.1,BREAKER
2024-06-27 11:53:00,BEARISH,D1-20240626-BEARISH,19695.5,M1,19699.2,BREAKER
2024-06-27 18:37:00,BEARISH,D1-20240626-BEARISH,19700.8,M1,19702.8,BREAKER
2024-06-27 14:12:00,BEARISH,D1-20240626-BEARISH,19710.6,M1,19713.1,BREAKER
2024-06-27 14:03:00,BEARISH,D1-20240626-BEARISH,19719.6,M1,19722.0,BREAKER
2024-06-27 13:52:00,BEARISH,D1-20240626-BEARISH,19724.1,M1,19727.3,BREAKER
2024-06-27 15:07:00,BEARISH,D1-20240626-BEARISH,19715.5,M1,19719.7,BREAKER
2024-06-27 18:30:00,BEARISH,D1-20240626-BEARISH,19732.7,M1,19740.0,BREAKER
2024-06-27 20:01:00,BEARISH,D1-20240626-BEARISH,19777.0,M1,19781.1,BREAKER
2024-11-11 17:00:00,BEARISH,D1-20241108-BEARISH,21123.4,M15,21130.5,BREAKER
2024-11-11 13:15:00,BEARISH,D1-20241108-BEARISH,21186.5,M15,21192.4,BREAKER
2024-11-11 17:35:00,BEARISH,D1-20241108-BEARISH,21126.5,M5,21130.5,BREAKER
2024-11-11 12:40:00,BEARISH,D1-20241108-BEARISH,21192.3,M5,21195.0,BREAKER
2024-11-11 11:05:00,BEARISH,D1-20241108-BEARISH,21204.0,M5,21213.1,BREAKER
2024-11-11 15:35:00,BEARISH,D1-20241108-BEARISH,21217.5,M5,21224.1,BREAKER
2024-11-11 19:25:00,BEARISH,D1-20241108-BEARISH,21090.5,M5,21110.8,BREAKER
2024-11-11 17:34:00,BEARISH,D1-20241108-BEARISH,21126.6,M1,21128.5,BREAKER
2024-11-11 03:28:00,BEARISH,D1-20241108-BEARISH,21178.5,M1,21184.8,BREAKER
2024-11-11 02:22:00,BEARISH,D1-20241108-BEARISH,21207.5,M1,21208.9,BREAKER
2024-11-11 04:38:00,BEARISH,D1-20241108-BEARISH,21174.3,M1,21178.2,BREAKER
2024-11-11 04:04:00,BEARISH,D1-20241108-BEARISH,21182.4,M1,21186.2,BREAKER
2024-11-11 05:04:00,BEARISH,D1-20241108-BEARISH,21174.7,M1,21175.8,BREAKER
2024-11-11 12:57:00,BEARISH,D1-20241108-BEARISH,21181.7,M1,21183.8,BREAKER
2024-11-11 09:06:00,BEARISH,D1-20241108-BEARISH,21188.4,M1,21189.8,BREAKER
2024-11-11 09:30:00,BEARISH,D1-20241108-BEARISH,21197.4,M1,21199.8,BREAKER
2024-11-11 11:22:00,BEARISH,D1-20241108-BEARISH,21212.5,M1,21217.0,BREAKER
2024-11-11 12:00:00,BEARISH,D1-20241108-BEARISH,21199.9,M1,21203.1,BREAKER
2024-11-11 15:00:00,BEARISH,D1-20241108-BEARISH,21233.4,M1,21235.8,BREAKER
2024-11-11 20:38:00,BEARISH,D1-20241108-BEARISH,21065.7,M1,21077.4,BREAKER
2024-11-11 19:14:00,BEARISH,D1-20241108-BEARISH,21095.8,M1,21108.5,BREAKER
2024-11-11 19:42:00,BEARISH,D1-20241108-BEARISH,21080.5,M1,21086.5,BREAKER
2024-11-11 20:39:00,BEARISH,D1-20241108-BEARISH,21066.8,M1,21074.8,BREAKER
2024-11-11 21:13:00,BEARISH,D1-20241108-BEARISH,21076.0,M1,21085.8,BREAKER
2024-11-11 22:57:00,BEARISH,D1-20241108-BEARISH,21099.8,M1,21109.0,BREAKER
2024-11-21 17:00:00,BEARISH,D1-20241120-BEARISH,20629.5,M15,20669.9,BREAKER
2024-11-21 17:00:00,BEARISH,D1-20241120-BEARISH,20679.9,M15,20736.3,BREAKER
2024-11-21 02:40:00,BEARISH,D1-20241120-BEARISH,20615.9,M5,20636.7,BREAKER
2024-11-21 06:00:00,BEARISH,D1-20241120-BEARISH,20587.0,M5,20594.9,BREAKER
2024-11-21 07:50:00,BEARISH,D1-20241120-BEARISH,20608.7,M5,20613.3,BREAKER
2024-11-21 09:55:00,BEARISH,D1-20241120-BEARISH,20610.7,M5,20619.4,BREAKER
2024-11-21 16:50:00,BEARISH,D1-20241120-BEARISH,20688.9,M5,20705.8,BREAKER
2024-11-21 19:35:00,BEARISH,D1-20241120-BEARISH,20741.6,M5,20752.9,BREAKER
2024-11-21 19:45:00,BEARISH,D1-20241120-BEARISH,20766.6,M5,20781.6,BREAKER
2024-11-21 02:28:00,BEARISH,D1-20241120-BEARISH,20630.5,M1,20633.8,BREAKER
2024-11-21 02:09:00,BEARISH,D1-20241120-BEARISH,20645.0,M1,20651.7,BREAKER
2024-11-21 05:23:00,BEARISH,D1-20241120-BEARISH,20610.3,M1,20615.8,BREAKER
2024-11-21 03:40:00,BEARISH,D1-20241120-BEARISH,20575.4,M1,20584.9,BREAKER
2024-11-21 04:21:00,BEARISH,D1-20241120-BEARISH,20579.3,M1,20586.7,BREAKER
2024-11-21 05:47:00,BEARISH,D1-20241120-BEARISH,20600.3,M1,20603.0,BREAKER
2024-11-21 07:41:00,BEARISH,D1-20241120-BEARISH,20604.9,M1,20608.2,BREAKER
2024-11-21 09:49:00,BEARISH,D1-20241120-BEARISH,20601.4,M1,20604.3,BREAKER
2024-11-21 09:23:00,BEARISH,D1-20241120-BEARISH,20628.5,M1,20632.7,BREAKER
2024-11-21 10:20:00,BEARISH,D1-20241120-BEARISH,20591.5,M1,20607.0,BREAKER
2024-11-21 17:09:00,BEARISH,D1-20241120-BEARISH,20542.0,M1,20549.1,BREAKER
2024-11-21 17:03:00,BEARISH,D1-20241120-BEARISH,20562.8,M1,20571.4,BREAKER
2024-11-21 16:39:00,BEARISH,D1-20241120-BEARISH,20631.0,M1,20637.8,BREAKER
2024-11-21 16:47:00,BEARISH,D1-20241120-BEARISH,20651.9,M1,20660.5,BREAKER
2024-11-21 15:14:00,BEARISH,D1-20241120-BEARISH,20712.9,M1,20719.8,BREAKER
2024-11-21 19:30:00,BEARISH,D1-20241120-BEARISH,20726.6,M1,20730.8,BREAKER
2024-11-21 19:45:00,BEARISH,D1-20241120-BEARISH,20771.1,M1,20774.5,BREAKER
2024-11-21 19:46:00,BEARISH,D1-20241120-BEARISH,20784.5,M1,20792.3,BREAKER
2024-11-21 19:46:00,BEARISH,D1-20241120-BEARISH,20775.9,M1,20804.1,BREAKER
2024-11-21 17:44:00,BEARISH,D1-20241120-BEARISH,20522.9,M1,20541.9,BREAKER
2024-11-21 18:49:00,BEARISH,D1-20241120-BEARISH,20643.2,M1,20653.8,BREAKER
2024-11-21 18:38:00,BEARISH,D1-20241120-BEARISH,20667.8,M1,20684.3,BREAKER
2024-11-21 21:20:00,BEARISH,D1-20241120-BEARISH,20737.5,M1,20751.8,BREAKER
2024-11-21 21:13:00,BEARISH,D1-20241120-BEARISH,20751.8,M1,20763.3,BREAKER
2024-12-06 14:38:00,BEARISH,D1-20241205-BEARISH,21439.1,M1,21440.6,BREAKER
2024-12-06 15:12:00,BEARISH,D1-20241205-BEARISH,21444.1,M1,21446.5,BREAKER
2024-12-06 15:57:00,BEARISH,D1-20241205-BEARISH,21466.5,M1,21477.6,BREAKER
2024-12-06 17:53:00,BEARISH,D1-20241205-BEARISH,21570.5,M1,21579.4,BREAKER
2024-12-06 19:46:00,BEARISH,D1-20241205-BEARISH,21573.9,M1,21580.1,BREAKER
2024-12-06 21:17:00,BEARISH,D1-20241205-BEARISH,21583.4,M1,21591.4,BREAKER
2024-12-06 22:02:00,BEARISH,D1-20241205-BEARISH,21595.6,M1,21599.0,BREAKER
2024-12-06 23:06:00,BEARISH,D1-20241205-BEARISH,21606.4,M1,21611.1,BREAKER
2025-01-30 13:20:00,BEARISH,D1-20250129-BEARISH,21506.4,M5,21515.2,BREAKER
2025-01-30 11:10:00,BEARISH,D1-20250129-BEARISH,21522.0,M5,21532.7,BREAKER
2025-01-30 14:40:00,BEARISH,D1-20250129-BEARISH,21463.8,M5,21473.4,BREAKER
2025-01-30 17:15:00,BEARISH,D1-20250129-BEARISH,21465.9,M5,21506.2,BREAKER
2025-01-30 19:45:00,BEARISH,D1-20250129-BEARISH,21383.3,M5,21403.3,BREAKER
2025-01-30 08:11:00,BEARISH,D1-20250129-BEARISH,21498.8,M1,21501.1,BREAKER
2025-01-30 09:42:00,BEARISH,D1-20250129-BEARISH,21503.8,M1,21506.6,BREAKER
2025-01-30 09:12:00,BEARISH,D1-20250129-BEARISH,21479.4,M1,21482.8,BREAKER
2025-01-30 11:39:00,BEARISH,D1-20250129-BEARISH,21496.8,M1,21498.2,BREAKER
2025-01-30 11:35:00,BEARISH,D1-20250129-BEARISH,21501.3,M1,21502.3,BREAKER
2025-01-30 11:35:00,BEARISH,D1-20250129-BEARISH,21501.2,M1,21504.3,BREAKER
2025-01-30 11:39:00,BEARISH,D1-20250129-BEARISH,21497.3,M1,21508.8,BREAKER
2025-01-30 12:59:00,BEARISH,D1-20250129-BEARISH,21468.5,M1,21472.7,BREAKER
2025-01-30 12:47:00,BEARISH,D1-20250129-BEARISH,21476.9,M1,21479.4,BREAKER
2025-01-30 14:14:00,BEARISH,D1-20250129-BEARISH,21465.5,M1,21469.2,BREAKER
2025-01-30 14:44:00,BEARISH,D1-20250129-BEARISH,21470.7,M1,21476.2,BREAKER
2025-01-30 13:48:00,BEARISH,D1-20250129-BEARISH,21498.0,M1,21501.5,BREAKER
2025-01-30 17:09:00,BEARISH,D1-20250129-BEARISH,21424.2,M1,21429.7,BREAKER
2025-01-30 15:39:00,BEARISH,D1-20250129-BEARISH,21470.4,M1,21476.4,BREAKER
2025-01-30 16:28:00,BEARISH,D1-20250129-BEARISH,21488.5,M1,21497.4,BREAKER
2025-01-30 21:53:00,BEARISH,D1-20250129-BEARISH,21487.9,M1,21498.9,BREAKER
2025-01-30 19:17:00,BEARISH,D1-20250129-BEARISH,21405.7,M1,21411.2,BREAKER
2025-01-30 19:06:00,BEARISH,D1-20250129-BEARISH,21438.7,M1,21449.2,BREAKER
2025-01-30 22:42:00,BEARISH,D1-20250129-BEARISH,21431.7,M1,21442.8,BREAKER
2025-01-30 22:56:00,BEARISH,D1-20250129-BEARISH,21486.2,M1,21489.7,BREAKER
2025-01-30 23:31:00,BEARISH,D1-20250129-BEARISH,21519.7,M1,21524.9,BREAKER
2025-03-05 20:15:00,BULLISH,D1-20250304-BULLISH,20446.2,M15,20476.3,BREAKER
2025-03-05 08:00:00,BULLISH,D1-20250304-BULLISH,20498.5,M5,20506.0,BREAKER
2025-03-05 21:40:00,BULLISH,D1-20250304-BULLISH,20553.2,M5,20575.2,BREAKER
2025-03-05 20:05:00,BULLISH,D1-20250304-BULLISH,20500.0,M5,20510.6,BREAKER
2025-03-05 01:03:00,BULLISH,D1-20250304-BULLISH,20471.9,M1,20494.7,BREAKER
2025-03-05 06:11:00,BULLISH,D1-20250304-BULLISH,20499.5,M1,20509.6,BREAKER
2025-03-05 03:38:00,BULLISH,D1-20250304-BULLISH,20467.7,M1,20475.6,BREAKER
2025-03-05 05:24:00,BULLISH,D1-20250304-BULLISH,20482.1,M1,20487.5,BREAKER
2025-03-05 04:55:00,BULLISH,D1-20250304-BULLISH,20446.7,M1,20453.7,BREAKER
2025-03-05 05:39:00,BULLISH,D1-20250304-BULLISH,20447.6,M1,20457.9,BREAKER
2025-03-05 08:25:00,BULLISH,D1-20250304-BULLISH,20484.9,M1,20489.2,BREAKER
2025-03-05 08:29:00,BULLISH,D1-20250304-BULLISH,20475.2,M1,20480.2,BREAKER
2025-03-05 08:55:00,BULLISH,D1-20250304-BULLISH,20501.4,M1,20506.0,BREAKER
2025-03-05 08:49:00,BULLISH,D1-20250304-BULLISH,20485.9,M1,20491.1,BREAKER
2025-03-05 10:14:00,BULLISH,D1-20250304-BULLISH,20482.1,M1,20490.5,BREAKER
2025-03-05 11:24:00,BULLISH,D1-20250304-BULLISH,20528.7,M1,20539.8,BREAKER
2025-03-05 21:00:00,BULLISH,D1-20250304-BULLISH,20529.8,M1,20541.8,BREAKER
2025-03-05 14:33:00,BULLISH,D1-20250304-BULLISH,20441.5,M1,20450.2,BREAKER
2025-03-05 19:53:00,BULLISH,D1-20250304-BULLISH,20467.1,M1,20476.3,BREAKER
2025-03-05 16:42:00,BULLISH,D1-20250304-BULLISH,20349.4,M1,20370.6,BREAKER
2025-03-05 17:03:00,BULLISH,D1-20250304-BULLISH,20330.5,M1,20361.2,BREAKER
2025-03-05 19:00:00,BULLISH,D1-20250304-BULLISH,20270.6,M1,20283.5,BREAKER
2025-03-05 21:00:00,BULLISH,D1-20250304-BULLISH,20517.0,M1,20537.7,BREAKER
2025-03-05 21:50:00,BULLISH,D1-20250304-BULLISH,20603.9,M1,20621.6,BREAKER
2025-03-05 22:56:00,BULLISH,D1-20250304-BULLISH,20607.0,M1,20627.9,BREAKER
2025-05-16 05:25:00,BEARISH,D1-20250515-BEARISH,21311.0,M5,21313.3,BREAKER
2025-05-16 17:55:00,BEARISH,D1-20250515-BEARISH,21311.7,M5,21322.3,BREAKER
2025-05-16 03:28:00,BEARISH,D1-20250515-BEARISH,21331.6,M1,21339.6,BREAKER
2025-05-16 05:14:00,BEARISH,D1-20250515-BEARISH,21288.5,M1,21292.2,BREAKER
2025-05-16 09:39:00,BEARISH,D1-20250515-BEARISH,21300.0,M1,21304.6,BREAKER
2025-05-16 05:47:00,BEARISH,D1-20250515-BEARISH,21320.7,M1,21323.3,BREAKER
2025-05-16 07:55:00,BEARISH,D1-20250515-BEARISH,21321.7,M1,21324.3,BREAKER
2025-05-16 09:17:00,BEARISH,D1-20250515-BEARISH,21329.5,M1,21330.8,BREAKER
2025-05-16 08:35:00,BEARISH,D1-20250515-BEARISH,21314.2,M1,21317.2,BREAKER
2025-05-16 09:31:00,BEARISH,D1-20250515-BEARISH,21304.8,M1,21310.7,BREAKER
2025-05-16 09:28:00,BEARISH,D1-20250515-BEARISH,21314.8,M1,21317.1,BREAKER
2025-05-16 17:38:00,BEARISH,D1-20250515-BEARISH,21300.9,M1,21305.3,BREAKER
2025-05-16 17:52:00,BEARISH,D1-20250515-BEARISH,21311.7,M1,21316.6,BREAKER
2025-05-16 17:35:00,BEARISH,D1-20250515-BEARISH,21314.8,M1,21318.1,BREAKER
2025-05-16 16:44:00,BEARISH,D1-20250515-BEARISH,21333.3,M1,21338.8,BREAKER
2025-05-16 13:02:00,BEARISH,D1-20250515-BEARISH,21360.3,M1,21364.8,BREAKER
2025-05-16 11:46:00,BEARISH,D1-20250515-BEARISH,21378.8,M1,21381.3,BREAKER
2025-05-16 12:37:00,BEARISH,D1-20250515-BEARISH,21371.6,M1,21374.8,BREAKER
2025-05-16 12:35:00,BEARISH,D1-20250515-BEARISH,21372.8,M1,21375.8,BREAKER
2025-05-16 15:54:00,BEARISH,D1-20250515-BEARISH,21365.8,M1,21367.6,BREAKER
2025-05-16 13:57:00,BEARISH,D1-20250515-BEARISH,21374.2,M1,21377.6,BREAKER
2025-05-16 13:59:00,BEARISH,D1-20250515-BEARISH,21379.7,M1,21383.3,BREAKER
2025-05-16 16:06:00,BEARISH,D1-20250515-BEARISH,21369.7,M1,21379.1,BREAKER
2025-05-16 15:44:00,BEARISH,D1-20250515-BEARISH,21377.8,M1,21379.9,BREAKER
2025-05-16 15:38:00,BEARISH,D1-20250515-BEARISH,21385.3,M1,21388.4,BREAKER
2025-05-16 15:33:00,BEARISH,D1-20250515-BEARISH,21401.4,M1,21404.9,BREAKER
2025-05-16 16:32:00,BEARISH,D1-20250515-BEARISH,21358.3,M1,21364.8,BREAKER
2025-05-16 16:28:00,BEARISH,D1-20250515-BEARISH,21375.1,M1,21384.1,BREAKER
2025-05-16 16:36:00,BEARISH,D1-20250515-BEARISH,21364.9,M1,21377.2,BREAKER
2025-05-16 19:36:00,BEARISH,D1-20250515-BEARISH,21350.2,M1,21356.7,BREAKER
2025-06-05 17:15:00,BEARISH,D1-20250604-BEARISH,21697.9,M15,21711.7,BREAKER
2025-06-05 13:35:00,BEARISH,D1-20250604-BEARISH,21769.4,M5,21783.1,BREAKER
2025-06-05 19:25:00,BEARISH,D1-20250604-BEARISH,21813.0,M5,21833.1,BREAKER
2025-06-05 02:17:00,BEARISH,D1-20250604-BEARISH,21716.8,M1,21719.3,BREAKER
2025-06-05 04:27:00,BEARISH,D1-20250604-BEARISH,21706.5,M1,21710.7,BREAKER
2025-06-05 04:22:00,BEARISH,D1-20250604-BEARISH,21708.6,M1,21713.8,BREAKER
2025-06-05 03:50:00,BEARISH,D1-20250604-BEARISH,21719.1,M1,21722.1,BREAKER
2025-06-05 08:06:00,BEARISH,D1-20250604-BEARISH,21702.1,M1,21705.6,BREAKER
2025-06-05 05:10:00,BEARISH,D1-20250604-BEARISH,21717.0,M1,21721.3,BREAKER
2025-06-05 09:28:00,BEARISH,D1-20250604-BEARISH,21705.8,M1,21708.8,BREAKER
2025-06-05 06:01:00,BEARISH,D1-20250604-BEARISH,21712.7,M1,21713.3,BREAKER
2025-06-05 09:35:00,BEARISH,D1-20250604-BEARISH,21710.2,M1,21711.7,BREAKER
2025-06-05 07:30:00,BEARISH,D1-20250604-BEARISH,21720.2,M1,21722.2,BREAKER
2025-06-05 13:44:00,BEARISH,D1-20250604-BEARISH,21730.9,M1,21735.7,BREAKER
2025-06-05 12:53:00,BEARISH,D1-20250604-BEARISH,21740.4,M1,21746.2,BREAKER
2025-06-05 13:59:00,BEARISH,D1-20250604-BEARISH,21745.6,M1,21751.2,BREAKER
2025-06-05 16:34:00,BEARISH,D1-20250604-BEARISH,21770.4,M1,21778.6,BREAKER
2025-06-05 20:16:00,BEARISH,D1-20250604-BEARISH,21730.0,M1,21761.2,BREAKER
2025-06-05 19:17:00,BEARISH,D1-20250604-BEARISH,21833.5,M1,21841.5,BREAKER
2025-06-05 22:39:00,BEARISH,D1-20250604-BEARISH,21635.5,M1,21647.8,BREAKER
2025-06-05 22:55:00,BEARISH,D1-20250604-BEARISH,21565.7,M1,21581.0,BREAKER
2025-06-05 23:37:00,BEARISH,D1-20250604-BEARISH,21516.3,M1,21522.2,BREAKER
2025-06-10 11:00:00,BEARISH,D1-20250609-BEARISH,21752.2,M15,21794.3,BREAKER
2025-06-10 08:38:00,BEARISH,D1-20250609-BEARISH,21790.1,M1,21790.9,BREAKER
2025-06-10 08:38:00,BEARISH,D1-20250609-BEARISH,21792.4,M1,21793.1,BREAKER
2025-06-10 03:02:00,BEARISH,D1-20250609-BEARISH,21806.8,M1,21807.8,BREAKER
2025-06-10 03:23:00,BEARISH,D1-20250609-BEARISH,21809.6,M1,21811.9,BREAKER
2025-06-10 08:26:00,BEARISH,D1-20250609-BEARISH,21810.5,M1,21811.8,BREAKER
2025-06-10 08:24:00,BEARISH,D1-20250609-BEARISH,21821.4,M1,21823.3,BREAKER
2025-06-10 06:11:00,BEARISH,D1-20250609-BEARISH,21916.8,M1,21922.3,BREAKER
2025-06-10 07:07:00,BEARISH,D1-20250609-BEARISH,21912.3,M1,21916.3,BREAKER
2025-06-10 20:11:00,BEARISH,D1-20250609-BEARISH,21894.4,M1,21896.8,BREAKER
2025-06-10 20:11:00,BEARISH,D1-20250609-BEARISH,21895.0,M1,21899.9,BREAKER
2025-06-10 18:35:00,BEARISH,D1-20250609-BEARISH,21766.1,M1,21770.7,BREAKER
2025-06-10 20:04:00,BEARISH,D1-20250609-BEARISH,21875.4,M1,21880.1,BREAKER
2025-07-16 17:15:00,BEARISH,D1-20250715-BEARISH,22819.2,M15,22828.9,BREAKER
2025-07-16 17:00:00,BEARISH,D1-20250715-BEARISH,22865.0,M15,22877.0,BREAKER
2025-07-16 08:15:00,BEARISH,D1-20250715-BEARISH,22859.3,M5,22866.9,BREAKER
2025-07-16 16:50:00,BEARISH,D1-20250715-BEARISH,22866.4,M5,22876.5,BREAKER
2025-07-16 01:12:00,BEARISH,D1-20250715-BEARISH,22857.1,M1,22860.8,BREAKER
2025-07-16 01:55:00,BEARISH,D1-20250715-BEARISH,22848.9,M1,22854.2,BREAKER
2025-07-16 09:39:00,BEARISH,D1-20250715-BEARISH,22824.4,M1,22831.4,BREAKER
2025-07-16 04:25:00,BEARISH,D1-20250715-BEARISH,22855.4,M1,22857.3,BREAKER
2025-07-16 06:09:00,BEARISH,D1-20250715-BEARISH,22863.3,M1,22865.3,BREAKER
2025-07-16 06:57:00,BEARISH,D1-20250715-BEARISH,22861.7,M1,22864.1,BREAKER
2025-07-16 07:48:00,BEARISH,D1-20250715-BEARISH,22865.8,M1,22867.1,BREAKER
2025-07-16 08:05:00,BEARISH,D1-20250715-BEARISH,22862.6,M1,22863.8,BREAKER
2025-07-16 17:08:00,BEARISH,D1-20250715-BEARISH,22802.7,M1,22807.4,BREAKER
2025-07-16 12:06:00,BEARISH,D1-20250715-BEARISH,22837.7,M1,22839.8,BREAKER
2025-07-16 16:52:00,BEARISH,D1-20250715-BEARISH,22829.4,M1,22832.5,BREAKER
2025-07-16 16:55:00,BEARISH,D1-20250715-BEARISH,22837.2,M1,22839.4,BREAKER
2025-07-16 17:11:00,BEARISH,D1-20250715-BEARISH,22841.3,M1,22843.3,BREAKER
2025-07-16 17:11:00,BEARISH,D1-20250715-BEARISH,22840.9,M1,22844.7,BREAKER
2025-07-16 17:23:00,BEARISH,D1-20250715-BEARISH,22848.5,M1,22851.7,BREAKER
2025-07-16 22:17:00,BEARISH,D1-20250715-BEARISH,22907.7,M1,22912.2,BREAKER
2025-07-21 07:10:00,BEARISH,D1-20250718-BEARISH,23108.8,M5,23113.3,BREAKER
2025-07-21 15:55:00,BEARISH,D1-20250718-BEARISH,23124.7,M5,23130.4,BREAKER
2025-07-21 22:25:00,BEARISH,D1-20250718-BEARISH,23236.9,M5,23250.2,BREAKER
2025-07-21 15:58:00,BEARISH,D1-20250718-BEARISH,23099.8,M1,23101.8,BREAKER
2025-07-21 03:33:00,BEARISH,D1-20250718-BEARISH,23112.4,M1,23114.6,BREAKER
2025-07-21 06:35:00,BEARISH,D1-20250718-BEARISH,23109.2,M1,23111.3,BREAKER
2025-07-21 05:52:00,BEARISH,D1-20250718-BEARISH,23116.1,M1,23117.9,BREAKER
2025-07-21 06:15:00,BEARISH,D1-20250718-BEARISH,23114.3,M1,23115.7,BREAKER
2025-07-21 15:56:00,BEARISH,D1-20250718-BEARISH,23110.6,M1,23111.6,BREAKER
2025-07-21 16:30:00,BEARISH,D1-20250718-BEARISH,23115.2,M1,23116.2,BREAKER
2025-07-21 08:16:00,BEARISH,D1-20250718-BEARISH,23124.7,M1,23125.2,BREAKER
2025-07-21 08:29:00,BEARISH,D1-20250718-BEARISH,23127.2,M1,23128.1,BREAKER
2025-07-21 09:50:00,BEARISH,D1-20250718-BEARISH,23143.2,M1,23145.4,BREAKER
2025-07-21 14:22:00,BEARISH,D1-20250718-BEARISH,23140.3,M1,23142.9,BREAKER
2025-07-21 13:07:00,BEARISH,D1-20250718-BEARISH,23146.8,M1,23148.3,BREAKER
2025-07-21 14:47:00,BEARISH,D1-20250718-BEARISH,23141.3,M1,23143.0,BREAKER
2025-07-21 15:13:00,BEARISH,D1-20250718-BEARISH,23134.5,M1,23136.8,BREAKER
2025-07-21 15:40:00,BEARISH,D1-20250718-BEARISH,23132.3,M1,23134.8,BREAKER
2025-07-21 19:19:00,BEARISH,D1-20250718-BEARISH,23227.4,M1,23236.4,BREAKER
2025-07-21 19:19:00,BEARISH,D1-20250718-BEARISH,23228.9,M1,23238.7,BREAKER
2025-07-21 18:11:00,BEARISH,D1-20250718-BEARISH,23246.8,M1,23255.2,BREAKER
2025-07-21 21:15:00,BEARISH,D1-20250718-BEARISH,23264.4,M1,23269.4,BREAKER
2025-07-21 21:33:00,BEARISH,D1-20250718-BEARISH,23264.6,M1,23268.3,BREAKER
2025-08-14 18:45:00,BEARISH,D1-20250813-BEARISH,23825.4,M15,23861.3,BREAKER
2025-08-14 04:15:00,BEARISH,D1-20250813-BEARISH,23850.8,M5,23853.7,BREAKER
2025-08-14 07:05:00,BEARISH,D1-20250813-BEARISH,23846.4,M5,23854.2,BREAKER
2025-08-14 16:50:00,BEARISH,D1-20250813-BEARISH,23850.0,M5,23855.7,BREAKER
2025-08-14 16:55:00,BEARISH,D1-20250813-BEARISH,23860.4,M5,23866.4,BREAKER
2025-08-14 18:55:00,BEARISH,D1-20250813-BEARISH,23849.8,M5,23874.6,BREAKER
2025-08-14 23:10:00,BEARISH,D1-20250813-BEARISH,23808.2,M5,23833.2,BREAKER
2025-08-14 14:56:00,BEARISH,D1-20250813-BEARISH,23872.2,M1,23874.3,BREAKER
2025-08-14 08:46:00,BEARISH,D1-20250813-BEARISH,23837.6,M1,23838.7,BREAKER
2025-08-14 06:57:00,BEARISH,D1-20250813-BEARISH,23844.2,M1,23847.9,BREAKER
2025-08-14 06:10:00,BEARISH,D1-20250813-BEARISH,23858.4,M1,23861.7,BREAKER
2025-08-14 06:47:00,BEARISH,D1-20250813-BEARISH,23848.4,M1,23849.9,BREAKER
2025-08-14 07:23:00,BEARISH,D1-20250813-BEARISH,23848.9,M1,23849.7,BREAKER
2025-08-14 08:31:00,BEARISH,D1-20250813-BEARISH,23849.4,M1,23850.9,BREAKER
2025-08-14 10:58:00,BEARISH,D1-20250813-BEARISH,23852.1,M1,23853.1,BREAKER
2025-08-14 16:36:00,BEARISH,D1-20250813-BEARISH,23831.8,M1,23833.4,BREAKER
2025-08-14 16:37:00,BEARISH,D1-20250813-BEARISH,23834.8,M1,23839.3,BREAKER
2025-08-14 12:58:00,BEARISH,D1-20250813-BEARISH,23845.2,M1,23847.4,BREAKER
2025-08-14 16:46:00,BEARISH,D1-20250813-BEARISH,23846.8,M1,23848.4,BREAKER
2025-08-14 16:46:00,BEARISH,D1-20250813-BEARISH,23846.9,M1,23851.0,BREAKER
2025-08-14 16:48:00,BEARISH,D1-20250813-BEARISH,23853.4,M1,23855.4,BREAKER
2025-08-14 15:58:00,BEARISH,D1-20250813-BEARISH,23755.3,M1,23761.5,BREAKER
2025-08-14 16:26:00,BEARISH,D1-20250813-BEARISH,23747.9,M1,23757.4,BREAKER
2025-08-14 18:24:00,BEARISH,D1-20250813-BEARISH,23841.6,M1,23847.9,BREAKER
2025-08-14 18:06:00,BEARISH,D1-20250813-BEARISH,23869.1,M1,23876.3,BREAKER
2025-08-14 17:56:00,BEARISH,D1-20250813-BEARISH,23895.7,M1,23902.1,BREAKER
2025-08-14 19:13:00,BEARISH,D1-20250813-BEARISH,23802.8,M1,23810.3,BREAKER
2025-08-14 23:14:00,BEARISH,D1-20250813-BEARISH,23796.1,M1,23805.6,BREAKER
2025-08-14 19:44:00,BEARISH,D1-20250813-BEARISH,23814.3,M1,23824.1,BREAKER
2025-08-14 21:19:00,BEARISH,D1-20250813-BEARISH,23835.3,M1,23842.1,BREAKER
2025-08-14 20:39:00,BEARISH,D1-20250813-BEARISH,23879.6,M1,23883.8,BREAKER
2025-08-14 22:46:00,BEARISH,D1-20250813-BEARISH,23867.6,M1,23873.8,BREAKER
2025-10-22 03:45:00,BEARISH,D1-20251021-BEARISH,25093.8,M15,25137.4,BREAKER
2025-10-22 14:45:00,BEARISH,D1-20251021-BEARISH,25098.4,M15,25110.5,BREAKER
2025-10-22 15:45:00,BEARISH,D1-20251021-BEARISH,25117.7,M15,25128.1,BREAKER
2025-10-22 14:15:00,BEARISH,D1-20251021-BEARISH,25100.7,M5,25109.7,BREAKER
2025-10-22 16:55:00,BEARISH,D1-20251021-BEARISH,25136.1,M5,25142.7,BREAKER
2025-10-22 01:08:00,BEARISH,D1-20251021-BEARISH,25116.0,M1,25118.0,BREAKER
2025-10-22 02:44:00,BEARISH,D1-20251021-BEARISH,25103.9,M1,25107.1,BREAKER
2025-10-22 03:11:00,BEARISH,D1-20251021-BEARISH,25092.1,M1,25103.1,BREAKER
2025-10-22 14:33:00,BEARISH,D1-20251021-BEARISH,25086.1,M1,25088.6,BREAKER
2025-10-22 16:55:00,BEARISH,D1-20251021-BEARISH,25137.2,M1,25141.6,BREAKER
2025-10-22 16:32:00,BEARISH,D1-20251021-BEARISH,25074.2,M1,25083.2,BREAKER
2025-10-22 16:42:00,BEARISH,D1-20251021-BEARISH,25097.6,M1,25108.2,BREAKER
2025-10-22 16:45:00,BEARISH,D1-20251021-BEARISH,25114.3,M1,25117.6,BREAKER
2025-10-22 17:19:00,BEARISH,D1-20251021-BEARISH,25091.0,M1,25101.0,BREAKER
2025-10-22 18:51:00,BEARISH,D1-20251021-BEARISH,24966.2,M1,24990.5,BREAKER
2025-10-22 19:26:00,BEARISH,D1-20251021-BEARISH,24903.1,M1,24920.5,BREAKER
2025-10-22 23:26:00,BEARISH,D1-20251021-BEARISH,24886.2,M1,24900.7,BREAKER
2026-01-13 17:45:00,BEARISH,D1-20260112-BEARISH,25702.1,M15,25720.6,BREAKER
2026-01-13 18:00:00,BEARISH,D1-20260112-BEARISH,25719.4,M15,25747.8,BREAKER
2026-01-13 17:40:00,BEARISH,D1-20260112-BEARISH,25703.6,M5,25716.0,BREAKER
2026-01-13 17:55:00,BEARISH,D1-20260112-BEARISH,25717.6,M5,25728.5,BREAKER
2026-01-13 21:05:00,BEARISH,D1-20260112-BEARISH,25679.4,M5,25741.7,BREAKER
2026-01-13 05:02:00,BEARISH,D1-20260112-BEARISH,25702.5,M1,25709.8,BREAKER
2026-01-13 04:27:00,BEARISH,D1-20260112-BEARISH,25708.0,M1,25712.8,BREAKER
2026-01-13 06:13:00,BEARISH,D1-20260112-BEARISH,25710.0,M1,25712.3,BREAKER
2026-01-13 06:48:00,BEARISH,D1-20260112-BEARISH,25705.8,M1,25708.5,BREAKER
2026-01-13 12:15:00,BEARISH,D1-20260112-BEARISH,25717.0,M1,25719.3,BREAKER
2026-01-13 10:36:00,BEARISH,D1-20260112-BEARISH,25731.8,M1,25734.8,BREAKER
2026-01-13 08:43:00,BEARISH,D1-20260112-BEARISH,25747.3,M1,25750.8,BREAKER
2026-01-13 09:16:00,BEARISH,D1-20260112-BEARISH,25755.8,M1,25758.2,BREAKER
2026-01-13 10:17:00,BEARISH,D1-20260112-BEARISH,25739.8,M1,25744.1,BREAKER
2026-01-13 11:48:00,BEARISH,D1-20260112-BEARISH,25735.3,M1,25738.1,BREAKER
2026-01-13 12:44:00,BEARISH,D1-20260112-BEARISH,25715.6,M1,25718.4,BREAKER
2026-01-13 13:47:00,BEARISH,D1-20260112-BEARISH,25716.1,M1,25718.6,BREAKER
2026-01-13 14:58:00,BEARISH,D1-20260112-BEARISH,25728.4,M1,25732.1,BREAKER
2026-01-13 17:56:00,BEARISH,D1-20260112-BEARISH,25719.8,M1,25726.6,BREAKER
2026-01-13 17:18:00,BEARISH,D1-20260112-BEARISH,25730.4,M1,25735.4,BREAKER
2026-01-13 16:50:00,BEARISH,D1-20260112-BEARISH,25800.4,M1,25817.7,BREAKER
2026-01-13 20:57:00,BEARISH,D1-20260112-BEARISH,25670.2,M1,25682.3,BREAKER
2026-01-13 19:50:00,BEARISH,D1-20260112-BEARISH,25776.7,M1,25787.3,BREAKER
2026-01-13 19:23:00,BEARISH,D1-20260112-BEARISH,25810.2,M1,25818.7,BREAKER
2026-01-13 21:22:00,BEARISH,D1-20260112-BEARISH,25696.7,M1,25707.5,BREAKER
2026-01-13 22:31:00,BEARISH,D1-20260112-BEARISH,25658.7,M1,25671.9,BREAKER
2026-01-13 22:08:00,BEARISH,D1-20260112-BEARISH,25693.9,M1,25701.2,BREAKER
2026-01-13 23:57:00,BEARISH,D1-20260112-BEARISH,25729.2,M1,25730.7,BREAKER
2026-03-02 12:45:00,BULLISH,D1-20260227-BULLISH,24619.4,M5,24639.8,BREAKER
2026-03-02 02:47:00,BULLISH,D1-20260227-BULLISH,24715.9,M1,24723.1,BREAKER
2026-03-02 16:50:00,BULLISH,D1-20260227-BULLISH,24825.4,M1,24834.9,BREAKER
2026-03-02 16:38:00,BULLISH,D1-20260227-BULLISH,24801.1,M1,24811.1,BREAKER
2026-03-02 16:39:00,BULLISH,D1-20260227-BULLISH,24798.8,M1,24803.1,BREAKER
2026-03-02 06:15:00,BULLISH,D1-20260227-BULLISH,24752.8,M1,24757.4,BREAKER
2026-03-02 06:42:00,BULLISH,D1-20260227-BULLISH,24760.5,M1,24769.9,BREAKER
2026-03-02 13:50:00,BULLISH,D1-20260227-BULLISH,24675.9,M1,24683.8,BREAKER
2026-03-02 15:59:00,BULLISH,D1-20260227-BULLISH,24544.0,M1,24558.9,BREAKER
2026-03-02 10:52:00,BULLISH,D1-20260227-BULLISH,24533.7,M1,24544.4,BREAKER
2026-03-02 10:39:00,BULLISH,D1-20260227-BULLISH,24479.0,M1,24494.4,BREAKER
2026-03-02 13:27:00,BULLISH,D1-20260227-BULLISH,24623.5,M1,24630.0,BREAKER
2026-03-02 14:48:00,BULLISH,D1-20260227-BULLISH,24607.1,M1,24616.6,BREAKER
2026-03-02 15:03:00,BULLISH,D1-20260227-BULLISH,24590.2,M1,24600.0,BREAKER
2026-03-02 17:30:00,BULLISH,D1-20260227-BULLISH,24807.5,M1,24823.5,BREAKER
2026-03-02 17:45:00,BULLISH,D1-20260227-BULLISH,24866.0,M1,24886.1,BREAKER
2026-03-02 17:40:00,BULLISH,D1-20260227-BULLISH,24838.3,M1,24861.4,BREAKER
2026-03-02 21:18:00,BULLISH,D1-20260227-BULLISH,25027.1,M1,25037.4,BREAKER
2026-03-02 21:20:00,BULLISH,D1-20260227-BULLISH,25020.4,M1,25028.3,BREAKER
2026-03-02 22:08:00,BULLISH,D1-20260227-BULLISH,24978.0,M1,24983.4,BREAKER
2026-03-02 21:50:00,BULLISH,D1-20260227-BULLISH,25045.6,M1,25053.9,BREAKER
2026-03-20 03:20:00,BULLISH,D1-20260319-BULLISH,24395.8,M5,24415.2,BREAKER
2026-03-20 14:40:00,BULLISH,D1-20260319-BULLISH,24189.4,M5,24215.6,BREAKER
2026-03-20 02:07:00,BULLISH,D1-20260319-BULLISH,24423.2,M1,24426.7,BREAKER
2026-03-20 03:13:00,BULLISH,D1-20260319-BULLISH,24409.0,M1,24413.8,BREAKER
2026-03-20 03:13:00,BULLISH,D1-20260319-BULLISH,24406.3,M1,24413.9,BREAKER
2026-03-20 04:35:00,BULLISH,D1-20260319-BULLISH,24403.2,M1,24411.7,BREAKER
2026-03-20 04:32:00,BULLISH,D1-20260319-BULLISH,24399.8,M1,24406.3,BREAKER
2026-03-20 05:47:00,BULLISH,D1-20260319-BULLISH,24402.7,M1,24406.9,BREAKER
2026-03-20 07:31:00,BULLISH,D1-20260319-BULLISH,24376.4,M1,24381.4,BREAKER
2026-03-20 08:47:00,BULLISH,D1-20260319-BULLISH,24379.0,M1,24381.3,BREAKER
2026-03-20 08:54:00,BULLISH,D1-20260319-BULLISH,24371.5,M1,24375.0,BREAKER
2026-03-20 10:38:00,BULLISH,D1-20260319-BULLISH,24354.5,M1,24358.1,BREAKER
2026-03-20 11:29:00,BULLISH,D1-20260319-BULLISH,24346.4,M1,24350.5,BREAKER
2026-03-20 10:19:00,BULLISH,D1-20260319-BULLISH,24311.9,M1,24315.6,BREAKER
2026-03-20 10:17:00,BULLISH,D1-20260319-BULLISH,24307.6,M1,24311.4,BREAKER
2026-03-20 11:11:00,BULLISH,D1-20260319-BULLISH,24378.5,M1,24383.1,BREAKER
2026-03-20 12:13:00,BULLISH,D1-20260319-BULLISH,24338.9,M1,24346.4,BREAKER
2026-03-20 14:38:00,BULLISH,D1-20260319-BULLISH,24201.3,M1,24215.6,BREAKER
2026-03-20 16:32:00,BULLISH,D1-20260319-BULLISH,24148.3,M1,24172.5,BREAKER
2026-03-20 15:55:00,BULLISH,D1-20260319-BULLISH,24246.9,M1,24266.5,BREAKER
2026-03-20 18:02:00,BULLISH,D1-20260319-BULLISH,24062.9,M1,24082.2,BREAKER
2026-03-20 20:00:00,BULLISH,D1-20260319-BULLISH,24040.4,M1,24048.0,BREAKER
2026-03-20 20:57:00,BULLISH,D1-20260319-BULLISH,23981.5,M1,23990.0,BREAKER
2026-03-20 22:55:00,BULLISH,D1-20260319-BULLISH,23824.3,M1,23837.9,BREAKER
2026-04-22 15:55:00,BEARISH,D1-20260421-BEARISH,26699.2,M5,26706.8,BREAKER
2026-04-22 03:57:00,BEARISH,D1-20260421-BEARISH,26669.6,M1,26674.6,BREAKER
2026-04-22 05:06:00,BEARISH,D1-20260421-BEARISH,26689.2,M1,26691.1,BREAKER
2026-04-22 06:40:00,BEARISH,D1-20260421-BEARISH,26679.5,M1,26681.3,BREAKER
2026-04-22 07:53:00,BEARISH,D1-20260421-BEARISH,26661.6,M1,26665.1,BREAKER
2026-04-22 11:38:00,BEARISH,D1-20260421-BEARISH,26660.1,M1,26661.8,BREAKER
2026-04-22 09:08:00,BEARISH,D1-20260421-BEARISH,26691.1,M1,26695.8,BREAKER
2026-04-22 11:24:00,BEARISH,D1-20260421-BEARISH,26686.3,M1,26689.2,BREAKER
2026-04-22 11:06:00,BEARISH,D1-20260421-BEARISH,26703.4,M1,26708.7,BREAKER
2026-04-22 11:08:00,BEARISH,D1-20260421-BEARISH,26708.9,M1,26716.4,BREAKER
2026-04-22 13:14:00,BEARISH,D1-20260421-BEARISH,26681.7,M1,26684.6,BREAKER
2026-04-22 13:35:00,BEARISH,D1-20260421-BEARISH,26712.7,M1,26716.7,BREAKER
2026-04-22 13:41:00,BEARISH,D1-20260421-BEARISH,26704.1,M1,26707.6,BREAKER
2026-04-22 15:32:00,BEARISH,D1-20260421-BEARISH,26732.7,M1,26736.8,BREAKER
2026-04-22 16:47:00,BEARISH,D1-20260421-BEARISH,26734.2,M1,26740.4,BREAKER
2026-04-22 16:52:00,BEARISH,D1-20260421-BEARISH,26699.2,M1,26708.8,BREAKER
2026-04-22 21:26:00,BEARISH,D1-20260421-BEARISH,26880.0,M1,26888.2,BREAKER
2026-04-22 22:10:00,BEARISH,D1-20260421-BEARISH,26894.2,M1,26900.5,BREAKER
2026-05-25 18:00:00,BEARISH,D1-20260522-BEARISH,29883.4,M15,29892.4,BREAKER
2026-05-25 17:55:00,BEARISH,D1-20260522-BEARISH,29883.9,M5,29891.8,BREAKER
2026-05-25 16:18:00,BEARISH,D1-20260522-BEARISH,29886.8,M1,29890.9,BREAKER
2026-05-25 15:37:00,BEARISH,D1-20260522-BEARISH,29900.3,M1,29902.5,BREAKER
2026-05-25 15:54:00,BEARISH,D1-20260522-BEARISH,29902.5,M1,29904.3,BREAKER
2026-05-25 15:19:00,BEARISH,D1-20260522-BEARISH,29911.3,M1,29916.5,BREAKER
2026-05-25 15:24:00,BEARISH,D1-20260522-BEARISH,29919.7,M1,29922.5,BREAKER
2026-05-25 16:36:00,BEARISH,D1-20260522-BEARISH,29905.5,M1,29910.2,BREAKER
2026-05-25 17:54:00,BEARISH,D1-20260522-BEARISH,29884.4,M1,29886.9,BREAKER
2026-05-25 17:33:00,BEARISH,D1-20260522-BEARISH,29887.7,M1,29897.2,BREAKER
2026-05-25 17:18:00,BEARISH,D1-20260522-BEARISH,29901.1,M1,29907.6,BREAKER
2026-05-25 17:13:00,BEARISH,D1-20260522-BEARISH,29908.1,M1,29914.2,BREAKER
