actual_entry_fill_points,actual_exit_fill_points,ambiguous_adverse_first,bars_held_m1,block_kind,block_lower,block_upper,commission_cost_points,component_ids,confluence_lower,confluence_upper,cost_adjusted_entry_points,cost_adjusted_exit_points,cost_evidence_class,d1_candle2_start,decision_time,direction,entry_bar_start,entry_path_available_at,entry_reference_points,event_id,exit_reason,exit_reference_points,exit_time,experiment_id,expiry_time,exposure_label,family,fill_evidence_class,fill_reason,fill_status,final_holdout_accesses,financing_cost_points,gross_movement_points,gross_r,holding_hours,mode,net_points,net_r,outcome,program_id,protected_data_accesses,risk_points,scenario_id,setup_id,slippage_cost_points,spread_cost_points,stop_reference_points,strategy_id,target_multiple,target_reference_points,timeframe
7055.6,7057.9,False,1,BREAKER,7051.9,7056.9,1.0,FVG-002095|BREAKER-000225|FVG-002119|BREAKER-000228|FVG-002239|BREAKER-000252,7055.1,7056.1,7054.85,7058.65,HYPOTHETICAL_SCENARIO_NOT_BROKER_FACT,2019-02-19 00:00:00,2019-02-20 21:13:00,BEARISH,2019-02-20 21:32:00,2019-02-20 21:33:00,7055.6,D1-20190219-BEARISH,ENTRY_BAR_STOP_ADVERSE,7057.9,2019-02-20 21:33:00,MLR-TECH-ABL-001,2019-02-21 00:00:00,PREVIOUSLY_EXPOSED_WINDOW,C2_FVG_BREAKER,M1_STRICT_PENETRATION_NO_FAVORABLE_IMPROVEMENT,STRICT_M1_LIMIT_PENETRATION,FILLED,0,0,-2.3,-0.4791666666666666666666666667,0.0,TECHNICAL_ONLY_ABLATION,-4.80,-1,LOSS_1R,QRP-MACRO-LIQUIDITY-REVERSAL-001,0,4.80,NORMALIZED_LOW_COST,D1-20190219-BEARISH-HIER-C2_FVG_BREAKER,0.50,1,7057.9,HIERARCHICAL_M15_M5_M1,1.5,7048.400,HIERARCHICAL_M15_M5_M1
7055.6,7058.9,False,3,BREAKER,7051.9,7056.9,2,FVG-002095|BREAKER-000225|FVG-002119|BREAKER-000228|FVG-002239|BREAKER-000252,7055.1,7056.1,7054.1,7060.4,HYPOTHETICAL_SCENARIO_NOT_BROKER_FACT,2019-02-19 00:00:00,2019-02-20 21:13:00,BEARISH,2019-02-20 21:32:00,2019-02-20 21:33:00,7055.6,D1-20190219-BEARISH,STOP,7058.9,2019-02-20 21:35:00,MLR-TECH-ABL-001,2019-02-21 00:00:00,PREVIOUSLY_EXPOSED_WINDOW,C2_FVG_BREAKER,M1_STRICT_PENETRATION_NO_FAVORABLE_IMPROVEMENT,STRICT_M1_LIMIT_PENETRATION,FILLED,0,0.0,-3.3,-0.3975903614457831325301204819,0.03333333333333333,TECHNICAL_ONLY_ABLATION,-8.3,-1,LOSS_1R,QRP-MACRO-LIQUIDITY-REVERSAL-001,0,8.3,NORMALIZED_MEDIUM_COST,D1-20190219-BEARISH-HIER-C2_FVG_BREAKER,1.0,2,7058.9,HIERARCHICAL_M15_M5_M1,1.5,7043.15,HIERARCHICAL_M15_M5_M1
7055.6,7062.9,False,20,BREAKER,7051.9,7056.9,4,FVG-002095|BREAKER-000225|FVG-002119|BREAKER-000228|FVG-002239|BREAKER-000252,7055.1,7056.1,7051.1,7067.4,HYPOTHETICAL_SCENARIO_NOT_BROKER_FACT,2019-02-19 00:00:00,2019-02-20 21:13:00,BEARISH,2019-02-20 21:32:00,2019-02-20 21:33:00,7055.6,D1-20190219-BEARISH,STOP,7062.9,2019-02-20 21:52:00,MLR-TECH-ABL-001,2019-02-21 00:00:00,PREVIOUSLY_EXPOSED_WINDOW,C2_FVG_BREAKER,M1_STRICT_PENETRATION_NO_FAVORABLE_IMPROVEMENT,STRICT_M1_LIMIT_PENETRATION,FILLED,0,0.00,-7.3,-0.3596059113300492610837438424,0.31666666666666665,TECHNICAL_ONLY_ABLATION,-20.30,-1.0,LOSS_1R,QRP-MACRO-LIQUIDITY-REVERSAL-001,0,20.3,NORMALIZED_HIGH_COST,D1-20190219-BEARISH-HIER-C2_FVG_BREAKER,3.0,6,7062.9,HIERARCHICAL_M15_M5_M1,1.5,7025.15,HIERARCHICAL_M15_M5_M1
9045.0,9046.1,False,1,BREAKER,9043.8,9045.1,1.0,FVG-003932|BREAKER-000419|FVG-003966|BREAKER-000421|FVG-004146|BREAKER-000425,9044.9,9045.1,9044.25,9046.85,HYPOTHETICAL_SCENARIO_NOT_BROKER_FACT,2020-01-29 00:00:00,2020-01-30 20:51:00,BEARISH,2020-01-30 20:52:00,2020-01-30 20:53:00,9045.0,D1-20200129-BEARISH,ENTRY_BAR_STOP_ADVERSE,9046.1,2020-01-30 20:53:00,MLR-TECH-ABL-001,2020-01-31 00:00:00,PREVIOUSLY_EXPOSED_WINDOW,C2_FVG_BREAKER,M1_STRICT_PENETRATION_NO_FAVORABLE_IMPROVEMENT,STRICT_M1_LIMIT_PENETRATION,FILLED,0,0,-1.1,-0.3055555555555555555555555556,0.0,TECHNICAL_ONLY_ABLATION,-3.60,-1,LOSS_1R,QRP-MACRO-LIQUIDITY-REVERSAL-001,0,3.60,NORMALIZED_LOW_COST,D1-20200129-BEARISH-HIER-C2_FVG_BREAKER,0.50,1,9046.1,HIERARCHICAL_M15_M5_M1,1.5,9039.600,HIERARCHICAL_M15_M5_M1
9045.0,9047.1,False,2,BREAKER,9043.8,9045.1,2,FVG-003932|BREAKER-000419|FVG-003966|BREAKER-000421|FVG-004146|BREAKER-000425,9044.9,9045.1,9043.5,9048.6,HYPOTHETICAL_SCENARIO_NOT_BROKER_FACT,2020-01-29 00:00:00,2020-01-30 20:51:00,BEARISH,2020-01-30 20:52:00,2020-01-30 20:53:00,9045.0,D1-20200129-BEARISH,STOP,9047.1,2020-01-30 20:54:00,MLR-TECH-ABL-001,2020-01-31 00:00:00,PREVIOUSLY_EXPOSED_WINDOW,C2_FVG_BREAKER,M1_STRICT_PENETRATION_NO_FAVORABLE_IMPROVEMENT,STRICT_M1_LIMIT_PENETRATION,FILLED,0,0.0,-2.1,-0.2957746478873239436619718310,0.016666666666666666,TECHNICAL_ONLY_ABLATION,-7.1,-1,LOSS_1R,QRP-MACRO-LIQUIDITY-REVERSAL-001,0,7.1,NORMALIZED_MEDIUM_COST,D1-20200129-BEARISH-HIER-C2_FVG_BREAKER,1.0,2,9047.1,HIERARCHICAL_M15_M5_M1,1.5,9034.35,HIERARCHICAL_M15_M5_M1
9045.0,9051.1,False,9,BREAKER,9043.8,9045.1,4,FVG-003932|BREAKER-000419|FVG-003966|BREAKER-000421|FVG-004146|BREAKER-000425,9044.9,9045.1,9040.5,9055.6,HYPOTHETICAL_SCENARIO_NOT_BROKER_FACT,2020-01-29 00:00:00,2020-01-30 20:51:00,BEARISH,2020-01-30 20:52:00,2020-01-30 20:53:00,9045.0,D1-20200129-BEARISH,STOP,9051.1,2020-01-30 21:01:00,MLR-TECH-ABL-001,2020-01-31 00:00:00,PREVIOUSLY_EXPOSED_WINDOW,C2_FVG_BREAKER,M1_STRICT_PENETRATION_NO_FAVORABLE_IMPROVEMENT,STRICT_M1_LIMIT_PENETRATION,FILLED,0,0.00,-6.1,-0.3193717277486910994764397906,0.13333333333333333,TECHNICAL_ONLY_ABLATION,-19.10,-1.0,LOSS_1R,QRP-MACRO-LIQUIDITY-REVERSAL-001,0,19.1,NORMALIZED_HIGH_COST,D1-20200129-BEARISH-HIER-C2_FVG_BREAKER,3.0,6,9051.1,HIERARCHICAL_M15_M5_M1,1.5,9016.35,HIERARCHICAL_M15_M5_M1
8650.75,8657.6,False,8,BREAKER,8649.6,8656.6,1.0,FVG-004468|BREAKER-000477|FVG-004491|BREAKER-000481|FVG-004615|BREAKER-000500,8650.4,8651.1,8650.00,8658.35,HYPOTHETICAL_SCENARIO_NOT_BROKER_FACT,2020-04-23 00:00:00,2020-04-24 17:57:00,BEARISH,2020-04-24 18:20:00,2020-04-24 18:21:00,8650.75,D1-20200423-BEARISH,STOP,8657.6,2020-04-24 18:28:00,MLR-TECH-ABL-001,2020-04-25 00:00:00,PREVIOUSLY_EXPOSED_WINDOW,C2_FVG_BREAKER,M1_STRICT_PENETRATION_NO_FAVORABLE_IMPROVEMENT,STRICT_M1_LIMIT_PENETRATION,FILLED,0,0,-6.85,-0.7326203208556149732620320856,0.11666666666666667,TECHNICAL_ONLY_ABLATION,-9.35,-1,LOSS_1R,QRP-MACRO-LIQUIDITY-REVERSAL-001,0,9.35,NORMALIZED_LOW_COST,D1-20200423-BEARISH-HIER-C2_FVG_BREAKER,0.50,1,8657.6,HIERARCHICAL_M15_M5_M1,1.5,8636.725,HIERARCHICAL_M15_M5_M1
8650.75,8631.475,False,13,BREAKER,8649.6,8656.6,2,FVG-004468|BREAKER-000477|FVG-004491|BREAKER-000481|FVG-004615|BREAKER-000500,8650.4,8651.1,8649.25,8632.975,HYPOTHETICAL_SCENARIO_NOT_BROKER_FACT,2020-04-23 00:00:00,2020-04-24 17:57:00,BEARISH,2020-04-24 18:20:00,2020-04-24 18:21:00,8650.75,D1-20200423-BEARISH,TARGET_1_5R,8631.475,2020-04-24 18:33:00,MLR-TECH-ABL-001,2020-04-25 00:00:00,PREVIOUSLY_EXPOSED_WINDOW,C2_FVG_BREAKER,M1_STRICT_PENETRATION_NO_FAVORABLE_IMPROVEMENT,STRICT_M1_LIMIT_PENETRATION,FILLED,0,0.0,19.275,1.5,0.2,TECHNICAL_ONLY_ABLATION,14.275,1.110894941634241245136186770,WIN_TARGET_1_5R,QRP-MACRO-LIQUIDITY-REVERSAL-001,0,12.85,NORMALIZED_MEDIUM_COST,D1-20200423-BEARISH-HIER-C2_FVG_BREAKER,1.0,2,8658.6,HIERARCHICAL_M15_M5_M1,1.5,8631.475,HIERARCHICAL_M15_M5_M1
8650.75,8662.6,False,30,BREAKER,8649.6,8656.6,4,FVG-004468|BREAKER-000477|FVG-004491|BREAKER-000481|FVG-004615|BREAKER-000500,8650.4,8651.1,8646.25,8667.1,HYPOTHETICAL_SCENARIO_NOT_BROKER_FACT,2020-04-23 00:00:00,2020-04-24 17:57:00,BEARISH,2020-04-24 18:20:00,2020-04-24 18:21:00,8650.75,D1-20200423-BEARISH,STOP,8662.6,2020-04-24 18:50:00,MLR-TECH-ABL-001,2020-04-25 00:00:00,PREVIOUSLY_EXPOSED_WINDOW,C2_FVG_BREAKER,M1_STRICT_PENETRATION_NO_FAVORABLE_IMPROVEMENT,STRICT_M1_LIMIT_PENETRATION,FILLED,0,0.00,-11.85,-0.4768611670020120724346076459,0.48333333333333334,TECHNICAL_ONLY_ABLATION,-24.85,-1,LOSS_1R,QRP-MACRO-LIQUIDITY-REVERSAL-001,0,24.85,NORMALIZED_HIGH_COST,D1-20200423-BEARISH-HIER-C2_FVG_BREAKER,3.0,6,8662.6,HIERARCHICAL_M15_M5_M1,1.5,8613.475,HIERARCHICAL_M15_M5_M1
12799.05,12810.075,False,4,BREAKER,12795.2,12806.9,1.0,FVG-005832|BREAKER-000629|FVG-005850|BREAKER-000632|FVG-006027|BREAKER-000663,12798.8,12799.3,12799.80,12809.325,HYPOTHETICAL_SCENARIO_NOT_BROKER_FACT,2021-03-25 00:00:00,2021-03-26 22:02:00,BULLISH,2021-03-26 22:03:00,2021-03-26 22:04:00,12799.05,D1-20210325-BULLISH,TARGET_1_5R,12810.075,2021-03-26 22:07:00,MLR-TECH-ABL-001,2021-03-27 00:00:00,PREVIOUSLY_EXPOSED_WINDOW,C2_FVG_BREAKER,M1_STRICT_PENETRATION_NO_FAVORABLE_IMPROVEMENT,STRICT_M1_LIMIT_PENETRATION,FILLED,0,0,11.025,1.5,0.05,TECHNICAL_ONLY_ABLATION,8.525,1.159863945578231292517006803,WIN_TARGET_1_5R,QRP-MACRO-LIQUIDITY-REVERSAL-001,0,7.35,NORMALIZED_LOW_COST,D1-20210325-BULLISH-HIER-C2_FVG_BREAKER,0.50,1,12794.2,HIERARCHICAL_M15_M5_M1,1.5,12810.075,HIERARCHICAL_M15_M5_M1
12799.05,12815.325,False,10,BREAKER,12795.2,12806.9,2,FVG-005832|BREAKER-000629|FVG-005850|BREAKER-000632|FVG-006027|BREAKER-000663,12798.8,12799.3,12800.55,12813.825,HYPOTHETICAL_SCENARIO_NOT_BROKER_FACT,2021-03-25 00:00:00,2021-03-26 22:02:00,BULLISH,2021-03-26 22:03:00,2021-03-26 22:04:00,12799.05,D1-20210325-BULLISH,TARGET_1_5R,12815.325,2021-03-26 22:13:00,MLR-TECH-ABL-001,2021-03-27 00:00:00,PREVIOUSLY_EXPOSED_WINDOW,C2_FVG_BREAKER,M1_STRICT_PENETRATION_NO_FAVORABLE_IMPROVEMENT,STRICT_M1_LIMIT_PENETRATION,FILLED,0,0.0,16.275,1.5,0.15,TECHNICAL_ONLY_ABLATION,11.275,1.039170506912442396313364055,WIN_TARGET_1_5R,QRP-MACRO-LIQUIDITY-REVERSAL-001,0,10.85,NORMALIZED_MEDIUM_COST,D1-20210325-BULLISH-HIER-C2_FVG_BREAKER,1.0,2,12793.2,HIERARCHICAL_M15_M5_M1,1.5,12815.325,HIERARCHICAL_M15_M5_M1
12799.05,12833.325,False,16,BREAKER,12795.2,12806.9,4,FVG-005832|BREAKER-000629|FVG-005850|BREAKER-000632|FVG-006027|BREAKER-000663,12798.8,12799.3,12803.55,12828.825,HYPOTHETICAL_SCENARIO_NOT_BROKER_FACT,2021-03-25 00:00:00,2021-03-26 22:02:00,BULLISH,2021-03-26 22:03:00,2021-03-26 22:04:00,12799.05,D1-20210325-BULLISH,TARGET_1_5R,12833.325,2021-03-26 22:19:00,MLR-TECH-ABL-001,2021-03-27 00:00:00,PREVIOUSLY_EXPOSED_WINDOW,C2_FVG_BREAKER,M1_STRICT_PENETRATION_NO_FAVORABLE_IMPROVEMENT,STRICT_M1_LIMIT_PENETRATION,FILLED,0,0.00,34.275,1.5,0.25,TECHNICAL_ONLY_ABLATION,21.275,0.9310722100656455142231947484,WIN_TARGET_1_5R,QRP-MACRO-LIQUIDITY-REVERSAL-001,0,22.85,NORMALIZED_HIGH_COST,D1-20210325-BULLISH-HIER-C2_FVG_BREAKER,3.0,6,12789.2,HIERARCHICAL_M15_M5_M1,1.5,12833.325,HIERARCHICAL_M15_M5_M1
14311.400000000001,14309.1,True,1,BREAKER,14310.1,14322.0,1.0,FVG-007006|BREAKER-000779|FVG-007011|BREAKER-000783|FVG-007119|BREAKER-000787,14311.1,14311.7,14312.150000000001,14308.35,HYPOTHETICAL_SCENARIO_NOT_BROKER_FACT,2022-01-24 00:00:00,2022-01-25 21:41:00,BULLISH,2022-01-25 22:07:00,2022-01-25 22:08:00,14311.400000000001,D1-20220124-BULLISH,ENTRY_BAR_STOP_ADVERSE,14309.1,2022-01-25 22:08:00,MLR-TECH-ABL-001,2022-01-26 00:00:00,PREVIOUSLY_EXPOSED_WINDOW,C2_FVG_BREAKER,M1_STRICT_PENETRATION_NO_FAVORABLE_IMPROVEMENT,STRICT_M1_LIMIT_PENETRATION,FILLED,0,0,-2.300000000001,-0.4791666666667751736111110885,0.0,TECHNICAL_ONLY_ABLATION,-4.800000000001,-1,AMBIGUOUS_ADVERSE_FIRST,QRP-MACRO-LIQUIDITY-REVERSAL-001,0,4.800000000001,NORMALIZED_LOW_COST,D1-20220124-BULLISH-HIER-C2_FVG_BREAKER,0.50,1,14309.1,HIERARCHICAL_M15_M5_M1,1.5,14318.6000000000025,HIERARCHICAL_M15_M5_M1
14311.400000000001,14308.1,True,1,BREAKER,14310.1,14322.0,2,FVG-007006|BREAKER-000779|FVG-007011|BREAKER-000783|FVG-007119|BREAKER-000787,14311.1,14311.7,14312.900000000001,14306.6,HYPOTHETICAL_SCENARIO_NOT_BROKER_FACT,2022-01-24 00:00:00,2022-01-25 21:41:00,BULLISH,2022-01-25 22:07:00,2022-01-25 22:08:00,14311.400000000001,D1-20220124-BULLISH,ENTRY_BAR_STOP_ADVERSE,14308.1,2022-01-25 22:08:00,MLR-TECH-ABL-001,2022-01-26 00:00:00,PREVIOUSLY_EXPOSED_WINDOW,C2_FVG_BREAKER,M1_STRICT_PENETRATION_NO_FAVORABLE_IMPROVEMENT,STRICT_M1_LIMIT_PENETRATION,FILLED,0,0.0,-3.300000000001,-0.3975903614458557120046450776,0.0,TECHNICAL_ONLY_ABLATION,-8.300000000001,-1,AMBIGUOUS_ADVERSE_FIRST,QRP-MACRO-LIQUIDITY-REVERSAL-001,0,8.300000000001,NORMALIZED_MEDIUM_COST,D1-20220124-BULLISH-HIER-C2_FVG_BREAKER,1.0,2,14308.1,HIERARCHICAL_M15_M5_M1,1.5,14323.8500000000025,HIERARCHICAL_M15_M5_M1
14311.400000000001,14304.1,False,4,BREAKER,14310.1,14322.0,4,FVG-007006|BREAKER-000779|FVG-007011|BREAKER-000783|FVG-007119|BREAKER-000787,14311.1,14311.7,14315.900000000001,14299.6,HYPOTHETICAL_SCENARIO_NOT_BROKER_FACT,2022-01-24 00:00:00,2022-01-25 21:41:00,BULLISH,2022-01-25 22:07:00,2022-01-25 22:08:00,14311.400000000001,D1-20220124-BULLISH,STOP,14304.1,2022-01-25 22:11:00,MLR-TECH-ABL-001,2022-01-26 00:00:00,PREVIOUSLY_EXPOSED_WINDOW,C2_FVG_BREAKER,M1_STRICT_PENETRATION_NO_FAVORABLE_IMPROVEMENT,STRICT_M1_LIMIT_PENETRATION,FILLED,0,0.00,-7.300000000001,-0.3596059113300808075905748729,0.05,TECHNICAL_ONLY_ABLATION,-20.300000000001,-1,LOSS_1R,QRP-MACRO-LIQUIDITY-REVERSAL-001,0,20.300000000001,NORMALIZED_HIGH_COST,D1-20220124-BULLISH-HIER-C2_FVG_BREAKER,3.0,6,14304.1,HIERARCHICAL_M15_M5_M1,1.5,14341.8500000000025,HIERARCHICAL_M15_M5_M1
,,False,0,OB,13075.8,13081.9,0,FVG-007300|OB-001367|FVG-007311|OB-001370|FVG-007404|OB-001394,13075.8,13076.4,,,HYPOTHETICAL_SCENARIO_NOT_BROKER_FACT,2022-05-02 00:00:00,2022-05-03 15:16:00,BULLISH,,,,D1-20220502-BULLISH,OB_MITIGATED_BEFORE_MIDPOINT,,,MLR-TECH-ABL-001,2022-05-04 00:00:00,PREVIOUSLY_EXPOSED_WINDOW,C1_OB_FVG,M1_BLOCK_TOUCH,OB_MITIGATED_BEFORE_MIDPOINT,NO_FILL,0,0,,,,TECHNICAL_ONLY_ABLATION,,,NO_FILL,QRP-MACRO-LIQUIDITY-REVERSAL-001,0,,NORMALIZED_LOW_COST,D1-20220502-BULLISH-HIER-C1_OB_FVG,0,0,,HIERARCHICAL_M15_M5_M1,1.5,,HIERARCHICAL_M15_M5_M1
,,False,0,OB,13075.8,13081.9,0,FVG-007300|OB-001367|FVG-007311|OB-001370|FVG-007404|OB-001394,13075.8,13076.4,,,HYPOTHETICAL_SCENARIO_NOT_BROKER_FACT,2022-05-02 00:00:00,2022-05-03 15:16:00,BULLISH,,,,D1-20220502-BULLISH,OB_MITIGATED_BEFORE_MIDPOINT,,,MLR-TECH-ABL-001,2022-05-04 00:00:00,PREVIOUSLY_EXPOSED_WINDOW,C1_OB_FVG,M1_BLOCK_TOUCH,OB_MITIGATED_BEFORE_MIDPOINT,NO_FILL,0,0,,,,TECHNICAL_ONLY_ABLATION,,,NO_FILL,QRP-MACRO-LIQUIDITY-REVERSAL-001,0,,NORMALIZED_MEDIUM_COST,D1-20220502-BULLISH-HIER-C1_OB_FVG,0,0,,HIERARCHICAL_M15_M5_M1,1.5,,HIERARCHICAL_M15_M5_M1
,,False,0,OB,13075.8,13081.9,0,FVG-007300|OB-001367|FVG-007311|OB-001370|FVG-007404|OB-001394,13075.8,13076.4,,,HYPOTHETICAL_SCENARIO_NOT_BROKER_FACT,2022-05-02 00:00:00,2022-05-03 15:16:00,BULLISH,,,,D1-20220502-BULLISH,OB_MITIGATED_BEFORE_MIDPOINT,,,MLR-TECH-ABL-001,2022-05-04 00:00:00,PREVIOUSLY_EXPOSED_WINDOW,C1_OB_FVG,M1_BLOCK_TOUCH,OB_MITIGATED_BEFORE_MIDPOINT,NO_FILL,0,0,,,,TECHNICAL_ONLY_ABLATION,,,NO_FILL,QRP-MACRO-LIQUIDITY-REVERSAL-001,0,,NORMALIZED_HIGH_COST,D1-20220502-BULLISH-HIER-C1_OB_FVG,0,0,,HIERARCHICAL_M15_M5_M1,1.5,,HIERARCHICAL_M15_M5_M1
,,False,0,OB,12533.2,12541.1,0,FVG-009195|OB-001715|FVG-009210|OB-001723|FVG-009283|OB-001756,12540.0,12540.8,,,HYPOTHETICAL_SCENARIO_NOT_BROKER_FACT,2023-03-17 00:00:00,2023-03-20 21:01:00,BEARISH,,,,D1-20230317-BEARISH,OB_MITIGATED_BEFORE_MIDPOINT,,,MLR-TECH-ABL-001,2023-03-21 00:00:00,PREVIOUSLY_EXPOSED_WINDOW,C1_OB_FVG,M1_BLOCK_TOUCH,OB_MITIGATED_BEFORE_MIDPOINT,NO_FILL,0,0,,,,TECHNICAL_ONLY_ABLATION,,,NO_FILL,QRP-MACRO-LIQUIDITY-REVERSAL-001,0,,NORMALIZED_LOW_COST,D1-20230317-BEARISH-HIER-C1_OB_FVG,0,0,,HIERARCHICAL_M15_M5_M1,1.5,,HIERARCHICAL_M15_M5_M1
,,False,0,OB,12533.2,12541.1,0,FVG-009195|OB-001715|FVG-009210|OB-001723|FVG-009283|OB-001756,12540.0,12540.8,,,HYPOTHETICAL_SCENARIO_NOT_BROKER_FACT,2023-03-17 00:00:00,2023-03-20 21:01:00,BEARISH,,,,D1-20230317-BEARISH,OB_MITIGATED_BEFORE_MIDPOINT,,,MLR-TECH-ABL-001,2023-03-21 00:00:00,PREVIOUSLY_EXPOSED_WINDOW,C1_OB_FVG,M1_BLOCK_TOUCH,OB_MITIGATED_BEFORE_MIDPOINT,NO_FILL,0,0,,,,TECHNICAL_ONLY_ABLATION,,,NO_FILL,QRP-MACRO-LIQUIDITY-REVERSAL-001,0,,NORMALIZED_MEDIUM_COST,D1-20230317-BEARISH-HIER-C1_OB_FVG,0,0,,HIERARCHICAL_M15_M5_M1,1.5,,HIERARCHICAL_M15_M5_M1
,,False,0,OB,12533.2,12541.1,0,FVG-009195|OB-001715|FVG-009210|OB-001723|FVG-009283|OB-001756,12540.0,12540.8,,,HYPOTHETICAL_SCENARIO_NOT_BROKER_FACT,2023-03-17 00:00:00,2023-03-20 21:01:00,BEARISH,,,,D1-20230317-BEARISH,OB_MITIGATED_BEFORE_MIDPOINT,,,MLR-TECH-ABL-001,2023-03-21 00:00:00,PREVIOUSLY_EXPOSED_WINDOW,C1_OB_FVG,M1_BLOCK_TOUCH,OB_MITIGATED_BEFORE_MIDPOINT,NO_FILL,0,0,,,,TECHNICAL_ONLY_ABLATION,,,NO_FILL,QRP-MACRO-LIQUIDITY-REVERSAL-001,0,,NORMALIZED_HIGH_COST,D1-20230317-BEARISH-HIER-C1_OB_FVG,0,0,,HIERARCHICAL_M15_M5_M1,1.5,,HIERARCHICAL_M15_M5_M1
13042.75,13045.5,False,2,BREAKER,13042.6,13044.5,1.0,FVG-009401|BREAKER-001069|FVG-009408|BREAKER-001075|FVG-009520|BREAKER-001077,13042.6,13042.9,13042.00,13046.25,HYPOTHETICAL_SCENARIO_NOT_BROKER_FACT,2023-04-10 00:00:00,2023-04-11 15:51:00,BEARISH,2023-04-11 16:13:00,2023-04-11 16:14:00,13042.75,D1-20230410-BEARISH,STOP,13045.5,2023-04-11 16:15:00,MLR-TECH-ABL-001,2023-04-12 00:00:00,PREVIOUSLY_EXPOSED_WINDOW,C2_FVG_BREAKER,M1_STRICT_PENETRATION_NO_FAVORABLE_IMPROVEMENT,STRICT_M1_LIMIT_PENETRATION,FILLED,0,0,-2.75,-0.5238095238095238095238095238,0.016666666666666666,TECHNICAL_ONLY_ABLATION,-5.25,-1,LOSS_1R,QRP-MACRO-LIQUIDITY-REVERSAL-001,0,5.25,NORMALIZED_LOW_COST,D1-20230410-BEARISH-HIER-C2_FVG_BREAKER,0.50,1,13045.5,HIERARCHICAL_M15_M5_M1,1.5,13034.875,HIERARCHICAL_M15_M5_M1
13042.75,13046.5,False,3,BREAKER,13042.6,13044.5,2,FVG-009401|BREAKER-001069|FVG-009408|BREAKER-001075|FVG-009520|BREAKER-001077,13042.6,13042.9,13041.25,13048.0,HYPOTHETICAL_SCENARIO_NOT_BROKER_FACT,2023-04-10 00:00:00,2023-04-11 15:51:00,BEARISH,2023-04-11 16:13:00,2023-04-11 16:14:00,13042.75,D1-20230410-BEARISH,STOP,13046.5,2023-04-11 16:16:00,MLR-TECH-ABL-001,2023-04-12 00:00:00,PREVIOUSLY_EXPOSED_WINDOW,C2_FVG_BREAKER,M1_STRICT_PENETRATION_NO_FAVORABLE_IMPROVEMENT,STRICT_M1_LIMIT_PENETRATION,FILLED,0,0.0,-3.75,-0.4285714285714285714285714286,0.03333333333333333,TECHNICAL_ONLY_ABLATION,-8.75,-1,LOSS_1R,QRP-MACRO-LIQUIDITY-REVERSAL-001,0,8.75,NORMALIZED_MEDIUM_COST,D1-20230410-BEARISH-HIER-C2_FVG_BREAKER,1.0,2,13046.5,HIERARCHICAL_M15_M5_M1,1.5,13029.625,HIERARCHICAL_M15_M5_M1
13042.75,13050.5,False,4,BREAKER,13042.6,13044.5,4,FVG-009401|BREAKER-001069|FVG-009408|BREAKER-001075|FVG-009520|BREAKER-001077,13042.6,13042.9,13038.25,13055.0,HYPOTHETICAL_SCENARIO_NOT_BROKER_FACT,2023-04-10 00:00:00,2023-04-11 15:51:00,BEARISH,2023-04-11 16:13:00,2023-04-11 16:14:00,13042.75,D1-20230410-BEARISH,STOP,13050.5,2023-04-11 16:17:00,MLR-TECH-ABL-001,2023-04-12 00:00:00,PREVIOUSLY_EXPOSED_WINDOW,C2_FVG_BREAKER,M1_STRICT_PENETRATION_NO_FAVORABLE_IMPROVEMENT,STRICT_M1_LIMIT_PENETRATION,FILLED,0,0.00,-7.75,-0.3734939759036144578313253012,0.05,TECHNICAL_ONLY_ABLATION,-20.75,-1,LOSS_1R,QRP-MACRO-LIQUIDITY-REVERSAL-001,0,20.75,NORMALIZED_HIGH_COST,D1-20230410-BEARISH-HIER-C2_FVG_BREAKER,3.0,6,13050.5,HIERARCHICAL_M15_M5_M1,1.5,13011.625,HIERARCHICAL_M15_M5_M1
14539.45,14533.375,False,2,BREAKER,14538.3,14540.0,1.0,FVG-010058|BREAKER-001140|FVG-010064|BREAKER-001142|FVG-010138|BREAKER-001143,14538.9,14540.0,14538.70,14534.125,HYPOTHETICAL_SCENARIO_NOT_BROKER_FACT,2023-06-05 00:00:00,2023-06-06 20:24:00,BEARISH,2023-06-06 20:24:00,2023-06-06 20:25:00,14539.45,D1-20230605-BEARISH,TARGET_1_5R,14533.375,2023-06-06 20:26:00,MLR-TECH-ABL-001,2023-06-07 00:00:00,PREVIOUSLY_EXPOSED_WINDOW,C2_FVG_BREAKER,M1_STRICT_PENETRATION_NO_FAVORABLE_IMPROVEMENT,STRICT_M1_LIMIT_PENETRATION,FILLED,0,0,6.075,1.5,0.016666666666666666,TECHNICAL_ONLY_ABLATION,3.575,0.8827160493827160493827160494,WIN_TARGET_1_5R,QRP-MACRO-LIQUIDITY-REVERSAL-001,0,4.05,NORMALIZED_LOW_COST,D1-20230605-BEARISH-HIER-C2_FVG_BREAKER,0.50,1,14541.0,HIERARCHICAL_M15_M5_M1,1.5,14533.375,HIERARCHICAL_M15_M5_M1
14539.45,14528.125,False,2,BREAKER,14538.3,14540.0,2,FVG-010058|BREAKER-001140|FVG-010064|BREAKER-001142|FVG-010138|BREAKER-001143,14538.9,14540.0,14537.95,14529.625,HYPOTHETICAL_SCENARIO_NOT_BROKER_FACT,2023-06-05 00:00:00,2023-06-06 20:24:00,BEARISH,2023-06-06 20:24:00,2023-06-06 20:25:00,14539.45,D1-20230605-BEARISH,TARGET_1_5R,14528.125,2023-06-06 20:26:00,MLR-TECH-ABL-001,2023-06-07 00:00:00,PREVIOUSLY_EXPOSED_WINDOW,C2_FVG_BREAKER,M1_STRICT_PENETRATION_NO_FAVORABLE_IMPROVEMENT,STRICT_M1_LIMIT_PENETRATION,FILLED,0,0.0,11.325,1.5,0.016666666666666666,TECHNICAL_ONLY_ABLATION,6.325,0.8377483443708609271523178808,WIN_TARGET_1_5R,QRP-MACRO-LIQUIDITY-REVERSAL-001,0,7.55,NORMALIZED_MEDIUM_COST,D1-20230605-BEARISH-HIER-C2_FVG_BREAKER,1.0,2,14542.0,HIERARCHICAL_M15_M5_M1,1.5,14528.125,HIERARCHICAL_M15_M5_M1
14539.45,14546.0,False,7,BREAKER,14538.3,14540.0,4,FVG-010058|BREAKER-001140|FVG-010064|BREAKER-001142|FVG-010138|BREAKER-001143,14538.9,14540.0,14534.95,14550.5,HYPOTHETICAL_SCENARIO_NOT_BROKER_FACT,2023-06-05 00:00:00,2023-06-06 20:24:00,BEARISH,2023-06-06 20:24:00,2023-06-06 20:25:00,14539.45,D1-20230605-BEARISH,STOP,14546.0,2023-06-06 20:31:00,MLR-TECH-ABL-001,2023-06-07 00:00:00,PREVIOUSLY_EXPOSED_WINDOW,C2_FVG_BREAKER,M1_STRICT_PENETRATION_NO_FAVORABLE_IMPROVEMENT,STRICT_M1_LIMIT_PENETRATION,FILLED,0,0.00,-6.55,-0.3350383631713554987212276215,0.1,TECHNICAL_ONLY_ABLATION,-19.55,-1,LOSS_1R,QRP-MACRO-LIQUIDITY-REVERSAL-001,0,19.55,NORMALIZED_HIGH_COST,D1-20230605-BEARISH-HIER-C2_FVG_BREAKER,3.0,6,14546.0,HIERARCHICAL_M15_M5_M1,1.5,14510.125,HIERARCHICAL_M15_M5_M1
17346.05,17348.5,False,2,BREAKER,17345.8,17347.5,1.0,FVG-011562|BREAKER-001302|FVG-011575|BREAKER-001304|FVG-011649|BREAKER-001315,17345.8,17346.3,17345.30,17349.25,HYPOTHETICAL_SCENARIO_NOT_BROKER_FACT,2024-01-22 00:00:00,2024-01-23 17:18:00,BEARISH,2024-01-23 17:38:00,2024-01-23 17:39:00,17346.05,D1-20240122-BEARISH,STOP,17348.5,2024-01-23 17:40:00,MLR-TECH-ABL-001,2024-01-24 00:00:00,PREVIOUSLY_EXPOSED_WINDOW,C2_FVG_BREAKER,M1_STRICT_PENETRATION_NO_FAVORABLE_IMPROVEMENT,STRICT_M1_LIMIT_PENETRATION,FILLED,0,0,-2.45,-0.4949494949494949494949494949,0.016666666666666666,TECHNICAL_ONLY_ABLATION,-4.95,-1,LOSS_1R,QRP-MACRO-LIQUIDITY-REVERSAL-001,0,4.95,NORMALIZED_LOW_COST,D1-20240122-BEARISH-HIER-C2_FVG_BREAKER,0.50,1,17348.5,HIERARCHICAL_M15_M5_M1,1.5,17338.625,HIERARCHICAL_M15_M5_M1
17346.05,17349.5,False,3,BREAKER,17345.8,17347.5,2,FVG-011562|BREAKER-001302|FVG-011575|BREAKER-001304|FVG-011649|BREAKER-001315,17345.8,17346.3,17344.55,17351.0,HYPOTHETICAL_SCENARIO_NOT_BROKER_FACT,2024-01-22 00:00:00,2024-01-23 17:18:00,BEARISH,2024-01-23 17:38:00,2024-01-23 17:39:00,17346.05,D1-20240122-BEARISH,STOP,17349.5,2024-01-23 17:41:00,MLR-TECH-ABL-001,2024-01-24 00:00:00,PREVIOUSLY_EXPOSED_WINDOW,C2_FVG_BREAKER,M1_STRICT_PENETRATION_NO_FAVORABLE_IMPROVEMENT,STRICT_M1_LIMIT_PENETRATION,FILLED,0,0.0,-3.45,-0.4082840236686390532544378698,0.03333333333333333,TECHNICAL_ONLY_ABLATION,-8.45,-1,LOSS_1R,QRP-MACRO-LIQUIDITY-REVERSAL-001,0,8.45,NORMALIZED_MEDIUM_COST,D1-20240122-BEARISH-HIER-C2_FVG_BREAKER,1.0,2,17349.5,HIERARCHICAL_M15_M5_M1,1.5,17333.375,HIERARCHICAL_M15_M5_M1
17346.05,17353.5,False,29,BREAKER,17345.8,17347.5,4,FVG-011562|BREAKER-001302|FVG-011575|BREAKER-001304|FVG-011649|BREAKER-001315,17345.8,17346.3,17341.55,17358.0,HYPOTHETICAL_SCENARIO_NOT_BROKER_FACT,2024-01-22 00:00:00,2024-01-23 17:18:00,BEARISH,2024-01-23 17:38:00,2024-01-23 17:39:00,17346.05,D1-20240122-BEARISH,STOP,17353.5,2024-01-23 18:07:00,MLR-TECH-ABL-001,2024-01-24 00:00:00,PREVIOUSLY_EXPOSED_WINDOW,C2_FVG_BREAKER,M1_STRICT_PENETRATION_NO_FAVORABLE_IMPROVEMENT,STRICT_M1_LIMIT_PENETRATION,FILLED,0,0.00,-7.45,-0.3643031784841075794621026895,0.4666666666666667,TECHNICAL_ONLY_ABLATION,-20.45,-1,LOSS_1R,QRP-MACRO-LIQUIDITY-REVERSAL-001,0,20.45,NORMALIZED_HIGH_COST,D1-20240122-BEARISH-HIER-C2_FVG_BREAKER,3.0,6,17353.5,HIERARCHICAL_M15_M5_M1,1.5,17315.375,HIERARCHICAL_M15_M5_M1
18083.8,18085.7,False,2,BREAKER,18082.7,18084.7,1.0,FVG-011694|BREAKER-001328|FVG-011717|BREAKER-001330|FVG-011880|BREAKER-001346,18083.5,18084.1,18083.05,18086.45,HYPOTHETICAL_SCENARIO_NOT_BROKER_FACT,2024-05-07 00:00:00,2024-05-08 18:17:00,BEARISH,2024-05-08 18:27:00,2024-05-08 18:28:00,18083.8,D1-20240507-BEARISH,STOP,18085.7,2024-05-08 18:29:00,MLR-TECH-ABL-001,2024-05-09 00:00:00,PREVIOUSLY_EXPOSED_WINDOW,C2_FVG_BREAKER,M1_STRICT_PENETRATION_NO_FAVORABLE_IMPROVEMENT,STRICT_M1_LIMIT_PENETRATION,FILLED,0,0,-1.9,-0.4318181818181818181818181818,0.016666666666666666,TECHNICAL_ONLY_ABLATION,-4.40,-1,LOSS_1R,QRP-MACRO-LIQUIDITY-REVERSAL-001,0,4.40,NORMALIZED_LOW_COST,D1-20240507-BEARISH-HIER-C2_FVG_BREAKER,0.50,1,18085.7,HIERARCHICAL_M15_M5_M1,1.5,18077.200,HIERARCHICAL_M15_M5_M1
18083.8,18086.7,False,2,BREAKER,18082.7,18084.7,2,FVG-011694|BREAKER-001328|FVG-011717|BREAKER-001330|FVG-011880|BREAKER-001346,18083.5,18084.1,18082.3,18088.2,HYPOTHETICAL_SCENARIO_NOT_BROKER_FACT,2024-05-07 00:00:00,2024-05-08 18:17:00,BEARISH,2024-05-08 18:27:00,2024-05-08 18:28:00,18083.8,D1-20240507-BEARISH,STOP,18086.7,2024-05-08 18:29:00,MLR-TECH-ABL-001,2024-05-09 00:00:00,PREVIOUSLY_EXPOSED_WINDOW,C2_FVG_BREAKER,M1_STRICT_PENETRATION_NO_FAVORABLE_IMPROVEMENT,STRICT_M1_LIMIT_PENETRATION,FILLED,0,0.0,-2.9,-0.3670886075949367088607594937,0.016666666666666666,TECHNICAL_ONLY_ABLATION,-7.9,-1,LOSS_1R,QRP-MACRO-LIQUIDITY-REVERSAL-001,0,7.9,NORMALIZED_MEDIUM_COST,D1-20240507-BEARISH-HIER-C2_FVG_BREAKER,1.0,2,18086.7,HIERARCHICAL_M15_M5_M1,1.5,18071.95,HIERARCHICAL_M15_M5_M1
18083.8,18053.95,False,69,BREAKER,18082.7,18084.7,4,FVG-011694|BREAKER-001328|FVG-011717|BREAKER-001330|FVG-011880|BREAKER-001346,18083.5,18084.1,18079.3,18058.45,HYPOTHETICAL_SCENARIO_NOT_BROKER_FACT,2024-05-07 00:00:00,2024-05-08 18:17:00,BEARISH,2024-05-08 18:27:00,2024-05-08 18:28:00,18083.8,D1-20240507-BEARISH,TARGET_1_5R,18053.95,2024-05-08 19:36:00,MLR-TECH-ABL-001,2024-05-09 00:00:00,PREVIOUSLY_EXPOSED_WINDOW,C2_FVG_BREAKER,M1_STRICT_PENETRATION_NO_FAVORABLE_IMPROVEMENT,STRICT_M1_LIMIT_PENETRATION,FILLED,0,0.00,29.85,1.5,1.1333333333333333,TECHNICAL_ONLY_ABLATION,16.85,0.8467336683417085427135678392,WIN_TARGET_1_5R,QRP-MACRO-LIQUIDITY-REVERSAL-001,0,19.9,NORMALIZED_HIGH_COST,D1-20240507-BEARISH-HIER-C2_FVG_BREAKER,3.0,6,18090.7,HIERARCHICAL_M15_M5_M1,1.5,18053.95,HIERARCHICAL_M15_M5_M1
21127.55,21129.5,False,1,BREAKER,21126.6,21128.5,1.0,FVG-012464|BREAKER-001408|FVG-012488|BREAKER-001410|FVG-012609|BREAKER-001415,21126.6,21128.5,21126.80,21130.25,HYPOTHETICAL_SCENARIO_NOT_BROKER_FACT,2024-11-08 00:00:00,2024-11-11 17:44:00,BEARISH,2024-11-11 17:53:00,2024-11-11 17:54:00,21127.55,D1-20241108-BEARISH,ENTRY_BAR_STOP_ADVERSE,21129.5,2024-11-11 17:54:00,MLR-TECH-ABL-001,2024-11-12 00:00:00,PREVIOUSLY_EXPOSED_WINDOW,C2_FVG_BREAKER,M1_STRICT_PENETRATION_NO_FAVORABLE_IMPROVEMENT,STRICT_M1_LIMIT_PENETRATION,FILLED,0,0,-1.95,-0.4382022471910112359550561798,0.0,TECHNICAL_ONLY_ABLATION,-4.45,-1,LOSS_1R,QRP-MACRO-LIQUIDITY-REVERSAL-001,0,4.45,NORMALIZED_LOW_COST,D1-20241108-BEARISH-HIER-C2_FVG_BREAKER,0.50,1,21129.5,HIERARCHICAL_M15_M5_M1,1.5,21120.875,HIERARCHICAL_M15_M5_M1
21127.55,21130.5,False,1,BREAKER,21126.6,21128.5,2,FVG-012464|BREAKER-001408|FVG-012488|BREAKER-001410|FVG-012609|BREAKER-001415,21126.6,21128.5,21126.05,21132.0,HYPOTHETICAL_SCENARIO_NOT_BROKER_FACT,2024-11-08 00:00:00,2024-11-11 17:44:00,BEARISH,2024-11-11 17:53:00,2024-11-11 17:54:00,21127.55,D1-20241108-BEARISH,ENTRY_BAR_STOP_ADVERSE,21130.5,2024-11-11 17:54:00,MLR-TECH-ABL-001,2024-11-12 00:00:00,PREVIOUSLY_EXPOSED_WINDOW,C2_FVG_BREAKER,M1_STRICT_PENETRATION_NO_FAVORABLE_IMPROVEMENT,STRICT_M1_LIMIT_PENETRATION,FILLED,0,0.0,-2.95,-0.3710691823899371069182389937,0.0,TECHNICAL_ONLY_ABLATION,-7.95,-1,LOSS_1R,QRP-MACRO-LIQUIDITY-REVERSAL-001,0,7.95,NORMALIZED_MEDIUM_COST,D1-20241108-BEARISH-HIER-C2_FVG_BREAKER,1.0,2,21130.5,HIERARCHICAL_M15_M5_M1,1.5,21115.625,HIERARCHICAL_M15_M5_M1
21127.55,21134.5,False,3,BREAKER,21126.6,21128.5,4,FVG-012464|BREAKER-001408|FVG-012488|BREAKER-001410|FVG-012609|BREAKER-001415,21126.6,21128.5,21123.05,21139.0,HYPOTHETICAL_SCENARIO_NOT_BROKER_FACT,2024-11-08 00:00:00,2024-11-11 17:44:00,BEARISH,2024-11-11 17:53:00,2024-11-11 17:54:00,21127.55,D1-20241108-BEARISH,STOP,21134.5,2024-11-11 17:56:00,MLR-TECH-ABL-001,2024-11-12 00:00:00,PREVIOUSLY_EXPOSED_WINDOW,C2_FVG_BREAKER,M1_STRICT_PENETRATION_NO_FAVORABLE_IMPROVEMENT,STRICT_M1_LIMIT_PENETRATION,FILLED,0,0.00,-6.95,-0.3483709273182957393483709273,0.03333333333333333,TECHNICAL_ONLY_ABLATION,-19.95,-1,LOSS_1R,QRP-MACRO-LIQUIDITY-REVERSAL-001,0,19.95,NORMALIZED_HIGH_COST,D1-20241108-BEARISH-HIER-C2_FVG_BREAKER,3.0,6,21134.5,HIERARCHICAL_M15_M5_M1,1.5,21097.625,HIERARCHICAL_M15_M5_M1
20652.300000000003,20666.4,False,3,OB,20652.2,20665.4,1.0,FVG-012656|OB-002374|FVG-012678|OB-002381|FVG-012695|OB-002408,20652.2,20652.4,20651.550000000003,20667.15,HYPOTHETICAL_SCENARIO_NOT_BROKER_FACT,2024-11-20 00:00:00,2024-11-21 19:05:00,BEARISH,2024-11-21 19:07:00,2024-11-21 19:08:00,20652.300000000003,D1-20241120-BEARISH,STOP,20666.4,2024-11-21 19:10:00,MLR-TECH-ABL-001,2024-11-22 00:00:00,PREVIOUSLY_EXPOSED_WINDOW,C1_OB_FVG,M1_STRICT_PENETRATION_NO_FAVORABLE_IMPROVEMENT,STRICT_M1_LIMIT_PENETRATION,FILLED,0,0,-14.099999999997,-0.8493975903614185658295833889,0.03333333333333333,TECHNICAL_ONLY_ABLATION,-16.599999999997,-1,LOSS_1R,QRP-MACRO-LIQUIDITY-REVERSAL-001,0,16.599999999997,NORMALIZED_LOW_COST,D1-20241120-BEARISH-HIER-C1_OB_FVG,0.50,1,20666.4,HIERARCHICAL_M15_M5_M1,1.5,20627.4000000000075,HIERARCHICAL_M15_M5_M1
20652.300000000003,20667.4,False,3,OB,20652.2,20665.4,2,FVG-012656|OB-002374|FVG-012678|OB-002381|FVG-012695|OB-002408,20652.2,20652.4,20650.800000000003,20668.9,HYPOTHETICAL_SCENARIO_NOT_BROKER_FACT,2024-11-20 00:00:00,2024-11-21 19:05:00,BEARISH,2024-11-21 19:07:00,2024-11-21 19:08:00,20652.300000000003,D1-20241120-BEARISH,STOP,20667.4,2024-11-21 19:10:00,MLR-TECH-ABL-001,2024-11-22 00:00:00,PREVIOUSLY_EXPOSED_WINDOW,C1_OB_FVG,M1_STRICT_PENETRATION_NO_FAVORABLE_IMPROVEMENT,STRICT_M1_LIMIT_PENETRATION,FILLED,0,0.0,-15.099999999997,-0.7512437810944902353902131080,0.03333333333333333,TECHNICAL_ONLY_ABLATION,-20.099999999997,-1,LOSS_1R,QRP-MACRO-LIQUIDITY-REVERSAL-001,0,20.099999999997,NORMALIZED_MEDIUM_COST,D1-20241120-BEARISH-HIER-C1_OB_FVG,1.0,2,20667.4,HIERARCHICAL_M15_M5_M1,1.5,20622.1500000000075,HIERARCHICAL_M15_M5_M1
20652.300000000003,20671.4,False,4,OB,20652.2,20665.4,4,FVG-012656|OB-002374|FVG-012678|OB-002381|FVG-012695|OB-002408,20652.2,20652.4,20647.800000000003,20675.9,HYPOTHETICAL_SCENARIO_NOT_BROKER_FACT,2024-11-20 00:00:00,2024-11-21 19:05:00,BEARISH,2024-11-21 19:07:00,2024-11-21 19:08:00,20652.300000000003,D1-20241120-BEARISH,STOP,20671.4,2024-11-21 19:11:00,MLR-TECH-ABL-001,2024-11-22 00:00:00,PREVIOUSLY_EXPOSED_WINDOW,C1_OB_FVG,M1_STRICT_PENETRATION_NO_FAVORABLE_IMPROVEMENT,STRICT_M1_LIMIT_PENETRATION,FILLED,0,0.00,-19.099999999997,-0.5950155763239496899292514595,0.05,TECHNICAL_ONLY_ABLATION,-32.099999999997,-1,LOSS_1R,QRP-MACRO-LIQUIDITY-REVERSAL-001,0,32.099999999997,NORMALIZED_HIGH_COST,D1-20241120-BEARISH-HIER-C1_OB_FVG,3.0,6,20671.4,HIERARCHICAL_M15_M5_M1,1.5,20604.1500000000075,HIERARCHICAL_M15_M5_M1
23847.35,23848.4,False,3,BREAKER,23845.2,23847.4,1.0,FVG-014341|BREAKER-001633|FVG-014369|BREAKER-001635|FVG-014502|BREAKER-001650,23847.3,23847.4,23846.60,23849.15,HYPOTHETICAL_SCENARIO_NOT_BROKER_FACT,2025-08-13 00:00:00,2025-08-14 22:13:00,BEARISH,2025-08-14 22:13:00,2025-08-14 22:14:00,23847.35,D1-20250813-BEARISH,STOP,23848.4,2025-08-14 22:16:00,MLR-TECH-ABL-001,2025-08-15 00:00:00,PREVIOUSLY_EXPOSED_WINDOW,C2_FVG_BREAKER,M1_STRICT_PENETRATION_NO_FAVORABLE_IMPROVEMENT,STRICT_M1_LIMIT_PENETRATION,FILLED,0,0,-1.05,-0.2957746478873239436619718310,0.03333333333333333,TECHNICAL_ONLY_ABLATION,-3.55,-1,LOSS_1R,QRP-MACRO-LIQUIDITY-REVERSAL-001,0,3.55,NORMALIZED_LOW_COST,D1-20250813-BEARISH-HIER-C2_FVG_BREAKER,0.50,1,23848.4,HIERARCHICAL_M15_M5_M1,1.5,23842.025,HIERARCHICAL_M15_M5_M1
23847.35,23849.4,False,5,BREAKER,23845.2,23847.4,2,FVG-014341|BREAKER-001633|FVG-014369|BREAKER-001635|FVG-014502|BREAKER-001650,23847.3,23847.4,23845.85,23850.9,HYPOTHETICAL_SCENARIO_NOT_BROKER_FACT,2025-08-13 00:00:00,2025-08-14 22:13:00,BEARISH,2025-08-14 22:13:00,2025-08-14 22:14:00,23847.35,D1-20250813-BEARISH,STOP,23849.4,2025-08-14 22:18:00,MLR-TECH-ABL-001,2025-08-15 00:00:00,PREVIOUSLY_EXPOSED_WINDOW,C2_FVG_BREAKER,M1_STRICT_PENETRATION_NO_FAVORABLE_IMPROVEMENT,STRICT_M1_LIMIT_PENETRATION,FILLED,0,0.0,-2.05,-0.2907801418439716312056737589,0.06666666666666667,TECHNICAL_ONLY_ABLATION,-7.05,-1,LOSS_1R,QRP-MACRO-LIQUIDITY-REVERSAL-001,0,7.05,NORMALIZED_MEDIUM_COST,D1-20250813-BEARISH-HIER-C2_FVG_BREAKER,1.0,2,23849.4,HIERARCHICAL_M15_M5_M1,1.5,23836.775,HIERARCHICAL_M15_M5_M1
23847.35,23853.4,False,6,BREAKER,23845.2,23847.4,4,FVG-014341|BREAKER-001633|FVG-014369|BREAKER-001635|FVG-014502|BREAKER-001650,23847.3,23847.4,23842.85,23857.9,HYPOTHETICAL_SCENARIO_NOT_BROKER_FACT,2025-08-13 00:00:00,2025-08-14 22:13:00,BEARISH,2025-08-14 22:13:00,2025-08-14 22:14:00,23847.35,D1-20250813-BEARISH,STOP,23853.4,2025-08-14 22:19:00,MLR-TECH-ABL-001,2025-08-15 00:00:00,PREVIOUSLY_EXPOSED_WINDOW,C2_FVG_BREAKER,M1_STRICT_PENETRATION_NO_FAVORABLE_IMPROVEMENT,STRICT_M1_LIMIT_PENETRATION,FILLED,0,0.00,-6.05,-0.3175853018372703412073490814,0.08333333333333333,TECHNICAL_ONLY_ABLATION,-19.05,-1,LOSS_1R,QRP-MACRO-LIQUIDITY-REVERSAL-001,0,19.05,NORMALIZED_HIGH_COST,D1-20250813-BEARISH-HIER-C2_FVG_BREAKER,3.0,6,23853.4,HIERARCHICAL_M15_M5_M1,1.5,23818.775,HIERARCHICAL_M15_M5_M1
25719.9,25727.6,True,1,BREAKER,25719.8,25726.6,1.0,FVG-014739|BREAKER-001682|FVG-014764|BREAKER-001685|FVG-014817|BREAKER-001700,25719.8,25720.0,25719.15,25728.35,HYPOTHETICAL_SCENARIO_NOT_BROKER_FACT,2026-01-12 00:00:00,2026-01-13 17:56:00,BEARISH,2026-01-13 17:56:00,2026-01-13 17:57:00,25719.9,D1-20260112-BEARISH,ENTRY_BAR_STOP_ADVERSE,25727.6,2026-01-13 17:57:00,MLR-TECH-ABL-001,2026-01-14 00:00:00,PREVIOUSLY_EXPOSED_WINDOW,C2_FVG_BREAKER,M1_STRICT_PENETRATION_NO_FAVORABLE_IMPROVEMENT,STRICT_M1_LIMIT_PENETRATION,FILLED,0,0,-7.7,-0.7549019607843137254901960784,0.0,TECHNICAL_ONLY_ABLATION,-10.20,-1,AMBIGUOUS_ADVERSE_FIRST,QRP-MACRO-LIQUIDITY-REVERSAL-001,0,10.20,NORMALIZED_LOW_COST,D1-20260112-BEARISH-HIER-C2_FVG_BREAKER,0.50,1,25727.6,HIERARCHICAL_M15_M5_M1,1.5,25704.600,HIERARCHICAL_M15_M5_M1
25719.9,25728.6,True,1,BREAKER,25719.8,25726.6,2,FVG-014739|BREAKER-001682|FVG-014764|BREAKER-001685|FVG-014817|BREAKER-001700,25719.8,25720.0,25718.4,25730.1,HYPOTHETICAL_SCENARIO_NOT_BROKER_FACT,2026-01-12 00:00:00,2026-01-13 17:56:00,BEARISH,2026-01-13 17:56:00,2026-01-13 17:57:00,25719.9,D1-20260112-BEARISH,ENTRY_BAR_STOP_ADVERSE,25728.6,2026-01-13 17:57:00,MLR-TECH-ABL-001,2026-01-14 00:00:00,PREVIOUSLY_EXPOSED_WINDOW,C2_FVG_BREAKER,M1_STRICT_PENETRATION_NO_FAVORABLE_IMPROVEMENT,STRICT_M1_LIMIT_PENETRATION,FILLED,0,0.0,-8.7,-0.6350364963503649635036496350,0.0,TECHNICAL_ONLY_ABLATION,-13.7,-1,AMBIGUOUS_ADVERSE_FIRST,QRP-MACRO-LIQUIDITY-REVERSAL-001,0,13.7,NORMALIZED_MEDIUM_COST,D1-20260112-BEARISH-HIER-C2_FVG_BREAKER,1.0,2,25728.6,HIERARCHICAL_M15_M5_M1,1.5,25699.35,HIERARCHICAL_M15_M5_M1
25719.9,25732.6,True,1,BREAKER,25719.8,25726.6,4,FVG-014739|BREAKER-001682|FVG-014764|BREAKER-001685|FVG-014817|BREAKER-001700,25719.8,25720.0,25715.4,25737.1,HYPOTHETICAL_SCENARIO_NOT_BROKER_FACT,2026-01-12 00:00:00,2026-01-13 17:56:00,BEARISH,2026-01-13 17:56:00,2026-01-13 17:57:00,25719.9,D1-20260112-BEARISH,ENTRY_BAR_STOP_ADVERSE,25732.6,2026-01-13 17:57:00,MLR-TECH-ABL-001,2026-01-14 00:00:00,PREVIOUSLY_EXPOSED_WINDOW,C2_FVG_BREAKER,M1_STRICT_PENETRATION_NO_FAVORABLE_IMPROVEMENT,STRICT_M1_LIMIT_PENETRATION,FILLED,0,0.00,-12.7,-0.4941634241245136186770428016,0.0,TECHNICAL_ONLY_ABLATION,-25.70,-1.0,AMBIGUOUS_ADVERSE_FIRST,QRP-MACRO-LIQUIDITY-REVERSAL-001,0,25.7,NORMALIZED_HIGH_COST,D1-20260112-BEARISH-HIER-C2_FVG_BREAKER,3.0,6,25732.6,HIERARCHICAL_M15_M5_M1,1.5,25681.35,HIERARCHICAL_M15_M5_M1
,,False,0,OB,6234.4,6237.7,0,FVG-000276|OB-000043,6234.4,6237.7,,,HYPOTHETICAL_SCENARIO_NOT_BROKER_FACT,2017-11-01 00:00:00,2017-11-02 03:15:00,BEARISH,,,,D1-20171101-BEARISH,OB_MITIGATED_BEFORE_MIDPOINT,,,MLR-TECH-ABL-001,2017-11-03 00:00:00,PREVIOUSLY_EXPOSED_WINDOW,C1_OB_FVG,M1_BLOCK_TOUCH,OB_MITIGATED_BEFORE_MIDPOINT,NO_FILL,0,0,,,,TECHNICAL_ONLY_ABLATION,,,NO_FILL,QRP-MACRO-LIQUIDITY-REVERSAL-001,0,,NORMALIZED_LOW_COST,D1-20171101-BEARISH-M15-C1_OB_FVG-FVG-000276-OB-000043,0,0,,M15_C1_OB_FVG,1.5,,M15
,,False,0,OB,6234.4,6237.7,0,FVG-000276|OB-000043,6234.4,6237.7,,,HYPOTHETICAL_SCENARIO_NOT_BROKER_FACT,2017-11-01 00:00:00,2017-11-02 03:15:00,BEARISH,,,,D1-20171101-BEARISH,OB_MITIGATED_BEFORE_MIDPOINT,,,MLR-TECH-ABL-001,2017-11-03 00:00:00,PREVIOUSLY_EXPOSED_WINDOW,C1_OB_FVG,M1_BLOCK_TOUCH,OB_MITIGATED_BEFORE_MIDPOINT,NO_FILL,0,0,,,,TECHNICAL_ONLY_ABLATION,,,NO_FILL,QRP-MACRO-LIQUIDITY-REVERSAL-001,0,,NORMALIZED_MEDIUM_COST,D1-20171101-BEARISH-M15-C1_OB_FVG-FVG-000276-OB-000043,0,0,,M15_C1_OB_FVG,1.5,,M15
,,False,0,OB,6234.4,6237.7,0,FVG-000276|OB-000043,6234.4,6237.7,,,HYPOTHETICAL_SCENARIO_NOT_BROKER_FACT,2017-11-01 00:00:00,2017-11-02 03:15:00,BEARISH,,,,D1-20171101-BEARISH,OB_MITIGATED_BEFORE_MIDPOINT,,,MLR-TECH-ABL-001,2017-11-03 00:00:00,PREVIOUSLY_EXPOSED_WINDOW,C1_OB_FVG,M1_BLOCK_TOUCH,OB_MITIGATED_BEFORE_MIDPOINT,NO_FILL,0,0,,,,TECHNICAL_ONLY_ABLATION,,,NO_FILL,QRP-MACRO-LIQUIDITY-REVERSAL-001,0,,NORMALIZED_HIGH_COST,D1-20171101-BEARISH-M15-C1_OB_FVG-FVG-000276-OB-000043,0,0,,M15_C1_OB_FVG,1.5,,M15
,,False,0,OB,6803.5,6806.8,0,FVG-000544|OB-000090,6806.7,6806.8,,,HYPOTHETICAL_SCENARIO_NOT_BROKER_FACT,2018-02-16 00:00:00,2018-02-19 12:15:00,BEARISH,,,,D1-20180216-BEARISH,OB_MITIGATED_BEFORE_MIDPOINT,,,MLR-TECH-ABL-001,2018-02-20 00:00:00,PREVIOUSLY_EXPOSED_WINDOW,C1_OB_FVG,M1_BLOCK_TOUCH,OB_MITIGATED_BEFORE_MIDPOINT,NO_FILL,0,0,,,,TECHNICAL_ONLY_ABLATION,,,NO_FILL,QRP-MACRO-LIQUIDITY-REVERSAL-001,0,,NORMALIZED_LOW_COST,D1-20180216-BEARISH-M15-C1_OB_FVG-FVG-000544-OB-000090,0,0,,M15_C1_OB_FVG,1.5,,M15
,,False,0,OB,6803.5,6806.8,0,FVG-000544|OB-000090,6806.7,6806.8,,,HYPOTHETICAL_SCENARIO_NOT_BROKER_FACT,2018-02-16 00:00:00,2018-02-19 12:15:00,BEARISH,,,,D1-20180216-BEARISH,OB_MITIGATED_BEFORE_MIDPOINT,,,MLR-TECH-ABL-001,2018-02-20 00:00:00,PREVIOUSLY_EXPOSED_WINDOW,C1_OB_FVG,M1_BLOCK_TOUCH,OB_MITIGATED_BEFORE_MIDPOINT,NO_FILL,0,0,,,,TECHNICAL_ONLY_ABLATION,,,NO_FILL,QRP-MACRO-LIQUIDITY-REVERSAL-001,0,,NORMALIZED_MEDIUM_COST,D1-20180216-BEARISH-M15-C1_OB_FVG-FVG-000544-OB-000090,0,0,,M15_C1_OB_FVG,1.5,,M15
,,False,0,OB,6803.5,6806.8,0,FVG-000544|OB-000090,6806.7,6806.8,,,HYPOTHETICAL_SCENARIO_NOT_BROKER_FACT,2018-02-16 00:00:00,2018-02-19 12:15:00,BEARISH,,,,D1-20180216-BEARISH,OB_MITIGATED_BEFORE_MIDPOINT,,,MLR-TECH-ABL-001,2018-02-20 00:00:00,PREVIOUSLY_EXPOSED_WINDOW,C1_OB_FVG,M1_BLOCK_TOUCH,OB_MITIGATED_BEFORE_MIDPOINT,NO_FILL,0,0,,,,TECHNICAL_ONLY_ABLATION,,,NO_FILL,QRP-MACRO-LIQUIDITY-REVERSAL-001,0,,NORMALIZED_HIGH_COST,D1-20180216-BEARISH-M15-C1_OB_FVG-FVG-000544-OB-000090,0,0,,M15_C1_OB_FVG,1.5,,M15
,,False,0,OB,6666.0,6675.7,0,FVG-000736|OB-000127,6666.0,6668.3,,,HYPOTHETICAL_SCENARIO_NOT_BROKER_FACT,2018-04-23 00:00:00,2018-04-24 11:00:00,BULLISH,,,,D1-20180423-BULLISH,OB_MITIGATED_BEFORE_MIDPOINT,,,MLR-TECH-ABL-001,2018-04-25 00:00:00,PREVIOUSLY_EXPOSED_WINDOW,C1_OB_FVG,M1_BLOCK_TOUCH,OB_MITIGATED_BEFORE_MIDPOINT,NO_FILL,0,0,,,,TECHNICAL_ONLY_ABLATION,,,NO_FILL,QRP-MACRO-LIQUIDITY-REVERSAL-001,0,,NORMALIZED_LOW_COST,D1-20180423-BULLISH-M15-C1_OB_FVG-FVG-000736-OB-000127,0,0,,M15_C1_OB_FVG,1.5,,M15
,,False,0,OB,6666.0,6675.7,0,FVG-000736|OB-000127,6666.0,6668.3,,,HYPOTHETICAL_SCENARIO_NOT_BROKER_FACT,2018-04-23 00:00:00,2018-04-24 11:00:00,BULLISH,,,,D1-20180423-BULLISH,OB_MITIGATED_BEFORE_MIDPOINT,,,MLR-TECH-ABL-001,2018-04-25 00:00:00,PREVIOUSLY_EXPOSED_WINDOW,C1_OB_FVG,M1_BLOCK_TOUCH,OB_MITIGATED_BEFORE_MIDPOINT,NO_FILL,0,0,,,,TECHNICAL_ONLY_ABLATION,,,NO_FILL,QRP-MACRO-LIQUIDITY-REVERSAL-001,0,,NORMALIZED_MEDIUM_COST,D1-20180423-BULLISH-M15-C1_OB_FVG-FVG-000736-OB-000127,0,0,,M15_C1_OB_FVG,1.5,,M15
,,False,0,OB,6666.0,6675.7,0,FVG-000736|OB-000127,6666.0,6668.3,,,HYPOTHETICAL_SCENARIO_NOT_BROKER_FACT,2018-04-23 00:00:00,2018-04-24 11:00:00,BULLISH,,,,D1-20180423-BULLISH,OB_MITIGATED_BEFORE_MIDPOINT,,,MLR-TECH-ABL-001,2018-04-25 00:00:00,PREVIOUSLY_EXPOSED_WINDOW,C1_OB_FVG,M1_BLOCK_TOUCH,OB_MITIGATED_BEFORE_MIDPOINT,NO_FILL,0,0,,,,TECHNICAL_ONLY_ABLATION,,,NO_FILL,QRP-MACRO-LIQUIDITY-REVERSAL-001,0,,NORMALIZED_HIGH_COST,D1-20180423-BULLISH-M15-C1_OB_FVG-FVG-000736-OB-000127,0,0,,M15_C1_OB_FVG,1.5,,M15
,,False,0,OB,6989.8,6998.3,0,FVG-000970|OB-000161,6989.8,6990.0,,,HYPOTHETICAL_SCENARIO_NOT_BROKER_FACT,2018-05-11 00:00:00,2018-05-14 20:00:00,BEARISH,,,,D1-20180511-BEARISH,MIDPOINT_NOT_STRICTLY_PENETRATED,,,MLR-TECH-ABL-001,2018-05-15 00:00:00,PREVIOUSLY_EXPOSED_WINDOW,C1_OB_FVG,M1_PATH,MIDPOINT_NOT_STRICTLY_PENETRATED,NO_FILL,0,0,,,,TECHNICAL_ONLY_ABLATION,,,NO_FILL,QRP-MACRO-LIQUIDITY-REVERSAL-001,0,,NORMALIZED_LOW_COST,D1-20180511-BEARISH-M15-C1_OB_FVG-FVG-000970-OB-000161,0,0,,M15_C1_OB_FVG,1.5,,M15
,,False,0,OB,6989.8,6998.3,0,FVG-000970|OB-000161,6989.8,6990.0,,,HYPOTHETICAL_SCENARIO_NOT_BROKER_FACT,2018-05-11 00:00:00,2018-05-14 20:00:00,BEARISH,,,,D1-20180511-BEARISH,MIDPOINT_NOT_STRICTLY_PENETRATED,,,MLR-TECH-ABL-001,2018-05-15 00:00:00,PREVIOUSLY_EXPOSED_WINDOW,C1_OB_FVG,M1_PATH,MIDPOINT_NOT_STRICTLY_PENETRATED,NO_FILL,0,0,,,,TECHNICAL_ONLY_ABLATION,,,NO_FILL,QRP-MACRO-LIQUIDITY-REVERSAL-001,0,,NORMALIZED_MEDIUM_COST,D1-20180511-BEARISH-M15-C1_OB_FVG-FVG-000970-OB-000161,0,0,,M15_C1_OB_FVG,1.5,,M15
,,False,0,OB,6989.8,6998.3,0,FVG-000970|OB-000161,6989.8,6990.0,,,HYPOTHETICAL_SCENARIO_NOT_BROKER_FACT,2018-05-11 00:00:00,2018-05-14 20:00:00,BEARISH,,,,D1-20180511-BEARISH,MIDPOINT_NOT_STRICTLY_PENETRATED,,,MLR-TECH-ABL-001,2018-05-15 00:00:00,PREVIOUSLY_EXPOSED_WINDOW,C1_OB_FVG,M1_PATH,MIDPOINT_NOT_STRICTLY_PENETRATED,NO_FILL,0,0,,,,TECHNICAL_ONLY_ABLATION,,,NO_FILL,QRP-MACRO-LIQUIDITY-REVERSAL-001,0,,NORMALIZED_HIGH_COST,D1-20180511-BEARISH-M15-C1_OB_FVG-FVG-000970-OB-000161,0,0,,M15_C1_OB_FVG,1.5,,M15
,,False,0,OB,7210.0,7213.6,0,FVG-001177|OB-000201,7212.2,7213.6,,,HYPOTHETICAL_SCENARIO_NOT_BROKER_FACT,2018-06-13 00:00:00,2018-06-14 06:00:00,BEARISH,,,,D1-20180613-BEARISH,OB_MITIGATED_BEFORE_MIDPOINT,,,MLR-TECH-ABL-001,2018-06-15 00:00:00,PREVIOUSLY_EXPOSED_WINDOW,C1_OB_FVG,M1_BLOCK_TOUCH,OB_MITIGATED_BEFORE_MIDPOINT,NO_FILL,0,0,,,,TECHNICAL_ONLY_ABLATION,,,NO_FILL,QRP-MACRO-LIQUIDITY-REVERSAL-001,0,,NORMALIZED_LOW_COST,D1-20180613-BEARISH-M15-C1_OB_FVG-FVG-001177-OB-000201,0,0,,M15_C1_OB_FVG,1.5,,M15
,,False,0,OB,7210.0,7213.6,0,FVG-001177|OB-000201,7212.2,7213.6,,,HYPOTHETICAL_SCENARIO_NOT_BROKER_FACT,2018-06-13 00:00:00,2018-06-14 06:00:00,BEARISH,,,,D1-20180613-BEARISH,OB_MITIGATED_BEFORE_MIDPOINT,,,MLR-TECH-ABL-001,2018-06-15 00:00:00,PREVIOUSLY_EXPOSED_WINDOW,C1_OB_FVG,M1_BLOCK_TOUCH,OB_MITIGATED_BEFORE_MIDPOINT,NO_FILL,0,0,,,,TECHNICAL_ONLY_ABLATION,,,NO_FILL,QRP-MACRO-LIQUIDITY-REVERSAL-001,0,,NORMALIZED_MEDIUM_COST,D1-20180613-BEARISH-M15-C1_OB_FVG-FVG-001177-OB-000201,0,0,,M15_C1_OB_FVG,1.5,,M15
,,False,0,OB,7210.0,7213.6,0,FVG-001177|OB-000201,7212.2,7213.6,,,HYPOTHETICAL_SCENARIO_NOT_BROKER_FACT,2018-06-13 00:00:00,2018-06-14 06:00:00,BEARISH,,,,D1-20180613-BEARISH,OB_MITIGATED_BEFORE_MIDPOINT,,,MLR-TECH-ABL-001,2018-06-15 00:00:00,PREVIOUSLY_EXPOSED_WINDOW,C1_OB_FVG,M1_BLOCK_TOUCH,OB_MITIGATED_BEFORE_MIDPOINT,NO_FILL,0,0,,,,TECHNICAL_ONLY_ABLATION,,,NO_FILL,QRP-MACRO-LIQUIDITY-REVERSAL-001,0,,NORMALIZED_HIGH_COST,D1-20180613-BEARISH-M15-C1_OB_FVG-FVG-001177-OB-000201,0,0,,M15_C1_OB_FVG,1.5,,M15
,,False,0,OB,7392.1,7394.4,0,FVG-001408|OB-000242,7392.1,7392.7,,,HYPOTHETICAL_SCENARIO_NOT_BROKER_FACT,2018-07-18 00:00:00,2018-07-19 07:30:00,BEARISH,,,,D1-20180718-BEARISH,MIDPOINT_NOT_STRICTLY_PENETRATED,,,MLR-TECH-ABL-001,2018-07-20 00:00:00,PREVIOUSLY_EXPOSED_WINDOW,C1_OB_FVG,M1_PATH,MIDPOINT_NOT_STRICTLY_PENETRATED,NO_FILL,0,0,,,,TECHNICAL_ONLY_ABLATION,,,NO_FILL,QRP-MACRO-LIQUIDITY-REVERSAL-001,0,,NORMALIZED_LOW_COST,D1-20180718-BEARISH-M15-C1_OB_FVG-FVG-001408-OB-000242,0,0,,M15_C1_OB_FVG,1.5,,M15
,,False,0,OB,7392.1,7394.4,0,FVG-001408|OB-000242,7392.1,7392.7,,,HYPOTHETICAL_SCENARIO_NOT_BROKER_FACT,2018-07-18 00:00:00,2018-07-19 07:30:00,BEARISH,,,,D1-20180718-BEARISH,MIDPOINT_NOT_STRICTLY_PENETRATED,,,MLR-TECH-ABL-001,2018-07-20 00:00:00,PREVIOUSLY_EXPOSED_WINDOW,C1_OB_FVG,M1_PATH,MIDPOINT_NOT_STRICTLY_PENETRATED,NO_FILL,0,0,,,,TECHNICAL_ONLY_ABLATION,,,NO_FILL,QRP-MACRO-LIQUIDITY-REVERSAL-001,0,,NORMALIZED_MEDIUM_COST,D1-20180718-BEARISH-M15-C1_OB_FVG-FVG-001408-OB-000242,0,0,,M15_C1_OB_FVG,1.5,,M15
,,False,0,OB,7392.1,7394.4,0,FVG-001408|OB-000242,7392.1,7392.7,,,HYPOTHETICAL_SCENARIO_NOT_BROKER_FACT,2018-07-18 00:00:00,2018-07-19 07:30:00,BEARISH,,,,D1-20180718-BEARISH,MIDPOINT_NOT_STRICTLY_PENETRATED,,,MLR-TECH-ABL-001,2018-07-20 00:00:00,PREVIOUSLY_EXPOSED_WINDOW,C1_OB_FVG,M1_PATH,MIDPOINT_NOT_STRICTLY_PENETRATED,NO_FILL,0,0,,,,TECHNICAL_ONLY_ABLATION,,,NO_FILL,QRP-MACRO-LIQUIDITY-REVERSAL-001,0,,NORMALIZED_HIGH_COST,D1-20180718-BEARISH-M15-C1_OB_FVG-FVG-001408-OB-000242,0,0,,M15_C1_OB_FVG,1.5,,M15
,,False,0,OB,7526.6,7532.2,0,FVG-001833|OB-000324,7527.8,7529.4,,,HYPOTHETICAL_SCENARIO_NOT_BROKER_FACT,2018-09-14 00:00:00,2018-09-17 16:45:00,BEARISH,,,,D1-20180914-BEARISH,MIDPOINT_NOT_STRICTLY_PENETRATED,,,MLR-TECH-ABL-001,2018-09-18 00:00:00,PREVIOUSLY_EXPOSED_WINDOW,C1_OB_FVG,M1_PATH,MIDPOINT_NOT_STRICTLY_PENETRATED,NO_FILL,0,0,,,,TECHNICAL_ONLY_ABLATION,,,NO_FILL,QRP-MACRO-LIQUIDITY-REVERSAL-001,0,,NORMALIZED_LOW_COST,D1-20180914-BEARISH-M15-C1_OB_FVG-FVG-001833-OB-000324,0,0,,M15_C1_OB_FVG,1.5,,M15
,,False,0,OB,7526.6,7532.2,0,FVG-001833|OB-000324,7527.8,7529.4,,,HYPOTHETICAL_SCENARIO_NOT_BROKER_FACT,2018-09-14 00:00:00,2018-09-17 16:45:00,BEARISH,,,,D1-20180914-BEARISH,MIDPOINT_NOT_STRICTLY_PENETRATED,,,MLR-TECH-ABL-001,2018-09-18 00:00:00,PREVIOUSLY_EXPOSED_WINDOW,C1_OB_FVG,M1_PATH,MIDPOINT_NOT_STRICTLY_PENETRATED,NO_FILL,0,0,,,,TECHNICAL_ONLY_ABLATION,,,NO_FILL,QRP-MACRO-LIQUIDITY-REVERSAL-001,0,,NORMALIZED_MEDIUM_COST,D1-20180914-BEARISH-M15-C1_OB_FVG-FVG-001833-OB-000324,0,0,,M15_C1_OB_FVG,1.5,,M15
,,False,0,OB,7526.6,7532.2,0,FVG-001833|OB-000324,7527.8,7529.4,,,HYPOTHETICAL_SCENARIO_NOT_BROKER_FACT,2018-09-14 00:00:00,2018-09-17 16:45:00,BEARISH,,,,D1-20180914-BEARISH,MIDPOINT_NOT_STRICTLY_PENETRATED,,,MLR-TECH-ABL-001,2018-09-18 00:00:00,PREVIOUSLY_EXPOSED_WINDOW,C1_OB_FVG,M1_PATH,MIDPOINT_NOT_STRICTLY_PENETRATED,NO_FILL,0,0,,,,TECHNICAL_ONLY_ABLATION,,,NO_FILL,QRP-MACRO-LIQUIDITY-REVERSAL-001,0,,NORMALIZED_HIGH_COST,D1-20180914-BEARISH-M15-C1_OB_FVG-FVG-001833-OB-000324,0,0,,M15_C1_OB_FVG,1.5,,M15
7057.0,7065.6,False,215,OB,7056.9,7064.6,1.0,FVG-002095|OB-000373,7056.9,7057.1,7056.25,7066.35,HYPOTHETICAL_SCENARIO_NOT_BROKER_FACT,2019-02-19 00:00:00,2019-02-20 12:00:00,BEARISH,2019-02-20 12:13:00,2019-02-20 12:14:00,7057.0,D1-20190219-BEARISH,STOP,7065.6,2019-02-20 15:48:00,MLR-TECH-ABL-001,2019-02-21 00:00:00,PREVIOUSLY_EXPOSED_WINDOW,C1_OB_FVG,M1_STRICT_PENETRATION_NO_FAVORABLE_IMPROVEMENT,STRICT_M1_LIMIT_PENETRATION,FILLED,0,0,-8.6,-0.7747747747747747747747747748,3.566666666666667,TECHNICAL_ONLY_ABLATION,-11.10,-1,LOSS_1R,QRP-MACRO-LIQUIDITY-REVERSAL-001,0,11.10,NORMALIZED_LOW_COST,D1-20190219-BEARISH-M15-C1_OB_FVG-FVG-002095-OB-000373,0.50,1,7065.6,M15_C1_OB_FVG,1.5,7040.350,M15
7057.0,7066.6,False,215,OB,7056.9,7064.6,2,FVG-002095|OB-000373,7056.9,7057.1,7055.5,7068.1,HYPOTHETICAL_SCENARIO_NOT_BROKER_FACT,2019-02-19 00:00:00,2019-02-20 12:00:00,BEARISH,2019-02-20 12:13:00,2019-02-20 12:14:00,7057.0,D1-20190219-BEARISH,STOP,7066.6,2019-02-20 15:48:00,MLR-TECH-ABL-001,2019-02-21 00:00:00,PREVIOUSLY_EXPOSED_WINDOW,C1_OB_FVG,M1_STRICT_PENETRATION_NO_FAVORABLE_IMPROVEMENT,STRICT_M1_LIMIT_PENETRATION,FILLED,0,0.0,-9.6,-0.6575342465753424657534246575,3.566666666666667,TECHNICAL_ONLY_ABLATION,-14.6,-1,LOSS_1R,QRP-MACRO-LIQUIDITY-REVERSAL-001,0,14.6,NORMALIZED_MEDIUM_COST,D1-20190219-BEARISH-M15-C1_OB_FVG-FVG-002095-OB-000373,1.0,2,7066.6,M15_C1_OB_FVG,1.5,7035.10,M15
7057.0,7070.6,False,245,OB,7056.9,7064.6,4,FVG-002095|OB-000373,7056.9,7057.1,7052.5,7075.1,HYPOTHETICAL_SCENARIO_NOT_BROKER_FACT,2019-02-19 00:00:00,2019-02-20 12:00:00,BEARISH,2019-02-20 12:13:00,2019-02-20 12:14:00,7057.0,D1-20190219-BEARISH,STOP,7070.6,2019-02-20 16:18:00,MLR-TECH-ABL-001,2019-02-21 00:00:00,PREVIOUSLY_EXPOSED_WINDOW,C1_OB_FVG,M1_STRICT_PENETRATION_NO_FAVORABLE_IMPROVEMENT,STRICT_M1_LIMIT_PENETRATION,FILLED,0,0.00,-13.6,-0.5112781954887218045112781955,4.066666666666666,TECHNICAL_ONLY_ABLATION,-26.60,-1.0,LOSS_1R,QRP-MACRO-LIQUIDITY-REVERSAL-001,0,26.6,NORMALIZED_HIGH_COST,D1-20190219-BEARISH-M15-C1_OB_FVG-FVG-002095-OB-000373,3.0,6,7070.6,M15_C1_OB_FVG,1.5,7017.10,M15
7911.6,7928.0,False,51,OB,7911.3,7927.0,1.0,FVG-002377|OB-000435,7911.3,7911.9,7910.85,7928.75,HYPOTHETICAL_SCENARIO_NOT_BROKER_FACT,2019-07-11 00:00:00,2019-07-12 17:45:00,BEARISH,2019-07-12 18:11:00,2019-07-12 18:12:00,7911.6,D1-20190711-BEARISH,STOP,7928.0,2019-07-12 19:02:00,MLR-TECH-ABL-001,2019-07-13 00:00:00,PREVIOUSLY_EXPOSED_WINDOW,C1_OB_FVG,M1_STRICT_PENETRATION_NO_FAVORABLE_IMPROVEMENT,STRICT_M1_LIMIT_PENETRATION,FILLED,0,0,-16.4,-0.8677248677248677248677248677,0.8333333333333334,TECHNICAL_ONLY_ABLATION,-18.90,-1,LOSS_1R,QRP-MACRO-LIQUIDITY-REVERSAL-001,0,18.90,NORMALIZED_LOW_COST,D1-20190711-BEARISH-M15-C1_OB_FVG-FVG-002377-OB-000435,0.50,1,7928.0,M15_C1_OB_FVG,1.5,7883.250,M15
7911.6,7929.0,False,52,OB,7911.3,7927.0,2,FVG-002377|OB-000435,7911.3,7911.9,7910.1,7930.5,HYPOTHETICAL_SCENARIO_NOT_BROKER_FACT,2019-07-11 00:00:00,2019-07-12 17:45:00,BEARISH,2019-07-12 18:11:00,2019-07-12 18:12:00,7911.6,D1-20190711-BEARISH,STOP,7929.0,2019-07-12 19:03:00,MLR-TECH-ABL-001,2019-07-13 00:00:00,PREVIOUSLY_EXPOSED_WINDOW,C1_OB_FVG,M1_STRICT_PENETRATION_NO_FAVORABLE_IMPROVEMENT,STRICT_M1_LIMIT_PENETRATION,FILLED,0,0.0,-17.4,-0.7767857142857142857142857143,0.85,TECHNICAL_ONLY_ABLATION,-22.4,-1,LOSS_1R,QRP-MACRO-LIQUIDITY-REVERSAL-001,0,22.4,NORMALIZED_MEDIUM_COST,D1-20190711-BEARISH-M15-C1_OB_FVG-FVG-002377-OB-000435,1.0,2,7929.0,M15_C1_OB_FVG,1.5,7878.00,M15
7911.6,7933.0,False,56,OB,7911.3,7927.0,4,FVG-002377|OB-000435,7911.3,7911.9,7907.1,7937.5,HYPOTHETICAL_SCENARIO_NOT_BROKER_FACT,2019-07-11 00:00:00,2019-07-12 17:45:00,BEARISH,2019-07-12 18:11:00,2019-07-12 18:12:00,7911.6,D1-20190711-BEARISH,STOP,7933.0,2019-07-12 19:07:00,MLR-TECH-ABL-001,2019-07-13 00:00:00,PREVIOUSLY_EXPOSED_WINDOW,C1_OB_FVG,M1_STRICT_PENETRATION_NO_FAVORABLE_IMPROVEMENT,STRICT_M1_LIMIT_PENETRATION,FILLED,0,0.00,-21.4,-0.6220930232558139534883720930,0.9166666666666666,TECHNICAL_ONLY_ABLATION,-34.40,-1.0,LOSS_1R,QRP-MACRO-LIQUIDITY-REVERSAL-001,0,34.4,NORMALIZED_HIGH_COST,D1-20190711-BEARISH-M15-C1_OB_FVG-FVG-002377-OB-000435,3.0,6,7933.0,M15_C1_OB_FVG,1.5,7860.00,M15
,,False,0,OB,7503.5,7508.1,0,FVG-002494|OB-000455,7507.2,7507.6,,,HYPOTHETICAL_SCENARIO_NOT_BROKER_FACT,2019-08-15 00:00:00,2019-08-16 04:00:00,BULLISH,,,,D1-20190815-BULLISH,MIDPOINT_NOT_STRICTLY_PENETRATED,,,MLR-TECH-ABL-001,2019-08-17 00:00:00,PREVIOUSLY_EXPOSED_WINDOW,C1_OB_FVG,M1_PATH,MIDPOINT_NOT_STRICTLY_PENETRATED,NO_FILL,0,0,,,,TECHNICAL_ONLY_ABLATION,,,NO_FILL,QRP-MACRO-LIQUIDITY-REVERSAL-001,0,,NORMALIZED_LOW_COST,D1-20190815-BULLISH-M15-C1_OB_FVG-FVG-002494-OB-000455,0,0,,M15_C1_OB_FVG,1.5,,M15
,,False,0,OB,7503.5,7508.1,0,FVG-002494|OB-000455,7507.2,7507.6,,,HYPOTHETICAL_SCENARIO_NOT_BROKER_FACT,2019-08-15 00:00:00,2019-08-16 04:00:00,BULLISH,,,,D1-20190815-BULLISH,MIDPOINT_NOT_STRICTLY_PENETRATED,,,MLR-TECH-ABL-001,2019-08-17 00:00:00,PREVIOUSLY_EXPOSED_WINDOW,C1_OB_FVG,M1_PATH,MIDPOINT_NOT_STRICTLY_PENETRATED,NO_FILL,0,0,,,,TECHNICAL_ONLY_ABLATION,,,NO_FILL,QRP-MACRO-LIQUIDITY-REVERSAL-001,0,,NORMALIZED_MEDIUM_COST,D1-20190815-BULLISH-M15-C1_OB_FVG-FVG-002494-OB-000455,0,0,,M15_C1_OB_FVG,1.5,,M15
,,False,0,OB,7503.5,7508.1,0,FVG-002494|OB-000455,7507.2,7507.6,,,HYPOTHETICAL_SCENARIO_NOT_BROKER_FACT,2019-08-15 00:00:00,2019-08-16 04:00:00,BULLISH,,,,D1-20190815-BULLISH,MIDPOINT_NOT_STRICTLY_PENETRATED,,,MLR-TECH-ABL-001,2019-08-17 00:00:00,PREVIOUSLY_EXPOSED_WINDOW,C1_OB_FVG,M1_PATH,MIDPOINT_NOT_STRICTLY_PENETRATED,NO_FILL,0,0,,,,TECHNICAL_ONLY_ABLATION,,,NO_FILL,QRP-MACRO-LIQUIDITY-REVERSAL-001,0,,NORMALIZED_HIGH_COST,D1-20190815-BULLISH-M15-C1_OB_FVG-FVG-002494-OB-000455,0,0,,M15_C1_OB_FVG,1.5,,M15
,,False,0,OB,7876.4,7885.3,0,FVG-002705|OB-000503,7876.4,7877.9,,,HYPOTHETICAL_SCENARIO_NOT_BROKER_FACT,2019-09-06 00:00:00,2019-09-09 17:00:00,BEARISH,,,,D1-20190906-BEARISH,OB_MITIGATED_BEFORE_MIDPOINT,,,MLR-TECH-ABL-001,2019-09-10 00:00:00,PREVIOUSLY_EXPOSED_WINDOW,C1_OB_FVG,M1_BLOCK_TOUCH,OB_MITIGATED_BEFORE_MIDPOINT,NO_FILL,0,0,,,,TECHNICAL_ONLY_ABLATION,,,NO_FILL,QRP-MACRO-LIQUIDITY-REVERSAL-001,0,,NORMALIZED_LOW_COST,D1-20190906-BEARISH-M15-C1_OB_FVG-FVG-002705-OB-000503,0,0,,M15_C1_OB_FVG,1.5,,M15
,,False,0,OB,7876.4,7885.3,0,FVG-002705|OB-000503,7876.4,7877.9,,,HYPOTHETICAL_SCENARIO_NOT_BROKER_FACT,2019-09-06 00:00:00,2019-09-09 17:00:00,BEARISH,,,,D1-20190906-BEARISH,OB_MITIGATED_BEFORE_MIDPOINT,,,MLR-TECH-ABL-001,2019-09-10 00:00:00,PREVIOUSLY_EXPOSED_WINDOW,C1_OB_FVG,M1_BLOCK_TOUCH,OB_MITIGATED_BEFORE_MIDPOINT,NO_FILL,0,0,,,,TECHNICAL_ONLY_ABLATION,,,NO_FILL,QRP-MACRO-LIQUIDITY-REVERSAL-001,0,,NORMALIZED_MEDIUM_COST,D1-20190906-BEARISH-M15-C1_OB_FVG-FVG-002705-OB-000503,0,0,,M15_C1_OB_FVG,1.5,,M15
,,False,0,OB,7876.4,7885.3,0,FVG-002705|OB-000503,7876.4,7877.9,,,HYPOTHETICAL_SCENARIO_NOT_BROKER_FACT,2019-09-06 00:00:00,2019-09-09 17:00:00,BEARISH,,,,D1-20190906-BEARISH,OB_MITIGATED_BEFORE_MIDPOINT,,,MLR-TECH-ABL-001,2019-09-10 00:00:00,PREVIOUSLY_EXPOSED_WINDOW,C1_OB_FVG,M1_BLOCK_TOUCH,OB_MITIGATED_BEFORE_MIDPOINT,NO_FILL,0,0,,,,TECHNICAL_ONLY_ABLATION,,,NO_FILL,QRP-MACRO-LIQUIDITY-REVERSAL-001,0,,NORMALIZED_HIGH_COST,D1-20190906-BEARISH-M15-C1_OB_FVG-FVG-002705-OB-000503,0,0,,M15_C1_OB_FVG,1.5,,M15
,,False,0,OB,8318.4,8322.1,0,FVG-002916|OB-000538,8318.4,8319.0,,,HYPOTHETICAL_SCENARIO_NOT_BROKER_FACT,2019-11-19 00:00:00,2019-11-20 03:30:00,BEARISH,,,,D1-20191119-BEARISH,OB_MITIGATED_BEFORE_MIDPOINT,,,MLR-TECH-ABL-001,2019-11-21 00:00:00,PREVIOUSLY_EXPOSED_WINDOW,C1_OB_FVG,M1_BLOCK_TOUCH,OB_MITIGATED_BEFORE_MIDPOINT,NO_FILL,0,0,,,,TECHNICAL_ONLY_ABLATION,,,NO_FILL,QRP-MACRO-LIQUIDITY-REVERSAL-001,0,,NORMALIZED_LOW_COST,D1-20191119-BEARISH-M15-C1_OB_FVG-FVG-002916-OB-000538,0,0,,M15_C1_OB_FVG,1.5,,M15
,,False,0,OB,8318.4,8322.1,0,FVG-002916|OB-000538,8318.4,8319.0,,,HYPOTHETICAL_SCENARIO_NOT_BROKER_FACT,2019-11-19 00:00:00,2019-11-20 03:30:00,BEARISH,,,,D1-20191119-BEARISH,OB_MITIGATED_BEFORE_MIDPOINT,,,MLR-TECH-ABL-001,2019-11-21 00:00:00,PREVIOUSLY_EXPOSED_WINDOW,C1_OB_FVG,M1_BLOCK_TOUCH,OB_MITIGATED_BEFORE_MIDPOINT,NO_FILL,0,0,,,,TECHNICAL_ONLY_ABLATION,,,NO_FILL,QRP-MACRO-LIQUIDITY-REVERSAL-001,0,,NORMALIZED_MEDIUM_COST,D1-20191119-BEARISH-M15-C1_OB_FVG-FVG-002916-OB-000538,0,0,,M15_C1_OB_FVG,1.5,,M15
,,False,0,OB,8318.4,8322.1,0,FVG-002916|OB-000538,8318.4,8319.0,,,HYPOTHETICAL_SCENARIO_NOT_BROKER_FACT,2019-11-19 00:00:00,2019-11-20 03:30:00,BEARISH,,,,D1-20191119-BEARISH,OB_MITIGATED_BEFORE_MIDPOINT,,,MLR-TECH-ABL-001,2019-11-21 00:00:00,PREVIOUSLY_EXPOSED_WINDOW,C1_OB_FVG,M1_BLOCK_TOUCH,OB_MITIGATED_BEFORE_MIDPOINT,NO_FILL,0,0,,,,TECHNICAL_ONLY_ABLATION,,,NO_FILL,QRP-MACRO-LIQUIDITY-REVERSAL-001,0,,NORMALIZED_HIGH_COST,D1-20191119-BEARISH-M15-C1_OB_FVG-FVG-002916-OB-000538,0,0,,M15_C1_OB_FVG,1.5,,M15
8579.45,8582.9,False,1,OB,8578.9,8581.9,1.0,FVG-003400|OB-000626,8578.9,8580.0,8578.70,8583.65,HYPOTHETICAL_SCENARIO_NOT_BROKER_FACT,2019-12-17 00:00:00,2019-12-18 08:30:00,BEARISH,2019-12-18 10:00:00,2019-12-18 10:01:00,8579.45,D1-20191217-BEARISH,ENTRY_BAR_STOP_ADVERSE,8582.9,2019-12-18 10:01:00,MLR-TECH-ABL-001,2019-12-19 00:00:00,PREVIOUSLY_EXPOSED_WINDOW,C1_OB_FVG,M1_STRICT_PENETRATION_NO_FAVORABLE_IMPROVEMENT,STRICT_M1_LIMIT_PENETRATION,FILLED,0,0,-3.45,-0.5798319327731092436974789916,0.0,TECHNICAL_ONLY_ABLATION,-5.95,-1,LOSS_1R,QRP-MACRO-LIQUIDITY-REVERSAL-001,0,5.95,NORMALIZED_LOW_COST,D1-20191217-BEARISH-M15-C1_OB_FVG-FVG-003400-OB-000626,0.50,1,8582.9,M15_C1_OB_FVG,1.5,8570.525,M15
8579.45,8583.9,False,11,OB,8578.9,8581.9,2,FVG-003400|OB-000626,8578.9,8580.0,8577.95,8585.4,HYPOTHETICAL_SCENARIO_NOT_BROKER_FACT,2019-12-17 00:00:00,2019-12-18 08:30:00,BEARISH,2019-12-18 10:00:00,2019-12-18 10:01:00,8579.45,D1-20191217-BEARISH,STOP,8583.9,2019-12-18 10:11:00,MLR-TECH-ABL-001,2019-12-19 00:00:00,PREVIOUSLY_EXPOSED_WINDOW,C1_OB_FVG,M1_STRICT_PENETRATION_NO_FAVORABLE_IMPROVEMENT,STRICT_M1_LIMIT_PENETRATION,FILLED,0,0.0,-4.45,-0.4708994708994708994708994709,0.16666666666666666,TECHNICAL_ONLY_ABLATION,-9.45,-1,LOSS_1R,QRP-MACRO-LIQUIDITY-REVERSAL-001,0,9.45,NORMALIZED_MEDIUM_COST,D1-20191217-BEARISH-M15-C1_OB_FVG-FVG-003400-OB-000626,1.0,2,8583.9,M15_C1_OB_FVG,1.5,8565.275,M15
8579.45,8587.9,False,87,OB,8578.9,8581.9,4,FVG-003400|OB-000626,8578.9,8580.0,8574.95,8592.4,HYPOTHETICAL_SCENARIO_NOT_BROKER_FACT,2019-12-17 00:00:00,2019-12-18 08:30:00,BEARISH,2019-12-18 10:00:00,2019-12-18 10:01:00,8579.45,D1-20191217-BEARISH,STOP,8587.9,2019-12-18 11:27:00,MLR-TECH-ABL-001,2019-12-19 00:00:00,PREVIOUSLY_EXPOSED_WINDOW,C1_OB_FVG,M1_STRICT_PENETRATION_NO_FAVORABLE_IMPROVEMENT,STRICT_M1_LIMIT_PENETRATION,FILLED,0,0.00,-8.45,-0.3939393939393939393939393939,1.4333333333333333,TECHNICAL_ONLY_ABLATION,-21.45,-1,LOSS_1R,QRP-MACRO-LIQUIDITY-REVERSAL-001,0,21.45,NORMALIZED_HIGH_COST,D1-20191217-BEARISH-M15-C1_OB_FVG-FVG-003400-OB-000626,3.0,6,8587.9,M15_C1_OB_FVG,1.5,8547.275,M15
,,False,0,OB,9090.6,9105.0,0,FVG-003924|OB-000726,9100.0,9105.0,,,HYPOTHETICAL_SCENARIO_NOT_BROKER_FACT,2020-01-29 00:00:00,2020-01-30 04:30:00,BEARISH,,,,D1-20200129-BEARISH,OB_MITIGATED_BEFORE_MIDPOINT,,,MLR-TECH-ABL-001,2020-01-31 00:00:00,PREVIOUSLY_EXPOSED_WINDOW,C1_OB_FVG,M1_BLOCK_TOUCH,OB_MITIGATED_BEFORE_MIDPOINT,NO_FILL,0,0,,,,TECHNICAL_ONLY_ABLATION,,,NO_FILL,QRP-MACRO-LIQUIDITY-REVERSAL-001,0,,NORMALIZED_LOW_COST,D1-20200129-BEARISH-M15-C1_OB_FVG-FVG-003924-OB-000726,0,0,,M15_C1_OB_FVG,1.5,,M15
,,False,0,OB,9090.6,9105.0,0,FVG-003924|OB-000726,9100.0,9105.0,,,HYPOTHETICAL_SCENARIO_NOT_BROKER_FACT,2020-01-29 00:00:00,2020-01-30 04:30:00,BEARISH,,,,D1-20200129-BEARISH,OB_MITIGATED_BEFORE_MIDPOINT,,,MLR-TECH-ABL-001,2020-01-31 00:00:00,PREVIOUSLY_EXPOSED_WINDOW,C1_OB_FVG,M1_BLOCK_TOUCH,OB_MITIGATED_BEFORE_MIDPOINT,NO_FILL,0,0,,,,TECHNICAL_ONLY_ABLATION,,,NO_FILL,QRP-MACRO-LIQUIDITY-REVERSAL-001,0,,NORMALIZED_MEDIUM_COST,D1-20200129-BEARISH-M15-C1_OB_FVG-FVG-003924-OB-000726,0,0,,M15_C1_OB_FVG,1.5,,M15
,,False,0,OB,9090.6,9105.0,0,FVG-003924|OB-000726,9100.0,9105.0,,,HYPOTHETICAL_SCENARIO_NOT_BROKER_FACT,2020-01-29 00:00:00,2020-01-30 04:30:00,BEARISH,,,,D1-20200129-BEARISH,OB_MITIGATED_BEFORE_MIDPOINT,,,MLR-TECH-ABL-001,2020-01-31 00:00:00,PREVIOUSLY_EXPOSED_WINDOW,C1_OB_FVG,M1_BLOCK_TOUCH,OB_MITIGATED_BEFORE_MIDPOINT,NO_FILL,0,0,,,,TECHNICAL_ONLY_ABLATION,,,NO_FILL,QRP-MACRO-LIQUIDITY-REVERSAL-001,0,,NORMALIZED_HIGH_COST,D1-20200129-BEARISH-M15-C1_OB_FVG-FVG-003924-OB-000726,0,0,,M15_C1_OB_FVG,1.5,,M15
,,False,0,OB,9635.4,9641.4,0,FVG-004161|OB-000766,9635.5,9637.0,,,HYPOTHETICAL_SCENARIO_NOT_BROKER_FACT,2020-02-13 00:00:00,2020-02-14 15:45:00,BEARISH,,,,D1-20200213-BEARISH,MIDPOINT_NOT_STRICTLY_PENETRATED,,,MLR-TECH-ABL-001,2020-02-15 00:00:00,PREVIOUSLY_EXPOSED_WINDOW,C1_OB_FVG,M1_PATH,MIDPOINT_NOT_STRICTLY_PENETRATED,NO_FILL,0,0,,,,TECHNICAL_ONLY_ABLATION,,,NO_FILL,QRP-MACRO-LIQUIDITY-REVERSAL-001,0,,NORMALIZED_LOW_COST,D1-20200213-BEARISH-M15-C1_OB_FVG-FVG-004161-OB-000766,0,0,,M15_C1_OB_FVG,1.5,,M15
,,False,0,OB,9635.4,9641.4,0,FVG-004161|OB-000766,9635.5,9637.0,,,HYPOTHETICAL_SCENARIO_NOT_BROKER_FACT,2020-02-13 00:00:00,2020-02-14 15:45:00,BEARISH,,,,D1-20200213-BEARISH,MIDPOINT_NOT_STRICTLY_PENETRATED,,,MLR-TECH-ABL-001,2020-02-15 00:00:00,PREVIOUSLY_EXPOSED_WINDOW,C1_OB_FVG,M1_PATH,MIDPOINT_NOT_STRICTLY_PENETRATED,NO_FILL,0,0,,,,TECHNICAL_ONLY_ABLATION,,,NO_FILL,QRP-MACRO-LIQUIDITY-REVERSAL-001,0,,NORMALIZED_MEDIUM_COST,D1-20200213-BEARISH-M15-C1_OB_FVG-FVG-004161-OB-000766,0,0,,M15_C1_OB_FVG,1.5,,M15
,,False,0,OB,9635.4,9641.4,0,FVG-004161|OB-000766,9635.5,9637.0,,,HYPOTHETICAL_SCENARIO_NOT_BROKER_FACT,2020-02-13 00:00:00,2020-02-14 15:45:00,BEARISH,,,,D1-20200213-BEARISH,MIDPOINT_NOT_STRICTLY_PENETRATED,,,MLR-TECH-ABL-001,2020-02-15 00:00:00,PREVIOUSLY_EXPOSED_WINDOW,C1_OB_FVG,M1_PATH,MIDPOINT_NOT_STRICTLY_PENETRATED,NO_FILL,0,0,,,,TECHNICAL_ONLY_ABLATION,,,NO_FILL,QRP-MACRO-LIQUIDITY-REVERSAL-001,0,,NORMALIZED_HIGH_COST,D1-20200213-BEARISH-M15-C1_OB_FVG-FVG-004161-OB-000766,0,0,,M15_C1_OB_FVG,1.5,,M15
10876.55,10879.3,False,3,OB,10870.7,10878.3,1.0,FVG-004800|OB-000894,10874.8,10878.3,10875.80,10880.05,HYPOTHETICAL_SCENARIO_NOT_BROKER_FACT,2020-07-21 00:00:00,2020-07-22 10:45:00,BEARISH,2020-07-22 13:20:00,2020-07-22 13:21:00,10876.55,D1-20200721-BEARISH,STOP,10879.3,2020-07-22 13:23:00,MLR-TECH-ABL-001,2020-07-23 00:00:00,PREVIOUSLY_EXPOSED_WINDOW,C1_OB_FVG,M1_STRICT_PENETRATION_NO_FAVORABLE_IMPROVEMENT,STRICT_M1_LIMIT_PENETRATION,FILLED,0,0,-2.75,-0.5238095238095238095238095238,0.03333333333333333,TECHNICAL_ONLY_ABLATION,-5.25,-1,LOSS_1R,QRP-MACRO-LIQUIDITY-REVERSAL-001,0,5.25,NORMALIZED_LOW_COST,D1-20200721-BEARISH-M15-C1_OB_FVG-FVG-004800-OB-000894,0.50,1,10879.3,M15_C1_OB_FVG,1.5,10868.675,M15
10876.55,10863.425,False,19,OB,10870.7,10878.3,2,FVG-004800|OB-000894,10874.8,10878.3,10875.05,10864.925,HYPOTHETICAL_SCENARIO_NOT_BROKER_FACT,2020-07-21 00:00:00,2020-07-22 10:45:00,BEARISH,2020-07-22 13:20:00,2020-07-22 13:21:00,10876.55,D1-20200721-BEARISH,TARGET_1_5R,10863.425,2020-07-22 13:39:00,MLR-TECH-ABL-001,2020-07-23 00:00:00,PREVIOUSLY_EXPOSED_WINDOW,C1_OB_FVG,M1_STRICT_PENETRATION_NO_FAVORABLE_IMPROVEMENT,STRICT_M1_LIMIT_PENETRATION,FILLED,0,0.0,13.125,1.5,0.3,TECHNICAL_ONLY_ABLATION,8.125,0.9285714285714285714285714286,WIN_TARGET_1_5R,QRP-MACRO-LIQUIDITY-REVERSAL-001,0,8.75,NORMALIZED_MEDIUM_COST,D1-20200721-BEARISH-M15-C1_OB_FVG-FVG-004800-OB-000894,1.0,2,10880.3,M15_C1_OB_FVG,1.5,10863.425,M15
10876.55,10884.3,False,37,OB,10870.7,10878.3,4,FVG-004800|OB-000894,10874.8,10878.3,10872.05,10888.8,HYPOTHETICAL_SCENARIO_NOT_BROKER_FACT,2020-07-21 00:00:00,2020-07-22 10:45:00,BEARISH,2020-07-22 13:20:00,2020-07-22 13:21:00,10876.55,D1-20200721-BEARISH,STOP,10884.3,2020-07-22 13:57:00,MLR-TECH-ABL-001,2020-07-23 00:00:00,PREVIOUSLY_EXPOSED_WINDOW,C1_OB_FVG,M1_STRICT_PENETRATION_NO_FAVORABLE_IMPROVEMENT,STRICT_M1_LIMIT_PENETRATION,FILLED,0,0.00,-7.75,-0.3734939759036144578313253012,0.6,TECHNICAL_ONLY_ABLATION,-20.75,-1,LOSS_1R,QRP-MACRO-LIQUIDITY-REVERSAL-001,0,20.75,NORMALIZED_HIGH_COST,D1-20200721-BEARISH-M15-C1_OB_FVG-FVG-004800-OB-000894,3.0,6,10884.3,M15_C1_OB_FVG,1.5,10845.425,M15
,,False,0,OB,11162.0,11210.6,0,FVG-004949|OB-000929,11175.6,11180.5,,,HYPOTHETICAL_SCENARIO_NOT_BROKER_FACT,2020-08-13 00:00:00,2020-08-14 17:30:00,BEARISH,,,,D1-20200813-BEARISH,OB_MITIGATED_BEFORE_MIDPOINT,,,MLR-TECH-ABL-001,2020-08-15 00:00:00,PREVIOUSLY_EXPOSED_WINDOW,C1_OB_FVG,M1_BLOCK_TOUCH,OB_MITIGATED_BEFORE_MIDPOINT,NO_FILL,0,0,,,,TECHNICAL_ONLY_ABLATION,,,NO_FILL,QRP-MACRO-LIQUIDITY-REVERSAL-001,0,,NORMALIZED_LOW_COST,D1-20200813-BEARISH-M15-C1_OB_FVG-FVG-004949-OB-000929,0,0,,M15_C1_OB_FVG,1.5,,M15
,,False,0,OB,11162.0,11210.6,0,FVG-004949|OB-000929,11175.6,11180.5,,,HYPOTHETICAL_SCENARIO_NOT_BROKER_FACT,2020-08-13 00:00:00,2020-08-14 17:30:00,BEARISH,,,,D1-20200813-BEARISH,OB_MITIGATED_BEFORE_MIDPOINT,,,MLR-TECH-ABL-001,2020-08-15 00:00:00,PREVIOUSLY_EXPOSED_WINDOW,C1_OB_FVG,M1_BLOCK_TOUCH,OB_MITIGATED_BEFORE_MIDPOINT,NO_FILL,0,0,,,,TECHNICAL_ONLY_ABLATION,,,NO_FILL,QRP-MACRO-LIQUIDITY-REVERSAL-001,0,,NORMALIZED_MEDIUM_COST,D1-20200813-BEARISH-M15-C1_OB_FVG-FVG-004949-OB-000929,0,0,,M15_C1_OB_FVG,1.5,,M15
,,False,0,OB,11162.0,11210.6,0,FVG-004949|OB-000929,11175.6,11180.5,,,HYPOTHETICAL_SCENARIO_NOT_BROKER_FACT,2020-08-13 00:00:00,2020-08-14 17:30:00,BEARISH,,,,D1-20200813-BEARISH,OB_MITIGATED_BEFORE_MIDPOINT,,,MLR-TECH-ABL-001,2020-08-15 00:00:00,PREVIOUSLY_EXPOSED_WINDOW,C1_OB_FVG,M1_BLOCK_TOUCH,OB_MITIGATED_BEFORE_MIDPOINT,NO_FILL,0,0,,,,TECHNICAL_ONLY_ABLATION,,,NO_FILL,QRP-MACRO-LIQUIDITY-REVERSAL-001,0,,NORMALIZED_HIGH_COST,D1-20200813-BEARISH-M15-C1_OB_FVG-FVG-004949-OB-000929,0,0,,M15_C1_OB_FVG,1.5,,M15
,,False,0,OB,12130.5,12144.9,0,FVG-005139|OB-000964,12141.5,12144.9,,,HYPOTHETICAL_SCENARIO_NOT_BROKER_FACT,2020-10-13 00:00:00,2020-10-14 13:15:00,BEARISH,,,,D1-20201013-BEARISH,OB_MITIGATED_BEFORE_MIDPOINT,,,MLR-TECH-ABL-001,2020-10-15 00:00:00,PREVIOUSLY_EXPOSED_WINDOW,C1_OB_FVG,M1_BLOCK_TOUCH,OB_MITIGATED_BEFORE_MIDPOINT,NO_FILL,0,0,,,,TECHNICAL_ONLY_ABLATION,,,NO_FILL,QRP-MACRO-LIQUIDITY-REVERSAL-001,0,,NORMALIZED_LOW_COST,D1-20201013-BEARISH-M15-C1_OB_FVG-FVG-005139-OB-000964,0,0,,M15_C1_OB_FVG,1.5,,M15
,,False,0,OB,12130.5,12144.9,0,FVG-005139|OB-000964,12141.5,12144.9,,,HYPOTHETICAL_SCENARIO_NOT_BROKER_FACT,2020-10-13 00:00:00,2020-10-14 13:15:00,BEARISH,,,,D1-20201013-BEARISH,OB_MITIGATED_BEFORE_MIDPOINT,,,MLR-TECH-ABL-001,2020-10-15 00:00:00,PREVIOUSLY_EXPOSED_WINDOW,C1_OB_FVG,M1_BLOCK_TOUCH,OB_MITIGATED_BEFORE_MIDPOINT,NO_FILL,0,0,,,,TECHNICAL_ONLY_ABLATION,,,NO_FILL,QRP-MACRO-LIQUIDITY-REVERSAL-001,0,,NORMALIZED_MEDIUM_COST,D1-20201013-BEARISH-M15-C1_OB_FVG-FVG-005139-OB-000964,0,0,,M15_C1_OB_FVG,1.5,,M15
,,False,0,OB,12130.5,12144.9,0,FVG-005139|OB-000964,12141.5,12144.9,,,HYPOTHETICAL_SCENARIO_NOT_BROKER_FACT,2020-10-13 00:00:00,2020-10-14 13:15:00,BEARISH,,,,D1-20201013-BEARISH,OB_MITIGATED_BEFORE_MIDPOINT,,,MLR-TECH-ABL-001,2020-10-15 00:00:00,PREVIOUSLY_EXPOSED_WINDOW,C1_OB_FVG,M1_BLOCK_TOUCH,OB_MITIGATED_BEFORE_MIDPOINT,NO_FILL,0,0,,,,TECHNICAL_ONLY_ABLATION,,,NO_FILL,QRP-MACRO-LIQUIDITY-REVERSAL-001,0,,NORMALIZED_HIGH_COST,D1-20201013-BEARISH-M15-C1_OB_FVG-FVG-005139-OB-000964,0,0,,M15_C1_OB_FVG,1.5,,M15
12576.65,12651.1,False,75,OB,12575.8,12650.1,1.0,FVG-005666|OB-001064,12575.8,12577.5,12575.90,12651.85,HYPOTHETICAL_SCENARIO_NOT_BROKER_FACT,2020-12-18 00:00:00,2020-12-21 17:15:00,BEARISH,2020-12-21 18:37:00,2020-12-21 18:38:00,12576.65,D1-20201218-BEARISH,STOP,12651.1,2020-12-21 19:52:00,MLR-TECH-ABL-001,2020-12-22 00:00:00,PREVIOUSLY_EXPOSED_WINDOW,C1_OB_FVG,M1_STRICT_PENETRATION_NO_FAVORABLE_IMPROVEMENT,STRICT_M1_LIMIT_PENETRATION,FILLED,0,0,-74.45,-0.9675113710201429499675113710,1.2333333333333334,TECHNICAL_ONLY_ABLATION,-76.95,-1,LOSS_1R,QRP-MACRO-LIQUIDITY-REVERSAL-001,0,76.95,NORMALIZED_LOW_COST,D1-20201218-BEARISH-M15-C1_OB_FVG-FVG-005666-OB-001064,0.50,1,12651.1,M15_C1_OB_FVG,1.5,12461.225,M15
12576.65,12652.1,False,75,OB,12575.8,12650.1,2,FVG-005666|OB-001064,12575.8,12577.5,12575.15,12653.6,HYPOTHETICAL_SCENARIO_NOT_BROKER_FACT,2020-12-18 00:00:00,2020-12-21 17:15:00,BEARISH,2020-12-21 18:37:00,2020-12-21 18:38:00,12576.65,D1-20201218-BEARISH,STOP,12652.1,2020-12-21 19:52:00,MLR-TECH-ABL-001,2020-12-22 00:00:00,PREVIOUSLY_EXPOSED_WINDOW,C1_OB_FVG,M1_STRICT_PENETRATION_NO_FAVORABLE_IMPROVEMENT,STRICT_M1_LIMIT_PENETRATION,FILLED,0,0.0,-75.45,-0.9378495960223741454319453076,1.2333333333333334,TECHNICAL_ONLY_ABLATION,-80.45,-1,LOSS_1R,QRP-MACRO-LIQUIDITY-REVERSAL-001,0,80.45,NORMALIZED_MEDIUM_COST,D1-20201218-BEARISH-M15-C1_OB_FVG-FVG-005666-OB-001064,1.0,2,12652.1,M15_C1_OB_FVG,1.5,12455.975,M15
12576.65,12656.1,False,76,OB,12575.8,12650.1,4,FVG-005666|OB-001064,12575.8,12577.5,12572.15,12660.6,HYPOTHETICAL_SCENARIO_NOT_BROKER_FACT,2020-12-18 00:00:00,2020-12-21 17:15:00,BEARISH,2020-12-21 18:37:00,2020-12-21 18:38:00,12576.65,D1-20201218-BEARISH,STOP,12656.1,2020-12-21 19:53:00,MLR-TECH-ABL-001,2020-12-22 00:00:00,PREVIOUSLY_EXPOSED_WINDOW,C1_OB_FVG,M1_STRICT_PENETRATION_NO_FAVORABLE_IMPROVEMENT,STRICT_M1_LIMIT_PENETRATION,FILLED,0,0.00,-79.45,-0.8593834505137912385073012439,1.25,TECHNICAL_ONLY_ABLATION,-92.45,-1,LOSS_1R,QRP-MACRO-LIQUIDITY-REVERSAL-001,0,92.45,NORMALIZED_HIGH_COST,D1-20201218-BEARISH-M15-C1_OB_FVG-FVG-005666-OB-001064,3.0,6,12656.1,M15_C1_OB_FVG,1.5,12437.975,M15
16542.1,16526.500,False,2,OB,16540.1,16549.0,1.0,FVG-006706|OB-001255,16540.5,16543.7,16541.35,16527.250,HYPOTHETICAL_SCENARIO_NOT_BROKER_FACT,2021-12-28 00:00:00,2021-12-29 13:15:00,BEARISH,2021-12-29 16:31:00,2021-12-29 16:32:00,16542.1,D1-20211228-BEARISH,TARGET_1_5R,16526.500,2021-12-29 16:33:00,MLR-TECH-ABL-001,2021-12-30 00:00:00,PREVIOUSLY_EXPOSED_WINDOW,C1_OB_FVG,M1_STRICT_PENETRATION_NO_FAVORABLE_IMPROVEMENT,STRICT_M1_LIMIT_PENETRATION,FILLED,0,0,15.600,1.5,0.016666666666666666,TECHNICAL_ONLY_ABLATION,13.100,1.259615384615384615384615385,WIN_TARGET_1_5R,QRP-MACRO-LIQUIDITY-REVERSAL-001,0,10.40,NORMALIZED_LOW_COST,D1-20211228-BEARISH-M15-C1_OB_FVG-FVG-006706-OB-001255,0.50,1,16550.0,M15_C1_OB_FVG,1.5,16526.500,M15
16542.1,16521.25,False,2,OB,16540.1,16549.0,2,FVG-006706|OB-001255,16540.5,16543.7,16540.6,16522.75,HYPOTHETICAL_SCENARIO_NOT_BROKER_FACT,2021-12-28 00:00:00,2021-12-29 13:15:00,BEARISH,2021-12-29 16:31:00,2021-12-29 16:32:00,16542.1,D1-20211228-BEARISH,TARGET_1_5R,16521.25,2021-12-29 16:33:00,MLR-TECH-ABL-001,2021-12-30 00:00:00,PREVIOUSLY_EXPOSED_WINDOW,C1_OB_FVG,M1_STRICT_PENETRATION_NO_FAVORABLE_IMPROVEMENT,STRICT_M1_LIMIT_PENETRATION,FILLED,0,0.0,20.85,1.5,0.016666666666666666,TECHNICAL_ONLY_ABLATION,15.85,1.140287769784172661870503597,WIN_TARGET_1_5R,QRP-MACRO-LIQUIDITY-REVERSAL-001,0,13.9,NORMALIZED_MEDIUM_COST,D1-20211228-BEARISH-M15-C1_OB_FVG-FVG-006706-OB-001255,1.0,2,16551.0,M15_C1_OB_FVG,1.5,16521.25,M15
16542.1,16503.25,False,7,OB,16540.1,16549.0,4,FVG-006706|OB-001255,16540.5,16543.7,16537.6,16507.75,HYPOTHETICAL_SCENARIO_NOT_BROKER_FACT,2021-12-28 00:00:00,2021-12-29 13:15:00,BEARISH,2021-12-29 16:31:00,2021-12-29 16:32:00,16542.1,D1-20211228-BEARISH,TARGET_1_5R,16503.25,2021-12-29 16:38:00,MLR-TECH-ABL-001,2021-12-30 00:00:00,PREVIOUSLY_EXPOSED_WINDOW,C1_OB_FVG,M1_STRICT_PENETRATION_NO_FAVORABLE_IMPROVEMENT,STRICT_M1_LIMIT_PENETRATION,FILLED,0,0.00,38.85,1.5,0.1,TECHNICAL_ONLY_ABLATION,25.85,0.9980694980694980694980694981,WIN_TARGET_1_5R,QRP-MACRO-LIQUIDITY-REVERSAL-001,0,25.9,NORMALIZED_HIGH_COST,D1-20211228-BEARISH-M15-C1_OB_FVG-FVG-006706-OB-001255,3.0,6,16555.0,M15_C1_OB_FVG,1.5,16503.25,M15
,,False,0,OB,13072.3,13087.0,0,FVG-007300|OB-001367,13072.3,13087.0,,,HYPOTHETICAL_SCENARIO_NOT_BROKER_FACT,2022-05-02 00:00:00,2022-05-03 05:15:00,BULLISH,,,,D1-20220502-BULLISH,OB_MITIGATED_BEFORE_MIDPOINT,,,MLR-TECH-ABL-001,2022-05-04 00:00:00,PREVIOUSLY_EXPOSED_WINDOW,C1_OB_FVG,M1_BLOCK_TOUCH,OB_MITIGATED_BEFORE_MIDPOINT,NO_FILL,0,0,,,,TECHNICAL_ONLY_ABLATION,,,NO_FILL,QRP-MACRO-LIQUIDITY-REVERSAL-001,0,,NORMALIZED_LOW_COST,D1-20220502-BULLISH-M15-C1_OB_FVG-FVG-007300-OB-001367,0,0,,M15_C1_OB_FVG,1.5,,M15
,,False,0,OB,13072.3,13087.0,0,FVG-007300|OB-001367,13072.3,13087.0,,,HYPOTHETICAL_SCENARIO_NOT_BROKER_FACT,2022-05-02 00:00:00,2022-05-03 05:15:00,BULLISH,,,,D1-20220502-BULLISH,OB_MITIGATED_BEFORE_MIDPOINT,,,MLR-TECH-ABL-001,2022-05-04 00:00:00,PREVIOUSLY_EXPOSED_WINDOW,C1_OB_FVG,M1_BLOCK_TOUCH,OB_MITIGATED_BEFORE_MIDPOINT,NO_FILL,0,0,,,,TECHNICAL_ONLY_ABLATION,,,NO_FILL,QRP-MACRO-LIQUIDITY-REVERSAL-001,0,,NORMALIZED_MEDIUM_COST,D1-20220502-BULLISH-M15-C1_OB_FVG-FVG-007300-OB-001367,0,0,,M15_C1_OB_FVG,1.5,,M15
,,False,0,OB,13072.3,13087.0,0,FVG-007300|OB-001367,13072.3,13087.0,,,HYPOTHETICAL_SCENARIO_NOT_BROKER_FACT,2022-05-02 00:00:00,2022-05-03 05:15:00,BULLISH,,,,D1-20220502-BULLISH,OB_MITIGATED_BEFORE_MIDPOINT,,,MLR-TECH-ABL-001,2022-05-04 00:00:00,PREVIOUSLY_EXPOSED_WINDOW,C1_OB_FVG,M1_BLOCK_TOUCH,OB_MITIGATED_BEFORE_MIDPOINT,NO_FILL,0,0,,,,TECHNICAL_ONLY_ABLATION,,,NO_FILL,QRP-MACRO-LIQUIDITY-REVERSAL-001,0,,NORMALIZED_HIGH_COST,D1-20220502-BULLISH-M15-C1_OB_FVG-FVG-007300-OB-001367,0,0,,M15_C1_OB_FVG,1.5,,M15
11974.55,11960.1,False,2,OB,11961.1,11988.3,1.0,FVG-007500|OB-001405,11965.2,11983.9,11975.30,11959.35,HYPOTHETICAL_SCENARIO_NOT_BROKER_FACT,2022-05-19 00:00:00,2022-05-20 10:45:00,BULLISH,2022-05-20 16:35:00,2022-05-20 16:36:00,11974.55,D1-20220519-BULLISH,STOP,11960.1,2022-05-20 16:37:00,MLR-TECH-ABL-001,2022-05-21 00:00:00,PREVIOUSLY_EXPOSED_WINDOW,C1_OB_FVG,M1_STRICT_PENETRATION_NO_FAVORABLE_IMPROVEMENT,STRICT_M1_LIMIT_PENETRATION,FILLED,0,0,-14.45,-0.8525073746312684365781710914,0.016666666666666666,TECHNICAL_ONLY_ABLATION,-16.95,-1,LOSS_1R,QRP-MACRO-LIQUIDITY-REVERSAL-001,0,16.95,NORMALIZED_LOW_COST,D1-20220519-BULLISH-M15-C1_OB_FVG-FVG-007500-OB-001405,0.50,1,11960.1,M15_C1_OB_FVG,1.5,11999.975,M15
11974.55,11959.1,False,2,OB,11961.1,11988.3,2,FVG-007500|OB-001405,11965.2,11983.9,11976.05,11957.6,HYPOTHETICAL_SCENARIO_NOT_BROKER_FACT,2022-05-19 00:00:00,2022-05-20 10:45:00,BULLISH,2022-05-20 16:35:00,2022-05-20 16:36:00,11974.55,D1-20220519-BULLISH,STOP,11959.1,2022-05-20 16:37:00,MLR-TECH-ABL-001,2022-05-21 00:00:00,PREVIOUSLY_EXPOSED_WINDOW,C1_OB_FVG,M1_STRICT_PENETRATION_NO_FAVORABLE_IMPROVEMENT,STRICT_M1_LIMIT_PENETRATION,FILLED,0,0.0,-15.45,-0.7555012224938875305623471883,0.016666666666666666,TECHNICAL_ONLY_ABLATION,-20.45,-1,LOSS_1R,QRP-MACRO-LIQUIDITY-REVERSAL-001,0,20.45,NORMALIZED_MEDIUM_COST,D1-20220519-BULLISH-M15-C1_OB_FVG-FVG-007500-OB-001405,1.0,2,11959.1,M15_C1_OB_FVG,1.5,12005.225,M15
11974.55,11955.1,False,2,OB,11961.1,11988.3,4,FVG-007500|OB-001405,11965.2,11983.9,11979.05,11950.6,HYPOTHETICAL_SCENARIO_NOT_BROKER_FACT,2022-05-19 00:00:00,2022-05-20 10:45:00,BULLISH,2022-05-20 16:35:00,2022-05-20 16:36:00,11974.55,D1-20220519-BULLISH,STOP,11955.1,2022-05-20 16:37:00,MLR-TECH-ABL-001,2022-05-21 00:00:00,PREVIOUSLY_EXPOSED_WINDOW,C1_OB_FVG,M1_STRICT_PENETRATION_NO_FAVORABLE_IMPROVEMENT,STRICT_M1_LIMIT_PENETRATION,FILLED,0,0.00,-19.45,-0.5993836671802773497688751926,0.016666666666666666,TECHNICAL_ONLY_ABLATION,-32.45,-1,LOSS_1R,QRP-MACRO-LIQUIDITY-REVERSAL-001,0,32.45,NORMALIZED_HIGH_COST,D1-20220519-BULLISH-M15-C1_OB_FVG-FVG-007500-OB-001405,3.0,6,11955.1,M15_C1_OB_FVG,1.5,12023.225,M15
,,False,0,OB,11329.0,11348.2,0,FVG-007714|OB-001442,11329.0,11333.3,,,HYPOTHETICAL_SCENARIO_NOT_BROKER_FACT,2022-06-14 00:00:00,2022-06-15 03:00:00,BULLISH,,,,D1-20220614-BULLISH,OB_MITIGATED_BEFORE_MIDPOINT,,,MLR-TECH-ABL-001,2022-06-16 00:00:00,PREVIOUSLY_EXPOSED_WINDOW,C1_OB_FVG,M1_BLOCK_TOUCH,OB_MITIGATED_BEFORE_MIDPOINT,NO_FILL,0,0,,,,TECHNICAL_ONLY_ABLATION,,,NO_FILL,QRP-MACRO-LIQUIDITY-REVERSAL-001,0,,NORMALIZED_LOW_COST,D1-20220614-BULLISH-M15-C1_OB_FVG-FVG-007714-OB-001442,0,0,,M15_C1_OB_FVG,1.5,,M15
,,False,0,OB,11329.0,11348.2,0,FVG-007714|OB-001442,11329.0,11333.3,,,HYPOTHETICAL_SCENARIO_NOT_BROKER_FACT,2022-06-14 00:00:00,2022-06-15 03:00:00,BULLISH,,,,D1-20220614-BULLISH,OB_MITIGATED_BEFORE_MIDPOINT,,,MLR-TECH-ABL-001,2022-06-16 00:00:00,PREVIOUSLY_EXPOSED_WINDOW,C1_OB_FVG,M1_BLOCK_TOUCH,OB_MITIGATED_BEFORE_MIDPOINT,NO_FILL,0,0,,,,TECHNICAL_ONLY_ABLATION,,,NO_FILL,QRP-MACRO-LIQUIDITY-REVERSAL-001,0,,NORMALIZED_MEDIUM_COST,D1-20220614-BULLISH-M15-C1_OB_FVG-FVG-007714-OB-001442,0,0,,M15_C1_OB_FVG,1.5,,M15
,,False,0,OB,11329.0,11348.2,0,FVG-007714|OB-001442,11329.0,11333.3,,,HYPOTHETICAL_SCENARIO_NOT_BROKER_FACT,2022-06-14 00:00:00,2022-06-15 03:00:00,BULLISH,,,,D1-20220614-BULLISH,OB_MITIGATED_BEFORE_MIDPOINT,,,MLR-TECH-ABL-001,2022-06-16 00:00:00,PREVIOUSLY_EXPOSED_WINDOW,C1_OB_FVG,M1_BLOCK_TOUCH,OB_MITIGATED_BEFORE_MIDPOINT,NO_FILL,0,0,,,,TECHNICAL_ONLY_ABLATION,,,NO_FILL,QRP-MACRO-LIQUIDITY-REVERSAL-001,0,,NORMALIZED_HIGH_COST,D1-20220614-BULLISH-M15-C1_OB_FVG-FVG-007714-OB-001442,0,0,,M15_C1_OB_FVG,1.5,,M15
,,False,0,OB,11732.7,11755.9,0,FVG-008376|OB-001561,11741.6,11744.9,,,HYPOTHETICAL_SCENARIO_NOT_BROKER_FACT,2022-09-16 00:00:00,2022-09-19 15:45:00,BULLISH,,,,D1-20220916-BULLISH,OB_MITIGATED_BEFORE_MIDPOINT,,,MLR-TECH-ABL-001,2022-09-20 00:00:00,PREVIOUSLY_EXPOSED_WINDOW,C1_OB_FVG,M1_BLOCK_TOUCH,OB_MITIGATED_BEFORE_MIDPOINT,NO_FILL,0,0,,,,TECHNICAL_ONLY_ABLATION,,,NO_FILL,QRP-MACRO-LIQUIDITY-REVERSAL-001,0,,NORMALIZED_LOW_COST,D1-20220916-BULLISH-M15-C1_OB_FVG-FVG-008376-OB-001561,0,0,,M15_C1_OB_FVG,1.5,,M15
,,False,0,OB,11732.7,11755.9,0,FVG-008376|OB-001561,11741.6,11744.9,,,HYPOTHETICAL_SCENARIO_NOT_BROKER_FACT,2022-09-16 00:00:00,2022-09-19 15:45:00,BULLISH,,,,D1-20220916-BULLISH,OB_MITIGATED_BEFORE_MIDPOINT,,,MLR-TECH-ABL-001,2022-09-20 00:00:00,PREVIOUSLY_EXPOSED_WINDOW,C1_OB_FVG,M1_BLOCK_TOUCH,OB_MITIGATED_BEFORE_MIDPOINT,NO_FILL,0,0,,,,TECHNICAL_ONLY_ABLATION,,,NO_FILL,QRP-MACRO-LIQUIDITY-REVERSAL-001,0,,NORMALIZED_MEDIUM_COST,D1-20220916-BULLISH-M15-C1_OB_FVG-FVG-008376-OB-001561,0,0,,M15_C1_OB_FVG,1.5,,M15
,,False,0,OB,11732.7,11755.9,0,FVG-008376|OB-001561,11741.6,11744.9,,,HYPOTHETICAL_SCENARIO_NOT_BROKER_FACT,2022-09-16 00:00:00,2022-09-19 15:45:00,BULLISH,,,,D1-20220916-BULLISH,OB_MITIGATED_BEFORE_MIDPOINT,,,MLR-TECH-ABL-001,2022-09-20 00:00:00,PREVIOUSLY_EXPOSED_WINDOW,C1_OB_FVG,M1_BLOCK_TOUCH,OB_MITIGATED_BEFORE_MIDPOINT,NO_FILL,0,0,,,,TECHNICAL_ONLY_ABLATION,,,NO_FILL,QRP-MACRO-LIQUIDITY-REVERSAL-001,0,,NORMALIZED_HIGH_COST,D1-20220916-BULLISH-M15-C1_OB_FVG-FVG-008376-OB-001561,0,0,,M15_C1_OB_FVG,1.5,,M15
,,False,0,OB,10961.2,10994.3,0,FVG-008597|OB-001610,10961.2,10975.1,,,HYPOTHETICAL_SCENARIO_NOT_BROKER_FACT,2022-10-20 00:00:00,2022-10-21 10:30:00,BULLISH,,,,D1-20221020-BULLISH,OB_MITIGATED_BEFORE_MIDPOINT,,,MLR-TECH-ABL-001,2022-10-22 00:00:00,PREVIOUSLY_EXPOSED_WINDOW,C1_OB_FVG,M1_BLOCK_TOUCH,OB_MITIGATED_BEFORE_MIDPOINT,NO_FILL,0,0,,,,TECHNICAL_ONLY_ABLATION,,,NO_FILL,QRP-MACRO-LIQUIDITY-REVERSAL-001,0,,NORMALIZED_LOW_COST,D1-20221020-BULLISH-M15-C1_OB_FVG-FVG-008597-OB-001610,0,0,,M15_C1_OB_FVG,1.5,,M15
,,False,0,OB,10961.2,10994.3,0,FVG-008597|OB-001610,10961.2,10975.1,,,HYPOTHETICAL_SCENARIO_NOT_BROKER_FACT,2022-10-20 00:00:00,2022-10-21 10:30:00,BULLISH,,,,D1-20221020-BULLISH,OB_MITIGATED_BEFORE_MIDPOINT,,,MLR-TECH-ABL-001,2022-10-22 00:00:00,PREVIOUSLY_EXPOSED_WINDOW,C1_OB_FVG,M1_BLOCK_TOUCH,OB_MITIGATED_BEFORE_MIDPOINT,NO_FILL,0,0,,,,TECHNICAL_ONLY_ABLATION,,,NO_FILL,QRP-MACRO-LIQUIDITY-REVERSAL-001,0,,NORMALIZED_MEDIUM_COST,D1-20221020-BULLISH-M15-C1_OB_FVG-FVG-008597-OB-001610,0,0,,M15_C1_OB_FVG,1.5,,M15
,,False,0,OB,10961.2,10994.3,0,FVG-008597|OB-001610,10961.2,10975.1,,,HYPOTHETICAL_SCENARIO_NOT_BROKER_FACT,2022-10-20 00:00:00,2022-10-21 10:30:00,BULLISH,,,,D1-20221020-BULLISH,OB_MITIGATED_BEFORE_MIDPOINT,,,MLR-TECH-ABL-001,2022-10-22 00:00:00,PREVIOUSLY_EXPOSED_WINDOW,C1_OB_FVG,M1_BLOCK_TOUCH,OB_MITIGATED_BEFORE_MIDPOINT,NO_FILL,0,0,,,,TECHNICAL_ONLY_ABLATION,,,NO_FILL,QRP-MACRO-LIQUIDITY-REVERSAL-001,0,,NORMALIZED_HIGH_COST,D1-20221020-BULLISH-M15-C1_OB_FVG-FVG-008597-OB-001610,0,0,,M15_C1_OB_FVG,1.5,,M15
,,False,0,OB,12028.1,12038.1,0,FVG-008837|OB-001652,12028.1,12028.9,,,HYPOTHETICAL_SCENARIO_NOT_BROKER_FACT,2022-12-01 00:00:00,2022-12-02 15:45:00,BEARISH,,,,D1-20221201-BEARISH,OB_MITIGATED_BEFORE_MIDPOINT,,,MLR-TECH-ABL-001,2022-12-03 00:00:00,PREVIOUSLY_EXPOSED_WINDOW,C1_OB_FVG,M1_BLOCK_TOUCH,OB_MITIGATED_BEFORE_MIDPOINT,NO_FILL,0,0,,,,TECHNICAL_ONLY_ABLATION,,,NO_FILL,QRP-MACRO-LIQUIDITY-REVERSAL-001,0,,NORMALIZED_LOW_COST,D1-20221201-BEARISH-M15-C1_OB_FVG-FVG-008837-OB-001652,0,0,,M15_C1_OB_FVG,1.5,,M15
,,False,0,OB,12028.1,12038.1,0,FVG-008837|OB-001652,12028.1,12028.9,,,HYPOTHETICAL_SCENARIO_NOT_BROKER_FACT,2022-12-01 00:00:00,2022-12-02 15:45:00,BEARISH,,,,D1-20221201-BEARISH,OB_MITIGATED_BEFORE_MIDPOINT,,,MLR-TECH-ABL-001,2022-12-03 00:00:00,PREVIOUSLY_EXPOSED_WINDOW,C1_OB_FVG,M1_BLOCK_TOUCH,OB_MITIGATED_BEFORE_MIDPOINT,NO_FILL,0,0,,,,TECHNICAL_ONLY_ABLATION,,,NO_FILL,QRP-MACRO-LIQUIDITY-REVERSAL-001,0,,NORMALIZED_MEDIUM_COST,D1-20221201-BEARISH-M15-C1_OB_FVG-FVG-008837-OB-001652,0,0,,M15_C1_OB_FVG,1.5,,M15
,,False,0,OB,12028.1,12038.1,0,FVG-008837|OB-001652,12028.1,12028.9,,,HYPOTHETICAL_SCENARIO_NOT_BROKER_FACT,2022-12-01 00:00:00,2022-12-02 15:45:00,BEARISH,,,,D1-20221201-BEARISH,OB_MITIGATED_BEFORE_MIDPOINT,,,MLR-TECH-ABL-001,2022-12-03 00:00:00,PREVIOUSLY_EXPOSED_WINDOW,C1_OB_FVG,M1_BLOCK_TOUCH,OB_MITIGATED_BEFORE_MIDPOINT,NO_FILL,0,0,,,,TECHNICAL_ONLY_ABLATION,,,NO_FILL,QRP-MACRO-LIQUIDITY-REVERSAL-001,0,,NORMALIZED_HIGH_COST,D1-20221201-BEARISH-M15-C1_OB_FVG-FVG-008837-OB-001652,0,0,,M15_C1_OB_FVG,1.5,,M15
,,False,0,OB,12332.5,12346.5,0,FVG-009014|OB-001685,12332.7,12335.8,,,HYPOTHETICAL_SCENARIO_NOT_BROKER_FACT,2023-03-06 00:00:00,2023-03-07 16:15:00,BEARISH,,,,D1-20230306-BEARISH,OB_MITIGATED_BEFORE_MIDPOINT,,,MLR-TECH-ABL-001,2023-03-08 00:00:00,PREVIOUSLY_EXPOSED_WINDOW,C1_OB_FVG,M1_BLOCK_TOUCH,OB_MITIGATED_BEFORE_MIDPOINT,NO_FILL,0,0,,,,TECHNICAL_ONLY_ABLATION,,,NO_FILL,QRP-MACRO-LIQUIDITY-REVERSAL-001,0,,NORMALIZED_LOW_COST,D1-20230306-BEARISH-M15-C1_OB_FVG-FVG-009014-OB-001685,0,0,,M15_C1_OB_FVG,1.5,,M15
,,False,0,OB,12332.5,12346.5,0,FVG-009014|OB-001685,12332.7,12335.8,,,HYPOTHETICAL_SCENARIO_NOT_BROKER_FACT,2023-03-06 00:00:00,2023-03-07 16:15:00,BEARISH,,,,D1-20230306-BEARISH,OB_MITIGATED_BEFORE_MIDPOINT,,,MLR-TECH-ABL-001,2023-03-08 00:00:00,PREVIOUSLY_EXPOSED_WINDOW,C1_OB_FVG,M1_BLOCK_TOUCH,OB_MITIGATED_BEFORE_MIDPOINT,NO_FILL,0,0,,,,TECHNICAL_ONLY_ABLATION,,,NO_FILL,QRP-MACRO-LIQUIDITY-REVERSAL-001,0,,NORMALIZED_MEDIUM_COST,D1-20230306-BEARISH-M15-C1_OB_FVG-FVG-009014-OB-001685,0,0,,M15_C1_OB_FVG,1.5,,M15
,,False,0,OB,12332.5,12346.5,0,FVG-009014|OB-001685,12332.7,12335.8,,,HYPOTHETICAL_SCENARIO_NOT_BROKER_FACT,2023-03-06 00:00:00,2023-03-07 16:15:00,BEARISH,,,,D1-20230306-BEARISH,OB_MITIGATED_BEFORE_MIDPOINT,,,MLR-TECH-ABL-001,2023-03-08 00:00:00,PREVIOUSLY_EXPOSED_WINDOW,C1_OB_FVG,M1_BLOCK_TOUCH,OB_MITIGATED_BEFORE_MIDPOINT,NO_FILL,0,0,,,,TECHNICAL_ONLY_ABLATION,,,NO_FILL,QRP-MACRO-LIQUIDITY-REVERSAL-001,0,,NORMALIZED_HIGH_COST,D1-20230306-BEARISH-M15-C1_OB_FVG-FVG-009014-OB-001685,0,0,,M15_C1_OB_FVG,1.5,,M15
12524.95,12535.4,False,35,OB,12524.1,12534.4,1.0,FVG-009190|OB-001714,12524.6,12525.3,12524.20,12536.15,HYPOTHETICAL_SCENARIO_NOT_BROKER_FACT,2023-03-17 00:00:00,2023-03-20 09:30:00,BEARISH,2023-03-20 12:33:00,2023-03-20 12:34:00,12524.95,D1-20230317-BEARISH,STOP,12535.4,2023-03-20 13:08:00,MLR-TECH-ABL-001,2023-03-21 00:00:00,PREVIOUSLY_EXPOSED_WINDOW,C1_OB_FVG,M1_STRICT_PENETRATION_NO_FAVORABLE_IMPROVEMENT,STRICT_M1_LIMIT_PENETRATION,FILLED,0,0,-10.45,-0.8069498069498069498069498069,0.5666666666666667,TECHNICAL_ONLY_ABLATION,-12.95,-1,LOSS_1R,QRP-MACRO-LIQUIDITY-REVERSAL-001,0,12.95,NORMALIZED_LOW_COST,D1-20230317-BEARISH-M15-C1_OB_FVG-FVG-009190-OB-001714,0.50,1,12535.4,M15_C1_OB_FVG,1.5,12505.525,M15
12524.95,12536.4,False,35,OB,12524.1,12534.4,2,FVG-009190|OB-001714,12524.6,12525.3,12523.45,12537.9,HYPOTHETICAL_SCENARIO_NOT_BROKER_FACT,2023-03-17 00:00:00,2023-03-20 09:30:00,BEARISH,2023-03-20 12:33:00,2023-03-20 12:34:00,12524.95,D1-20230317-BEARISH,STOP,12536.4,2023-03-20 13:08:00,MLR-TECH-ABL-001,2023-03-21 00:00:00,PREVIOUSLY_EXPOSED_WINDOW,C1_OB_FVG,M1_STRICT_PENETRATION_NO_FAVORABLE_IMPROVEMENT,STRICT_M1_LIMIT_PENETRATION,FILLED,0,0.0,-11.45,-0.6960486322188449848024316109,0.5666666666666667,TECHNICAL_ONLY_ABLATION,-16.45,-1,LOSS_1R,QRP-MACRO-LIQUIDITY-REVERSAL-001,0,16.45,NORMALIZED_MEDIUM_COST,D1-20230317-BEARISH-M15-C1_OB_FVG-FVG-009190-OB-001714,1.0,2,12536.4,M15_C1_OB_FVG,1.5,12500.275,M15
12524.95,12540.4,False,35,OB,12524.1,12534.4,4,FVG-009190|OB-001714,12524.6,12525.3,12520.45,12544.9,HYPOTHETICAL_SCENARIO_NOT_BROKER_FACT,2023-03-17 00:00:00,2023-03-20 09:30:00,BEARISH,2023-03-20 12:33:00,2023-03-20 12:34:00,12524.95,D1-20230317-BEARISH,STOP,12540.4,2023-03-20 13:08:00,MLR-TECH-ABL-001,2023-03-21 00:00:00,PREVIOUSLY_EXPOSED_WINDOW,C1_OB_FVG,M1_STRICT_PENETRATION_NO_FAVORABLE_IMPROVEMENT,STRICT_M1_LIMIT_PENETRATION,FILLED,0,0.00,-15.45,-0.5430579964850615114235500879,0.5666666666666667,TECHNICAL_ONLY_ABLATION,-28.45,-1,LOSS_1R,QRP-MACRO-LIQUIDITY-REVERSAL-001,0,28.45,NORMALIZED_HIGH_COST,D1-20230317-BEARISH-M15-C1_OB_FVG-FVG-009190-OB-001714,3.0,6,12540.4,M15_C1_OB_FVG,1.5,12482.275,M15
,,False,0,OB,13037.3,13052.6,0,FVG-009401|OB-001758,13038.4,13052.6,,,HYPOTHETICAL_SCENARIO_NOT_BROKER_FACT,2023-04-10 00:00:00,2023-04-11 16:45:00,BEARISH,,,,D1-20230410-BEARISH,MIDPOINT_NOT_STRICTLY_PENETRATED,,,MLR-TECH-ABL-001,2023-04-12 00:00:00,PREVIOUSLY_EXPOSED_WINDOW,C1_OB_FVG,M1_PATH,MIDPOINT_NOT_STRICTLY_PENETRATED,NO_FILL,0,0,,,,TECHNICAL_ONLY_ABLATION,,,NO_FILL,QRP-MACRO-LIQUIDITY-REVERSAL-001,0,,NORMALIZED_LOW_COST,D1-20230410-BEARISH-M15-C1_OB_FVG-FVG-009401-OB-001758,0,0,,M15_C1_OB_FVG,1.5,,M15
,,False,0,OB,13037.3,13052.6,0,FVG-009401|OB-001758,13038.4,13052.6,,,HYPOTHETICAL_SCENARIO_NOT_BROKER_FACT,2023-04-10 00:00:00,2023-04-11 16:45:00,BEARISH,,,,D1-20230410-BEARISH,MIDPOINT_NOT_STRICTLY_PENETRATED,,,MLR-TECH-ABL-001,2023-04-12 00:00:00,PREVIOUSLY_EXPOSED_WINDOW,C1_OB_FVG,M1_PATH,MIDPOINT_NOT_STRICTLY_PENETRATED,NO_FILL,0,0,,,,TECHNICAL_ONLY_ABLATION,,,NO_FILL,QRP-MACRO-LIQUIDITY-REVERSAL-001,0,,NORMALIZED_MEDIUM_COST,D1-20230410-BEARISH-M15-C1_OB_FVG-FVG-009401-OB-001758,0,0,,M15_C1_OB_FVG,1.5,,M15
,,False,0,OB,13037.3,13052.6,0,FVG-009401|OB-001758,13038.4,13052.6,,,HYPOTHETICAL_SCENARIO_NOT_BROKER_FACT,2023-04-10 00:00:00,2023-04-11 16:45:00,BEARISH,,,,D1-20230410-BEARISH,MIDPOINT_NOT_STRICTLY_PENETRATED,,,MLR-TECH-ABL-001,2023-04-12 00:00:00,PREVIOUSLY_EXPOSED_WINDOW,C1_OB_FVG,M1_PATH,MIDPOINT_NOT_STRICTLY_PENETRATED,NO_FILL,0,0,,,,TECHNICAL_ONLY_ABLATION,,,NO_FILL,QRP-MACRO-LIQUIDITY-REVERSAL-001,0,,NORMALIZED_HIGH_COST,D1-20230410-BEARISH-M15-C1_OB_FVG-FVG-009401-OB-001758,0,0,,M15_C1_OB_FVG,1.5,,M15
,,False,0,OB,13207.2,13231.9,0,FVG-009944|OB-001859,13230.0,13230.2,,,HYPOTHETICAL_SCENARIO_NOT_BROKER_FACT,2023-05-01 00:00:00,2023-05-02 17:15:00,BEARISH,,,,D1-20230501-BEARISH,MIDPOINT_NOT_STRICTLY_PENETRATED,,,MLR-TECH-ABL-001,2023-05-03 00:00:00,PREVIOUSLY_EXPOSED_WINDOW,C1_OB_FVG,M1_PATH,MIDPOINT_NOT_STRICTLY_PENETRATED,NO_FILL,0,0,,,,TECHNICAL_ONLY_ABLATION,,,NO_FILL,QRP-MACRO-LIQUIDITY-REVERSAL-001,0,,NORMALIZED_LOW_COST,D1-20230501-BEARISH-M15-C1_OB_FVG-FVG-009944-OB-001859,0,0,,M15_C1_OB_FVG,1.5,,M15
,,False,0,OB,13207.2,13231.9,0,FVG-009944|OB-001859,13230.0,13230.2,,,HYPOTHETICAL_SCENARIO_NOT_BROKER_FACT,2023-05-01 00:00:00,2023-05-02 17:15:00,BEARISH,,,,D1-20230501-BEARISH,MIDPOINT_NOT_STRICTLY_PENETRATED,,,MLR-TECH-ABL-001,2023-05-03 00:00:00,PREVIOUSLY_EXPOSED_WINDOW,C1_OB_FVG,M1_PATH,MIDPOINT_NOT_STRICTLY_PENETRATED,NO_FILL,0,0,,,,TECHNICAL_ONLY_ABLATION,,,NO_FILL,QRP-MACRO-LIQUIDITY-REVERSAL-001,0,,NORMALIZED_MEDIUM_COST,D1-20230501-BEARISH-M15-C1_OB_FVG-FVG-009944-OB-001859,0,0,,M15_C1_OB_FVG,1.5,,M15
,,False,0,OB,13207.2,13231.9,0,FVG-009944|OB-001859,13230.0,13230.2,,,HYPOTHETICAL_SCENARIO_NOT_BROKER_FACT,2023-05-01 00:00:00,2023-05-02 17:15:00,BEARISH,,,,D1-20230501-BEARISH,MIDPOINT_NOT_STRICTLY_PENETRATED,,,MLR-TECH-ABL-001,2023-05-03 00:00:00,PREVIOUSLY_EXPOSED_WINDOW,C1_OB_FVG,M1_PATH,MIDPOINT_NOT_STRICTLY_PENETRATED,NO_FILL,0,0,,,,TECHNICAL_ONLY_ABLATION,,,NO_FILL,QRP-MACRO-LIQUIDITY-REVERSAL-001,0,,NORMALIZED_HIGH_COST,D1-20230501-BEARISH-M15-C1_OB_FVG-FVG-009944-OB-001859,0,0,,M15_C1_OB_FVG,1.5,,M15
14544.6,14528.550,False,2,OB,14541.6,14551.8,1.0,FVG-010056|OB-001878,14542.5,14546.7,14543.85,14529.300,HYPOTHETICAL_SCENARIO_NOT_BROKER_FACT,2023-06-05 00:00:00,2023-06-06 16:45:00,BEARISH,2023-06-06 17:11:00,2023-06-06 17:12:00,14544.6,D1-20230605-BEARISH,TARGET_1_5R,14528.550,2023-06-06 17:13:00,MLR-TECH-ABL-001,2023-06-07 00:00:00,PREVIOUSLY_EXPOSED_WINDOW,C1_OB_FVG,M1_STRICT_PENETRATION_NO_FAVORABLE_IMPROVEMENT,STRICT_M1_LIMIT_PENETRATION,FILLED,0,0,16.050,1.5,0.016666666666666666,TECHNICAL_ONLY_ABLATION,13.550,1.266355140186915887850467290,WIN_TARGET_1_5R,QRP-MACRO-LIQUIDITY-REVERSAL-001,0,10.70,NORMALIZED_LOW_COST,D1-20230605-BEARISH-M15-C1_OB_FVG-FVG-010056-OB-001878,0.50,1,14552.8,M15_C1_OB_FVG,1.5,14528.550,M15
14544.6,14523.30,False,3,OB,14541.6,14551.8,2,FVG-010056|OB-001878,14542.5,14546.7,14543.1,14524.80,HYPOTHETICAL_SCENARIO_NOT_BROKER_FACT,2023-06-05 00:00:00,2023-06-06 16:45:00,BEARISH,2023-06-06 17:11:00,2023-06-06 17:12:00,14544.6,D1-20230605-BEARISH,TARGET_1_5R,14523.30,2023-06-06 17:14:00,MLR-TECH-ABL-001,2023-06-07 00:00:00,PREVIOUSLY_EXPOSED_WINDOW,C1_OB_FVG,M1_STRICT_PENETRATION_NO_FAVORABLE_IMPROVEMENT,STRICT_M1_LIMIT_PENETRATION,FILLED,0,0.0,21.30,1.5,0.03333333333333333,TECHNICAL_ONLY_ABLATION,16.30,1.147887323943661971830985915,WIN_TARGET_1_5R,QRP-MACRO-LIQUIDITY-REVERSAL-001,0,14.2,NORMALIZED_MEDIUM_COST,D1-20230605-BEARISH-M15-C1_OB_FVG-FVG-010056-OB-001878,1.0,2,14553.8,M15_C1_OB_FVG,1.5,14523.30,M15
14544.6,14557.8,False,35,OB,14541.6,14551.8,4,FVG-010056|OB-001878,14542.5,14546.7,14540.1,14562.3,HYPOTHETICAL_SCENARIO_NOT_BROKER_FACT,2023-06-05 00:00:00,2023-06-06 16:45:00,BEARISH,2023-06-06 17:11:00,2023-06-06 17:12:00,14544.6,D1-20230605-BEARISH,STOP,14557.8,2023-06-06 17:46:00,MLR-TECH-ABL-001,2023-06-07 00:00:00,PREVIOUSLY_EXPOSED_WINDOW,C1_OB_FVG,M1_STRICT_PENETRATION_NO_FAVORABLE_IMPROVEMENT,STRICT_M1_LIMIT_PENETRATION,FILLED,0,0.00,-13.2,-0.5038167938931297709923664122,0.5666666666666667,TECHNICAL_ONLY_ABLATION,-26.20,-1.0,LOSS_1R,QRP-MACRO-LIQUIDITY-REVERSAL-001,0,26.2,NORMALIZED_HIGH_COST,D1-20230605-BEARISH-M15-C1_OB_FVG-FVG-010056-OB-001878,3.0,6,14557.8,M15_C1_OB_FVG,1.5,14505.30,M15
,,False,0,OB,15566.1,15578.1,0,FVG-010157|OB-001893,15576.9,15578.1,,,HYPOTHETICAL_SCENARIO_NOT_BROKER_FACT,2023-07-14 00:00:00,2023-07-17 13:00:00,BEARISH,,,,D1-20230714-BEARISH,OB_MITIGATED_BEFORE_MIDPOINT,,,MLR-TECH-ABL-001,2023-07-18 00:00:00,PREVIOUSLY_EXPOSED_WINDOW,C1_OB_FVG,M1_BLOCK_TOUCH,OB_MITIGATED_BEFORE_MIDPOINT,NO_FILL,0,0,,,,TECHNICAL_ONLY_ABLATION,,,NO_FILL,QRP-MACRO-LIQUIDITY-REVERSAL-001,0,,NORMALIZED_LOW_COST,D1-20230714-BEARISH-M15-C1_OB_FVG-FVG-010157-OB-001893,0,0,,M15_C1_OB_FVG,1.5,,M15
,,False,0,OB,15566.1,15578.1,0,FVG-010157|OB-001893,15576.9,15578.1,,,HYPOTHETICAL_SCENARIO_NOT_BROKER_FACT,2023-07-14 00:00:00,2023-07-17 13:00:00,BEARISH,,,,D1-20230714-BEARISH,OB_MITIGATED_BEFORE_MIDPOINT,,,MLR-TECH-ABL-001,2023-07-18 00:00:00,PREVIOUSLY_EXPOSED_WINDOW,C1_OB_FVG,M1_BLOCK_TOUCH,OB_MITIGATED_BEFORE_MIDPOINT,NO_FILL,0,0,,,,TECHNICAL_ONLY_ABLATION,,,NO_FILL,QRP-MACRO-LIQUIDITY-REVERSAL-001,0,,NORMALIZED_MEDIUM_COST,D1-20230714-BEARISH-M15-C1_OB_FVG-FVG-010157-OB-001893,0,0,,M15_C1_OB_FVG,1.5,,M15
,,False,0,OB,15566.1,15578.1,0,FVG-010157|OB-001893,15576.9,15578.1,,,HYPOTHETICAL_SCENARIO_NOT_BROKER_FACT,2023-07-14 00:00:00,2023-07-17 13:00:00,BEARISH,,,,D1-20230714-BEARISH,OB_MITIGATED_BEFORE_MIDPOINT,,,MLR-TECH-ABL-001,2023-07-18 00:00:00,PREVIOUSLY_EXPOSED_WINDOW,C1_OB_FVG,M1_BLOCK_TOUCH,OB_MITIGATED_BEFORE_MIDPOINT,NO_FILL,0,0,,,,TECHNICAL_ONLY_ABLATION,,,NO_FILL,QRP-MACRO-LIQUIDITY-REVERSAL-001,0,,NORMALIZED_HIGH_COST,D1-20230714-BEARISH-M15-C1_OB_FVG-FVG-010157-OB-001893,0,0,,M15_C1_OB_FVG,1.5,,M15
,,False,0,OB,15763.3,15769.1,0,FVG-010346|OB-001916,15764.3,15769.1,,,HYPOTHETICAL_SCENARIO_NOT_BROKER_FACT,2023-07-19 00:00:00,2023-07-20 09:30:00,BEARISH,,,,D1-20230719-BEARISH,OB_MITIGATED_BEFORE_MIDPOINT,,,MLR-TECH-ABL-001,2023-07-21 00:00:00,PREVIOUSLY_EXPOSED_WINDOW,C1_OB_FVG,M1_BLOCK_TOUCH,OB_MITIGATED_BEFORE_MIDPOINT,NO_FILL,0,0,,,,TECHNICAL_ONLY_ABLATION,,,NO_FILL,QRP-MACRO-LIQUIDITY-REVERSAL-001,0,,NORMALIZED_LOW_COST,D1-20230719-BEARISH-M15-C1_OB_FVG-FVG-010346-OB-001916,0,0,,M15_C1_OB_FVG,1.5,,M15
,,False,0,OB,15763.3,15769.1,0,FVG-010346|OB-001916,15764.3,15769.1,,,HYPOTHETICAL_SCENARIO_NOT_BROKER_FACT,2023-07-19 00:00:00,2023-07-20 09:30:00,BEARISH,,,,D1-20230719-BEARISH,OB_MITIGATED_BEFORE_MIDPOINT,,,MLR-TECH-ABL-001,2023-07-21 00:00:00,PREVIOUSLY_EXPOSED_WINDOW,C1_OB_FVG,M1_BLOCK_TOUCH,OB_MITIGATED_BEFORE_MIDPOINT,NO_FILL,0,0,,,,TECHNICAL_ONLY_ABLATION,,,NO_FILL,QRP-MACRO-LIQUIDITY-REVERSAL-001,0,,NORMALIZED_MEDIUM_COST,D1-20230719-BEARISH-M15-C1_OB_FVG-FVG-010346-OB-001916,0,0,,M15_C1_OB_FVG,1.5,,M15
,,False,0,OB,15763.3,15769.1,0,FVG-010346|OB-001916,15764.3,15769.1,,,HYPOTHETICAL_SCENARIO_NOT_BROKER_FACT,2023-07-19 00:00:00,2023-07-20 09:30:00,BEARISH,,,,D1-20230719-BEARISH,OB_MITIGATED_BEFORE_MIDPOINT,,,MLR-TECH-ABL-001,2023-07-21 00:00:00,PREVIOUSLY_EXPOSED_WINDOW,C1_OB_FVG,M1_BLOCK_TOUCH,OB_MITIGATED_BEFORE_MIDPOINT,NO_FILL,0,0,,,,TECHNICAL_ONLY_ABLATION,,,NO_FILL,QRP-MACRO-LIQUIDITY-REVERSAL-001,0,,NORMALIZED_HIGH_COST,D1-20230719-BEARISH-M15-C1_OB_FVG-FVG-010346-OB-001916,0,0,,M15_C1_OB_FVG,1.5,,M15
,,False,0,OB,15767.7,15772.3,0,FVG-010600|OB-001966,15768.2,15770.2,,,HYPOTHETICAL_SCENARIO_NOT_BROKER_FACT,2023-07-31 00:00:00,2023-08-01 08:45:00,BEARISH,,,,D1-20230731-BEARISH,MIDPOINT_NOT_STRICTLY_PENETRATED,,,MLR-TECH-ABL-001,2023-08-02 00:00:00,PREVIOUSLY_EXPOSED_WINDOW,C1_OB_FVG,M1_PATH,MIDPOINT_NOT_STRICTLY_PENETRATED,NO_FILL,0,0,,,,TECHNICAL_ONLY_ABLATION,,,NO_FILL,QRP-MACRO-LIQUIDITY-REVERSAL-001,0,,NORMALIZED_LOW_COST,D1-20230731-BEARISH-M15-C1_OB_FVG-FVG-010600-OB-001966,0,0,,M15_C1_OB_FVG,1.5,,M15
,,False,0,OB,15767.7,15772.3,0,FVG-010600|OB-001966,15768.2,15770.2,,,HYPOTHETICAL_SCENARIO_NOT_BROKER_FACT,2023-07-31 00:00:00,2023-08-01 08:45:00,BEARISH,,,,D1-20230731-BEARISH,MIDPOINT_NOT_STRICTLY_PENETRATED,,,MLR-TECH-ABL-001,2023-08-02 00:00:00,PREVIOUSLY_EXPOSED_WINDOW,C1_OB_FVG,M1_PATH,MIDPOINT_NOT_STRICTLY_PENETRATED,NO_FILL,0,0,,,,TECHNICAL_ONLY_ABLATION,,,NO_FILL,QRP-MACRO-LIQUIDITY-REVERSAL-001,0,,NORMALIZED_MEDIUM_COST,D1-20230731-BEARISH-M15-C1_OB_FVG-FVG-010600-OB-001966,0,0,,M15_C1_OB_FVG,1.5,,M15
,,False,0,OB,15767.7,15772.3,0,FVG-010600|OB-001966,15768.2,15770.2,,,HYPOTHETICAL_SCENARIO_NOT_BROKER_FACT,2023-07-31 00:00:00,2023-08-01 08:45:00,BEARISH,,,,D1-20230731-BEARISH,MIDPOINT_NOT_STRICTLY_PENETRATED,,,MLR-TECH-ABL-001,2023-08-02 00:00:00,PREVIOUSLY_EXPOSED_WINDOW,C1_OB_FVG,M1_PATH,MIDPOINT_NOT_STRICTLY_PENETRATED,NO_FILL,0,0,,,,TECHNICAL_ONLY_ABLATION,,,NO_FILL,QRP-MACRO-LIQUIDITY-REVERSAL-001,0,,NORMALIZED_HIGH_COST,D1-20230731-BEARISH-M15-C1_OB_FVG-FVG-010600-OB-001966,0,0,,M15_C1_OB_FVG,1.5,,M15
15784.95,15796.6,False,8,OB,15784.9,15795.6,1.0,FVG-011088|OB-002075,15784.9,15785.0,15784.20,15797.35,HYPOTHETICAL_SCENARIO_NOT_BROKER_FACT,2023-11-15 00:00:00,2023-11-16 14:15:00,BEARISH,2023-11-16 15:30:00,2023-11-16 15:31:00,15784.95,D1-20231115-BEARISH,STOP,15796.6,2023-11-16 15:38:00,MLR-TECH-ABL-001,2023-11-17 00:00:00,PREVIOUSLY_EXPOSED_WINDOW,C1_OB_FVG,M1_STRICT_PENETRATION_NO_FAVORABLE_IMPROVEMENT,STRICT_M1_LIMIT_PENETRATION,FILLED,0,0,-11.65,-0.8233215547703180212014134276,0.11666666666666667,TECHNICAL_ONLY_ABLATION,-14.15,-1,LOSS_1R,QRP-MACRO-LIQUIDITY-REVERSAL-001,0,14.15,NORMALIZED_LOW_COST,D1-20231115-BEARISH-M15-C1_OB_FVG-FVG-011088-OB-002075,0.50,1,15796.6,M15_C1_OB_FVG,1.5,15763.725,M15
15784.95,15797.6,False,8,OB,15784.9,15795.6,2,FVG-011088|OB-002075,15784.9,15785.0,15783.45,15799.1,HYPOTHETICAL_SCENARIO_NOT_BROKER_FACT,2023-11-15 00:00:00,2023-11-16 14:15:00,BEARISH,2023-11-16 15:30:00,2023-11-16 15:31:00,15784.95,D1-20231115-BEARISH,STOP,15797.6,2023-11-16 15:38:00,MLR-TECH-ABL-001,2023-11-17 00:00:00,PREVIOUSLY_EXPOSED_WINDOW,C1_OB_FVG,M1_STRICT_PENETRATION_NO_FAVORABLE_IMPROVEMENT,STRICT_M1_LIMIT_PENETRATION,FILLED,0,0.0,-12.65,-0.7167138810198300283286118980,0.11666666666666667,TECHNICAL_ONLY_ABLATION,-17.65,-1,LOSS_1R,QRP-MACRO-LIQUIDITY-REVERSAL-001,0,17.65,NORMALIZED_MEDIUM_COST,D1-20231115-BEARISH-M15-C1_OB_FVG-FVG-011088-OB-002075,1.0,2,15797.6,M15_C1_OB_FVG,1.5,15758.475,M15
15784.95,15801.6,False,9,OB,15784.9,15795.6,4,FVG-011088|OB-002075,15784.9,15785.0,15780.45,15806.1,HYPOTHETICAL_SCENARIO_NOT_BROKER_FACT,2023-11-15 00:00:00,2023-11-16 14:15:00,BEARISH,2023-11-16 15:30:00,2023-11-16 15:31:00,15784.95,D1-20231115-BEARISH,STOP,15801.6,2023-11-16 15:39:00,MLR-TECH-ABL-001,2023-11-17 00:00:00,PREVIOUSLY_EXPOSED_WINDOW,C1_OB_FVG,M1_STRICT_PENETRATION_NO_FAVORABLE_IMPROVEMENT,STRICT_M1_LIMIT_PENETRATION,FILLED,0,0.00,-16.65,-0.5615514333895446880269814503,0.13333333333333333,TECHNICAL_ONLY_ABLATION,-29.65,-1,LOSS_1R,QRP-MACRO-LIQUIDITY-REVERSAL-001,0,29.65,NORMALIZED_HIGH_COST,D1-20231115-BEARISH-M15-C1_OB_FVG-FVG-011088-OB-002075,3.0,6,15801.6,M15_C1_OB_FVG,1.5,15740.475,M15
,,False,0,OB,16580.7,16592.8,0,FVG-011396|OB-002135,16590.6,16592.8,,,HYPOTHETICAL_SCENARIO_NOT_BROKER_FACT,2023-12-14 00:00:00,2023-12-15 15:45:00,BEARISH,,,,D1-20231214-BEARISH,OB_MITIGATED_BEFORE_MIDPOINT,,,MLR-TECH-ABL-001,2023-12-16 00:00:00,PREVIOUSLY_EXPOSED_WINDOW,C1_OB_FVG,M1_BLOCK_TOUCH,OB_MITIGATED_BEFORE_MIDPOINT,NO_FILL,0,0,,,,TECHNICAL_ONLY_ABLATION,,,NO_FILL,QRP-MACRO-LIQUIDITY-REVERSAL-001,0,,NORMALIZED_LOW_COST,D1-20231214-BEARISH-M15-C1_OB_FVG-FVG-011396-OB-002135,0,0,,M15_C1_OB_FVG,1.5,,M15
,,False,0,OB,16580.7,16592.8,0,FVG-011396|OB-002135,16590.6,16592.8,,,HYPOTHETICAL_SCENARIO_NOT_BROKER_FACT,2023-12-14 00:00:00,2023-12-15 15:45:00,BEARISH,,,,D1-20231214-BEARISH,OB_MITIGATED_BEFORE_MIDPOINT,,,MLR-TECH-ABL-001,2023-12-16 00:00:00,PREVIOUSLY_EXPOSED_WINDOW,C1_OB_FVG,M1_BLOCK_TOUCH,OB_MITIGATED_BEFORE_MIDPOINT,NO_FILL,0,0,,,,TECHNICAL_ONLY_ABLATION,,,NO_FILL,QRP-MACRO-LIQUIDITY-REVERSAL-001,0,,NORMALIZED_MEDIUM_COST,D1-20231214-BEARISH-M15-C1_OB_FVG-FVG-011396-OB-002135,0,0,,M15_C1_OB_FVG,1.5,,M15
,,False,0,OB,16580.7,16592.8,0,FVG-011396|OB-002135,16590.6,16592.8,,,HYPOTHETICAL_SCENARIO_NOT_BROKER_FACT,2023-12-14 00:00:00,2023-12-15 15:45:00,BEARISH,,,,D1-20231214-BEARISH,OB_MITIGATED_BEFORE_MIDPOINT,,,MLR-TECH-ABL-001,2023-12-16 00:00:00,PREVIOUSLY_EXPOSED_WINDOW,C1_OB_FVG,M1_BLOCK_TOUCH,OB_MITIGATED_BEFORE_MIDPOINT,NO_FILL,0,0,,,,TECHNICAL_ONLY_ABLATION,,,NO_FILL,QRP-MACRO-LIQUIDITY-REVERSAL-001,0,,NORMALIZED_HIGH_COST,D1-20231214-BEARISH-M15-C1_OB_FVG-FVG-011396-OB-002135,0,0,,M15_C1_OB_FVG,1.5,,M15
18084.0,18096.0,False,4,OB,18079.2,18095.0,1.0,FVG-011694|OB-002189,18083.5,18084.5,18083.25,18096.75,HYPOTHETICAL_SCENARIO_NOT_BROKER_FACT,2024-05-07 00:00:00,2024-05-08 14:15:00,BEARISH,2024-05-08 17:22:00,2024-05-08 17:23:00,18084.0,D1-20240507-BEARISH,STOP,18096.0,2024-05-08 17:26:00,MLR-TECH-ABL-001,2024-05-09 00:00:00,PREVIOUSLY_EXPOSED_WINDOW,C1_OB_FVG,M1_STRICT_PENETRATION_NO_FAVORABLE_IMPROVEMENT,STRICT_M1_LIMIT_PENETRATION,FILLED,0,0,-12.0,-0.8275862068965517241379310345,0.05,TECHNICAL_ONLY_ABLATION,-14.50,-1,LOSS_1R,QRP-MACRO-LIQUIDITY-REVERSAL-001,0,14.50,NORMALIZED_LOW_COST,D1-20240507-BEARISH-M15-C1_OB_FVG-FVG-011694-OB-002189,0.50,1,18096.0,M15_C1_OB_FVG,1.5,18062.250,M15
18084.0,18097.0,False,5,OB,18079.2,18095.0,2,FVG-011694|OB-002189,18083.5,18084.5,18082.5,18098.5,HYPOTHETICAL_SCENARIO_NOT_BROKER_FACT,2024-05-07 00:00:00,2024-05-08 14:15:00,BEARISH,2024-05-08 17:22:00,2024-05-08 17:23:00,18084.0,D1-20240507-BEARISH,STOP,18097.0,2024-05-08 17:27:00,MLR-TECH-ABL-001,2024-05-09 00:00:00,PREVIOUSLY_EXPOSED_WINDOW,C1_OB_FVG,M1_STRICT_PENETRATION_NO_FAVORABLE_IMPROVEMENT,STRICT_M1_LIMIT_PENETRATION,FILLED,0,0.0,-13.0,-0.7222222222222222222222222222,0.06666666666666667,TECHNICAL_ONLY_ABLATION,-18.0,-1,LOSS_1R,QRP-MACRO-LIQUIDITY-REVERSAL-001,0,18.0,NORMALIZED_MEDIUM_COST,D1-20240507-BEARISH-M15-C1_OB_FVG-FVG-011694-OB-002189,1.0,2,18097.0,M15_C1_OB_FVG,1.5,18057.00,M15
18084.0,18101.0,False,7,OB,18079.2,18095.0,4,FVG-011694|OB-002189,18083.5,18084.5,18079.5,18105.5,HYPOTHETICAL_SCENARIO_NOT_BROKER_FACT,2024-05-07 00:00:00,2024-05-08 14:15:00,BEARISH,2024-05-08 17:22:00,2024-05-08 17:23:00,18084.0,D1-20240507-BEARISH,STOP,18101.0,2024-05-08 17:29:00,MLR-TECH-ABL-001,2024-05-09 00:00:00,PREVIOUSLY_EXPOSED_WINDOW,C1_OB_FVG,M1_STRICT_PENETRATION_NO_FAVORABLE_IMPROVEMENT,STRICT_M1_LIMIT_PENETRATION,FILLED,0,0.00,-17.0,-0.5666666666666666666666666667,0.1,TECHNICAL_ONLY_ABLATION,-30.00,-1.0,LOSS_1R,QRP-MACRO-LIQUIDITY-REVERSAL-001,0,30.0,NORMALIZED_HIGH_COST,D1-20240507-BEARISH-M15-C1_OB_FVG-FVG-011694-OB-002189,3.0,6,18101.0,M15_C1_OB_FVG,1.5,18039.00,M15
,,False,0,OB,18554.4,18566.7,0,FVG-011913|OB-002235,18559.8,18561.1,,,HYPOTHETICAL_SCENARIO_NOT_BROKER_FACT,2024-05-16 00:00:00,2024-05-17 11:15:00,BEARISH,,,,D1-20240516-BEARISH,OB_MITIGATED_BEFORE_MIDPOINT,,,MLR-TECH-ABL-001,2024-05-18 00:00:00,PREVIOUSLY_EXPOSED_WINDOW,C1_OB_FVG,M1_BLOCK_TOUCH,OB_MITIGATED_BEFORE_MIDPOINT,NO_FILL,0,0,,,,TECHNICAL_ONLY_ABLATION,,,NO_FILL,QRP-MACRO-LIQUIDITY-REVERSAL-001,0,,NORMALIZED_LOW_COST,D1-20240516-BEARISH-M15-C1_OB_FVG-FVG-011913-OB-002235,0,0,,M15_C1_OB_FVG,1.5,,M15
,,False,0,OB,18554.4,18566.7,0,FVG-011913|OB-002235,18559.8,18561.1,,,HYPOTHETICAL_SCENARIO_NOT_BROKER_FACT,2024-05-16 00:00:00,2024-05-17 11:15:00,BEARISH,,,,D1-20240516-BEARISH,OB_MITIGATED_BEFORE_MIDPOINT,,,MLR-TECH-ABL-001,2024-05-18 00:00:00,PREVIOUSLY_EXPOSED_WINDOW,C1_OB_FVG,M1_BLOCK_TOUCH,OB_MITIGATED_BEFORE_MIDPOINT,NO_FILL,0,0,,,,TECHNICAL_ONLY_ABLATION,,,NO_FILL,QRP-MACRO-LIQUIDITY-REVERSAL-001,0,,NORMALIZED_MEDIUM_COST,D1-20240516-BEARISH-M15-C1_OB_FVG-FVG-011913-OB-002235,0,0,,M15_C1_OB_FVG,1.5,,M15
,,False,0,OB,18554.4,18566.7,0,FVG-011913|OB-002235,18559.8,18561.1,,,HYPOTHETICAL_SCENARIO_NOT_BROKER_FACT,2024-05-16 00:00:00,2024-05-17 11:15:00,BEARISH,,,,D1-20240516-BEARISH,OB_MITIGATED_BEFORE_MIDPOINT,,,MLR-TECH-ABL-001,2024-05-18 00:00:00,PREVIOUSLY_EXPOSED_WINDOW,C1_OB_FVG,M1_BLOCK_TOUCH,OB_MITIGATED_BEFORE_MIDPOINT,NO_FILL,0,0,,,,TECHNICAL_ONLY_ABLATION,,,NO_FILL,QRP-MACRO-LIQUIDITY-REVERSAL-001,0,,NORMALIZED_HIGH_COST,D1-20240516-BEARISH-M15-C1_OB_FVG-FVG-011913-OB-002235,0,0,,M15_C1_OB_FVG,1.5,,M15
,,False,0,OB,21194.9,21212.4,0,FVG-012462|OB-002337,21194.9,21196.6,,,HYPOTHETICAL_SCENARIO_NOT_BROKER_FACT,2024-11-08 00:00:00,2024-11-11 16:45:00,BEARISH,,,,D1-20241108-BEARISH,MIDPOINT_NOT_STRICTLY_PENETRATED,,,MLR-TECH-ABL-001,2024-11-12 00:00:00,PREVIOUSLY_EXPOSED_WINDOW,C1_OB_FVG,M1_PATH,MIDPOINT_NOT_STRICTLY_PENETRATED,NO_FILL,0,0,,,,TECHNICAL_ONLY_ABLATION,,,NO_FILL,QRP-MACRO-LIQUIDITY-REVERSAL-001,0,,NORMALIZED_LOW_COST,D1-20241108-BEARISH-M15-C1_OB_FVG-FVG-012462-OB-002337,0,0,,M15_C1_OB_FVG,1.5,,M15
,,False,0,OB,21194.9,21212.4,0,FVG-012462|OB-002337,21194.9,21196.6,,,HYPOTHETICAL_SCENARIO_NOT_BROKER_FACT,2024-11-08 00:00:00,2024-11-11 16:45:00,BEARISH,,,,D1-20241108-BEARISH,MIDPOINT_NOT_STRICTLY_PENETRATED,,,MLR-TECH-ABL-001,2024-11-12 00:00:00,PREVIOUSLY_EXPOSED_WINDOW,C1_OB_FVG,M1_PATH,MIDPOINT_NOT_STRICTLY_PENETRATED,NO_FILL,0,0,,,,TECHNICAL_ONLY_ABLATION,,,NO_FILL,QRP-MACRO-LIQUIDITY-REVERSAL-001,0,,NORMALIZED_MEDIUM_COST,D1-20241108-BEARISH-M15-C1_OB_FVG-FVG-012462-OB-002337,0,0,,M15_C1_OB_FVG,1.5,,M15
,,False,0,OB,21194.9,21212.4,0,FVG-012462|OB-002337,21194.9,21196.6,,,HYPOTHETICAL_SCENARIO_NOT_BROKER_FACT,2024-11-08 00:00:00,2024-11-11 16:45:00,BEARISH,,,,D1-20241108-BEARISH,MIDPOINT_NOT_STRICTLY_PENETRATED,,,MLR-TECH-ABL-001,2024-11-12 00:00:00,PREVIOUSLY_EXPOSED_WINDOW,C1_OB_FVG,M1_PATH,MIDPOINT_NOT_STRICTLY_PENETRATED,NO_FILL,0,0,,,,TECHNICAL_ONLY_ABLATION,,,NO_FILL,QRP-MACRO-LIQUIDITY-REVERSAL-001,0,,NORMALIZED_HIGH_COST,D1-20241108-BEARISH-M15-C1_OB_FVG-FVG-012462-OB-002337,0,0,,M15_C1_OB_FVG,1.5,,M15
,,False,0,OB,20617.0,20652.4,0,FVG-012657|OB-002374,20634.8,20638.0,,,HYPOTHETICAL_SCENARIO_NOT_BROKER_FACT,2024-11-20 00:00:00,2024-11-21 09:30:00,BEARISH,,,,D1-20241120-BEARISH,OB_MITIGATED_BEFORE_MIDPOINT,,,MLR-TECH-ABL-001,2024-11-22 00:00:00,PREVIOUSLY_EXPOSED_WINDOW,C1_OB_FVG,M1_BLOCK_TOUCH,OB_MITIGATED_BEFORE_MIDPOINT,NO_FILL,0,0,,,,TECHNICAL_ONLY_ABLATION,,,NO_FILL,QRP-MACRO-LIQUIDITY-REVERSAL-001,0,,NORMALIZED_LOW_COST,D1-20241120-BEARISH-M15-C1_OB_FVG-FVG-012657-OB-002374,0,0,,M15_C1_OB_FVG,1.5,,M15
,,False,0,OB,20617.0,20652.4,0,FVG-012657|OB-002374,20634.8,20638.0,,,HYPOTHETICAL_SCENARIO_NOT_BROKER_FACT,2024-11-20 00:00:00,2024-11-21 09:30:00,BEARISH,,,,D1-20241120-BEARISH,OB_MITIGATED_BEFORE_MIDPOINT,,,MLR-TECH-ABL-001,2024-11-22 00:00:00,PREVIOUSLY_EXPOSED_WINDOW,C1_OB_FVG,M1_BLOCK_TOUCH,OB_MITIGATED_BEFORE_MIDPOINT,NO_FILL,0,0,,,,TECHNICAL_ONLY_ABLATION,,,NO_FILL,QRP-MACRO-LIQUIDITY-REVERSAL-001,0,,NORMALIZED_MEDIUM_COST,D1-20241120-BEARISH-M15-C1_OB_FVG-FVG-012657-OB-002374,0,0,,M15_C1_OB_FVG,1.5,,M15
,,False,0,OB,20617.0,20652.4,0,FVG-012657|OB-002374,20634.8,20638.0,,,HYPOTHETICAL_SCENARIO_NOT_BROKER_FACT,2024-11-20 00:00:00,2024-11-21 09:30:00,BEARISH,,,,D1-20241120-BEARISH,OB_MITIGATED_BEFORE_MIDPOINT,,,MLR-TECH-ABL-001,2024-11-22 00:00:00,PREVIOUSLY_EXPOSED_WINDOW,C1_OB_FVG,M1_BLOCK_TOUCH,OB_MITIGATED_BEFORE_MIDPOINT,NO_FILL,0,0,,,,TECHNICAL_ONLY_ABLATION,,,NO_FILL,QRP-MACRO-LIQUIDITY-REVERSAL-001,0,,NORMALIZED_HIGH_COST,D1-20241120-BEARISH-M15-C1_OB_FVG-FVG-012657-OB-002374,0,0,,M15_C1_OB_FVG,1.5,,M15
,,False,0,OB,21486.6,21594.4,0,FVG-012966|OB-002436,21489.4,21495.8,,,HYPOTHETICAL_SCENARIO_NOT_BROKER_FACT,2025-01-29 00:00:00,2025-01-30 17:30:00,BEARISH,,,,D1-20250129-BEARISH,OB_MITIGATED_BEFORE_MIDPOINT,,,MLR-TECH-ABL-001,2025-01-31 00:00:00,PREVIOUSLY_EXPOSED_WINDOW,C1_OB_FVG,M1_BLOCK_TOUCH,OB_MITIGATED_BEFORE_MIDPOINT,NO_FILL,0,0,,,,TECHNICAL_ONLY_ABLATION,,,NO_FILL,QRP-MACRO-LIQUIDITY-REVERSAL-001,0,,NORMALIZED_LOW_COST,D1-20250129-BEARISH-M15-C1_OB_FVG-FVG-012966-OB-002436,0,0,,M15_C1_OB_FVG,1.5,,M15
,,False,0,OB,21486.6,21594.4,0,FVG-012966|OB-002436,21489.4,21495.8,,,HYPOTHETICAL_SCENARIO_NOT_BROKER_FACT,2025-01-29 00:00:00,2025-01-30 17:30:00,BEARISH,,,,D1-20250129-BEARISH,OB_MITIGATED_BEFORE_MIDPOINT,,,MLR-TECH-ABL-001,2025-01-31 00:00:00,PREVIOUSLY_EXPOSED_WINDOW,C1_OB_FVG,M1_BLOCK_TOUCH,OB_MITIGATED_BEFORE_MIDPOINT,NO_FILL,0,0,,,,TECHNICAL_ONLY_ABLATION,,,NO_FILL,QRP-MACRO-LIQUIDITY-REVERSAL-001,0,,NORMALIZED_MEDIUM_COST,D1-20250129-BEARISH-M15-C1_OB_FVG-FVG-012966-OB-002436,0,0,,M15_C1_OB_FVG,1.5,,M15
,,False,0,OB,21486.6,21594.4,0,FVG-012966|OB-002436,21489.4,21495.8,,,HYPOTHETICAL_SCENARIO_NOT_BROKER_FACT,2025-01-29 00:00:00,2025-01-30 17:30:00,BEARISH,,,,D1-20250129-BEARISH,OB_MITIGATED_BEFORE_MIDPOINT,,,MLR-TECH-ABL-001,2025-01-31 00:00:00,PREVIOUSLY_EXPOSED_WINDOW,C1_OB_FVG,M1_BLOCK_TOUCH,OB_MITIGATED_BEFORE_MIDPOINT,NO_FILL,0,0,,,,TECHNICAL_ONLY_ABLATION,,,NO_FILL,QRP-MACRO-LIQUIDITY-REVERSAL-001,0,,NORMALIZED_HIGH_COST,D1-20250129-BEARISH-M15-C1_OB_FVG-FVG-012966-OB-002436,0,0,,M15_C1_OB_FVG,1.5,,M15
,,False,0,OB,20467.0,20498.3,0,FVG-013116|OB-002464,20467.0,20486.0,,,HYPOTHETICAL_SCENARIO_NOT_BROKER_FACT,2025-03-04 00:00:00,2025-03-05 10:30:00,BULLISH,,,,D1-20250304-BULLISH,OB_MITIGATED_BEFORE_MIDPOINT,,,MLR-TECH-ABL-001,2025-03-06 00:00:00,PREVIOUSLY_EXPOSED_WINDOW,C1_OB_FVG,M1_BLOCK_TOUCH,OB_MITIGATED_BEFORE_MIDPOINT,NO_FILL,0,0,,,,TECHNICAL_ONLY_ABLATION,,,NO_FILL,QRP-MACRO-LIQUIDITY-REVERSAL-001,0,,NORMALIZED_LOW_COST,D1-20250304-BULLISH-M15-C1_OB_FVG-FVG-013116-OB-002464,0,0,,M15_C1_OB_FVG,1.5,,M15
,,False,0,OB,20467.0,20498.3,0,FVG-013116|OB-002464,20467.0,20486.0,,,HYPOTHETICAL_SCENARIO_NOT_BROKER_FACT,2025-03-04 00:00:00,2025-03-05 10:30:00,BULLISH,,,,D1-20250304-BULLISH,OB_MITIGATED_BEFORE_MIDPOINT,,,MLR-TECH-ABL-001,2025-03-06 00:00:00,PREVIOUSLY_EXPOSED_WINDOW,C1_OB_FVG,M1_BLOCK_TOUCH,OB_MITIGATED_BEFORE_MIDPOINT,NO_FILL,0,0,,,,TECHNICAL_ONLY_ABLATION,,,NO_FILL,QRP-MACRO-LIQUIDITY-REVERSAL-001,0,,NORMALIZED_MEDIUM_COST,D1-20250304-BULLISH-M15-C1_OB_FVG-FVG-013116-OB-002464,0,0,,M15_C1_OB_FVG,1.5,,M15
,,False,0,OB,20467.0,20498.3,0,FVG-013116|OB-002464,20467.0,20486.0,,,HYPOTHETICAL_SCENARIO_NOT_BROKER_FACT,2025-03-04 00:00:00,2025-03-05 10:30:00,BULLISH,,,,D1-20250304-BULLISH,OB_MITIGATED_BEFORE_MIDPOINT,,,MLR-TECH-ABL-001,2025-03-06 00:00:00,PREVIOUSLY_EXPOSED_WINDOW,C1_OB_FVG,M1_BLOCK_TOUCH,OB_MITIGATED_BEFORE_MIDPOINT,NO_FILL,0,0,,,,TECHNICAL_ONLY_ABLATION,,,NO_FILL,QRP-MACRO-LIQUIDITY-REVERSAL-001,0,,NORMALIZED_HIGH_COST,D1-20250304-BULLISH-M15-C1_OB_FVG-FVG-013116-OB-002464,0,0,,M15_C1_OB_FVG,1.5,,M15
,,False,0,OB,21314.1,21368.0,0,FVG-013323|OB-002501,21314.1,21319.3,,,HYPOTHETICAL_SCENARIO_NOT_BROKER_FACT,2025-05-15 00:00:00,2025-05-16 17:45:00,BEARISH,,,,D1-20250515-BEARISH,OB_MITIGATED_BEFORE_MIDPOINT,,,MLR-TECH-ABL-001,2025-05-17 00:00:00,PREVIOUSLY_EXPOSED_WINDOW,C1_OB_FVG,M1_BLOCK_TOUCH,OB_MITIGATED_BEFORE_MIDPOINT,NO_FILL,0,0,,,,TECHNICAL_ONLY_ABLATION,,,NO_FILL,QRP-MACRO-LIQUIDITY-REVERSAL-001,0,,NORMALIZED_LOW_COST,D1-20250515-BEARISH-M15-C1_OB_FVG-FVG-013323-OB-002501,0,0,,M15_C1_OB_FVG,1.5,,M15
,,False,0,OB,21314.1,21368.0,0,FVG-013323|OB-002501,21314.1,21319.3,,,HYPOTHETICAL_SCENARIO_NOT_BROKER_FACT,2025-05-15 00:00:00,2025-05-16 17:45:00,BEARISH,,,,D1-20250515-BEARISH,OB_MITIGATED_BEFORE_MIDPOINT,,,MLR-TECH-ABL-001,2025-05-17 00:00:00,PREVIOUSLY_EXPOSED_WINDOW,C1_OB_FVG,M1_BLOCK_TOUCH,OB_MITIGATED_BEFORE_MIDPOINT,NO_FILL,0,0,,,,TECHNICAL_ONLY_ABLATION,,,NO_FILL,QRP-MACRO-LIQUIDITY-REVERSAL-001,0,,NORMALIZED_MEDIUM_COST,D1-20250515-BEARISH-M15-C1_OB_FVG-FVG-013323-OB-002501,0,0,,M15_C1_OB_FVG,1.5,,M15
,,False,0,OB,21314.1,21368.0,0,FVG-013323|OB-002501,21314.1,21319.3,,,HYPOTHETICAL_SCENARIO_NOT_BROKER_FACT,2025-05-15 00:00:00,2025-05-16 17:45:00,BEARISH,,,,D1-20250515-BEARISH,OB_MITIGATED_BEFORE_MIDPOINT,,,MLR-TECH-ABL-001,2025-05-17 00:00:00,PREVIOUSLY_EXPOSED_WINDOW,C1_OB_FVG,M1_BLOCK_TOUCH,OB_MITIGATED_BEFORE_MIDPOINT,NO_FILL,0,0,,,,TECHNICAL_ONLY_ABLATION,,,NO_FILL,QRP-MACRO-LIQUIDITY-REVERSAL-001,0,,NORMALIZED_HIGH_COST,D1-20250515-BEARISH-M15-C1_OB_FVG-FVG-013323-OB-002501,0,0,,M15_C1_OB_FVG,1.5,,M15
,,False,0,OB,21656.0,21706.1,0,FVG-013537|OB-002538,21680.1,21689.0,,,HYPOTHETICAL_SCENARIO_NOT_BROKER_FACT,2025-06-04 00:00:00,2025-06-05 22:30:00,BEARISH,,,,D1-20250604-BEARISH,MIDPOINT_NOT_STRICTLY_PENETRATED,,,MLR-TECH-ABL-001,2025-06-06 00:00:00,PREVIOUSLY_EXPOSED_WINDOW,C1_OB_FVG,M1_PATH,MIDPOINT_NOT_STRICTLY_PENETRATED,NO_FILL,0,0,,,,TECHNICAL_ONLY_ABLATION,,,NO_FILL,QRP-MACRO-LIQUIDITY-REVERSAL-001,0,,NORMALIZED_LOW_COST,D1-20250604-BEARISH-M15-C1_OB_FVG-FVG-013537-OB-002538,0,0,,M15_C1_OB_FVG,1.5,,M15
,,False,0,OB,21656.0,21706.1,0,FVG-013537|OB-002538,21680.1,21689.0,,,HYPOTHETICAL_SCENARIO_NOT_BROKER_FACT,2025-06-04 00:00:00,2025-06-05 22:30:00,BEARISH,,,,D1-20250604-BEARISH,MIDPOINT_NOT_STRICTLY_PENETRATED,,,MLR-TECH-ABL-001,2025-06-06 00:00:00,PREVIOUSLY_EXPOSED_WINDOW,C1_OB_FVG,M1_PATH,MIDPOINT_NOT_STRICTLY_PENETRATED,NO_FILL,0,0,,,,TECHNICAL_ONLY_ABLATION,,,NO_FILL,QRP-MACRO-LIQUIDITY-REVERSAL-001,0,,NORMALIZED_MEDIUM_COST,D1-20250604-BEARISH-M15-C1_OB_FVG-FVG-013537-OB-002538,0,0,,M15_C1_OB_FVG,1.5,,M15
,,False,0,OB,21656.0,21706.1,0,FVG-013537|OB-002538,21680.1,21689.0,,,HYPOTHETICAL_SCENARIO_NOT_BROKER_FACT,2025-06-04 00:00:00,2025-06-05 22:30:00,BEARISH,,,,D1-20250604-BEARISH,MIDPOINT_NOT_STRICTLY_PENETRATED,,,MLR-TECH-ABL-001,2025-06-06 00:00:00,PREVIOUSLY_EXPOSED_WINDOW,C1_OB_FVG,M1_PATH,MIDPOINT_NOT_STRICTLY_PENETRATED,NO_FILL,0,0,,,,TECHNICAL_ONLY_ABLATION,,,NO_FILL,QRP-MACRO-LIQUIDITY-REVERSAL-001,0,,NORMALIZED_HIGH_COST,D1-20250604-BEARISH-M15-C1_OB_FVG-FVG-013537-OB-002538,0,0,,M15_C1_OB_FVG,1.5,,M15
21912.949999999997,21923.3,False,1,OB,21912.3,21922.3,1.0,FVG-013758|OB-002581,21912.3,21913.6,21912.199999999997,21924.05,HYPOTHETICAL_SCENARIO_NOT_BROKER_FACT,2025-06-09 00:00:00,2025-06-10 07:30:00,BEARISH,2025-06-10 21:56:00,2025-06-10 21:57:00,21912.949999999997,D1-20250609-BEARISH,ENTRY_BAR_STOP_ADVERSE,21923.3,2025-06-10 21:57:00,MLR-TECH-ABL-001,2025-06-11 00:00:00,PREVIOUSLY_EXPOSED_WINDOW,C1_OB_FVG,M1_STRICT_PENETRATION_NO_FAVORABLE_IMPROVEMENT,STRICT_M1_LIMIT_PENETRATION,FILLED,0,0,-10.350000000003,-0.8054474708171660433920271208,0.0,TECHNICAL_ONLY_ABLATION,-12.850000000003,-1,LOSS_1R,QRP-MACRO-LIQUIDITY-REVERSAL-001,0,12.850000000003,NORMALIZED_LOW_COST,D1-20250609-BEARISH-M15-C1_OB_FVG-FVG-013758-OB-002581,0.50,1,21923.3,M15_C1_OB_FVG,1.5,21893.6749999999925,M15
21912.949999999997,21924.3,False,1,OB,21912.3,21922.3,2,FVG-013758|OB-002581,21912.3,21913.6,21911.449999999997,21925.8,HYPOTHETICAL_SCENARIO_NOT_BROKER_FACT,2025-06-09 00:00:00,2025-06-10 07:30:00,BEARISH,2025-06-10 21:56:00,2025-06-10 21:57:00,21912.949999999997,D1-20250609-BEARISH,ENTRY_BAR_STOP_ADVERSE,21924.3,2025-06-10 21:57:00,MLR-TECH-ABL-001,2025-06-11 00:00:00,PREVIOUSLY_EXPOSED_WINDOW,C1_OB_FVG,M1_STRICT_PENETRATION_NO_FAVORABLE_IMPROVEMENT,STRICT_M1_LIMIT_PENETRATION,FILLED,0,0.0,-11.350000000003,-0.6941896024465392924276856503,0.0,TECHNICAL_ONLY_ABLATION,-16.350000000003,-1,LOSS_1R,QRP-MACRO-LIQUIDITY-REVERSAL-001,0,16.350000000003,NORMALIZED_MEDIUM_COST,D1-20250609-BEARISH-M15-C1_OB_FVG-FVG-013758-OB-002581,1.0,2,21924.3,M15_C1_OB_FVG,1.5,21888.4249999999925,M15
21912.949999999997,21928.3,False,1,OB,21912.3,21922.3,4,FVG-013758|OB-002581,21912.3,21913.6,21908.449999999997,21932.8,HYPOTHETICAL_SCENARIO_NOT_BROKER_FACT,2025-06-09 00:00:00,2025-06-10 07:30:00,BEARISH,2025-06-10 21:56:00,2025-06-10 21:57:00,21912.949999999997,D1-20250609-BEARISH,ENTRY_BAR_STOP_ADVERSE,21928.3,2025-06-10 21:57:00,MLR-TECH-ABL-001,2025-06-11 00:00:00,PREVIOUSLY_EXPOSED_WINDOW,C1_OB_FVG,M1_STRICT_PENETRATION_NO_FAVORABLE_IMPROVEMENT,STRICT_M1_LIMIT_PENETRATION,FILLED,0,0.00,-15.350000000003,-0.5414462081129233037522279094,0.0,TECHNICAL_ONLY_ABLATION,-28.350000000003,-1,LOSS_1R,QRP-MACRO-LIQUIDITY-REVERSAL-001,0,28.350000000003,NORMALIZED_HIGH_COST,D1-20250609-BEARISH-M15-C1_OB_FVG-FVG-013758-OB-002581,3.0,6,21928.3,M15_C1_OB_FVG,1.5,21870.4249999999925,M15
23868.45,23841.525,False,4,OB,23865.7,23882.9,1.0,FVG-014336|OB-002697,23865.7,23871.2,23867.70,23842.275,HYPOTHETICAL_SCENARIO_NOT_BROKER_FACT,2025-08-13 00:00:00,2025-08-14 15:45:00,BEARISH,2025-08-14 16:51:00,2025-08-14 16:52:00,23868.45,D1-20250813-BEARISH,TARGET_1_5R,23841.525,2025-08-14 16:55:00,MLR-TECH-ABL-001,2025-08-15 00:00:00,PREVIOUSLY_EXPOSED_WINDOW,C1_OB_FVG,M1_STRICT_PENETRATION_NO_FAVORABLE_IMPROVEMENT,STRICT_M1_LIMIT_PENETRATION,FILLED,0,0,26.925,1.5,0.05,TECHNICAL_ONLY_ABLATION,24.425,1.360724233983286908077994429,WIN_TARGET_1_5R,QRP-MACRO-LIQUIDITY-REVERSAL-001,0,17.95,NORMALIZED_LOW_COST,D1-20250813-BEARISH-M15-C1_OB_FVG-FVG-014336-OB-002697,0.50,1,23883.9,M15_C1_OB_FVG,1.5,23841.525,M15
23868.45,23836.275,False,5,OB,23865.7,23882.9,2,FVG-014336|OB-002697,23865.7,23871.2,23866.95,23837.775,HYPOTHETICAL_SCENARIO_NOT_BROKER_FACT,2025-08-13 00:00:00,2025-08-14 15:45:00,BEARISH,2025-08-14 16:51:00,2025-08-14 16:52:00,23868.45,D1-20250813-BEARISH,TARGET_1_5R,23836.275,2025-08-14 16:56:00,MLR-TECH-ABL-001,2025-08-15 00:00:00,PREVIOUSLY_EXPOSED_WINDOW,C1_OB_FVG,M1_STRICT_PENETRATION_NO_FAVORABLE_IMPROVEMENT,STRICT_M1_LIMIT_PENETRATION,FILLED,0,0.0,32.175,1.5,0.06666666666666667,TECHNICAL_ONLY_ABLATION,27.175,1.266899766899766899766899767,WIN_TARGET_1_5R,QRP-MACRO-LIQUIDITY-REVERSAL-001,0,21.45,NORMALIZED_MEDIUM_COST,D1-20250813-BEARISH-M15-C1_OB_FVG-FVG-014336-OB-002697,1.0,2,23884.9,M15_C1_OB_FVG,1.5,23836.275,M15
23868.45,23888.9,False,41,OB,23865.7,23882.9,4,FVG-014336|OB-002697,23865.7,23871.2,23863.95,23893.4,HYPOTHETICAL_SCENARIO_NOT_BROKER_FACT,2025-08-13 00:00:00,2025-08-14 15:45:00,BEARISH,2025-08-14 16:51:00,2025-08-14 16:52:00,23868.45,D1-20250813-BEARISH,STOP,23888.9,2025-08-14 17:32:00,MLR-TECH-ABL-001,2025-08-15 00:00:00,PREVIOUSLY_EXPOSED_WINDOW,C1_OB_FVG,M1_STRICT_PENETRATION_NO_FAVORABLE_IMPROVEMENT,STRICT_M1_LIMIT_PENETRATION,FILLED,0,0.00,-20.45,-0.6113602391629297458893871450,0.6666666666666666,TECHNICAL_ONLY_ABLATION,-33.45,-1,LOSS_1R,QRP-MACRO-LIQUIDITY-REVERSAL-001,0,33.45,NORMALIZED_HIGH_COST,D1-20250813-BEARISH-M15-C1_OB_FVG-FVG-014336-OB-002697,3.0,6,23888.9,M15_C1_OB_FVG,1.5,23818.275,M15
,,False,0,OB,25160.7,25190.7,0,FVG-014516|OB-002728,25160.7,25171.8,,,HYPOTHETICAL_SCENARIO_NOT_BROKER_FACT,2025-10-21 00:00:00,2025-10-22 10:30:00,BEARISH,,,,D1-20251021-BEARISH,MIDPOINT_NOT_STRICTLY_PENETRATED,,,MLR-TECH-ABL-001,2025-10-23 00:00:00,PREVIOUSLY_EXPOSED_WINDOW,C1_OB_FVG,M1_PATH,MIDPOINT_NOT_STRICTLY_PENETRATED,NO_FILL,0,0,,,,TECHNICAL_ONLY_ABLATION,,,NO_FILL,QRP-MACRO-LIQUIDITY-REVERSAL-001,0,,NORMALIZED_LOW_COST,D1-20251021-BEARISH-M15-C1_OB_FVG-FVG-014516-OB-002728,0,0,,M15_C1_OB_FVG,1.5,,M15
,,False,0,OB,25160.7,25190.7,0,FVG-014516|OB-002728,25160.7,25171.8,,,HYPOTHETICAL_SCENARIO_NOT_BROKER_FACT,2025-10-21 00:00:00,2025-10-22 10:30:00,BEARISH,,,,D1-20251021-BEARISH,MIDPOINT_NOT_STRICTLY_PENETRATED,,,MLR-TECH-ABL-001,2025-10-23 00:00:00,PREVIOUSLY_EXPOSED_WINDOW,C1_OB_FVG,M1_PATH,MIDPOINT_NOT_STRICTLY_PENETRATED,NO_FILL,0,0,,,,TECHNICAL_ONLY_ABLATION,,,NO_FILL,QRP-MACRO-LIQUIDITY-REVERSAL-001,0,,NORMALIZED_MEDIUM_COST,D1-20251021-BEARISH-M15-C1_OB_FVG-FVG-014516-OB-002728,0,0,,M15_C1_OB_FVG,1.5,,M15
,,False,0,OB,25160.7,25190.7,0,FVG-014516|OB-002728,25160.7,25171.8,,,HYPOTHETICAL_SCENARIO_NOT_BROKER_FACT,2025-10-21 00:00:00,2025-10-22 10:30:00,BEARISH,,,,D1-20251021-BEARISH,MIDPOINT_NOT_STRICTLY_PENETRATED,,,MLR-TECH-ABL-001,2025-10-23 00:00:00,PREVIOUSLY_EXPOSED_WINDOW,C1_OB_FVG,M1_PATH,MIDPOINT_NOT_STRICTLY_PENETRATED,NO_FILL,0,0,,,,TECHNICAL_ONLY_ABLATION,,,NO_FILL,QRP-MACRO-LIQUIDITY-REVERSAL-001,0,,NORMALIZED_HIGH_COST,D1-20251021-BEARISH-M15-C1_OB_FVG-FVG-014516-OB-002728,0,0,,M15_C1_OB_FVG,1.5,,M15
,,False,0,OB,25762.4,25873.4,0,FVG-014738|OB-002770,25762.4,25772.7,,,HYPOTHETICAL_SCENARIO_NOT_BROKER_FACT,2026-01-12 00:00:00,2026-01-13 17:30:00,BEARISH,,,,D1-20260112-BEARISH,OB_MITIGATED_BEFORE_MIDPOINT,,,MLR-TECH-ABL-001,2026-01-14 00:00:00,PREVIOUSLY_EXPOSED_WINDOW,C1_OB_FVG,M1_BLOCK_TOUCH,OB_MITIGATED_BEFORE_MIDPOINT,NO_FILL,0,0,,,,TECHNICAL_ONLY_ABLATION,,,NO_FILL,QRP-MACRO-LIQUIDITY-REVERSAL-001,0,,NORMALIZED_LOW_COST,D1-20260112-BEARISH-M15-C1_OB_FVG-FVG-014738-OB-002770,0,0,,M15_C1_OB_FVG,1.5,,M15
,,False,0,OB,25762.4,25873.4,0,FVG-014738|OB-002770,25762.4,25772.7,,,HYPOTHETICAL_SCENARIO_NOT_BROKER_FACT,2026-01-12 00:00:00,2026-01-13 17:30:00,BEARISH,,,,D1-20260112-BEARISH,OB_MITIGATED_BEFORE_MIDPOINT,,,MLR-TECH-ABL-001,2026-01-14 00:00:00,PREVIOUSLY_EXPOSED_WINDOW,C1_OB_FVG,M1_BLOCK_TOUCH,OB_MITIGATED_BEFORE_MIDPOINT,NO_FILL,0,0,,,,TECHNICAL_ONLY_ABLATION,,,NO_FILL,QRP-MACRO-LIQUIDITY-REVERSAL-001,0,,NORMALIZED_MEDIUM_COST,D1-20260112-BEARISH-M15-C1_OB_FVG-FVG-014738-OB-002770,0,0,,M15_C1_OB_FVG,1.5,,M15
,,False,0,OB,25762.4,25873.4,0,FVG-014738|OB-002770,25762.4,25772.7,,,HYPOTHETICAL_SCENARIO_NOT_BROKER_FACT,2026-01-12 00:00:00,2026-01-13 17:30:00,BEARISH,,,,D1-20260112-BEARISH,OB_MITIGATED_BEFORE_MIDPOINT,,,MLR-TECH-ABL-001,2026-01-14 00:00:00,PREVIOUSLY_EXPOSED_WINDOW,C1_OB_FVG,M1_BLOCK_TOUCH,OB_MITIGATED_BEFORE_MIDPOINT,NO_FILL,0,0,,,,TECHNICAL_ONLY_ABLATION,,,NO_FILL,QRP-MACRO-LIQUIDITY-REVERSAL-001,0,,NORMALIZED_HIGH_COST,D1-20260112-BEARISH-M15-C1_OB_FVG-FVG-014738-OB-002770,0,0,,M15_C1_OB_FVG,1.5,,M15
,,False,0,OB,24556.9,24635.6,0,FVG-014960|OB-002809,24556.9,24578.7,,,HYPOTHETICAL_SCENARIO_NOT_BROKER_FACT,2026-02-27 00:00:00,2026-03-02 16:45:00,BULLISH,,,,D1-20260227-BULLISH,MIDPOINT_NOT_STRICTLY_PENETRATED,,,MLR-TECH-ABL-001,2026-03-03 00:00:00,PREVIOUSLY_EXPOSED_WINDOW,C1_OB_FVG,M1_PATH,MIDPOINT_NOT_STRICTLY_PENETRATED,NO_FILL,0,0,,,,TECHNICAL_ONLY_ABLATION,,,NO_FILL,QRP-MACRO-LIQUIDITY-REVERSAL-001,0,,NORMALIZED_LOW_COST,D1-20260227-BULLISH-M15-C1_OB_FVG-FVG-014960-OB-002809,0,0,,M15_C1_OB_FVG,1.5,,M15
,,False,0,OB,24556.9,24635.6,0,FVG-014960|OB-002809,24556.9,24578.7,,,HYPOTHETICAL_SCENARIO_NOT_BROKER_FACT,2026-02-27 00:00:00,2026-03-02 16:45:00,BULLISH,,,,D1-20260227-BULLISH,MIDPOINT_NOT_STRICTLY_PENETRATED,,,MLR-TECH-ABL-001,2026-03-03 00:00:00,PREVIOUSLY_EXPOSED_WINDOW,C1_OB_FVG,M1_PATH,MIDPOINT_NOT_STRICTLY_PENETRATED,NO_FILL,0,0,,,,TECHNICAL_ONLY_ABLATION,,,NO_FILL,QRP-MACRO-LIQUIDITY-REVERSAL-001,0,,NORMALIZED_MEDIUM_COST,D1-20260227-BULLISH-M15-C1_OB_FVG-FVG-014960-OB-002809,0,0,,M15_C1_OB_FVG,1.5,,M15
,,False,0,OB,24556.9,24635.6,0,FVG-014960|OB-002809,24556.9,24578.7,,,HYPOTHETICAL_SCENARIO_NOT_BROKER_FACT,2026-02-27 00:00:00,2026-03-02 16:45:00,BULLISH,,,,D1-20260227-BULLISH,MIDPOINT_NOT_STRICTLY_PENETRATED,,,MLR-TECH-ABL-001,2026-03-03 00:00:00,PREVIOUSLY_EXPOSED_WINDOW,C1_OB_FVG,M1_PATH,MIDPOINT_NOT_STRICTLY_PENETRATED,NO_FILL,0,0,,,,TECHNICAL_ONLY_ABLATION,,,NO_FILL,QRP-MACRO-LIQUIDITY-REVERSAL-001,0,,NORMALIZED_HIGH_COST,D1-20260227-BULLISH-M15-C1_OB_FVG-FVG-014960-OB-002809,0,0,,M15_C1_OB_FVG,1.5,,M15
6241.299999999999,6232.8999999999975,False,42,BREAKER,6240.9,6243.4,1.0,FVG-000276|BREAKER-000037,6240.9,6241.7,6240.549999999999,6233.6499999999975,HYPOTHETICAL_SCENARIO_NOT_BROKER_FACT,2017-11-01 00:00:00,2017-11-02 17:00:00,BEARISH,2017-11-02 21:40:00,2017-11-02 21:41:00,6241.299999999999,D1-20171101-BEARISH,TARGET_1_5R,6232.8999999999975,2017-11-02 22:22:00,MLR-TECH-ABL-001,2017-11-03 00:00:00,PREVIOUSLY_EXPOSED_WINDOW,C2_FVG_BREAKER,M1_STRICT_PENETRATION_NO_FAVORABLE_IMPROVEMENT,STRICT_M1_LIMIT_PENETRATION,FILLED,0,0,8.4000000000015,1.5,0.6833333333333333,TECHNICAL_ONLY_ABLATION,5.9000000000015,1.053571428571508290816326516,WIN_TARGET_1_5R,QRP-MACRO-LIQUIDITY-REVERSAL-001,0,5.600000000001,NORMALIZED_LOW_COST,D1-20171101-BEARISH-M15-C2_FVG_BREAKER-FVG-000276-BREAKER-000037,0.50,1,6244.4,M15_C2_FVG_BREAKER,1.5,6232.8999999999975,M15
6241.299999999999,6245.4,False,105,BREAKER,6240.9,6243.4,2,FVG-000276|BREAKER-000037,6240.9,6241.7,6239.799999999999,6246.9,HYPOTHETICAL_SCENARIO_NOT_BROKER_FACT,2017-11-01 00:00:00,2017-11-02 17:00:00,BEARISH,2017-11-02 21:40:00,2017-11-02 21:41:00,6241.299999999999,D1-20171101-BEARISH,STOP,6245.4,2017-11-02 23:31:00,MLR-TECH-ABL-001,2017-11-03 00:00:00,PREVIOUSLY_EXPOSED_WINDOW,C2_FVG_BREAKER,M1_STRICT_PENETRATION_NO_FAVORABLE_IMPROVEMENT,STRICT_M1_LIMIT_PENETRATION,FILLED,0,0.0,-4.100000000001,-0.4505494505495109286318077461,1.8333333333333333,TECHNICAL_ONLY_ABLATION,-9.100000000001,-1,LOSS_1R,QRP-MACRO-LIQUIDITY-REVERSAL-001,0,9.100000000001,NORMALIZED_MEDIUM_COST,D1-20171101-BEARISH-M15-C2_FVG_BREAKER-FVG-000276-BREAKER-000037,1.0,2,6245.4,M15_C2_FVG_BREAKER,1.5,6227.6499999999975,M15
6241.299999999999,6249.4,False,105,BREAKER,6240.9,6243.4,4,FVG-000276|BREAKER-000037,6240.9,6241.7,6236.799999999999,6253.9,HYPOTHETICAL_SCENARIO_NOT_BROKER_FACT,2017-11-01 00:00:00,2017-11-02 17:00:00,BEARISH,2017-11-02 21:40:00,2017-11-02 21:41:00,6241.299999999999,D1-20171101-BEARISH,STOP,6249.4,2017-11-02 23:31:00,MLR-TECH-ABL-001,2017-11-03 00:00:00,PREVIOUSLY_EXPOSED_WINDOW,C2_FVG_BREAKER,M1_STRICT_PENETRATION_NO_FAVORABLE_IMPROVEMENT,STRICT_M1_LIMIT_PENETRATION,FILLED,0,0.00,-8.100000000001,-0.3838862559241998158172547773,1.8333333333333333,TECHNICAL_ONLY_ABLATION,-21.100000000001,-1,LOSS_1R,QRP-MACRO-LIQUIDITY-REVERSAL-001,0,21.100000000001,NORMALIZED_HIGH_COST,D1-20171101-BEARISH-M15-C2_FVG_BREAKER-FVG-000276-BREAKER-000037,3.0,6,6249.4,M15_C2_FVG_BREAKER,1.5,6209.6499999999975,M15
6661.35,6660.2,False,1,BREAKER,6661.2,6677.4,1.0,FVG-000735|BREAKER-000085,6661.2,6661.5,6662.10,6659.45,HYPOTHETICAL_SCENARIO_NOT_BROKER_FACT,2018-04-23 00:00:00,2018-04-24 08:45:00,BULLISH,2018-04-24 16:54:00,2018-04-24 16:55:00,6661.35,D1-20180423-BULLISH,ENTRY_BAR_STOP_ADVERSE,6660.2,2018-04-24 16:55:00,MLR-TECH-ABL-001,2018-04-25 00:00:00,PREVIOUSLY_EXPOSED_WINDOW,C2_FVG_BREAKER,M1_STRICT_PENETRATION_NO_FAVORABLE_IMPROVEMENT,STRICT_M1_LIMIT_PENETRATION,FILLED,0,0,-1.15,-0.3150684931506849315068493151,0.0,TECHNICAL_ONLY_ABLATION,-3.65,-1,LOSS_1R,QRP-MACRO-LIQUIDITY-REVERSAL-001,0,3.65,NORMALIZED_LOW_COST,D1-20180423-BULLISH-M15-C2_FVG_BREAKER-FVG-000735-BREAKER-000085,0.50,1,6660.2,M15_C2_FVG_BREAKER,1.5,6666.825,M15
6661.35,6659.2,False,1,BREAKER,6661.2,6677.4,2,FVG-000735|BREAKER-000085,6661.2,6661.5,6662.85,6657.7,HYPOTHETICAL_SCENARIO_NOT_BROKER_FACT,2018-04-23 00:00:00,2018-04-24 08:45:00,BULLISH,2018-04-24 16:54:00,2018-04-24 16:55:00,6661.35,D1-20180423-BULLISH,ENTRY_BAR_STOP_ADVERSE,6659.2,2018-04-24 16:55:00,MLR-TECH-ABL-001,2018-04-25 00:00:00,PREVIOUSLY_EXPOSED_WINDOW,C2_FVG_BREAKER,M1_STRICT_PENETRATION_NO_FAVORABLE_IMPROVEMENT,STRICT_M1_LIMIT_PENETRATION,FILLED,0,0.0,-2.15,-0.3006993006993006993006993007,0.0,TECHNICAL_ONLY_ABLATION,-7.15,-1,LOSS_1R,QRP-MACRO-LIQUIDITY-REVERSAL-001,0,7.15,NORMALIZED_MEDIUM_COST,D1-20180423-BULLISH-M15-C2_FVG_BREAKER-FVG-000735-BREAKER-000085,1.0,2,6659.2,M15_C2_FVG_BREAKER,1.5,6672.075,M15
6661.35,6655.2,False,1,BREAKER,6661.2,6677.4,4,FVG-000735|BREAKER-000085,6661.2,6661.5,6665.85,6650.7,HYPOTHETICAL_SCENARIO_NOT_BROKER_FACT,2018-04-23 00:00:00,2018-04-24 08:45:00,BULLISH,2018-04-24 16:54:00,2018-04-24 16:55:00,6661.35,D1-20180423-BULLISH,ENTRY_BAR_STOP_ADVERSE,6655.2,2018-04-24 16:55:00,MLR-TECH-ABL-001,2018-04-25 00:00:00,PREVIOUSLY_EXPOSED_WINDOW,C2_FVG_BREAKER,M1_STRICT_PENETRATION_NO_FAVORABLE_IMPROVEMENT,STRICT_M1_LIMIT_PENETRATION,FILLED,0,0.00,-6.15,-0.3211488250652741514360313316,0.0,TECHNICAL_ONLY_ABLATION,-19.15,-1,LOSS_1R,QRP-MACRO-LIQUIDITY-REVERSAL-001,0,19.15,NORMALIZED_HIGH_COST,D1-20180423-BULLISH-M15-C2_FVG_BREAKER-FVG-000735-BREAKER-000085,3.0,6,6655.2,M15_C2_FVG_BREAKER,1.5,6690.075,M15
6970.8,6975.5,False,23,BREAKER,6969.3,6974.5,1.0,FVG-000978|BREAKER-000107,6969.8,6971.8,6970.05,6976.25,HYPOTHETICAL_SCENARIO_NOT_BROKER_FACT,2018-05-11 00:00:00,2018-05-14 21:30:00,BEARISH,2018-05-14 21:35:00,2018-05-14 21:36:00,6970.8,D1-20180511-BEARISH,STOP,6975.5,2018-05-14 21:58:00,MLR-TECH-ABL-001,2018-05-15 00:00:00,PREVIOUSLY_EXPOSED_WINDOW,C2_FVG_BREAKER,M1_STRICT_PENETRATION_NO_FAVORABLE_IMPROVEMENT,STRICT_M1_LIMIT_PENETRATION,FILLED,0,0,-4.7,-0.6527777777777777777777777778,0.36666666666666664,TECHNICAL_ONLY_ABLATION,-7.20,-1,LOSS_1R,QRP-MACRO-LIQUIDITY-REVERSAL-001,0,7.20,NORMALIZED_LOW_COST,D1-20180511-BEARISH-M15-C2_FVG_BREAKER-FVG-000978-BREAKER-000107,0.50,1,6975.5,M15_C2_FVG_BREAKER,1.5,6960.000,M15
6970.8,6976.5,False,27,BREAKER,6969.3,6974.5,2,FVG-000978|BREAKER-000107,6969.8,6971.8,6969.3,6978.0,HYPOTHETICAL_SCENARIO_NOT_BROKER_FACT,2018-05-11 00:00:00,2018-05-14 21:30:00,BEARISH,2018-05-14 21:35:00,2018-05-14 21:36:00,6970.8,D1-20180511-BEARISH,STOP,6976.5,2018-05-14 22:02:00,MLR-TECH-ABL-001,2018-05-15 00:00:00,PREVIOUSLY_EXPOSED_WINDOW,C2_FVG_BREAKER,M1_STRICT_PENETRATION_NO_FAVORABLE_IMPROVEMENT,STRICT_M1_LIMIT_PENETRATION,FILLED,0,0.0,-5.7,-0.5327102803738317757009345794,0.43333333333333335,TECHNICAL_ONLY_ABLATION,-10.7,-1,LOSS_1R,QRP-MACRO-LIQUIDITY-REVERSAL-001,0,10.7,NORMALIZED_MEDIUM_COST,D1-20180511-BEARISH-M15-C2_FVG_BREAKER-FVG-000978-BREAKER-000107,1.0,2,6976.5,M15_C2_FVG_BREAKER,1.5,6954.75,M15
6970.8,6965.1,False,130,BREAKER,6969.3,6974.5,4,FVG-000978|BREAKER-000107,6969.8,6971.8,6966.3,6969.6,HYPOTHETICAL_SCENARIO_NOT_BROKER_FACT,2018-05-11 00:00:00,2018-05-14 21:30:00,BEARISH,2018-05-14 21:35:00,2018-05-14 21:36:00,6970.8,D1-20180511-BEARISH,D1_CANDLE_3_EXPIRY,6965.1,2018-05-14 23:59:00,MLR-TECH-ABL-001,2018-05-15 00:00:00,PREVIOUSLY_EXPOSED_WINDOW,C2_FVG_BREAKER,M1_STRICT_PENETRATION_NO_FAVORABLE_IMPROVEMENT,STRICT_M1_LIMIT_PENETRATION,FILLED,0,0.00,5.7,0.2511013215859030837004405286,2.3833333333333333,TECHNICAL_ONLY_ABLATION,-7.30,-0.3215859030837004405286343612,TIMEOUT,QRP-MACRO-LIQUIDITY-REVERSAL-001,0,22.7,NORMALIZED_HIGH_COST,D1-20180511-BEARISH-M15-C2_FVG_BREAKER-FVG-000978-BREAKER-000107,3.0,6,6980.5,M15_C2_FVG_BREAKER,1.5,6936.75,M15
7362.700000000001,7352.6500000000025,False,12,BREAKER,7361.8,7365.9,1.0,FVG-001415|BREAKER-000153,7362.6,7362.8,7361.950000000001,7353.4000000000025,HYPOTHETICAL_SCENARIO_NOT_BROKER_FACT,2018-07-18 00:00:00,2018-07-19 17:15:00,BEARISH,2018-07-19 17:19:00,2018-07-19 17:20:00,7362.700000000001,D1-20180718-BEARISH,TARGET_1_5R,7352.6500000000025,2018-07-19 17:31:00,MLR-TECH-ABL-001,2018-07-20 00:00:00,PREVIOUSLY_EXPOSED_WINDOW,C2_FVG_BREAKER,M1_STRICT_PENETRATION_NO_FAVORABLE_IMPROVEMENT,STRICT_M1_LIMIT_PENETRATION,FILLED,0,0,10.0499999999985,1.5,0.18333333333333332,TECHNICAL_ONLY_ABLATION,7.5499999999985,1.126865671641735353085319662,WIN_TARGET_1_5R,QRP-MACRO-LIQUIDITY-REVERSAL-001,0,6.699999999999,NORMALIZED_LOW_COST,D1-20180718-BEARISH-M15-C2_FVG_BREAKER-FVG-001415-BREAKER-000153,0.50,1,7366.9,M15_C2_FVG_BREAKER,1.5,7352.6500000000025,M15
7362.700000000001,7347.4000000000025,False,13,BREAKER,7361.8,7365.9,2,FVG-001415|BREAKER-000153,7362.6,7362.8,7361.200000000001,7348.9000000000025,HYPOTHETICAL_SCENARIO_NOT_BROKER_FACT,2018-07-18 00:00:00,2018-07-19 17:15:00,BEARISH,2018-07-19 17:19:00,2018-07-19 17:20:00,7362.700000000001,D1-20180718-BEARISH,TARGET_1_5R,7347.4000000000025,2018-07-19 17:32:00,MLR-TECH-ABL-001,2018-07-20 00:00:00,PREVIOUSLY_EXPOSED_WINDOW,C2_FVG_BREAKER,M1_STRICT_PENETRATION_NO_FAVORABLE_IMPROVEMENT,STRICT_M1_LIMIT_PENETRATION,FILLED,0,0.0,15.2999999999985,1.5,0.2,TECHNICAL_ONLY_ABLATION,10.2999999999985,1.009803921568579392541330253,WIN_TARGET_1_5R,QRP-MACRO-LIQUIDITY-REVERSAL-001,0,10.199999999999,NORMALIZED_MEDIUM_COST,D1-20180718-BEARISH-M15-C2_FVG_BREAKER-FVG-001415-BREAKER-000153,1.0,2,7367.9,M15_C2_FVG_BREAKER,1.5,7347.4000000000025,M15
7362.700000000001,7371.9,False,49,BREAKER,7361.8,7365.9,4,FVG-001415|BREAKER-000153,7362.6,7362.8,7358.200000000001,7376.4,HYPOTHETICAL_SCENARIO_NOT_BROKER_FACT,2018-07-18 00:00:00,2018-07-19 17:15:00,BEARISH,2018-07-19 17:19:00,2018-07-19 17:20:00,7362.700000000001,D1-20180718-BEARISH,STOP,7371.9,2018-07-19 18:08:00,MLR-TECH-ABL-001,2018-07-20 00:00:00,PREVIOUSLY_EXPOSED_WINDOW,C2_FVG_BREAKER,M1_STRICT_PENETRATION_NO_FAVORABLE_IMPROVEMENT,STRICT_M1_LIMIT_PENETRATION,FILLED,0,0.00,-9.199999999999,-0.4144144144143880366853339814,0.8,TECHNICAL_ONLY_ABLATION,-22.199999999999,-1,LOSS_1R,QRP-MACRO-LIQUIDITY-REVERSAL-001,0,22.199999999999,NORMALIZED_HIGH_COST,D1-20180718-BEARISH-M15-C2_FVG_BREAKER-FVG-001415-BREAKER-000153,3.0,6,7371.9,M15_C2_FVG_BREAKER,1.5,7329.4000000000025,M15
,,False,0,BREAKER,7465.7,7476.5,0,FVG-001638|BREAKER-000181,7468.5,7473.8,,,HYPOTHETICAL_SCENARIO_NOT_BROKER_FACT,2018-08-08 00:00:00,2018-08-09 23:15:00,BEARISH,,,,D1-20180808-BEARISH,MIDPOINT_NOT_STRICTLY_PENETRATED,,,MLR-TECH-ABL-001,2018-08-10 00:00:00,PREVIOUSLY_EXPOSED_WINDOW,C2_FVG_BREAKER,M1_PATH,MIDPOINT_NOT_STRICTLY_PENETRATED,NO_FILL,0,0,,,,TECHNICAL_ONLY_ABLATION,,,NO_FILL,QRP-MACRO-LIQUIDITY-REVERSAL-001,0,,NORMALIZED_LOW_COST,D1-20180808-BEARISH-M15-C2_FVG_BREAKER-FVG-001638-BREAKER-000181,0,0,,M15_C2_FVG_BREAKER,1.5,,M15
,,False,0,BREAKER,7465.7,7476.5,0,FVG-001638|BREAKER-000181,7468.5,7473.8,,,HYPOTHETICAL_SCENARIO_NOT_BROKER_FACT,2018-08-08 00:00:00,2018-08-09 23:15:00,BEARISH,,,,D1-20180808-BEARISH,MIDPOINT_NOT_STRICTLY_PENETRATED,,,MLR-TECH-ABL-001,2018-08-10 00:00:00,PREVIOUSLY_EXPOSED_WINDOW,C2_FVG_BREAKER,M1_PATH,MIDPOINT_NOT_STRICTLY_PENETRATED,NO_FILL,0,0,,,,TECHNICAL_ONLY_ABLATION,,,NO_FILL,QRP-MACRO-LIQUIDITY-REVERSAL-001,0,,NORMALIZED_MEDIUM_COST,D1-20180808-BEARISH-M15-C2_FVG_BREAKER-FVG-001638-BREAKER-000181,0,0,,M15_C2_FVG_BREAKER,1.5,,M15
,,False,0,BREAKER,7465.7,7476.5,0,FVG-001638|BREAKER-000181,7468.5,7473.8,,,HYPOTHETICAL_SCENARIO_NOT_BROKER_FACT,2018-08-08 00:00:00,2018-08-09 23:15:00,BEARISH,,,,D1-20180808-BEARISH,MIDPOINT_NOT_STRICTLY_PENETRATED,,,MLR-TECH-ABL-001,2018-08-10 00:00:00,PREVIOUSLY_EXPOSED_WINDOW,C2_FVG_BREAKER,M1_PATH,MIDPOINT_NOT_STRICTLY_PENETRATED,NO_FILL,0,0,,,,TECHNICAL_ONLY_ABLATION,,,NO_FILL,QRP-MACRO-LIQUIDITY-REVERSAL-001,0,,NORMALIZED_HIGH_COST,D1-20180808-BEARISH-M15-C2_FVG_BREAKER-FVG-001638-BREAKER-000181,0,0,,M15_C2_FVG_BREAKER,1.5,,M15
7529.1,7533.5,False,79,BREAKER,7528.8,7532.5,1.0,FVG-001833|BREAKER-000200,7528.8,7529.4,7528.35,7534.25,HYPOTHETICAL_SCENARIO_NOT_BROKER_FACT,2018-09-14 00:00:00,2018-09-17 15:15:00,BEARISH,2018-09-17 15:15:00,2018-09-17 15:16:00,7529.1,D1-20180914-BEARISH,STOP,7533.5,2018-09-17 16:34:00,MLR-TECH-ABL-001,2018-09-18 00:00:00,PREVIOUSLY_EXPOSED_WINDOW,C2_FVG_BREAKER,M1_STRICT_PENETRATION_NO_FAVORABLE_IMPROVEMENT,STRICT_M1_LIMIT_PENETRATION,FILLED,0,0,-4.4,-0.6376811594202898550724637681,1.3,TECHNICAL_ONLY_ABLATION,-6.90,-1,LOSS_1R,QRP-MACRO-LIQUIDITY-REVERSAL-001,0,6.90,NORMALIZED_LOW_COST,D1-20180914-BEARISH-M15-C2_FVG_BREAKER-FVG-001833-BREAKER-000200,0.50,1,7533.5,M15_C2_FVG_BREAKER,1.5,7518.750,M15
7529.1,7534.5,False,79,BREAKER,7528.8,7532.5,2,FVG-001833|BREAKER-000200,7528.8,7529.4,7527.6,7536.0,HYPOTHETICAL_SCENARIO_NOT_BROKER_FACT,2018-09-14 00:00:00,2018-09-17 15:15:00,BEARISH,2018-09-17 15:15:00,2018-09-17 15:16:00,7529.1,D1-20180914-BEARISH,STOP,7534.5,2018-09-17 16:34:00,MLR-TECH-ABL-001,2018-09-18 00:00:00,PREVIOUSLY_EXPOSED_WINDOW,C2_FVG_BREAKER,M1_STRICT_PENETRATION_NO_FAVORABLE_IMPROVEMENT,STRICT_M1_LIMIT_PENETRATION,FILLED,0,0.0,-5.4,-0.5192307692307692307692307692,1.3,TECHNICAL_ONLY_ABLATION,-10.4,-1,LOSS_1R,QRP-MACRO-LIQUIDITY-REVERSAL-001,0,10.4,NORMALIZED_MEDIUM_COST,D1-20180914-BEARISH-M15-C2_FVG_BREAKER-FVG-001833-BREAKER-000200,1.0,2,7534.5,M15_C2_FVG_BREAKER,1.5,7513.50,M15
7529.1,7495.50,False,87,BREAKER,7528.8,7532.5,4,FVG-001833|BREAKER-000200,7528.8,7529.4,7524.6,7500.00,HYPOTHETICAL_SCENARIO_NOT_BROKER_FACT,2018-09-14 00:00:00,2018-09-17 15:15:00,BEARISH,2018-09-17 15:15:00,2018-09-17 15:16:00,7529.1,D1-20180914-BEARISH,TARGET_1_5R,7495.50,2018-09-17 16:42:00,MLR-TECH-ABL-001,2018-09-18 00:00:00,PREVIOUSLY_EXPOSED_WINDOW,C2_FVG_BREAKER,M1_STRICT_PENETRATION_NO_FAVORABLE_IMPROVEMENT,STRICT_M1_LIMIT_PENETRATION,FILLED,0,0.00,33.60,1.5,1.4333333333333333,TECHNICAL_ONLY_ABLATION,20.60,0.9196428571428571428571428571,WIN_TARGET_1_5R,QRP-MACRO-LIQUIDITY-REVERSAL-001,0,22.4,NORMALIZED_HIGH_COST,D1-20180914-BEARISH-M15-C2_FVG_BREAKER-FVG-001833-BREAKER-000200,3.0,6,7538.5,M15_C2_FVG_BREAKER,1.5,7495.50,M15
7059.700000000001,7069.3,False,132,BREAKER,7057.8,7068.3,1.0,FVG-002091|BREAKER-000223,7058.6,7060.8,7058.950000000001,7070.05,HYPOTHETICAL_SCENARIO_NOT_BROKER_FACT,2019-02-19 00:00:00,2019-02-20 01:30:00,BEARISH,2019-02-20 01:30:00,2019-02-20 01:31:00,7059.700000000001,D1-20190219-BEARISH,STOP,7069.3,2019-02-20 03:43:00,MLR-TECH-ABL-001,2019-02-21 00:00:00,PREVIOUSLY_EXPOSED_WINDOW,C2_FVG_BREAKER,M1_STRICT_PENETRATION_NO_FAVORABLE_IMPROVEMENT,STRICT_M1_LIMIT_PENETRATION,FILLED,0,0,-9.599999999999,-0.7933884297520490403660952107,2.2,TECHNICAL_ONLY_ABLATION,-12.099999999999,-1,LOSS_1R,QRP-MACRO-LIQUIDITY-REVERSAL-001,0,12.099999999999,NORMALIZED_LOW_COST,D1-20190219-BEARISH-M15-C2_FVG_BREAKER-FVG-002091-BREAKER-000223,0.50,1,7069.3,M15_C2_FVG_BREAKER,1.5,7041.5500000000025,M15
7059.700000000001,7070.3,False,133,BREAKER,7057.8,7068.3,2,FVG-002091|BREAKER-000223,7058.6,7060.8,7058.200000000001,7071.8,HYPOTHETICAL_SCENARIO_NOT_BROKER_FACT,2019-02-19 00:00:00,2019-02-20 01:30:00,BEARISH,2019-02-20 01:30:00,2019-02-20 01:31:00,7059.700000000001,D1-20190219-BEARISH,STOP,7070.3,2019-02-20 03:44:00,MLR-TECH-ABL-001,2019-02-21 00:00:00,PREVIOUSLY_EXPOSED_WINDOW,C2_FVG_BREAKER,M1_STRICT_PENETRATION_NO_FAVORABLE_IMPROVEMENT,STRICT_M1_LIMIT_PENETRATION,FILLED,0,0.0,-10.599999999999,-0.6794871794871589414858645615,2.216666666666667,TECHNICAL_ONLY_ABLATION,-15.599999999999,-1,LOSS_1R,QRP-MACRO-LIQUIDITY-REVERSAL-001,0,15.599999999999,NORMALIZED_MEDIUM_COST,D1-20190219-BEARISH-M15-C2_FVG_BREAKER-FVG-002091-BREAKER-000223,1.0,2,7070.3,M15_C2_FVG_BREAKER,1.5,7036.3000000000025,M15
7059.700000000001,7074.6,False,143,BREAKER,7057.8,7068.3,4,FVG-002091|BREAKER-000223,7058.6,7060.8,7055.200000000001,7079.1,HYPOTHETICAL_SCENARIO_NOT_BROKER_FACT,2019-02-19 00:00:00,2019-02-20 01:30:00,BEARISH,2019-02-20 01:30:00,2019-02-20 01:31:00,7059.700000000001,D1-20190219-BEARISH,STOP_GAP_OPEN,7074.6,2019-02-20 03:53:00,MLR-TECH-ABL-001,2019-02-21 00:00:00,PREVIOUSLY_EXPOSED_WINDOW,C2_FVG_BREAKER,M1_STRICT_PENETRATION_NO_FAVORABLE_IMPROVEMENT,STRICT_M1_LIMIT_PENETRATION,FILLED,0,0.00,-14.899999999999,-0.5398550724637514440243646287,2.3666666666666667,TECHNICAL_ONLY_ABLATION,-27.899999999999,-1.010869565217391698172652804,LOSS_1R,QRP-MACRO-LIQUIDITY-REVERSAL-001,0,27.599999999999,NORMALIZED_HIGH_COST,D1-20190219-BEARISH-M15-C2_FVG_BREAKER-FVG-002091-BREAKER-000223,3.0,6,7074.3,M15_C2_FVG_BREAKER,1.5,7018.3000000000025,M15
8308.7,8311.2,False,2,BREAKER,8307.5,8309.6,1.0,FVG-002917|BREAKER-000322,8307.8,8309.6,8307.95,8311.95,HYPOTHETICAL_SCENARIO_NOT_BROKER_FACT,2019-11-19 00:00:00,2019-11-20 10:15:00,BEARISH,2019-11-20 14:10:00,2019-11-20 14:11:00,8308.7,D1-20191119-BEARISH,STOP_GAP_OPEN,8311.2,2019-11-20 14:11:00,MLR-TECH-ABL-001,2019-11-21 00:00:00,PREVIOUSLY_EXPOSED_WINDOW,C2_FVG_BREAKER,M1_STRICT_PENETRATION_NO_FAVORABLE_IMPROVEMENT,STRICT_M1_LIMIT_PENETRATION,FILLED,0,0,-2.5,-0.5681818181818181818181818182,0.0,TECHNICAL_ONLY_ABLATION,-5.00,-1.136363636363636363636363636,LOSS_1R,QRP-MACRO-LIQUIDITY-REVERSAL-001,0,4.40,NORMALIZED_LOW_COST,D1-20191119-BEARISH-M15-C2_FVG_BREAKER-FVG-002917-BREAKER-000322,0.50,1,8310.6,M15_C2_FVG_BREAKER,1.5,8302.100,M15
8308.7,8311.6,False,59,BREAKER,8307.5,8309.6,2,FVG-002917|BREAKER-000322,8307.8,8309.6,8307.2,8313.1,HYPOTHETICAL_SCENARIO_NOT_BROKER_FACT,2019-11-19 00:00:00,2019-11-20 10:15:00,BEARISH,2019-11-20 14:10:00,2019-11-20 14:11:00,8308.7,D1-20191119-BEARISH,STOP,8311.6,2019-11-20 15:09:00,MLR-TECH-ABL-001,2019-11-21 00:00:00,PREVIOUSLY_EXPOSED_WINDOW,C2_FVG_BREAKER,M1_STRICT_PENETRATION_NO_FAVORABLE_IMPROVEMENT,STRICT_M1_LIMIT_PENETRATION,FILLED,0,0.0,-2.9,-0.3670886075949367088607594937,0.9666666666666667,TECHNICAL_ONLY_ABLATION,-7.9,-1,LOSS_1R,QRP-MACRO-LIQUIDITY-REVERSAL-001,0,7.9,NORMALIZED_MEDIUM_COST,D1-20191119-BEARISH-M15-C2_FVG_BREAKER-FVG-002917-BREAKER-000322,1.0,2,8311.6,M15_C2_FVG_BREAKER,1.5,8296.85,M15
8308.7,8315.6,False,139,BREAKER,8307.5,8309.6,4,FVG-002917|BREAKER-000322,8307.8,8309.6,8304.2,8320.1,HYPOTHETICAL_SCENARIO_NOT_BROKER_FACT,2019-11-19 00:00:00,2019-11-20 10:15:00,BEARISH,2019-11-20 14:10:00,2019-11-20 14:11:00,8308.7,D1-20191119-BEARISH,STOP,8315.6,2019-11-20 16:29:00,MLR-TECH-ABL-001,2019-11-21 00:00:00,PREVIOUSLY_EXPOSED_WINDOW,C2_FVG_BREAKER,M1_STRICT_PENETRATION_NO_FAVORABLE_IMPROVEMENT,STRICT_M1_LIMIT_PENETRATION,FILLED,0,0.00,-6.9,-0.3467336683417085427135678392,2.3,TECHNICAL_ONLY_ABLATION,-19.90,-1.0,LOSS_1R,QRP-MACRO-LIQUIDITY-REVERSAL-001,0,19.9,NORMALIZED_HIGH_COST,D1-20191119-BEARISH-M15-C2_FVG_BREAKER-FVG-002917-BREAKER-000322,3.0,6,8315.6,M15_C2_FVG_BREAKER,1.5,8278.85,M15
9040.75,9043.7,False,13,BREAKER,9039.5,9042.7,1.0,FVG-003707|BREAKER-000396,9039.5,9042.0,9040.00,9044.45,HYPOTHETICAL_SCENARIO_NOT_BROKER_FACT,2020-01-14 00:00:00,2020-01-15 16:15:00,BEARISH,2020-01-15 16:18:00,2020-01-15 16:19:00,9040.75,D1-20200114-BEARISH,STOP,9043.7,2020-01-15 16:31:00,MLR-TECH-ABL-001,2020-01-16 00:00:00,PREVIOUSLY_EXPOSED_WINDOW,C2_FVG_BREAKER,M1_STRICT_PENETRATION_NO_FAVORABLE_IMPROVEMENT,STRICT_M1_LIMIT_PENETRATION,FILLED,0,0,-2.95,-0.5412844036697247706422018349,0.2,TECHNICAL_ONLY_ABLATION,-5.45,-1,LOSS_1R,QRP-MACRO-LIQUIDITY-REVERSAL-001,0,5.45,NORMALIZED_LOW_COST,D1-20200114-BEARISH-M15-C2_FVG_BREAKER-FVG-003707-BREAKER-000396,0.50,1,9043.7,M15_C2_FVG_BREAKER,1.5,9032.575,M15
9040.75,9044.7,False,13,BREAKER,9039.5,9042.7,2,FVG-003707|BREAKER-000396,9039.5,9042.0,9039.25,9046.2,HYPOTHETICAL_SCENARIO_NOT_BROKER_FACT,2020-01-14 00:00:00,2020-01-15 16:15:00,BEARISH,2020-01-15 16:18:00,2020-01-15 16:19:00,9040.75,D1-20200114-BEARISH,STOP,9044.7,2020-01-15 16:31:00,MLR-TECH-ABL-001,2020-01-16 00:00:00,PREVIOUSLY_EXPOSED_WINDOW,C2_FVG_BREAKER,M1_STRICT_PENETRATION_NO_FAVORABLE_IMPROVEMENT,STRICT_M1_LIMIT_PENETRATION,FILLED,0,0.0,-3.95,-0.4413407821229050279329608939,0.2,TECHNICAL_ONLY_ABLATION,-8.95,-1,LOSS_1R,QRP-MACRO-LIQUIDITY-REVERSAL-001,0,8.95,NORMALIZED_MEDIUM_COST,D1-20200114-BEARISH-M15-C2_FVG_BREAKER-FVG-003707-BREAKER-000396,1.0,2,9044.7,M15_C2_FVG_BREAKER,1.5,9027.325,M15
9040.75,9048.7,False,13,BREAKER,9039.5,9042.7,4,FVG-003707|BREAKER-000396,9039.5,9042.0,9036.25,9053.2,HYPOTHETICAL_SCENARIO_NOT_BROKER_FACT,2020-01-14 00:00:00,2020-01-15 16:15:00,BEARISH,2020-01-15 16:18:00,2020-01-15 16:19:00,9040.75,D1-20200114-BEARISH,STOP,9048.7,2020-01-15 16:31:00,MLR-TECH-ABL-001,2020-01-16 00:00:00,PREVIOUSLY_EXPOSED_WINDOW,C2_FVG_BREAKER,M1_STRICT_PENETRATION_NO_FAVORABLE_IMPROVEMENT,STRICT_M1_LIMIT_PENETRATION,FILLED,0,0.00,-7.95,-0.3794749403341288782816229117,0.2,TECHNICAL_ONLY_ABLATION,-20.95,-1,LOSS_1R,QRP-MACRO-LIQUIDITY-REVERSAL-001,0,20.95,NORMALIZED_HIGH_COST,D1-20200114-BEARISH-M15-C2_FVG_BREAKER-FVG-003707-BREAKER-000396,3.0,6,9048.7,M15_C2_FVG_BREAKER,1.5,9009.325,M15
9050.8,9057.7,False,6,BREAKER,9042.5,9056.7,1.0,FVG-003932|BREAKER-000419,9044.9,9056.7,9050.05,9058.45,HYPOTHETICAL_SCENARIO_NOT_BROKER_FACT,2020-01-29 00:00:00,2020-01-30 18:00:00,BEARISH,2020-01-30 18:22:00,2020-01-30 18:23:00,9050.8,D1-20200129-BEARISH,STOP,9057.7,2020-01-30 18:28:00,MLR-TECH-ABL-001,2020-01-31 00:00:00,PREVIOUSLY_EXPOSED_WINDOW,C2_FVG_BREAKER,M1_STRICT_PENETRATION_NO_FAVORABLE_IMPROVEMENT,STRICT_M1_LIMIT_PENETRATION,FILLED,0,0,-6.9,-0.7340425531914893617021276596,0.08333333333333333,TECHNICAL_ONLY_ABLATION,-9.40,-1,LOSS_1R,QRP-MACRO-LIQUIDITY-REVERSAL-001,0,9.40,NORMALIZED_LOW_COST,D1-20200129-BEARISH-M15-C2_FVG_BREAKER-FVG-003932-BREAKER-000419,0.50,1,9057.7,M15_C2_FVG_BREAKER,1.5,9036.700,M15
9050.8,9058.7,False,7,BREAKER,9042.5,9056.7,2,FVG-003932|BREAKER-000419,9044.9,9056.7,9049.3,9060.2,HYPOTHETICAL_SCENARIO_NOT_BROKER_FACT,2020-01-29 00:00:00,2020-01-30 18:00:00,BEARISH,2020-01-30 18:22:00,2020-01-30 18:23:00,9050.8,D1-20200129-BEARISH,STOP,9058.7,2020-01-30 18:29:00,MLR-TECH-ABL-001,2020-01-31 00:00:00,PREVIOUSLY_EXPOSED_WINDOW,C2_FVG_BREAKER,M1_STRICT_PENETRATION_NO_FAVORABLE_IMPROVEMENT,STRICT_M1_LIMIT_PENETRATION,FILLED,0,0.0,-7.9,-0.6124031007751937984496124031,0.1,TECHNICAL_ONLY_ABLATION,-12.9,-1,LOSS_1R,QRP-MACRO-LIQUIDITY-REVERSAL-001,0,12.9,NORMALIZED_MEDIUM_COST,D1-20200129-BEARISH-M15-C2_FVG_BREAKER-FVG-003932-BREAKER-000419,1.0,2,9058.7,M15_C2_FVG_BREAKER,1.5,9031.45,M15
9050.8,9062.7,False,15,BREAKER,9042.5,9056.7,4,FVG-003932|BREAKER-000419,9044.9,9056.7,9046.3,9067.2,HYPOTHETICAL_SCENARIO_NOT_BROKER_FACT,2020-01-29 00:00:00,2020-01-30 18:00:00,BEARISH,2020-01-30 18:22:00,2020-01-30 18:23:00,9050.8,D1-20200129-BEARISH,STOP,9062.7,2020-01-30 18:37:00,MLR-TECH-ABL-001,2020-01-31 00:00:00,PREVIOUSLY_EXPOSED_WINDOW,C2_FVG_BREAKER,M1_STRICT_PENETRATION_NO_FAVORABLE_IMPROVEMENT,STRICT_M1_LIMIT_PENETRATION,FILLED,0,0.00,-11.9,-0.4779116465863453815261044177,0.23333333333333334,TECHNICAL_ONLY_ABLATION,-24.90,-1.0,LOSS_1R,QRP-MACRO-LIQUIDITY-REVERSAL-001,0,24.9,NORMALIZED_HIGH_COST,D1-20200129-BEARISH-M15-C2_FVG_BREAKER-FVG-003932-BREAKER-000419,3.0,6,9062.7,M15_C2_FVG_BREAKER,1.5,9013.45,M15
8651.05,8653.3,False,1,BREAKER,8632.5,8652.3,1.0,FVG-004468|BREAKER-000477,8650.4,8651.7,8650.30,8654.05,HYPOTHETICAL_SCENARIO_NOT_BROKER_FACT,2020-04-23 00:00:00,2020-04-24 15:00:00,BEARISH,2020-04-24 15:26:00,2020-04-24 15:27:00,8651.05,D1-20200423-BEARISH,ENTRY_BAR_STOP_ADVERSE,8653.3,2020-04-24 15:27:00,MLR-TECH-ABL-001,2020-04-25 00:00:00,PREVIOUSLY_EXPOSED_WINDOW,C2_FVG_BREAKER,M1_STRICT_PENETRATION_NO_FAVORABLE_IMPROVEMENT,STRICT_M1_LIMIT_PENETRATION,FILLED,0,0,-2.25,-0.4736842105263157894736842105,0.0,TECHNICAL_ONLY_ABLATION,-4.75,-1,LOSS_1R,QRP-MACRO-LIQUIDITY-REVERSAL-001,0,4.75,NORMALIZED_LOW_COST,D1-20200423-BEARISH-M15-C2_FVG_BREAKER-FVG-004468-BREAKER-000477,0.50,1,8653.3,M15_C2_FVG_BREAKER,1.5,8643.925,M15
8651.05,8654.3,False,5,BREAKER,8632.5,8652.3,2,FVG-004468|BREAKER-000477,8650.4,8651.7,8649.55,8655.8,HYPOTHETICAL_SCENARIO_NOT_BROKER_FACT,2020-04-23 00:00:00,2020-04-24 15:00:00,BEARISH,2020-04-24 15:26:00,2020-04-24 15:27:00,8651.05,D1-20200423-BEARISH,STOP,8654.3,2020-04-24 15:31:00,MLR-TECH-ABL-001,2020-04-25 00:00:00,PREVIOUSLY_EXPOSED_WINDOW,C2_FVG_BREAKER,M1_STRICT_PENETRATION_NO_FAVORABLE_IMPROVEMENT,STRICT_M1_LIMIT_PENETRATION,FILLED,0,0.0,-3.25,-0.3939393939393939393939393939,0.06666666666666667,TECHNICAL_ONLY_ABLATION,-8.25,-1,LOSS_1R,QRP-MACRO-LIQUIDITY-REVERSAL-001,0,8.25,NORMALIZED_MEDIUM_COST,D1-20200423-BEARISH-M15-C2_FVG_BREAKER-FVG-004468-BREAKER-000477,1.0,2,8654.3,M15_C2_FVG_BREAKER,1.5,8638.675,M15
8651.05,8658.3,False,5,BREAKER,8632.5,8652.3,4,FVG-004468|BREAKER-000477,8650.4,8651.7,8646.55,8662.8,HYPOTHETICAL_SCENARIO_NOT_BROKER_FACT,2020-04-23 00:00:00,2020-04-24 15:00:00,BEARISH,2020-04-24 15:26:00,2020-04-24 15:27:00,8651.05,D1-20200423-BEARISH,STOP,8658.3,2020-04-24 15:31:00,MLR-TECH-ABL-001,2020-04-25 00:00:00,PREVIOUSLY_EXPOSED_WINDOW,C2_FVG_BREAKER,M1_STRICT_PENETRATION_NO_FAVORABLE_IMPROVEMENT,STRICT_M1_LIMIT_PENETRATION,FILLED,0,0.00,-7.25,-0.3580246913580246913580246914,0.06666666666666667,TECHNICAL_ONLY_ABLATION,-20.25,-1,LOSS_1R,QRP-MACRO-LIQUIDITY-REVERSAL-001,0,20.25,NORMALIZED_HIGH_COST,D1-20200423-BEARISH-M15-C2_FVG_BREAKER-FVG-004468-BREAKER-000477,3.0,6,8658.3,M15_C2_FVG_BREAKER,1.5,8620.675,M15
10885.35,10891.0,False,6,BREAKER,10880.7,10890.0,1.0,FVG-004800|BREAKER-000524,10880.7,10890.0,10884.60,10891.75,HYPOTHETICAL_SCENARIO_NOT_BROKER_FACT,2020-07-21 00:00:00,2020-07-22 10:30:00,BEARISH,2020-07-22 13:57:00,2020-07-22 13:58:00,10885.35,D1-20200721-BEARISH,STOP,10891.0,2020-07-22 14:03:00,MLR-TECH-ABL-001,2020-07-23 00:00:00,PREVIOUSLY_EXPOSED_WINDOW,C2_FVG_BREAKER,M1_STRICT_PENETRATION_NO_FAVORABLE_IMPROVEMENT,STRICT_M1_LIMIT_PENETRATION,FILLED,0,0,-5.65,-0.6932515337423312883435582822,0.08333333333333333,TECHNICAL_ONLY_ABLATION,-8.15,-1,LOSS_1R,QRP-MACRO-LIQUIDITY-REVERSAL-001,0,8.15,NORMALIZED_LOW_COST,D1-20200721-BEARISH-M15-C2_FVG_BREAKER-FVG-004800-BREAKER-000524,0.50,1,10891.0,M15_C2_FVG_BREAKER,1.5,10873.125,M15
10885.35,10892.0,False,6,BREAKER,10880.7,10890.0,2,FVG-004800|BREAKER-000524,10880.7,10890.0,10883.85,10893.5,HYPOTHETICAL_SCENARIO_NOT_BROKER_FACT,2020-07-21 00:00:00,2020-07-22 10:30:00,BEARISH,2020-07-22 13:57:00,2020-07-22 13:58:00,10885.35,D1-20200721-BEARISH,STOP,10892.0,2020-07-22 14:03:00,MLR-TECH-ABL-001,2020-07-23 00:00:00,PREVIOUSLY_EXPOSED_WINDOW,C2_FVG_BREAKER,M1_STRICT_PENETRATION_NO_FAVORABLE_IMPROVEMENT,STRICT_M1_LIMIT_PENETRATION,FILLED,0,0.0,-6.65,-0.5708154506437768240343347639,0.08333333333333333,TECHNICAL_ONLY_ABLATION,-11.65,-1,LOSS_1R,QRP-MACRO-LIQUIDITY-REVERSAL-001,0,11.65,NORMALIZED_MEDIUM_COST,D1-20200721-BEARISH-M15-C2_FVG_BREAKER-FVG-004800-BREAKER-000524,1.0,2,10892.0,M15_C2_FVG_BREAKER,1.5,10867.875,M15
10885.35,10849.875,False,146,BREAKER,10880.7,10890.0,4,FVG-004800|BREAKER-000524,10880.7,10890.0,10880.85,10854.375,HYPOTHETICAL_SCENARIO_NOT_BROKER_FACT,2020-07-21 00:00:00,2020-07-22 10:30:00,BEARISH,2020-07-22 13:57:00,2020-07-22 13:58:00,10885.35,D1-20200721-BEARISH,TARGET_1_5R,10849.875,2020-07-22 16:23:00,MLR-TECH-ABL-001,2020-07-23 00:00:00,PREVIOUSLY_EXPOSED_WINDOW,C2_FVG_BREAKER,M1_STRICT_PENETRATION_NO_FAVORABLE_IMPROVEMENT,STRICT_M1_LIMIT_PENETRATION,FILLED,0,0.00,35.475,1.5,2.4166666666666665,TECHNICAL_ONLY_ABLATION,22.475,0.9503171247357293868921775899,WIN_TARGET_1_5R,QRP-MACRO-LIQUIDITY-REVERSAL-001,0,23.65,NORMALIZED_HIGH_COST,D1-20200721-BEARISH-M15-C2_FVG_BREAKER-FVG-004800-BREAKER-000524,3.0,6,10896.0,M15_C2_FVG_BREAKER,1.5,10849.875,M15
11143.349999999999,11154.1,False,50,BREAKER,11142.4,11170.3,1.0,FVG-004950|BREAKER-000543,11142.4,11144.3,11142.599999999999,11154.85,HYPOTHETICAL_SCENARIO_NOT_BROKER_FACT,2020-08-13 00:00:00,2020-08-14 22:30:00,BEARISH,2020-08-14 22:50:00,2020-08-14 22:51:00,11143.349999999999,D1-20200813-BEARISH,D1_CANDLE_3_EXPIRY,11154.1,2020-08-14 23:55:00,MLR-TECH-ABL-001,2020-08-15 00:00:00,PREVIOUSLY_EXPOSED_WINDOW,C2_FVG_BREAKER,M1_STRICT_PENETRATION_NO_FAVORABLE_IMPROVEMENT,STRICT_M1_LIMIT_PENETRATION,FILLED,0,0,-10.750000000001,-0.3530377668308915258533060463,1.0666666666666667,TECHNICAL_ONLY_ABLATION,-13.250000000001,-0.4351395730706261037907037561,TIMEOUT,QRP-MACRO-LIQUIDITY-REVERSAL-001,0,30.450000000001,NORMALIZED_LOW_COST,D1-20200813-BEARISH-M15-C2_FVG_BREAKER-FVG-004950-BREAKER-000543,0.50,1,11171.3,M15_C2_FVG_BREAKER,1.5,11097.6749999999975,M15
11143.349999999999,11154.1,False,50,BREAKER,11142.4,11170.3,2,FVG-004950|BREAKER-000543,11142.4,11144.3,11141.849999999999,11155.6,HYPOTHETICAL_SCENARIO_NOT_BROKER_FACT,2020-08-13 00:00:00,2020-08-14 22:30:00,BEARISH,2020-08-14 22:50:00,2020-08-14 22:51:00,11143.349999999999,D1-20200813-BEARISH,D1_CANDLE_3_EXPIRY,11154.1,2020-08-14 23:55:00,MLR-TECH-ABL-001,2020-08-15 00:00:00,PREVIOUSLY_EXPOSED_WINDOW,C2_FVG_BREAKER,M1_STRICT_PENETRATION_NO_FAVORABLE_IMPROVEMENT,STRICT_M1_LIMIT_PENETRATION,FILLED,0,0.0,-10.750000000001,-0.3166421207658522343999774418,1.0666666666666667,TECHNICAL_ONLY_ABLATION,-15.750000000001,-0.4639175257732116666413616138,TIMEOUT,QRP-MACRO-LIQUIDITY-REVERSAL-001,0,33.950000000001,NORMALIZED_MEDIUM_COST,D1-20200813-BEARISH-M15-C2_FVG_BREAKER-FVG-004950-BREAKER-000543,1.0,2,11172.3,M15_C2_FVG_BREAKER,1.5,11092.4249999999975,M15
11143.349999999999,11154.1,False,50,BREAKER,11142.4,11170.3,4,FVG-004950|BREAKER-000543,11142.4,11144.3,11138.849999999999,11158.6,HYPOTHETICAL_SCENARIO_NOT_BROKER_FACT,2020-08-13 00:00:00,2020-08-14 22:30:00,BEARISH,2020-08-14 22:50:00,2020-08-14 22:51:00,11143.349999999999,D1-20200813-BEARISH,D1_CANDLE_3_EXPIRY,11154.1,2020-08-14 23:55:00,MLR-TECH-ABL-001,2020-08-15 00:00:00,PREVIOUSLY_EXPOSED_WINDOW,C2_FVG_BREAKER,M1_STRICT_PENETRATION_NO_FAVORABLE_IMPROVEMENT,STRICT_M1_LIMIT_PENETRATION,FILLED,0,0.00,-10.750000000001,-0.2339499455930525799794212611,1.0666666666666667,TECHNICAL_ONLY_ABLATION,-23.750000000001,-0.5168661588683456612370213635,TIMEOUT,QRP-MACRO-LIQUIDITY-REVERSAL-001,0,45.950000000001,NORMALIZED_HIGH_COST,D1-20200813-BEARISH-M15-C2_FVG_BREAKER-FVG-004950-BREAKER-000543,3.0,6,11176.3,M15_C2_FVG_BREAKER,1.5,11074.4249999999975,M15
11882.25,11897.0,False,49,BREAKER,11872.8,11896.0,1.0,FVG-005358|BREAKER-000589,11879.1,11885.4,11881.50,11897.75,HYPOTHETICAL_SCENARIO_NOT_BROKER_FACT,2020-11-12 00:00:00,2020-11-13 17:30:00,BEARISH,2020-11-13 18:55:00,2020-11-13 18:56:00,11882.25,D1-20201112-BEARISH,STOP,11897.0,2020-11-13 19:44:00,MLR-TECH-ABL-001,2020-11-14 00:00:00,PREVIOUSLY_EXPOSED_WINDOW,C2_FVG_BREAKER,M1_STRICT_PENETRATION_NO_FAVORABLE_IMPROVEMENT,STRICT_M1_LIMIT_PENETRATION,FILLED,0,0,-14.75,-0.8550724637681159420289855072,0.8,TECHNICAL_ONLY_ABLATION,-17.25,-1,LOSS_1R,QRP-MACRO-LIQUIDITY-REVERSAL-001,0,17.25,NORMALIZED_LOW_COST,D1-20201112-BEARISH-M15-C2_FVG_BREAKER-FVG-005358-BREAKER-000589,0.50,1,11897.0,M15_C2_FVG_BREAKER,1.5,11856.375,M15
11882.25,11898.0,False,50,BREAKER,11872.8,11896.0,2,FVG-005358|BREAKER-000589,11879.1,11885.4,11880.75,11899.5,HYPOTHETICAL_SCENARIO_NOT_BROKER_FACT,2020-11-12 00:00:00,2020-11-13 17:30:00,BEARISH,2020-11-13 18:55:00,2020-11-13 18:56:00,11882.25,D1-20201112-BEARISH,STOP,11898.0,2020-11-13 19:45:00,MLR-TECH-ABL-001,2020-11-14 00:00:00,PREVIOUSLY_EXPOSED_WINDOW,C2_FVG_BREAKER,M1_STRICT_PENETRATION_NO_FAVORABLE_IMPROVEMENT,STRICT_M1_LIMIT_PENETRATION,FILLED,0,0.0,-15.75,-0.7590361445783132530120481928,0.8166666666666667,TECHNICAL_ONLY_ABLATION,-20.75,-1,LOSS_1R,QRP-MACRO-LIQUIDITY-REVERSAL-001,0,20.75,NORMALIZED_MEDIUM_COST,D1-20201112-BEARISH-M15-C2_FVG_BREAKER-FVG-005358-BREAKER-000589,1.0,2,11898.0,M15_C2_FVG_BREAKER,1.5,11851.125,M15
11882.25,11902.0,False,64,BREAKER,11872.8,11896.0,4,FVG-005358|BREAKER-000589,11879.1,11885.4,11877.75,11906.5,HYPOTHETICAL_SCENARIO_NOT_BROKER_FACT,2020-11-12 00:00:00,2020-11-13 17:30:00,BEARISH,2020-11-13 18:55:00,2020-11-13 18:56:00,11882.25,D1-20201112-BEARISH,STOP,11902.0,2020-11-13 19:59:00,MLR-TECH-ABL-001,2020-11-14 00:00:00,PREVIOUSLY_EXPOSED_WINDOW,C2_FVG_BREAKER,M1_STRICT_PENETRATION_NO_FAVORABLE_IMPROVEMENT,STRICT_M1_LIMIT_PENETRATION,FILLED,0,0.00,-19.75,-0.6030534351145038167938931298,1.05,TECHNICAL_ONLY_ABLATION,-32.75,-1,LOSS_1R,QRP-MACRO-LIQUIDITY-REVERSAL-001,0,32.75,NORMALIZED_HIGH_COST,D1-20201112-BEARISH-M15-C2_FVG_BREAKER-FVG-005358-BREAKER-000589,3.0,6,11902.0,M15_C2_FVG_BREAKER,1.5,11833.125,M15
12630.6,12577.050,False,17,BREAKER,12616.9,12662.8,1.0,FVG-005664|BREAKER-000622,12617.2,12644.0,12629.85,12577.800,HYPOTHETICAL_SCENARIO_NOT_BROKER_FACT,2020-12-18 00:00:00,2020-12-21 12:30:00,BEARISH,2020-12-21 16:33:00,2020-12-21 16:34:00,12630.6,D1-20201218-BEARISH,TARGET_1_5R,12577.050,2020-12-21 16:50:00,MLR-TECH-ABL-001,2020-12-22 00:00:00,PREVIOUSLY_EXPOSED_WINDOW,C2_FVG_BREAKER,M1_STRICT_PENETRATION_NO_FAVORABLE_IMPROVEMENT,STRICT_M1_LIMIT_PENETRATION,FILLED,0,0,53.550,1.5,0.26666666666666666,TECHNICAL_ONLY_ABLATION,51.050,1.429971988795518207282913165,WIN_TARGET_1_5R,QRP-MACRO-LIQUIDITY-REVERSAL-001,0,35.70,NORMALIZED_LOW_COST,D1-20201218-BEARISH-M15-C2_FVG_BREAKER-FVG-005664-BREAKER-000622,0.50,1,12663.8,M15_C2_FVG_BREAKER,1.5,12577.050,M15
12630.6,12571.80,False,17,BREAKER,12616.9,12662.8,2,FVG-005664|BREAKER-000622,12617.2,12644.0,12629.1,12573.30,HYPOTHETICAL_SCENARIO_NOT_BROKER_FACT,2020-12-18 00:00:00,2020-12-21 12:30:00,BEARISH,2020-12-21 16:33:00,2020-12-21 16:34:00,12630.6,D1-20201218-BEARISH,TARGET_1_5R,12571.80,2020-12-21 16:50:00,MLR-TECH-ABL-001,2020-12-22 00:00:00,PREVIOUSLY_EXPOSED_WINDOW,C2_FVG_BREAKER,M1_STRICT_PENETRATION_NO_FAVORABLE_IMPROVEMENT,STRICT_M1_LIMIT_PENETRATION,FILLED,0,0.0,58.80,1.5,0.26666666666666666,TECHNICAL_ONLY_ABLATION,53.80,1.372448979591836734693877551,WIN_TARGET_1_5R,QRP-MACRO-LIQUIDITY-REVERSAL-001,0,39.2,NORMALIZED_MEDIUM_COST,D1-20201218-BEARISH-M15-C2_FVG_BREAKER-FVG-005664-BREAKER-000622,1.0,2,12664.8,M15_C2_FVG_BREAKER,1.5,12571.80,M15
12630.6,12553.80,False,31,BREAKER,12616.9,12662.8,4,FVG-005664|BREAKER-000622,12617.2,12644.0,12626.1,12558.30,HYPOTHETICAL_SCENARIO_NOT_BROKER_FACT,2020-12-18 00:00:00,2020-12-21 12:30:00,BEARISH,2020-12-21 16:33:00,2020-12-21 16:34:00,12630.6,D1-20201218-BEARISH,TARGET_1_5R,12553.80,2020-12-21 17:04:00,MLR-TECH-ABL-001,2020-12-22 00:00:00,PREVIOUSLY_EXPOSED_WINDOW,C2_FVG_BREAKER,M1_STRICT_PENETRATION_NO_FAVORABLE_IMPROVEMENT,STRICT_M1_LIMIT_PENETRATION,FILLED,0,0.00,76.80,1.5,0.5,TECHNICAL_ONLY_ABLATION,63.80,1.24609375,WIN_TARGET_1_5R,QRP-MACRO-LIQUIDITY-REVERSAL-001,0,51.2,NORMALIZED_HIGH_COST,D1-20201218-BEARISH-M15-C2_FVG_BREAKER-FVG-005664-BREAKER-000622,3.0,6,12668.8,M15_C2_FVG_BREAKER,1.5,12553.80,M15
12790.15,12795.775,False,2,BREAKER,12789.9,12847.5,1.0,FVG-005831|BREAKER-000629,12789.9,12790.4,12790.90,12795.025,HYPOTHETICAL_SCENARIO_NOT_BROKER_FACT,2021-03-25 00:00:00,2021-03-26 07:45:00,BULLISH,2021-03-26 13:42:00,2021-03-26 13:43:00,12790.15,D1-20210325-BULLISH,TARGET_1_5R,12795.775,2021-03-26 13:44:00,MLR-TECH-ABL-001,2021-03-27 00:00:00,PREVIOUSLY_EXPOSED_WINDOW,C2_FVG_BREAKER,M1_STRICT_PENETRATION_NO_FAVORABLE_IMPROVEMENT,STRICT_M1_LIMIT_PENETRATION,FILLED,0,0,5.625,1.5,0.016666666666666666,TECHNICAL_ONLY_ABLATION,3.125,0.8333333333333333333333333333,WIN_TARGET_1_5R,QRP-MACRO-LIQUIDITY-REVERSAL-001,0,3.75,NORMALIZED_LOW_COST,D1-20210325-BULLISH-M15-C2_FVG_BREAKER-FVG-005831-BREAKER-000629,0.50,1,12788.9,M15_C2_FVG_BREAKER,1.5,12795.775,M15
12790.15,12801.025,False,5,BREAKER,12789.9,12847.5,2,FVG-005831|BREAKER-000629,12789.9,12790.4,12791.65,12799.525,HYPOTHETICAL_SCENARIO_NOT_BROKER_FACT,2021-03-25 00:00:00,2021-03-26 07:45:00,BULLISH,2021-03-26 13:42:00,2021-03-26 13:43:00,12790.15,D1-20210325-BULLISH,TARGET_1_5R,12801.025,2021-03-26 13:47:00,MLR-TECH-ABL-001,2021-03-27 00:00:00,PREVIOUSLY_EXPOSED_WINDOW,C2_FVG_BREAKER,M1_STRICT_PENETRATION_NO_FAVORABLE_IMPROVEMENT,STRICT_M1_LIMIT_PENETRATION,FILLED,0,0.0,10.875,1.5,0.06666666666666667,TECHNICAL_ONLY_ABLATION,5.875,0.8103448275862068965517241379,WIN_TARGET_1_5R,QRP-MACRO-LIQUIDITY-REVERSAL-001,0,7.25,NORMALIZED_MEDIUM_COST,D1-20210325-BULLISH-M15-C2_FVG_BREAKER-FVG-005831-BREAKER-000629,1.0,2,12787.9,M15_C2_FVG_BREAKER,1.5,12801.025,M15
12790.15,12783.9,False,22,BREAKER,12789.9,12847.5,4,FVG-005831|BREAKER-000629,12789.9,12790.4,12794.65,12779.4,HYPOTHETICAL_SCENARIO_NOT_BROKER_FACT,2021-03-25 00:00:00,2021-03-26 07:45:00,BULLISH,2021-03-26 13:42:00,2021-03-26 13:43:00,12790.15,D1-20210325-BULLISH,STOP,12783.9,2021-03-26 14:04:00,MLR-TECH-ABL-001,2021-03-27 00:00:00,PREVIOUSLY_EXPOSED_WINDOW,C2_FVG_BREAKER,M1_STRICT_PENETRATION_NO_FAVORABLE_IMPROVEMENT,STRICT_M1_LIMIT_PENETRATION,FILLED,0,0.00,-6.25,-0.3246753246753246753246753247,0.35,TECHNICAL_ONLY_ABLATION,-19.25,-1,LOSS_1R,QRP-MACRO-LIQUIDITY-REVERSAL-001,0,19.25,NORMALIZED_HIGH_COST,D1-20210325-BULLISH-M15-C2_FVG_BREAKER-FVG-005831-BREAKER-000629,3.0,6,12783.9,M15_C2_FVG_BREAKER,1.5,12819.025,M15
,,False,0,BREAKER,13827.9,13836.3,0,FVG-006075|BREAKER-000665,13829.6,13832.5,,,HYPOTHETICAL_SCENARIO_NOT_BROKER_FACT,2021-06-08 00:00:00,2021-06-09 22:45:00,BEARISH,,,,D1-20210608-BEARISH,MIDPOINT_NOT_STRICTLY_PENETRATED,,,MLR-TECH-ABL-001,2021-06-10 00:00:00,PREVIOUSLY_EXPOSED_WINDOW,C2_FVG_BREAKER,M1_PATH,MIDPOINT_NOT_STRICTLY_PENETRATED,NO_FILL,0,0,,,,TECHNICAL_ONLY_ABLATION,,,NO_FILL,QRP-MACRO-LIQUIDITY-REVERSAL-001,0,,NORMALIZED_LOW_COST,D1-20210608-BEARISH-M15-C2_FVG_BREAKER-FVG-006075-BREAKER-000665,0,0,,M15_C2_FVG_BREAKER,1.5,,M15
,,False,0,BREAKER,13827.9,13836.3,0,FVG-006075|BREAKER-000665,13829.6,13832.5,,,HYPOTHETICAL_SCENARIO_NOT_BROKER_FACT,2021-06-08 00:00:00,2021-06-09 22:45:00,BEARISH,,,,D1-20210608-BEARISH,MIDPOINT_NOT_STRICTLY_PENETRATED,,,MLR-TECH-ABL-001,2021-06-10 00:00:00,PREVIOUSLY_EXPOSED_WINDOW,C2_FVG_BREAKER,M1_PATH,MIDPOINT_NOT_STRICTLY_PENETRATED,NO_FILL,0,0,,,,TECHNICAL_ONLY_ABLATION,,,NO_FILL,QRP-MACRO-LIQUIDITY-REVERSAL-001,0,,NORMALIZED_MEDIUM_COST,D1-20210608-BEARISH-M15-C2_FVG_BREAKER-FVG-006075-BREAKER-000665,0,0,,M15_C2_FVG_BREAKER,1.5,,M15
,,False,0,BREAKER,13827.9,13836.3,0,FVG-006075|BREAKER-000665,13829.6,13832.5,,,HYPOTHETICAL_SCENARIO_NOT_BROKER_FACT,2021-06-08 00:00:00,2021-06-09 22:45:00,BEARISH,,,,D1-20210608-BEARISH,MIDPOINT_NOT_STRICTLY_PENETRATED,,,MLR-TECH-ABL-001,2021-06-10 00:00:00,PREVIOUSLY_EXPOSED_WINDOW,C2_FVG_BREAKER,M1_PATH,MIDPOINT_NOT_STRICTLY_PENETRATED,NO_FILL,0,0,,,,TECHNICAL_ONLY_ABLATION,,,NO_FILL,QRP-MACRO-LIQUIDITY-REVERSAL-001,0,,NORMALIZED_HIGH_COST,D1-20210608-BEARISH-M15-C2_FVG_BREAKER-FVG-006075-BREAKER-000665,0,0,,M15_C2_FVG_BREAKER,1.5,,M15
,,False,0,BREAKER,15625.4,15634.3,0,FVG-006272|BREAKER-000694,15634.2,15634.3,,,HYPOTHETICAL_SCENARIO_NOT_BROKER_FACT,2021-08-31 00:00:00,2021-09-01 23:00:00,BEARISH,,,,D1-20210831-BEARISH,MIDPOINT_NOT_STRICTLY_PENETRATED,,,MLR-TECH-ABL-001,2021-09-02 00:00:00,PREVIOUSLY_EXPOSED_WINDOW,C2_FVG_BREAKER,M1_PATH,MIDPOINT_NOT_STRICTLY_PENETRATED,NO_FILL,0,0,,,,TECHNICAL_ONLY_ABLATION,,,NO_FILL,QRP-MACRO-LIQUIDITY-REVERSAL-001,0,,NORMALIZED_LOW_COST,D1-20210831-BEARISH-M15-C2_FVG_BREAKER-FVG-006272-BREAKER-000694,0,0,,M15_C2_FVG_BREAKER,1.5,,M15
,,False,0,BREAKER,15625.4,15634.3,0,FVG-006272|BREAKER-000694,15634.2,15634.3,,,HYPOTHETICAL_SCENARIO_NOT_BROKER_FACT,2021-08-31 00:00:00,2021-09-01 23:00:00,BEARISH,,,,D1-20210831-BEARISH,MIDPOINT_NOT_STRICTLY_PENETRATED,,,MLR-TECH-ABL-001,2021-09-02 00:00:00,PREVIOUSLY_EXPOSED_WINDOW,C2_FVG_BREAKER,M1_PATH,MIDPOINT_NOT_STRICTLY_PENETRATED,NO_FILL,0,0,,,,TECHNICAL_ONLY_ABLATION,,,NO_FILL,QRP-MACRO-LIQUIDITY-REVERSAL-001,0,,NORMALIZED_MEDIUM_COST,D1-20210831-BEARISH-M15-C2_FVG_BREAKER-FVG-006272-BREAKER-000694,0,0,,M15_C2_FVG_BREAKER,1.5,,M15
,,False,0,BREAKER,15625.4,15634.3,0,FVG-006272|BREAKER-000694,15634.2,15634.3,,,HYPOTHETICAL_SCENARIO_NOT_BROKER_FACT,2021-08-31 00:00:00,2021-09-01 23:00:00,BEARISH,,,,D1-20210831-BEARISH,MIDPOINT_NOT_STRICTLY_PENETRATED,,,MLR-TECH-ABL-001,2021-09-02 00:00:00,PREVIOUSLY_EXPOSED_WINDOW,C2_FVG_BREAKER,M1_PATH,MIDPOINT_NOT_STRICTLY_PENETRATED,NO_FILL,0,0,,,,TECHNICAL_ONLY_ABLATION,,,NO_FILL,QRP-MACRO-LIQUIDITY-REVERSAL-001,0,,NORMALIZED_HIGH_COST,D1-20210831-BEARISH-M15-C2_FVG_BREAKER-FVG-006272-BREAKER-000694,0,0,,M15_C2_FVG_BREAKER,1.5,,M15
16353.85,16355.2,True,1,BREAKER,16348.1,16354.2,1.0,FVG-006512|BREAKER-000714,16353.5,16354.2,16353.10,16355.95,HYPOTHETICAL_SCENARIO_NOT_BROKER_FACT,2021-11-05 00:00:00,2021-11-08 17:15:00,BEARISH,2021-11-08 17:15:00,2021-11-08 17:16:00,16353.85,D1-20211105-BEARISH,ENTRY_BAR_STOP_ADVERSE,16355.2,2021-11-08 17:16:00,MLR-TECH-ABL-001,2021-11-09 00:00:00,PREVIOUSLY_EXPOSED_WINDOW,C2_FVG_BREAKER,M1_STRICT_PENETRATION_NO_FAVORABLE_IMPROVEMENT,STRICT_M1_LIMIT_PENETRATION,FILLED,0,0,-1.35,-0.3506493506493506493506493506,0.0,TECHNICAL_ONLY_ABLATION,-3.85,-1,AMBIGUOUS_ADVERSE_FIRST,QRP-MACRO-LIQUIDITY-REVERSAL-001,0,3.85,NORMALIZED_LOW_COST,D1-20211105-BEARISH-M15-C2_FVG_BREAKER-FVG-006512-BREAKER-000714,0.50,1,16355.2,M15_C2_FVG_BREAKER,1.5,16348.075,M15
16353.85,16356.2,False,1,BREAKER,16348.1,16354.2,2,FVG-006512|BREAKER-000714,16353.5,16354.2,16352.35,16357.7,HYPOTHETICAL_SCENARIO_NOT_BROKER_FACT,2021-11-05 00:00:00,2021-11-08 17:15:00,BEARISH,2021-11-08 17:15:00,2021-11-08 17:16:00,16353.85,D1-20211105-BEARISH,ENTRY_BAR_STOP_ADVERSE,16356.2,2021-11-08 17:16:00,MLR-TECH-ABL-001,2021-11-09 00:00:00,PREVIOUSLY_EXPOSED_WINDOW,C2_FVG_BREAKER,M1_STRICT_PENETRATION_NO_FAVORABLE_IMPROVEMENT,STRICT_M1_LIMIT_PENETRATION,FILLED,0,0.0,-2.35,-0.3197278911564625850340136054,0.0,TECHNICAL_ONLY_ABLATION,-7.35,-1,LOSS_1R,QRP-MACRO-LIQUIDITY-REVERSAL-001,0,7.35,NORMALIZED_MEDIUM_COST,D1-20211105-BEARISH-M15-C2_FVG_BREAKER-FVG-006512-BREAKER-000714,1.0,2,16356.2,M15_C2_FVG_BREAKER,1.5,16342.825,M15
16353.85,16360.2,False,2,BREAKER,16348.1,16354.2,4,FVG-006512|BREAKER-000714,16353.5,16354.2,16349.35,16364.7,HYPOTHETICAL_SCENARIO_NOT_BROKER_FACT,2021-11-05 00:00:00,2021-11-08 17:15:00,BEARISH,2021-11-08 17:15:00,2021-11-08 17:16:00,16353.85,D1-20211105-BEARISH,STOP,16360.2,2021-11-08 17:17:00,MLR-TECH-ABL-001,2021-11-09 00:00:00,PREVIOUSLY_EXPOSED_WINDOW,C2_FVG_BREAKER,M1_STRICT_PENETRATION_NO_FAVORABLE_IMPROVEMENT,STRICT_M1_LIMIT_PENETRATION,FILLED,0,0.00,-6.35,-0.3281653746770025839793281654,0.016666666666666666,TECHNICAL_ONLY_ABLATION,-19.35,-1,LOSS_1R,QRP-MACRO-LIQUIDITY-REVERSAL-001,0,19.35,NORMALIZED_HIGH_COST,D1-20211105-BEARISH-M15-C2_FVG_BREAKER-FVG-006512-BREAKER-000714,3.0,6,16360.2,M15_C2_FVG_BREAKER,1.5,16324.825,M15
14305.05,14294.5,False,8,BREAKER,14295.5,14329.7,1.0,FVG-007006|BREAKER-000779,14295.5,14314.6,14305.80,14293.75,HYPOTHETICAL_SCENARIO_NOT_BROKER_FACT,2022-01-24 00:00:00,2022-01-25 11:45:00,BULLISH,2022-01-25 12:38:00,2022-01-25 12:39:00,14305.05,D1-20220124-BULLISH,STOP,14294.5,2022-01-25 12:46:00,MLR-TECH-ABL-001,2022-01-26 00:00:00,PREVIOUSLY_EXPOSED_WINDOW,C2_FVG_BREAKER,M1_STRICT_PENETRATION_NO_FAVORABLE_IMPROVEMENT,STRICT_M1_LIMIT_PENETRATION,FILLED,0,0,-10.55,-0.8084291187739463601532567050,0.11666666666666667,TECHNICAL_ONLY_ABLATION,-13.05,-1,LOSS_1R,QRP-MACRO-LIQUIDITY-REVERSAL-001,0,13.05,NORMALIZED_LOW_COST,D1-20220124-BULLISH-M15-C2_FVG_BREAKER-FVG-007006-BREAKER-000779,0.50,1,14294.5,M15_C2_FVG_BREAKER,1.5,14324.625,M15
14305.05,14293.5,False,8,BREAKER,14295.5,14329.7,2,FVG-007006|BREAKER-000779,14295.5,14314.6,14306.55,14292.0,HYPOTHETICAL_SCENARIO_NOT_BROKER_FACT,2022-01-24 00:00:00,2022-01-25 11:45:00,BULLISH,2022-01-25 12:38:00,2022-01-25 12:39:00,14305.05,D1-20220124-BULLISH,STOP,14293.5,2022-01-25 12:46:00,MLR-TECH-ABL-001,2022-01-26 00:00:00,PREVIOUSLY_EXPOSED_WINDOW,C2_FVG_BREAKER,M1_STRICT_PENETRATION_NO_FAVORABLE_IMPROVEMENT,STRICT_M1_LIMIT_PENETRATION,FILLED,0,0.0,-11.55,-0.6978851963746223564954682779,0.11666666666666667,TECHNICAL_ONLY_ABLATION,-16.55,-1,LOSS_1R,QRP-MACRO-LIQUIDITY-REVERSAL-001,0,16.55,NORMALIZED_MEDIUM_COST,D1-20220124-BULLISH-M15-C2_FVG_BREAKER-FVG-007006-BREAKER-000779,1.0,2,14293.5,M15_C2_FVG_BREAKER,1.5,14329.875,M15
14305.05,14289.5,False,10,BREAKER,14295.5,14329.7,4,FVG-007006|BREAKER-000779,14295.5,14314.6,14309.55,14285.0,HYPOTHETICAL_SCENARIO_NOT_BROKER_FACT,2022-01-24 00:00:00,2022-01-25 11:45:00,BULLISH,2022-01-25 12:38:00,2022-01-25 12:39:00,14305.05,D1-20220124-BULLISH,STOP,14289.5,2022-01-25 12:48:00,MLR-TECH-ABL-001,2022-01-26 00:00:00,PREVIOUSLY_EXPOSED_WINDOW,C2_FVG_BREAKER,M1_STRICT_PENETRATION_NO_FAVORABLE_IMPROVEMENT,STRICT_M1_LIMIT_PENETRATION,FILLED,0,0.00,-15.55,-0.5446584938704028021015761821,0.15,TECHNICAL_ONLY_ABLATION,-28.55,-1,LOSS_1R,QRP-MACRO-LIQUIDITY-REVERSAL-001,0,28.55,NORMALIZED_HIGH_COST,D1-20220124-BULLISH-M15-C2_FVG_BREAKER-FVG-007006-BREAKER-000779,3.0,6,14289.5,M15_C2_FVG_BREAKER,1.5,14347.875,M15
13132.8,13124.1,False,2,BREAKER,13125.1,13143.7,1.0,FVG-007302|BREAKER-000819,13125.1,13140.5,13133.55,13123.35,HYPOTHETICAL_SCENARIO_NOT_BROKER_FACT,2022-05-02 00:00:00,2022-05-03 21:00:00,BULLISH,2022-05-03 21:00:00,2022-05-03 21:01:00,13132.8,D1-20220502-BULLISH,STOP,13124.1,2022-05-03 21:02:00,MLR-TECH-ABL-001,2022-05-04 00:00:00,PREVIOUSLY_EXPOSED_WINDOW,C2_FVG_BREAKER,M1_STRICT_PENETRATION_NO_FAVORABLE_IMPROVEMENT,STRICT_M1_LIMIT_PENETRATION,FILLED,0,0,-8.7,-0.7767857142857142857142857143,0.016666666666666666,TECHNICAL_ONLY_ABLATION,-11.20,-1,LOSS_1R,QRP-MACRO-LIQUIDITY-REVERSAL-001,0,11.20,NORMALIZED_LOW_COST,D1-20220502-BULLISH-M15-C2_FVG_BREAKER-FVG-007302-BREAKER-000819,0.50,1,13124.1,M15_C2_FVG_BREAKER,1.5,13149.600,M15
13132.8,13123.1,False,2,BREAKER,13125.1,13143.7,2,FVG-007302|BREAKER-000819,13125.1,13140.5,13134.3,13121.6,HYPOTHETICAL_SCENARIO_NOT_BROKER_FACT,2022-05-02 00:00:00,2022-05-03 21:00:00,BULLISH,2022-05-03 21:00:00,2022-05-03 21:01:00,13132.8,D1-20220502-BULLISH,STOP,13123.1,2022-05-03 21:02:00,MLR-TECH-ABL-001,2022-05-04 00:00:00,PREVIOUSLY_EXPOSED_WINDOW,C2_FVG_BREAKER,M1_STRICT_PENETRATION_NO_FAVORABLE_IMPROVEMENT,STRICT_M1_LIMIT_PENETRATION,FILLED,0,0.0,-9.7,-0.6598639455782312925170068027,0.016666666666666666,TECHNICAL_ONLY_ABLATION,-14.7,-1,LOSS_1R,QRP-MACRO-LIQUIDITY-REVERSAL-001,0,14.7,NORMALIZED_MEDIUM_COST,D1-20220502-BULLISH-M15-C2_FVG_BREAKER-FVG-007302-BREAKER-000819,1.0,2,13123.1,M15_C2_FVG_BREAKER,1.5,13154.85,M15
13132.8,13119.1,False,2,BREAKER,13125.1,13143.7,4,FVG-007302|BREAKER-000819,13125.1,13140.5,13137.3,13114.6,HYPOTHETICAL_SCENARIO_NOT_BROKER_FACT,2022-05-02 00:00:00,2022-05-03 21:00:00,BULLISH,2022-05-03 21:00:00,2022-05-03 21:01:00,13132.8,D1-20220502-BULLISH,STOP,13119.1,2022-05-03 21:02:00,MLR-TECH-ABL-001,2022-05-04 00:00:00,PREVIOUSLY_EXPOSED_WINDOW,C2_FVG_BREAKER,M1_STRICT_PENETRATION_NO_FAVORABLE_IMPROVEMENT,STRICT_M1_LIMIT_PENETRATION,FILLED,0,0.00,-13.7,-0.5131086142322097378277153558,0.016666666666666666,TECHNICAL_ONLY_ABLATION,-26.70,-1.0,LOSS_1R,QRP-MACRO-LIQUIDITY-REVERSAL-001,0,26.7,NORMALIZED_HIGH_COST,D1-20220502-BULLISH-M15-C2_FVG_BREAKER-FVG-007302-BREAKER-000819,3.0,6,13119.1,M15_C2_FVG_BREAKER,1.5,13172.85,M15
,,False,0,BREAKER,11303.6,11332.9,0,FVG-007712|BREAKER-000870,11309.6,11313.6,,,HYPOTHETICAL_SCENARIO_NOT_BROKER_FACT,2022-06-14 00:00:00,2022-06-15 02:15:00,BULLISH,,,,D1-20220614-BULLISH,MIDPOINT_NOT_STRICTLY_PENETRATED,,,MLR-TECH-ABL-001,2022-06-16 00:00:00,PREVIOUSLY_EXPOSED_WINDOW,C2_FVG_BREAKER,M1_PATH,MIDPOINT_NOT_STRICTLY_PENETRATED,NO_FILL,0,0,,,,TECHNICAL_ONLY_ABLATION,,,NO_FILL,QRP-MACRO-LIQUIDITY-REVERSAL-001,0,,NORMALIZED_LOW_COST,D1-20220614-BULLISH-M15-C2_FVG_BREAKER-FVG-007712-BREAKER-000870,0,0,,M15_C2_FVG_BREAKER,1.5,,M15
,,False,0,BREAKER,11303.6,11332.9,0,FVG-007712|BREAKER-000870,11309.6,11313.6,,,HYPOTHETICAL_SCENARIO_NOT_BROKER_FACT,2022-06-14 00:00:00,2022-06-15 02:15:00,BULLISH,,,,D1-20220614-BULLISH,MIDPOINT_NOT_STRICTLY_PENETRATED,,,MLR-TECH-ABL-001,2022-06-16 00:00:00,PREVIOUSLY_EXPOSED_WINDOW,C2_FVG_BREAKER,M1_PATH,MIDPOINT_NOT_STRICTLY_PENETRATED,NO_FILL,0,0,,,,TECHNICAL_ONLY_ABLATION,,,NO_FILL,QRP-MACRO-LIQUIDITY-REVERSAL-001,0,,NORMALIZED_MEDIUM_COST,D1-20220614-BULLISH-M15-C2_FVG_BREAKER-FVG-007712-BREAKER-000870,0,0,,M15_C2_FVG_BREAKER,1.5,,M15
,,False,0,BREAKER,11303.6,11332.9,0,FVG-007712|BREAKER-000870,11309.6,11313.6,,,HYPOTHETICAL_SCENARIO_NOT_BROKER_FACT,2022-06-14 00:00:00,2022-06-15 02:15:00,BULLISH,,,,D1-20220614-BULLISH,MIDPOINT_NOT_STRICTLY_PENETRATED,,,MLR-TECH-ABL-001,2022-06-16 00:00:00,PREVIOUSLY_EXPOSED_WINDOW,C2_FVG_BREAKER,M1_PATH,MIDPOINT_NOT_STRICTLY_PENETRATED,NO_FILL,0,0,,,,TECHNICAL_ONLY_ABLATION,,,NO_FILL,QRP-MACRO-LIQUIDITY-REVERSAL-001,0,,NORMALIZED_HIGH_COST,D1-20220614-BULLISH-M15-C2_FVG_BREAKER-FVG-007712-BREAKER-000870,0,0,,M15_C2_FVG_BREAKER,1.5,,M15
11488.7,11480.6,False,1,BREAKER,11481.6,11523.2,1.0,FVG-007926|BREAKER-000889,11488.3,11489.1,11489.45,11479.85,HYPOTHETICAL_SCENARIO_NOT_BROKER_FACT,2022-06-29 00:00:00,2022-06-30 18:45:00,BULLISH,2022-06-30 22:06:00,2022-06-30 22:07:00,11488.7,D1-20220629-BULLISH,ENTRY_BAR_STOP_ADVERSE,11480.6,2022-06-30 22:07:00,MLR-TECH-ABL-001,2022-07-01 00:00:00,PREVIOUSLY_EXPOSED_WINDOW,C2_FVG_BREAKER,M1_STRICT_PENETRATION_NO_FAVORABLE_IMPROVEMENT,STRICT_M1_LIMIT_PENETRATION,FILLED,0,0,-8.1,-0.7641509433962264150943396226,0.0,TECHNICAL_ONLY_ABLATION,-10.60,-1,LOSS_1R,QRP-MACRO-LIQUIDITY-REVERSAL-001,0,10.60,NORMALIZED_LOW_COST,D1-20220629-BULLISH-M15-C2_FVG_BREAKER-FVG-007926-BREAKER-000889,0.50,1,11480.6,M15_C2_FVG_BREAKER,1.5,11504.600,M15
11488.7,11479.6,False,1,BREAKER,11481.6,11523.2,2,FVG-007926|BREAKER-000889,11488.3,11489.1,11490.2,11478.1,HYPOTHETICAL_SCENARIO_NOT_BROKER_FACT,2022-06-29 00:00:00,2022-06-30 18:45:00,BULLISH,2022-06-30 22:06:00,2022-06-30 22:07:00,11488.7,D1-20220629-BULLISH,ENTRY_BAR_STOP_ADVERSE,11479.6,2022-06-30 22:07:00,MLR-TECH-ABL-001,2022-07-01 00:00:00,PREVIOUSLY_EXPOSED_WINDOW,C2_FVG_BREAKER,M1_STRICT_PENETRATION_NO_FAVORABLE_IMPROVEMENT,STRICT_M1_LIMIT_PENETRATION,FILLED,0,0.0,-9.1,-0.6453900709219858156028368794,0.0,TECHNICAL_ONLY_ABLATION,-14.1,-1,LOSS_1R,QRP-MACRO-LIQUIDITY-REVERSAL-001,0,14.1,NORMALIZED_MEDIUM_COST,D1-20220629-BULLISH-M15-C2_FVG_BREAKER-FVG-007926-BREAKER-000889,1.0,2,11479.6,M15_C2_FVG_BREAKER,1.5,11509.85,M15
11488.7,11475.6,False,1,BREAKER,11481.6,11523.2,4,FVG-007926|BREAKER-000889,11488.3,11489.1,11493.2,11471.1,HYPOTHETICAL_SCENARIO_NOT_BROKER_FACT,2022-06-29 00:00:00,2022-06-30 18:45:00,BULLISH,2022-06-30 22:06:00,2022-06-30 22:07:00,11488.7,D1-20220629-BULLISH,ENTRY_BAR_STOP_ADVERSE,11475.6,2022-06-30 22:07:00,MLR-TECH-ABL-001,2022-07-01 00:00:00,PREVIOUSLY_EXPOSED_WINDOW,C2_FVG_BREAKER,M1_STRICT_PENETRATION_NO_FAVORABLE_IMPROVEMENT,STRICT_M1_LIMIT_PENETRATION,FILLED,0,0.00,-13.1,-0.5019157088122605363984674330,0.0,TECHNICAL_ONLY_ABLATION,-26.10,-1.0,LOSS_1R,QRP-MACRO-LIQUIDITY-REVERSAL-001,0,26.1,NORMALIZED_HIGH_COST,D1-20220629-BULLISH-M15-C2_FVG_BREAKER-FVG-007926-BREAKER-000889,3.0,6,11475.6,M15_C2_FVG_BREAKER,1.5,11527.85,M15
11805.25,11802.8,True,1,BREAKER,11803.8,11813.9,1.0,FVG-008379|BREAKER-000952,11803.8,11806.7,11806.00,11802.05,HYPOTHETICAL_SCENARIO_NOT_BROKER_FACT,2022-09-16 00:00:00,2022-09-19 17:00:00,BULLISH,2022-09-19 17:08:00,2022-09-19 17:09:00,11805.25,D1-20220916-BULLISH,ENTRY_BAR_STOP_ADVERSE,11802.8,2022-09-19 17:09:00,MLR-TECH-ABL-001,2022-09-20 00:00:00,PREVIOUSLY_EXPOSED_WINDOW,C2_FVG_BREAKER,M1_STRICT_PENETRATION_NO_FAVORABLE_IMPROVEMENT,STRICT_M1_LIMIT_PENETRATION,FILLED,0,0,-2.45,-0.4949494949494949494949494949,0.0,TECHNICAL_ONLY_ABLATION,-4.95,-1,AMBIGUOUS_ADVERSE_FIRST,QRP-MACRO-LIQUIDITY-REVERSAL-001,0,4.95,NORMALIZED_LOW_COST,D1-20220916-BULLISH-M15-C2_FVG_BREAKER-FVG-008379-BREAKER-000952,0.50,1,11802.8,M15_C2_FVG_BREAKER,1.5,11812.675,M15
11805.25,11801.8,False,1,BREAKER,11803.8,11813.9,2,FVG-008379|BREAKER-000952,11803.8,11806.7,11806.75,11800.3,HYPOTHETICAL_SCENARIO_NOT_BROKER_FACT,2022-09-16 00:00:00,2022-09-19 17:00:00,BULLISH,2022-09-19 17:08:00,2022-09-19 17:09:00,11805.25,D1-20220916-BULLISH,ENTRY_BAR_STOP_ADVERSE,11801.8,2022-09-19 17:09:00,MLR-TECH-ABL-001,2022-09-20 00:00:00,PREVIOUSLY_EXPOSED_WINDOW,C2_FVG_BREAKER,M1_STRICT_PENETRATION_NO_FAVORABLE_IMPROVEMENT,STRICT_M1_LIMIT_PENETRATION,FILLED,0,0.0,-3.45,-0.4082840236686390532544378698,0.0,TECHNICAL_ONLY_ABLATION,-8.45,-1,LOSS_1R,QRP-MACRO-LIQUIDITY-REVERSAL-001,0,8.45,NORMALIZED_MEDIUM_COST,D1-20220916-BULLISH-M15-C2_FVG_BREAKER-FVG-008379-BREAKER-000952,1.0,2,11801.8,M15_C2_FVG_BREAKER,1.5,11817.925,M15
11805.25,11835.925,False,5,BREAKER,11803.8,11813.9,4,FVG-008379|BREAKER-000952,11803.8,11806.7,11809.75,11831.425,HYPOTHETICAL_SCENARIO_NOT_BROKER_FACT,2022-09-16 00:00:00,2022-09-19 17:00:00,BULLISH,2022-09-19 17:08:00,2022-09-19 17:09:00,11805.25,D1-20220916-BULLISH,TARGET_1_5R,11835.925,2022-09-19 17:13:00,MLR-TECH-ABL-001,2022-09-20 00:00:00,PREVIOUSLY_EXPOSED_WINDOW,C2_FVG_BREAKER,M1_STRICT_PENETRATION_NO_FAVORABLE_IMPROVEMENT,STRICT_M1_LIMIT_PENETRATION,FILLED,0,0.00,30.675,1.5,0.06666666666666667,TECHNICAL_ONLY_ABLATION,17.675,0.8643031784841075794621026895,WIN_TARGET_1_5R,QRP-MACRO-LIQUIDITY-REVERSAL-001,0,20.45,NORMALIZED_HIGH_COST,D1-20220916-BULLISH-M15-C2_FVG_BREAKER-FVG-008379-BREAKER-000952,3.0,6,11797.8,M15_C2_FVG_BREAKER,1.5,11835.925,M15
12520.7,12525.6,False,2,BREAKER,12517.3,12524.6,1.0,FVG-009196|BREAKER-001043,12517.3,12524.1,12519.95,12526.35,HYPOTHETICAL_SCENARIO_NOT_BROKER_FACT,2023-03-17 00:00:00,2023-03-20 12:15:00,BEARISH,2023-03-20 12:33:00,2023-03-20 12:34:00,12520.7,D1-20230317-BEARISH,STOP,12525.6,2023-03-20 12:35:00,MLR-TECH-ABL-001,2023-03-21 00:00:00,PREVIOUSLY_EXPOSED_WINDOW,C2_FVG_BREAKER,M1_STRICT_PENETRATION_NO_FAVORABLE_IMPROVEMENT,STRICT_M1_LIMIT_PENETRATION,FILLED,0,0,-4.9,-0.6621621621621621621621621622,0.016666666666666666,TECHNICAL_ONLY_ABLATION,-7.40,-1,LOSS_1R,QRP-MACRO-LIQUIDITY-REVERSAL-001,0,7.40,NORMALIZED_LOW_COST,D1-20230317-BEARISH-M15-C2_FVG_BREAKER-FVG-009196-BREAKER-001043,0.50,1,12525.6,M15_C2_FVG_BREAKER,1.5,12509.600,M15
12520.7,12526.6,False,2,BREAKER,12517.3,12524.6,2,FVG-009196|BREAKER-001043,12517.3,12524.1,12519.2,12528.1,HYPOTHETICAL_SCENARIO_NOT_BROKER_FACT,2023-03-17 00:00:00,2023-03-20 12:15:00,BEARISH,2023-03-20 12:33:00,2023-03-20 12:34:00,12520.7,D1-20230317-BEARISH,STOP,12526.6,2023-03-20 12:35:00,MLR-TECH-ABL-001,2023-03-21 00:00:00,PREVIOUSLY_EXPOSED_WINDOW,C2_FVG_BREAKER,M1_STRICT_PENETRATION_NO_FAVORABLE_IMPROVEMENT,STRICT_M1_LIMIT_PENETRATION,FILLED,0,0.0,-5.9,-0.5412844036697247706422018349,0.016666666666666666,TECHNICAL_ONLY_ABLATION,-10.9,-1,LOSS_1R,QRP-MACRO-LIQUIDITY-REVERSAL-001,0,10.9,NORMALIZED_MEDIUM_COST,D1-20230317-BEARISH-M15-C2_FVG_BREAKER-FVG-009196-BREAKER-001043,1.0,2,12526.6,M15_C2_FVG_BREAKER,1.5,12504.35,M15
12520.7,12530.6,False,2,BREAKER,12517.3,12524.6,4,FVG-009196|BREAKER-001043,12517.3,12524.1,12516.2,12535.1,HYPOTHETICAL_SCENARIO_NOT_BROKER_FACT,2023-03-17 00:00:00,2023-03-20 12:15:00,BEARISH,2023-03-20 12:33:00,2023-03-20 12:34:00,12520.7,D1-20230317-BEARISH,STOP,12530.6,2023-03-20 12:35:00,MLR-TECH-ABL-001,2023-03-21 00:00:00,PREVIOUSLY_EXPOSED_WINDOW,C2_FVG_BREAKER,M1_STRICT_PENETRATION_NO_FAVORABLE_IMPROVEMENT,STRICT_M1_LIMIT_PENETRATION,FILLED,0,0.00,-9.9,-0.4323144104803493449781659389,0.016666666666666666,TECHNICAL_ONLY_ABLATION,-22.90,-1.0,LOSS_1R,QRP-MACRO-LIQUIDITY-REVERSAL-001,0,22.9,NORMALIZED_HIGH_COST,D1-20230317-BEARISH-M15-C2_FVG_BREAKER-FVG-009196-BREAKER-001043,3.0,6,12530.6,M15_C2_FVG_BREAKER,1.5,12486.35,M15
13040.95,13043.9,False,2,BREAKER,13039.0,13042.9,1.0,FVG-009401|BREAKER-001069,13039.0,13042.9,13040.20,13044.65,HYPOTHETICAL_SCENARIO_NOT_BROKER_FACT,2023-04-10 00:00:00,2023-04-11 15:30:00,BEARISH,2023-04-11 15:36:00,2023-04-11 15:37:00,13040.95,D1-20230410-BEARISH,STOP,13043.9,2023-04-11 15:38:00,MLR-TECH-ABL-001,2023-04-12 00:00:00,PREVIOUSLY_EXPOSED_WINDOW,C2_FVG_BREAKER,M1_STRICT_PENETRATION_NO_FAVORABLE_IMPROVEMENT,STRICT_M1_LIMIT_PENETRATION,FILLED,0,0,-2.95,-0.5412844036697247706422018349,0.016666666666666666,TECHNICAL_ONLY_ABLATION,-5.45,-1,LOSS_1R,QRP-MACRO-LIQUIDITY-REVERSAL-001,0,5.45,NORMALIZED_LOW_COST,D1-20230410-BEARISH-M15-C2_FVG_BREAKER-FVG-009401-BREAKER-001069,0.50,1,13043.9,M15_C2_FVG_BREAKER,1.5,13032.775,M15
13040.95,13044.9,False,6,BREAKER,13039.0,13042.9,2,FVG-009401|BREAKER-001069,13039.0,13042.9,13039.45,13046.4,HYPOTHETICAL_SCENARIO_NOT_BROKER_FACT,2023-04-10 00:00:00,2023-04-11 15:30:00,BEARISH,2023-04-11 15:36:00,2023-04-11 15:37:00,13040.95,D1-20230410-BEARISH,STOP,13044.9,2023-04-11 15:42:00,MLR-TECH-ABL-001,2023-04-12 00:00:00,PREVIOUSLY_EXPOSED_WINDOW,C2_FVG_BREAKER,M1_STRICT_PENETRATION_NO_FAVORABLE_IMPROVEMENT,STRICT_M1_LIMIT_PENETRATION,FILLED,0,0.0,-3.95,-0.4413407821229050279329608939,0.08333333333333333,TECHNICAL_ONLY_ABLATION,-8.95,-1,LOSS_1R,QRP-MACRO-LIQUIDITY-REVERSAL-001,0,8.95,NORMALIZED_MEDIUM_COST,D1-20230410-BEARISH-M15-C2_FVG_BREAKER-FVG-009401-BREAKER-001069,1.0,2,13044.9,M15_C2_FVG_BREAKER,1.5,13027.525,M15
13040.95,13048.9,False,41,BREAKER,13039.0,13042.9,4,FVG-009401|BREAKER-001069,13039.0,13042.9,13036.45,13053.4,HYPOTHETICAL_SCENARIO_NOT_BROKER_FACT,2023-04-10 00:00:00,2023-04-11 15:30:00,BEARISH,2023-04-11 15:36:00,2023-04-11 15:37:00,13040.95,D1-20230410-BEARISH,STOP,13048.9,2023-04-11 16:17:00,MLR-TECH-ABL-001,2023-04-12 00:00:00,PREVIOUSLY_EXPOSED_WINDOW,C2_FVG_BREAKER,M1_STRICT_PENETRATION_NO_FAVORABLE_IMPROVEMENT,STRICT_M1_LIMIT_PENETRATION,FILLED,0,0.00,-7.95,-0.3794749403341288782816229117,0.6666666666666666,TECHNICAL_ONLY_ABLATION,-20.95,-1,LOSS_1R,QRP-MACRO-LIQUIDITY-REVERSAL-001,0,20.95,NORMALIZED_HIGH_COST,D1-20230410-BEARISH-M15-C2_FVG_BREAKER-FVG-009401-BREAKER-001069,3.0,6,13048.9,M15_C2_FVG_BREAKER,1.5,13009.525,M15
13084.900000000001,13094.3,False,5,BREAKER,13083.2,13093.3,1.0,FVG-009584|BREAKER-001088,13083.2,13086.6,13084.150000000001,13095.05,HYPOTHETICAL_SCENARIO_NOT_BROKER_FACT,2023-04-14 00:00:00,2023-04-17 14:00:00,BEARISH,2023-04-17 14:00:00,2023-04-17 14:01:00,13084.900000000001,D1-20230414-BEARISH,STOP,13094.3,2023-04-17 14:05:00,MLR-TECH-ABL-001,2023-04-18 00:00:00,PREVIOUSLY_EXPOSED_WINDOW,C2_FVG_BREAKER,M1_STRICT_PENETRATION_NO_FAVORABLE_IMPROVEMENT,STRICT_M1_LIMIT_PENETRATION,FILLED,0,0,-9.399999999999,-0.7899159663865369677282677762,0.06666666666666667,TECHNICAL_ONLY_ABLATION,-11.899999999999,-1,LOSS_1R,QRP-MACRO-LIQUIDITY-REVERSAL-001,0,11.899999999999,NORMALIZED_LOW_COST,D1-20230414-BEARISH-M15-C2_FVG_BREAKER-FVG-009584-BREAKER-001088,0.50,1,13094.3,M15_C2_FVG_BREAKER,1.5,13067.0500000000025,M15
13084.900000000001,13095.3,False,5,BREAKER,13083.2,13093.3,2,FVG-009584|BREAKER-001088,13083.2,13086.6,13083.400000000001,13096.8,HYPOTHETICAL_SCENARIO_NOT_BROKER_FACT,2023-04-14 00:00:00,2023-04-17 14:00:00,BEARISH,2023-04-17 14:00:00,2023-04-17 14:01:00,13084.900000000001,D1-20230414-BEARISH,STOP,13095.3,2023-04-17 14:05:00,MLR-TECH-ABL-001,2023-04-18 00:00:00,PREVIOUSLY_EXPOSED_WINDOW,C2_FVG_BREAKER,M1_STRICT_PENETRATION_NO_FAVORABLE_IMPROVEMENT,STRICT_M1_LIMIT_PENETRATION,FILLED,0,0.0,-10.399999999999,-0.6753246753246542418620340685,0.06666666666666667,TECHNICAL_ONLY_ABLATION,-15.399999999999,-1,LOSS_1R,QRP-MACRO-LIQUIDITY-REVERSAL-001,0,15.399999999999,NORMALIZED_MEDIUM_COST,D1-20230414-BEARISH-M15-C2_FVG_BREAKER-FVG-009584-BREAKER-001088,1.0,2,13095.3,M15_C2_FVG_BREAKER,1.5,13061.8000000000025,M15
13084.900000000001,13099.3,False,16,BREAKER,13083.2,13093.3,4,FVG-009584|BREAKER-001088,13083.2,13086.6,13080.400000000001,13103.8,HYPOTHETICAL_SCENARIO_NOT_BROKER_FACT,2023-04-14 00:00:00,2023-04-17 14:00:00,BEARISH,2023-04-17 14:00:00,2023-04-17 14:01:00,13084.900000000001,D1-20230414-BEARISH,STOP,13099.3,2023-04-17 14:16:00,MLR-TECH-ABL-001,2023-04-18 00:00:00,PREVIOUSLY_EXPOSED_WINDOW,C2_FVG_BREAKER,M1_STRICT_PENETRATION_NO_FAVORABLE_IMPROVEMENT,STRICT_M1_LIMIT_PENETRATION,FILLED,0,0.00,-14.399999999999,-0.5255474452554571367680750167,0.25,TECHNICAL_ONLY_ABLATION,-27.399999999999,-1,LOSS_1R,QRP-MACRO-LIQUIDITY-REVERSAL-001,0,27.399999999999,NORMALIZED_HIGH_COST,D1-20230414-BEARISH-M15-C2_FVG_BREAKER-FVG-009584-BREAKER-001088,3.0,6,13099.3,M15_C2_FVG_BREAKER,1.5,13043.8000000000025,M15
13233.900000000001,13236.7,False,3,BREAKER,13231.2,13235.7,1.0,FVG-009752|BREAKER-001108,13232.1,13235.7,13233.150000000001,13237.45,HYPOTHETICAL_SCENARIO_NOT_BROKER_FACT,2023-04-28 00:00:00,2023-05-01 11:45:00,BEARISH,2023-05-01 11:46:00,2023-05-01 11:47:00,13233.900000000001,D1-20230428-BEARISH,STOP,13236.7,2023-05-01 11:49:00,MLR-TECH-ABL-001,2023-05-02 00:00:00,PREVIOUSLY_EXPOSED_WINDOW,C2_FVG_BREAKER,M1_STRICT_PENETRATION_NO_FAVORABLE_IMPROVEMENT,STRICT_M1_LIMIT_PENETRATION,FILLED,0,0,-2.799999999999,-0.5283018867923638305446778045,0.03333333333333333,TECHNICAL_ONLY_ABLATION,-5.299999999999,-1,LOSS_1R,QRP-MACRO-LIQUIDITY-REVERSAL-001,0,5.299999999999,NORMALIZED_LOW_COST,D1-20230428-BEARISH-M15-C2_FVG_BREAKER-FVG-009752-BREAKER-001108,0.50,1,13236.7,M15_C2_FVG_BREAKER,1.5,13225.9500000000025,M15
13233.900000000001,13237.7,False,9,BREAKER,13231.2,13235.7,2,FVG-009752|BREAKER-001108,13232.1,13235.7,13232.400000000001,13239.2,HYPOTHETICAL_SCENARIO_NOT_BROKER_FACT,2023-04-28 00:00:00,2023-05-01 11:45:00,BEARISH,2023-05-01 11:46:00,2023-05-01 11:47:00,13233.900000000001,D1-20230428-BEARISH,STOP,13237.7,2023-05-01 11:55:00,MLR-TECH-ABL-001,2023-05-02 00:00:00,PREVIOUSLY_EXPOSED_WINDOW,C2_FVG_BREAKER,M1_STRICT_PENETRATION_NO_FAVORABLE_IMPROVEMENT,STRICT_M1_LIMIT_PENETRATION,FILLED,0,0.0,-3.799999999999,-0.4318181818181172520661156951,0.13333333333333333,TECHNICAL_ONLY_ABLATION,-8.799999999999,-1,LOSS_1R,QRP-MACRO-LIQUIDITY-REVERSAL-001,0,8.799999999999,NORMALIZED_MEDIUM_COST,D1-20230428-BEARISH-M15-C2_FVG_BREAKER-FVG-009752-BREAKER-001108,1.0,2,13237.7,M15_C2_FVG_BREAKER,1.5,13220.7000000000025,M15
13233.900000000001,13241.7,False,27,BREAKER,13231.2,13235.7,4,FVG-009752|BREAKER-001108,13232.1,13235.7,13229.400000000001,13246.2,HYPOTHETICAL_SCENARIO_NOT_BROKER_FACT,2023-04-28 00:00:00,2023-05-01 11:45:00,BEARISH,2023-05-01 11:46:00,2023-05-01 11:47:00,13233.900000000001,D1-20230428-BEARISH,STOP,13241.7,2023-05-01 12:13:00,MLR-TECH-ABL-001,2023-05-02 00:00:00,PREVIOUSLY_EXPOSED_WINDOW,C2_FVG_BREAKER,M1_STRICT_PENETRATION_NO_FAVORABLE_IMPROVEMENT,STRICT_M1_LIMIT_PENETRATION,FILLED,0,0.00,-7.799999999999,-0.3749999999999699519230769216,0.43333333333333335,TECHNICAL_ONLY_ABLATION,-20.799999999999,-1,LOSS_1R,QRP-MACRO-LIQUIDITY-REVERSAL-001,0,20.799999999999,NORMALIZED_HIGH_COST,D1-20230428-BEARISH-M15-C2_FVG_BREAKER-FVG-009752-BREAKER-001108,3.0,6,13241.7,M15_C2_FVG_BREAKER,1.5,13202.7000000000025,M15
13235.900000000001,13237.6,False,2,BREAKER,13227.9,13236.6,1.0,FVG-009943|BREAKER-001131,13235.7,13236.1,13235.150000000001,13238.35,HYPOTHETICAL_SCENARIO_NOT_BROKER_FACT,2023-05-01 00:00:00,2023-05-02 13:30:00,BEARISH,2023-05-02 13:48:00,2023-05-02 13:49:00,13235.900000000001,D1-20230501-BEARISH,STOP,13237.6,2023-05-02 13:50:00,MLR-TECH-ABL-001,2023-05-03 00:00:00,PREVIOUSLY_EXPOSED_WINDOW,C2_FVG_BREAKER,M1_STRICT_PENETRATION_NO_FAVORABLE_IMPROVEMENT,STRICT_M1_LIMIT_PENETRATION,FILLED,0,0,-1.699999999999,-0.4047619047617630385487528007,0.016666666666666666,TECHNICAL_ONLY_ABLATION,-4.199999999999,-1,LOSS_1R,QRP-MACRO-LIQUIDITY-REVERSAL-001,0,4.199999999999,NORMALIZED_LOW_COST,D1-20230501-BEARISH-M15-C2_FVG_BREAKER-FVG-009943-BREAKER-001131,0.50,1,13237.6,M15_C2_FVG_BREAKER,1.5,13229.6000000000025,M15
13235.900000000001,13238.6,False,2,BREAKER,13227.9,13236.6,2,FVG-009943|BREAKER-001131,13235.7,13236.1,13234.400000000001,13240.1,HYPOTHETICAL_SCENARIO_NOT_BROKER_FACT,2023-05-01 00:00:00,2023-05-02 13:30:00,BEARISH,2023-05-02 13:48:00,2023-05-02 13:49:00,13235.900000000001,D1-20230501-BEARISH,STOP,13238.6,2023-05-02 13:50:00,MLR-TECH-ABL-001,2023-05-03 00:00:00,PREVIOUSLY_EXPOSED_WINDOW,C2_FVG_BREAKER,M1_STRICT_PENETRATION_NO_FAVORABLE_IMPROVEMENT,STRICT_M1_LIMIT_PENETRATION,FILLED,0,0.0,-2.699999999999,-0.3506493506492663180974869177,0.016666666666666666,TECHNICAL_ONLY_ABLATION,-7.699999999999,-1,LOSS_1R,QRP-MACRO-LIQUIDITY-REVERSAL-001,0,7.699999999999,NORMALIZED_MEDIUM_COST,D1-20230501-BEARISH-M15-C2_FVG_BREAKER-FVG-009943-BREAKER-001131,1.0,2,13238.6,M15_C2_FVG_BREAKER,1.5,13224.3500000000025,M15
13235.900000000001,13206.3500000000025,False,172,BREAKER,13227.9,13236.6,4,FVG-009943|BREAKER-001131,13235.7,13236.1,13231.400000000001,13210.8500000000025,HYPOTHETICAL_SCENARIO_NOT_BROKER_FACT,2023-05-01 00:00:00,2023-05-02 13:30:00,BEARISH,2023-05-02 13:48:00,2023-05-02 13:49:00,13235.900000000001,D1-20230501-BEARISH,TARGET_1_5R,13206.3500000000025,2023-05-02 16:40:00,MLR-TECH-ABL-001,2023-05-03 00:00:00,PREVIOUSLY_EXPOSED_WINDOW,C2_FVG_BREAKER,M1_STRICT_PENETRATION_NO_FAVORABLE_IMPROVEMENT,STRICT_M1_LIMIT_PENETRATION,FILLED,0,0.00,29.5499999999985,1.5,2.85,TECHNICAL_ONLY_ABLATION,16.5499999999985,0.8401015228426060965240021627,WIN_TARGET_1_5R,QRP-MACRO-LIQUIDITY-REVERSAL-001,0,19.699999999999,NORMALIZED_HIGH_COST,D1-20230501-BEARISH-M15-C2_FVG_BREAKER-FVG-009943-BREAKER-001131,3.0,6,13242.6,M15_C2_FVG_BREAKER,1.5,13206.3500000000025,M15
14539.650000000001,14548.3,False,4,BREAKER,14537.7,14547.3,1.0,FVG-010058|BREAKER-001140,14537.7,14541.6,14538.900000000001,14549.05,HYPOTHETICAL_SCENARIO_NOT_BROKER_FACT,2023-06-05 00:00:00,2023-06-06 17:15:00,BEARISH,2023-06-06 17:21:00,2023-06-06 17:22:00,14539.650000000001,D1-20230605-BEARISH,STOP,14548.3,2023-06-06 17:25:00,MLR-TECH-ABL-001,2023-06-07 00:00:00,PREVIOUSLY_EXPOSED_WINDOW,C2_FVG_BREAKER,M1_STRICT_PENETRATION_NO_FAVORABLE_IMPROVEMENT,STRICT_M1_LIMIT_PENETRATION,FILLED,0,0,-8.649999999999,-0.7757847533632085905608397496,0.05,TECHNICAL_ONLY_ABLATION,-11.149999999999,-1,LOSS_1R,QRP-MACRO-LIQUIDITY-REVERSAL-001,0,11.149999999999,NORMALIZED_LOW_COST,D1-20230605-BEARISH-M15-C2_FVG_BREAKER-FVG-010058-BREAKER-001140,0.50,1,14548.3,M15_C2_FVG_BREAKER,1.5,14522.9250000000025,M15
14539.650000000001,14549.3,False,4,BREAKER,14537.7,14547.3,2,FVG-010058|BREAKER-001140,14537.7,14541.6,14538.150000000001,14550.8,HYPOTHETICAL_SCENARIO_NOT_BROKER_FACT,2023-06-05 00:00:00,2023-06-06 17:15:00,BEARISH,2023-06-06 17:21:00,2023-06-06 17:22:00,14539.650000000001,D1-20230605-BEARISH,STOP,14549.3,2023-06-06 17:25:00,MLR-TECH-ABL-001,2023-06-07 00:00:00,PREVIOUSLY_EXPOSED_WINDOW,C2_FVG_BREAKER,M1_STRICT_PENETRATION_NO_FAVORABLE_IMPROVEMENT,STRICT_M1_LIMIT_PENETRATION,FILLED,0,0.0,-9.649999999999,-0.6587030716723316520868035721,0.05,TECHNICAL_ONLY_ABLATION,-14.649999999999,-1,LOSS_1R,QRP-MACRO-LIQUIDITY-REVERSAL-001,0,14.649999999999,NORMALIZED_MEDIUM_COST,D1-20230605-BEARISH-M15-C2_FVG_BREAKER-FVG-010058-BREAKER-001140,1.0,2,14549.3,M15_C2_FVG_BREAKER,1.5,14517.6750000000025,M15
14539.650000000001,14553.3,False,25,BREAKER,14537.7,14547.3,4,FVG-010058|BREAKER-001140,14537.7,14541.6,14535.150000000001,14557.8,HYPOTHETICAL_SCENARIO_NOT_BROKER_FACT,2023-06-05 00:00:00,2023-06-06 17:15:00,BEARISH,2023-06-06 17:21:00,2023-06-06 17:22:00,14539.650000000001,D1-20230605-BEARISH,STOP,14553.3,2023-06-06 17:46:00,MLR-TECH-ABL-001,2023-06-07 00:00:00,PREVIOUSLY_EXPOSED_WINDOW,C2_FVG_BREAKER,M1_STRICT_PENETRATION_NO_FAVORABLE_IMPROVEMENT,STRICT_M1_LIMIT_PENETRATION,FILLED,0,0.00,-13.649999999999,-0.5121951219512012080721182439,0.4,TECHNICAL_ONLY_ABLATION,-26.649999999999,-1,LOSS_1R,QRP-MACRO-LIQUIDITY-REVERSAL-001,0,26.649999999999,NORMALIZED_HIGH_COST,D1-20230605-BEARISH-M15-C2_FVG_BREAKER-FVG-010058-BREAKER-001140,3.0,6,14553.3,M15_C2_FVG_BREAKER,1.5,14499.6750000000025,M15
15715.25,15721.2,False,1,BREAKER,15708.2,15720.2,1.0,FVG-010354|BREAKER-001172,15710.3,15720.2,15714.50,15721.95,HYPOTHETICAL_SCENARIO_NOT_BROKER_FACT,2023-07-19 00:00:00,2023-07-20 16:00:00,BEARISH,2023-07-20 16:30:00,2023-07-20 16:31:00,15715.25,D1-20230719-BEARISH,ENTRY_BAR_STOP_ADVERSE,15721.2,2023-07-20 16:31:00,MLR-TECH-ABL-001,2023-07-21 00:00:00,PREVIOUSLY_EXPOSED_WINDOW,C2_FVG_BREAKER,M1_STRICT_PENETRATION_NO_FAVORABLE_IMPROVEMENT,STRICT_M1_LIMIT_PENETRATION,FILLED,0,0,-5.95,-0.7041420118343195266272189349,0.0,TECHNICAL_ONLY_ABLATION,-8.45,-1,LOSS_1R,QRP-MACRO-LIQUIDITY-REVERSAL-001,0,8.45,NORMALIZED_LOW_COST,D1-20230719-BEARISH-M15-C2_FVG_BREAKER-FVG-010354-BREAKER-001172,0.50,1,15721.2,M15_C2_FVG_BREAKER,1.5,15702.575,M15
15715.25,15722.2,False,2,BREAKER,15708.2,15720.2,2,FVG-010354|BREAKER-001172,15710.3,15720.2,15713.75,15723.7,HYPOTHETICAL_SCENARIO_NOT_BROKER_FACT,2023-07-19 00:00:00,2023-07-20 16:00:00,BEARISH,2023-07-20 16:30:00,2023-07-20 16:31:00,15715.25,D1-20230719-BEARISH,STOP,15722.2,2023-07-20 16:32:00,MLR-TECH-ABL-001,2023-07-21 00:00:00,PREVIOUSLY_EXPOSED_WINDOW,C2_FVG_BREAKER,M1_STRICT_PENETRATION_NO_FAVORABLE_IMPROVEMENT,STRICT_M1_LIMIT_PENETRATION,FILLED,0,0.0,-6.95,-0.5815899581589958158995815900,0.016666666666666666,TECHNICAL_ONLY_ABLATION,-11.95,-1,LOSS_1R,QRP-MACRO-LIQUIDITY-REVERSAL-001,0,11.95,NORMALIZED_MEDIUM_COST,D1-20230719-BEARISH-M15-C2_FVG_BREAKER-FVG-010354-BREAKER-001172,1.0,2,15722.2,M15_C2_FVG_BREAKER,1.5,15697.325,M15
15715.25,15726.2,False,2,BREAKER,15708.2,15720.2,4,FVG-010354|BREAKER-001172,15710.3,15720.2,15710.75,15730.7,HYPOTHETICAL_SCENARIO_NOT_BROKER_FACT,2023-07-19 00:00:00,2023-07-20 16:00:00,BEARISH,2023-07-20 16:30:00,2023-07-20 16:31:00,15715.25,D1-20230719-BEARISH,STOP,15726.2,2023-07-20 16:32:00,MLR-TECH-ABL-001,2023-07-21 00:00:00,PREVIOUSLY_EXPOSED_WINDOW,C2_FVG_BREAKER,M1_STRICT_PENETRATION_NO_FAVORABLE_IMPROVEMENT,STRICT_M1_LIMIT_PENETRATION,FILLED,0,0.00,-10.95,-0.4572025052192066805845511482,0.016666666666666666,TECHNICAL_ONLY_ABLATION,-23.95,-1,LOSS_1R,QRP-MACRO-LIQUIDITY-REVERSAL-001,0,23.95,NORMALIZED_HIGH_COST,D1-20230719-BEARISH-M15-C2_FVG_BREAKER-FVG-010354-BREAKER-001172,3.0,6,15726.2,M15_C2_FVG_BREAKER,1.5,15679.325,M15
15712.8,15675.300,False,9,BREAKER,15710.4,15734.3,1.0,FVG-010607|BREAKER-001195,15710.4,15715.2,15712.05,15676.050,HYPOTHETICAL_SCENARIO_NOT_BROKER_FACT,2023-07-31 00:00:00,2023-08-01 14:45:00,BEARISH,2023-08-01 17:05:00,2023-08-01 17:06:00,15712.8,D1-20230731-BEARISH,TARGET_1_5R,15675.300,2023-08-01 17:14:00,MLR-TECH-ABL-001,2023-08-02 00:00:00,PREVIOUSLY_EXPOSED_WINDOW,C2_FVG_BREAKER,M1_STRICT_PENETRATION_NO_FAVORABLE_IMPROVEMENT,STRICT_M1_LIMIT_PENETRATION,FILLED,0,0,37.500,1.5,0.13333333333333333,TECHNICAL_ONLY_ABLATION,35.000,1.4,WIN_TARGET_1_5R,QRP-MACRO-LIQUIDITY-REVERSAL-001,0,25.00,NORMALIZED_LOW_COST,D1-20230731-BEARISH-M15-C2_FVG_BREAKER-FVG-010607-BREAKER-001195,0.50,1,15735.3,M15_C2_FVG_BREAKER,1.5,15675.300,M15
15712.8,15670.05,False,10,BREAKER,15710.4,15734.3,2,FVG-010607|BREAKER-001195,15710.4,15715.2,15711.3,15671.55,HYPOTHETICAL_SCENARIO_NOT_BROKER_FACT,2023-07-31 00:00:00,2023-08-01 14:45:00,BEARISH,2023-08-01 17:05:00,2023-08-01 17:06:00,15712.8,D1-20230731-BEARISH,TARGET_1_5R,15670.05,2023-08-01 17:15:00,MLR-TECH-ABL-001,2023-08-02 00:00:00,PREVIOUSLY_EXPOSED_WINDOW,C2_FVG_BREAKER,M1_STRICT_PENETRATION_NO_FAVORABLE_IMPROVEMENT,STRICT_M1_LIMIT_PENETRATION,FILLED,0,0.0,42.75,1.5,0.15,TECHNICAL_ONLY_ABLATION,37.75,1.324561403508771929824561404,WIN_TARGET_1_5R,QRP-MACRO-LIQUIDITY-REVERSAL-001,0,28.5,NORMALIZED_MEDIUM_COST,D1-20230731-BEARISH-M15-C2_FVG_BREAKER-FVG-010607-BREAKER-001195,1.0,2,15736.3,M15_C2_FVG_BREAKER,1.5,15670.05,M15
15712.8,15652.05,False,11,BREAKER,15710.4,15734.3,4,FVG-010607|BREAKER-001195,15710.4,15715.2,15708.3,15656.55,HYPOTHETICAL_SCENARIO_NOT_BROKER_FACT,2023-07-31 00:00:00,2023-08-01 14:45:00,BEARISH,2023-08-01 17:05:00,2023-08-01 17:06:00,15712.8,D1-20230731-BEARISH,TARGET_1_5R,15652.05,2023-08-01 17:16:00,MLR-TECH-ABL-001,2023-08-02 00:00:00,PREVIOUSLY_EXPOSED_WINDOW,C2_FVG_BREAKER,M1_STRICT_PENETRATION_NO_FAVORABLE_IMPROVEMENT,STRICT_M1_LIMIT_PENETRATION,FILLED,0,0.00,60.75,1.5,0.16666666666666666,TECHNICAL_ONLY_ABLATION,47.75,1.179012345679012345679012346,WIN_TARGET_1_5R,QRP-MACRO-LIQUIDITY-REVERSAL-001,0,40.5,NORMALIZED_HIGH_COST,D1-20230731-BEARISH-M15-C2_FVG_BREAKER-FVG-010607-BREAKER-001195,3.0,6,15740.3,M15_C2_FVG_BREAKER,1.5,15652.05,M15
,,False,0,BREAKER,14585.6,14605.3,0,FVG-010961|BREAKER-001229,14585.6,14585.9,,,HYPOTHETICAL_SCENARIO_NOT_BROKER_FACT,2023-09-27 00:00:00,2023-09-28 18:15:00,BULLISH,,,,D1-20230927-BULLISH,MIDPOINT_NOT_STRICTLY_PENETRATED,,,MLR-TECH-ABL-001,2023-09-29 00:00:00,PREVIOUSLY_EXPOSED_WINDOW,C2_FVG_BREAKER,M1_PATH,MIDPOINT_NOT_STRICTLY_PENETRATED,NO_FILL,0,0,,,,TECHNICAL_ONLY_ABLATION,,,NO_FILL,QRP-MACRO-LIQUIDITY-REVERSAL-001,0,,NORMALIZED_LOW_COST,D1-20230927-BULLISH-M15-C2_FVG_BREAKER-FVG-010961-BREAKER-001229,0,0,,M15_C2_FVG_BREAKER,1.5,,M15
,,False,0,BREAKER,14585.6,14605.3,0,FVG-010961|BREAKER-001229,14585.6,14585.9,,,HYPOTHETICAL_SCENARIO_NOT_BROKER_FACT,2023-09-27 00:00:00,2023-09-28 18:15:00,BULLISH,,,,D1-20230927-BULLISH,MIDPOINT_NOT_STRICTLY_PENETRATED,,,MLR-TECH-ABL-001,2023-09-29 00:00:00,PREVIOUSLY_EXPOSED_WINDOW,C2_FVG_BREAKER,M1_PATH,MIDPOINT_NOT_STRICTLY_PENETRATED,NO_FILL,0,0,,,,TECHNICAL_ONLY_ABLATION,,,NO_FILL,QRP-MACRO-LIQUIDITY-REVERSAL-001,0,,NORMALIZED_MEDIUM_COST,D1-20230927-BULLISH-M15-C2_FVG_BREAKER-FVG-010961-BREAKER-001229,0,0,,M15_C2_FVG_BREAKER,1.5,,M15
,,False,0,BREAKER,14585.6,14605.3,0,FVG-010961|BREAKER-001229,14585.6,14585.9,,,HYPOTHETICAL_SCENARIO_NOT_BROKER_FACT,2023-09-27 00:00:00,2023-09-28 18:15:00,BULLISH,,,,D1-20230927-BULLISH,MIDPOINT_NOT_STRICTLY_PENETRATED,,,MLR-TECH-ABL-001,2023-09-29 00:00:00,PREVIOUSLY_EXPOSED_WINDOW,C2_FVG_BREAKER,M1_PATH,MIDPOINT_NOT_STRICTLY_PENETRATED,NO_FILL,0,0,,,,TECHNICAL_ONLY_ABLATION,,,NO_FILL,QRP-MACRO-LIQUIDITY-REVERSAL-001,0,,NORMALIZED_HIGH_COST,D1-20230927-BULLISH-M15-C2_FVG_BREAKER-FVG-010961-BREAKER-001229,0,0,,M15_C2_FVG_BREAKER,1.5,,M15
15779.35,15743.275,False,32,BREAKER,15773.7,15799.9,1.0,FVG-011088|BREAKER-001242,15773.7,15785.0,15778.60,15744.025,HYPOTHETICAL_SCENARIO_NOT_BROKER_FACT,2023-11-15 00:00:00,2023-11-16 18:00:00,BEARISH,2023-11-16 18:04:00,2023-11-16 18:05:00,15779.35,D1-20231115-BEARISH,TARGET_1_5R,15743.275,2023-11-16 18:36:00,MLR-TECH-ABL-001,2023-11-17 00:00:00,PREVIOUSLY_EXPOSED_WINDOW,C2_FVG_BREAKER,M1_STRICT_PENETRATION_NO_FAVORABLE_IMPROVEMENT,STRICT_M1_LIMIT_PENETRATION,FILLED,0,0,36.075,1.5,0.5166666666666667,TECHNICAL_ONLY_ABLATION,33.575,1.396049896049896049896049896,WIN_TARGET_1_5R,QRP-MACRO-LIQUIDITY-REVERSAL-001,0,24.05,NORMALIZED_LOW_COST,D1-20231115-BEARISH-M15-C2_FVG_BREAKER-FVG-011088-BREAKER-001242,0.50,1,15800.9,M15_C2_FVG_BREAKER,1.5,15743.275,M15
15779.35,15738.025,False,32,BREAKER,15773.7,15799.9,2,FVG-011088|BREAKER-001242,15773.7,15785.0,15777.85,15739.525,HYPOTHETICAL_SCENARIO_NOT_BROKER_FACT,2023-11-15 00:00:00,2023-11-16 18:00:00,BEARISH,2023-11-16 18:04:00,2023-11-16 18:05:00,15779.35,D1-20231115-BEARISH,TARGET_1_5R,15738.025,2023-11-16 18:36:00,MLR-TECH-ABL-001,2023-11-17 00:00:00,PREVIOUSLY_EXPOSED_WINDOW,C2_FVG_BREAKER,M1_STRICT_PENETRATION_NO_FAVORABLE_IMPROVEMENT,STRICT_M1_LIMIT_PENETRATION,FILLED,0,0.0,41.325,1.5,0.5166666666666667,TECHNICAL_ONLY_ABLATION,36.325,1.318511796733212341197822142,WIN_TARGET_1_5R,QRP-MACRO-LIQUIDITY-REVERSAL-001,0,27.55,NORMALIZED_MEDIUM_COST,D1-20231115-BEARISH-M15-C2_FVG_BREAKER-FVG-011088-BREAKER-001242,1.0,2,15801.9,M15_C2_FVG_BREAKER,1.5,15738.025,M15
15779.35,15805.9,False,76,BREAKER,15773.7,15799.9,4,FVG-011088|BREAKER-001242,15773.7,15785.0,15774.85,15810.4,HYPOTHETICAL_SCENARIO_NOT_BROKER_FACT,2023-11-15 00:00:00,2023-11-16 18:00:00,BEARISH,2023-11-16 18:04:00,2023-11-16 18:05:00,15779.35,D1-20231115-BEARISH,STOP,15805.9,2023-11-16 19:20:00,MLR-TECH-ABL-001,2023-11-17 00:00:00,PREVIOUSLY_EXPOSED_WINDOW,C2_FVG_BREAKER,M1_STRICT_PENETRATION_NO_FAVORABLE_IMPROVEMENT,STRICT_M1_LIMIT_PENETRATION,FILLED,0,0.00,-26.55,-0.6713021491782553729456384324,1.25,TECHNICAL_ONLY_ABLATION,-39.55,-1,LOSS_1R,QRP-MACRO-LIQUIDITY-REVERSAL-001,0,39.55,NORMALIZED_HIGH_COST,D1-20231115-BEARISH-M15-C2_FVG_BREAKER-FVG-011088-BREAKER-001242,3.0,6,15805.9,M15_C2_FVG_BREAKER,1.5,15720.025,M15
,,False,0,BREAKER,16014.3,16027.1,0,FVG-011276|BREAKER-001265,16014.9,16023.8,,,HYPOTHETICAL_SCENARIO_NOT_BROKER_FACT,2023-11-29 00:00:00,2023-11-30 16:30:00,BEARISH,,,,D1-20231129-BEARISH,MIDPOINT_NOT_STRICTLY_PENETRATED,,,MLR-TECH-ABL-001,2023-12-01 00:00:00,PREVIOUSLY_EXPOSED_WINDOW,C2_FVG_BREAKER,M1_PATH,MIDPOINT_NOT_STRICTLY_PENETRATED,NO_FILL,0,0,,,,TECHNICAL_ONLY_ABLATION,,,NO_FILL,QRP-MACRO-LIQUIDITY-REVERSAL-001,0,,NORMALIZED_LOW_COST,D1-20231129-BEARISH-M15-C2_FVG_BREAKER-FVG-011276-BREAKER-001265,0,0,,M15_C2_FVG_BREAKER,1.5,,M15
,,False,0,BREAKER,16014.3,16027.1,0,FVG-011276|BREAKER-001265,16014.9,16023.8,,,HYPOTHETICAL_SCENARIO_NOT_BROKER_FACT,2023-11-29 00:00:00,2023-11-30 16:30:00,BEARISH,,,,D1-20231129-BEARISH,MIDPOINT_NOT_STRICTLY_PENETRATED,,,MLR-TECH-ABL-001,2023-12-01 00:00:00,PREVIOUSLY_EXPOSED_WINDOW,C2_FVG_BREAKER,M1_PATH,MIDPOINT_NOT_STRICTLY_PENETRATED,NO_FILL,0,0,,,,TECHNICAL_ONLY_ABLATION,,,NO_FILL,QRP-MACRO-LIQUIDITY-REVERSAL-001,0,,NORMALIZED_MEDIUM_COST,D1-20231129-BEARISH-M15-C2_FVG_BREAKER-FVG-011276-BREAKER-001265,0,0,,M15_C2_FVG_BREAKER,1.5,,M15
,,False,0,BREAKER,16014.3,16027.1,0,FVG-011276|BREAKER-001265,16014.9,16023.8,,,HYPOTHETICAL_SCENARIO_NOT_BROKER_FACT,2023-11-29 00:00:00,2023-11-30 16:30:00,BEARISH,,,,D1-20231129-BEARISH,MIDPOINT_NOT_STRICTLY_PENETRATED,,,MLR-TECH-ABL-001,2023-12-01 00:00:00,PREVIOUSLY_EXPOSED_WINDOW,C2_FVG_BREAKER,M1_PATH,MIDPOINT_NOT_STRICTLY_PENETRATED,NO_FILL,0,0,,,,TECHNICAL_ONLY_ABLATION,,,NO_FILL,QRP-MACRO-LIQUIDITY-REVERSAL-001,0,,NORMALIZED_HIGH_COST,D1-20231129-BEARISH-M15-C2_FVG_BREAKER-FVG-011276-BREAKER-001265,0,0,,M15_C2_FVG_BREAKER,1.5,,M15
17331.3,17337.0,False,2,BREAKER,17326.6,17336.0,1.0,FVG-011563|BREAKER-001301,17326.6,17336.0,17330.55,17337.75,HYPOTHETICAL_SCENARIO_NOT_BROKER_FACT,2024-01-22 00:00:00,2024-01-23 11:15:00,BEARISH,2024-01-23 11:16:00,2024-01-23 11:17:00,17331.3,D1-20240122-BEARISH,STOP,17337.0,2024-01-23 11:18:00,MLR-TECH-ABL-001,2024-01-24 00:00:00,PREVIOUSLY_EXPOSED_WINDOW,C2_FVG_BREAKER,M1_STRICT_PENETRATION_NO_FAVORABLE_IMPROVEMENT,STRICT_M1_LIMIT_PENETRATION,FILLED,0,0,-5.7,-0.6951219512195121951219512195,0.016666666666666666,TECHNICAL_ONLY_ABLATION,-8.20,-1,LOSS_1R,QRP-MACRO-LIQUIDITY-REVERSAL-001,0,8.20,NORMALIZED_LOW_COST,D1-20240122-BEARISH-M15-C2_FVG_BREAKER-FVG-011563-BREAKER-001301,0.50,1,17337.0,M15_C2_FVG_BREAKER,1.5,17319.000,M15
17331.3,17338.0,False,6,BREAKER,17326.6,17336.0,2,FVG-011563|BREAKER-001301,17326.6,17336.0,17329.8,17339.5,HYPOTHETICAL_SCENARIO_NOT_BROKER_FACT,2024-01-22 00:00:00,2024-01-23 11:15:00,BEARISH,2024-01-23 11:16:00,2024-01-23 11:17:00,17331.3,D1-20240122-BEARISH,STOP,17338.0,2024-01-23 11:22:00,MLR-TECH-ABL-001,2024-01-24 00:00:00,PREVIOUSLY_EXPOSED_WINDOW,C2_FVG_BREAKER,M1_STRICT_PENETRATION_NO_FAVORABLE_IMPROVEMENT,STRICT_M1_LIMIT_PENETRATION,FILLED,0,0.0,-6.7,-0.5726495726495726495726495726,0.08333333333333333,TECHNICAL_ONLY_ABLATION,-11.7,-1,LOSS_1R,QRP-MACRO-LIQUIDITY-REVERSAL-001,0,11.7,NORMALIZED_MEDIUM_COST,D1-20240122-BEARISH-M15-C2_FVG_BREAKER-FVG-011563-BREAKER-001301,1.0,2,17338.0,M15_C2_FVG_BREAKER,1.5,17313.75,M15
17331.3,17342.0,False,140,BREAKER,17326.6,17336.0,4,FVG-011563|BREAKER-001301,17326.6,17336.0,17326.8,17346.5,HYPOTHETICAL_SCENARIO_NOT_BROKER_FACT,2024-01-22 00:00:00,2024-01-23 11:15:00,BEARISH,2024-01-23 11:16:00,2024-01-23 11:17:00,17331.3,D1-20240122-BEARISH,STOP,17342.0,2024-01-23 13:36:00,MLR-TECH-ABL-001,2024-01-24 00:00:00,PREVIOUSLY_EXPOSED_WINDOW,C2_FVG_BREAKER,M1_STRICT_PENETRATION_NO_FAVORABLE_IMPROVEMENT,STRICT_M1_LIMIT_PENETRATION,FILLED,0,0.00,-10.7,-0.4514767932489451476793248945,2.316666666666667,TECHNICAL_ONLY_ABLATION,-23.70,-1.0,LOSS_1R,QRP-MACRO-LIQUIDITY-REVERSAL-001,0,23.7,NORMALIZED_HIGH_COST,D1-20240122-BEARISH-M15-C2_FVG_BREAKER-FVG-011563-BREAKER-001301,3.0,6,17342.0,M15_C2_FVG_BREAKER,1.5,17295.75,M15
18084.0,18028.800,False,382,BREAKER,18079.7,18117.3,1.0,FVG-011694|BREAKER-001328,18083.5,18084.5,18083.25,18029.550,HYPOTHETICAL_SCENARIO_NOT_BROKER_FACT,2024-05-07 00:00:00,2024-05-08 08:15:00,BEARISH,2024-05-08 08:50:00,2024-05-08 08:51:00,18084.0,D1-20240507-BEARISH,TARGET_1_5R,18028.800,2024-05-08 15:12:00,MLR-TECH-ABL-001,2024-05-09 00:00:00,PREVIOUSLY_EXPOSED_WINDOW,C2_FVG_BREAKER,M1_STRICT_PENETRATION_NO_FAVORABLE_IMPROVEMENT,STRICT_M1_LIMIT_PENETRATION,FILLED,0,0,55.200,1.5,6.35,TECHNICAL_ONLY_ABLATION,52.700,1.432065217391304347826086957,WIN_TARGET_1_5R,QRP-MACRO-LIQUIDITY-REVERSAL-001,0,36.80,NORMALIZED_LOW_COST,D1-20240507-BEARISH-M15-C2_FVG_BREAKER-FVG-011694-BREAKER-001328,0.50,1,18118.3,M15_C2_FVG_BREAKER,1.5,18028.800,M15
18084.0,18023.55,False,385,BREAKER,18079.7,18117.3,2,FVG-011694|BREAKER-001328,18083.5,18084.5,18082.5,18025.05,HYPOTHETICAL_SCENARIO_NOT_BROKER_FACT,2024-05-07 00:00:00,2024-05-08 08:15:00,BEARISH,2024-05-08 08:50:00,2024-05-08 08:51:00,18084.0,D1-20240507-BEARISH,TARGET_1_5R,18023.55,2024-05-08 15:15:00,MLR-TECH-ABL-001,2024-05-09 00:00:00,PREVIOUSLY_EXPOSED_WINDOW,C2_FVG_BREAKER,M1_STRICT_PENETRATION_NO_FAVORABLE_IMPROVEMENT,STRICT_M1_LIMIT_PENETRATION,FILLED,0,0.0,60.45,1.5,6.4,TECHNICAL_ONLY_ABLATION,55.45,1.375930521091811414392059553,WIN_TARGET_1_5R,QRP-MACRO-LIQUIDITY-REVERSAL-001,0,40.3,NORMALIZED_MEDIUM_COST,D1-20240507-BEARISH-M15-C2_FVG_BREAKER-FVG-011694-BREAKER-001328,1.0,2,18119.3,M15_C2_FVG_BREAKER,1.5,18023.55,M15
18084.0,18005.55,False,386,BREAKER,18079.7,18117.3,4,FVG-011694|BREAKER-001328,18083.5,18084.5,18079.5,18010.05,HYPOTHETICAL_SCENARIO_NOT_BROKER_FACT,2024-05-07 00:00:00,2024-05-08 08:15:00,BEARISH,2024-05-08 08:50:00,2024-05-08 08:51:00,18084.0,D1-20240507-BEARISH,TARGET_1_5R,18005.55,2024-05-08 15:16:00,MLR-TECH-ABL-001,2024-05-09 00:00:00,PREVIOUSLY_EXPOSED_WINDOW,C2_FVG_BREAKER,M1_STRICT_PENETRATION_NO_FAVORABLE_IMPROVEMENT,STRICT_M1_LIMIT_PENETRATION,FILLED,0,0.00,78.45,1.5,6.416666666666667,TECHNICAL_ONLY_ABLATION,65.45,1.251434034416826003824091778,WIN_TARGET_1_5R,QRP-MACRO-LIQUIDITY-REVERSAL-001,0,52.3,NORMALIZED_HIGH_COST,D1-20240507-BEARISH-M15-C2_FVG_BREAKER-FVG-011694-BREAKER-001328,3.0,6,18123.3,M15_C2_FVG_BREAKER,1.5,18005.55,M15
19675.050000000003,19697.4,False,208,BREAKER,19667.2,19696.4,1.0,FVG-012255|BREAKER-001387,19674.7,19675.4,19674.300000000003,19698.15,HYPOTHETICAL_SCENARIO_NOT_BROKER_FACT,2024-06-26 00:00:00,2024-06-27 02:00:00,BEARISH,2024-06-27 05:13:00,2024-06-27 05:14:00,19675.050000000003,D1-20240626-BEARISH,STOP,19697.4,2024-06-27 08:41:00,MLR-TECH-ABL-001,2024-06-28 00:00:00,PREVIOUSLY_EXPOSED_WINDOW,C2_FVG_BREAKER,M1_STRICT_PENETRATION_NO_FAVORABLE_IMPROVEMENT,STRICT_M1_LIMIT_PENETRATION,FILLED,0,0,-22.349999999997,-0.8993963782696055609309782220,3.45,TECHNICAL_ONLY_ABLATION,-24.849999999997,-1,LOSS_1R,QRP-MACRO-LIQUIDITY-REVERSAL-001,0,24.849999999997,NORMALIZED_LOW_COST,D1-20240626-BEARISH-M15-C2_FVG_BREAKER-FVG-012255-BREAKER-001387,0.50,1,19697.4,M15_C2_FVG_BREAKER,1.5,19637.7750000000075,M15
19675.050000000003,19698.4,False,210,BREAKER,19667.2,19696.4,2,FVG-012255|BREAKER-001387,19674.7,19675.4,19673.550000000003,19699.9,HYPOTHETICAL_SCENARIO_NOT_BROKER_FACT,2024-06-26 00:00:00,2024-06-27 02:00:00,BEARISH,2024-06-27 05:13:00,2024-06-27 05:14:00,19675.050000000003,D1-20240626-BEARISH,STOP,19698.4,2024-06-27 08:43:00,MLR-TECH-ABL-001,2024-06-28 00:00:00,PREVIOUSLY_EXPOSED_WINDOW,C2_FVG_BREAKER,M1_STRICT_PENETRATION_NO_FAVORABLE_IMPROVEMENT,STRICT_M1_LIMIT_PENETRATION,FILLED,0,0.0,-23.349999999997,-0.8236331569664716366656401910,3.4833333333333334,TECHNICAL_ONLY_ABLATION,-28.349999999997,-1,LOSS_1R,QRP-MACRO-LIQUIDITY-REVERSAL-001,0,28.349999999997,NORMALIZED_MEDIUM_COST,D1-20240626-BEARISH-M15-C2_FVG_BREAKER-FVG-012255-BREAKER-001387,1.0,2,19698.4,M15_C2_FVG_BREAKER,1.5,19632.5250000000075,M15
19675.050000000003,19702.4,False,229,BREAKER,19667.2,19696.4,4,FVG-012255|BREAKER-001387,19674.7,19675.4,19670.550000000003,19706.9,HYPOTHETICAL_SCENARIO_NOT_BROKER_FACT,2024-06-26 00:00:00,2024-06-27 02:00:00,BEARISH,2024-06-27 05:13:00,2024-06-27 05:14:00,19675.050000000003,D1-20240626-BEARISH,STOP,19702.4,2024-06-27 09:02:00,MLR-TECH-ABL-001,2024-06-28 00:00:00,PREVIOUSLY_EXPOSED_WINDOW,C2_FVG_BREAKER,M1_STRICT_PENETRATION_NO_FAVORABLE_IMPROVEMENT,STRICT_M1_LIMIT_PENETRATION,FILLED,0,0.00,-27.349999999997,-0.6778190830235200361152186012,3.8,TECHNICAL_ONLY_ABLATION,-40.349999999997,-1,LOSS_1R,QRP-MACRO-LIQUIDITY-REVERSAL-001,0,40.349999999997,NORMALIZED_HIGH_COST,D1-20240626-BEARISH-M15-C2_FVG_BREAKER-FVG-012255-BREAKER-001387,3.0,6,19702.4,M15_C2_FVG_BREAKER,1.5,19614.5250000000075,M15
21191.1,21193.4,False,7,BREAKER,21186.5,21192.4,1.0,FVG-012457|BREAKER-001409,21189.8,21192.4,21190.35,21194.15,HYPOTHETICAL_SCENARIO_NOT_BROKER_FACT,2024-11-08 00:00:00,2024-11-11 13:15:00,BEARISH,2024-11-11 13:24:00,2024-11-11 13:25:00,21191.1,D1-20241108-BEARISH,STOP,21193.4,2024-11-11 13:31:00,MLR-TECH-ABL-001,2024-11-12 00:00:00,PREVIOUSLY_EXPOSED_WINDOW,C2_FVG_BREAKER,M1_STRICT_PENETRATION_NO_FAVORABLE_IMPROVEMENT,STRICT_M1_LIMIT_PENETRATION,FILLED,0,0,-2.3,-0.4791666666666666666666666667,0.1,TECHNICAL_ONLY_ABLATION,-4.80,-1,LOSS_1R,QRP-MACRO-LIQUIDITY-REVERSAL-001,0,4.80,NORMALIZED_LOW_COST,D1-20241108-BEARISH-M15-C2_FVG_BREAKER-FVG-012457-BREAKER-001409,0.50,1,21193.4,M15_C2_FVG_BREAKER,1.5,21183.900,M15
21191.1,21194.4,False,7,BREAKER,21186.5,21192.4,2,FVG-012457|BREAKER-001409,21189.8,21192.4,21189.6,21195.9,HYPOTHETICAL_SCENARIO_NOT_BROKER_FACT,2024-11-08 00:00:00,2024-11-11 13:15:00,BEARISH,2024-11-11 13:24:00,2024-11-11 13:25:00,21191.1,D1-20241108-BEARISH,STOP,21194.4,2024-11-11 13:31:00,MLR-TECH-ABL-001,2024-11-12 00:00:00,PREVIOUSLY_EXPOSED_WINDOW,C2_FVG_BREAKER,M1_STRICT_PENETRATION_NO_FAVORABLE_IMPROVEMENT,STRICT_M1_LIMIT_PENETRATION,FILLED,0,0.0,-3.3,-0.3975903614457831325301204819,0.1,TECHNICAL_ONLY_ABLATION,-8.3,-1,LOSS_1R,QRP-MACRO-LIQUIDITY-REVERSAL-001,0,8.3,NORMALIZED_MEDIUM_COST,D1-20241108-BEARISH-M15-C2_FVG_BREAKER-FVG-012457-BREAKER-001409,1.0,2,21194.4,M15_C2_FVG_BREAKER,1.5,21178.65,M15
21191.1,21198.4,False,38,BREAKER,21186.5,21192.4,4,FVG-012457|BREAKER-001409,21189.8,21192.4,21186.6,21202.9,HYPOTHETICAL_SCENARIO_NOT_BROKER_FACT,2024-11-08 00:00:00,2024-11-11 13:15:00,BEARISH,2024-11-11 13:24:00,2024-11-11 13:25:00,21191.1,D1-20241108-BEARISH,STOP,21198.4,2024-11-11 14:02:00,MLR-TECH-ABL-001,2024-11-12 00:00:00,PREVIOUSLY_EXPOSED_WINDOW,C2_FVG_BREAKER,M1_STRICT_PENETRATION_NO_FAVORABLE_IMPROVEMENT,STRICT_M1_LIMIT_PENETRATION,FILLED,0,0.00,-7.3,-0.3596059113300492610837438424,0.6166666666666667,TECHNICAL_ONLY_ABLATION,-20.30,-1.0,LOSS_1R,QRP-MACRO-LIQUIDITY-REVERSAL-001,0,20.3,NORMALIZED_HIGH_COST,D1-20241108-BEARISH-M15-C2_FVG_BREAKER-FVG-012457-BREAKER-001409,3.0,6,21198.4,M15_C2_FVG_BREAKER,1.5,21160.65,M15
20636.4,20580.900,False,7,BREAKER,20629.5,20669.9,1.0,FVG-012657|BREAKER-001433,20634.8,20638.0,20635.65,20581.650,HYPOTHETICAL_SCENARIO_NOT_BROKER_FACT,2024-11-20 00:00:00,2024-11-21 17:00:00,BEARISH,2024-11-21 17:16:00,2024-11-21 17:17:00,20636.4,D1-20241120-BEARISH,TARGET_1_5R,20580.900,2024-11-21 17:23:00,MLR-TECH-ABL-001,2024-11-22 00:00:00,PREVIOUSLY_EXPOSED_WINDOW,C2_FVG_BREAKER,M1_STRICT_PENETRATION_NO_FAVORABLE_IMPROVEMENT,STRICT_M1_LIMIT_PENETRATION,FILLED,0,0,55.500,1.5,0.1,TECHNICAL_ONLY_ABLATION,53.000,1.432432432432432432432432432,WIN_TARGET_1_5R,QRP-MACRO-LIQUIDITY-REVERSAL-001,0,37.00,NORMALIZED_LOW_COST,D1-20241120-BEARISH-M15-C2_FVG_BREAKER-FVG-012657-BREAKER-001433,0.50,1,20670.9,M15_C2_FVG_BREAKER,1.5,20580.900,M15
20636.4,20575.65,False,7,BREAKER,20629.5,20669.9,2,FVG-012657|BREAKER-001433,20634.8,20638.0,20634.9,20577.15,HYPOTHETICAL_SCENARIO_NOT_BROKER_FACT,2024-11-20 00:00:00,2024-11-21 17:00:00,BEARISH,2024-11-21 17:16:00,2024-11-21 17:17:00,20636.4,D1-20241120-BEARISH,TARGET_1_5R,20575.65,2024-11-21 17:23:00,MLR-TECH-ABL-001,2024-11-22 00:00:00,PREVIOUSLY_EXPOSED_WINDOW,C2_FVG_BREAKER,M1_STRICT_PENETRATION_NO_FAVORABLE_IMPROVEMENT,STRICT_M1_LIMIT_PENETRATION,FILLED,0,0.0,60.75,1.5,0.1,TECHNICAL_ONLY_ABLATION,55.75,1.376543209876543209876543210,WIN_TARGET_1_5R,QRP-MACRO-LIQUIDITY-REVERSAL-001,0,40.5,NORMALIZED_MEDIUM_COST,D1-20241120-BEARISH-M15-C2_FVG_BREAKER-FVG-012657-BREAKER-001433,1.0,2,20671.9,M15_C2_FVG_BREAKER,1.5,20575.65,M15
20636.4,20557.65,False,8,BREAKER,20629.5,20669.9,4,FVG-012657|BREAKER-001433,20634.8,20638.0,20631.9,20562.15,HYPOTHETICAL_SCENARIO_NOT_BROKER_FACT,2024-11-20 00:00:00,2024-11-21 17:00:00,BEARISH,2024-11-21 17:16:00,2024-11-21 17:17:00,20636.4,D1-20241120-BEARISH,TARGET_1_5R,20557.65,2024-11-21 17:24:00,MLR-TECH-ABL-001,2024-11-22 00:00:00,PREVIOUSLY_EXPOSED_WINDOW,C2_FVG_BREAKER,M1_STRICT_PENETRATION_NO_FAVORABLE_IMPROVEMENT,STRICT_M1_LIMIT_PENETRATION,FILLED,0,0.00,78.75,1.5,0.11666666666666667,TECHNICAL_ONLY_ABLATION,65.75,1.252380952380952380952380952,WIN_TARGET_1_5R,QRP-MACRO-LIQUIDITY-REVERSAL-001,0,52.5,NORMALIZED_HIGH_COST,D1-20241120-BEARISH-M15-C2_FVG_BREAKER-FVG-012657-BREAKER-001433,3.0,6,20675.9,M15_C2_FVG_BREAKER,1.5,20557.65,M15
20469.699999999997,20445.2,False,12,BREAKER,20446.2,20476.3,1.0,FVG-013116|BREAKER-001500,20463.1,20476.3,20470.449999999997,20444.45,HYPOTHETICAL_SCENARIO_NOT_BROKER_FACT,2025-03-04 00:00:00,2025-03-05 20:15:00,BULLISH,2025-03-05 20:15:00,2025-03-05 20:16:00,20469.699999999997,D1-20250304-BULLISH,STOP,20445.2,2025-03-05 20:27:00,MLR-TECH-ABL-001,2025-03-06 00:00:00,PREVIOUSLY_EXPOSED_WINDOW,C2_FVG_BREAKER,M1_STRICT_PENETRATION_NO_FAVORABLE_IMPROVEMENT,STRICT_M1_LIMIT_PENETRATION,FILLED,0,0,-24.499999999997,-0.9074074074073971193415637849,0.18333333333333332,TECHNICAL_ONLY_ABLATION,-26.999999999997,-1,LOSS_1R,QRP-MACRO-LIQUIDITY-REVERSAL-001,0,26.999999999997,NORMALIZED_LOW_COST,D1-20250304-BULLISH-M15-C2_FVG_BREAKER-FVG-013116-BREAKER-001500,0.50,1,20445.2,M15_C2_FVG_BREAKER,1.5,20510.1999999999925,M15
20469.699999999997,20444.2,False,12,BREAKER,20446.2,20476.3,2,FVG-013116|BREAKER-001500,20463.1,20476.3,20471.199999999997,20442.7,HYPOTHETICAL_SCENARIO_NOT_BROKER_FACT,2025-03-04 00:00:00,2025-03-05 20:15:00,BULLISH,2025-03-05 20:15:00,2025-03-05 20:16:00,20469.699999999997,D1-20250304-BULLISH,STOP,20444.2,2025-03-05 20:27:00,MLR-TECH-ABL-001,2025-03-06 00:00:00,PREVIOUSLY_EXPOSED_WINDOW,C2_FVG_BREAKER,M1_STRICT_PENETRATION_NO_FAVORABLE_IMPROVEMENT,STRICT_M1_LIMIT_PENETRATION,FILLED,0,0.0,-25.499999999997,-0.8360655737704756785810266042,0.18333333333333332,TECHNICAL_ONLY_ABLATION,-30.499999999997,-1,LOSS_1R,QRP-MACRO-LIQUIDITY-REVERSAL-001,0,30.499999999997,NORMALIZED_MEDIUM_COST,D1-20250304-BULLISH-M15-C2_FVG_BREAKER-FVG-013116-BREAKER-001500,1.0,2,20444.2,M15_C2_FVG_BREAKER,1.5,20515.4499999999925,M15
20469.699999999997,20440.2,False,12,BREAKER,20446.2,20476.3,4,FVG-013116|BREAKER-001500,20463.1,20476.3,20474.199999999997,20435.7,HYPOTHETICAL_SCENARIO_NOT_BROKER_FACT,2025-03-04 00:00:00,2025-03-05 20:15:00,BULLISH,2025-03-05 20:15:00,2025-03-05 20:16:00,20469.699999999997,D1-20250304-BULLISH,STOP,20440.2,2025-03-05 20:27:00,MLR-TECH-ABL-001,2025-03-06 00:00:00,PREVIOUSLY_EXPOSED_WINDOW,C2_FVG_BREAKER,M1_STRICT_PENETRATION_NO_FAVORABLE_IMPROVEMENT,STRICT_M1_LIMIT_PENETRATION,FILLED,0,0.00,-29.499999999997,-0.6941176470588019377162629743,0.18333333333333332,TECHNICAL_ONLY_ABLATION,-42.499999999997,-1,LOSS_1R,QRP-MACRO-LIQUIDITY-REVERSAL-001,0,42.499999999997,NORMALIZED_HIGH_COST,D1-20250304-BULLISH-M15-C2_FVG_BREAKER-FVG-013116-BREAKER-001500,3.0,6,20440.2,M15_C2_FVG_BREAKER,1.5,20533.4499999999925,M15
21707.6,21712.7,False,2,BREAKER,21697.9,21711.7,1.0,FVG-013529|BREAKER-001555,21703.5,21711.7,21706.85,21713.45,HYPOTHETICAL_SCENARIO_NOT_BROKER_FACT,2025-06-04 00:00:00,2025-06-05 17:15:00,BEARISH,2025-06-05 17:20:00,2025-06-05 17:21:00,21707.6,D1-20250604-BEARISH,STOP,21712.7,2025-06-05 17:22:00,MLR-TECH-ABL-001,2025-06-06 00:00:00,PREVIOUSLY_EXPOSED_WINDOW,C2_FVG_BREAKER,M1_STRICT_PENETRATION_NO_FAVORABLE_IMPROVEMENT,STRICT_M1_LIMIT_PENETRATION,FILLED,0,0,-5.1,-0.6710526315789473684210526316,0.016666666666666666,TECHNICAL_ONLY_ABLATION,-7.60,-1,LOSS_1R,QRP-MACRO-LIQUIDITY-REVERSAL-001,0,7.60,NORMALIZED_LOW_COST,D1-20250604-BEARISH-M15-C2_FVG_BREAKER-FVG-013529-BREAKER-001555,0.50,1,21712.7,M15_C2_FVG_BREAKER,1.5,21696.200,M15
21707.6,21713.7,False,2,BREAKER,21697.9,21711.7,2,FVG-013529|BREAKER-001555,21703.5,21711.7,21706.1,21715.2,HYPOTHETICAL_SCENARIO_NOT_BROKER_FACT,2025-06-04 00:00:00,2025-06-05 17:15:00,BEARISH,2025-06-05 17:20:00,2025-06-05 17:21:00,21707.6,D1-20250604-BEARISH,STOP,21713.7,2025-06-05 17:22:00,MLR-TECH-ABL-001,2025-06-06 00:00:00,PREVIOUSLY_EXPOSED_WINDOW,C2_FVG_BREAKER,M1_STRICT_PENETRATION_NO_FAVORABLE_IMPROVEMENT,STRICT_M1_LIMIT_PENETRATION,FILLED,0,0.0,-6.1,-0.5495495495495495495495495495,0.016666666666666666,TECHNICAL_ONLY_ABLATION,-11.1,-1,LOSS_1R,QRP-MACRO-LIQUIDITY-REVERSAL-001,0,11.1,NORMALIZED_MEDIUM_COST,D1-20250604-BEARISH-M15-C2_FVG_BREAKER-FVG-013529-BREAKER-001555,1.0,2,21713.7,M15_C2_FVG_BREAKER,1.5,21690.95,M15
21707.6,21717.7,False,2,BREAKER,21697.9,21711.7,4,FVG-013529|BREAKER-001555,21703.5,21711.7,21703.1,21722.2,HYPOTHETICAL_SCENARIO_NOT_BROKER_FACT,2025-06-04 00:00:00,2025-06-05 17:15:00,BEARISH,2025-06-05 17:20:00,2025-06-05 17:21:00,21707.6,D1-20250604-BEARISH,STOP,21717.7,2025-06-05 17:22:00,MLR-TECH-ABL-001,2025-06-06 00:00:00,PREVIOUSLY_EXPOSED_WINDOW,C2_FVG_BREAKER,M1_STRICT_PENETRATION_NO_FAVORABLE_IMPROVEMENT,STRICT_M1_LIMIT_PENETRATION,FILLED,0,0.00,-10.1,-0.4372294372294372294372294372,0.016666666666666666,TECHNICAL_ONLY_ABLATION,-23.10,-1.0,LOSS_1R,QRP-MACRO-LIQUIDITY-REVERSAL-001,0,23.1,NORMALIZED_HIGH_COST,D1-20250604-BEARISH-M15-C2_FVG_BREAKER-FVG-013529-BREAKER-001555,3.0,6,21717.7,M15_C2_FVG_BREAKER,1.5,21672.95,M15
21794.25,21795.3,False,1,BREAKER,21752.2,21794.3,1.0,FVG-013761|BREAKER-001577,21794.2,21794.3,21793.50,21796.05,HYPOTHETICAL_SCENARIO_NOT_BROKER_FACT,2025-06-09 00:00:00,2025-06-10 11:00:00,BEARISH,2025-06-10 11:48:00,2025-06-10 11:49:00,21794.25,D1-20250609-BEARISH,ENTRY_BAR_STOP_ADVERSE,21795.3,2025-06-10 11:49:00,MLR-TECH-ABL-001,2025-06-11 00:00:00,PREVIOUSLY_EXPOSED_WINDOW,C2_FVG_BREAKER,M1_STRICT_PENETRATION_NO_FAVORABLE_IMPROVEMENT,STRICT_M1_LIMIT_PENETRATION,FILLED,0,0,-1.05,-0.2957746478873239436619718310,0.0,TECHNICAL_ONLY_ABLATION,-3.55,-1,LOSS_1R,QRP-MACRO-LIQUIDITY-REVERSAL-001,0,3.55,NORMALIZED_LOW_COST,D1-20250609-BEARISH-M15-C2_FVG_BREAKER-FVG-013761-BREAKER-001577,0.50,1,21795.3,M15_C2_FVG_BREAKER,1.5,21788.925,M15
21794.25,21796.3,False,1,BREAKER,21752.2,21794.3,2,FVG-013761|BREAKER-001577,21794.2,21794.3,21792.75,21797.8,HYPOTHETICAL_SCENARIO_NOT_BROKER_FACT,2025-06-09 00:00:00,2025-06-10 11:00:00,BEARISH,2025-06-10 11:48:00,2025-06-10 11:49:00,21794.25,D1-20250609-BEARISH,ENTRY_BAR_STOP_ADVERSE,21796.3,2025-06-10 11:49:00,MLR-TECH-ABL-001,2025-06-11 00:00:00,PREVIOUSLY_EXPOSED_WINDOW,C2_FVG_BREAKER,M1_STRICT_PENETRATION_NO_FAVORABLE_IMPROVEMENT,STRICT_M1_LIMIT_PENETRATION,FILLED,0,0.0,-2.05,-0.2907801418439716312056737589,0.0,TECHNICAL_ONLY_ABLATION,-7.05,-1,LOSS_1R,QRP-MACRO-LIQUIDITY-REVERSAL-001,0,7.05,NORMALIZED_MEDIUM_COST,D1-20250609-BEARISH-M15-C2_FVG_BREAKER-FVG-013761-BREAKER-001577,1.0,2,21796.3,M15_C2_FVG_BREAKER,1.5,21783.675,M15
21794.25,21800.3,False,15,BREAKER,21752.2,21794.3,4,FVG-013761|BREAKER-001577,21794.2,21794.3,21789.75,21804.8,HYPOTHETICAL_SCENARIO_NOT_BROKER_FACT,2025-06-09 00:00:00,2025-06-10 11:00:00,BEARISH,2025-06-10 11:48:00,2025-06-10 11:49:00,21794.25,D1-20250609-BEARISH,STOP,21800.3,2025-06-10 12:03:00,MLR-TECH-ABL-001,2025-06-11 00:00:00,PREVIOUSLY_EXPOSED_WINDOW,C2_FVG_BREAKER,M1_STRICT_PENETRATION_NO_FAVORABLE_IMPROVEMENT,STRICT_M1_LIMIT_PENETRATION,FILLED,0,0.00,-6.05,-0.3175853018372703412073490814,0.23333333333333334,TECHNICAL_ONLY_ABLATION,-19.05,-1,LOSS_1R,QRP-MACRO-LIQUIDITY-REVERSAL-001,0,19.05,NORMALIZED_HIGH_COST,D1-20250609-BEARISH-M15-C2_FVG_BREAKER-FVG-013761-BREAKER-001577,3.0,6,21800.3,M15_C2_FVG_BREAKER,1.5,21765.675,M15
22876.45,22870.375,False,2,BREAKER,22865.0,22877.0,1.0,FVG-013943|BREAKER-001591,22875.9,22877.0,22875.70,22871.125,HYPOTHETICAL_SCENARIO_NOT_BROKER_FACT,2025-07-15 00:00:00,2025-07-16 17:00:00,BEARISH,2025-07-16 17:53:00,2025-07-16 17:54:00,22876.45,D1-20250715-BEARISH,TARGET_1_5R,22870.375,2025-07-16 17:55:00,MLR-TECH-ABL-001,2025-07-17 00:00:00,PREVIOUSLY_EXPOSED_WINDOW,C2_FVG_BREAKER,M1_STRICT_PENETRATION_NO_FAVORABLE_IMPROVEMENT,STRICT_M1_LIMIT_PENETRATION,FILLED,0,0,6.075,1.5,0.016666666666666666,TECHNICAL_ONLY_ABLATION,3.575,0.8827160493827160493827160494,WIN_TARGET_1_5R,QRP-MACRO-LIQUIDITY-REVERSAL-001,0,4.05,NORMALIZED_LOW_COST,D1-20250715-BEARISH-M15-C2_FVG_BREAKER-FVG-013943-BREAKER-001591,0.50,1,22878.0,M15_C2_FVG_BREAKER,1.5,22870.375,M15
22876.45,22865.125,False,2,BREAKER,22865.0,22877.0,2,FVG-013943|BREAKER-001591,22875.9,22877.0,22874.95,22866.625,HYPOTHETICAL_SCENARIO_NOT_BROKER_FACT,2025-07-15 00:00:00,2025-07-16 17:00:00,BEARISH,2025-07-16 17:53:00,2025-07-16 17:54:00,22876.45,D1-20250715-BEARISH,TARGET_1_5R,22865.125,2025-07-16 17:55:00,MLR-TECH-ABL-001,2025-07-17 00:00:00,PREVIOUSLY_EXPOSED_WINDOW,C2_FVG_BREAKER,M1_STRICT_PENETRATION_NO_FAVORABLE_IMPROVEMENT,STRICT_M1_LIMIT_PENETRATION,FILLED,0,0.0,11.325,1.5,0.016666666666666666,TECHNICAL_ONLY_ABLATION,6.325,0.8377483443708609271523178808,WIN_TARGET_1_5R,QRP-MACRO-LIQUIDITY-REVERSAL-001,0,7.55,NORMALIZED_MEDIUM_COST,D1-20250715-BEARISH-M15-C2_FVG_BREAKER-FVG-013943-BREAKER-001591,1.0,2,22879.0,M15_C2_FVG_BREAKER,1.5,22865.125,M15
22876.45,22847.125,False,2,BREAKER,22865.0,22877.0,4,FVG-013943|BREAKER-001591,22875.9,22877.0,22871.95,22851.625,HYPOTHETICAL_SCENARIO_NOT_BROKER_FACT,2025-07-15 00:00:00,2025-07-16 17:00:00,BEARISH,2025-07-16 17:53:00,2025-07-16 17:54:00,22876.45,D1-20250715-BEARISH,TARGET_1_5R,22847.125,2025-07-16 17:55:00,MLR-TECH-ABL-001,2025-07-17 00:00:00,PREVIOUSLY_EXPOSED_WINDOW,C2_FVG_BREAKER,M1_STRICT_PENETRATION_NO_FAVORABLE_IMPROVEMENT,STRICT_M1_LIMIT_PENETRATION,FILLED,0,0.00,29.325,1.5,0.016666666666666666,TECHNICAL_ONLY_ABLATION,16.325,0.8350383631713554987212276215,WIN_TARGET_1_5R,QRP-MACRO-LIQUIDITY-REVERSAL-001,0,19.55,NORMALIZED_HIGH_COST,D1-20250715-BEARISH-M15-C2_FVG_BREAKER-FVG-013943-BREAKER-001591,3.0,6,22883.0,M15_C2_FVG_BREAKER,1.5,22847.125,M15
23836.75,23862.3,False,10,BREAKER,23825.4,23861.3,1.0,FVG-014341|BREAKER-001633,23825.4,23848.1,23836.00,23863.05,HYPOTHETICAL_SCENARIO_NOT_BROKER_FACT,2025-08-13 00:00:00,2025-08-14 18:45:00,BEARISH,2025-08-14 18:47:00,2025-08-14 18:48:00,23836.75,D1-20250813-BEARISH,STOP,23862.3,2025-08-14 18:57:00,MLR-TECH-ABL-001,2025-08-15 00:00:00,PREVIOUSLY_EXPOSED_WINDOW,C2_FVG_BREAKER,M1_STRICT_PENETRATION_NO_FAVORABLE_IMPROVEMENT,STRICT_M1_LIMIT_PENETRATION,FILLED,0,0,-25.55,-0.9108734402852049910873440285,0.15,TECHNICAL_ONLY_ABLATION,-28.05,-1,LOSS_1R,QRP-MACRO-LIQUIDITY-REVERSAL-001,0,28.05,NORMALIZED_LOW_COST,D1-20250813-BEARISH-M15-C2_FVG_BREAKER-FVG-014341-BREAKER-001633,0.50,1,23862.3,M15_C2_FVG_BREAKER,1.5,23794.675,M15
23836.75,23789.425,False,28,BREAKER,23825.4,23861.3,2,FVG-014341|BREAKER-001633,23825.4,23848.1,23835.25,23790.925,HYPOTHETICAL_SCENARIO_NOT_BROKER_FACT,2025-08-13 00:00:00,2025-08-14 18:45:00,BEARISH,2025-08-14 18:47:00,2025-08-14 18:48:00,23836.75,D1-20250813-BEARISH,TARGET_1_5R,23789.425,2025-08-14 19:15:00,MLR-TECH-ABL-001,2025-08-15 00:00:00,PREVIOUSLY_EXPOSED_WINDOW,C2_FVG_BREAKER,M1_STRICT_PENETRATION_NO_FAVORABLE_IMPROVEMENT,STRICT_M1_LIMIT_PENETRATION,FILLED,0,0.0,47.325,1.5,0.45,TECHNICAL_ONLY_ABLATION,42.325,1.341521394611727416798732171,WIN_TARGET_1_5R,QRP-MACRO-LIQUIDITY-REVERSAL-001,0,31.55,NORMALIZED_MEDIUM_COST,D1-20250813-BEARISH-M15-C2_FVG_BREAKER-FVG-014341-BREAKER-001633,1.0,2,23863.3,M15_C2_FVG_BREAKER,1.5,23789.425,M15
23836.75,23867.3,False,72,BREAKER,23825.4,23861.3,4,FVG-014341|BREAKER-001633,23825.4,23848.1,23832.25,23871.8,HYPOTHETICAL_SCENARIO_NOT_BROKER_FACT,2025-08-13 00:00:00,2025-08-14 18:45:00,BEARISH,2025-08-14 18:47:00,2025-08-14 18:48:00,23836.75,D1-20250813-BEARISH,STOP,23867.3,2025-08-14 19:59:00,MLR-TECH-ABL-001,2025-08-15 00:00:00,PREVIOUSLY_EXPOSED_WINDOW,C2_FVG_BREAKER,M1_STRICT_PENETRATION_NO_FAVORABLE_IMPROVEMENT,STRICT_M1_LIMIT_PENETRATION,FILLED,0,0.00,-30.55,-0.7014925373134328358208955224,1.1833333333333333,TECHNICAL_ONLY_ABLATION,-43.55,-1,LOSS_1R,QRP-MACRO-LIQUIDITY-REVERSAL-001,0,43.55,NORMALIZED_HIGH_COST,D1-20250813-BEARISH-M15-C2_FVG_BREAKER-FVG-014341-BREAKER-001633,3.0,6,23867.3,M15_C2_FVG_BREAKER,1.5,23771.425,M15
25120.0,25138.4,False,4,BREAKER,25093.8,25137.4,1.0,FVG-014514|BREAKER-001665,25116.1,25123.9,25119.25,25139.15,HYPOTHETICAL_SCENARIO_NOT_BROKER_FACT,2025-10-21 00:00:00,2025-10-22 06:30:00,BEARISH,2025-10-22 06:55:00,2025-10-22 06:56:00,25120.0,D1-20251021-BEARISH,STOP,25138.4,2025-10-22 06:59:00,MLR-TECH-ABL-001,2025-10-23 00:00:00,PREVIOUSLY_EXPOSED_WINDOW,C2_FVG_BREAKER,M1_STRICT_PENETRATION_NO_FAVORABLE_IMPROVEMENT,STRICT_M1_LIMIT_PENETRATION,FILLED,0,0,-18.4,-0.8803827751196172248803827751,0.05,TECHNICAL_ONLY_ABLATION,-20.90,-1,LOSS_1R,QRP-MACRO-LIQUIDITY-REVERSAL-001,0,20.90,NORMALIZED_LOW_COST,D1-20251021-BEARISH-M15-C2_FVG_BREAKER-FVG-014514-BREAKER-001665,0.50,1,25138.4,M15_C2_FVG_BREAKER,1.5,25088.650,M15
25120.0,25139.4,False,4,BREAKER,25093.8,25137.4,2,FVG-014514|BREAKER-001665,25116.1,25123.9,25118.5,25140.9,HYPOTHETICAL_SCENARIO_NOT_BROKER_FACT,2025-10-21 00:00:00,2025-10-22 06:30:00,BEARISH,2025-10-22 06:55:00,2025-10-22 06:56:00,25120.0,D1-20251021-BEARISH,STOP,25139.4,2025-10-22 06:59:00,MLR-TECH-ABL-001,2025-10-23 00:00:00,PREVIOUSLY_EXPOSED_WINDOW,C2_FVG_BREAKER,M1_STRICT_PENETRATION_NO_FAVORABLE_IMPROVEMENT,STRICT_M1_LIMIT_PENETRATION,FILLED,0,0.0,-19.4,-0.7950819672131147540983606557,0.05,TECHNICAL_ONLY_ABLATION,-24.4,-1,LOSS_1R,QRP-MACRO-LIQUIDITY-REVERSAL-001,0,24.4,NORMALIZED_MEDIUM_COST,D1-20251021-BEARISH-M15-C2_FVG_BREAKER-FVG-014514-BREAKER-001665,1.0,2,25139.4,M15_C2_FVG_BREAKER,1.5,25083.40,M15
25120.0,25143.4,False,4,BREAKER,25093.8,25137.4,4,FVG-014514|BREAKER-001665,25116.1,25123.9,25115.5,25147.9,HYPOTHETICAL_SCENARIO_NOT_BROKER_FACT,2025-10-21 00:00:00,2025-10-22 06:30:00,BEARISH,2025-10-22 06:55:00,2025-10-22 06:56:00,25120.0,D1-20251021-BEARISH,STOP,25143.4,2025-10-22 06:59:00,MLR-TECH-ABL-001,2025-10-23 00:00:00,PREVIOUSLY_EXPOSED_WINDOW,C2_FVG_BREAKER,M1_STRICT_PENETRATION_NO_FAVORABLE_IMPROVEMENT,STRICT_M1_LIMIT_PENETRATION,FILLED,0,0.00,-23.4,-0.6428571428571428571428571429,0.05,TECHNICAL_ONLY_ABLATION,-36.40,-1.0,LOSS_1R,QRP-MACRO-LIQUIDITY-REVERSAL-001,0,36.4,NORMALIZED_HIGH_COST,D1-20251021-BEARISH-M15-C2_FVG_BREAKER-FVG-014514-BREAKER-001665,3.0,6,25143.4,M15_C2_FVG_BREAKER,1.5,25065.40,M15
25716.25,25721.6,False,2,BREAKER,25702.1,25720.6,1.0,FVG-014739|BREAKER-001682,25711.9,25720.6,25715.50,25722.35,HYPOTHETICAL_SCENARIO_NOT_BROKER_FACT,2026-01-12 00:00:00,2026-01-13 17:45:00,BEARISH,2026-01-13 17:54:00,2026-01-13 17:55:00,25716.25,D1-20260112-BEARISH,STOP,25721.6,2026-01-13 17:56:00,MLR-TECH-ABL-001,2026-01-14 00:00:00,PREVIOUSLY_EXPOSED_WINDOW,C2_FVG_BREAKER,M1_STRICT_PENETRATION_NO_FAVORABLE_IMPROVEMENT,STRICT_M1_LIMIT_PENETRATION,FILLED,0,0,-5.35,-0.6815286624203821656050955414,0.016666666666666666,TECHNICAL_ONLY_ABLATION,-7.85,-1,LOSS_1R,QRP-MACRO-LIQUIDITY-REVERSAL-001,0,7.85,NORMALIZED_LOW_COST,D1-20260112-BEARISH-M15-C2_FVG_BREAKER-FVG-014739-BREAKER-001682,0.50,1,25721.6,M15_C2_FVG_BREAKER,1.5,25704.475,M15
25716.25,25722.6,False,3,BREAKER,25702.1,25720.6,2,FVG-014739|BREAKER-001682,25711.9,25720.6,25714.75,25724.1,HYPOTHETICAL_SCENARIO_NOT_BROKER_FACT,2026-01-12 00:00:00,2026-01-13 17:45:00,BEARISH,2026-01-13 17:54:00,2026-01-13 17:55:00,25716.25,D1-20260112-BEARISH,STOP,25722.6,2026-01-13 17:57:00,MLR-TECH-ABL-001,2026-01-14 00:00:00,PREVIOUSLY_EXPOSED_WINDOW,C2_FVG_BREAKER,M1_STRICT_PENETRATION_NO_FAVORABLE_IMPROVEMENT,STRICT_M1_LIMIT_PENETRATION,FILLED,0,0.0,-6.35,-0.5594713656387665198237885463,0.03333333333333333,TECHNICAL_ONLY_ABLATION,-11.35,-1,LOSS_1R,QRP-MACRO-LIQUIDITY-REVERSAL-001,0,11.35,NORMALIZED_MEDIUM_COST,D1-20260112-BEARISH-M15-C2_FVG_BREAKER-FVG-014739-BREAKER-001682,1.0,2,25722.6,M15_C2_FVG_BREAKER,1.5,25699.225,M15
25716.25,25726.6,False,3,BREAKER,25702.1,25720.6,4,FVG-014739|BREAKER-001682,25711.9,25720.6,25711.75,25731.1,HYPOTHETICAL_SCENARIO_NOT_BROKER_FACT,2026-01-12 00:00:00,2026-01-13 17:45:00,BEARISH,2026-01-13 17:54:00,2026-01-13 17:55:00,25716.25,D1-20260112-BEARISH,STOP,25726.6,2026-01-13 17:57:00,MLR-TECH-ABL-001,2026-01-14 00:00:00,PREVIOUSLY_EXPOSED_WINDOW,C2_FVG_BREAKER,M1_STRICT_PENETRATION_NO_FAVORABLE_IMPROVEMENT,STRICT_M1_LIMIT_PENETRATION,FILLED,0,0.00,-10.35,-0.4432548179871520342612419700,0.03333333333333333,TECHNICAL_ONLY_ABLATION,-23.35,-1,LOSS_1R,QRP-MACRO-LIQUIDITY-REVERSAL-001,0,23.35,NORMALIZED_HIGH_COST,D1-20260112-BEARISH-M15-C2_FVG_BREAKER-FVG-014739-BREAKER-001682,3.0,6,25726.6,M15_C2_FVG_BREAKER,1.5,25681.225,M15
29891.4,29893.4,True,1,BREAKER,29883.4,29892.4,1.0,FVG-015504|BREAKER-001773,29890.4,29892.4,29890.65,29894.15,HYPOTHETICAL_SCENARIO_NOT_BROKER_FACT,2026-05-22 00:00:00,2026-05-25 18:00:00,BEARISH,2026-05-25 18:10:00,2026-05-25 18:11:00,29891.4,D1-20260522-BEARISH,ENTRY_BAR_STOP_ADVERSE,29893.4,2026-05-25 18:11:00,MLR-TECH-ABL-001,2026-05-26 00:00:00,PREVIOUSLY_EXPOSED_WINDOW,C2_FVG_BREAKER,M1_STRICT_PENETRATION_NO_FAVORABLE_IMPROVEMENT,STRICT_M1_LIMIT_PENETRATION,FILLED,0,0,-2.0,-0.4444444444444444444444444444,0.0,TECHNICAL_ONLY_ABLATION,-4.50,-1,AMBIGUOUS_ADVERSE_FIRST,QRP-MACRO-LIQUIDITY-REVERSAL-001,0,4.50,NORMALIZED_LOW_COST,D1-20260522-BEARISH-M15-C2_FVG_BREAKER-FVG-015504-BREAKER-001773,0.50,1,29893.4,M15_C2_FVG_BREAKER,1.5,29884.650,M15
29891.4,29894.4,True,1,BREAKER,29883.4,29892.4,2,FVG-015504|BREAKER-001773,29890.4,29892.4,29889.9,29895.9,HYPOTHETICAL_SCENARIO_NOT_BROKER_FACT,2026-05-22 00:00:00,2026-05-25 18:00:00,BEARISH,2026-05-25 18:10:00,2026-05-25 18:11:00,29891.4,D1-20260522-BEARISH,ENTRY_BAR_STOP_ADVERSE,29894.4,2026-05-25 18:11:00,MLR-TECH-ABL-001,2026-05-26 00:00:00,PREVIOUSLY_EXPOSED_WINDOW,C2_FVG_BREAKER,M1_STRICT_PENETRATION_NO_FAVORABLE_IMPROVEMENT,STRICT_M1_LIMIT_PENETRATION,FILLED,0,0.0,-3.0,-0.375,0.0,TECHNICAL_ONLY_ABLATION,-8.0,-1,AMBIGUOUS_ADVERSE_FIRST,QRP-MACRO-LIQUIDITY-REVERSAL-001,0,8.0,NORMALIZED_MEDIUM_COST,D1-20260522-BEARISH-M15-C2_FVG_BREAKER-FVG-015504-BREAKER-001773,1.0,2,29894.4,M15_C2_FVG_BREAKER,1.5,29879.40,M15
29891.4,29898.4,False,1,BREAKER,29883.4,29892.4,4,FVG-015504|BREAKER-001773,29890.4,29892.4,29886.9,29902.9,HYPOTHETICAL_SCENARIO_NOT_BROKER_FACT,2026-05-22 00:00:00,2026-05-25 18:00:00,BEARISH,2026-05-25 18:10:00,2026-05-25 18:11:00,29891.4,D1-20260522-BEARISH,ENTRY_BAR_STOP_ADVERSE,29898.4,2026-05-25 18:11:00,MLR-TECH-ABL-001,2026-05-26 00:00:00,PREVIOUSLY_EXPOSED_WINDOW,C2_FVG_BREAKER,M1_STRICT_PENETRATION_NO_FAVORABLE_IMPROVEMENT,STRICT_M1_LIMIT_PENETRATION,FILLED,0,0.00,-7.0,-0.35,0.0,TECHNICAL_ONLY_ABLATION,-20.00,-1.0,LOSS_1R,QRP-MACRO-LIQUIDITY-REVERSAL-001,0,20.0,NORMALIZED_HIGH_COST,D1-20260522-BEARISH-M15-C2_FVG_BREAKER-FVG-015504-BREAKER-001773,3.0,6,29898.4,M15_C2_FVG_BREAKER,1.5,29861.40,M15
6022.299999999999,6024.4,False,23,OB,6022.2,6023.4,1.0,FVG-000028|OB-000004,6022.2,6022.4,6021.549999999999,6025.15,HYPOTHETICAL_SCENARIO_NOT_BROKER_FACT,2017-10-04 00:00:00,2017-10-05 17:49:00,BEARISH,2017-10-05 18:00:00,2017-10-05 18:01:00,6022.299999999999,D1-20171004-BEARISH,STOP,6024.4,2017-10-05 18:23:00,MLR-TECH-ABL-001,2017-10-06 00:00:00,PREVIOUSLY_EXPOSED_WINDOW,C1_OB_FVG,M1_STRICT_PENETRATION_NO_FAVORABLE_IMPROVEMENT,STRICT_M1_LIMIT_PENETRATION,FILLED,0,0,-2.100000000001,-0.4565217391305529300567107494,0.36666666666666664,TECHNICAL_ONLY_ABLATION,-4.600000000001,-1,LOSS_1R,QRP-MACRO-LIQUIDITY-REVERSAL-001,0,4.600000000001,NORMALIZED_LOW_COST,D1-20171004-BEARISH-M1-C1_OB_FVG-FVG-000028-OB-000004,0.50,1,6024.4,M1_C1_OB_FVG,1.5,6015.3999999999975,M1
6022.299999999999,6025.4,False,25,OB,6022.2,6023.4,2,FVG-000028|OB-000004,6022.2,6022.4,6020.799999999999,6026.9,HYPOTHETICAL_SCENARIO_NOT_BROKER_FACT,2017-10-04 00:00:00,2017-10-05 17:49:00,BEARISH,2017-10-05 18:00:00,2017-10-05 18:01:00,6022.299999999999,D1-20171004-BEARISH,STOP,6025.4,2017-10-05 18:25:00,MLR-TECH-ABL-001,2017-10-06 00:00:00,PREVIOUSLY_EXPOSED_WINDOW,C1_OB_FVG,M1_STRICT_PENETRATION_NO_FAVORABLE_IMPROVEMENT,STRICT_M1_LIMIT_PENETRATION,FILLED,0,0.0,-3.100000000001,-0.3827160493827922572778539763,0.4,TECHNICAL_ONLY_ABLATION,-8.100000000001,-1,LOSS_1R,QRP-MACRO-LIQUIDITY-REVERSAL-001,0,8.100000000001,NORMALIZED_MEDIUM_COST,D1-20171004-BEARISH-M1-C1_OB_FVG-FVG-000028-OB-000004,1.0,2,6025.4,M1_C1_OB_FVG,1.5,6010.1499999999975,M1
6022.299999999999,6029.4,False,30,OB,6022.2,6023.4,4,FVG-000028|OB-000004,6022.2,6022.4,6017.799999999999,6033.9,HYPOTHETICAL_SCENARIO_NOT_BROKER_FACT,2017-10-04 00:00:00,2017-10-05 17:49:00,BEARISH,2017-10-05 18:00:00,2017-10-05 18:01:00,6022.299999999999,D1-20171004-BEARISH,STOP,6029.4,2017-10-05 18:30:00,MLR-TECH-ABL-001,2017-10-06 00:00:00,PREVIOUSLY_EXPOSED_WINDOW,C1_OB_FVG,M1_STRICT_PENETRATION_NO_FAVORABLE_IMPROVEMENT,STRICT_M1_LIMIT_PENETRATION,FILLED,0,0.00,-7.100000000001,-0.3532338308458033216999579202,0.48333333333333334,TECHNICAL_ONLY_ABLATION,-20.100000000001,-1,LOSS_1R,QRP-MACRO-LIQUIDITY-REVERSAL-001,0,20.100000000001,NORMALIZED_HIGH_COST,D1-20171004-BEARISH-M1-C1_OB_FVG-FVG-000028-OB-000004,3.0,6,6029.4,M1_C1_OB_FVG,1.5,5992.1499999999975,M1
6074.15,6075.2,False,13,OB,6074.1,6074.2,1.0,FVG-000140|OB-000015,6074.1,6074.2,6073.40,6075.95,HYPOTHETICAL_SCENARIO_NOT_BROKER_FACT,2017-10-06 00:00:00,2017-10-09 07:10:00,BEARISH,2017-10-09 10:05:00,2017-10-09 10:06:00,6074.15,D1-20171006-BEARISH,STOP,6075.2,2017-10-09 10:18:00,MLR-TECH-ABL-001,2017-10-10 00:00:00,PREVIOUSLY_EXPOSED_WINDOW,C1_OB_FVG,M1_STRICT_PENETRATION_NO_FAVORABLE_IMPROVEMENT,STRICT_M1_LIMIT_PENETRATION,FILLED,0,0,-1.05,-0.2957746478873239436619718310,0.2,TECHNICAL_ONLY_ABLATION,-3.55,-1,LOSS_1R,QRP-MACRO-LIQUIDITY-REVERSAL-001,0,3.55,NORMALIZED_LOW_COST,D1-20171006-BEARISH-M1-C1_OB_FVG-FVG-000140-OB-000015,0.50,1,6075.2,M1_C1_OB_FVG,1.5,6068.825,M1
6074.15,6076.2,False,257,OB,6074.1,6074.2,2,FVG-000140|OB-000015,6074.1,6074.2,6072.65,6077.7,HYPOTHETICAL_SCENARIO_NOT_BROKER_FACT,2017-10-06 00:00:00,2017-10-09 07:10:00,BEARISH,2017-10-09 10:05:00,2017-10-09 10:06:00,6074.15,D1-20171006-BEARISH,STOP,6076.2,2017-10-09 14:29:00,MLR-TECH-ABL-001,2017-10-10 00:00:00,PREVIOUSLY_EXPOSED_WINDOW,C1_OB_FVG,M1_STRICT_PENETRATION_NO_FAVORABLE_IMPROVEMENT,STRICT_M1_LIMIT_PENETRATION,FILLED,0,0.0,-2.05,-0.2907801418439716312056737589,4.383333333333334,TECHNICAL_ONLY_ABLATION,-7.05,-1,LOSS_1R,QRP-MACRO-LIQUIDITY-REVERSAL-001,0,7.05,NORMALIZED_MEDIUM_COST,D1-20171006-BEARISH-M1-C1_OB_FVG-FVG-000140-OB-000015,1.0,2,6076.2,M1_C1_OB_FVG,1.5,6063.575,M1
6074.15,6080.2,False,298,OB,6074.1,6074.2,4,FVG-000140|OB-000015,6074.1,6074.2,6069.65,6084.7,HYPOTHETICAL_SCENARIO_NOT_BROKER_FACT,2017-10-06 00:00:00,2017-10-09 07:10:00,BEARISH,2017-10-09 10:05:00,2017-10-09 10:06:00,6074.15,D1-20171006-BEARISH,STOP,6080.2,2017-10-09 15:10:00,MLR-TECH-ABL-001,2017-10-10 00:00:00,PREVIOUSLY_EXPOSED_WINDOW,C1_OB_FVG,M1_STRICT_PENETRATION_NO_FAVORABLE_IMPROVEMENT,STRICT_M1_LIMIT_PENETRATION,FILLED,0,0.00,-6.05,-0.3175853018372703412073490814,5.066666666666666,TECHNICAL_ONLY_ABLATION,-19.05,-1,LOSS_1R,QRP-MACRO-LIQUIDITY-REVERSAL-001,0,19.05,NORMALIZED_HIGH_COST,D1-20171006-BEARISH-M1-C1_OB_FVG-FVG-000140-OB-000015,3.0,6,6080.2,M1_C1_OB_FVG,1.5,6045.575,M1
6236.799999999999,6238.2,False,23,OB,6236.7,6237.2,1.0,FVG-000330|OB-000050,6236.7,6236.9,6236.049999999999,6238.95,HYPOTHETICAL_SCENARIO_NOT_BROKER_FACT,2017-11-01 00:00:00,2017-11-02 03:06:00,BEARISH,2017-11-02 11:15:00,2017-11-02 11:16:00,6236.799999999999,D1-20171101-BEARISH,STOP,6238.2,2017-11-02 11:38:00,MLR-TECH-ABL-001,2017-11-03 00:00:00,PREVIOUSLY_EXPOSED_WINDOW,C1_OB_FVG,M1_STRICT_PENETRATION_NO_FAVORABLE_IMPROVEMENT,STRICT_M1_LIMIT_PENETRATION,FILLED,0,0,-1.400000000001,-0.3589743589745233399079552504,0.36666666666666664,TECHNICAL_ONLY_ABLATION,-3.900000000001,-1,LOSS_1R,QRP-MACRO-LIQUIDITY-REVERSAL-001,0,3.900000000001,NORMALIZED_LOW_COST,D1-20171101-BEARISH-M1-C1_OB_FVG-FVG-000330-OB-000050,0.50,1,6238.2,M1_C1_OB_FVG,1.5,6230.9499999999975,M1
6236.799999999999,6239.2,False,23,OB,6236.7,6237.2,2,FVG-000330|OB-000050,6236.7,6236.9,6235.299999999999,6240.7,HYPOTHETICAL_SCENARIO_NOT_BROKER_FACT,2017-11-01 00:00:00,2017-11-02 03:06:00,BEARISH,2017-11-02 11:15:00,2017-11-02 11:16:00,6236.799999999999,D1-20171101-BEARISH,STOP,6239.2,2017-11-02 11:38:00,MLR-TECH-ABL-001,2017-11-03 00:00:00,PREVIOUSLY_EXPOSED_WINDOW,C1_OB_FVG,M1_STRICT_PENETRATION_NO_FAVORABLE_IMPROVEMENT,STRICT_M1_LIMIT_PENETRATION,FILLED,0,0.0,-2.400000000001,-0.3243243243244156318480642682,0.36666666666666664,TECHNICAL_ONLY_ABLATION,-7.400000000001,-1,LOSS_1R,QRP-MACRO-LIQUIDITY-REVERSAL-001,0,7.400000000001,NORMALIZED_MEDIUM_COST,D1-20171101-BEARISH-M1-C1_OB_FVG-FVG-000330-OB-000050,1.0,2,6239.2,M1_C1_OB_FVG,1.5,6225.6999999999975,M1
6236.799999999999,6243.2,False,173,OB,6236.7,6237.2,4,FVG-000330|OB-000050,6236.7,6236.9,6232.299999999999,6247.7,HYPOTHETICAL_SCENARIO_NOT_BROKER_FACT,2017-11-01 00:00:00,2017-11-02 03:06:00,BEARISH,2017-11-02 11:15:00,2017-11-02 11:16:00,6236.799999999999,D1-20171101-BEARISH,STOP,6243.2,2017-11-02 14:08:00,MLR-TECH-ABL-001,2017-11-03 00:00:00,PREVIOUSLY_EXPOSED_WINDOW,C1_OB_FVG,M1_STRICT_PENETRATION_NO_FAVORABLE_IMPROVEMENT,STRICT_M1_LIMIT_PENETRATION,FILLED,0,0.00,-6.400000000001,-0.3298969072165293867573599727,2.8666666666666667,TECHNICAL_ONLY_ABLATION,-19.400000000001,-1,LOSS_1R,QRP-MACRO-LIQUIDITY-REVERSAL-001,0,19.400000000001,NORMALIZED_HIGH_COST,D1-20171101-BEARISH-M1-C1_OB_FVG-FVG-000330-OB-000050,3.0,6,6243.2,M1_C1_OB_FVG,1.5,6207.6999999999975,M1
6393.45,6394.5,False,3,OB,6393.0,6393.5,1.0,FVG-000510|OB-000084,6393.4,6393.5,6392.70,6395.25,HYPOTHETICAL_SCENARIO_NOT_BROKER_FACT,2017-11-23 00:00:00,2017-11-24 14:51:00,BEARISH,2017-11-24 15:27:00,2017-11-24 15:28:00,6393.45,D1-20171123-BEARISH,STOP,6394.5,2017-11-24 15:30:00,MLR-TECH-ABL-001,2017-11-25 00:00:00,PREVIOUSLY_EXPOSED_WINDOW,C1_OB_FVG,M1_STRICT_PENETRATION_NO_FAVORABLE_IMPROVEMENT,STRICT_M1_LIMIT_PENETRATION,FILLED,0,0,-1.05,-0.2957746478873239436619718310,0.03333333333333333,TECHNICAL_ONLY_ABLATION,-3.55,-1,LOSS_1R,QRP-MACRO-LIQUIDITY-REVERSAL-001,0,3.55,NORMALIZED_LOW_COST,D1-20171123-BEARISH-M1-C1_OB_FVG-FVG-000510-OB-000084,0.50,1,6394.5,M1_C1_OB_FVG,1.5,6388.125,M1
6393.45,6395.5,False,45,OB,6393.0,6393.5,2,FVG-000510|OB-000084,6393.4,6393.5,6391.95,6397.0,HYPOTHETICAL_SCENARIO_NOT_BROKER_FACT,2017-11-23 00:00:00,2017-11-24 14:51:00,BEARISH,2017-11-24 15:27:00,2017-11-24 15:28:00,6393.45,D1-20171123-BEARISH,STOP,6395.5,2017-11-24 16:14:00,MLR-TECH-ABL-001,2017-11-25 00:00:00,PREVIOUSLY_EXPOSED_WINDOW,C1_OB_FVG,M1_STRICT_PENETRATION_NO_FAVORABLE_IMPROVEMENT,STRICT_M1_LIMIT_PENETRATION,FILLED,0,0.0,-2.05,-0.2907801418439716312056737589,0.7666666666666667,TECHNICAL_ONLY_ABLATION,-7.05,-1,LOSS_1R,QRP-MACRO-LIQUIDITY-REVERSAL-001,0,7.05,NORMALIZED_MEDIUM_COST,D1-20171123-BEARISH-M1-C1_OB_FVG-FVG-000510-OB-000084,1.0,2,6395.5,M1_C1_OB_FVG,1.5,6382.875,M1
6393.45,6399.5,False,185,OB,6393.0,6393.5,4,FVG-000510|OB-000084,6393.4,6393.5,6388.95,6404.0,HYPOTHETICAL_SCENARIO_NOT_BROKER_FACT,2017-11-23 00:00:00,2017-11-24 14:51:00,BEARISH,2017-11-24 15:27:00,2017-11-24 15:28:00,6393.45,D1-20171123-BEARISH,STOP,6399.5,2017-11-24 18:34:00,MLR-TECH-ABL-001,2017-11-25 00:00:00,PREVIOUSLY_EXPOSED_WINDOW,C1_OB_FVG,M1_STRICT_PENETRATION_NO_FAVORABLE_IMPROVEMENT,STRICT_M1_LIMIT_PENETRATION,FILLED,0,0.00,-6.05,-0.3175853018372703412073490814,3.1,TECHNICAL_ONLY_ABLATION,-19.05,-1,LOSS_1R,QRP-MACRO-LIQUIDITY-REVERSAL-001,0,19.05,NORMALIZED_HIGH_COST,D1-20171123-BEARISH-M1-C1_OB_FVG-FVG-000510-OB-000084,3.0,6,6399.5,M1_C1_OB_FVG,1.5,6364.875,M1
6802.4,6803.8,False,33,OB,6802.2,6802.8,1.0,FVG-000592|OB-000099,6802.2,6802.6,6801.65,6804.55,HYPOTHETICAL_SCENARIO_NOT_BROKER_FACT,2018-02-16 00:00:00,2018-02-19 04:47:00,BEARISH,2018-02-19 04:51:00,2018-02-19 04:52:00,6802.4,D1-20180216-BEARISH,STOP,6803.8,2018-02-19 05:24:00,MLR-TECH-ABL-001,2018-02-20 00:00:00,PREVIOUSLY_EXPOSED_WINDOW,C1_OB_FVG,M1_STRICT_PENETRATION_NO_FAVORABLE_IMPROVEMENT,STRICT_M1_LIMIT_PENETRATION,FILLED,0,0,-1.4,-0.3589743589743589743589743590,0.5333333333333333,TECHNICAL_ONLY_ABLATION,-3.90,-1,LOSS_1R,QRP-MACRO-LIQUIDITY-REVERSAL-001,0,3.90,NORMALIZED_LOW_COST,D1-20180216-BEARISH-M1-C1_OB_FVG-FVG-000592-OB-000099,0.50,1,6803.8,M1_C1_OB_FVG,1.5,6796.550,M1
6802.4,6804.8,False,132,OB,6802.2,6802.8,2,FVG-000592|OB-000099,6802.2,6802.6,6800.9,6806.3,HYPOTHETICAL_SCENARIO_NOT_BROKER_FACT,2018-02-16 00:00:00,2018-02-19 04:47:00,BEARISH,2018-02-19 04:51:00,2018-02-19 04:52:00,6802.4,D1-20180216-BEARISH,STOP,6804.8,2018-02-19 07:06:00,MLR-TECH-ABL-001,2018-02-20 00:00:00,PREVIOUSLY_EXPOSED_WINDOW,C1_OB_FVG,M1_STRICT_PENETRATION_NO_FAVORABLE_IMPROVEMENT,STRICT_M1_LIMIT_PENETRATION,FILLED,0,0.0,-2.4,-0.3243243243243243243243243243,2.2333333333333334,TECHNICAL_ONLY_ABLATION,-7.4,-1,LOSS_1R,QRP-MACRO-LIQUIDITY-REVERSAL-001,0,7.4,NORMALIZED_MEDIUM_COST,D1-20180216-BEARISH-M1-C1_OB_FVG-FVG-000592-OB-000099,1.0,2,6804.8,M1_C1_OB_FVG,1.5,6791.30,M1
6802.4,6808.8,False,140,OB,6802.2,6802.8,4,FVG-000592|OB-000099,6802.2,6802.6,6797.9,6813.3,HYPOTHETICAL_SCENARIO_NOT_BROKER_FACT,2018-02-16 00:00:00,2018-02-19 04:47:00,BEARISH,2018-02-19 04:51:00,2018-02-19 04:52:00,6802.4,D1-20180216-BEARISH,STOP,6808.8,2018-02-19 07:14:00,MLR-TECH-ABL-001,2018-02-20 00:00:00,PREVIOUSLY_EXPOSED_WINDOW,C1_OB_FVG,M1_STRICT_PENETRATION_NO_FAVORABLE_IMPROVEMENT,STRICT_M1_LIMIT_PENETRATION,FILLED,0,0.00,-6.4,-0.3298969072164948453608247423,2.3666666666666667,TECHNICAL_ONLY_ABLATION,-19.40,-1.0,LOSS_1R,QRP-MACRO-LIQUIDITY-REVERSAL-001,0,19.4,NORMALIZED_HIGH_COST,D1-20180216-BEARISH-M1-C1_OB_FVG-FVG-000592-OB-000099,3.0,6,6808.8,M1_C1_OB_FVG,1.5,6773.30,M1
,,False,0,OB,6663.5,6663.9,0,FVG-000779|OB-000136,6663.5,6663.9,,,HYPOTHETICAL_SCENARIO_NOT_BROKER_FACT,2018-04-23 00:00:00,2018-04-24 02:03:00,BULLISH,,,,D1-20180423-BULLISH,OB_MITIGATED_BEFORE_MIDPOINT,,,MLR-TECH-ABL-001,2018-04-25 00:00:00,PREVIOUSLY_EXPOSED_WINDOW,C1_OB_FVG,M1_BLOCK_TOUCH,OB_MITIGATED_BEFORE_MIDPOINT,NO_FILL,0,0,,,,TECHNICAL_ONLY_ABLATION,,,NO_FILL,QRP-MACRO-LIQUIDITY-REVERSAL-001,0,,NORMALIZED_LOW_COST,D1-20180423-BULLISH-M1-C1_OB_FVG-FVG-000779-OB-000136,0,0,,M1_C1_OB_FVG,1.5,,M1
,,False,0,OB,6663.5,6663.9,0,FVG-000779|OB-000136,6663.5,6663.9,,,HYPOTHETICAL_SCENARIO_NOT_BROKER_FACT,2018-04-23 00:00:00,2018-04-24 02:03:00,BULLISH,,,,D1-20180423-BULLISH,OB_MITIGATED_BEFORE_MIDPOINT,,,MLR-TECH-ABL-001,2018-04-25 00:00:00,PREVIOUSLY_EXPOSED_WINDOW,C1_OB_FVG,M1_BLOCK_TOUCH,OB_MITIGATED_BEFORE_MIDPOINT,NO_FILL,0,0,,,,TECHNICAL_ONLY_ABLATION,,,NO_FILL,QRP-MACRO-LIQUIDITY-REVERSAL-001,0,,NORMALIZED_MEDIUM_COST,D1-20180423-BULLISH-M1-C1_OB_FVG-FVG-000779-OB-000136,0,0,,M1_C1_OB_FVG,1.5,,M1
,,False,0,OB,6663.5,6663.9,0,FVG-000779|OB-000136,6663.5,6663.9,,,HYPOTHETICAL_SCENARIO_NOT_BROKER_FACT,2018-04-23 00:00:00,2018-04-24 02:03:00,BULLISH,,,,D1-20180423-BULLISH,OB_MITIGATED_BEFORE_MIDPOINT,,,MLR-TECH-ABL-001,2018-04-25 00:00:00,PREVIOUSLY_EXPOSED_WINDOW,C1_OB_FVG,M1_BLOCK_TOUCH,OB_MITIGATED_BEFORE_MIDPOINT,NO_FILL,0,0,,,,TECHNICAL_ONLY_ABLATION,,,NO_FILL,QRP-MACRO-LIQUIDITY-REVERSAL-001,0,,NORMALIZED_HIGH_COST,D1-20180423-BULLISH-M1-C1_OB_FVG-FVG-000779-OB-000136,0,0,,M1_C1_OB_FVG,1.5,,M1
,,False,0,OB,6983.8,6984.1,0,FVG-001030|OB-000168,6983.8,6984.0,,,HYPOTHETICAL_SCENARIO_NOT_BROKER_FACT,2018-05-11 00:00:00,2018-05-14 04:10:00,BEARISH,,,,D1-20180511-BEARISH,OB_MITIGATED_BEFORE_MIDPOINT,,,MLR-TECH-ABL-001,2018-05-15 00:00:00,PREVIOUSLY_EXPOSED_WINDOW,C1_OB_FVG,M1_BLOCK_TOUCH,OB_MITIGATED_BEFORE_MIDPOINT,NO_FILL,0,0,,,,TECHNICAL_ONLY_ABLATION,,,NO_FILL,QRP-MACRO-LIQUIDITY-REVERSAL-001,0,,NORMALIZED_LOW_COST,D1-20180511-BEARISH-M1-C1_OB_FVG-FVG-001030-OB-000168,0,0,,M1_C1_OB_FVG,1.5,,M1
,,False,0,OB,6983.8,6984.1,0,FVG-001030|OB-000168,6983.8,6984.0,,,HYPOTHETICAL_SCENARIO_NOT_BROKER_FACT,2018-05-11 00:00:00,2018-05-14 04:10:00,BEARISH,,,,D1-20180511-BEARISH,OB_MITIGATED_BEFORE_MIDPOINT,,,MLR-TECH-ABL-001,2018-05-15 00:00:00,PREVIOUSLY_EXPOSED_WINDOW,C1_OB_FVG,M1_BLOCK_TOUCH,OB_MITIGATED_BEFORE_MIDPOINT,NO_FILL,0,0,,,,TECHNICAL_ONLY_ABLATION,,,NO_FILL,QRP-MACRO-LIQUIDITY-REVERSAL-001,0,,NORMALIZED_MEDIUM_COST,D1-20180511-BEARISH-M1-C1_OB_FVG-FVG-001030-OB-000168,0,0,,M1_C1_OB_FVG,1.5,,M1
,,False,0,OB,6983.8,6984.1,0,FVG-001030|OB-000168,6983.8,6984.0,,,HYPOTHETICAL_SCENARIO_NOT_BROKER_FACT,2018-05-11 00:00:00,2018-05-14 04:10:00,BEARISH,,,,D1-20180511-BEARISH,OB_MITIGATED_BEFORE_MIDPOINT,,,MLR-TECH-ABL-001,2018-05-15 00:00:00,PREVIOUSLY_EXPOSED_WINDOW,C1_OB_FVG,M1_BLOCK_TOUCH,OB_MITIGATED_BEFORE_MIDPOINT,NO_FILL,0,0,,,,TECHNICAL_ONLY_ABLATION,,,NO_FILL,QRP-MACRO-LIQUIDITY-REVERSAL-001,0,,NORMALIZED_HIGH_COST,D1-20180511-BEARISH-M1-C1_OB_FVG-FVG-001030-OB-000168,0,0,,M1_C1_OB_FVG,1.5,,M1
7211.55,7213.0,False,30,OB,7211.5,7212.0,1.0,FVG-001235|OB-000212,7211.5,7211.6,7210.80,7213.75,HYPOTHETICAL_SCENARIO_NOT_BROKER_FACT,2018-06-13 00:00:00,2018-06-14 03:03:00,BEARISH,2018-06-14 03:08:00,2018-06-14 03:09:00,7211.55,D1-20180613-BEARISH,STOP,7213.0,2018-06-14 03:38:00,MLR-TECH-ABL-001,2018-06-15 00:00:00,PREVIOUSLY_EXPOSED_WINDOW,C1_OB_FVG,M1_STRICT_PENETRATION_NO_FAVORABLE_IMPROVEMENT,STRICT_M1_LIMIT_PENETRATION,FILLED,0,0,-1.45,-0.3670886075949367088607594937,0.48333333333333334,TECHNICAL_ONLY_ABLATION,-3.95,-1,LOSS_1R,QRP-MACRO-LIQUIDITY-REVERSAL-001,0,3.95,NORMALIZED_LOW_COST,D1-20180613-BEARISH-M1-C1_OB_FVG-FVG-001235-OB-000212,0.50,1,7213.0,M1_C1_OB_FVG,1.5,7205.625,M1
7211.55,7214.0,False,48,OB,7211.5,7212.0,2,FVG-001235|OB-000212,7211.5,7211.6,7210.05,7215.5,HYPOTHETICAL_SCENARIO_NOT_BROKER_FACT,2018-06-13 00:00:00,2018-06-14 03:03:00,BEARISH,2018-06-14 03:08:00,2018-06-14 03:09:00,7211.55,D1-20180613-BEARISH,STOP,7214.0,2018-06-14 03:56:00,MLR-TECH-ABL-001,2018-06-15 00:00:00,PREVIOUSLY_EXPOSED_WINDOW,C1_OB_FVG,M1_STRICT_PENETRATION_NO_FAVORABLE_IMPROVEMENT,STRICT_M1_LIMIT_PENETRATION,FILLED,0,0.0,-2.45,-0.3288590604026845637583892617,0.7833333333333333,TECHNICAL_ONLY_ABLATION,-7.45,-1,LOSS_1R,QRP-MACRO-LIQUIDITY-REVERSAL-001,0,7.45,NORMALIZED_MEDIUM_COST,D1-20180613-BEARISH-M1-C1_OB_FVG-FVG-001235-OB-000212,1.0,2,7214.0,M1_C1_OB_FVG,1.5,7200.375,M1
7211.55,7218.0,False,68,OB,7211.5,7212.0,4,FVG-001235|OB-000212,7211.5,7211.6,7207.05,7222.5,HYPOTHETICAL_SCENARIO_NOT_BROKER_FACT,2018-06-13 00:00:00,2018-06-14 03:03:00,BEARISH,2018-06-14 03:08:00,2018-06-14 03:09:00,7211.55,D1-20180613-BEARISH,STOP,7218.0,2018-06-14 04:16:00,MLR-TECH-ABL-001,2018-06-15 00:00:00,PREVIOUSLY_EXPOSED_WINDOW,C1_OB_FVG,M1_STRICT_PENETRATION_NO_FAVORABLE_IMPROVEMENT,STRICT_M1_LIMIT_PENETRATION,FILLED,0,0.00,-6.45,-0.3316195372750642673521850900,1.1166666666666667,TECHNICAL_ONLY_ABLATION,-19.45,-1,LOSS_1R,QRP-MACRO-LIQUIDITY-REVERSAL-001,0,19.45,NORMALIZED_HIGH_COST,D1-20180613-BEARISH-M1-C1_OB_FVG-FVG-001235-OB-000212,3.0,6,7218.0,M1_C1_OB_FVG,1.5,7182.375,M1
,,False,0,OB,7391.2,7391.6,0,FVG-001466|OB-000252,7391.3,7391.6,,,HYPOTHETICAL_SCENARIO_NOT_BROKER_FACT,2018-07-18 00:00:00,2018-07-19 02:28:00,BEARISH,,,,D1-20180718-BEARISH,OB_MITIGATED_BEFORE_MIDPOINT,,,MLR-TECH-ABL-001,2018-07-20 00:00:00,PREVIOUSLY_EXPOSED_WINDOW,C1_OB_FVG,M1_BLOCK_TOUCH,OB_MITIGATED_BEFORE_MIDPOINT,NO_FILL,0,0,,,,TECHNICAL_ONLY_ABLATION,,,NO_FILL,QRP-MACRO-LIQUIDITY-REVERSAL-001,0,,NORMALIZED_LOW_COST,D1-20180718-BEARISH-M1-C1_OB_FVG-FVG-001466-OB-000252,0,0,,M1_C1_OB_FVG,1.5,,M1
,,False,0,OB,7391.2,7391.6,0,FVG-001466|OB-000252,7391.3,7391.6,,,HYPOTHETICAL_SCENARIO_NOT_BROKER_FACT,2018-07-18 00:00:00,2018-07-19 02:28:00,BEARISH,,,,D1-20180718-BEARISH,OB_MITIGATED_BEFORE_MIDPOINT,,,MLR-TECH-ABL-001,2018-07-20 00:00:00,PREVIOUSLY_EXPOSED_WINDOW,C1_OB_FVG,M1_BLOCK_TOUCH,OB_MITIGATED_BEFORE_MIDPOINT,NO_FILL,0,0,,,,TECHNICAL_ONLY_ABLATION,,,NO_FILL,QRP-MACRO-LIQUIDITY-REVERSAL-001,0,,NORMALIZED_MEDIUM_COST,D1-20180718-BEARISH-M1-C1_OB_FVG-FVG-001466-OB-000252,0,0,,M1_C1_OB_FVG,1.5,,M1
,,False,0,OB,7391.2,7391.6,0,FVG-001466|OB-000252,7391.3,7391.6,,,HYPOTHETICAL_SCENARIO_NOT_BROKER_FACT,2018-07-18 00:00:00,2018-07-19 02:28:00,BEARISH,,,,D1-20180718-BEARISH,OB_MITIGATED_BEFORE_MIDPOINT,,,MLR-TECH-ABL-001,2018-07-20 00:00:00,PREVIOUSLY_EXPOSED_WINDOW,C1_OB_FVG,M1_BLOCK_TOUCH,OB_MITIGATED_BEFORE_MIDPOINT,NO_FILL,0,0,,,,TECHNICAL_ONLY_ABLATION,,,NO_FILL,QRP-MACRO-LIQUIDITY-REVERSAL-001,0,,NORMALIZED_HIGH_COST,D1-20180718-BEARISH-M1-C1_OB_FVG-FVG-001466-OB-000252,0,0,,M1_C1_OB_FVG,1.5,,M1
,,False,0,OB,7469.6,7470.4,0,FVG-001655|OB-000297,7469.6,7469.7,,,HYPOTHETICAL_SCENARIO_NOT_BROKER_FACT,2018-08-08 00:00:00,2018-08-09 13:53:00,BEARISH,,,,D1-20180808-BEARISH,OB_MITIGATED_BEFORE_MIDPOINT,,,MLR-TECH-ABL-001,2018-08-10 00:00:00,PREVIOUSLY_EXPOSED_WINDOW,C1_OB_FVG,M1_BLOCK_TOUCH,OB_MITIGATED_BEFORE_MIDPOINT,NO_FILL,0,0,,,,TECHNICAL_ONLY_ABLATION,,,NO_FILL,QRP-MACRO-LIQUIDITY-REVERSAL-001,0,,NORMALIZED_LOW_COST,D1-20180808-BEARISH-M1-C1_OB_FVG-FVG-001655-OB-000297,0,0,,M1_C1_OB_FVG,1.5,,M1
,,False,0,OB,7469.6,7470.4,0,FVG-001655|OB-000297,7469.6,7469.7,,,HYPOTHETICAL_SCENARIO_NOT_BROKER_FACT,2018-08-08 00:00:00,2018-08-09 13:53:00,BEARISH,,,,D1-20180808-BEARISH,OB_MITIGATED_BEFORE_MIDPOINT,,,MLR-TECH-ABL-001,2018-08-10 00:00:00,PREVIOUSLY_EXPOSED_WINDOW,C1_OB_FVG,M1_BLOCK_TOUCH,OB_MITIGATED_BEFORE_MIDPOINT,NO_FILL,0,0,,,,TECHNICAL_ONLY_ABLATION,,,NO_FILL,QRP-MACRO-LIQUIDITY-REVERSAL-001,0,,NORMALIZED_MEDIUM_COST,D1-20180808-BEARISH-M1-C1_OB_FVG-FVG-001655-OB-000297,0,0,,M1_C1_OB_FVG,1.5,,M1
,,False,0,OB,7469.6,7470.4,0,FVG-001655|OB-000297,7469.6,7469.7,,,HYPOTHETICAL_SCENARIO_NOT_BROKER_FACT,2018-08-08 00:00:00,2018-08-09 13:53:00,BEARISH,,,,D1-20180808-BEARISH,OB_MITIGATED_BEFORE_MIDPOINT,,,MLR-TECH-ABL-001,2018-08-10 00:00:00,PREVIOUSLY_EXPOSED_WINDOW,C1_OB_FVG,M1_BLOCK_TOUCH,OB_MITIGATED_BEFORE_MIDPOINT,NO_FILL,0,0,,,,TECHNICAL_ONLY_ABLATION,,,NO_FILL,QRP-MACRO-LIQUIDITY-REVERSAL-001,0,,NORMALIZED_HIGH_COST,D1-20180808-BEARISH-M1-C1_OB_FVG-FVG-001655-OB-000297,0,0,,M1_C1_OB_FVG,1.5,,M1
,,False,0,OB,7437.0,7438.0,0,FVG-001767|OB-000314,7437.5,7437.8,,,HYPOTHETICAL_SCENARIO_NOT_BROKER_FACT,2018-08-23 00:00:00,2018-08-24 13:40:00,BEARISH,,,,D1-20180823-BEARISH,OB_MITIGATED_BEFORE_MIDPOINT,,,MLR-TECH-ABL-001,2018-08-25 00:00:00,PREVIOUSLY_EXPOSED_WINDOW,C1_OB_FVG,M1_BLOCK_TOUCH,OB_MITIGATED_BEFORE_MIDPOINT,NO_FILL,0,0,,,,TECHNICAL_ONLY_ABLATION,,,NO_FILL,QRP-MACRO-LIQUIDITY-REVERSAL-001,0,,NORMALIZED_LOW_COST,D1-20180823-BEARISH-M1-C1_OB_FVG-FVG-001767-OB-000314,0,0,,M1_C1_OB_FVG,1.5,,M1
,,False,0,OB,7437.0,7438.0,0,FVG-001767|OB-000314,7437.5,7437.8,,,HYPOTHETICAL_SCENARIO_NOT_BROKER_FACT,2018-08-23 00:00:00,2018-08-24 13:40:00,BEARISH,,,,D1-20180823-BEARISH,OB_MITIGATED_BEFORE_MIDPOINT,,,MLR-TECH-ABL-001,2018-08-25 00:00:00,PREVIOUSLY_EXPOSED_WINDOW,C1_OB_FVG,M1_BLOCK_TOUCH,OB_MITIGATED_BEFORE_MIDPOINT,NO_FILL,0,0,,,,TECHNICAL_ONLY_ABLATION,,,NO_FILL,QRP-MACRO-LIQUIDITY-REVERSAL-001,0,,NORMALIZED_MEDIUM_COST,D1-20180823-BEARISH-M1-C1_OB_FVG-FVG-001767-OB-000314,0,0,,M1_C1_OB_FVG,1.5,,M1
,,False,0,OB,7437.0,7438.0,0,FVG-001767|OB-000314,7437.5,7437.8,,,HYPOTHETICAL_SCENARIO_NOT_BROKER_FACT,2018-08-23 00:00:00,2018-08-24 13:40:00,BEARISH,,,,D1-20180823-BEARISH,OB_MITIGATED_BEFORE_MIDPOINT,,,MLR-TECH-ABL-001,2018-08-25 00:00:00,PREVIOUSLY_EXPOSED_WINDOW,C1_OB_FVG,M1_BLOCK_TOUCH,OB_MITIGATED_BEFORE_MIDPOINT,NO_FILL,0,0,,,,TECHNICAL_ONLY_ABLATION,,,NO_FILL,QRP-MACRO-LIQUIDITY-REVERSAL-001,0,,NORMALIZED_HIGH_COST,D1-20180823-BEARISH-M1-C1_OB_FVG-FVG-001767-OB-000314,0,0,,M1_C1_OB_FVG,1.5,,M1
7539.9,7541.6,False,8,OB,7539.8,7540.6,1.0,FVG-001884|OB-000331,7539.8,7540.0,7539.15,7542.35,HYPOTHETICAL_SCENARIO_NOT_BROKER_FACT,2018-09-14 00:00:00,2018-09-17 01:02:00,BEARISH,2018-09-17 11:16:00,2018-09-17 11:17:00,7539.9,D1-20180914-BEARISH,STOP,7541.6,2018-09-17 11:24:00,MLR-TECH-ABL-001,2018-09-18 00:00:00,PREVIOUSLY_EXPOSED_WINDOW,C1_OB_FVG,M1_STRICT_PENETRATION_NO_FAVORABLE_IMPROVEMENT,STRICT_M1_LIMIT_PENETRATION,FILLED,0,0,-1.7,-0.4047619047619047619047619048,0.11666666666666667,TECHNICAL_ONLY_ABLATION,-4.20,-1,LOSS_1R,QRP-MACRO-LIQUIDITY-REVERSAL-001,0,4.20,NORMALIZED_LOW_COST,D1-20180914-BEARISH-M1-C1_OB_FVG-FVG-001884-OB-000331,0.50,1,7541.6,M1_C1_OB_FVG,1.5,7533.600,M1
7539.9,7542.6,False,9,OB,7539.8,7540.6,2,FVG-001884|OB-000331,7539.8,7540.0,7538.4,7544.1,HYPOTHETICAL_SCENARIO_NOT_BROKER_FACT,2018-09-14 00:00:00,2018-09-17 01:02:00,BEARISH,2018-09-17 11:16:00,2018-09-17 11:17:00,7539.9,D1-20180914-BEARISH,STOP,7542.6,2018-09-17 11:25:00,MLR-TECH-ABL-001,2018-09-18 00:00:00,PREVIOUSLY_EXPOSED_WINDOW,C1_OB_FVG,M1_STRICT_PENETRATION_NO_FAVORABLE_IMPROVEMENT,STRICT_M1_LIMIT_PENETRATION,FILLED,0,0.0,-2.7,-0.3506493506493506493506493506,0.13333333333333333,TECHNICAL_ONLY_ABLATION,-7.7,-1,LOSS_1R,QRP-MACRO-LIQUIDITY-REVERSAL-001,0,7.7,NORMALIZED_MEDIUM_COST,D1-20180914-BEARISH-M1-C1_OB_FVG-FVG-001884-OB-000331,1.0,2,7542.6,M1_C1_OB_FVG,1.5,7528.35,M1
7539.9,7546.6,False,45,OB,7539.8,7540.6,4,FVG-001884|OB-000331,7539.8,7540.0,7535.4,7551.1,HYPOTHETICAL_SCENARIO_NOT_BROKER_FACT,2018-09-14 00:00:00,2018-09-17 01:02:00,BEARISH,2018-09-17 11:16:00,2018-09-17 11:17:00,7539.9,D1-20180914-BEARISH,STOP,7546.6,2018-09-17 12:01:00,MLR-TECH-ABL-001,2018-09-18 00:00:00,PREVIOUSLY_EXPOSED_WINDOW,C1_OB_FVG,M1_STRICT_PENETRATION_NO_FAVORABLE_IMPROVEMENT,STRICT_M1_LIMIT_PENETRATION,FILLED,0,0.00,-6.7,-0.3401015228426395939086294416,0.7333333333333333,TECHNICAL_ONLY_ABLATION,-19.70,-1.0,LOSS_1R,QRP-MACRO-LIQUIDITY-REVERSAL-001,0,19.7,NORMALIZED_HIGH_COST,D1-20180914-BEARISH-M1-C1_OB_FVG-FVG-001884-OB-000331,3.0,6,7546.6,M1_C1_OB_FVG,1.5,7510.35,M1
,,False,0,OB,7060.8,7061.3,0,FVG-002123|OB-000379,7060.8,7061.0,,,HYPOTHETICAL_SCENARIO_NOT_BROKER_FACT,2019-02-19 00:00:00,2019-02-20 01:01:00,BEARISH,,,,D1-20190219-BEARISH,OB_MITIGATED_BEFORE_MIDPOINT,,,MLR-TECH-ABL-001,2019-02-21 00:00:00,PREVIOUSLY_EXPOSED_WINDOW,C1_OB_FVG,M1_BLOCK_TOUCH,OB_MITIGATED_BEFORE_MIDPOINT,NO_FILL,0,0,,,,TECHNICAL_ONLY_ABLATION,,,NO_FILL,QRP-MACRO-LIQUIDITY-REVERSAL-001,0,,NORMALIZED_LOW_COST,D1-20190219-BEARISH-M1-C1_OB_FVG-FVG-002123-OB-000379,0,0,,M1_C1_OB_FVG,1.5,,M1
,,False,0,OB,7060.8,7061.3,0,FVG-002123|OB-000379,7060.8,7061.0,,,HYPOTHETICAL_SCENARIO_NOT_BROKER_FACT,2019-02-19 00:00:00,2019-02-20 01:01:00,BEARISH,,,,D1-20190219-BEARISH,OB_MITIGATED_BEFORE_MIDPOINT,,,MLR-TECH-ABL-001,2019-02-21 00:00:00,PREVIOUSLY_EXPOSED_WINDOW,C1_OB_FVG,M1_BLOCK_TOUCH,OB_MITIGATED_BEFORE_MIDPOINT,NO_FILL,0,0,,,,TECHNICAL_ONLY_ABLATION,,,NO_FILL,QRP-MACRO-LIQUIDITY-REVERSAL-001,0,,NORMALIZED_MEDIUM_COST,D1-20190219-BEARISH-M1-C1_OB_FVG-FVG-002123-OB-000379,0,0,,M1_C1_OB_FVG,1.5,,M1
,,False,0,OB,7060.8,7061.3,0,FVG-002123|OB-000379,7060.8,7061.0,,,HYPOTHETICAL_SCENARIO_NOT_BROKER_FACT,2019-02-19 00:00:00,2019-02-20 01:01:00,BEARISH,,,,D1-20190219-BEARISH,OB_MITIGATED_BEFORE_MIDPOINT,,,MLR-TECH-ABL-001,2019-02-21 00:00:00,PREVIOUSLY_EXPOSED_WINDOW,C1_OB_FVG,M1_BLOCK_TOUCH,OB_MITIGATED_BEFORE_MIDPOINT,NO_FILL,0,0,,,,TECHNICAL_ONLY_ABLATION,,,NO_FILL,QRP-MACRO-LIQUIDITY-REVERSAL-001,0,,NORMALIZED_HIGH_COST,D1-20190219-BEARISH-M1-C1_OB_FVG-FVG-002123-OB-000379,0,0,,M1_C1_OB_FVG,1.5,,M1
,,False,0,OB,7597.3,7598.0,0,FVG-002297|OB-000415,7597.3,7598.0,,,HYPOTHETICAL_SCENARIO_NOT_BROKER_FACT,2019-04-11 00:00:00,2019-04-12 09:59:00,BEARISH,,,,D1-20190411-BEARISH,OB_MITIGATED_BEFORE_MIDPOINT,,,MLR-TECH-ABL-001,2019-04-13 00:00:00,PREVIOUSLY_EXPOSED_WINDOW,C1_OB_FVG,M1_BLOCK_TOUCH,OB_MITIGATED_BEFORE_MIDPOINT,NO_FILL,0,0,,,,TECHNICAL_ONLY_ABLATION,,,NO_FILL,QRP-MACRO-LIQUIDITY-REVERSAL-001,0,,NORMALIZED_LOW_COST,D1-20190411-BEARISH-M1-C1_OB_FVG-FVG-002297-OB-000415,0,0,,M1_C1_OB_FVG,1.5,,M1
,,False,0,OB,7597.3,7598.0,0,FVG-002297|OB-000415,7597.3,7598.0,,,HYPOTHETICAL_SCENARIO_NOT_BROKER_FACT,2019-04-11 00:00:00,2019-04-12 09:59:00,BEARISH,,,,D1-20190411-BEARISH,OB_MITIGATED_BEFORE_MIDPOINT,,,MLR-TECH-ABL-001,2019-04-13 00:00:00,PREVIOUSLY_EXPOSED_WINDOW,C1_OB_FVG,M1_BLOCK_TOUCH,OB_MITIGATED_BEFORE_MIDPOINT,NO_FILL,0,0,,,,TECHNICAL_ONLY_ABLATION,,,NO_FILL,QRP-MACRO-LIQUIDITY-REVERSAL-001,0,,NORMALIZED_MEDIUM_COST,D1-20190411-BEARISH-M1-C1_OB_FVG-FVG-002297-OB-000415,0,0,,M1_C1_OB_FVG,1.5,,M1
,,False,0,OB,7597.3,7598.0,0,FVG-002297|OB-000415,7597.3,7598.0,,,HYPOTHETICAL_SCENARIO_NOT_BROKER_FACT,2019-04-11 00:00:00,2019-04-12 09:59:00,BEARISH,,,,D1-20190411-BEARISH,OB_MITIGATED_BEFORE_MIDPOINT,,,MLR-TECH-ABL-001,2019-04-13 00:00:00,PREVIOUSLY_EXPOSED_WINDOW,C1_OB_FVG,M1_BLOCK_TOUCH,OB_MITIGATED_BEFORE_MIDPOINT,NO_FILL,0,0,,,,TECHNICAL_ONLY_ABLATION,,,NO_FILL,QRP-MACRO-LIQUIDITY-REVERSAL-001,0,,NORMALIZED_HIGH_COST,D1-20190411-BEARISH-M1-C1_OB_FVG-FVG-002297-OB-000415,0,0,,M1_C1_OB_FVG,1.5,,M1
,,False,0,OB,7913.0,7914.1,0,FVG-002401|OB-000440,7913.4,7913.8,,,HYPOTHETICAL_SCENARIO_NOT_BROKER_FACT,2019-07-11 00:00:00,2019-07-12 08:48:00,BEARISH,,,,D1-20190711-BEARISH,OB_MITIGATED_BEFORE_MIDPOINT,,,MLR-TECH-ABL-001,2019-07-13 00:00:00,PREVIOUSLY_EXPOSED_WINDOW,C1_OB_FVG,M1_BLOCK_TOUCH,OB_MITIGATED_BEFORE_MIDPOINT,NO_FILL,0,0,,,,TECHNICAL_ONLY_ABLATION,,,NO_FILL,QRP-MACRO-LIQUIDITY-REVERSAL-001,0,,NORMALIZED_LOW_COST,D1-20190711-BEARISH-M1-C1_OB_FVG-FVG-002401-OB-000440,0,0,,M1_C1_OB_FVG,1.5,,M1
,,False,0,OB,7913.0,7914.1,0,FVG-002401|OB-000440,7913.4,7913.8,,,HYPOTHETICAL_SCENARIO_NOT_BROKER_FACT,2019-07-11 00:00:00,2019-07-12 08:48:00,BEARISH,,,,D1-20190711-BEARISH,OB_MITIGATED_BEFORE_MIDPOINT,,,MLR-TECH-ABL-001,2019-07-13 00:00:00,PREVIOUSLY_EXPOSED_WINDOW,C1_OB_FVG,M1_BLOCK_TOUCH,OB_MITIGATED_BEFORE_MIDPOINT,NO_FILL,0,0,,,,TECHNICAL_ONLY_ABLATION,,,NO_FILL,QRP-MACRO-LIQUIDITY-REVERSAL-001,0,,NORMALIZED_MEDIUM_COST,D1-20190711-BEARISH-M1-C1_OB_FVG-FVG-002401-OB-000440,0,0,,M1_C1_OB_FVG,1.5,,M1
,,False,0,OB,7913.0,7914.1,0,FVG-002401|OB-000440,7913.4,7913.8,,,HYPOTHETICAL_SCENARIO_NOT_BROKER_FACT,2019-07-11 00:00:00,2019-07-12 08:48:00,BEARISH,,,,D1-20190711-BEARISH,OB_MITIGATED_BEFORE_MIDPOINT,,,MLR-TECH-ABL-001,2019-07-13 00:00:00,PREVIOUSLY_EXPOSED_WINDOW,C1_OB_FVG,M1_BLOCK_TOUCH,OB_MITIGATED_BEFORE_MIDPOINT,NO_FILL,0,0,,,,TECHNICAL_ONLY_ABLATION,,,NO_FILL,QRP-MACRO-LIQUIDITY-REVERSAL-001,0,,NORMALIZED_HIGH_COST,D1-20190711-BEARISH-M1-C1_OB_FVG-FVG-002401-OB-000440,0,0,,M1_C1_OB_FVG,1.5,,M1
7501.3,7500.1,False,1,OB,7501.1,7503.1,1.0,FVG-002541|OB-000465,7501.1,7501.5,7502.05,7499.35,HYPOTHETICAL_SCENARIO_NOT_BROKER_FACT,2019-08-15 00:00:00,2019-08-16 01:22:00,BULLISH,2019-08-16 03:00:00,2019-08-16 03:01:00,7501.3,D1-20190815-BULLISH,ENTRY_BAR_STOP_ADVERSE,7500.1,2019-08-16 03:01:00,MLR-TECH-ABL-001,2019-08-17 00:00:00,PREVIOUSLY_EXPOSED_WINDOW,C1_OB_FVG,M1_STRICT_PENETRATION_NO_FAVORABLE_IMPROVEMENT,STRICT_M1_LIMIT_PENETRATION,FILLED,0,0,-1.2,-0.3243243243243243243243243243,0.0,TECHNICAL_ONLY_ABLATION,-3.70,-1,LOSS_1R,QRP-MACRO-LIQUIDITY-REVERSAL-001,0,3.70,NORMALIZED_LOW_COST,D1-20190815-BULLISH-M1-C1_OB_FVG-FVG-002541-OB-000465,0.50,1,7500.1,M1_C1_OB_FVG,1.5,7506.850,M1
7501.3,7499.1,False,1,OB,7501.1,7503.1,2,FVG-002541|OB-000465,7501.1,7501.5,7502.8,7497.6,HYPOTHETICAL_SCENARIO_NOT_BROKER_FACT,2019-08-15 00:00:00,2019-08-16 01:22:00,BULLISH,2019-08-16 03:00:00,2019-08-16 03:01:00,7501.3,D1-20190815-BULLISH,ENTRY_BAR_STOP_ADVERSE,7499.1,2019-08-16 03:01:00,MLR-TECH-ABL-001,2019-08-17 00:00:00,PREVIOUSLY_EXPOSED_WINDOW,C1_OB_FVG,M1_STRICT_PENETRATION_NO_FAVORABLE_IMPROVEMENT,STRICT_M1_LIMIT_PENETRATION,FILLED,0,0.0,-2.2,-0.3055555555555555555555555556,0.0,TECHNICAL_ONLY_ABLATION,-7.2,-1,LOSS_1R,QRP-MACRO-LIQUIDITY-REVERSAL-001,0,7.2,NORMALIZED_MEDIUM_COST,D1-20190815-BULLISH-M1-C1_OB_FVG-FVG-002541-OB-000465,1.0,2,7499.1,M1_C1_OB_FVG,1.5,7512.10,M1
7501.3,7495.1,False,2,OB,7501.1,7503.1,4,FVG-002541|OB-000465,7501.1,7501.5,7505.8,7490.6,HYPOTHETICAL_SCENARIO_NOT_BROKER_FACT,2019-08-15 00:00:00,2019-08-16 01:22:00,BULLISH,2019-08-16 03:00:00,2019-08-16 03:01:00,7501.3,D1-20190815-BULLISH,STOP,7495.1,2019-08-16 03:02:00,MLR-TECH-ABL-001,2019-08-17 00:00:00,PREVIOUSLY_EXPOSED_WINDOW,C1_OB_FVG,M1_STRICT_PENETRATION_NO_FAVORABLE_IMPROVEMENT,STRICT_M1_LIMIT_PENETRATION,FILLED,0,0.00,-6.2,-0.3229166666666666666666666667,0.016666666666666666,TECHNICAL_ONLY_ABLATION,-19.20,-1.0,LOSS_1R,QRP-MACRO-LIQUIDITY-REVERSAL-001,0,19.2,NORMALIZED_HIGH_COST,D1-20190815-BULLISH-M1-C1_OB_FVG-FVG-002541-OB-000465,3.0,6,7495.1,M1_C1_OB_FVG,1.5,7530.10,M1
,,False,0,OB,7870.9,7871.9,0,FVG-002743|OB-000513,7871.4,7871.9,,,HYPOTHETICAL_SCENARIO_NOT_BROKER_FACT,2019-09-06 00:00:00,2019-09-09 01:28:00,BEARISH,,,,D1-20190906-BEARISH,OB_MITIGATED_BEFORE_MIDPOINT,,,MLR-TECH-ABL-001,2019-09-10 00:00:00,PREVIOUSLY_EXPOSED_WINDOW,C1_OB_FVG,M1_BLOCK_TOUCH,OB_MITIGATED_BEFORE_MIDPOINT,NO_FILL,0,0,,,,TECHNICAL_ONLY_ABLATION,,,NO_FILL,QRP-MACRO-LIQUIDITY-REVERSAL-001,0,,NORMALIZED_LOW_COST,D1-20190906-BEARISH-M1-C1_OB_FVG-FVG-002743-OB-000513,0,0,,M1_C1_OB_FVG,1.5,,M1
,,False,0,OB,7870.9,7871.9,0,FVG-002743|OB-000513,7871.4,7871.9,,,HYPOTHETICAL_SCENARIO_NOT_BROKER_FACT,2019-09-06 00:00:00,2019-09-09 01:28:00,BEARISH,,,,D1-20190906-BEARISH,OB_MITIGATED_BEFORE_MIDPOINT,,,MLR-TECH-ABL-001,2019-09-10 00:00:00,PREVIOUSLY_EXPOSED_WINDOW,C1_OB_FVG,M1_BLOCK_TOUCH,OB_MITIGATED_BEFORE_MIDPOINT,NO_FILL,0,0,,,,TECHNICAL_ONLY_ABLATION,,,NO_FILL,QRP-MACRO-LIQUIDITY-REVERSAL-001,0,,NORMALIZED_MEDIUM_COST,D1-20190906-BEARISH-M1-C1_OB_FVG-FVG-002743-OB-000513,0,0,,M1_C1_OB_FVG,1.5,,M1
,,False,0,OB,7870.9,7871.9,0,FVG-002743|OB-000513,7871.4,7871.9,,,HYPOTHETICAL_SCENARIO_NOT_BROKER_FACT,2019-09-06 00:00:00,2019-09-09 01:28:00,BEARISH,,,,D1-20190906-BEARISH,OB_MITIGATED_BEFORE_MIDPOINT,,,MLR-TECH-ABL-001,2019-09-10 00:00:00,PREVIOUSLY_EXPOSED_WINDOW,C1_OB_FVG,M1_BLOCK_TOUCH,OB_MITIGATED_BEFORE_MIDPOINT,NO_FILL,0,0,,,,TECHNICAL_ONLY_ABLATION,,,NO_FILL,QRP-MACRO-LIQUIDITY-REVERSAL-001,0,,NORMALIZED_HIGH_COST,D1-20190906-BEARISH-M1-C1_OB_FVG-FVG-002743-OB-000513,0,0,,M1_C1_OB_FVG,1.5,,M1
8321.45,8315.975,False,8,OB,8321.3,8321.6,1.0,FVG-002972|OB-000550,8321.3,8321.6,8320.70,8316.725,HYPOTHETICAL_SCENARIO_NOT_BROKER_FACT,2019-11-19 00:00:00,2019-11-20 02:59:00,BEARISH,2019-11-20 09:33:00,2019-11-20 09:34:00,8321.45,D1-20191119-BEARISH,TARGET_1_5R,8315.975,2019-11-20 09:41:00,MLR-TECH-ABL-001,2019-11-21 00:00:00,PREVIOUSLY_EXPOSED_WINDOW,C1_OB_FVG,M1_STRICT_PENETRATION_NO_FAVORABLE_IMPROVEMENT,STRICT_M1_LIMIT_PENETRATION,FILLED,0,0,5.475,1.5,0.11666666666666667,TECHNICAL_ONLY_ABLATION,2.975,0.8150684931506849315068493151,WIN_TARGET_1_5R,QRP-MACRO-LIQUIDITY-REVERSAL-001,0,3.65,NORMALIZED_LOW_COST,D1-20191119-BEARISH-M1-C1_OB_FVG-FVG-002972-OB-000550,0.50,1,8322.6,M1_C1_OB_FVG,1.5,8315.975,M1
8321.45,8310.725,False,10,OB,8321.3,8321.6,2,FVG-002972|OB-000550,8321.3,8321.6,8319.95,8312.225,HYPOTHETICAL_SCENARIO_NOT_BROKER_FACT,2019-11-19 00:00:00,2019-11-20 02:59:00,BEARISH,2019-11-20 09:33:00,2019-11-20 09:34:00,8321.45,D1-20191119-BEARISH,TARGET_1_5R,8310.725,2019-11-20 09:43:00,MLR-TECH-ABL-001,2019-11-21 00:00:00,PREVIOUSLY_EXPOSED_WINDOW,C1_OB_FVG,M1_STRICT_PENETRATION_NO_FAVORABLE_IMPROVEMENT,STRICT_M1_LIMIT_PENETRATION,FILLED,0,0.0,10.725,1.5,0.15,TECHNICAL_ONLY_ABLATION,5.725,0.8006993006993006993006993007,WIN_TARGET_1_5R,QRP-MACRO-LIQUIDITY-REVERSAL-001,0,7.15,NORMALIZED_MEDIUM_COST,D1-20191119-BEARISH-M1-C1_OB_FVG-FVG-002972-OB-000550,1.0,2,8323.6,M1_C1_OB_FVG,1.5,8310.725,M1
8321.45,8292.725,False,81,OB,8321.3,8321.6,4,FVG-002972|OB-000550,8321.3,8321.6,8316.95,8297.225,HYPOTHETICAL_SCENARIO_NOT_BROKER_FACT,2019-11-19 00:00:00,2019-11-20 02:59:00,BEARISH,2019-11-20 09:33:00,2019-11-20 09:34:00,8321.45,D1-20191119-BEARISH,TARGET_1_5R,8292.725,2019-11-20 10:54:00,MLR-TECH-ABL-001,2019-11-21 00:00:00,PREVIOUSLY_EXPOSED_WINDOW,C1_OB_FVG,M1_STRICT_PENETRATION_NO_FAVORABLE_IMPROVEMENT,STRICT_M1_LIMIT_PENETRATION,FILLED,0,0.00,28.725,1.5,1.3333333333333333,TECHNICAL_ONLY_ABLATION,15.725,0.8211488250652741514360313316,WIN_TARGET_1_5R,QRP-MACRO-LIQUIDITY-REVERSAL-001,0,19.15,NORMALIZED_HIGH_COST,D1-20191119-BEARISH-M1-C1_OB_FVG-FVG-002972-OB-000550,3.0,6,8327.6,M1_C1_OB_FVG,1.5,8292.725,M1
,,False,0,OB,8305.6,8306.0,0,FVG-003139|OB-000588,8305.9,8306.0,,,HYPOTHETICAL_SCENARIO_NOT_BROKER_FACT,2019-11-22 00:00:00,2019-11-25 06:17:00,BEARISH,,,,D1-20191122-BEARISH,OB_MITIGATED_BEFORE_MIDPOINT,,,MLR-TECH-ABL-001,2019-11-26 00:00:00,PREVIOUSLY_EXPOSED_WINDOW,C1_OB_FVG,M1_BLOCK_TOUCH,OB_MITIGATED_BEFORE_MIDPOINT,NO_FILL,0,0,,,,TECHNICAL_ONLY_ABLATION,,,NO_FILL,QRP-MACRO-LIQUIDITY-REVERSAL-001,0,,NORMALIZED_LOW_COST,D1-20191122-BEARISH-M1-C1_OB_FVG-FVG-003139-OB-000588,0,0,,M1_C1_OB_FVG,1.5,,M1
,,False,0,OB,8305.6,8306.0,0,FVG-003139|OB-000588,8305.9,8306.0,,,HYPOTHETICAL_SCENARIO_NOT_BROKER_FACT,2019-11-22 00:00:00,2019-11-25 06:17:00,BEARISH,,,,D1-20191122-BEARISH,OB_MITIGATED_BEFORE_MIDPOINT,,,MLR-TECH-ABL-001,2019-11-26 00:00:00,PREVIOUSLY_EXPOSED_WINDOW,C1_OB_FVG,M1_BLOCK_TOUCH,OB_MITIGATED_BEFORE_MIDPOINT,NO_FILL,0,0,,,,TECHNICAL_ONLY_ABLATION,,,NO_FILL,QRP-MACRO-LIQUIDITY-REVERSAL-001,0,,NORMALIZED_MEDIUM_COST,D1-20191122-BEARISH-M1-C1_OB_FVG-FVG-003139-OB-000588,0,0,,M1_C1_OB_FVG,1.5,,M1
,,False,0,OB,8305.6,8306.0,0,FVG-003139|OB-000588,8305.9,8306.0,,,HYPOTHETICAL_SCENARIO_NOT_BROKER_FACT,2019-11-22 00:00:00,2019-11-25 06:17:00,BEARISH,,,,D1-20191122-BEARISH,OB_MITIGATED_BEFORE_MIDPOINT,,,MLR-TECH-ABL-001,2019-11-26 00:00:00,PREVIOUSLY_EXPOSED_WINDOW,C1_OB_FVG,M1_BLOCK_TOUCH,OB_MITIGATED_BEFORE_MIDPOINT,NO_FILL,0,0,,,,TECHNICAL_ONLY_ABLATION,,,NO_FILL,QRP-MACRO-LIQUIDITY-REVERSAL-001,0,,NORMALIZED_HIGH_COST,D1-20191122-BEARISH-M1-C1_OB_FVG-FVG-003139-OB-000588,0,0,,M1_C1_OB_FVG,1.5,,M1
8524.95,8517.825,False,88,OB,8524.9,8526.2,1.0,FVG-003299|OB-000613,8524.9,8525.0,8524.20,8518.575,HYPOTHETICAL_SCENARIO_NOT_BROKER_FACT,2019-12-13 00:00:00,2019-12-16 06:34:00,BEARISH,2019-12-16 06:35:00,2019-12-16 06:36:00,8524.95,D1-20191213-BEARISH,TARGET_1_5R,8517.825,2019-12-16 08:04:00,MLR-TECH-ABL-001,2019-12-17 00:00:00,PREVIOUSLY_EXPOSED_WINDOW,C1_OB_FVG,M1_STRICT_PENETRATION_NO_FAVORABLE_IMPROVEMENT,STRICT_M1_LIMIT_PENETRATION,FILLED,0,0,7.125,1.5,1.4666666666666666,TECHNICAL_ONLY_ABLATION,4.625,0.9736842105263157894736842105,WIN_TARGET_1_5R,QRP-MACRO-LIQUIDITY-REVERSAL-001,0,4.75,NORMALIZED_LOW_COST,D1-20191213-BEARISH-M1-C1_OB_FVG-FVG-003299-OB-000613,0.50,1,8527.2,M1_C1_OB_FVG,1.5,8517.825,M1
8524.95,8528.2,False,131,OB,8524.9,8526.2,2,FVG-003299|OB-000613,8524.9,8525.0,8523.45,8529.7,HYPOTHETICAL_SCENARIO_NOT_BROKER_FACT,2019-12-13 00:00:00,2019-12-16 06:34:00,BEARISH,2019-12-16 06:35:00,2019-12-16 06:36:00,8524.95,D1-20191213-BEARISH,STOP,8528.2,2019-12-16 08:47:00,MLR-TECH-ABL-001,2019-12-17 00:00:00,PREVIOUSLY_EXPOSED_WINDOW,C1_OB_FVG,M1_STRICT_PENETRATION_NO_FAVORABLE_IMPROVEMENT,STRICT_M1_LIMIT_PENETRATION,FILLED,0,0.0,-3.25,-0.3939393939393939393939393939,2.183333333333333,TECHNICAL_ONLY_ABLATION,-8.25,-1,LOSS_1R,QRP-MACRO-LIQUIDITY-REVERSAL-001,0,8.25,NORMALIZED_MEDIUM_COST,D1-20191213-BEARISH-M1-C1_OB_FVG-FVG-003299-OB-000613,1.0,2,8528.2,M1_C1_OB_FVG,1.5,8512.575,M1
8524.95,8532.2,False,206,OB,8524.9,8526.2,4,FVG-003299|OB-000613,8524.9,8525.0,8520.45,8536.7,HYPOTHETICAL_SCENARIO_NOT_BROKER_FACT,2019-12-13 00:00:00,2019-12-16 06:34:00,BEARISH,2019-12-16 06:35:00,2019-12-16 06:36:00,8524.95,D1-20191213-BEARISH,STOP,8532.2,2019-12-16 10:02:00,MLR-TECH-ABL-001,2019-12-17 00:00:00,PREVIOUSLY_EXPOSED_WINDOW,C1_OB_FVG,M1_STRICT_PENETRATION_NO_FAVORABLE_IMPROVEMENT,STRICT_M1_LIMIT_PENETRATION,FILLED,0,0.00,-7.25,-0.3580246913580246913580246914,3.433333333333333,TECHNICAL_ONLY_ABLATION,-20.25,-1,LOSS_1R,QRP-MACRO-LIQUIDITY-REVERSAL-001,0,20.25,NORMALIZED_HIGH_COST,D1-20191213-BEARISH-M1-C1_OB_FVG-FVG-003299-OB-000613,3.0,6,8532.2,M1_C1_OB_FVG,1.5,8494.575,M1
,,False,0,OB,8575.9,8576.2,0,FVG-003425|OB-000633,8576.0,8576.2,,,HYPOTHETICAL_SCENARIO_NOT_BROKER_FACT,2019-12-17 00:00:00,2019-12-18 09:11:00,BEARISH,,,,D1-20191217-BEARISH,OB_MITIGATED_BEFORE_MIDPOINT,,,MLR-TECH-ABL-001,2019-12-19 00:00:00,PREVIOUSLY_EXPOSED_WINDOW,C1_OB_FVG,M1_BLOCK_TOUCH,OB_MITIGATED_BEFORE_MIDPOINT,NO_FILL,0,0,,,,TECHNICAL_ONLY_ABLATION,,,NO_FILL,QRP-MACRO-LIQUIDITY-REVERSAL-001,0,,NORMALIZED_LOW_COST,D1-20191217-BEARISH-M1-C1_OB_FVG-FVG-003425-OB-000633,0,0,,M1_C1_OB_FVG,1.5,,M1
,,False,0,OB,8575.9,8576.2,0,FVG-003425|OB-000633,8576.0,8576.2,,,HYPOTHETICAL_SCENARIO_NOT_BROKER_FACT,2019-12-17 00:00:00,2019-12-18 09:11:00,BEARISH,,,,D1-20191217-BEARISH,OB_MITIGATED_BEFORE_MIDPOINT,,,MLR-TECH-ABL-001,2019-12-19 00:00:00,PREVIOUSLY_EXPOSED_WINDOW,C1_OB_FVG,M1_BLOCK_TOUCH,OB_MITIGATED_BEFORE_MIDPOINT,NO_FILL,0,0,,,,TECHNICAL_ONLY_ABLATION,,,NO_FILL,QRP-MACRO-LIQUIDITY-REVERSAL-001,0,,NORMALIZED_MEDIUM_COST,D1-20191217-BEARISH-M1-C1_OB_FVG-FVG-003425-OB-000633,0,0,,M1_C1_OB_FVG,1.5,,M1
,,False,0,OB,8575.9,8576.2,0,FVG-003425|OB-000633,8576.0,8576.2,,,HYPOTHETICAL_SCENARIO_NOT_BROKER_FACT,2019-12-17 00:00:00,2019-12-18 09:11:00,BEARISH,,,,D1-20191217-BEARISH,OB_MITIGATED_BEFORE_MIDPOINT,,,MLR-TECH-ABL-001,2019-12-19 00:00:00,PREVIOUSLY_EXPOSED_WINDOW,C1_OB_FVG,M1_BLOCK_TOUCH,OB_MITIGATED_BEFORE_MIDPOINT,NO_FILL,0,0,,,,TECHNICAL_ONLY_ABLATION,,,NO_FILL,QRP-MACRO-LIQUIDITY-REVERSAL-001,0,,NORMALIZED_HIGH_COST,D1-20191217-BEARISH-M1-C1_OB_FVG-FVG-003425-OB-000633,0,0,,M1_C1_OB_FVG,1.5,,M1
8728.4,8733.6,True,1,OB,8726.8,8732.6,1.0,FVG-003560|OB-000657,8727.3,8729.5,8727.65,8734.35,HYPOTHETICAL_SCENARIO_NOT_BROKER_FACT,2020-01-07 00:00:00,2020-01-08 02:11:00,BEARISH,2020-01-08 03:41:00,2020-01-08 03:42:00,8728.4,D1-20200107-BEARISH,ENTRY_BAR_STOP_ADVERSE,8733.6,2020-01-08 03:42:00,MLR-TECH-ABL-001,2020-01-09 00:00:00,PREVIOUSLY_EXPOSED_WINDOW,C1_OB_FVG,M1_STRICT_PENETRATION_NO_FAVORABLE_IMPROVEMENT,STRICT_M1_LIMIT_PENETRATION,FILLED,0,0,-5.2,-0.6753246753246753246753246753,0.0,TECHNICAL_ONLY_ABLATION,-7.70,-1,AMBIGUOUS_ADVERSE_FIRST,QRP-MACRO-LIQUIDITY-REVERSAL-001,0,7.70,NORMALIZED_LOW_COST,D1-20200107-BEARISH-M1-C1_OB_FVG-FVG-003560-OB-000657,0.50,1,8733.6,M1_C1_OB_FVG,1.5,8716.850,M1
8728.4,8734.6,False,1,OB,8726.8,8732.6,2,FVG-003560|OB-000657,8727.3,8729.5,8726.9,8736.1,HYPOTHETICAL_SCENARIO_NOT_BROKER_FACT,2020-01-07 00:00:00,2020-01-08 02:11:00,BEARISH,2020-01-08 03:41:00,2020-01-08 03:42:00,8728.4,D1-20200107-BEARISH,ENTRY_BAR_STOP_ADVERSE,8734.6,2020-01-08 03:42:00,MLR-TECH-ABL-001,2020-01-09 00:00:00,PREVIOUSLY_EXPOSED_WINDOW,C1_OB_FVG,M1_STRICT_PENETRATION_NO_FAVORABLE_IMPROVEMENT,STRICT_M1_LIMIT_PENETRATION,FILLED,0,0.0,-6.2,-0.5535714285714285714285714286,0.0,TECHNICAL_ONLY_ABLATION,-11.2,-1,LOSS_1R,QRP-MACRO-LIQUIDITY-REVERSAL-001,0,11.2,NORMALIZED_MEDIUM_COST,D1-20200107-BEARISH-M1-C1_OB_FVG-FVG-003560-OB-000657,1.0,2,8734.6,M1_C1_OB_FVG,1.5,8711.60,M1
8728.4,8738.6,False,1,OB,8726.8,8732.6,4,FVG-003560|OB-000657,8727.3,8729.5,8723.9,8743.1,HYPOTHETICAL_SCENARIO_NOT_BROKER_FACT,2020-01-07 00:00:00,2020-01-08 02:11:00,BEARISH,2020-01-08 03:41:00,2020-01-08 03:42:00,8728.4,D1-20200107-BEARISH,ENTRY_BAR_STOP_ADVERSE,8738.6,2020-01-08 03:42:00,MLR-TECH-ABL-001,2020-01-09 00:00:00,PREVIOUSLY_EXPOSED_WINDOW,C1_OB_FVG,M1_STRICT_PENETRATION_NO_FAVORABLE_IMPROVEMENT,STRICT_M1_LIMIT_PENETRATION,FILLED,0,0.00,-10.2,-0.4396551724137931034482758621,0.0,TECHNICAL_ONLY_ABLATION,-23.20,-1.0,LOSS_1R,QRP-MACRO-LIQUIDITY-REVERSAL-001,0,23.2,NORMALIZED_HIGH_COST,D1-20200107-BEARISH-M1-C1_OB_FVG-FVG-003560-OB-000657,3.0,6,8738.6,M1_C1_OB_FVG,1.5,8693.60,M1
,,False,0,OB,9036.0,9038.0,0,FVG-003750|OB-000691,9036.7,9038.0,,,HYPOTHETICAL_SCENARIO_NOT_BROKER_FACT,2020-01-14 00:00:00,2020-01-15 01:34:00,BEARISH,,,,D1-20200114-BEARISH,OB_MITIGATED_BEFORE_MIDPOINT,,,MLR-TECH-ABL-001,2020-01-16 00:00:00,PREVIOUSLY_EXPOSED_WINDOW,C1_OB_FVG,M1_BLOCK_TOUCH,OB_MITIGATED_BEFORE_MIDPOINT,NO_FILL,0,0,,,,TECHNICAL_ONLY_ABLATION,,,NO_FILL,QRP-MACRO-LIQUIDITY-REVERSAL-001,0,,NORMALIZED_LOW_COST,D1-20200114-BEARISH-M1-C1_OB_FVG-FVG-003750-OB-000691,0,0,,M1_C1_OB_FVG,1.5,,M1
,,False,0,OB,9036.0,9038.0,0,FVG-003750|OB-000691,9036.7,9038.0,,,HYPOTHETICAL_SCENARIO_NOT_BROKER_FACT,2020-01-14 00:00:00,2020-01-15 01:34:00,BEARISH,,,,D1-20200114-BEARISH,OB_MITIGATED_BEFORE_MIDPOINT,,,MLR-TECH-ABL-001,2020-01-16 00:00:00,PREVIOUSLY_EXPOSED_WINDOW,C1_OB_FVG,M1_BLOCK_TOUCH,OB_MITIGATED_BEFORE_MIDPOINT,NO_FILL,0,0,,,,TECHNICAL_ONLY_ABLATION,,,NO_FILL,QRP-MACRO-LIQUIDITY-REVERSAL-001,0,,NORMALIZED_MEDIUM_COST,D1-20200114-BEARISH-M1-C1_OB_FVG-FVG-003750-OB-000691,0,0,,M1_C1_OB_FVG,1.5,,M1
,,False,0,OB,9036.0,9038.0,0,FVG-003750|OB-000691,9036.7,9038.0,,,HYPOTHETICAL_SCENARIO_NOT_BROKER_FACT,2020-01-14 00:00:00,2020-01-15 01:34:00,BEARISH,,,,D1-20200114-BEARISH,OB_MITIGATED_BEFORE_MIDPOINT,,,MLR-TECH-ABL-001,2020-01-16 00:00:00,PREVIOUSLY_EXPOSED_WINDOW,C1_OB_FVG,M1_BLOCK_TOUCH,OB_MITIGATED_BEFORE_MIDPOINT,NO_FILL,0,0,,,,TECHNICAL_ONLY_ABLATION,,,NO_FILL,QRP-MACRO-LIQUIDITY-REVERSAL-001,0,,NORMALIZED_HIGH_COST,D1-20200114-BEARISH-M1-C1_OB_FVG-FVG-003750-OB-000691,0,0,,M1_C1_OB_FVG,1.5,,M1
,,False,0,OB,9123.7,9125.5,0,FVG-003970|OB-000734,9123.7,9125.3,,,HYPOTHETICAL_SCENARIO_NOT_BROKER_FACT,2020-01-29 00:00:00,2020-01-30 01:35:00,BEARISH,,,,D1-20200129-BEARISH,OB_MITIGATED_BEFORE_MIDPOINT,,,MLR-TECH-ABL-001,2020-01-31 00:00:00,PREVIOUSLY_EXPOSED_WINDOW,C1_OB_FVG,M1_BLOCK_TOUCH,OB_MITIGATED_BEFORE_MIDPOINT,NO_FILL,0,0,,,,TECHNICAL_ONLY_ABLATION,,,NO_FILL,QRP-MACRO-LIQUIDITY-REVERSAL-001,0,,NORMALIZED_LOW_COST,D1-20200129-BEARISH-M1-C1_OB_FVG-FVG-003970-OB-000734,0,0,,M1_C1_OB_FVG,1.5,,M1
,,False,0,OB,9123.7,9125.5,0,FVG-003970|OB-000734,9123.7,9125.3,,,HYPOTHETICAL_SCENARIO_NOT_BROKER_FACT,2020-01-29 00:00:00,2020-01-30 01:35:00,BEARISH,,,,D1-20200129-BEARISH,OB_MITIGATED_BEFORE_MIDPOINT,,,MLR-TECH-ABL-001,2020-01-31 00:00:00,PREVIOUSLY_EXPOSED_WINDOW,C1_OB_FVG,M1_BLOCK_TOUCH,OB_MITIGATED_BEFORE_MIDPOINT,NO_FILL,0,0,,,,TECHNICAL_ONLY_ABLATION,,,NO_FILL,QRP-MACRO-LIQUIDITY-REVERSAL-001,0,,NORMALIZED_MEDIUM_COST,D1-20200129-BEARISH-M1-C1_OB_FVG-FVG-003970-OB-000734,0,0,,M1_C1_OB_FVG,1.5,,M1
,,False,0,OB,9123.7,9125.5,0,FVG-003970|OB-000734,9123.7,9125.3,,,HYPOTHETICAL_SCENARIO_NOT_BROKER_FACT,2020-01-29 00:00:00,2020-01-30 01:35:00,BEARISH,,,,D1-20200129-BEARISH,OB_MITIGATED_BEFORE_MIDPOINT,,,MLR-TECH-ABL-001,2020-01-31 00:00:00,PREVIOUSLY_EXPOSED_WINDOW,C1_OB_FVG,M1_BLOCK_TOUCH,OB_MITIGATED_BEFORE_MIDPOINT,NO_FILL,0,0,,,,TECHNICAL_ONLY_ABLATION,,,NO_FILL,QRP-MACRO-LIQUIDITY-REVERSAL-001,0,,NORMALIZED_HIGH_COST,D1-20200129-BEARISH-M1-C1_OB_FVG-FVG-003970-OB-000734,0,0,,M1_C1_OB_FVG,1.5,,M1
,,False,0,OB,9609.0,9611.2,0,FVG-004195|OB-000772,9610.3,9611.2,,,HYPOTHETICAL_SCENARIO_NOT_BROKER_FACT,2020-02-13 00:00:00,2020-02-14 01:15:00,BEARISH,,,,D1-20200213-BEARISH,OB_MITIGATED_BEFORE_MIDPOINT,,,MLR-TECH-ABL-001,2020-02-15 00:00:00,PREVIOUSLY_EXPOSED_WINDOW,C1_OB_FVG,M1_BLOCK_TOUCH,OB_MITIGATED_BEFORE_MIDPOINT,NO_FILL,0,0,,,,TECHNICAL_ONLY_ABLATION,,,NO_FILL,QRP-MACRO-LIQUIDITY-REVERSAL-001,0,,NORMALIZED_LOW_COST,D1-20200213-BEARISH-M1-C1_OB_FVG-FVG-004195-OB-000772,0,0,,M1_C1_OB_FVG,1.5,,M1
,,False,0,OB,9609.0,9611.2,0,FVG-004195|OB-000772,9610.3,9611.2,,,HYPOTHETICAL_SCENARIO_NOT_BROKER_FACT,2020-02-13 00:00:00,2020-02-14 01:15:00,BEARISH,,,,D1-20200213-BEARISH,OB_MITIGATED_BEFORE_MIDPOINT,,,MLR-TECH-ABL-001,2020-02-15 00:00:00,PREVIOUSLY_EXPOSED_WINDOW,C1_OB_FVG,M1_BLOCK_TOUCH,OB_MITIGATED_BEFORE_MIDPOINT,NO_FILL,0,0,,,,TECHNICAL_ONLY_ABLATION,,,NO_FILL,QRP-MACRO-LIQUIDITY-REVERSAL-001,0,,NORMALIZED_MEDIUM_COST,D1-20200213-BEARISH-M1-C1_OB_FVG-FVG-004195-OB-000772,0,0,,M1_C1_OB_FVG,1.5,,M1
,,False,0,OB,9609.0,9611.2,0,FVG-004195|OB-000772,9610.3,9611.2,,,HYPOTHETICAL_SCENARIO_NOT_BROKER_FACT,2020-02-13 00:00:00,2020-02-14 01:15:00,BEARISH,,,,D1-20200213-BEARISH,OB_MITIGATED_BEFORE_MIDPOINT,,,MLR-TECH-ABL-001,2020-02-15 00:00:00,PREVIOUSLY_EXPOSED_WINDOW,C1_OB_FVG,M1_BLOCK_TOUCH,OB_MITIGATED_BEFORE_MIDPOINT,NO_FILL,0,0,,,,TECHNICAL_ONLY_ABLATION,,,NO_FILL,QRP-MACRO-LIQUIDITY-REVERSAL-001,0,,NORMALIZED_HIGH_COST,D1-20200213-BEARISH-M1-C1_OB_FVG-FVG-004195-OB-000772,0,0,,M1_C1_OB_FVG,1.5,,M1
,,False,0,OB,7548.7,7555.2,0,FVG-004386|OB-000816,7551.6,7552.4,,,HYPOTHETICAL_SCENARIO_NOT_BROKER_FACT,2020-04-02 00:00:00,2020-04-03 13:08:00,BULLISH,,,,D1-20200402-BULLISH,OB_MITIGATED_BEFORE_MIDPOINT,,,MLR-TECH-ABL-001,2020-04-04 00:00:00,PREVIOUSLY_EXPOSED_WINDOW,C1_OB_FVG,M1_BLOCK_TOUCH,OB_MITIGATED_BEFORE_MIDPOINT,NO_FILL,0,0,,,,TECHNICAL_ONLY_ABLATION,,,NO_FILL,QRP-MACRO-LIQUIDITY-REVERSAL-001,0,,NORMALIZED_LOW_COST,D1-20200402-BULLISH-M1-C1_OB_FVG-FVG-004386-OB-000816,0,0,,M1_C1_OB_FVG,1.5,,M1
,,False,0,OB,7548.7,7555.2,0,FVG-004386|OB-000816,7551.6,7552.4,,,HYPOTHETICAL_SCENARIO_NOT_BROKER_FACT,2020-04-02 00:00:00,2020-04-03 13:08:00,BULLISH,,,,D1-20200402-BULLISH,OB_MITIGATED_BEFORE_MIDPOINT,,,MLR-TECH-ABL-001,2020-04-04 00:00:00,PREVIOUSLY_EXPOSED_WINDOW,C1_OB_FVG,M1_BLOCK_TOUCH,OB_MITIGATED_BEFORE_MIDPOINT,NO_FILL,0,0,,,,TECHNICAL_ONLY_ABLATION,,,NO_FILL,QRP-MACRO-LIQUIDITY-REVERSAL-001,0,,NORMALIZED_MEDIUM_COST,D1-20200402-BULLISH-M1-C1_OB_FVG-FVG-004386-OB-000816,0,0,,M1_C1_OB_FVG,1.5,,M1
,,False,0,OB,7548.7,7555.2,0,FVG-004386|OB-000816,7551.6,7552.4,,,HYPOTHETICAL_SCENARIO_NOT_BROKER_FACT,2020-04-02 00:00:00,2020-04-03 13:08:00,BULLISH,,,,D1-20200402-BULLISH,OB_MITIGATED_BEFORE_MIDPOINT,,,MLR-TECH-ABL-001,2020-04-04 00:00:00,PREVIOUSLY_EXPOSED_WINDOW,C1_OB_FVG,M1_BLOCK_TOUCH,OB_MITIGATED_BEFORE_MIDPOINT,NO_FILL,0,0,,,,TECHNICAL_ONLY_ABLATION,,,NO_FILL,QRP-MACRO-LIQUIDITY-REVERSAL-001,0,,NORMALIZED_HIGH_COST,D1-20200402-BULLISH-M1-C1_OB_FVG-FVG-004386-OB-000816,0,0,,M1_C1_OB_FVG,1.5,,M1
8610.95,8614.1,False,1,OB,8610.8,8613.1,1.0,FVG-004498|OB-000834,8610.8,8611.1,8610.20,8614.85,HYPOTHETICAL_SCENARIO_NOT_BROKER_FACT,2020-04-23 00:00:00,2020-04-24 01:02:00,BEARISH,2020-04-24 12:11:00,2020-04-24 12:12:00,8610.95,D1-20200423-BEARISH,ENTRY_BAR_STOP_ADVERSE,8614.1,2020-04-24 12:12:00,MLR-TECH-ABL-001,2020-04-25 00:00:00,PREVIOUSLY_EXPOSED_WINDOW,C1_OB_FVG,M1_STRICT_PENETRATION_NO_FAVORABLE_IMPROVEMENT,STRICT_M1_LIMIT_PENETRATION,FILLED,0,0,-3.15,-0.5575221238938053097345132743,0.0,TECHNICAL_ONLY_ABLATION,-5.65,-1,LOSS_1R,QRP-MACRO-LIQUIDITY-REVERSAL-001,0,5.65,NORMALIZED_LOW_COST,D1-20200423-BEARISH-M1-C1_OB_FVG-FVG-004498-OB-000834,0.50,1,8614.1,M1_C1_OB_FVG,1.5,8602.475,M1
8610.95,8615.1,False,1,OB,8610.8,8613.1,2,FVG-004498|OB-000834,8610.8,8611.1,8609.45,8616.6,HYPOTHETICAL_SCENARIO_NOT_BROKER_FACT,2020-04-23 00:00:00,2020-04-24 01:02:00,BEARISH,2020-04-24 12:11:00,2020-04-24 12:12:00,8610.95,D1-20200423-BEARISH,ENTRY_BAR_STOP_ADVERSE,8615.1,2020-04-24 12:12:00,MLR-TECH-ABL-001,2020-04-25 00:00:00,PREVIOUSLY_EXPOSED_WINDOW,C1_OB_FVG,M1_STRICT_PENETRATION_NO_FAVORABLE_IMPROVEMENT,STRICT_M1_LIMIT_PENETRATION,FILLED,0,0.0,-4.15,-0.4535519125683060109289617486,0.0,TECHNICAL_ONLY_ABLATION,-9.15,-1,LOSS_1R,QRP-MACRO-LIQUIDITY-REVERSAL-001,0,9.15,NORMALIZED_MEDIUM_COST,D1-20200423-BEARISH-M1-C1_OB_FVG-FVG-004498-OB-000834,1.0,2,8615.1,M1_C1_OB_FVG,1.5,8597.225,M1
8610.95,8619.1,False,16,OB,8610.8,8613.1,4,FVG-004498|OB-000834,8610.8,8611.1,8606.45,8623.6,HYPOTHETICAL_SCENARIO_NOT_BROKER_FACT,2020-04-23 00:00:00,2020-04-24 01:02:00,BEARISH,2020-04-24 12:11:00,2020-04-24 12:12:00,8610.95,D1-20200423-BEARISH,STOP,8619.1,2020-04-24 12:27:00,MLR-TECH-ABL-001,2020-04-25 00:00:00,PREVIOUSLY_EXPOSED_WINDOW,C1_OB_FVG,M1_STRICT_PENETRATION_NO_FAVORABLE_IMPROVEMENT,STRICT_M1_LIMIT_PENETRATION,FILLED,0,0.00,-8.15,-0.3853427895981087470449172577,0.25,TECHNICAL_ONLY_ABLATION,-21.15,-1,LOSS_1R,QRP-MACRO-LIQUIDITY-REVERSAL-001,0,21.15,NORMALIZED_HIGH_COST,D1-20200423-BEARISH-M1-C1_OB_FVG-FVG-004498-OB-000834,3.0,6,8619.1,M1_C1_OB_FVG,1.5,8579.225,M1
8956.599999999999,8959.9,False,14,OB,8956.3,8958.9,1.0,FVG-004677|OB-000871,8956.3,8956.9,8955.849999999999,8960.65,HYPOTHETICAL_SCENARIO_NOT_BROKER_FACT,2020-05-06 00:00:00,2020-05-07 02:30:00,BEARISH,2020-05-07 02:30:00,2020-05-07 02:31:00,8956.599999999999,D1-20200506-BEARISH,STOP,8959.9,2020-05-07 02:44:00,MLR-TECH-ABL-001,2020-05-08 00:00:00,PREVIOUSLY_EXPOSED_WINDOW,C1_OB_FVG,M1_STRICT_PENETRATION_NO_FAVORABLE_IMPROVEMENT,STRICT_M1_LIMIT_PENETRATION,FILLED,0,0,-3.300000000001,-0.5689655172414536266349583701,0.21666666666666667,TECHNICAL_ONLY_ABLATION,-5.800000000001,-1,LOSS_1R,QRP-MACRO-LIQUIDITY-REVERSAL-001,0,5.800000000001,NORMALIZED_LOW_COST,D1-20200506-BEARISH-M1-C1_OB_FVG-FVG-004677-OB-000871,0.50,1,8959.9,M1_C1_OB_FVG,1.5,8947.8999999999975,M1
8956.599999999999,8960.9,False,14,OB,8956.3,8958.9,2,FVG-004677|OB-000871,8956.3,8956.9,8955.099999999999,8962.4,HYPOTHETICAL_SCENARIO_NOT_BROKER_FACT,2020-05-06 00:00:00,2020-05-07 02:30:00,BEARISH,2020-05-07 02:30:00,2020-05-07 02:31:00,8956.599999999999,D1-20200506-BEARISH,STOP,8960.9,2020-05-07 02:44:00,MLR-TECH-ABL-001,2020-05-08 00:00:00,PREVIOUSLY_EXPOSED_WINDOW,C1_OB_FVG,M1_STRICT_PENETRATION_NO_FAVORABLE_IMPROVEMENT,STRICT_M1_LIMIT_PENETRATION,FILLED,0,0.0,-4.300000000001,-0.4623655913979072725170539885,0.21666666666666667,TECHNICAL_ONLY_ABLATION,-9.300000000001,-1,LOSS_1R,QRP-MACRO-LIQUIDITY-REVERSAL-001,0,9.300000000001,NORMALIZED_MEDIUM_COST,D1-20200506-BEARISH-M1-C1_OB_FVG-FVG-004677-OB-000871,1.0,2,8960.9,M1_C1_OB_FVG,1.5,8942.6499999999975,M1
8956.599999999999,8964.9,False,16,OB,8956.3,8958.9,4,FVG-004677|OB-000871,8956.3,8956.9,8952.099999999999,8969.4,HYPOTHETICAL_SCENARIO_NOT_BROKER_FACT,2020-05-06 00:00:00,2020-05-07 02:30:00,BEARISH,2020-05-07 02:30:00,2020-05-07 02:31:00,8956.599999999999,D1-20200506-BEARISH,STOP,8964.9,2020-05-07 02:46:00,MLR-TECH-ABL-001,2020-05-08 00:00:00,PREVIOUSLY_EXPOSED_WINDOW,C1_OB_FVG,M1_STRICT_PENETRATION_NO_FAVORABLE_IMPROVEMENT,STRICT_M1_LIMIT_PENETRATION,FILLED,0,0.00,-8.300000000001,-0.3896713615023760717670656161,0.25,TECHNICAL_ONLY_ABLATION,-21.300000000001,-1,LOSS_1R,QRP-MACRO-LIQUIDITY-REVERSAL-001,0,21.300000000001,NORMALIZED_HIGH_COST,D1-20200506-BEARISH-M1-C1_OB_FVG-FVG-004677-OB-000871,3.0,6,8964.9,M1_C1_OB_FVG,1.5,8924.6499999999975,M1
10864.85,10868.3,False,5,OB,10864.7,10867.3,1.0,FVG-004832|OB-000902,10864.7,10865.0,10864.10,10869.05,HYPOTHETICAL_SCENARIO_NOT_BROKER_FACT,2020-07-21 00:00:00,2020-07-22 08:02:00,BEARISH,2020-07-22 08:11:00,2020-07-22 08:12:00,10864.85,D1-20200721-BEARISH,STOP,10868.3,2020-07-22 08:16:00,MLR-TECH-ABL-001,2020-07-23 00:00:00,PREVIOUSLY_EXPOSED_WINDOW,C1_OB_FVG,M1_STRICT_PENETRATION_NO_FAVORABLE_IMPROVEMENT,STRICT_M1_LIMIT_PENETRATION,FILLED,0,0,-3.45,-0.5798319327731092436974789916,0.06666666666666667,TECHNICAL_ONLY_ABLATION,-5.95,-1,LOSS_1R,QRP-MACRO-LIQUIDITY-REVERSAL-001,0,5.95,NORMALIZED_LOW_COST,D1-20200721-BEARISH-M1-C1_OB_FVG-FVG-004832-OB-000902,0.50,1,10868.3,M1_C1_OB_FVG,1.5,10855.925,M1
10864.85,10869.3,False,8,OB,10864.7,10867.3,2,FVG-004832|OB-000902,10864.7,10865.0,10863.35,10870.8,HYPOTHETICAL_SCENARIO_NOT_BROKER_FACT,2020-07-21 00:00:00,2020-07-22 08:02:00,BEARISH,2020-07-22 08:11:00,2020-07-22 08:12:00,10864.85,D1-20200721-BEARISH,STOP,10869.3,2020-07-22 08:19:00,MLR-TECH-ABL-001,2020-07-23 00:00:00,PREVIOUSLY_EXPOSED_WINDOW,C1_OB_FVG,M1_STRICT_PENETRATION_NO_FAVORABLE_IMPROVEMENT,STRICT_M1_LIMIT_PENETRATION,FILLED,0,0.0,-4.45,-0.4708994708994708994708994709,0.11666666666666667,TECHNICAL_ONLY_ABLATION,-9.45,-1,LOSS_1R,QRP-MACRO-LIQUIDITY-REVERSAL-001,0,9.45,NORMALIZED_MEDIUM_COST,D1-20200721-BEARISH-M1-C1_OB_FVG-FVG-004832-OB-000902,1.0,2,10869.3,M1_C1_OB_FVG,1.5,10850.675,M1
10864.85,10873.3,False,46,OB,10864.7,10867.3,4,FVG-004832|OB-000902,10864.7,10865.0,10860.35,10877.8,HYPOTHETICAL_SCENARIO_NOT_BROKER_FACT,2020-07-21 00:00:00,2020-07-22 08:02:00,BEARISH,2020-07-22 08:11:00,2020-07-22 08:12:00,10864.85,D1-20200721-BEARISH,STOP,10873.3,2020-07-22 08:57:00,MLR-TECH-ABL-001,2020-07-23 00:00:00,PREVIOUSLY_EXPOSED_WINDOW,C1_OB_FVG,M1_STRICT_PENETRATION_NO_FAVORABLE_IMPROVEMENT,STRICT_M1_LIMIT_PENETRATION,FILLED,0,0.00,-8.45,-0.3939393939393939393939393939,0.75,TECHNICAL_ONLY_ABLATION,-21.45,-1,LOSS_1R,QRP-MACRO-LIQUIDITY-REVERSAL-001,0,21.45,NORMALIZED_HIGH_COST,D1-20200721-BEARISH-M1-C1_OB_FVG-FVG-004832-OB-000902,3.0,6,10873.3,M1_C1_OB_FVG,1.5,10832.675,M1
11195.35,11196.8,False,3,OB,11195.1,11195.8,1.0,FVG-004978|OB-000933,11195.1,11195.6,11194.60,11197.55,HYPOTHETICAL_SCENARIO_NOT_BROKER_FACT,2020-08-13 00:00:00,2020-08-14 01:50:00,BEARISH,2020-08-14 01:54:00,2020-08-14 01:55:00,11195.35,D1-20200813-BEARISH,STOP,11196.8,2020-08-14 01:57:00,MLR-TECH-ABL-001,2020-08-15 00:00:00,PREVIOUSLY_EXPOSED_WINDOW,C1_OB_FVG,M1_STRICT_PENETRATION_NO_FAVORABLE_IMPROVEMENT,STRICT_M1_LIMIT_PENETRATION,FILLED,0,0,-1.45,-0.3670886075949367088607594937,0.03333333333333333,TECHNICAL_ONLY_ABLATION,-3.95,-1,LOSS_1R,QRP-MACRO-LIQUIDITY-REVERSAL-001,0,3.95,NORMALIZED_LOW_COST,D1-20200813-BEARISH-M1-C1_OB_FVG-FVG-004978-OB-000933,0.50,1,11196.8,M1_C1_OB_FVG,1.5,11189.425,M1
11195.35,11197.8,False,3,OB,11195.1,11195.8,2,FVG-004978|OB-000933,11195.1,11195.6,11193.85,11199.3,HYPOTHETICAL_SCENARIO_NOT_BROKER_FACT,2020-08-13 00:00:00,2020-08-14 01:50:00,BEARISH,2020-08-14 01:54:00,2020-08-14 01:55:00,11195.35,D1-20200813-BEARISH,STOP,11197.8,2020-08-14 01:57:00,MLR-TECH-ABL-001,2020-08-15 00:00:00,PREVIOUSLY_EXPOSED_WINDOW,C1_OB_FVG,M1_STRICT_PENETRATION_NO_FAVORABLE_IMPROVEMENT,STRICT_M1_LIMIT_PENETRATION,FILLED,0,0.0,-2.45,-0.3288590604026845637583892617,0.03333333333333333,TECHNICAL_ONLY_ABLATION,-7.45,-1,LOSS_1R,QRP-MACRO-LIQUIDITY-REVERSAL-001,0,7.45,NORMALIZED_MEDIUM_COST,D1-20200813-BEARISH-M1-C1_OB_FVG-FVG-004978-OB-000933,1.0,2,11197.8,M1_C1_OB_FVG,1.5,11184.175,M1
11195.35,11201.8,False,11,OB,11195.1,11195.8,4,FVG-004978|OB-000933,11195.1,11195.6,11190.85,11206.3,HYPOTHETICAL_SCENARIO_NOT_BROKER_FACT,2020-08-13 00:00:00,2020-08-14 01:50:00,BEARISH,2020-08-14 01:54:00,2020-08-14 01:55:00,11195.35,D1-20200813-BEARISH,STOP,11201.8,2020-08-14 02:05:00,MLR-TECH-ABL-001,2020-08-15 00:00:00,PREVIOUSLY_EXPOSED_WINDOW,C1_OB_FVG,M1_STRICT_PENETRATION_NO_FAVORABLE_IMPROVEMENT,STRICT_M1_LIMIT_PENETRATION,FILLED,0,0.00,-6.45,-0.3316195372750642673521850900,0.16666666666666666,TECHNICAL_ONLY_ABLATION,-19.45,-1,LOSS_1R,QRP-MACRO-LIQUIDITY-REVERSAL-001,0,19.45,NORMALIZED_HIGH_COST,D1-20200813-BEARISH-M1-C1_OB_FVG-FVG-004978-OB-000933,3.0,6,11201.8,M1_C1_OB_FVG,1.5,11166.175,M1
12121.25,12129.3,False,3,OB,12121.2,12128.3,1.0,FVG-005194|OB-000973,12121.2,12121.3,12120.50,12130.05,HYPOTHETICAL_SCENARIO_NOT_BROKER_FACT,2020-10-13 00:00:00,2020-10-14 03:02:00,BEARISH,2020-10-14 03:04:00,2020-10-14 03:05:00,12121.25,D1-20201013-BEARISH,STOP,12129.3,2020-10-14 03:07:00,MLR-TECH-ABL-001,2020-10-15 00:00:00,PREVIOUSLY_EXPOSED_WINDOW,C1_OB_FVG,M1_STRICT_PENETRATION_NO_FAVORABLE_IMPROVEMENT,STRICT_M1_LIMIT_PENETRATION,FILLED,0,0,-8.05,-0.7630331753554502369668246445,0.03333333333333333,TECHNICAL_ONLY_ABLATION,-10.55,-1,LOSS_1R,QRP-MACRO-LIQUIDITY-REVERSAL-001,0,10.55,NORMALIZED_LOW_COST,D1-20201013-BEARISH-M1-C1_OB_FVG-FVG-005194-OB-000973,0.50,1,12129.3,M1_C1_OB_FVG,1.5,12105.425,M1
12121.25,12130.3,False,3,OB,12121.2,12128.3,2,FVG-005194|OB-000973,12121.2,12121.3,12119.75,12131.8,HYPOTHETICAL_SCENARIO_NOT_BROKER_FACT,2020-10-13 00:00:00,2020-10-14 03:02:00,BEARISH,2020-10-14 03:04:00,2020-10-14 03:05:00,12121.25,D1-20201013-BEARISH,STOP,12130.3,2020-10-14 03:07:00,MLR-TECH-ABL-001,2020-10-15 00:00:00,PREVIOUSLY_EXPOSED_WINDOW,C1_OB_FVG,M1_STRICT_PENETRATION_NO_FAVORABLE_IMPROVEMENT,STRICT_M1_LIMIT_PENETRATION,FILLED,0,0.0,-9.05,-0.6441281138790035587188612100,0.03333333333333333,TECHNICAL_ONLY_ABLATION,-14.05,-1,LOSS_1R,QRP-MACRO-LIQUIDITY-REVERSAL-001,0,14.05,NORMALIZED_MEDIUM_COST,D1-20201013-BEARISH-M1-C1_OB_FVG-FVG-005194-OB-000973,1.0,2,12130.3,M1_C1_OB_FVG,1.5,12100.175,M1
12121.25,12134.3,False,3,OB,12121.2,12128.3,4,FVG-005194|OB-000973,12121.2,12121.3,12116.75,12138.8,HYPOTHETICAL_SCENARIO_NOT_BROKER_FACT,2020-10-13 00:00:00,2020-10-14 03:02:00,BEARISH,2020-10-14 03:04:00,2020-10-14 03:05:00,12121.25,D1-20201013-BEARISH,STOP,12134.3,2020-10-14 03:07:00,MLR-TECH-ABL-001,2020-10-15 00:00:00,PREVIOUSLY_EXPOSED_WINDOW,C1_OB_FVG,M1_STRICT_PENETRATION_NO_FAVORABLE_IMPROVEMENT,STRICT_M1_LIMIT_PENETRATION,FILLED,0,0.00,-13.05,-0.5009596928982725527831094050,0.03333333333333333,TECHNICAL_ONLY_ABLATION,-26.05,-1,LOSS_1R,QRP-MACRO-LIQUIDITY-REVERSAL-001,0,26.05,NORMALIZED_HIGH_COST,D1-20201013-BEARISH-M1-C1_OB_FVG-FVG-005194-OB-000973,3.0,6,12134.3,M1_C1_OB_FVG,1.5,12082.175,M1
11865.4,11856.250,False,9,OB,11864.0,11868.0,1.0,FVG-005380|OB-001014,11864.8,11866.0,11864.65,11857.000,HYPOTHETICAL_SCENARIO_NOT_BROKER_FACT,2020-11-12 00:00:00,2020-11-13 01:15:00,BEARISH,2020-11-13 01:30:00,2020-11-13 01:31:00,11865.4,D1-20201112-BEARISH,TARGET_1_5R,11856.250,2020-11-13 01:39:00,MLR-TECH-ABL-001,2020-11-14 00:00:00,PREVIOUSLY_EXPOSED_WINDOW,C1_OB_FVG,M1_STRICT_PENETRATION_NO_FAVORABLE_IMPROVEMENT,STRICT_M1_LIMIT_PENETRATION,FILLED,0,0,9.150,1.5,0.13333333333333333,TECHNICAL_ONLY_ABLATION,6.650,1.090163934426229508196721311,WIN_TARGET_1_5R,QRP-MACRO-LIQUIDITY-REVERSAL-001,0,6.10,NORMALIZED_LOW_COST,D1-20201112-BEARISH-M1-C1_OB_FVG-FVG-005380-OB-001014,0.50,1,11869.0,M1_C1_OB_FVG,1.5,11856.250,M1
11865.4,11851.00,False,52,OB,11864.0,11868.0,2,FVG-005380|OB-001014,11864.8,11866.0,11863.9,11852.50,HYPOTHETICAL_SCENARIO_NOT_BROKER_FACT,2020-11-12 00:00:00,2020-11-13 01:15:00,BEARISH,2020-11-13 01:30:00,2020-11-13 01:31:00,11865.4,D1-20201112-BEARISH,TARGET_1_5R,11851.00,2020-11-13 02:22:00,MLR-TECH-ABL-001,2020-11-14 00:00:00,PREVIOUSLY_EXPOSED_WINDOW,C1_OB_FVG,M1_STRICT_PENETRATION_NO_FAVORABLE_IMPROVEMENT,STRICT_M1_LIMIT_PENETRATION,FILLED,0,0.0,14.40,1.5,0.85,TECHNICAL_ONLY_ABLATION,9.40,0.9791666666666666666666666667,WIN_TARGET_1_5R,QRP-MACRO-LIQUIDITY-REVERSAL-001,0,9.6,NORMALIZED_MEDIUM_COST,D1-20201112-BEARISH-M1-C1_OB_FVG-FVG-005380-OB-001014,1.0,2,11870.0,M1_C1_OB_FVG,1.5,11851.00,M1
11865.4,11833.00,False,78,OB,11864.0,11868.0,4,FVG-005380|OB-001014,11864.8,11866.0,11860.9,11837.50,HYPOTHETICAL_SCENARIO_NOT_BROKER_FACT,2020-11-12 00:00:00,2020-11-13 01:15:00,BEARISH,2020-11-13 01:30:00,2020-11-13 01:31:00,11865.4,D1-20201112-BEARISH,TARGET_1_5R,11833.00,2020-11-13 02:48:00,MLR-TECH-ABL-001,2020-11-14 00:00:00,PREVIOUSLY_EXPOSED_WINDOW,C1_OB_FVG,M1_STRICT_PENETRATION_NO_FAVORABLE_IMPROVEMENT,STRICT_M1_LIMIT_PENETRATION,FILLED,0,0.00,32.40,1.5,1.2833333333333334,TECHNICAL_ONLY_ABLATION,19.40,0.8981481481481481481481481481,WIN_TARGET_1_5R,QRP-MACRO-LIQUIDITY-REVERSAL-001,0,21.6,NORMALIZED_HIGH_COST,D1-20201112-BEARISH-M1-C1_OB_FVG-FVG-005380-OB-001014,3.0,6,11874.0,M1_C1_OB_FVG,1.5,11833.00,M1
,,False,0,OB,12161.7,12164.3,0,FVG-005537|OB-001037,12163.4,12164.3,,,HYPOTHETICAL_SCENARIO_NOT_BROKER_FACT,2020-11-26 00:00:00,2020-11-27 01:33:00,BEARISH,,,,D1-20201126-BEARISH,OB_MITIGATED_BEFORE_MIDPOINT,,,MLR-TECH-ABL-001,2020-11-28 00:00:00,PREVIOUSLY_EXPOSED_WINDOW,C1_OB_FVG,M1_BLOCK_TOUCH,OB_MITIGATED_BEFORE_MIDPOINT,NO_FILL,0,0,,,,TECHNICAL_ONLY_ABLATION,,,NO_FILL,QRP-MACRO-LIQUIDITY-REVERSAL-001,0,,NORMALIZED_LOW_COST,D1-20201126-BEARISH-M1-C1_OB_FVG-FVG-005537-OB-001037,0,0,,M1_C1_OB_FVG,1.5,,M1
,,False,0,OB,12161.7,12164.3,0,FVG-005537|OB-001037,12163.4,12164.3,,,HYPOTHETICAL_SCENARIO_NOT_BROKER_FACT,2020-11-26 00:00:00,2020-11-27 01:33:00,BEARISH,,,,D1-20201126-BEARISH,OB_MITIGATED_BEFORE_MIDPOINT,,,MLR-TECH-ABL-001,2020-11-28 00:00:00,PREVIOUSLY_EXPOSED_WINDOW,C1_OB_FVG,M1_BLOCK_TOUCH,OB_MITIGATED_BEFORE_MIDPOINT,NO_FILL,0,0,,,,TECHNICAL_ONLY_ABLATION,,,NO_FILL,QRP-MACRO-LIQUIDITY-REVERSAL-001,0,,NORMALIZED_MEDIUM_COST,D1-20201126-BEARISH-M1-C1_OB_FVG-FVG-005537-OB-001037,0,0,,M1_C1_OB_FVG,1.5,,M1
,,False,0,OB,12161.7,12164.3,0,FVG-005537|OB-001037,12163.4,12164.3,,,HYPOTHETICAL_SCENARIO_NOT_BROKER_FACT,2020-11-26 00:00:00,2020-11-27 01:33:00,BEARISH,,,,D1-20201126-BEARISH,OB_MITIGATED_BEFORE_MIDPOINT,,,MLR-TECH-ABL-001,2020-11-28 00:00:00,PREVIOUSLY_EXPOSED_WINDOW,C1_OB_FVG,M1_BLOCK_TOUCH,OB_MITIGATED_BEFORE_MIDPOINT,NO_FILL,0,0,,,,TECHNICAL_ONLY_ABLATION,,,NO_FILL,QRP-MACRO-LIQUIDITY-REVERSAL-001,0,,NORMALIZED_HIGH_COST,D1-20201126-BEARISH-M1-C1_OB_FVG-FVG-005537-OB-001037,0,0,,M1_C1_OB_FVG,1.5,,M1
12745.85,12747.8,False,9,OB,12745.6,12746.8,1.0,FVG-005696|OB-001074,12745.6,12746.1,12745.10,12748.55,HYPOTHETICAL_SCENARIO_NOT_BROKER_FACT,2020-12-18 00:00:00,2020-12-21 04:39:00,BEARISH,2020-12-21 04:48:00,2020-12-21 04:49:00,12745.85,D1-20201218-BEARISH,STOP,12747.8,2020-12-21 04:57:00,MLR-TECH-ABL-001,2020-12-22 00:00:00,PREVIOUSLY_EXPOSED_WINDOW,C1_OB_FVG,M1_STRICT_PENETRATION_NO_FAVORABLE_IMPROVEMENT,STRICT_M1_LIMIT_PENETRATION,FILLED,0,0,-1.95,-0.4382022471910112359550561798,0.13333333333333333,TECHNICAL_ONLY_ABLATION,-4.45,-1,LOSS_1R,QRP-MACRO-LIQUIDITY-REVERSAL-001,0,4.45,NORMALIZED_LOW_COST,D1-20201218-BEARISH-M1-C1_OB_FVG-FVG-005696-OB-001074,0.50,1,12747.8,M1_C1_OB_FVG,1.5,12739.175,M1
12745.85,12748.8,False,10,OB,12745.6,12746.8,2,FVG-005696|OB-001074,12745.6,12746.1,12744.35,12750.3,HYPOTHETICAL_SCENARIO_NOT_BROKER_FACT,2020-12-18 00:00:00,2020-12-21 04:39:00,BEARISH,2020-12-21 04:48:00,2020-12-21 04:49:00,12745.85,D1-20201218-BEARISH,STOP,12748.8,2020-12-21 04:58:00,MLR-TECH-ABL-001,2020-12-22 00:00:00,PREVIOUSLY_EXPOSED_WINDOW,C1_OB_FVG,M1_STRICT_PENETRATION_NO_FAVORABLE_IMPROVEMENT,STRICT_M1_LIMIT_PENETRATION,FILLED,0,0.0,-2.95,-0.3710691823899371069182389937,0.15,TECHNICAL_ONLY_ABLATION,-7.95,-1,LOSS_1R,QRP-MACRO-LIQUIDITY-REVERSAL-001,0,7.95,NORMALIZED_MEDIUM_COST,D1-20201218-BEARISH-M1-C1_OB_FVG-FVG-005696-OB-001074,1.0,2,12748.8,M1_C1_OB_FVG,1.5,12733.925,M1
12745.85,12752.8,False,85,OB,12745.6,12746.8,4,FVG-005696|OB-001074,12745.6,12746.1,12741.35,12757.3,HYPOTHETICAL_SCENARIO_NOT_BROKER_FACT,2020-12-18 00:00:00,2020-12-21 04:39:00,BEARISH,2020-12-21 04:48:00,2020-12-21 04:49:00,12745.85,D1-20201218-BEARISH,STOP,12752.8,2020-12-21 06:13:00,MLR-TECH-ABL-001,2020-12-22 00:00:00,PREVIOUSLY_EXPOSED_WINDOW,C1_OB_FVG,M1_STRICT_PENETRATION_NO_FAVORABLE_IMPROVEMENT,STRICT_M1_LIMIT_PENETRATION,FILLED,0,0.00,-6.95,-0.3483709273182957393483709273,1.4,TECHNICAL_ONLY_ABLATION,-19.95,-1,LOSS_1R,QRP-MACRO-LIQUIDITY-REVERSAL-001,0,19.95,NORMALIZED_HIGH_COST,D1-20201218-BEARISH-M1-C1_OB_FVG-FVG-005696-OB-001074,3.0,6,12752.8,M1_C1_OB_FVG,1.5,12715.925,M1
12800.3,12808.550,False,9,OB,12798.3,12800.9,1.0,FVG-005914|OB-001115,12799.7,12800.9,12801.05,12807.800,HYPOTHETICAL_SCENARIO_NOT_BROKER_FACT,2021-03-25 00:00:00,2021-03-26 04:32:00,BULLISH,2021-03-26 12:10:00,2021-03-26 12:11:00,12800.3,D1-20210325-BULLISH,TARGET_1_5R,12808.550,2021-03-26 12:19:00,MLR-TECH-ABL-001,2021-03-27 00:00:00,PREVIOUSLY_EXPOSED_WINDOW,C1_OB_FVG,M1_STRICT_PENETRATION_NO_FAVORABLE_IMPROVEMENT,STRICT_M1_LIMIT_PENETRATION,FILLED,0,0,8.250,1.5,0.13333333333333333,TECHNICAL_ONLY_ABLATION,5.750,1.045454545454545454545454545,WIN_TARGET_1_5R,QRP-MACRO-LIQUIDITY-REVERSAL-001,0,5.50,NORMALIZED_LOW_COST,D1-20210325-BULLISH-M1-C1_OB_FVG-FVG-005914-OB-001115,0.50,1,12797.3,M1_C1_OB_FVG,1.5,12808.550,M1
12800.3,12813.80,False,19,OB,12798.3,12800.9,2,FVG-005914|OB-001115,12799.7,12800.9,12801.8,12812.30,HYPOTHETICAL_SCENARIO_NOT_BROKER_FACT,2021-03-25 00:00:00,2021-03-26 04:32:00,BULLISH,2021-03-26 12:10:00,2021-03-26 12:11:00,12800.3,D1-20210325-BULLISH,TARGET_1_5R,12813.80,2021-03-26 12:29:00,MLR-TECH-ABL-001,2021-03-27 00:00:00,PREVIOUSLY_EXPOSED_WINDOW,C1_OB_FVG,M1_STRICT_PENETRATION_NO_FAVORABLE_IMPROVEMENT,STRICT_M1_LIMIT_PENETRATION,FILLED,0,0.0,13.50,1.5,0.3,TECHNICAL_ONLY_ABLATION,8.50,0.9444444444444444444444444444,WIN_TARGET_1_5R,QRP-MACRO-LIQUIDITY-REVERSAL-001,0,9.0,NORMALIZED_MEDIUM_COST,D1-20210325-BULLISH-M1-C1_OB_FVG-FVG-005914-OB-001115,1.0,2,12796.3,M1_C1_OB_FVG,1.5,12813.80,M1
12800.3,12831.80,False,56,OB,12798.3,12800.9,4,FVG-005914|OB-001115,12799.7,12800.9,12804.8,12827.30,HYPOTHETICAL_SCENARIO_NOT_BROKER_FACT,2021-03-25 00:00:00,2021-03-26 04:32:00,BULLISH,2021-03-26 12:10:00,2021-03-26 12:11:00,12800.3,D1-20210325-BULLISH,TARGET_1_5R,12831.80,2021-03-26 13:06:00,MLR-TECH-ABL-001,2021-03-27 00:00:00,PREVIOUSLY_EXPOSED_WINDOW,C1_OB_FVG,M1_STRICT_PENETRATION_NO_FAVORABLE_IMPROVEMENT,STRICT_M1_LIMIT_PENETRATION,FILLED,0,0.00,31.50,1.5,0.9166666666666666,TECHNICAL_ONLY_ABLATION,18.50,0.8809523809523809523809523810,WIN_TARGET_1_5R,QRP-MACRO-LIQUIDITY-REVERSAL-001,0,21.0,NORMALIZED_HIGH_COST,D1-20210325-BULLISH-M1-C1_OB_FVG-FVG-005914-OB-001115,3.0,6,12792.3,M1_C1_OB_FVG,1.5,12831.80,M1
,,False,0,OB,13827.0,13828.2,0,FVG-006119|OB-001148,13827.5,13828.2,,,HYPOTHETICAL_SCENARIO_NOT_BROKER_FACT,2021-06-08 00:00:00,2021-06-09 04:07:00,BEARISH,,,,D1-20210608-BEARISH,OB_MITIGATED_BEFORE_MIDPOINT,,,MLR-TECH-ABL-001,2021-06-10 00:00:00,PREVIOUSLY_EXPOSED_WINDOW,C1_OB_FVG,M1_BLOCK_TOUCH,OB_MITIGATED_BEFORE_MIDPOINT,NO_FILL,0,0,,,,TECHNICAL_ONLY_ABLATION,,,NO_FILL,QRP-MACRO-LIQUIDITY-REVERSAL-001,0,,NORMALIZED_LOW_COST,D1-20210608-BEARISH-M1-C1_OB_FVG-FVG-006119-OB-001148,0,0,,M1_C1_OB_FVG,1.5,,M1
,,False,0,OB,13827.0,13828.2,0,FVG-006119|OB-001148,13827.5,13828.2,,,HYPOTHETICAL_SCENARIO_NOT_BROKER_FACT,2021-06-08 00:00:00,2021-06-09 04:07:00,BEARISH,,,,D1-20210608-BEARISH,OB_MITIGATED_BEFORE_MIDPOINT,,,MLR-TECH-ABL-001,2021-06-10 00:00:00,PREVIOUSLY_EXPOSED_WINDOW,C1_OB_FVG,M1_BLOCK_TOUCH,OB_MITIGATED_BEFORE_MIDPOINT,NO_FILL,0,0,,,,TECHNICAL_ONLY_ABLATION,,,NO_FILL,QRP-MACRO-LIQUIDITY-REVERSAL-001,0,,NORMALIZED_MEDIUM_COST,D1-20210608-BEARISH-M1-C1_OB_FVG-FVG-006119-OB-001148,0,0,,M1_C1_OB_FVG,1.5,,M1
,,False,0,OB,13827.0,13828.2,0,FVG-006119|OB-001148,13827.5,13828.2,,,HYPOTHETICAL_SCENARIO_NOT_BROKER_FACT,2021-06-08 00:00:00,2021-06-09 04:07:00,BEARISH,,,,D1-20210608-BEARISH,OB_MITIGATED_BEFORE_MIDPOINT,,,MLR-TECH-ABL-001,2021-06-10 00:00:00,PREVIOUSLY_EXPOSED_WINDOW,C1_OB_FVG,M1_BLOCK_TOUCH,OB_MITIGATED_BEFORE_MIDPOINT,NO_FILL,0,0,,,,TECHNICAL_ONLY_ABLATION,,,NO_FILL,QRP-MACRO-LIQUIDITY-REVERSAL-001,0,,NORMALIZED_HIGH_COST,D1-20210608-BEARISH-M1-C1_OB_FVG-FVG-006119-OB-001148,0,0,,M1_C1_OB_FVG,1.5,,M1
,,False,0,OB,15598.6,15602.1,0,FVG-006291|OB-001175,15600.7,15601.7,,,HYPOTHETICAL_SCENARIO_NOT_BROKER_FACT,2021-08-31 00:00:00,2021-09-01 12:12:00,BEARISH,,,,D1-20210831-BEARISH,OB_MITIGATED_BEFORE_MIDPOINT,,,MLR-TECH-ABL-001,2021-09-02 00:00:00,PREVIOUSLY_EXPOSED_WINDOW,C1_OB_FVG,M1_BLOCK_TOUCH,OB_MITIGATED_BEFORE_MIDPOINT,NO_FILL,0,0,,,,TECHNICAL_ONLY_ABLATION,,,NO_FILL,QRP-MACRO-LIQUIDITY-REVERSAL-001,0,,NORMALIZED_LOW_COST,D1-20210831-BEARISH-M1-C1_OB_FVG-FVG-006291-OB-001175,0,0,,M1_C1_OB_FVG,1.5,,M1
,,False,0,OB,15598.6,15602.1,0,FVG-006291|OB-001175,15600.7,15601.7,,,HYPOTHETICAL_SCENARIO_NOT_BROKER_FACT,2021-08-31 00:00:00,2021-09-01 12:12:00,BEARISH,,,,D1-20210831-BEARISH,OB_MITIGATED_BEFORE_MIDPOINT,,,MLR-TECH-ABL-001,2021-09-02 00:00:00,PREVIOUSLY_EXPOSED_WINDOW,C1_OB_FVG,M1_BLOCK_TOUCH,OB_MITIGATED_BEFORE_MIDPOINT,NO_FILL,0,0,,,,TECHNICAL_ONLY_ABLATION,,,NO_FILL,QRP-MACRO-LIQUIDITY-REVERSAL-001,0,,NORMALIZED_MEDIUM_COST,D1-20210831-BEARISH-M1-C1_OB_FVG-FVG-006291-OB-001175,0,0,,M1_C1_OB_FVG,1.5,,M1
,,False,0,OB,15598.6,15602.1,0,FVG-006291|OB-001175,15600.7,15601.7,,,HYPOTHETICAL_SCENARIO_NOT_BROKER_FACT,2021-08-31 00:00:00,2021-09-01 12:12:00,BEARISH,,,,D1-20210831-BEARISH,OB_MITIGATED_BEFORE_MIDPOINT,,,MLR-TECH-ABL-001,2021-09-02 00:00:00,PREVIOUSLY_EXPOSED_WINDOW,C1_OB_FVG,M1_BLOCK_TOUCH,OB_MITIGATED_BEFORE_MIDPOINT,NO_FILL,0,0,,,,TECHNICAL_ONLY_ABLATION,,,NO_FILL,QRP-MACRO-LIQUIDITY-REVERSAL-001,0,,NORMALIZED_HIGH_COST,D1-20210831-BEARISH-M1-C1_OB_FVG-FVG-006291-OB-001175,0,0,,M1_C1_OB_FVG,1.5,,M1
,,False,0,OB,15488.6,15490.2,0,FVG-006425|OB-001203,15490.1,15490.2,,,HYPOTHETICAL_SCENARIO_NOT_BROKER_FACT,2021-09-16 00:00:00,2021-09-17 12:44:00,BEARISH,,,,D1-20210916-BEARISH,OB_MITIGATED_BEFORE_MIDPOINT,,,MLR-TECH-ABL-001,2021-09-18 00:00:00,PREVIOUSLY_EXPOSED_WINDOW,C1_OB_FVG,M1_BLOCK_TOUCH,OB_MITIGATED_BEFORE_MIDPOINT,NO_FILL,0,0,,,,TECHNICAL_ONLY_ABLATION,,,NO_FILL,QRP-MACRO-LIQUIDITY-REVERSAL-001,0,,NORMALIZED_LOW_COST,D1-20210916-BEARISH-M1-C1_OB_FVG-FVG-006425-OB-001203,0,0,,M1_C1_OB_FVG,1.5,,M1
,,False,0,OB,15488.6,15490.2,0,FVG-006425|OB-001203,15490.1,15490.2,,,HYPOTHETICAL_SCENARIO_NOT_BROKER_FACT,2021-09-16 00:00:00,2021-09-17 12:44:00,BEARISH,,,,D1-20210916-BEARISH,OB_MITIGATED_BEFORE_MIDPOINT,,,MLR-TECH-ABL-001,2021-09-18 00:00:00,PREVIOUSLY_EXPOSED_WINDOW,C1_OB_FVG,M1_BLOCK_TOUCH,OB_MITIGATED_BEFORE_MIDPOINT,NO_FILL,0,0,,,,TECHNICAL_ONLY_ABLATION,,,NO_FILL,QRP-MACRO-LIQUIDITY-REVERSAL-001,0,,NORMALIZED_MEDIUM_COST,D1-20210916-BEARISH-M1-C1_OB_FVG-FVG-006425-OB-001203,0,0,,M1_C1_OB_FVG,1.5,,M1
,,False,0,OB,15488.6,15490.2,0,FVG-006425|OB-001203,15490.1,15490.2,,,HYPOTHETICAL_SCENARIO_NOT_BROKER_FACT,2021-09-16 00:00:00,2021-09-17 12:44:00,BEARISH,,,,D1-20210916-BEARISH,OB_MITIGATED_BEFORE_MIDPOINT,,,MLR-TECH-ABL-001,2021-09-18 00:00:00,PREVIOUSLY_EXPOSED_WINDOW,C1_OB_FVG,M1_BLOCK_TOUCH,OB_MITIGATED_BEFORE_MIDPOINT,NO_FILL,0,0,,,,TECHNICAL_ONLY_ABLATION,,,NO_FILL,QRP-MACRO-LIQUIDITY-REVERSAL-001,0,,NORMALIZED_HIGH_COST,D1-20210916-BEARISH-M1-C1_OB_FVG-FVG-006425-OB-001203,0,0,,M1_C1_OB_FVG,1.5,,M1
,,False,0,OB,16352.7,16353.7,0,FVG-006542|OB-001220,16352.7,16353.2,,,HYPOTHETICAL_SCENARIO_NOT_BROKER_FACT,2021-11-05 00:00:00,2021-11-08 01:01:00,BEARISH,,,,D1-20211105-BEARISH,OB_MITIGATED_BEFORE_MIDPOINT,,,MLR-TECH-ABL-001,2021-11-09 00:00:00,PREVIOUSLY_EXPOSED_WINDOW,C1_OB_FVG,M1_BLOCK_TOUCH,OB_MITIGATED_BEFORE_MIDPOINT,NO_FILL,0,0,,,,TECHNICAL_ONLY_ABLATION,,,NO_FILL,QRP-MACRO-LIQUIDITY-REVERSAL-001,0,,NORMALIZED_LOW_COST,D1-20211105-BEARISH-M1-C1_OB_FVG-FVG-006542-OB-001220,0,0,,M1_C1_OB_FVG,1.5,,M1
,,False,0,OB,16352.7,16353.7,0,FVG-006542|OB-001220,16352.7,16353.2,,,HYPOTHETICAL_SCENARIO_NOT_BROKER_FACT,2021-11-05 00:00:00,2021-11-08 01:01:00,BEARISH,,,,D1-20211105-BEARISH,OB_MITIGATED_BEFORE_MIDPOINT,,,MLR-TECH-ABL-001,2021-11-09 00:00:00,PREVIOUSLY_EXPOSED_WINDOW,C1_OB_FVG,M1_BLOCK_TOUCH,OB_MITIGATED_BEFORE_MIDPOINT,NO_FILL,0,0,,,,TECHNICAL_ONLY_ABLATION,,,NO_FILL,QRP-MACRO-LIQUIDITY-REVERSAL-001,0,,NORMALIZED_MEDIUM_COST,D1-20211105-BEARISH-M1-C1_OB_FVG-FVG-006542-OB-001220,0,0,,M1_C1_OB_FVG,1.5,,M1
,,False,0,OB,16352.7,16353.7,0,FVG-006542|OB-001220,16352.7,16353.2,,,HYPOTHETICAL_SCENARIO_NOT_BROKER_FACT,2021-11-05 00:00:00,2021-11-08 01:01:00,BEARISH,,,,D1-20211105-BEARISH,OB_MITIGATED_BEFORE_MIDPOINT,,,MLR-TECH-ABL-001,2021-11-09 00:00:00,PREVIOUSLY_EXPOSED_WINDOW,C1_OB_FVG,M1_BLOCK_TOUCH,OB_MITIGATED_BEFORE_MIDPOINT,NO_FILL,0,0,,,,TECHNICAL_ONLY_ABLATION,,,NO_FILL,QRP-MACRO-LIQUIDITY-REVERSAL-001,0,,NORMALIZED_HIGH_COST,D1-20211105-BEARISH-M1-C1_OB_FVG-FVG-006542-OB-001220,0,0,,M1_C1_OB_FVG,1.5,,M1
,,False,0,OB,16540.0,16548.0,0,FVG-006749|OB-001266,16540.0,16542.5,,,HYPOTHETICAL_SCENARIO_NOT_BROKER_FACT,2021-12-28 00:00:00,2021-12-29 02:04:00,BEARISH,,,,D1-20211228-BEARISH,OB_MITIGATED_BEFORE_MIDPOINT,,,MLR-TECH-ABL-001,2021-12-30 00:00:00,PREVIOUSLY_EXPOSED_WINDOW,C1_OB_FVG,M1_BLOCK_TOUCH,OB_MITIGATED_BEFORE_MIDPOINT,NO_FILL,0,0,,,,TECHNICAL_ONLY_ABLATION,,,NO_FILL,QRP-MACRO-LIQUIDITY-REVERSAL-001,0,,NORMALIZED_LOW_COST,D1-20211228-BEARISH-M1-C1_OB_FVG-FVG-006749-OB-001266,0,0,,M1_C1_OB_FVG,1.5,,M1
,,False,0,OB,16540.0,16548.0,0,FVG-006749|OB-001266,16540.0,16542.5,,,HYPOTHETICAL_SCENARIO_NOT_BROKER_FACT,2021-12-28 00:00:00,2021-12-29 02:04:00,BEARISH,,,,D1-20211228-BEARISH,OB_MITIGATED_BEFORE_MIDPOINT,,,MLR-TECH-ABL-001,2021-12-30 00:00:00,PREVIOUSLY_EXPOSED_WINDOW,C1_OB_FVG,M1_BLOCK_TOUCH,OB_MITIGATED_BEFORE_MIDPOINT,NO_FILL,0,0,,,,TECHNICAL_ONLY_ABLATION,,,NO_FILL,QRP-MACRO-LIQUIDITY-REVERSAL-001,0,,NORMALIZED_MEDIUM_COST,D1-20211228-BEARISH-M1-C1_OB_FVG-FVG-006749-OB-001266,0,0,,M1_C1_OB_FVG,1.5,,M1
,,False,0,OB,16540.0,16548.0,0,FVG-006749|OB-001266,16540.0,16542.5,,,HYPOTHETICAL_SCENARIO_NOT_BROKER_FACT,2021-12-28 00:00:00,2021-12-29 02:04:00,BEARISH,,,,D1-20211228-BEARISH,OB_MITIGATED_BEFORE_MIDPOINT,,,MLR-TECH-ABL-001,2021-12-30 00:00:00,PREVIOUSLY_EXPOSED_WINDOW,C1_OB_FVG,M1_BLOCK_TOUCH,OB_MITIGATED_BEFORE_MIDPOINT,NO_FILL,0,0,,,,TECHNICAL_ONLY_ABLATION,,,NO_FILL,QRP-MACRO-LIQUIDITY-REVERSAL-001,0,,NORMALIZED_HIGH_COST,D1-20211228-BEARISH-M1-C1_OB_FVG-FVG-006749-OB-001266,0,0,,M1_C1_OB_FVG,1.5,,M1
,,False,0,OB,15528.6,15533.5,0,FVG-006921|OB-001292,15533.4,15533.5,,,HYPOTHETICAL_SCENARIO_NOT_BROKER_FACT,2022-01-14 00:00:00,2022-01-17 08:07:00,BULLISH,,,,D1-20220114-BULLISH,MIDPOINT_NOT_STRICTLY_PENETRATED,,,MLR-TECH-ABL-001,2022-01-18 00:00:00,PREVIOUSLY_EXPOSED_WINDOW,C1_OB_FVG,M1_PATH,MIDPOINT_NOT_STRICTLY_PENETRATED,NO_FILL,0,0,,,,TECHNICAL_ONLY_ABLATION,,,NO_FILL,QRP-MACRO-LIQUIDITY-REVERSAL-001,0,,NORMALIZED_LOW_COST,D1-20220114-BULLISH-M1-C1_OB_FVG-FVG-006921-OB-001292,0,0,,M1_C1_OB_FVG,1.5,,M1
,,False,0,OB,15528.6,15533.5,0,FVG-006921|OB-001292,15533.4,15533.5,,,HYPOTHETICAL_SCENARIO_NOT_BROKER_FACT,2022-01-14 00:00:00,2022-01-17 08:07:00,BULLISH,,,,D1-20220114-BULLISH,MIDPOINT_NOT_STRICTLY_PENETRATED,,,MLR-TECH-ABL-001,2022-01-18 00:00:00,PREVIOUSLY_EXPOSED_WINDOW,C1_OB_FVG,M1_PATH,MIDPOINT_NOT_STRICTLY_PENETRATED,NO_FILL,0,0,,,,TECHNICAL_ONLY_ABLATION,,,NO_FILL,QRP-MACRO-LIQUIDITY-REVERSAL-001,0,,NORMALIZED_MEDIUM_COST,D1-20220114-BULLISH-M1-C1_OB_FVG-FVG-006921-OB-001292,0,0,,M1_C1_OB_FVG,1.5,,M1
,,False,0,OB,15528.6,15533.5,0,FVG-006921|OB-001292,15533.4,15533.5,,,HYPOTHETICAL_SCENARIO_NOT_BROKER_FACT,2022-01-14 00:00:00,2022-01-17 08:07:00,BULLISH,,,,D1-20220114-BULLISH,MIDPOINT_NOT_STRICTLY_PENETRATED,,,MLR-TECH-ABL-001,2022-01-18 00:00:00,PREVIOUSLY_EXPOSED_WINDOW,C1_OB_FVG,M1_PATH,MIDPOINT_NOT_STRICTLY_PENETRATED,NO_FILL,0,0,,,,TECHNICAL_ONLY_ABLATION,,,NO_FILL,QRP-MACRO-LIQUIDITY-REVERSAL-001,0,,NORMALIZED_HIGH_COST,D1-20220114-BULLISH-M1-C1_OB_FVG-FVG-006921-OB-001292,0,0,,M1_C1_OB_FVG,1.5,,M1
,,False,0,OB,14304.6,14315.9,0,FVG-007031|OB-001313,14305.6,14308.9,,,HYPOTHETICAL_SCENARIO_NOT_BROKER_FACT,2022-01-24 00:00:00,2022-01-25 08:49:00,BULLISH,,,,D1-20220124-BULLISH,OB_MITIGATED_BEFORE_MIDPOINT,,,MLR-TECH-ABL-001,2022-01-26 00:00:00,PREVIOUSLY_EXPOSED_WINDOW,C1_OB_FVG,M1_BLOCK_TOUCH,OB_MITIGATED_BEFORE_MIDPOINT,NO_FILL,0,0,,,,TECHNICAL_ONLY_ABLATION,,,NO_FILL,QRP-MACRO-LIQUIDITY-REVERSAL-001,0,,NORMALIZED_LOW_COST,D1-20220124-BULLISH-M1-C1_OB_FVG-FVG-007031-OB-001313,0,0,,M1_C1_OB_FVG,1.5,,M1
,,False,0,OB,14304.6,14315.9,0,FVG-007031|OB-001313,14305.6,14308.9,,,HYPOTHETICAL_SCENARIO_NOT_BROKER_FACT,2022-01-24 00:00:00,2022-01-25 08:49:00,BULLISH,,,,D1-20220124-BULLISH,OB_MITIGATED_BEFORE_MIDPOINT,,,MLR-TECH-ABL-001,2022-01-26 00:00:00,PREVIOUSLY_EXPOSED_WINDOW,C1_OB_FVG,M1_BLOCK_TOUCH,OB_MITIGATED_BEFORE_MIDPOINT,NO_FILL,0,0,,,,TECHNICAL_ONLY_ABLATION,,,NO_FILL,QRP-MACRO-LIQUIDITY-REVERSAL-001,0,,NORMALIZED_MEDIUM_COST,D1-20220124-BULLISH-M1-C1_OB_FVG-FVG-007031-OB-001313,0,0,,M1_C1_OB_FVG,1.5,,M1
,,False,0,OB,14304.6,14315.9,0,FVG-007031|OB-001313,14305.6,14308.9,,,HYPOTHETICAL_SCENARIO_NOT_BROKER_FACT,2022-01-24 00:00:00,2022-01-25 08:49:00,BULLISH,,,,D1-20220124-BULLISH,OB_MITIGATED_BEFORE_MIDPOINT,,,MLR-TECH-ABL-001,2022-01-26 00:00:00,PREVIOUSLY_EXPOSED_WINDOW,C1_OB_FVG,M1_BLOCK_TOUCH,OB_MITIGATED_BEFORE_MIDPOINT,NO_FILL,0,0,,,,TECHNICAL_ONLY_ABLATION,,,NO_FILL,QRP-MACRO-LIQUIDITY-REVERSAL-001,0,,NORMALIZED_HIGH_COST,D1-20220124-BULLISH-M1-C1_OB_FVG-FVG-007031-OB-001313,0,0,,M1_C1_OB_FVG,1.5,,M1
13513.95,13520.775,False,4,OB,13512.9,13514.4,1.0,FVG-007162|OB-001336,13513.6,13514.3,13514.70,13520.025,HYPOTHETICAL_SCENARIO_NOT_BROKER_FACT,2022-04-25 00:00:00,2022-04-26 01:51:00,BULLISH,2022-04-26 03:03:00,2022-04-26 03:04:00,13513.95,D1-20220425-BULLISH,TARGET_1_5R,13520.775,2022-04-26 03:07:00,MLR-TECH-ABL-001,2022-04-27 00:00:00,PREVIOUSLY_EXPOSED_WINDOW,C1_OB_FVG,M1_STRICT_PENETRATION_NO_FAVORABLE_IMPROVEMENT,STRICT_M1_LIMIT_PENETRATION,FILLED,0,0,6.825,1.5,0.05,TECHNICAL_ONLY_ABLATION,4.325,0.9505494505494505494505494505,WIN_TARGET_1_5R,QRP-MACRO-LIQUIDITY-REVERSAL-001,0,4.55,NORMALIZED_LOW_COST,D1-20220425-BULLISH-M1-C1_OB_FVG-FVG-007162-OB-001336,0.50,1,13511.9,M1_C1_OB_FVG,1.5,13520.775,M1
13513.95,13510.9,False,10,OB,13512.9,13514.4,2,FVG-007162|OB-001336,13513.6,13514.3,13515.45,13509.4,HYPOTHETICAL_SCENARIO_NOT_BROKER_FACT,2022-04-25 00:00:00,2022-04-26 01:51:00,BULLISH,2022-04-26 03:03:00,2022-04-26 03:04:00,13513.95,D1-20220425-BULLISH,STOP,13510.9,2022-04-26 03:13:00,MLR-TECH-ABL-001,2022-04-27 00:00:00,PREVIOUSLY_EXPOSED_WINDOW,C1_OB_FVG,M1_STRICT_PENETRATION_NO_FAVORABLE_IMPROVEMENT,STRICT_M1_LIMIT_PENETRATION,FILLED,0,0.0,-3.05,-0.3788819875776397515527950311,0.15,TECHNICAL_ONLY_ABLATION,-8.05,-1,LOSS_1R,QRP-MACRO-LIQUIDITY-REVERSAL-001,0,8.05,NORMALIZED_MEDIUM_COST,D1-20220425-BULLISH-M1-C1_OB_FVG-FVG-007162-OB-001336,1.0,2,13510.9,M1_C1_OB_FVG,1.5,13526.025,M1
13513.95,13506.9,False,14,OB,13512.9,13514.4,4,FVG-007162|OB-001336,13513.6,13514.3,13518.45,13502.4,HYPOTHETICAL_SCENARIO_NOT_BROKER_FACT,2022-04-25 00:00:00,2022-04-26 01:51:00,BULLISH,2022-04-26 03:03:00,2022-04-26 03:04:00,13513.95,D1-20220425-BULLISH,STOP,13506.9,2022-04-26 03:17:00,MLR-TECH-ABL-001,2022-04-27 00:00:00,PREVIOUSLY_EXPOSED_WINDOW,C1_OB_FVG,M1_STRICT_PENETRATION_NO_FAVORABLE_IMPROVEMENT,STRICT_M1_LIMIT_PENETRATION,FILLED,0,0.00,-7.05,-0.3516209476309226932668329177,0.21666666666666667,TECHNICAL_ONLY_ABLATION,-20.05,-1,LOSS_1R,QRP-MACRO-LIQUIDITY-REVERSAL-001,0,20.05,NORMALIZED_HIGH_COST,D1-20220425-BULLISH-M1-C1_OB_FVG-FVG-007162-OB-001336,3.0,6,13506.9,M1_C1_OB_FVG,1.5,13544.025,M1
13031.0,13029.4,False,1,OB,13030.4,13031.6,1.0,FVG-007348|OB-001372,13030.9,13031.1,13031.75,13028.65,HYPOTHETICAL_SCENARIO_NOT_BROKER_FACT,2022-05-02 00:00:00,2022-05-03 01:52:00,BULLISH,2022-05-03 13:27:00,2022-05-03 13:28:00,13031.0,D1-20220502-BULLISH,ENTRY_BAR_STOP_ADVERSE,13029.4,2022-05-03 13:28:00,MLR-TECH-ABL-001,2022-05-04 00:00:00,PREVIOUSLY_EXPOSED_WINDOW,C1_OB_FVG,M1_STRICT_PENETRATION_NO_FAVORABLE_IMPROVEMENT,STRICT_M1_LIMIT_PENETRATION,FILLED,0,0,-1.6,-0.3902439024390243902439024390,0.0,TECHNICAL_ONLY_ABLATION,-4.10,-1,LOSS_1R,QRP-MACRO-LIQUIDITY-REVERSAL-001,0,4.10,NORMALIZED_LOW_COST,D1-20220502-BULLISH-M1-C1_OB_FVG-FVG-007348-OB-001372,0.50,1,13029.4,M1_C1_OB_FVG,1.5,13037.150,M1
13031.0,13028.4,False,1,OB,13030.4,13031.6,2,FVG-007348|OB-001372,13030.9,13031.1,13032.5,13026.9,HYPOTHETICAL_SCENARIO_NOT_BROKER_FACT,2022-05-02 00:00:00,2022-05-03 01:52:00,BULLISH,2022-05-03 13:27:00,2022-05-03 13:28:00,13031.0,D1-20220502-BULLISH,ENTRY_BAR_STOP_ADVERSE,13028.4,2022-05-03 13:28:00,MLR-TECH-ABL-001,2022-05-04 00:00:00,PREVIOUSLY_EXPOSED_WINDOW,C1_OB_FVG,M1_STRICT_PENETRATION_NO_FAVORABLE_IMPROVEMENT,STRICT_M1_LIMIT_PENETRATION,FILLED,0,0.0,-2.6,-0.3421052631578947368421052632,0.0,TECHNICAL_ONLY_ABLATION,-7.6,-1,LOSS_1R,QRP-MACRO-LIQUIDITY-REVERSAL-001,0,7.6,NORMALIZED_MEDIUM_COST,D1-20220502-BULLISH-M1-C1_OB_FVG-FVG-007348-OB-001372,1.0,2,13028.4,M1_C1_OB_FVG,1.5,13042.40,M1
13031.0,13024.4,False,1,OB,13030.4,13031.6,4,FVG-007348|OB-001372,13030.9,13031.1,13035.5,13019.9,HYPOTHETICAL_SCENARIO_NOT_BROKER_FACT,2022-05-02 00:00:00,2022-05-03 01:52:00,BULLISH,2022-05-03 13:27:00,2022-05-03 13:28:00,13031.0,D1-20220502-BULLISH,ENTRY_BAR_STOP_ADVERSE,13024.4,2022-05-03 13:28:00,MLR-TECH-ABL-001,2022-05-04 00:00:00,PREVIOUSLY_EXPOSED_WINDOW,C1_OB_FVG,M1_STRICT_PENETRATION_NO_FAVORABLE_IMPROVEMENT,STRICT_M1_LIMIT_PENETRATION,FILLED,0,0.00,-6.6,-0.3367346938775510204081632653,0.0,TECHNICAL_ONLY_ABLATION,-19.60,-1.0,LOSS_1R,QRP-MACRO-LIQUIDITY-REVERSAL-001,0,19.6,NORMALIZED_HIGH_COST,D1-20220502-BULLISH-M1-C1_OB_FVG-FVG-007348-OB-001372,3.0,6,13024.4,M1_C1_OB_FVG,1.5,13060.40,M1
11901.75,11909.175,False,9,OB,11900.3,11903.2,1.0,FVG-007547|OB-001413,11900.3,11903.2,11902.50,11908.425,HYPOTHETICAL_SCENARIO_NOT_BROKER_FACT,2022-05-19 00:00:00,2022-05-20 01:51:00,BULLISH,2022-05-20 01:56:00,2022-05-20 01:57:00,11901.75,D1-20220519-BULLISH,TARGET_1_5R,11909.175,2022-05-20 02:05:00,MLR-TECH-ABL-001,2022-05-21 00:00:00,PREVIOUSLY_EXPOSED_WINDOW,C1_OB_FVG,M1_STRICT_PENETRATION_NO_FAVORABLE_IMPROVEMENT,STRICT_M1_LIMIT_PENETRATION,FILLED,0,0,7.425,1.5,0.13333333333333333,TECHNICAL_ONLY_ABLATION,4.925,0.9949494949494949494949494949,WIN_TARGET_1_5R,QRP-MACRO-LIQUIDITY-REVERSAL-001,0,4.95,NORMALIZED_LOW_COST,D1-20220519-BULLISH-M1-C1_OB_FVG-FVG-007547-OB-001413,0.50,1,11899.3,M1_C1_OB_FVG,1.5,11909.175,M1
11901.75,11898.3,False,19,OB,11900.3,11903.2,2,FVG-007547|OB-001413,11900.3,11903.2,11903.25,11896.8,HYPOTHETICAL_SCENARIO_NOT_BROKER_FACT,2022-05-19 00:00:00,2022-05-20 01:51:00,BULLISH,2022-05-20 01:56:00,2022-05-20 01:57:00,11901.75,D1-20220519-BULLISH,STOP,11898.3,2022-05-20 02:15:00,MLR-TECH-ABL-001,2022-05-21 00:00:00,PREVIOUSLY_EXPOSED_WINDOW,C1_OB_FVG,M1_STRICT_PENETRATION_NO_FAVORABLE_IMPROVEMENT,STRICT_M1_LIMIT_PENETRATION,FILLED,0,0.0,-3.45,-0.4082840236686390532544378698,0.3,TECHNICAL_ONLY_ABLATION,-8.45,-1,LOSS_1R,QRP-MACRO-LIQUIDITY-REVERSAL-001,0,8.45,NORMALIZED_MEDIUM_COST,D1-20220519-BULLISH-M1-C1_OB_FVG-FVG-007547-OB-001413,1.0,2,11898.3,M1_C1_OB_FVG,1.5,11914.425,M1
11901.75,11894.3,False,19,OB,11900.3,11903.2,4,FVG-007547|OB-001413,11900.3,11903.2,11906.25,11889.8,HYPOTHETICAL_SCENARIO_NOT_BROKER_FACT,2022-05-19 00:00:00,2022-05-20 01:51:00,BULLISH,2022-05-20 01:56:00,2022-05-20 01:57:00,11901.75,D1-20220519-BULLISH,STOP,11894.3,2022-05-20 02:15:00,MLR-TECH-ABL-001,2022-05-21 00:00:00,PREVIOUSLY_EXPOSED_WINDOW,C1_OB_FVG,M1_STRICT_PENETRATION_NO_FAVORABLE_IMPROVEMENT,STRICT_M1_LIMIT_PENETRATION,FILLED,0,0.00,-7.45,-0.3643031784841075794621026895,0.3,TECHNICAL_ONLY_ABLATION,-20.45,-1,LOSS_1R,QRP-MACRO-LIQUIDITY-REVERSAL-001,0,20.45,NORMALIZED_HIGH_COST,D1-20220519-BULLISH-M1-C1_OB_FVG-FVG-007547-OB-001413,3.0,6,11894.3,M1_C1_OB_FVG,1.5,11932.425,M1
11324.7,11332.650,False,2,OB,11322.9,11325.3,1.0,FVG-007765|OB-001450,11324.1,11325.3,11325.45,11331.900,HYPOTHETICAL_SCENARIO_NOT_BROKER_FACT,2022-06-14 00:00:00,2022-06-15 01:01:00,BULLISH,2022-06-15 08:28:00,2022-06-15 08:29:00,11324.7,D1-20220614-BULLISH,TARGET_1_5R,11332.650,2022-06-15 08:30:00,MLR-TECH-ABL-001,2022-06-16 00:00:00,PREVIOUSLY_EXPOSED_WINDOW,C1_OB_FVG,M1_STRICT_PENETRATION_NO_FAVORABLE_IMPROVEMENT,STRICT_M1_LIMIT_PENETRATION,FILLED,0,0,7.950,1.5,0.016666666666666666,TECHNICAL_ONLY_ABLATION,5.450,1.028301886792452830188679245,WIN_TARGET_1_5R,QRP-MACRO-LIQUIDITY-REVERSAL-001,0,5.30,NORMALIZED_LOW_COST,D1-20220614-BULLISH-M1-C1_OB_FVG-FVG-007765-OB-001450,0.50,1,11321.9,M1_C1_OB_FVG,1.5,11332.650,M1
11324.7,11337.90,False,3,OB,11322.9,11325.3,2,FVG-007765|OB-001450,11324.1,11325.3,11326.2,11336.40,HYPOTHETICAL_SCENARIO_NOT_BROKER_FACT,2022-06-14 00:00:00,2022-06-15 01:01:00,BULLISH,2022-06-15 08:28:00,2022-06-15 08:29:00,11324.7,D1-20220614-BULLISH,TARGET_1_5R,11337.90,2022-06-15 08:31:00,MLR-TECH-ABL-001,2022-06-16 00:00:00,PREVIOUSLY_EXPOSED_WINDOW,C1_OB_FVG,M1_STRICT_PENETRATION_NO_FAVORABLE_IMPROVEMENT,STRICT_M1_LIMIT_PENETRATION,FILLED,0,0.0,13.20,1.5,0.03333333333333333,TECHNICAL_ONLY_ABLATION,8.20,0.9318181818181818181818181818,WIN_TARGET_1_5R,QRP-MACRO-LIQUIDITY-REVERSAL-001,0,8.8,NORMALIZED_MEDIUM_COST,D1-20220614-BULLISH-M1-C1_OB_FVG-FVG-007765-OB-001450,1.0,2,11320.9,M1_C1_OB_FVG,1.5,11337.90,M1
11324.7,11355.90,False,20,OB,11322.9,11325.3,4,FVG-007765|OB-001450,11324.1,11325.3,11329.2,11351.40,HYPOTHETICAL_SCENARIO_NOT_BROKER_FACT,2022-06-14 00:00:00,2022-06-15 01:01:00,BULLISH,2022-06-15 08:28:00,2022-06-15 08:29:00,11324.7,D1-20220614-BULLISH,TARGET_1_5R,11355.90,2022-06-15 08:48:00,MLR-TECH-ABL-001,2022-06-16 00:00:00,PREVIOUSLY_EXPOSED_WINDOW,C1_OB_FVG,M1_STRICT_PENETRATION_NO_FAVORABLE_IMPROVEMENT,STRICT_M1_LIMIT_PENETRATION,FILLED,0,0.00,31.20,1.5,0.31666666666666665,TECHNICAL_ONLY_ABLATION,18.20,0.875,WIN_TARGET_1_5R,QRP-MACRO-LIQUIDITY-REVERSAL-001,0,20.8,NORMALIZED_HIGH_COST,D1-20220614-BULLISH-M1-C1_OB_FVG-FVG-007765-OB-001450,3.0,6,11316.9,M1_C1_OB_FVG,1.5,11355.90,M1
,,False,0,OB,11642.6,11644.2,0,FVG-007977|OB-001490,11642.9,11643.1,,,HYPOTHETICAL_SCENARIO_NOT_BROKER_FACT,2022-06-29 00:00:00,2022-06-30 02:46:00,BULLISH,,,,D1-20220629-BULLISH,OB_MITIGATED_BEFORE_MIDPOINT,,,MLR-TECH-ABL-001,2022-07-01 00:00:00,PREVIOUSLY_EXPOSED_WINDOW,C1_OB_FVG,M1_BLOCK_TOUCH,OB_MITIGATED_BEFORE_MIDPOINT,NO_FILL,0,0,,,,TECHNICAL_ONLY_ABLATION,,,NO_FILL,QRP-MACRO-LIQUIDITY-REVERSAL-001,0,,NORMALIZED_LOW_COST,D1-20220629-BULLISH-M1-C1_OB_FVG-FVG-007977-OB-001490,0,0,,M1_C1_OB_FVG,1.5,,M1
,,False,0,OB,11642.6,11644.2,0,FVG-007977|OB-001490,11642.9,11643.1,,,HYPOTHETICAL_SCENARIO_NOT_BROKER_FACT,2022-06-29 00:00:00,2022-06-30 02:46:00,BULLISH,,,,D1-20220629-BULLISH,OB_MITIGATED_BEFORE_MIDPOINT,,,MLR-TECH-ABL-001,2022-07-01 00:00:00,PREVIOUSLY_EXPOSED_WINDOW,C1_OB_FVG,M1_BLOCK_TOUCH,OB_MITIGATED_BEFORE_MIDPOINT,NO_FILL,0,0,,,,TECHNICAL_ONLY_ABLATION,,,NO_FILL,QRP-MACRO-LIQUIDITY-REVERSAL-001,0,,NORMALIZED_MEDIUM_COST,D1-20220629-BULLISH-M1-C1_OB_FVG-FVG-007977-OB-001490,0,0,,M1_C1_OB_FVG,1.5,,M1
,,False,0,OB,11642.6,11644.2,0,FVG-007977|OB-001490,11642.9,11643.1,,,HYPOTHETICAL_SCENARIO_NOT_BROKER_FACT,2022-06-29 00:00:00,2022-06-30 02:46:00,BULLISH,,,,D1-20220629-BULLISH,OB_MITIGATED_BEFORE_MIDPOINT,,,MLR-TECH-ABL-001,2022-07-01 00:00:00,PREVIOUSLY_EXPOSED_WINDOW,C1_OB_FVG,M1_BLOCK_TOUCH,OB_MITIGATED_BEFORE_MIDPOINT,NO_FILL,0,0,,,,TECHNICAL_ONLY_ABLATION,,,NO_FILL,QRP-MACRO-LIQUIDITY-REVERSAL-001,0,,NORMALIZED_HIGH_COST,D1-20220629-BULLISH-M1-C1_OB_FVG-FVG-007977-OB-001490,0,0,,M1_C1_OB_FVG,1.5,,M1
13312.849999999999,13314.9,False,15,OB,13312.8,13313.9,1.0,FVG-008159|OB-001524,13312.8,13312.9,13312.099999999999,13315.65,HYPOTHETICAL_SCENARIO_NOT_BROKER_FACT,2022-08-11 00:00:00,2022-08-12 02:44:00,BEARISH,2022-08-12 02:45:00,2022-08-12 02:46:00,13312.849999999999,D1-20220811-BEARISH,STOP,13314.9,2022-08-12 03:00:00,MLR-TECH-ABL-001,2022-08-13 00:00:00,PREVIOUSLY_EXPOSED_WINDOW,C1_OB_FVG,M1_STRICT_PENETRATION_NO_FAVORABLE_IMPROVEMENT,STRICT_M1_LIMIT_PENETRATION,FILLED,0,0,-2.050000000001,-0.4505494505495713078130660283,0.23333333333333334,TECHNICAL_ONLY_ABLATION,-4.550000000001,-1,LOSS_1R,QRP-MACRO-LIQUIDITY-REVERSAL-001,0,4.550000000001,NORMALIZED_LOW_COST,D1-20220811-BEARISH-M1-C1_OB_FVG-FVG-008159-OB-001524,0.50,1,13314.9,M1_C1_OB_FVG,1.5,13306.0249999999975,M1
13312.849999999999,13315.9,False,16,OB,13312.8,13313.9,2,FVG-008159|OB-001524,13312.8,13312.9,13311.349999999999,13317.4,HYPOTHETICAL_SCENARIO_NOT_BROKER_FACT,2022-08-11 00:00:00,2022-08-12 02:44:00,BEARISH,2022-08-12 02:45:00,2022-08-12 02:46:00,13312.849999999999,D1-20220811-BEARISH,STOP,13315.9,2022-08-12 03:01:00,MLR-TECH-ABL-001,2022-08-13 00:00:00,PREVIOUSLY_EXPOSED_WINDOW,C1_OB_FVG,M1_STRICT_PENETRATION_NO_FAVORABLE_IMPROVEMENT,STRICT_M1_LIMIT_PENETRATION,FILLED,0,0.0,-3.050000000001,-0.3788819875777169090698661221,0.25,TECHNICAL_ONLY_ABLATION,-8.050000000001,-1,LOSS_1R,QRP-MACRO-LIQUIDITY-REVERSAL-001,0,8.050000000001,NORMALIZED_MEDIUM_COST,D1-20220811-BEARISH-M1-C1_OB_FVG-FVG-008159-OB-001524,1.0,2,13315.9,M1_C1_OB_FVG,1.5,13300.7749999999975,M1
13312.849999999999,13319.9,False,16,OB,13312.8,13313.9,4,FVG-008159|OB-001524,13312.8,13312.9,13308.349999999999,13324.4,HYPOTHETICAL_SCENARIO_NOT_BROKER_FACT,2022-08-11 00:00:00,2022-08-12 02:44:00,BEARISH,2022-08-12 02:45:00,2022-08-12 02:46:00,13312.849999999999,D1-20220811-BEARISH,STOP,13319.9,2022-08-12 03:01:00,MLR-TECH-ABL-001,2022-08-13 00:00:00,PREVIOUSLY_EXPOSED_WINDOW,C1_OB_FVG,M1_STRICT_PENETRATION_NO_FAVORABLE_IMPROVEMENT,STRICT_M1_LIMIT_PENETRATION,FILLED,0,0.00,-7.050000000001,-0.3516209476309550313741829948,0.25,TECHNICAL_ONLY_ABLATION,-20.050000000001,-1,LOSS_1R,QRP-MACRO-LIQUIDITY-REVERSAL-001,0,20.050000000001,NORMALIZED_HIGH_COST,D1-20220811-BEARISH-M1-C1_OB_FVG-FVG-008159-OB-001524,3.0,6,13319.9,M1_C1_OB_FVG,1.5,13282.7749999999975,M1
,,False,0,OB,12131.4,12133.8,0,FVG-008301|OB-001548,12131.4,12132.8,,,HYPOTHETICAL_SCENARIO_NOT_BROKER_FACT,2022-09-14 00:00:00,2022-09-15 12:31:00,BULLISH,,,,D1-20220914-BULLISH,OB_MITIGATED_BEFORE_MIDPOINT,,,MLR-TECH-ABL-001,2022-09-16 00:00:00,PREVIOUSLY_EXPOSED_WINDOW,C1_OB_FVG,M1_BLOCK_TOUCH,OB_MITIGATED_BEFORE_MIDPOINT,NO_FILL,0,0,,,,TECHNICAL_ONLY_ABLATION,,,NO_FILL,QRP-MACRO-LIQUIDITY-REVERSAL-001,0,,NORMALIZED_LOW_COST,D1-20220914-BULLISH-M1-C1_OB_FVG-FVG-008301-OB-001548,0,0,,M1_C1_OB_FVG,1.5,,M1
,,False,0,OB,12131.4,12133.8,0,FVG-008301|OB-001548,12131.4,12132.8,,,HYPOTHETICAL_SCENARIO_NOT_BROKER_FACT,2022-09-14 00:00:00,2022-09-15 12:31:00,BULLISH,,,,D1-20220914-BULLISH,OB_MITIGATED_BEFORE_MIDPOINT,,,MLR-TECH-ABL-001,2022-09-16 00:00:00,PREVIOUSLY_EXPOSED_WINDOW,C1_OB_FVG,M1_BLOCK_TOUCH,OB_MITIGATED_BEFORE_MIDPOINT,NO_FILL,0,0,,,,TECHNICAL_ONLY_ABLATION,,,NO_FILL,QRP-MACRO-LIQUIDITY-REVERSAL-001,0,,NORMALIZED_MEDIUM_COST,D1-20220914-BULLISH-M1-C1_OB_FVG-FVG-008301-OB-001548,0,0,,M1_C1_OB_FVG,1.5,,M1
,,False,0,OB,12131.4,12133.8,0,FVG-008301|OB-001548,12131.4,12132.8,,,HYPOTHETICAL_SCENARIO_NOT_BROKER_FACT,2022-09-14 00:00:00,2022-09-15 12:31:00,BULLISH,,,,D1-20220914-BULLISH,OB_MITIGATED_BEFORE_MIDPOINT,,,MLR-TECH-ABL-001,2022-09-16 00:00:00,PREVIOUSLY_EXPOSED_WINDOW,C1_OB_FVG,M1_BLOCK_TOUCH,OB_MITIGATED_BEFORE_MIDPOINT,NO_FILL,0,0,,,,TECHNICAL_ONLY_ABLATION,,,NO_FILL,QRP-MACRO-LIQUIDITY-REVERSAL-001,0,,NORMALIZED_HIGH_COST,D1-20220914-BULLISH-M1-C1_OB_FVG-FVG-008301-OB-001548,0,0,,M1_C1_OB_FVG,1.5,,M1
11819.25,11817.8,False,2,OB,11818.8,11822.2,1.0,FVG-008426|OB-001569,11818.8,11819.7,11820.00,11817.05,HYPOTHETICAL_SCENARIO_NOT_BROKER_FACT,2022-09-16 00:00:00,2022-09-19 01:34:00,BULLISH,2022-09-19 05:17:00,2022-09-19 05:18:00,11819.25,D1-20220916-BULLISH,STOP,11817.8,2022-09-19 05:19:00,MLR-TECH-ABL-001,2022-09-20 00:00:00,PREVIOUSLY_EXPOSED_WINDOW,C1_OB_FVG,M1_STRICT_PENETRATION_NO_FAVORABLE_IMPROVEMENT,STRICT_M1_LIMIT_PENETRATION,FILLED,0,0,-1.45,-0.3670886075949367088607594937,0.016666666666666666,TECHNICAL_ONLY_ABLATION,-3.95,-1,LOSS_1R,QRP-MACRO-LIQUIDITY-REVERSAL-001,0,3.95,NORMALIZED_LOW_COST,D1-20220916-BULLISH-M1-C1_OB_FVG-FVG-008426-OB-001569,0.50,1,11817.8,M1_C1_OB_FVG,1.5,11825.175,M1
11819.25,11816.8,False,3,OB,11818.8,11822.2,2,FVG-008426|OB-001569,11818.8,11819.7,11820.75,11815.3,HYPOTHETICAL_SCENARIO_NOT_BROKER_FACT,2022-09-16 00:00:00,2022-09-19 01:34:00,BULLISH,2022-09-19 05:17:00,2022-09-19 05:18:00,11819.25,D1-20220916-BULLISH,STOP,11816.8,2022-09-19 05:20:00,MLR-TECH-ABL-001,2022-09-20 00:00:00,PREVIOUSLY_EXPOSED_WINDOW,C1_OB_FVG,M1_STRICT_PENETRATION_NO_FAVORABLE_IMPROVEMENT,STRICT_M1_LIMIT_PENETRATION,FILLED,0,0.0,-2.45,-0.3288590604026845637583892617,0.03333333333333333,TECHNICAL_ONLY_ABLATION,-7.45,-1,LOSS_1R,QRP-MACRO-LIQUIDITY-REVERSAL-001,0,7.45,NORMALIZED_MEDIUM_COST,D1-20220916-BULLISH-M1-C1_OB_FVG-FVG-008426-OB-001569,1.0,2,11816.8,M1_C1_OB_FVG,1.5,11830.425,M1
11819.25,11812.8,False,4,OB,11818.8,11822.2,4,FVG-008426|OB-001569,11818.8,11819.7,11823.75,11808.3,HYPOTHETICAL_SCENARIO_NOT_BROKER_FACT,2022-09-16 00:00:00,2022-09-19 01:34:00,BULLISH,2022-09-19 05:17:00,2022-09-19 05:18:00,11819.25,D1-20220916-BULLISH,STOP,11812.8,2022-09-19 05:21:00,MLR-TECH-ABL-001,2022-09-20 00:00:00,PREVIOUSLY_EXPOSED_WINDOW,C1_OB_FVG,M1_STRICT_PENETRATION_NO_FAVORABLE_IMPROVEMENT,STRICT_M1_LIMIT_PENETRATION,FILLED,0,0.00,-6.45,-0.3316195372750642673521850900,0.05,TECHNICAL_ONLY_ABLATION,-19.45,-1,LOSS_1R,QRP-MACRO-LIQUIDITY-REVERSAL-001,0,19.45,NORMALIZED_HIGH_COST,D1-20220916-BULLISH-M1-C1_OB_FVG-FVG-008426-OB-001569,3.0,6,11812.8,M1_C1_OB_FVG,1.5,11848.425,M1
10972.75,10971.0,False,1,OB,10972.0,10974.2,1.0,FVG-008657|OB-001622,10972.2,10973.3,10973.50,10970.25,HYPOTHETICAL_SCENARIO_NOT_BROKER_FACT,2022-10-20 00:00:00,2022-10-21 02:02:00,BULLISH,2022-10-21 02:05:00,2022-10-21 02:06:00,10972.75,D1-20221020-BULLISH,ENTRY_BAR_STOP_ADVERSE,10971.0,2022-10-21 02:06:00,MLR-TECH-ABL-001,2022-10-22 00:00:00,PREVIOUSLY_EXPOSED_WINDOW,C1_OB_FVG,M1_STRICT_PENETRATION_NO_FAVORABLE_IMPROVEMENT,STRICT_M1_LIMIT_PENETRATION,FILLED,0,0,-1.75,-0.4117647058823529411764705882,0.0,TECHNICAL_ONLY_ABLATION,-4.25,-1,LOSS_1R,QRP-MACRO-LIQUIDITY-REVERSAL-001,0,4.25,NORMALIZED_LOW_COST,D1-20221020-BULLISH-M1-C1_OB_FVG-FVG-008657-OB-001622,0.50,1,10971.0,M1_C1_OB_FVG,1.5,10979.125,M1
10972.75,10970.0,False,1,OB,10972.0,10974.2,2,FVG-008657|OB-001622,10972.2,10973.3,10974.25,10968.5,HYPOTHETICAL_SCENARIO_NOT_BROKER_FACT,2022-10-20 00:00:00,2022-10-21 02:02:00,BULLISH,2022-10-21 02:05:00,2022-10-21 02:06:00,10972.75,D1-20221020-BULLISH,ENTRY_BAR_STOP_ADVERSE,10970.0,2022-10-21 02:06:00,MLR-TECH-ABL-001,2022-10-22 00:00:00,PREVIOUSLY_EXPOSED_WINDOW,C1_OB_FVG,M1_STRICT_PENETRATION_NO_FAVORABLE_IMPROVEMENT,STRICT_M1_LIMIT_PENETRATION,FILLED,0,0.0,-2.75,-0.3548387096774193548387096774,0.0,TECHNICAL_ONLY_ABLATION,-7.75,-1,LOSS_1R,QRP-MACRO-LIQUIDITY-REVERSAL-001,0,7.75,NORMALIZED_MEDIUM_COST,D1-20221020-BULLISH-M1-C1_OB_FVG-FVG-008657-OB-001622,1.0,2,10970.0,M1_C1_OB_FVG,1.5,10984.375,M1
10972.75,10966.0,False,2,OB,10972.0,10974.2,4,FVG-008657|OB-001622,10972.2,10973.3,10977.25,10961.5,HYPOTHETICAL_SCENARIO_NOT_BROKER_FACT,2022-10-20 00:00:00,2022-10-21 02:02:00,BULLISH,2022-10-21 02:05:00,2022-10-21 02:06:00,10972.75,D1-20221020-BULLISH,STOP,10966.0,2022-10-21 02:07:00,MLR-TECH-ABL-001,2022-10-22 00:00:00,PREVIOUSLY_EXPOSED_WINDOW,C1_OB_FVG,M1_STRICT_PENETRATION_NO_FAVORABLE_IMPROVEMENT,STRICT_M1_LIMIT_PENETRATION,FILLED,0,0.00,-6.75,-0.3417721518987341772151898734,0.016666666666666666,TECHNICAL_ONLY_ABLATION,-19.75,-1,LOSS_1R,QRP-MACRO-LIQUIDITY-REVERSAL-001,0,19.75,NORMALIZED_HIGH_COST,D1-20221020-BULLISH-M1-C1_OB_FVG-FVG-008657-OB-001622,3.0,6,10966.0,M1_C1_OB_FVG,1.5,11002.375,M1
11994.55,11997.1,False,1,OB,11994.5,11996.1,1.0,FVG-008884|OB-001659,11994.5,11994.6,11993.80,11997.85,HYPOTHETICAL_SCENARIO_NOT_BROKER_FACT,2022-12-01 00:00:00,2022-12-02 03:23:00,BEARISH,2022-12-02 03:25:00,2022-12-02 03:26:00,11994.55,D1-20221201-BEARISH,ENTRY_BAR_STOP_ADVERSE,11997.1,2022-12-02 03:26:00,MLR-TECH-ABL-001,2022-12-03 00:00:00,PREVIOUSLY_EXPOSED_WINDOW,C1_OB_FVG,M1_STRICT_PENETRATION_NO_FAVORABLE_IMPROVEMENT,STRICT_M1_LIMIT_PENETRATION,FILLED,0,0,-2.55,-0.5049504950495049504950495050,0.0,TECHNICAL_ONLY_ABLATION,-5.05,-1,LOSS_1R,QRP-MACRO-LIQUIDITY-REVERSAL-001,0,5.05,NORMALIZED_LOW_COST,D1-20221201-BEARISH-M1-C1_OB_FVG-FVG-008884-OB-001659,0.50,1,11997.1,M1_C1_OB_FVG,1.5,11986.975,M1
11994.55,11998.1,False,6,OB,11994.5,11996.1,2,FVG-008884|OB-001659,11994.5,11994.6,11993.05,11999.6,HYPOTHETICAL_SCENARIO_NOT_BROKER_FACT,2022-12-01 00:00:00,2022-12-02 03:23:00,BEARISH,2022-12-02 03:25:00,2022-12-02 03:26:00,11994.55,D1-20221201-BEARISH,STOP,11998.1,2022-12-02 03:31:00,MLR-TECH-ABL-001,2022-12-03 00:00:00,PREVIOUSLY_EXPOSED_WINDOW,C1_OB_FVG,M1_STRICT_PENETRATION_NO_FAVORABLE_IMPROVEMENT,STRICT_M1_LIMIT_PENETRATION,FILLED,0,0.0,-3.55,-0.4152046783625730994152046784,0.08333333333333333,TECHNICAL_ONLY_ABLATION,-8.55,-1,LOSS_1R,QRP-MACRO-LIQUIDITY-REVERSAL-001,0,8.55,NORMALIZED_MEDIUM_COST,D1-20221201-BEARISH-M1-C1_OB_FVG-FVG-008884-OB-001659,1.0,2,11998.1,M1_C1_OB_FVG,1.5,11981.725,M1
11994.55,12002.1,False,101,OB,11994.5,11996.1,4,FVG-008884|OB-001659,11994.5,11994.6,11990.05,12006.6,HYPOTHETICAL_SCENARIO_NOT_BROKER_FACT,2022-12-01 00:00:00,2022-12-02 03:23:00,BEARISH,2022-12-02 03:25:00,2022-12-02 03:26:00,11994.55,D1-20221201-BEARISH,STOP,12002.1,2022-12-02 05:06:00,MLR-TECH-ABL-001,2022-12-03 00:00:00,PREVIOUSLY_EXPOSED_WINDOW,C1_OB_FVG,M1_STRICT_PENETRATION_NO_FAVORABLE_IMPROVEMENT,STRICT_M1_LIMIT_PENETRATION,FILLED,0,0.00,-7.55,-0.3673965936739659367396593674,1.6666666666666667,TECHNICAL_ONLY_ABLATION,-20.55,-1,LOSS_1R,QRP-MACRO-LIQUIDITY-REVERSAL-001,0,20.55,NORMALIZED_HIGH_COST,D1-20221201-BEARISH-M1-C1_OB_FVG-FVG-008884-OB-001659,3.0,6,12002.1,M1_C1_OB_FVG,1.5,11963.725,M1
12337.25,12339.2,False,2,OB,12335.4,12338.2,1.0,FVG-009053|OB-001693,12336.3,12338.2,12336.50,12339.95,HYPOTHETICAL_SCENARIO_NOT_BROKER_FACT,2023-03-06 00:00:00,2023-03-07 08:14:00,BEARISH,2023-03-07 10:24:00,2023-03-07 10:25:00,12337.25,D1-20230306-BEARISH,STOP,12339.2,2023-03-07 10:26:00,MLR-TECH-ABL-001,2023-03-08 00:00:00,PREVIOUSLY_EXPOSED_WINDOW,C1_OB_FVG,M1_STRICT_PENETRATION_NO_FAVORABLE_IMPROVEMENT,STRICT_M1_LIMIT_PENETRATION,FILLED,0,0,-1.95,-0.4382022471910112359550561798,0.016666666666666666,TECHNICAL_ONLY_ABLATION,-4.45,-1,LOSS_1R,QRP-MACRO-LIQUIDITY-REVERSAL-001,0,4.45,NORMALIZED_LOW_COST,D1-20230306-BEARISH-M1-C1_OB_FVG-FVG-009053-OB-001693,0.50,1,12339.2,M1_C1_OB_FVG,1.5,12330.575,M1
12337.25,12340.2,False,2,OB,12335.4,12338.2,2,FVG-009053|OB-001693,12336.3,12338.2,12335.75,12341.7,HYPOTHETICAL_SCENARIO_NOT_BROKER_FACT,2023-03-06 00:00:00,2023-03-07 08:14:00,BEARISH,2023-03-07 10:24:00,2023-03-07 10:25:00,12337.25,D1-20230306-BEARISH,STOP,12340.2,2023-03-07 10:26:00,MLR-TECH-ABL-001,2023-03-08 00:00:00,PREVIOUSLY_EXPOSED_WINDOW,C1_OB_FVG,M1_STRICT_PENETRATION_NO_FAVORABLE_IMPROVEMENT,STRICT_M1_LIMIT_PENETRATION,FILLED,0,0.0,-2.95,-0.3710691823899371069182389937,0.016666666666666666,TECHNICAL_ONLY_ABLATION,-7.95,-1,LOSS_1R,QRP-MACRO-LIQUIDITY-REVERSAL-001,0,7.95,NORMALIZED_MEDIUM_COST,D1-20230306-BEARISH-M1-C1_OB_FVG-FVG-009053-OB-001693,1.0,2,12340.2,M1_C1_OB_FVG,1.5,12325.325,M1
12337.25,12344.2,False,8,OB,12335.4,12338.2,4,FVG-009053|OB-001693,12336.3,12338.2,12332.75,12348.7,HYPOTHETICAL_SCENARIO_NOT_BROKER_FACT,2023-03-06 00:00:00,2023-03-07 08:14:00,BEARISH,2023-03-07 10:24:00,2023-03-07 10:25:00,12337.25,D1-20230306-BEARISH,STOP,12344.2,2023-03-07 10:32:00,MLR-TECH-ABL-001,2023-03-08 00:00:00,PREVIOUSLY_EXPOSED_WINDOW,C1_OB_FVG,M1_STRICT_PENETRATION_NO_FAVORABLE_IMPROVEMENT,STRICT_M1_LIMIT_PENETRATION,FILLED,0,0.00,-6.95,-0.3483709273182957393483709273,0.11666666666666667,TECHNICAL_ONLY_ABLATION,-19.95,-1,LOSS_1R,QRP-MACRO-LIQUIDITY-REVERSAL-001,0,19.95,NORMALIZED_HIGH_COST,D1-20230306-BEARISH-M1-C1_OB_FVG-FVG-009053-OB-001693,3.0,6,12344.2,M1_C1_OB_FVG,1.5,12307.325,M1
,,False,0,OB,12584.6,12587.4,0,FVG-009236|OB-001725,12586.1,12586.4,,,HYPOTHETICAL_SCENARIO_NOT_BROKER_FACT,2023-03-17 00:00:00,2023-03-20 01:55:00,BEARISH,,,,D1-20230317-BEARISH,OB_MITIGATED_BEFORE_MIDPOINT,,,MLR-TECH-ABL-001,2023-03-21 00:00:00,PREVIOUSLY_EXPOSED_WINDOW,C1_OB_FVG,M1_BLOCK_TOUCH,OB_MITIGATED_BEFORE_MIDPOINT,NO_FILL,0,0,,,,TECHNICAL_ONLY_ABLATION,,,NO_FILL,QRP-MACRO-LIQUIDITY-REVERSAL-001,0,,NORMALIZED_LOW_COST,D1-20230317-BEARISH-M1-C1_OB_FVG-FVG-009236-OB-001725,0,0,,M1_C1_OB_FVG,1.5,,M1
,,False,0,OB,12584.6,12587.4,0,FVG-009236|OB-001725,12586.1,12586.4,,,HYPOTHETICAL_SCENARIO_NOT_BROKER_FACT,2023-03-17 00:00:00,2023-03-20 01:55:00,BEARISH,,,,D1-20230317-BEARISH,OB_MITIGATED_BEFORE_MIDPOINT,,,MLR-TECH-ABL-001,2023-03-21 00:00:00,PREVIOUSLY_EXPOSED_WINDOW,C1_OB_FVG,M1_BLOCK_TOUCH,OB_MITIGATED_BEFORE_MIDPOINT,NO_FILL,0,0,,,,TECHNICAL_ONLY_ABLATION,,,NO_FILL,QRP-MACRO-LIQUIDITY-REVERSAL-001,0,,NORMALIZED_MEDIUM_COST,D1-20230317-BEARISH-M1-C1_OB_FVG-FVG-009236-OB-001725,0,0,,M1_C1_OB_FVG,1.5,,M1
,,False,0,OB,12584.6,12587.4,0,FVG-009236|OB-001725,12586.1,12586.4,,,HYPOTHETICAL_SCENARIO_NOT_BROKER_FACT,2023-03-17 00:00:00,2023-03-20 01:55:00,BEARISH,,,,D1-20230317-BEARISH,OB_MITIGATED_BEFORE_MIDPOINT,,,MLR-TECH-ABL-001,2023-03-21 00:00:00,PREVIOUSLY_EXPOSED_WINDOW,C1_OB_FVG,M1_BLOCK_TOUCH,OB_MITIGATED_BEFORE_MIDPOINT,NO_FILL,0,0,,,,TECHNICAL_ONLY_ABLATION,,,NO_FILL,QRP-MACRO-LIQUIDITY-REVERSAL-001,0,,NORMALIZED_HIGH_COST,D1-20230317-BEARISH-M1-C1_OB_FVG-FVG-009236-OB-001725,0,0,,M1_C1_OB_FVG,1.5,,M1
13056.95,13058.7,False,1,OB,13056.4,13057.7,1.0,FVG-009439|OB-001764,13056.5,13057.4,13056.20,13059.45,HYPOTHETICAL_SCENARIO_NOT_BROKER_FACT,2023-04-10 00:00:00,2023-04-11 05:56:00,BEARISH,2023-04-11 06:22:00,2023-04-11 06:23:00,13056.95,D1-20230410-BEARISH,ENTRY_BAR_STOP_ADVERSE,13058.7,2023-04-11 06:23:00,MLR-TECH-ABL-001,2023-04-12 00:00:00,PREVIOUSLY_EXPOSED_WINDOW,C1_OB_FVG,M1_STRICT_PENETRATION_NO_FAVORABLE_IMPROVEMENT,STRICT_M1_LIMIT_PENETRATION,FILLED,0,0,-1.75,-0.4117647058823529411764705882,0.0,TECHNICAL_ONLY_ABLATION,-4.25,-1,LOSS_1R,QRP-MACRO-LIQUIDITY-REVERSAL-001,0,4.25,NORMALIZED_LOW_COST,D1-20230410-BEARISH-M1-C1_OB_FVG-FVG-009439-OB-001764,0.50,1,13058.7,M1_C1_OB_FVG,1.5,13050.575,M1
13056.95,13045.325,False,24,OB,13056.4,13057.7,2,FVG-009439|OB-001764,13056.5,13057.4,13055.45,13046.825,HYPOTHETICAL_SCENARIO_NOT_BROKER_FACT,2023-04-10 00:00:00,2023-04-11 05:56:00,BEARISH,2023-04-11 06:22:00,2023-04-11 06:23:00,13056.95,D1-20230410-BEARISH,TARGET_1_5R,13045.325,2023-04-11 06:46:00,MLR-TECH-ABL-001,2023-04-12 00:00:00,PREVIOUSLY_EXPOSED_WINDOW,C1_OB_FVG,M1_STRICT_PENETRATION_NO_FAVORABLE_IMPROVEMENT,STRICT_M1_LIMIT_PENETRATION,FILLED,0,0.0,11.625,1.5,0.38333333333333336,TECHNICAL_ONLY_ABLATION,6.625,0.8548387096774193548387096774,WIN_TARGET_1_5R,QRP-MACRO-LIQUIDITY-REVERSAL-001,0,7.75,NORMALIZED_MEDIUM_COST,D1-20230410-BEARISH-M1-C1_OB_FVG-FVG-009439-OB-001764,1.0,2,13059.7,M1_C1_OB_FVG,1.5,13045.325,M1
13056.95,13063.7,False,249,OB,13056.4,13057.7,4,FVG-009439|OB-001764,13056.5,13057.4,13052.45,13068.2,HYPOTHETICAL_SCENARIO_NOT_BROKER_FACT,2023-04-10 00:00:00,2023-04-11 05:56:00,BEARISH,2023-04-11 06:22:00,2023-04-11 06:23:00,13056.95,D1-20230410-BEARISH,STOP,13063.7,2023-04-11 10:31:00,MLR-TECH-ABL-001,2023-04-12 00:00:00,PREVIOUSLY_EXPOSED_WINDOW,C1_OB_FVG,M1_STRICT_PENETRATION_NO_FAVORABLE_IMPROVEMENT,STRICT_M1_LIMIT_PENETRATION,FILLED,0,0.00,-6.75,-0.3417721518987341772151898734,4.133333333333334,TECHNICAL_ONLY_ABLATION,-19.75,-1,LOSS_1R,QRP-MACRO-LIQUIDITY-REVERSAL-001,0,19.75,NORMALIZED_HIGH_COST,D1-20230410-BEARISH-M1-C1_OB_FVG-FVG-009439-OB-001764,3.0,6,13063.7,M1_C1_OB_FVG,1.5,13027.325,M1
13082.35,13083.6,False,3,OB,13081.7,13082.6,1.0,FVG-009620|OB-001796,13082.1,13082.6,13081.60,13084.35,HYPOTHETICAL_SCENARIO_NOT_BROKER_FACT,2023-04-14 00:00:00,2023-04-17 06:17:00,BEARISH,2023-04-17 06:19:00,2023-04-17 06:20:00,13082.35,D1-20230414-BEARISH,STOP,13083.6,2023-04-17 06:22:00,MLR-TECH-ABL-001,2023-04-18 00:00:00,PREVIOUSLY_EXPOSED_WINDOW,C1_OB_FVG,M1_STRICT_PENETRATION_NO_FAVORABLE_IMPROVEMENT,STRICT_M1_LIMIT_PENETRATION,FILLED,0,0,-1.25,-0.3333333333333333333333333333,0.03333333333333333,TECHNICAL_ONLY_ABLATION,-3.75,-1,LOSS_1R,QRP-MACRO-LIQUIDITY-REVERSAL-001,0,3.75,NORMALIZED_LOW_COST,D1-20230414-BEARISH-M1-C1_OB_FVG-FVG-009620-OB-001796,0.50,1,13083.6,M1_C1_OB_FVG,1.5,13076.725,M1
13082.35,13084.6,False,10,OB,13081.7,13082.6,2,FVG-009620|OB-001796,13082.1,13082.6,13080.85,13086.1,HYPOTHETICAL_SCENARIO_NOT_BROKER_FACT,2023-04-14 00:00:00,2023-04-17 06:17:00,BEARISH,2023-04-17 06:19:00,2023-04-17 06:20:00,13082.35,D1-20230414-BEARISH,STOP,13084.6,2023-04-17 06:29:00,MLR-TECH-ABL-001,2023-04-18 00:00:00,PREVIOUSLY_EXPOSED_WINDOW,C1_OB_FVG,M1_STRICT_PENETRATION_NO_FAVORABLE_IMPROVEMENT,STRICT_M1_LIMIT_PENETRATION,FILLED,0,0.0,-2.25,-0.3103448275862068965517241379,0.15,TECHNICAL_ONLY_ABLATION,-7.25,-1,LOSS_1R,QRP-MACRO-LIQUIDITY-REVERSAL-001,0,7.25,NORMALIZED_MEDIUM_COST,D1-20230414-BEARISH-M1-C1_OB_FVG-FVG-009620-OB-001796,1.0,2,13084.6,M1_C1_OB_FVG,1.5,13071.475,M1
13082.35,13088.6,False,131,OB,13081.7,13082.6,4,FVG-009620|OB-001796,13082.1,13082.6,13077.85,13093.1,HYPOTHETICAL_SCENARIO_NOT_BROKER_FACT,2023-04-14 00:00:00,2023-04-17 06:17:00,BEARISH,2023-04-17 06:19:00,2023-04-17 06:20:00,13082.35,D1-20230414-BEARISH,STOP,13088.6,2023-04-17 08:30:00,MLR-TECH-ABL-001,2023-04-18 00:00:00,PREVIOUSLY_EXPOSED_WINDOW,C1_OB_FVG,M1_STRICT_PENETRATION_NO_FAVORABLE_IMPROVEMENT,STRICT_M1_LIMIT_PENETRATION,FILLED,0,0.00,-6.25,-0.3246753246753246753246753247,2.1666666666666665,TECHNICAL_ONLY_ABLATION,-19.25,-1,LOSS_1R,QRP-MACRO-LIQUIDITY-REVERSAL-001,0,19.25,NORMALIZED_HIGH_COST,D1-20230414-BEARISH-M1-C1_OB_FVG-FVG-009620-OB-001796,3.0,6,13088.6,M1_C1_OB_FVG,1.5,13053.475,M1
13251.0,13253.7,False,9,OB,13250.4,13252.7,1.0,FVG-009788|OB-001826,13250.4,13251.6,13250.25,13254.45,HYPOTHETICAL_SCENARIO_NOT_BROKER_FACT,2023-04-28 00:00:00,2023-05-01 01:01:00,BEARISH,2023-05-01 05:47:00,2023-05-01 05:48:00,13251.0,D1-20230428-BEARISH,STOP,13253.7,2023-05-01 05:56:00,MLR-TECH-ABL-001,2023-05-02 00:00:00,PREVIOUSLY_EXPOSED_WINDOW,C1_OB_FVG,M1_STRICT_PENETRATION_NO_FAVORABLE_IMPROVEMENT,STRICT_M1_LIMIT_PENETRATION,FILLED,0,0,-2.7,-0.5192307692307692307692307692,0.13333333333333333,TECHNICAL_ONLY_ABLATION,-5.20,-1,LOSS_1R,QRP-MACRO-LIQUIDITY-REVERSAL-001,0,5.20,NORMALIZED_LOW_COST,D1-20230428-BEARISH-M1-C1_OB_FVG-FVG-009788-OB-001826,0.50,1,13253.7,M1_C1_OB_FVG,1.5,13243.200,M1
13251.0,13254.7,False,9,OB,13250.4,13252.7,2,FVG-009788|OB-001826,13250.4,13251.6,13249.5,13256.2,HYPOTHETICAL_SCENARIO_NOT_BROKER_FACT,2023-04-28 00:00:00,2023-05-01 01:01:00,BEARISH,2023-05-01 05:47:00,2023-05-01 05:48:00,13251.0,D1-20230428-BEARISH,STOP,13254.7,2023-05-01 05:56:00,MLR-TECH-ABL-001,2023-05-02 00:00:00,PREVIOUSLY_EXPOSED_WINDOW,C1_OB_FVG,M1_STRICT_PENETRATION_NO_FAVORABLE_IMPROVEMENT,STRICT_M1_LIMIT_PENETRATION,FILLED,0,0.0,-3.7,-0.4252873563218390804597701149,0.13333333333333333,TECHNICAL_ONLY_ABLATION,-8.7,-1,LOSS_1R,QRP-MACRO-LIQUIDITY-REVERSAL-001,0,8.7,NORMALIZED_MEDIUM_COST,D1-20230428-BEARISH-M1-C1_OB_FVG-FVG-009788-OB-001826,1.0,2,13254.7,M1_C1_OB_FVG,1.5,13237.95,M1
13251.0,13258.7,False,9,OB,13250.4,13252.7,4,FVG-009788|OB-001826,13250.4,13251.6,13246.5,13263.2,HYPOTHETICAL_SCENARIO_NOT_BROKER_FACT,2023-04-28 00:00:00,2023-05-01 01:01:00,BEARISH,2023-05-01 05:47:00,2023-05-01 05:48:00,13251.0,D1-20230428-BEARISH,STOP,13258.7,2023-05-01 05:56:00,MLR-TECH-ABL-001,2023-05-02 00:00:00,PREVIOUSLY_EXPOSED_WINDOW,C1_OB_FVG,M1_STRICT_PENETRATION_NO_FAVORABLE_IMPROVEMENT,STRICT_M1_LIMIT_PENETRATION,FILLED,0,0.00,-7.7,-0.3719806763285024154589371981,0.13333333333333333,TECHNICAL_ONLY_ABLATION,-20.70,-1.0,LOSS_1R,QRP-MACRO-LIQUIDITY-REVERSAL-001,0,20.7,NORMALIZED_HIGH_COST,D1-20230428-BEARISH-M1-C1_OB_FVG-FVG-009788-OB-001826,3.0,6,13258.7,M1_C1_OB_FVG,1.5,13219.95,M1
13229.599999999999,13232.4,False,5,OB,13228.9,13231.4,1.0,FVG-009970|OB-001862,13228.9,13230.3,13228.849999999999,13233.15,HYPOTHETICAL_SCENARIO_NOT_BROKER_FACT,2023-05-01 00:00:00,2023-05-02 12:14:00,BEARISH,2023-05-02 12:16:00,2023-05-02 12:17:00,13229.599999999999,D1-20230501-BEARISH,STOP,13232.4,2023-05-02 12:21:00,MLR-TECH-ABL-001,2023-05-03 00:00:00,PREVIOUSLY_EXPOSED_WINDOW,C1_OB_FVG,M1_STRICT_PENETRATION_NO_FAVORABLE_IMPROVEMENT,STRICT_M1_LIMIT_PENETRATION,FILLED,0,0,-2.800000000001,-0.5283018867925418298326806525,0.06666666666666667,TECHNICAL_ONLY_ABLATION,-5.300000000001,-1,LOSS_1R,QRP-MACRO-LIQUIDITY-REVERSAL-001,0,5.300000000001,NORMALIZED_LOW_COST,D1-20230501-BEARISH-M1-C1_OB_FVG-FVG-009970-OB-001862,0.50,1,13232.4,M1_C1_OB_FVG,1.5,13221.6499999999975,M1
13229.599999999999,13233.4,False,22,OB,13228.9,13231.4,2,FVG-009970|OB-001862,13228.9,13230.3,13228.099999999999,13234.9,HYPOTHETICAL_SCENARIO_NOT_BROKER_FACT,2023-05-01 00:00:00,2023-05-02 12:14:00,BEARISH,2023-05-02 12:16:00,2023-05-02 12:17:00,13229.599999999999,D1-20230501-BEARISH,STOP,13233.4,2023-05-02 12:38:00,MLR-TECH-ABL-001,2023-05-03 00:00:00,PREVIOUSLY_EXPOSED_WINDOW,C1_OB_FVG,M1_STRICT_PENETRATION_NO_FAVORABLE_IMPROVEMENT,STRICT_M1_LIMIT_PENETRATION,FILLED,0,0.0,-3.800000000001,-0.4318181818182463842975206538,0.35,TECHNICAL_ONLY_ABLATION,-8.800000000001,-1,LOSS_1R,QRP-MACRO-LIQUIDITY-REVERSAL-001,0,8.800000000001,NORMALIZED_MEDIUM_COST,D1-20230501-BEARISH-M1-C1_OB_FVG-FVG-009970-OB-001862,1.0,2,13233.4,M1_C1_OB_FVG,1.5,13216.3999999999975,M1
13229.599999999999,13237.4,False,24,OB,13228.9,13231.4,4,FVG-009970|OB-001862,13228.9,13230.3,13225.099999999999,13241.9,HYPOTHETICAL_SCENARIO_NOT_BROKER_FACT,2023-05-01 00:00:00,2023-05-02 12:14:00,BEARISH,2023-05-02 12:16:00,2023-05-02 12:17:00,13229.599999999999,D1-20230501-BEARISH,STOP,13237.4,2023-05-02 12:40:00,MLR-TECH-ABL-001,2023-05-03 00:00:00,PREVIOUSLY_EXPOSED_WINDOW,C1_OB_FVG,M1_STRICT_PENETRATION_NO_FAVORABLE_IMPROVEMENT,STRICT_M1_LIMIT_PENETRATION,FILLED,0,0.00,-7.800000000001,-0.3750000000000300480769230755,0.38333333333333336,TECHNICAL_ONLY_ABLATION,-20.800000000001,-1,LOSS_1R,QRP-MACRO-LIQUIDITY-REVERSAL-001,0,20.800000000001,NORMALIZED_HIGH_COST,D1-20230501-BEARISH-M1-C1_OB_FVG-FVG-009970-OB-001862,3.0,6,13237.4,M1_C1_OB_FVG,1.5,13198.3999999999975,M1
,,False,0,OB,14552.8,14554.8,0,FVG-010072|OB-001884,14554.0,14554.8,,,HYPOTHETICAL_SCENARIO_NOT_BROKER_FACT,2023-06-05 00:00:00,2023-06-06 12:17:00,BEARISH,,,,D1-20230605-BEARISH,OB_MITIGATED_BEFORE_MIDPOINT,,,MLR-TECH-ABL-001,2023-06-07 00:00:00,PREVIOUSLY_EXPOSED_WINDOW,C1_OB_FVG,M1_BLOCK_TOUCH,OB_MITIGATED_BEFORE_MIDPOINT,NO_FILL,0,0,,,,TECHNICAL_ONLY_ABLATION,,,NO_FILL,QRP-MACRO-LIQUIDITY-REVERSAL-001,0,,NORMALIZED_LOW_COST,D1-20230605-BEARISH-M1-C1_OB_FVG-FVG-010072-OB-001884,0,0,,M1_C1_OB_FVG,1.5,,M1
,,False,0,OB,14552.8,14554.8,0,FVG-010072|OB-001884,14554.0,14554.8,,,HYPOTHETICAL_SCENARIO_NOT_BROKER_FACT,2023-06-05 00:00:00,2023-06-06 12:17:00,BEARISH,,,,D1-20230605-BEARISH,OB_MITIGATED_BEFORE_MIDPOINT,,,MLR-TECH-ABL-001,2023-06-07 00:00:00,PREVIOUSLY_EXPOSED_WINDOW,C1_OB_FVG,M1_BLOCK_TOUCH,OB_MITIGATED_BEFORE_MIDPOINT,NO_FILL,0,0,,,,TECHNICAL_ONLY_ABLATION,,,NO_FILL,QRP-MACRO-LIQUIDITY-REVERSAL-001,0,,NORMALIZED_MEDIUM_COST,D1-20230605-BEARISH-M1-C1_OB_FVG-FVG-010072-OB-001884,0,0,,M1_C1_OB_FVG,1.5,,M1
,,False,0,OB,14552.8,14554.8,0,FVG-010072|OB-001884,14554.0,14554.8,,,HYPOTHETICAL_SCENARIO_NOT_BROKER_FACT,2023-06-05 00:00:00,2023-06-06 12:17:00,BEARISH,,,,D1-20230605-BEARISH,OB_MITIGATED_BEFORE_MIDPOINT,,,MLR-TECH-ABL-001,2023-06-07 00:00:00,PREVIOUSLY_EXPOSED_WINDOW,C1_OB_FVG,M1_BLOCK_TOUCH,OB_MITIGATED_BEFORE_MIDPOINT,NO_FILL,0,0,,,,TECHNICAL_ONLY_ABLATION,,,NO_FILL,QRP-MACRO-LIQUIDITY-REVERSAL-001,0,,NORMALIZED_HIGH_COST,D1-20230605-BEARISH-M1-C1_OB_FVG-FVG-010072-OB-001884,0,0,,M1_C1_OB_FVG,1.5,,M1
15551.7,15554.9,False,21,OB,15551.6,15553.5,1.0,FVG-010190|OB-001897,15551.6,15551.8,15550.95,15555.65,HYPOTHETICAL_SCENARIO_NOT_BROKER_FACT,2023-07-14 00:00:00,2023-07-17 01:44:00,BEARISH,2023-07-17 04:10:00,2023-07-17 04:11:00,15551.7,D1-20230714-BEARISH,STOP_GAP_OPEN,15554.9,2023-07-17 04:30:00,MLR-TECH-ABL-001,2023-07-18 00:00:00,PREVIOUSLY_EXPOSED_WINDOW,C1_OB_FVG,M1_STRICT_PENETRATION_NO_FAVORABLE_IMPROVEMENT,STRICT_M1_LIMIT_PENETRATION,FILLED,0,0,-3.2,-0.6037735849056603773584905660,0.31666666666666665,TECHNICAL_ONLY_ABLATION,-5.70,-1.075471698113207547169811321,LOSS_1R,QRP-MACRO-LIQUIDITY-REVERSAL-001,0,5.30,NORMALIZED_LOW_COST,D1-20230714-BEARISH-M1-C1_OB_FVG-FVG-010190-OB-001897,0.50,1,15554.5,M1_C1_OB_FVG,1.5,15543.750,M1
15551.7,15555.5,False,21,OB,15551.6,15553.5,2,FVG-010190|OB-001897,15551.6,15551.8,15550.2,15557.0,HYPOTHETICAL_SCENARIO_NOT_BROKER_FACT,2023-07-14 00:00:00,2023-07-17 01:44:00,BEARISH,2023-07-17 04:10:00,2023-07-17 04:11:00,15551.7,D1-20230714-BEARISH,STOP,15555.5,2023-07-17 04:31:00,MLR-TECH-ABL-001,2023-07-18 00:00:00,PREVIOUSLY_EXPOSED_WINDOW,C1_OB_FVG,M1_STRICT_PENETRATION_NO_FAVORABLE_IMPROVEMENT,STRICT_M1_LIMIT_PENETRATION,FILLED,0,0.0,-3.8,-0.4318181818181818181818181818,0.3333333333333333,TECHNICAL_ONLY_ABLATION,-8.8,-1,LOSS_1R,QRP-MACRO-LIQUIDITY-REVERSAL-001,0,8.8,NORMALIZED_MEDIUM_COST,D1-20230714-BEARISH-M1-C1_OB_FVG-FVG-010190-OB-001897,1.0,2,15555.5,M1_C1_OB_FVG,1.5,15538.50,M1
15551.7,15559.5,False,250,OB,15551.6,15553.5,4,FVG-010190|OB-001897,15551.6,15551.8,15547.2,15564.0,HYPOTHETICAL_SCENARIO_NOT_BROKER_FACT,2023-07-14 00:00:00,2023-07-17 01:44:00,BEARISH,2023-07-17 04:10:00,2023-07-17 04:11:00,15551.7,D1-20230714-BEARISH,STOP,15559.5,2023-07-17 08:20:00,MLR-TECH-ABL-001,2023-07-18 00:00:00,PREVIOUSLY_EXPOSED_WINDOW,C1_OB_FVG,M1_STRICT_PENETRATION_NO_FAVORABLE_IMPROVEMENT,STRICT_M1_LIMIT_PENETRATION,FILLED,0,0.00,-7.8,-0.375,4.15,TECHNICAL_ONLY_ABLATION,-20.80,-1.0,LOSS_1R,QRP-MACRO-LIQUIDITY-REVERSAL-001,0,20.8,NORMALIZED_HIGH_COST,D1-20230714-BEARISH-M1-C1_OB_FVG-FVG-010190-OB-001897,3.0,6,15559.5,M1_C1_OB_FVG,1.5,15520.50,M1
,,False,0,OB,15790.3,15794.9,0,FVG-010411|OB-001929,15791.7,15794.9,,,HYPOTHETICAL_SCENARIO_NOT_BROKER_FACT,2023-07-19 00:00:00,2023-07-20 01:04:00,BEARISH,,,,D1-20230719-BEARISH,MIDPOINT_NOT_STRICTLY_PENETRATED,,,MLR-TECH-ABL-001,2023-07-21 00:00:00,PREVIOUSLY_EXPOSED_WINDOW,C1_OB_FVG,M1_PATH,MIDPOINT_NOT_STRICTLY_PENETRATED,NO_FILL,0,0,,,,TECHNICAL_ONLY_ABLATION,,,NO_FILL,QRP-MACRO-LIQUIDITY-REVERSAL-001,0,,NORMALIZED_LOW_COST,D1-20230719-BEARISH-M1-C1_OB_FVG-FVG-010411-OB-001929,0,0,,M1_C1_OB_FVG,1.5,,M1
,,False,0,OB,15790.3,15794.9,0,FVG-010411|OB-001929,15791.7,15794.9,,,HYPOTHETICAL_SCENARIO_NOT_BROKER_FACT,2023-07-19 00:00:00,2023-07-20 01:04:00,BEARISH,,,,D1-20230719-BEARISH,MIDPOINT_NOT_STRICTLY_PENETRATED,,,MLR-TECH-ABL-001,2023-07-21 00:00:00,PREVIOUSLY_EXPOSED_WINDOW,C1_OB_FVG,M1_PATH,MIDPOINT_NOT_STRICTLY_PENETRATED,NO_FILL,0,0,,,,TECHNICAL_ONLY_ABLATION,,,NO_FILL,QRP-MACRO-LIQUIDITY-REVERSAL-001,0,,NORMALIZED_MEDIUM_COST,D1-20230719-BEARISH-M1-C1_OB_FVG-FVG-010411-OB-001929,0,0,,M1_C1_OB_FVG,1.5,,M1
,,False,0,OB,15790.3,15794.9,0,FVG-010411|OB-001929,15791.7,15794.9,,,HYPOTHETICAL_SCENARIO_NOT_BROKER_FACT,2023-07-19 00:00:00,2023-07-20 01:04:00,BEARISH,,,,D1-20230719-BEARISH,MIDPOINT_NOT_STRICTLY_PENETRATED,,,MLR-TECH-ABL-001,2023-07-21 00:00:00,PREVIOUSLY_EXPOSED_WINDOW,C1_OB_FVG,M1_PATH,MIDPOINT_NOT_STRICTLY_PENETRATED,NO_FILL,0,0,,,,TECHNICAL_ONLY_ABLATION,,,NO_FILL,QRP-MACRO-LIQUIDITY-REVERSAL-001,0,,NORMALIZED_HIGH_COST,D1-20230719-BEARISH-M1-C1_OB_FVG-FVG-010411-OB-001929,0,0,,M1_C1_OB_FVG,1.5,,M1
15774.15,15777.1,False,3,OB,15773.3,15776.1,1.0,FVG-010640|OB-001980,15774.0,15774.3,15773.40,15777.85,HYPOTHETICAL_SCENARIO_NOT_BROKER_FACT,2023-07-31 00:00:00,2023-08-01 04:38:00,BEARISH,2023-08-01 04:38:00,2023-08-01 04:39:00,15774.15,D1-20230731-BEARISH,STOP,15777.1,2023-08-01 04:41:00,MLR-TECH-ABL-001,2023-08-02 00:00:00,PREVIOUSLY_EXPOSED_WINDOW,C1_OB_FVG,M1_STRICT_PENETRATION_NO_FAVORABLE_IMPROVEMENT,STRICT_M1_LIMIT_PENETRATION,FILLED,0,0,-2.95,-0.5412844036697247706422018349,0.03333333333333333,TECHNICAL_ONLY_ABLATION,-5.45,-1,LOSS_1R,QRP-MACRO-LIQUIDITY-REVERSAL-001,0,5.45,NORMALIZED_LOW_COST,D1-20230731-BEARISH-M1-C1_OB_FVG-FVG-010640-OB-001980,0.50,1,15777.1,M1_C1_OB_FVG,1.5,15765.975,M1
15774.15,15778.1,False,3,OB,15773.3,15776.1,2,FVG-010640|OB-001980,15774.0,15774.3,15772.65,15779.6,HYPOTHETICAL_SCENARIO_NOT_BROKER_FACT,2023-07-31 00:00:00,2023-08-01 04:38:00,BEARISH,2023-08-01 04:38:00,2023-08-01 04:39:00,15774.15,D1-20230731-BEARISH,STOP,15778.1,2023-08-01 04:41:00,MLR-TECH-ABL-001,2023-08-02 00:00:00,PREVIOUSLY_EXPOSED_WINDOW,C1_OB_FVG,M1_STRICT_PENETRATION_NO_FAVORABLE_IMPROVEMENT,STRICT_M1_LIMIT_PENETRATION,FILLED,0,0.0,-3.95,-0.4413407821229050279329608939,0.03333333333333333,TECHNICAL_ONLY_ABLATION,-8.95,-1,LOSS_1R,QRP-MACRO-LIQUIDITY-REVERSAL-001,0,8.95,NORMALIZED_MEDIUM_COST,D1-20230731-BEARISH-M1-C1_OB_FVG-FVG-010640-OB-001980,1.0,2,15778.1,M1_C1_OB_FVG,1.5,15760.725,M1
15774.15,15782.1,False,18,OB,15773.3,15776.1,4,FVG-010640|OB-001980,15774.0,15774.3,15769.65,15786.6,HYPOTHETICAL_SCENARIO_NOT_BROKER_FACT,2023-07-31 00:00:00,2023-08-01 04:38:00,BEARISH,2023-08-01 04:38:00,2023-08-01 04:39:00,15774.15,D1-20230731-BEARISH,STOP,15782.1,2023-08-01 04:56:00,MLR-TECH-ABL-001,2023-08-02 00:00:00,PREVIOUSLY_EXPOSED_WINDOW,C1_OB_FVG,M1_STRICT_PENETRATION_NO_FAVORABLE_IMPROVEMENT,STRICT_M1_LIMIT_PENETRATION,FILLED,0,0.00,-7.95,-0.3794749403341288782816229117,0.2833333333333333,TECHNICAL_ONLY_ABLATION,-20.95,-1,LOSS_1R,QRP-MACRO-LIQUIDITY-REVERSAL-001,0,20.95,NORMALIZED_HIGH_COST,D1-20230731-BEARISH-M1-C1_OB_FVG-FVG-010640-OB-001980,3.0,6,15782.1,M1_C1_OB_FVG,1.5,15742.725,M1
,,False,0,OB,15477.6,15480.1,0,FVG-010817|OB-002020,15478.6,15480.1,,,HYPOTHETICAL_SCENARIO_NOT_BROKER_FACT,2023-09-01 00:00:00,2023-09-04 01:17:00,BEARISH,,,,D1-20230901-BEARISH,OB_MITIGATED_BEFORE_MIDPOINT,,,MLR-TECH-ABL-001,2023-09-05 00:00:00,PREVIOUSLY_EXPOSED_WINDOW,C1_OB_FVG,M1_BLOCK_TOUCH,OB_MITIGATED_BEFORE_MIDPOINT,NO_FILL,0,0,,,,TECHNICAL_ONLY_ABLATION,,,NO_FILL,QRP-MACRO-LIQUIDITY-REVERSAL-001,0,,NORMALIZED_LOW_COST,D1-20230901-BEARISH-M1-C1_OB_FVG-FVG-010817-OB-002020,0,0,,M1_C1_OB_FVG,1.5,,M1
,,False,0,OB,15477.6,15480.1,0,FVG-010817|OB-002020,15478.6,15480.1,,,HYPOTHETICAL_SCENARIO_NOT_BROKER_FACT,2023-09-01 00:00:00,2023-09-04 01:17:00,BEARISH,,,,D1-20230901-BEARISH,OB_MITIGATED_BEFORE_MIDPOINT,,,MLR-TECH-ABL-001,2023-09-05 00:00:00,PREVIOUSLY_EXPOSED_WINDOW,C1_OB_FVG,M1_BLOCK_TOUCH,OB_MITIGATED_BEFORE_MIDPOINT,NO_FILL,0,0,,,,TECHNICAL_ONLY_ABLATION,,,NO_FILL,QRP-MACRO-LIQUIDITY-REVERSAL-001,0,,NORMALIZED_MEDIUM_COST,D1-20230901-BEARISH-M1-C1_OB_FVG-FVG-010817-OB-002020,0,0,,M1_C1_OB_FVG,1.5,,M1
,,False,0,OB,15477.6,15480.1,0,FVG-010817|OB-002020,15478.6,15480.1,,,HYPOTHETICAL_SCENARIO_NOT_BROKER_FACT,2023-09-01 00:00:00,2023-09-04 01:17:00,BEARISH,,,,D1-20230901-BEARISH,OB_MITIGATED_BEFORE_MIDPOINT,,,MLR-TECH-ABL-001,2023-09-05 00:00:00,PREVIOUSLY_EXPOSED_WINDOW,C1_OB_FVG,M1_BLOCK_TOUCH,OB_MITIGATED_BEFORE_MIDPOINT,NO_FILL,0,0,,,,TECHNICAL_ONLY_ABLATION,,,NO_FILL,QRP-MACRO-LIQUIDITY-REVERSAL-001,0,,NORMALIZED_HIGH_COST,D1-20230901-BEARISH-M1-C1_OB_FVG-FVG-010817-OB-002020,0,0,,M1_C1_OB_FVG,1.5,,M1
,,False,0,OB,14531.0,14536.5,0,FVG-010993|OB-002053,14531.0,14533.0,,,HYPOTHETICAL_SCENARIO_NOT_BROKER_FACT,2023-09-27 00:00:00,2023-09-28 12:42:00,BULLISH,,,,D1-20230927-BULLISH,OB_MITIGATED_BEFORE_MIDPOINT,,,MLR-TECH-ABL-001,2023-09-29 00:00:00,PREVIOUSLY_EXPOSED_WINDOW,C1_OB_FVG,M1_BLOCK_TOUCH,OB_MITIGATED_BEFORE_MIDPOINT,NO_FILL,0,0,,,,TECHNICAL_ONLY_ABLATION,,,NO_FILL,QRP-MACRO-LIQUIDITY-REVERSAL-001,0,,NORMALIZED_LOW_COST,D1-20230927-BULLISH-M1-C1_OB_FVG-FVG-010993-OB-002053,0,0,,M1_C1_OB_FVG,1.5,,M1
,,False,0,OB,14531.0,14536.5,0,FVG-010993|OB-002053,14531.0,14533.0,,,HYPOTHETICAL_SCENARIO_NOT_BROKER_FACT,2023-09-27 00:00:00,2023-09-28 12:42:00,BULLISH,,,,D1-20230927-BULLISH,OB_MITIGATED_BEFORE_MIDPOINT,,,MLR-TECH-ABL-001,2023-09-29 00:00:00,PREVIOUSLY_EXPOSED_WINDOW,C1_OB_FVG,M1_BLOCK_TOUCH,OB_MITIGATED_BEFORE_MIDPOINT,NO_FILL,0,0,,,,TECHNICAL_ONLY_ABLATION,,,NO_FILL,QRP-MACRO-LIQUIDITY-REVERSAL-001,0,,NORMALIZED_MEDIUM_COST,D1-20230927-BULLISH-M1-C1_OB_FVG-FVG-010993-OB-002053,0,0,,M1_C1_OB_FVG,1.5,,M1
,,False,0,OB,14531.0,14536.5,0,FVG-010993|OB-002053,14531.0,14533.0,,,HYPOTHETICAL_SCENARIO_NOT_BROKER_FACT,2023-09-27 00:00:00,2023-09-28 12:42:00,BULLISH,,,,D1-20230927-BULLISH,OB_MITIGATED_BEFORE_MIDPOINT,,,MLR-TECH-ABL-001,2023-09-29 00:00:00,PREVIOUSLY_EXPOSED_WINDOW,C1_OB_FVG,M1_BLOCK_TOUCH,OB_MITIGATED_BEFORE_MIDPOINT,NO_FILL,0,0,,,,TECHNICAL_ONLY_ABLATION,,,NO_FILL,QRP-MACRO-LIQUIDITY-REVERSAL-001,0,,NORMALIZED_HIGH_COST,D1-20230927-BULLISH-M1-C1_OB_FVG-FVG-010993-OB-002053,0,0,,M1_C1_OB_FVG,1.5,,M1
,,False,0,OB,15783.8,15786.8,0,FVG-011121|OB-002079,15783.8,15784.2,,,HYPOTHETICAL_SCENARIO_NOT_BROKER_FACT,2023-11-15 00:00:00,2023-11-16 01:14:00,BEARISH,,,,D1-20231115-BEARISH,OB_MITIGATED_BEFORE_MIDPOINT,,,MLR-TECH-ABL-001,2023-11-17 00:00:00,PREVIOUSLY_EXPOSED_WINDOW,C1_OB_FVG,M1_BLOCK_TOUCH,OB_MITIGATED_BEFORE_MIDPOINT,NO_FILL,0,0,,,,TECHNICAL_ONLY_ABLATION,,,NO_FILL,QRP-MACRO-LIQUIDITY-REVERSAL-001,0,,NORMALIZED_LOW_COST,D1-20231115-BEARISH-M1-C1_OB_FVG-FVG-011121-OB-002079,0,0,,M1_C1_OB_FVG,1.5,,M1
,,False,0,OB,15783.8,15786.8,0,FVG-011121|OB-002079,15783.8,15784.2,,,HYPOTHETICAL_SCENARIO_NOT_BROKER_FACT,2023-11-15 00:00:00,2023-11-16 01:14:00,BEARISH,,,,D1-20231115-BEARISH,OB_MITIGATED_BEFORE_MIDPOINT,,,MLR-TECH-ABL-001,2023-11-17 00:00:00,PREVIOUSLY_EXPOSED_WINDOW,C1_OB_FVG,M1_BLOCK_TOUCH,OB_MITIGATED_BEFORE_MIDPOINT,NO_FILL,0,0,,,,TECHNICAL_ONLY_ABLATION,,,NO_FILL,QRP-MACRO-LIQUIDITY-REVERSAL-001,0,,NORMALIZED_MEDIUM_COST,D1-20231115-BEARISH-M1-C1_OB_FVG-FVG-011121-OB-002079,0,0,,M1_C1_OB_FVG,1.5,,M1
,,False,0,OB,15783.8,15786.8,0,FVG-011121|OB-002079,15783.8,15784.2,,,HYPOTHETICAL_SCENARIO_NOT_BROKER_FACT,2023-11-15 00:00:00,2023-11-16 01:14:00,BEARISH,,,,D1-20231115-BEARISH,OB_MITIGATED_BEFORE_MIDPOINT,,,MLR-TECH-ABL-001,2023-11-17 00:00:00,PREVIOUSLY_EXPOSED_WINDOW,C1_OB_FVG,M1_BLOCK_TOUCH,OB_MITIGATED_BEFORE_MIDPOINT,NO_FILL,0,0,,,,TECHNICAL_ONLY_ABLATION,,,NO_FILL,QRP-MACRO-LIQUIDITY-REVERSAL-001,0,,NORMALIZED_HIGH_COST,D1-20231115-BEARISH-M1-C1_OB_FVG-FVG-011121-OB-002079,0,0,,M1_C1_OB_FVG,1.5,,M1
,,False,0,OB,16026.6,16027.6,0,FVG-011304|OB-002115,16027.3,16027.6,,,HYPOTHETICAL_SCENARIO_NOT_BROKER_FACT,2023-11-29 00:00:00,2023-11-30 13:02:00,BEARISH,,,,D1-20231129-BEARISH,OB_MITIGATED_BEFORE_MIDPOINT,,,MLR-TECH-ABL-001,2023-12-01 00:00:00,PREVIOUSLY_EXPOSED_WINDOW,C1_OB_FVG,M1_BLOCK_TOUCH,OB_MITIGATED_BEFORE_MIDPOINT,NO_FILL,0,0,,,,TECHNICAL_ONLY_ABLATION,,,NO_FILL,QRP-MACRO-LIQUIDITY-REVERSAL-001,0,,NORMALIZED_LOW_COST,D1-20231129-BEARISH-M1-C1_OB_FVG-FVG-011304-OB-002115,0,0,,M1_C1_OB_FVG,1.5,,M1
,,False,0,OB,16026.6,16027.6,0,FVG-011304|OB-002115,16027.3,16027.6,,,HYPOTHETICAL_SCENARIO_NOT_BROKER_FACT,2023-11-29 00:00:00,2023-11-30 13:02:00,BEARISH,,,,D1-20231129-BEARISH,OB_MITIGATED_BEFORE_MIDPOINT,,,MLR-TECH-ABL-001,2023-12-01 00:00:00,PREVIOUSLY_EXPOSED_WINDOW,C1_OB_FVG,M1_BLOCK_TOUCH,OB_MITIGATED_BEFORE_MIDPOINT,NO_FILL,0,0,,,,TECHNICAL_ONLY_ABLATION,,,NO_FILL,QRP-MACRO-LIQUIDITY-REVERSAL-001,0,,NORMALIZED_MEDIUM_COST,D1-20231129-BEARISH-M1-C1_OB_FVG-FVG-011304-OB-002115,0,0,,M1_C1_OB_FVG,1.5,,M1
,,False,0,OB,16026.6,16027.6,0,FVG-011304|OB-002115,16027.3,16027.6,,,HYPOTHETICAL_SCENARIO_NOT_BROKER_FACT,2023-11-29 00:00:00,2023-11-30 13:02:00,BEARISH,,,,D1-20231129-BEARISH,OB_MITIGATED_BEFORE_MIDPOINT,,,MLR-TECH-ABL-001,2023-12-01 00:00:00,PREVIOUSLY_EXPOSED_WINDOW,C1_OB_FVG,M1_BLOCK_TOUCH,OB_MITIGATED_BEFORE_MIDPOINT,NO_FILL,0,0,,,,TECHNICAL_ONLY_ABLATION,,,NO_FILL,QRP-MACRO-LIQUIDITY-REVERSAL-001,0,,NORMALIZED_HIGH_COST,D1-20231129-BEARISH-M1-C1_OB_FVG-FVG-011304-OB-002115,0,0,,M1_C1_OB_FVG,1.5,,M1
16545.449999999997,16546.8,True,1,OB,16543.2,16545.8,1.0,FVG-011438|OB-002145,16545.1,16545.8,16544.699999999997,16547.55,HYPOTHETICAL_SCENARIO_NOT_BROKER_FACT,2023-12-14 00:00:00,2023-12-15 03:07:00,BEARISH,2023-12-15 03:11:00,2023-12-15 03:12:00,16545.449999999997,D1-20231214-BEARISH,ENTRY_BAR_STOP_ADVERSE,16546.8,2023-12-15 03:12:00,MLR-TECH-ABL-001,2023-12-16 00:00:00,PREVIOUSLY_EXPOSED_WINDOW,C1_OB_FVG,M1_STRICT_PENETRATION_NO_FAVORABLE_IMPROVEMENT,STRICT_M1_LIMIT_PENETRATION,FILLED,0,0,-1.350000000003,-0.3506493506498566368696234883,0.0,TECHNICAL_ONLY_ABLATION,-3.850000000003,-1,AMBIGUOUS_ADVERSE_FIRST,QRP-MACRO-LIQUIDITY-REVERSAL-001,0,3.850000000003,NORMALIZED_LOW_COST,D1-20231214-BEARISH-M1-C1_OB_FVG-FVG-011438-OB-002145,0.50,1,16546.8,M1_C1_OB_FVG,1.5,16539.6749999999925,M1
16545.449999999997,16547.8,False,1,OB,16543.2,16545.8,2,FVG-011438|OB-002145,16545.1,16545.8,16543.949999999997,16549.3,HYPOTHETICAL_SCENARIO_NOT_BROKER_FACT,2023-12-14 00:00:00,2023-12-15 03:07:00,BEARISH,2023-12-15 03:11:00,2023-12-15 03:12:00,16545.449999999997,D1-20231214-BEARISH,ENTRY_BAR_STOP_ADVERSE,16547.8,2023-12-15 03:12:00,MLR-TECH-ABL-001,2023-12-16 00:00:00,PREVIOUSLY_EXPOSED_WINDOW,C1_OB_FVG,M1_STRICT_PENETRATION_NO_FAVORABLE_IMPROVEMENT,STRICT_M1_LIMIT_PENETRATION,FILLED,0,0.0,-2.350000000003,-0.3197278911567402471192557523,0.0,TECHNICAL_ONLY_ABLATION,-7.350000000003,-1,LOSS_1R,QRP-MACRO-LIQUIDITY-REVERSAL-001,0,7.350000000003,NORMALIZED_MEDIUM_COST,D1-20231214-BEARISH-M1-C1_OB_FVG-FVG-011438-OB-002145,1.0,2,16547.8,M1_C1_OB_FVG,1.5,16534.4249999999925,M1
16545.449999999997,16551.8,False,21,OB,16543.2,16545.8,4,FVG-011438|OB-002145,16545.1,16545.8,16540.949999999997,16556.3,HYPOTHETICAL_SCENARIO_NOT_BROKER_FACT,2023-12-14 00:00:00,2023-12-15 03:07:00,BEARISH,2023-12-15 03:11:00,2023-12-15 03:12:00,16545.449999999997,D1-20231214-BEARISH,STOP,16551.8,2023-12-15 03:32:00,MLR-TECH-ABL-001,2023-12-16 00:00:00,PREVIOUSLY_EXPOSED_WINDOW,C1_OB_FVG,M1_STRICT_PENETRATION_NO_FAVORABLE_IMPROVEMENT,STRICT_M1_LIMIT_PENETRATION,FILLED,0,0.00,-6.350000000003,-0.3281653746771067443863549705,0.3333333333333333,TECHNICAL_ONLY_ABLATION,-19.350000000003,-1,LOSS_1R,QRP-MACRO-LIQUIDITY-REVERSAL-001,0,19.350000000003,NORMALIZED_HIGH_COST,D1-20231214-BEARISH-M1-C1_OB_FVG-FVG-011438-OB-002145,3.0,6,16551.8,M1_C1_OB_FVG,1.5,16516.4249999999925,M1
,,False,0,OB,17348.4,17349.4,0,FVG-011585|OB-002171,17348.4,17348.6,,,HYPOTHETICAL_SCENARIO_NOT_BROKER_FACT,2024-01-22 00:00:00,2024-01-23 08:32:00,BEARISH,,,,D1-20240122-BEARISH,OB_MITIGATED_BEFORE_MIDPOINT,,,MLR-TECH-ABL-001,2024-01-24 00:00:00,PREVIOUSLY_EXPOSED_WINDOW,C1_OB_FVG,M1_BLOCK_TOUCH,OB_MITIGATED_BEFORE_MIDPOINT,NO_FILL,0,0,,,,TECHNICAL_ONLY_ABLATION,,,NO_FILL,QRP-MACRO-LIQUIDITY-REVERSAL-001,0,,NORMALIZED_LOW_COST,D1-20240122-BEARISH-M1-C1_OB_FVG-FVG-011585-OB-002171,0,0,,M1_C1_OB_FVG,1.5,,M1
,,False,0,OB,17348.4,17349.4,0,FVG-011585|OB-002171,17348.4,17348.6,,,HYPOTHETICAL_SCENARIO_NOT_BROKER_FACT,2024-01-22 00:00:00,2024-01-23 08:32:00,BEARISH,,,,D1-20240122-BEARISH,OB_MITIGATED_BEFORE_MIDPOINT,,,MLR-TECH-ABL-001,2024-01-24 00:00:00,PREVIOUSLY_EXPOSED_WINDOW,C1_OB_FVG,M1_BLOCK_TOUCH,OB_MITIGATED_BEFORE_MIDPOINT,NO_FILL,0,0,,,,TECHNICAL_ONLY_ABLATION,,,NO_FILL,QRP-MACRO-LIQUIDITY-REVERSAL-001,0,,NORMALIZED_MEDIUM_COST,D1-20240122-BEARISH-M1-C1_OB_FVG-FVG-011585-OB-002171,0,0,,M1_C1_OB_FVG,1.5,,M1
,,False,0,OB,17348.4,17349.4,0,FVG-011585|OB-002171,17348.4,17348.6,,,HYPOTHETICAL_SCENARIO_NOT_BROKER_FACT,2024-01-22 00:00:00,2024-01-23 08:32:00,BEARISH,,,,D1-20240122-BEARISH,OB_MITIGATED_BEFORE_MIDPOINT,,,MLR-TECH-ABL-001,2024-01-24 00:00:00,PREVIOUSLY_EXPOSED_WINDOW,C1_OB_FVG,M1_BLOCK_TOUCH,OB_MITIGATED_BEFORE_MIDPOINT,NO_FILL,0,0,,,,TECHNICAL_ONLY_ABLATION,,,NO_FILL,QRP-MACRO-LIQUIDITY-REVERSAL-001,0,,NORMALIZED_HIGH_COST,D1-20240122-BEARISH-M1-C1_OB_FVG-FVG-011585-OB-002171,0,0,,M1_C1_OB_FVG,1.5,,M1
18090.35,18092.5,False,4,OB,18090.3,18091.5,1.0,FVG-011735|OB-002195,18090.3,18090.4,18089.60,18093.25,HYPOTHETICAL_SCENARIO_NOT_BROKER_FACT,2024-05-07 00:00:00,2024-05-08 01:01:00,BEARISH,2024-05-08 01:32:00,2024-05-08 01:33:00,18090.35,D1-20240507-BEARISH,STOP,18092.5,2024-05-08 01:36:00,MLR-TECH-ABL-001,2024-05-09 00:00:00,PREVIOUSLY_EXPOSED_WINDOW,C1_OB_FVG,M1_STRICT_PENETRATION_NO_FAVORABLE_IMPROVEMENT,STRICT_M1_LIMIT_PENETRATION,FILLED,0,0,-2.15,-0.4623655913978494623655913978,0.05,TECHNICAL_ONLY_ABLATION,-4.65,-1,LOSS_1R,QRP-MACRO-LIQUIDITY-REVERSAL-001,0,4.65,NORMALIZED_LOW_COST,D1-20240507-BEARISH-M1-C1_OB_FVG-FVG-011735-OB-002195,0.50,1,18092.5,M1_C1_OB_FVG,1.5,18083.375,M1
18090.35,18093.5,False,4,OB,18090.3,18091.5,2,FVG-011735|OB-002195,18090.3,18090.4,18088.85,18095.0,HYPOTHETICAL_SCENARIO_NOT_BROKER_FACT,2024-05-07 00:00:00,2024-05-08 01:01:00,BEARISH,2024-05-08 01:32:00,2024-05-08 01:33:00,18090.35,D1-20240507-BEARISH,STOP,18093.5,2024-05-08 01:36:00,MLR-TECH-ABL-001,2024-05-09 00:00:00,PREVIOUSLY_EXPOSED_WINDOW,C1_OB_FVG,M1_STRICT_PENETRATION_NO_FAVORABLE_IMPROVEMENT,STRICT_M1_LIMIT_PENETRATION,FILLED,0,0.0,-3.15,-0.3865030674846625766871165644,0.05,TECHNICAL_ONLY_ABLATION,-8.15,-1,LOSS_1R,QRP-MACRO-LIQUIDITY-REVERSAL-001,0,8.15,NORMALIZED_MEDIUM_COST,D1-20240507-BEARISH-M1-C1_OB_FVG-FVG-011735-OB-002195,1.0,2,18093.5,M1_C1_OB_FVG,1.5,18078.125,M1
18090.35,18097.5,False,31,OB,18090.3,18091.5,4,FVG-011735|OB-002195,18090.3,18090.4,18085.85,18102.0,HYPOTHETICAL_SCENARIO_NOT_BROKER_FACT,2024-05-07 00:00:00,2024-05-08 01:01:00,BEARISH,2024-05-08 01:32:00,2024-05-08 01:33:00,18090.35,D1-20240507-BEARISH,STOP,18097.5,2024-05-08 02:03:00,MLR-TECH-ABL-001,2024-05-09 00:00:00,PREVIOUSLY_EXPOSED_WINDOW,C1_OB_FVG,M1_STRICT_PENETRATION_NO_FAVORABLE_IMPROVEMENT,STRICT_M1_LIMIT_PENETRATION,FILLED,0,0.00,-7.15,-0.3548387096774193548387096774,0.5,TECHNICAL_ONLY_ABLATION,-20.15,-1,LOSS_1R,QRP-MACRO-LIQUIDITY-REVERSAL-001,0,20.15,NORMALIZED_HIGH_COST,D1-20240507-BEARISH-M1-C1_OB_FVG-FVG-011735-OB-002195,3.0,6,18097.5,M1_C1_OB_FVG,1.5,18060.125,M1
18557.949999999997,18561.4,False,22,OB,18557.6,18560.4,1.0,FVG-011948|OB-002244,18557.6,18558.3,18557.199999999997,18562.15,HYPOTHETICAL_SCENARIO_NOT_BROKER_FACT,2024-05-16 00:00:00,2024-05-17 02:09:00,BEARISH,2024-05-17 02:13:00,2024-05-17 02:14:00,18557.949999999997,D1-20240516-BEARISH,STOP,18561.4,2024-05-17 02:35:00,MLR-TECH-ABL-001,2024-05-18 00:00:00,PREVIOUSLY_EXPOSED_WINDOW,C1_OB_FVG,M1_STRICT_PENETRATION_NO_FAVORABLE_IMPROVEMENT,STRICT_M1_LIMIT_PENETRATION,FILLED,0,0,-3.450000000003,-0.5798319327733210931431395020,0.35,TECHNICAL_ONLY_ABLATION,-5.950000000003,-1,LOSS_1R,QRP-MACRO-LIQUIDITY-REVERSAL-001,0,5.950000000003,NORMALIZED_LOW_COST,D1-20240516-BEARISH-M1-C1_OB_FVG-FVG-011948-OB-002244,0.50,1,18561.4,M1_C1_OB_FVG,1.5,18549.0249999999925,M1
18557.949999999997,18562.4,False,25,OB,18557.6,18560.4,2,FVG-011948|OB-002244,18557.6,18558.3,18556.449999999997,18563.9,HYPOTHETICAL_SCENARIO_NOT_BROKER_FACT,2024-05-16 00:00:00,2024-05-17 02:09:00,BEARISH,2024-05-17 02:13:00,2024-05-17 02:14:00,18557.949999999997,D1-20240516-BEARISH,STOP,18562.4,2024-05-17 02:38:00,MLR-TECH-ABL-001,2024-05-18 00:00:00,PREVIOUSLY_EXPOSED_WINDOW,C1_OB_FVG,M1_STRICT_PENETRATION_NO_FAVORABLE_IMPROVEMENT,STRICT_M1_LIMIT_PENETRATION,FILLED,0,0.0,-4.450000000003,-0.4708994708996388678928360935,0.4,TECHNICAL_ONLY_ABLATION,-9.450000000003,-1,LOSS_1R,QRP-MACRO-LIQUIDITY-REVERSAL-001,0,9.450000000003,NORMALIZED_MEDIUM_COST,D1-20240516-BEARISH-M1-C1_OB_FVG-FVG-011948-OB-002244,1.0,2,18562.4,M1_C1_OB_FVG,1.5,18543.7749999999925,M1
18557.949999999997,18566.4,False,114,OB,18557.6,18560.4,4,FVG-011948|OB-002244,18557.6,18558.3,18553.449999999997,18570.9,HYPOTHETICAL_SCENARIO_NOT_BROKER_FACT,2024-05-16 00:00:00,2024-05-17 02:09:00,BEARISH,2024-05-17 02:13:00,2024-05-17 02:14:00,18557.949999999997,D1-20240516-BEARISH,STOP,18566.4,2024-05-17 04:07:00,MLR-TECH-ABL-001,2024-05-18 00:00:00,PREVIOUSLY_EXPOSED_WINDOW,C1_OB_FVG,M1_STRICT_PENETRATION_NO_FAVORABLE_IMPROVEMENT,STRICT_M1_LIMIT_PENETRATION,FILLED,0,0.00,-8.450000000003,-0.3939393939394787031150667396,1.8833333333333333,TECHNICAL_ONLY_ABLATION,-21.450000000003,-1,LOSS_1R,QRP-MACRO-LIQUIDITY-REVERSAL-001,0,21.450000000003,NORMALIZED_HIGH_COST,D1-20240516-BEARISH-M1-C1_OB_FVG-FVG-011948-OB-002244,3.0,6,18566.4,M1_C1_OB_FVG,1.5,18525.7749999999925,M1
19940.300000000003,19941.9,False,5,OB,19940.2,19940.9,1.0,FVG-012108|OB-002270,19940.2,19940.4,19939.550000000003,19942.65,HYPOTHETICAL_SCENARIO_NOT_BROKER_FACT,2024-06-18 00:00:00,2024-06-19 02:02:00,BEARISH,2024-06-19 09:13:00,2024-06-19 09:14:00,19940.300000000003,D1-20240618-BEARISH,STOP,19941.9,2024-06-19 09:18:00,MLR-TECH-ABL-001,2024-06-20 00:00:00,PREVIOUSLY_EXPOSED_WINDOW,C1_OB_FVG,M1_STRICT_PENETRATION_NO_FAVORABLE_IMPROVEMENT,STRICT_M1_LIMIT_PENETRATION,FILLED,0,0,-1.599999999997,-0.3902439024385782272456867646,0.06666666666666667,TECHNICAL_ONLY_ABLATION,-4.099999999997,-1,LOSS_1R,QRP-MACRO-LIQUIDITY-REVERSAL-001,0,4.099999999997,NORMALIZED_LOW_COST,D1-20240618-BEARISH-M1-C1_OB_FVG-FVG-012108-OB-002270,0.50,1,19941.9,M1_C1_OB_FVG,1.5,19934.1500000000075,M1
19940.300000000003,19942.9,False,6,OB,19940.2,19940.9,2,FVG-012108|OB-002270,19940.2,19940.4,19938.800000000003,19944.4,HYPOTHETICAL_SCENARIO_NOT_BROKER_FACT,2024-06-18 00:00:00,2024-06-19 02:02:00,BEARISH,2024-06-19 09:13:00,2024-06-19 09:14:00,19940.300000000003,D1-20240618-BEARISH,STOP,19942.9,2024-06-19 09:19:00,MLR-TECH-ABL-001,2024-06-20 00:00:00,PREVIOUSLY_EXPOSED_WINDOW,C1_OB_FVG,M1_STRICT_PENETRATION_NO_FAVORABLE_IMPROVEMENT,STRICT_M1_LIMIT_PENETRATION,FILLED,0,0.0,-2.599999999997,-0.3421052631576350415512464349,0.08333333333333333,TECHNICAL_ONLY_ABLATION,-7.599999999997,-1,LOSS_1R,QRP-MACRO-LIQUIDITY-REVERSAL-001,0,7.599999999997,NORMALIZED_MEDIUM_COST,D1-20240618-BEARISH-M1-C1_OB_FVG-FVG-012108-OB-002270,1.0,2,19942.9,M1_C1_OB_FVG,1.5,19928.9000000000075,M1
19940.300000000003,19946.9,False,19,OB,19940.2,19940.9,4,FVG-012108|OB-002270,19940.2,19940.4,19935.800000000003,19951.4,HYPOTHETICAL_SCENARIO_NOT_BROKER_FACT,2024-06-18 00:00:00,2024-06-19 02:02:00,BEARISH,2024-06-19 09:13:00,2024-06-19 09:14:00,19940.300000000003,D1-20240618-BEARISH,STOP,19946.9,2024-06-19 09:32:00,MLR-TECH-ABL-001,2024-06-20 00:00:00,PREVIOUSLY_EXPOSED_WINDOW,C1_OB_FVG,M1_STRICT_PENETRATION_NO_FAVORABLE_IMPROVEMENT,STRICT_M1_LIMIT_PENETRATION,FILLED,0,0.00,-6.599999999997,-0.3367346938774495002082465484,0.3,TECHNICAL_ONLY_ABLATION,-19.599999999997,-1,LOSS_1R,QRP-MACRO-LIQUIDITY-REVERSAL-001,0,19.599999999997,NORMALIZED_HIGH_COST,D1-20240618-BEARISH-M1-C1_OB_FVG-FVG-012108-OB-002270,3.0,6,19946.9,M1_C1_OB_FVG,1.5,19910.9000000000075,M1
,,False,0,OB,19691.8,19696.9,0,FVG-012296|OB-002304,19692.2,19696.4,,,HYPOTHETICAL_SCENARIO_NOT_BROKER_FACT,2024-06-26 00:00:00,2024-06-27 01:15:00,BEARISH,,,,D1-20240626-BEARISH,OB_MITIGATED_BEFORE_MIDPOINT,,,MLR-TECH-ABL-001,2024-06-28 00:00:00,PREVIOUSLY_EXPOSED_WINDOW,C1_OB_FVG,M1_BLOCK_TOUCH,OB_MITIGATED_BEFORE_MIDPOINT,NO_FILL,0,0,,,,TECHNICAL_ONLY_ABLATION,,,NO_FILL,QRP-MACRO-LIQUIDITY-REVERSAL-001,0,,NORMALIZED_LOW_COST,D1-20240626-BEARISH-M1-C1_OB_FVG-FVG-012296-OB-002304,0,0,,M1_C1_OB_FVG,1.5,,M1
,,False,0,OB,19691.8,19696.9,0,FVG-012296|OB-002304,19692.2,19696.4,,,HYPOTHETICAL_SCENARIO_NOT_BROKER_FACT,2024-06-26 00:00:00,2024-06-27 01:15:00,BEARISH,,,,D1-20240626-BEARISH,OB_MITIGATED_BEFORE_MIDPOINT,,,MLR-TECH-ABL-001,2024-06-28 00:00:00,PREVIOUSLY_EXPOSED_WINDOW,C1_OB_FVG,M1_BLOCK_TOUCH,OB_MITIGATED_BEFORE_MIDPOINT,NO_FILL,0,0,,,,TECHNICAL_ONLY_ABLATION,,,NO_FILL,QRP-MACRO-LIQUIDITY-REVERSAL-001,0,,NORMALIZED_MEDIUM_COST,D1-20240626-BEARISH-M1-C1_OB_FVG-FVG-012296-OB-002304,0,0,,M1_C1_OB_FVG,1.5,,M1
,,False,0,OB,19691.8,19696.9,0,FVG-012296|OB-002304,19692.2,19696.4,,,HYPOTHETICAL_SCENARIO_NOT_BROKER_FACT,2024-06-26 00:00:00,2024-06-27 01:15:00,BEARISH,,,,D1-20240626-BEARISH,OB_MITIGATED_BEFORE_MIDPOINT,,,MLR-TECH-ABL-001,2024-06-28 00:00:00,PREVIOUSLY_EXPOSED_WINDOW,C1_OB_FVG,M1_BLOCK_TOUCH,OB_MITIGATED_BEFORE_MIDPOINT,NO_FILL,0,0,,,,TECHNICAL_ONLY_ABLATION,,,NO_FILL,QRP-MACRO-LIQUIDITY-REVERSAL-001,0,,NORMALIZED_HIGH_COST,D1-20240626-BEARISH-M1-C1_OB_FVG-FVG-012296-OB-002304,0,0,,M1_C1_OB_FVG,1.5,,M1
21192.0,21194.8,False,2,OB,21191.8,21193.8,1.0,FVG-012501|OB-002345,21191.8,21192.2,21191.25,21195.55,HYPOTHETICAL_SCENARIO_NOT_BROKER_FACT,2024-11-08 00:00:00,2024-11-11 02:45:00,BEARISH,2024-11-11 03:38:00,2024-11-11 03:39:00,21192.0,D1-20241108-BEARISH,STOP,21194.8,2024-11-11 03:40:00,MLR-TECH-ABL-001,2024-11-12 00:00:00,PREVIOUSLY_EXPOSED_WINDOW,C1_OB_FVG,M1_STRICT_PENETRATION_NO_FAVORABLE_IMPROVEMENT,STRICT_M1_LIMIT_PENETRATION,FILLED,0,0,-2.8,-0.5283018867924528301886792453,0.016666666666666666,TECHNICAL_ONLY_ABLATION,-5.30,-1,LOSS_1R,QRP-MACRO-LIQUIDITY-REVERSAL-001,0,5.30,NORMALIZED_LOW_COST,D1-20241108-BEARISH-M1-C1_OB_FVG-FVG-012501-OB-002345,0.50,1,21194.8,M1_C1_OB_FVG,1.5,21184.050,M1
21192.0,21195.8,False,2,OB,21191.8,21193.8,2,FVG-012501|OB-002345,21191.8,21192.2,21190.5,21197.3,HYPOTHETICAL_SCENARIO_NOT_BROKER_FACT,2024-11-08 00:00:00,2024-11-11 02:45:00,BEARISH,2024-11-11 03:38:00,2024-11-11 03:39:00,21192.0,D1-20241108-BEARISH,STOP,21195.8,2024-11-11 03:40:00,MLR-TECH-ABL-001,2024-11-12 00:00:00,PREVIOUSLY_EXPOSED_WINDOW,C1_OB_FVG,M1_STRICT_PENETRATION_NO_FAVORABLE_IMPROVEMENT,STRICT_M1_LIMIT_PENETRATION,FILLED,0,0.0,-3.8,-0.4318181818181818181818181818,0.016666666666666666,TECHNICAL_ONLY_ABLATION,-8.8,-1,LOSS_1R,QRP-MACRO-LIQUIDITY-REVERSAL-001,0,8.8,NORMALIZED_MEDIUM_COST,D1-20241108-BEARISH-M1-C1_OB_FVG-FVG-012501-OB-002345,1.0,2,21195.8,M1_C1_OB_FVG,1.5,21178.80,M1
21192.0,21199.8,False,207,OB,21191.8,21193.8,4,FVG-012501|OB-002345,21191.8,21192.2,21187.5,21204.3,HYPOTHETICAL_SCENARIO_NOT_BROKER_FACT,2024-11-08 00:00:00,2024-11-11 02:45:00,BEARISH,2024-11-11 03:38:00,2024-11-11 03:39:00,21192.0,D1-20241108-BEARISH,STOP,21199.8,2024-11-11 07:05:00,MLR-TECH-ABL-001,2024-11-12 00:00:00,PREVIOUSLY_EXPOSED_WINDOW,C1_OB_FVG,M1_STRICT_PENETRATION_NO_FAVORABLE_IMPROVEMENT,STRICT_M1_LIMIT_PENETRATION,FILLED,0,0.00,-7.8,-0.375,3.433333333333333,TECHNICAL_ONLY_ABLATION,-20.80,-1.0,LOSS_1R,QRP-MACRO-LIQUIDITY-REVERSAL-001,0,20.8,NORMALIZED_HIGH_COST,D1-20241108-BEARISH-M1-C1_OB_FVG-FVG-012501-OB-002345,3.0,6,21199.8,M1_C1_OB_FVG,1.5,21160.80,M1
20657.6,20659.8,False,1,OB,20656.4,20658.8,1.0,FVG-012690|OB-002383,20656.4,20658.8,20656.85,20660.55,HYPOTHETICAL_SCENARIO_NOT_BROKER_FACT,2024-11-20 00:00:00,2024-11-21 01:13:00,BEARISH,2024-11-21 01:26:00,2024-11-21 01:27:00,20657.6,D1-20241120-BEARISH,ENTRY_BAR_STOP_ADVERSE,20659.8,2024-11-21 01:27:00,MLR-TECH-ABL-001,2024-11-22 00:00:00,PREVIOUSLY_EXPOSED_WINDOW,C1_OB_FVG,M1_STRICT_PENETRATION_NO_FAVORABLE_IMPROVEMENT,STRICT_M1_LIMIT_PENETRATION,FILLED,0,0,-2.2,-0.4680851063829787234042553191,0.0,TECHNICAL_ONLY_ABLATION,-4.70,-1,LOSS_1R,QRP-MACRO-LIQUIDITY-REVERSAL-001,0,4.70,NORMALIZED_LOW_COST,D1-20241120-BEARISH-M1-C1_OB_FVG-FVG-012690-OB-002383,0.50,1,20659.8,M1_C1_OB_FVG,1.5,20650.550,M1
20657.6,20660.8,False,1,OB,20656.4,20658.8,2,FVG-012690|OB-002383,20656.4,20658.8,20656.1,20662.3,HYPOTHETICAL_SCENARIO_NOT_BROKER_FACT,2024-11-20 00:00:00,2024-11-21 01:13:00,BEARISH,2024-11-21 01:26:00,2024-11-21 01:27:00,20657.6,D1-20241120-BEARISH,ENTRY_BAR_STOP_ADVERSE,20660.8,2024-11-21 01:27:00,MLR-TECH-ABL-001,2024-11-22 00:00:00,PREVIOUSLY_EXPOSED_WINDOW,C1_OB_FVG,M1_STRICT_PENETRATION_NO_FAVORABLE_IMPROVEMENT,STRICT_M1_LIMIT_PENETRATION,FILLED,0,0.0,-3.2,-0.3902439024390243902439024390,0.0,TECHNICAL_ONLY_ABLATION,-8.2,-1,LOSS_1R,QRP-MACRO-LIQUIDITY-REVERSAL-001,0,8.2,NORMALIZED_MEDIUM_COST,D1-20241120-BEARISH-M1-C1_OB_FVG-FVG-012690-OB-002383,1.0,2,20660.8,M1_C1_OB_FVG,1.5,20645.30,M1
20657.6,20664.8,False,5,OB,20656.4,20658.8,4,FVG-012690|OB-002383,20656.4,20658.8,20653.1,20669.3,HYPOTHETICAL_SCENARIO_NOT_BROKER_FACT,2024-11-20 00:00:00,2024-11-21 01:13:00,BEARISH,2024-11-21 01:26:00,2024-11-21 01:27:00,20657.6,D1-20241120-BEARISH,STOP,20664.8,2024-11-21 01:31:00,MLR-TECH-ABL-001,2024-11-22 00:00:00,PREVIOUSLY_EXPOSED_WINDOW,C1_OB_FVG,M1_STRICT_PENETRATION_NO_FAVORABLE_IMPROVEMENT,STRICT_M1_LIMIT_PENETRATION,FILLED,0,0.00,-7.2,-0.3564356435643564356435643564,0.06666666666666667,TECHNICAL_ONLY_ABLATION,-20.20,-1.0,LOSS_1R,QRP-MACRO-LIQUIDITY-REVERSAL-001,0,20.2,NORMALIZED_HIGH_COST,D1-20241120-BEARISH-M1-C1_OB_FVG-FVG-012690-OB-002383,3.0,6,20664.8,M1_C1_OB_FVG,1.5,20627.30,M1
,,False,0,OB,21433.5,21436.9,0,FVG-012876|OB-002413,21435.2,21435.4,,,HYPOTHETICAL_SCENARIO_NOT_BROKER_FACT,2024-12-05 00:00:00,2024-12-06 12:07:00,BEARISH,,,,D1-20241205-BEARISH,OB_MITIGATED_BEFORE_MIDPOINT,,,MLR-TECH-ABL-001,2024-12-07 00:00:00,PREVIOUSLY_EXPOSED_WINDOW,C1_OB_FVG,M1_BLOCK_TOUCH,OB_MITIGATED_BEFORE_MIDPOINT,NO_FILL,0,0,,,,TECHNICAL_ONLY_ABLATION,,,NO_FILL,QRP-MACRO-LIQUIDITY-REVERSAL-001,0,,NORMALIZED_LOW_COST,D1-20241205-BEARISH-M1-C1_OB_FVG-FVG-012876-OB-002413,0,0,,M1_C1_OB_FVG,1.5,,M1
,,False,0,OB,21433.5,21436.9,0,FVG-012876|OB-002413,21435.2,21435.4,,,HYPOTHETICAL_SCENARIO_NOT_BROKER_FACT,2024-12-05 00:00:00,2024-12-06 12:07:00,BEARISH,,,,D1-20241205-BEARISH,OB_MITIGATED_BEFORE_MIDPOINT,,,MLR-TECH-ABL-001,2024-12-07 00:00:00,PREVIOUSLY_EXPOSED_WINDOW,C1_OB_FVG,M1_BLOCK_TOUCH,OB_MITIGATED_BEFORE_MIDPOINT,NO_FILL,0,0,,,,TECHNICAL_ONLY_ABLATION,,,NO_FILL,QRP-MACRO-LIQUIDITY-REVERSAL-001,0,,NORMALIZED_MEDIUM_COST,D1-20241205-BEARISH-M1-C1_OB_FVG-FVG-012876-OB-002413,0,0,,M1_C1_OB_FVG,1.5,,M1
,,False,0,OB,21433.5,21436.9,0,FVG-012876|OB-002413,21435.2,21435.4,,,HYPOTHETICAL_SCENARIO_NOT_BROKER_FACT,2024-12-05 00:00:00,2024-12-06 12:07:00,BEARISH,,,,D1-20241205-BEARISH,OB_MITIGATED_BEFORE_MIDPOINT,,,MLR-TECH-ABL-001,2024-12-07 00:00:00,PREVIOUSLY_EXPOSED_WINDOW,C1_OB_FVG,M1_BLOCK_TOUCH,OB_MITIGATED_BEFORE_MIDPOINT,NO_FILL,0,0,,,,TECHNICAL_ONLY_ABLATION,,,NO_FILL,QRP-MACRO-LIQUIDITY-REVERSAL-001,0,,NORMALIZED_HIGH_COST,D1-20241205-BEARISH-M1-C1_OB_FVG-FVG-012876-OB-002413,0,0,,M1_C1_OB_FVG,1.5,,M1
21544.95,21550.0,False,1,OB,21544.7,21549.0,1.0,FVG-013011|OB-002447,21544.7,21545.2,21544.20,21550.75,HYPOTHETICAL_SCENARIO_NOT_BROKER_FACT,2025-01-29 00:00:00,2025-01-30 11:01:00,BEARISH,2025-01-30 16:48:00,2025-01-30 16:49:00,21544.95,D1-20250129-BEARISH,ENTRY_BAR_STOP_ADVERSE,21550.0,2025-01-30 16:49:00,MLR-TECH-ABL-001,2025-01-31 00:00:00,PREVIOUSLY_EXPOSED_WINDOW,C1_OB_FVG,M1_STRICT_PENETRATION_NO_FAVORABLE_IMPROVEMENT,STRICT_M1_LIMIT_PENETRATION,FILLED,0,0,-5.05,-0.6688741721854304635761589404,0.0,TECHNICAL_ONLY_ABLATION,-7.55,-1,LOSS_1R,QRP-MACRO-LIQUIDITY-REVERSAL-001,0,7.55,NORMALIZED_LOW_COST,D1-20250129-BEARISH-M1-C1_OB_FVG-FVG-013011-OB-002447,0.50,1,21550.0,M1_C1_OB_FVG,1.5,21533.625,M1
21544.95,21551.0,False,1,OB,21544.7,21549.0,2,FVG-013011|OB-002447,21544.7,21545.2,21543.45,21552.5,HYPOTHETICAL_SCENARIO_NOT_BROKER_FACT,2025-01-29 00:00:00,2025-01-30 11:01:00,BEARISH,2025-01-30 16:48:00,2025-01-30 16:49:00,21544.95,D1-20250129-BEARISH,ENTRY_BAR_STOP_ADVERSE,21551.0,2025-01-30 16:49:00,MLR-TECH-ABL-001,2025-01-31 00:00:00,PREVIOUSLY_EXPOSED_WINDOW,C1_OB_FVG,M1_STRICT_PENETRATION_NO_FAVORABLE_IMPROVEMENT,STRICT_M1_LIMIT_PENETRATION,FILLED,0,0.0,-6.05,-0.5475113122171945701357466063,0.0,TECHNICAL_ONLY_ABLATION,-11.05,-1,LOSS_1R,QRP-MACRO-LIQUIDITY-REVERSAL-001,0,11.05,NORMALIZED_MEDIUM_COST,D1-20250129-BEARISH-M1-C1_OB_FVG-FVG-013011-OB-002447,1.0,2,21551.0,M1_C1_OB_FVG,1.5,21528.375,M1
21544.95,21555.0,False,1,OB,21544.7,21549.0,4,FVG-013011|OB-002447,21544.7,21545.2,21540.45,21559.5,HYPOTHETICAL_SCENARIO_NOT_BROKER_FACT,2025-01-29 00:00:00,2025-01-30 11:01:00,BEARISH,2025-01-30 16:48:00,2025-01-30 16:49:00,21544.95,D1-20250129-BEARISH,ENTRY_BAR_STOP_ADVERSE,21555.0,2025-01-30 16:49:00,MLR-TECH-ABL-001,2025-01-31 00:00:00,PREVIOUSLY_EXPOSED_WINDOW,C1_OB_FVG,M1_STRICT_PENETRATION_NO_FAVORABLE_IMPROVEMENT,STRICT_M1_LIMIT_PENETRATION,FILLED,0,0.00,-10.05,-0.4360086767895878524945770065,0.0,TECHNICAL_ONLY_ABLATION,-23.05,-1,LOSS_1R,QRP-MACRO-LIQUIDITY-REVERSAL-001,0,23.05,NORMALIZED_HIGH_COST,D1-20250129-BEARISH-M1-C1_OB_FVG-FVG-013011-OB-002447,3.0,6,21555.0,M1_C1_OB_FVG,1.5,21510.375,M1
,,False,0,OB,20510.6,20513.9,0,FVG-013150|OB-002475,20510.6,20513.9,,,HYPOTHETICAL_SCENARIO_NOT_BROKER_FACT,2025-03-04 00:00:00,2025-03-05 01:28:00,BULLISH,,,,D1-20250304-BULLISH,OB_MITIGATED_BEFORE_MIDPOINT,,,MLR-TECH-ABL-001,2025-03-06 00:00:00,PREVIOUSLY_EXPOSED_WINDOW,C1_OB_FVG,M1_BLOCK_TOUCH,OB_MITIGATED_BEFORE_MIDPOINT,NO_FILL,0,0,,,,TECHNICAL_ONLY_ABLATION,,,NO_FILL,QRP-MACRO-LIQUIDITY-REVERSAL-001,0,,NORMALIZED_LOW_COST,D1-20250304-BULLISH-M1-C1_OB_FVG-FVG-013150-OB-002475,0,0,,M1_C1_OB_FVG,1.5,,M1
,,False,0,OB,20510.6,20513.9,0,FVG-013150|OB-002475,20510.6,20513.9,,,HYPOTHETICAL_SCENARIO_NOT_BROKER_FACT,2025-03-04 00:00:00,2025-03-05 01:28:00,BULLISH,,,,D1-20250304-BULLISH,OB_MITIGATED_BEFORE_MIDPOINT,,,MLR-TECH-ABL-001,2025-03-06 00:00:00,PREVIOUSLY_EXPOSED_WINDOW,C1_OB_FVG,M1_BLOCK_TOUCH,OB_MITIGATED_BEFORE_MIDPOINT,NO_FILL,0,0,,,,TECHNICAL_ONLY_ABLATION,,,NO_FILL,QRP-MACRO-LIQUIDITY-REVERSAL-001,0,,NORMALIZED_MEDIUM_COST,D1-20250304-BULLISH-M1-C1_OB_FVG-FVG-013150-OB-002475,0,0,,M1_C1_OB_FVG,1.5,,M1
,,False,0,OB,20510.6,20513.9,0,FVG-013150|OB-002475,20510.6,20513.9,,,HYPOTHETICAL_SCENARIO_NOT_BROKER_FACT,2025-03-04 00:00:00,2025-03-05 01:28:00,BULLISH,,,,D1-20250304-BULLISH,OB_MITIGATED_BEFORE_MIDPOINT,,,MLR-TECH-ABL-001,2025-03-06 00:00:00,PREVIOUSLY_EXPOSED_WINDOW,C1_OB_FVG,M1_BLOCK_TOUCH,OB_MITIGATED_BEFORE_MIDPOINT,NO_FILL,0,0,,,,TECHNICAL_ONLY_ABLATION,,,NO_FILL,QRP-MACRO-LIQUIDITY-REVERSAL-001,0,,NORMALIZED_HIGH_COST,D1-20250304-BULLISH-M1-C1_OB_FVG-FVG-013150-OB-002475,0,0,,M1_C1_OB_FVG,1.5,,M1
21321.5,21312.950,False,10,OB,21321.1,21323.7,1.0,FVG-013357|OB-002509,21321.1,21321.9,21320.75,21313.700,HYPOTHETICAL_SCENARIO_NOT_BROKER_FACT,2025-05-15 00:00:00,2025-05-16 01:01:00,BEARISH,2025-05-16 01:09:00,2025-05-16 01:10:00,21321.5,D1-20250515-BEARISH,TARGET_1_5R,21312.950,2025-05-16 01:19:00,MLR-TECH-ABL-001,2025-05-17 00:00:00,PREVIOUSLY_EXPOSED_WINDOW,C1_OB_FVG,M1_STRICT_PENETRATION_NO_FAVORABLE_IMPROVEMENT,STRICT_M1_LIMIT_PENETRATION,FILLED,0,0,8.550,1.5,0.15,TECHNICAL_ONLY_ABLATION,6.050,1.061403508771929824561403509,WIN_TARGET_1_5R,QRP-MACRO-LIQUIDITY-REVERSAL-001,0,5.70,NORMALIZED_LOW_COST,D1-20250515-BEARISH-M1-C1_OB_FVG-FVG-013357-OB-002509,0.50,1,21324.7,M1_C1_OB_FVG,1.5,21312.950,M1
21321.5,21307.70,False,45,OB,21321.1,21323.7,2,FVG-013357|OB-002509,21321.1,21321.9,21320.0,21309.20,HYPOTHETICAL_SCENARIO_NOT_BROKER_FACT,2025-05-15 00:00:00,2025-05-16 01:01:00,BEARISH,2025-05-16 01:09:00,2025-05-16 01:10:00,21321.5,D1-20250515-BEARISH,TARGET_1_5R,21307.70,2025-05-16 01:54:00,MLR-TECH-ABL-001,2025-05-17 00:00:00,PREVIOUSLY_EXPOSED_WINDOW,C1_OB_FVG,M1_STRICT_PENETRATION_NO_FAVORABLE_IMPROVEMENT,STRICT_M1_LIMIT_PENETRATION,FILLED,0,0.0,13.80,1.5,0.7333333333333333,TECHNICAL_ONLY_ABLATION,8.80,0.9565217391304347826086956522,WIN_TARGET_1_5R,QRP-MACRO-LIQUIDITY-REVERSAL-001,0,9.2,NORMALIZED_MEDIUM_COST,D1-20250515-BEARISH-M1-C1_OB_FVG-FVG-013357-OB-002509,1.0,2,21325.7,M1_C1_OB_FVG,1.5,21307.70,M1
21321.5,21329.7,False,92,OB,21321.1,21323.7,4,FVG-013357|OB-002509,21321.1,21321.9,21317.0,21334.2,HYPOTHETICAL_SCENARIO_NOT_BROKER_FACT,2025-05-15 00:00:00,2025-05-16 01:01:00,BEARISH,2025-05-16 01:09:00,2025-05-16 01:10:00,21321.5,D1-20250515-BEARISH,STOP,21329.7,2025-05-16 02:41:00,MLR-TECH-ABL-001,2025-05-17 00:00:00,PREVIOUSLY_EXPOSED_WINDOW,C1_OB_FVG,M1_STRICT_PENETRATION_NO_FAVORABLE_IMPROVEMENT,STRICT_M1_LIMIT_PENETRATION,FILLED,0,0.00,-8.2,-0.3867924528301886792452830189,1.5166666666666666,TECHNICAL_ONLY_ABLATION,-21.20,-1.0,LOSS_1R,QRP-MACRO-LIQUIDITY-REVERSAL-001,0,21.2,NORMALIZED_HIGH_COST,D1-20250515-BEARISH-M1-C1_OB_FVG-FVG-013357-OB-002509,3.0,6,21329.7,M1_C1_OB_FVG,1.5,21289.70,M1
21711.9,21717.5,False,3,OB,21711.5,21716.5,1.0,FVG-013578|OB-002544,21711.5,21712.3,21711.15,21718.25,HYPOTHETICAL_SCENARIO_NOT_BROKER_FACT,2025-06-04 00:00:00,2025-06-05 01:02:00,BEARISH,2025-06-05 01:04:00,2025-06-05 01:05:00,21711.9,D1-20250604-BEARISH,STOP,21717.5,2025-06-05 01:07:00,MLR-TECH-ABL-001,2025-06-06 00:00:00,PREVIOUSLY_EXPOSED_WINDOW,C1_OB_FVG,M1_STRICT_PENETRATION_NO_FAVORABLE_IMPROVEMENT,STRICT_M1_LIMIT_PENETRATION,FILLED,0,0,-5.6,-0.6913580246913580246913580247,0.03333333333333333,TECHNICAL_ONLY_ABLATION,-8.10,-1,LOSS_1R,QRP-MACRO-LIQUIDITY-REVERSAL-001,0,8.10,NORMALIZED_LOW_COST,D1-20250604-BEARISH-M1-C1_OB_FVG-FVG-013578-OB-002544,0.50,1,21717.5,M1_C1_OB_FVG,1.5,21699.750,M1
21711.9,21718.5,False,3,OB,21711.5,21716.5,2,FVG-013578|OB-002544,21711.5,21712.3,21710.4,21720.0,HYPOTHETICAL_SCENARIO_NOT_BROKER_FACT,2025-06-04 00:00:00,2025-06-05 01:02:00,BEARISH,2025-06-05 01:04:00,2025-06-05 01:05:00,21711.9,D1-20250604-BEARISH,STOP,21718.5,2025-06-05 01:07:00,MLR-TECH-ABL-001,2025-06-06 00:00:00,PREVIOUSLY_EXPOSED_WINDOW,C1_OB_FVG,M1_STRICT_PENETRATION_NO_FAVORABLE_IMPROVEMENT,STRICT_M1_LIMIT_PENETRATION,FILLED,0,0.0,-6.6,-0.5689655172413793103448275862,0.03333333333333333,TECHNICAL_ONLY_ABLATION,-11.6,-1,LOSS_1R,QRP-MACRO-LIQUIDITY-REVERSAL-001,0,11.6,NORMALIZED_MEDIUM_COST,D1-20250604-BEARISH-M1-C1_OB_FVG-FVG-013578-OB-002544,1.0,2,21718.5,M1_C1_OB_FVG,1.5,21694.50,M1
21711.9,21722.5,False,5,OB,21711.5,21716.5,4,FVG-013578|OB-002544,21711.5,21712.3,21707.4,21727.0,HYPOTHETICAL_SCENARIO_NOT_BROKER_FACT,2025-06-04 00:00:00,2025-06-05 01:02:00,BEARISH,2025-06-05 01:04:00,2025-06-05 01:05:00,21711.9,D1-20250604-BEARISH,STOP,21722.5,2025-06-05 01:09:00,MLR-TECH-ABL-001,2025-06-06 00:00:00,PREVIOUSLY_EXPOSED_WINDOW,C1_OB_FVG,M1_STRICT_PENETRATION_NO_FAVORABLE_IMPROVEMENT,STRICT_M1_LIMIT_PENETRATION,FILLED,0,0.00,-10.6,-0.4491525423728813559322033898,0.06666666666666667,TECHNICAL_ONLY_ABLATION,-23.60,-1.0,LOSS_1R,QRP-MACRO-LIQUIDITY-REVERSAL-001,0,23.6,NORMALIZED_HIGH_COST,D1-20250604-BEARISH-M1-C1_OB_FVG-FVG-013578-OB-002544,3.0,6,21722.5,M1_C1_OB_FVG,1.5,21676.50,M1
,,False,0,OB,21810.6,21811.9,0,FVG-013787|OB-002596,21810.6,21811.9,,,HYPOTHETICAL_SCENARIO_NOT_BROKER_FACT,2025-06-09 00:00:00,2025-06-10 03:01:00,BEARISH,,,,D1-20250609-BEARISH,OB_MITIGATED_BEFORE_MIDPOINT,,,MLR-TECH-ABL-001,2025-06-11 00:00:00,PREVIOUSLY_EXPOSED_WINDOW,C1_OB_FVG,M1_BLOCK_TOUCH,OB_MITIGATED_BEFORE_MIDPOINT,NO_FILL,0,0,,,,TECHNICAL_ONLY_ABLATION,,,NO_FILL,QRP-MACRO-LIQUIDITY-REVERSAL-001,0,,NORMALIZED_LOW_COST,D1-20250609-BEARISH-M1-C1_OB_FVG-FVG-013787-OB-002596,0,0,,M1_C1_OB_FVG,1.5,,M1
,,False,0,OB,21810.6,21811.9,0,FVG-013787|OB-002596,21810.6,21811.9,,,HYPOTHETICAL_SCENARIO_NOT_BROKER_FACT,2025-06-09 00:00:00,2025-06-10 03:01:00,BEARISH,,,,D1-20250609-BEARISH,OB_MITIGATED_BEFORE_MIDPOINT,,,MLR-TECH-ABL-001,2025-06-11 00:00:00,PREVIOUSLY_EXPOSED_WINDOW,C1_OB_FVG,M1_BLOCK_TOUCH,OB_MITIGATED_BEFORE_MIDPOINT,NO_FILL,0,0,,,,TECHNICAL_ONLY_ABLATION,,,NO_FILL,QRP-MACRO-LIQUIDITY-REVERSAL-001,0,,NORMALIZED_MEDIUM_COST,D1-20250609-BEARISH-M1-C1_OB_FVG-FVG-013787-OB-002596,0,0,,M1_C1_OB_FVG,1.5,,M1
,,False,0,OB,21810.6,21811.9,0,FVG-013787|OB-002596,21810.6,21811.9,,,HYPOTHETICAL_SCENARIO_NOT_BROKER_FACT,2025-06-09 00:00:00,2025-06-10 03:01:00,BEARISH,,,,D1-20250609-BEARISH,OB_MITIGATED_BEFORE_MIDPOINT,,,MLR-TECH-ABL-001,2025-06-11 00:00:00,PREVIOUSLY_EXPOSED_WINDOW,C1_OB_FVG,M1_BLOCK_TOUCH,OB_MITIGATED_BEFORE_MIDPOINT,NO_FILL,0,0,,,,TECHNICAL_ONLY_ABLATION,,,NO_FILL,QRP-MACRO-LIQUIDITY-REVERSAL-001,0,,NORMALIZED_HIGH_COST,D1-20250609-BEARISH-M1-C1_OB_FVG-FVG-013787-OB-002596,0,0,,M1_C1_OB_FVG,1.5,,M1
22844.4,22846.6,False,3,OB,22843.2,22845.6,1.0,FVG-013978|OB-002629,22843.2,22845.6,22843.65,22847.35,HYPOTHETICAL_SCENARIO_NOT_BROKER_FACT,2025-07-15 00:00:00,2025-07-16 02:21:00,BEARISH,2025-07-16 02:33:00,2025-07-16 02:34:00,22844.4,D1-20250715-BEARISH,STOP,22846.6,2025-07-16 02:36:00,MLR-TECH-ABL-001,2025-07-17 00:00:00,PREVIOUSLY_EXPOSED_WINDOW,C1_OB_FVG,M1_STRICT_PENETRATION_NO_FAVORABLE_IMPROVEMENT,STRICT_M1_LIMIT_PENETRATION,FILLED,0,0,-2.2,-0.4680851063829787234042553191,0.03333333333333333,TECHNICAL_ONLY_ABLATION,-4.70,-1,LOSS_1R,QRP-MACRO-LIQUIDITY-REVERSAL-001,0,4.70,NORMALIZED_LOW_COST,D1-20250715-BEARISH-M1-C1_OB_FVG-FVG-013978-OB-002629,0.50,1,22846.6,M1_C1_OB_FVG,1.5,22837.350,M1
22844.4,22847.6,False,4,OB,22843.2,22845.6,2,FVG-013978|OB-002629,22843.2,22845.6,22842.9,22849.1,HYPOTHETICAL_SCENARIO_NOT_BROKER_FACT,2025-07-15 00:00:00,2025-07-16 02:21:00,BEARISH,2025-07-16 02:33:00,2025-07-16 02:34:00,22844.4,D1-20250715-BEARISH,STOP,22847.6,2025-07-16 02:37:00,MLR-TECH-ABL-001,2025-07-17 00:00:00,PREVIOUSLY_EXPOSED_WINDOW,C1_OB_FVG,M1_STRICT_PENETRATION_NO_FAVORABLE_IMPROVEMENT,STRICT_M1_LIMIT_PENETRATION,FILLED,0,0.0,-3.2,-0.3902439024390243902439024390,0.05,TECHNICAL_ONLY_ABLATION,-8.2,-1,LOSS_1R,QRP-MACRO-LIQUIDITY-REVERSAL-001,0,8.2,NORMALIZED_MEDIUM_COST,D1-20250715-BEARISH-M1-C1_OB_FVG-FVG-013978-OB-002629,1.0,2,22847.6,M1_C1_OB_FVG,1.5,22832.10,M1
22844.4,22851.6,False,12,OB,22843.2,22845.6,4,FVG-013978|OB-002629,22843.2,22845.6,22839.9,22856.1,HYPOTHETICAL_SCENARIO_NOT_BROKER_FACT,2025-07-15 00:00:00,2025-07-16 02:21:00,BEARISH,2025-07-16 02:33:00,2025-07-16 02:34:00,22844.4,D1-20250715-BEARISH,STOP,22851.6,2025-07-16 02:45:00,MLR-TECH-ABL-001,2025-07-17 00:00:00,PREVIOUSLY_EXPOSED_WINDOW,C1_OB_FVG,M1_STRICT_PENETRATION_NO_FAVORABLE_IMPROVEMENT,STRICT_M1_LIMIT_PENETRATION,FILLED,0,0.00,-7.2,-0.3564356435643564356435643564,0.18333333333333332,TECHNICAL_ONLY_ABLATION,-20.20,-1.0,LOSS_1R,QRP-MACRO-LIQUIDITY-REVERSAL-001,0,20.2,NORMALIZED_HIGH_COST,D1-20250715-BEARISH-M1-C1_OB_FVG-FVG-013978-OB-002629,3.0,6,22851.6,M1_C1_OB_FVG,1.5,22814.10,M1
23117.0,23111.600,False,4,OB,23116.4,23117.1,1.0,FVG-014173|OB-002665,23116.9,23117.1,23116.25,23112.350,HYPOTHETICAL_SCENARIO_NOT_BROKER_FACT,2025-07-18 00:00:00,2025-07-21 03:27:00,BEARISH,2025-07-21 03:28:00,2025-07-21 03:29:00,23117.0,D1-20250718-BEARISH,TARGET_1_5R,23111.600,2025-07-21 03:32:00,MLR-TECH-ABL-001,2025-07-22 00:00:00,PREVIOUSLY_EXPOSED_WINDOW,C1_OB_FVG,M1_STRICT_PENETRATION_NO_FAVORABLE_IMPROVEMENT,STRICT_M1_LIMIT_PENETRATION,FILLED,0,0,5.400,1.5,0.05,TECHNICAL_ONLY_ABLATION,2.900,0.8055555555555555555555555556,WIN_TARGET_1_5R,QRP-MACRO-LIQUIDITY-REVERSAL-001,0,3.60,NORMALIZED_LOW_COST,D1-20250718-BEARISH-M1-C1_OB_FVG-FVG-014173-OB-002665,0.50,1,23118.1,M1_C1_OB_FVG,1.5,23111.600,M1
23117.0,23119.1,False,39,OB,23116.4,23117.1,2,FVG-014173|OB-002665,23116.9,23117.1,23115.5,23120.6,HYPOTHETICAL_SCENARIO_NOT_BROKER_FACT,2025-07-18 00:00:00,2025-07-21 03:27:00,BEARISH,2025-07-21 03:28:00,2025-07-21 03:29:00,23117.0,D1-20250718-BEARISH,STOP,23119.1,2025-07-21 04:07:00,MLR-TECH-ABL-001,2025-07-22 00:00:00,PREVIOUSLY_EXPOSED_WINDOW,C1_OB_FVG,M1_STRICT_PENETRATION_NO_FAVORABLE_IMPROVEMENT,STRICT_M1_LIMIT_PENETRATION,FILLED,0,0.0,-2.1,-0.2957746478873239436619718310,0.6333333333333333,TECHNICAL_ONLY_ABLATION,-7.1,-1,LOSS_1R,QRP-MACRO-LIQUIDITY-REVERSAL-001,0,7.1,NORMALIZED_MEDIUM_COST,D1-20250718-BEARISH-M1-C1_OB_FVG-FVG-014173-OB-002665,1.0,2,23119.1,M1_C1_OB_FVG,1.5,23106.35,M1
23117.0,23123.1,False,41,OB,23116.4,23117.1,4,FVG-014173|OB-002665,23116.9,23117.1,23112.5,23127.6,HYPOTHETICAL_SCENARIO_NOT_BROKER_FACT,2025-07-18 00:00:00,2025-07-21 03:27:00,BEARISH,2025-07-21 03:28:00,2025-07-21 03:29:00,23117.0,D1-20250718-BEARISH,STOP,23123.1,2025-07-21 04:09:00,MLR-TECH-ABL-001,2025-07-22 00:00:00,PREVIOUSLY_EXPOSED_WINDOW,C1_OB_FVG,M1_STRICT_PENETRATION_NO_FAVORABLE_IMPROVEMENT,STRICT_M1_LIMIT_PENETRATION,FILLED,0,0.00,-6.1,-0.3193717277486910994764397906,0.6666666666666666,TECHNICAL_ONLY_ABLATION,-19.10,-1.0,LOSS_1R,QRP-MACRO-LIQUIDITY-REVERSAL-001,0,19.1,NORMALIZED_HIGH_COST,D1-20250718-BEARISH-M1-C1_OB_FVG-FVG-014173-OB-002665,3.0,6,23123.1,M1_C1_OB_FVG,1.5,23088.35,M1
23850.800000000003,23854.4,False,3,OB,23850.7,23853.4,1.0,FVG-014373|OB-002704,23850.7,23850.9,23850.050000000003,23855.15,HYPOTHETICAL_SCENARIO_NOT_BROKER_FACT,2025-08-13 00:00:00,2025-08-14 04:06:00,BEARISH,2025-08-14 04:11:00,2025-08-14 04:12:00,23850.800000000003,D1-20250813-BEARISH,STOP,23854.4,2025-08-14 04:14:00,MLR-TECH-ABL-001,2025-08-15 00:00:00,PREVIOUSLY_EXPOSED_WINDOW,C1_OB_FVG,M1_STRICT_PENETRATION_NO_FAVORABLE_IMPROVEMENT,STRICT_M1_LIMIT_PENETRATION,FILLED,0,0,-3.599999999997,-0.5901639344260279494759472269,0.03333333333333333,TECHNICAL_ONLY_ABLATION,-6.099999999997,-1,LOSS_1R,QRP-MACRO-LIQUIDITY-REVERSAL-001,0,6.099999999997,NORMALIZED_LOW_COST,D1-20250813-BEARISH-M1-C1_OB_FVG-FVG-014373-OB-002704,0.50,1,23854.4,M1_C1_OB_FVG,1.5,23841.6500000000075,M1
23850.800000000003,23855.4,False,3,OB,23850.7,23853.4,2,FVG-014373|OB-002704,23850.7,23850.9,23849.300000000003,23856.9,HYPOTHETICAL_SCENARIO_NOT_BROKER_FACT,2025-08-13 00:00:00,2025-08-14 04:06:00,BEARISH,2025-08-14 04:11:00,2025-08-14 04:12:00,23850.800000000003,D1-20250813-BEARISH,STOP,23855.4,2025-08-14 04:14:00,MLR-TECH-ABL-001,2025-08-15 00:00:00,PREVIOUSLY_EXPOSED_WINDOW,C1_OB_FVG,M1_STRICT_PENETRATION_NO_FAVORABLE_IMPROVEMENT,STRICT_M1_LIMIT_PENETRATION,FILLED,0,0.0,-4.599999999997,-0.4791666666665039062499999491,0.03333333333333333,TECHNICAL_ONLY_ABLATION,-9.599999999997,-1,LOSS_1R,QRP-MACRO-LIQUIDITY-REVERSAL-001,0,9.599999999997,NORMALIZED_MEDIUM_COST,D1-20250813-BEARISH-M1-C1_OB_FVG-FVG-014373-OB-002704,1.0,2,23855.4,M1_C1_OB_FVG,1.5,23836.4000000000075,M1
23850.800000000003,23859.4,False,55,OB,23850.7,23853.4,4,FVG-014373|OB-002704,23850.7,23850.9,23846.300000000003,23863.9,HYPOTHETICAL_SCENARIO_NOT_BROKER_FACT,2025-08-13 00:00:00,2025-08-14 04:06:00,BEARISH,2025-08-14 04:11:00,2025-08-14 04:12:00,23850.800000000003,D1-20250813-BEARISH,STOP,23859.4,2025-08-14 05:06:00,MLR-TECH-ABL-001,2025-08-15 00:00:00,PREVIOUSLY_EXPOSED_WINDOW,C1_OB_FVG,M1_STRICT_PENETRATION_NO_FAVORABLE_IMPROVEMENT,STRICT_M1_LIMIT_PENETRATION,FILLED,0,0.00,-8.599999999997,-0.3981481481480645576131687127,0.9,TECHNICAL_ONLY_ABLATION,-21.599999999997,-1,LOSS_1R,QRP-MACRO-LIQUIDITY-REVERSAL-001,0,21.599999999997,NORMALIZED_HIGH_COST,D1-20250813-BEARISH-M1-C1_OB_FVG-FVG-014373-OB-002704,3.0,6,23859.4,M1_C1_OB_FVG,1.5,23818.4000000000075,M1
25123.85,25126.0,False,4,OB,25123.0,25125.0,1.0,FVG-014561|OB-002740,25123.0,25124.7,25123.10,25126.75,HYPOTHETICAL_SCENARIO_NOT_BROKER_FACT,2025-10-21 00:00:00,2025-10-22 02:02:00,BEARISH,2025-10-22 05:09:00,2025-10-22 05:10:00,25123.85,D1-20251021-BEARISH,STOP,25126.0,2025-10-22 05:13:00,MLR-TECH-ABL-001,2025-10-23 00:00:00,PREVIOUSLY_EXPOSED_WINDOW,C1_OB_FVG,M1_STRICT_PENETRATION_NO_FAVORABLE_IMPROVEMENT,STRICT_M1_LIMIT_PENETRATION,FILLED,0,0,-2.15,-0.4623655913978494623655913978,0.05,TECHNICAL_ONLY_ABLATION,-4.65,-1,LOSS_1R,QRP-MACRO-LIQUIDITY-REVERSAL-001,0,4.65,NORMALIZED_LOW_COST,D1-20251021-BEARISH-M1-C1_OB_FVG-FVG-014561-OB-002740,0.50,1,25126.0,M1_C1_OB_FVG,1.5,25116.875,M1
25123.85,25127.0,False,5,OB,25123.0,25125.0,2,FVG-014561|OB-002740,25123.0,25124.7,25122.35,25128.5,HYPOTHETICAL_SCENARIO_NOT_BROKER_FACT,2025-10-21 00:00:00,2025-10-22 02:02:00,BEARISH,2025-10-22 05:09:00,2025-10-22 05:10:00,25123.85,D1-20251021-BEARISH,STOP,25127.0,2025-10-22 05:14:00,MLR-TECH-ABL-001,2025-10-23 00:00:00,PREVIOUSLY_EXPOSED_WINDOW,C1_OB_FVG,M1_STRICT_PENETRATION_NO_FAVORABLE_IMPROVEMENT,STRICT_M1_LIMIT_PENETRATION,FILLED,0,0.0,-3.15,-0.3865030674846625766871165644,0.06666666666666667,TECHNICAL_ONLY_ABLATION,-8.15,-1,LOSS_1R,QRP-MACRO-LIQUIDITY-REVERSAL-001,0,8.15,NORMALIZED_MEDIUM_COST,D1-20251021-BEARISH-M1-C1_OB_FVG-FVG-014561-OB-002740,1.0,2,25127.0,M1_C1_OB_FVG,1.5,25111.625,M1
25123.85,25131.0,False,14,OB,25123.0,25125.0,4,FVG-014561|OB-002740,25123.0,25124.7,25119.35,25135.5,HYPOTHETICAL_SCENARIO_NOT_BROKER_FACT,2025-10-21 00:00:00,2025-10-22 02:02:00,BEARISH,2025-10-22 05:09:00,2025-10-22 05:10:00,25123.85,D1-20251021-BEARISH,STOP,25131.0,2025-10-22 05:23:00,MLR-TECH-ABL-001,2025-10-23 00:00:00,PREVIOUSLY_EXPOSED_WINDOW,C1_OB_FVG,M1_STRICT_PENETRATION_NO_FAVORABLE_IMPROVEMENT,STRICT_M1_LIMIT_PENETRATION,FILLED,0,0.00,-7.15,-0.3548387096774193548387096774,0.21666666666666667,TECHNICAL_ONLY_ABLATION,-20.15,-1,LOSS_1R,QRP-MACRO-LIQUIDITY-REVERSAL-001,0,20.15,NORMALIZED_HIGH_COST,D1-20251021-BEARISH-M1-C1_OB_FVG-FVG-014561-OB-002740,3.0,6,25131.0,M1_C1_OB_FVG,1.5,25093.625,M1
25765.3,25767.3,False,1,OB,25764.3,25766.3,1.0,FVG-014782|OB-002783,25764.3,25766.3,25764.55,25768.05,HYPOTHETICAL_SCENARIO_NOT_BROKER_FACT,2026-01-12 00:00:00,2026-01-13 01:29:00,BEARISH,2026-01-13 11:18:00,2026-01-13 11:19:00,25765.3,D1-20260112-BEARISH,ENTRY_BAR_STOP_ADVERSE,25767.3,2026-01-13 11:19:00,MLR-TECH-ABL-001,2026-01-14 00:00:00,PREVIOUSLY_EXPOSED_WINDOW,C1_OB_FVG,M1_STRICT_PENETRATION_NO_FAVORABLE_IMPROVEMENT,STRICT_M1_LIMIT_PENETRATION,FILLED,0,0,-2.0,-0.4444444444444444444444444444,0.0,TECHNICAL_ONLY_ABLATION,-4.50,-1,LOSS_1R,QRP-MACRO-LIQUIDITY-REVERSAL-001,0,4.50,NORMALIZED_LOW_COST,D1-20260112-BEARISH-M1-C1_OB_FVG-FVG-014782-OB-002783,0.50,1,25767.3,M1_C1_OB_FVG,1.5,25758.550,M1
25765.3,25753.30,False,10,OB,25764.3,25766.3,2,FVG-014782|OB-002783,25764.3,25766.3,25763.8,25754.80,HYPOTHETICAL_SCENARIO_NOT_BROKER_FACT,2026-01-12 00:00:00,2026-01-13 01:29:00,BEARISH,2026-01-13 11:18:00,2026-01-13 11:19:00,25765.3,D1-20260112-BEARISH,TARGET_1_5R,25753.30,2026-01-13 11:28:00,MLR-TECH-ABL-001,2026-01-14 00:00:00,PREVIOUSLY_EXPOSED_WINDOW,C1_OB_FVG,M1_STRICT_PENETRATION_NO_FAVORABLE_IMPROVEMENT,STRICT_M1_LIMIT_PENETRATION,FILLED,0,0.0,12.00,1.5,0.15,TECHNICAL_ONLY_ABLATION,7.00,0.875,WIN_TARGET_1_5R,QRP-MACRO-LIQUIDITY-REVERSAL-001,0,8.0,NORMALIZED_MEDIUM_COST,D1-20260112-BEARISH-M1-C1_OB_FVG-FVG-014782-OB-002783,1.0,2,25768.3,M1_C1_OB_FVG,1.5,25753.30,M1
25765.3,25735.30,False,26,OB,25764.3,25766.3,4,FVG-014782|OB-002783,25764.3,25766.3,25760.8,25739.80,HYPOTHETICAL_SCENARIO_NOT_BROKER_FACT,2026-01-12 00:00:00,2026-01-13 01:29:00,BEARISH,2026-01-13 11:18:00,2026-01-13 11:19:00,25765.3,D1-20260112-BEARISH,TARGET_1_5R,25735.30,2026-01-13 11:44:00,MLR-TECH-ABL-001,2026-01-14 00:00:00,PREVIOUSLY_EXPOSED_WINDOW,C1_OB_FVG,M1_STRICT_PENETRATION_NO_FAVORABLE_IMPROVEMENT,STRICT_M1_LIMIT_PENETRATION,FILLED,0,0.00,30.00,1.5,0.4166666666666667,TECHNICAL_ONLY_ABLATION,17.00,0.85,WIN_TARGET_1_5R,QRP-MACRO-LIQUIDITY-REVERSAL-001,0,20.0,NORMALIZED_HIGH_COST,D1-20260112-BEARISH-M1-C1_OB_FVG-FVG-014782-OB-002783,3.0,6,25772.3,M1_C1_OB_FVG,1.5,25735.30,M1
24771.15,24768.4,True,1,OB,24769.4,24774.8,1.0,FVG-015006|OB-002817,24769.4,24772.9,24771.90,24767.65,HYPOTHETICAL_SCENARIO_NOT_BROKER_FACT,2026-02-27 00:00:00,2026-03-02 05:20:00,BULLISH,2026-03-02 05:22:00,2026-03-02 05:23:00,24771.15,D1-20260227-BULLISH,ENTRY_BAR_STOP_ADVERSE,24768.4,2026-03-02 05:23:00,MLR-TECH-ABL-001,2026-03-03 00:00:00,PREVIOUSLY_EXPOSED_WINDOW,C1_OB_FVG,M1_STRICT_PENETRATION_NO_FAVORABLE_IMPROVEMENT,STRICT_M1_LIMIT_PENETRATION,FILLED,0,0,-2.75,-0.5238095238095238095238095238,0.0,TECHNICAL_ONLY_ABLATION,-5.25,-1,AMBIGUOUS_ADVERSE_FIRST,QRP-MACRO-LIQUIDITY-REVERSAL-001,0,5.25,NORMALIZED_LOW_COST,D1-20260227-BULLISH-M1-C1_OB_FVG-FVG-015006-OB-002817,0.50,1,24768.4,M1_C1_OB_FVG,1.5,24779.025,M1
24771.15,24767.4,False,1,OB,24769.4,24774.8,2,FVG-015006|OB-002817,24769.4,24772.9,24772.65,24765.9,HYPOTHETICAL_SCENARIO_NOT_BROKER_FACT,2026-02-27 00:00:00,2026-03-02 05:20:00,BULLISH,2026-03-02 05:22:00,2026-03-02 05:23:00,24771.15,D1-20260227-BULLISH,ENTRY_BAR_STOP_ADVERSE,24767.4,2026-03-02 05:23:00,MLR-TECH-ABL-001,2026-03-03 00:00:00,PREVIOUSLY_EXPOSED_WINDOW,C1_OB_FVG,M1_STRICT_PENETRATION_NO_FAVORABLE_IMPROVEMENT,STRICT_M1_LIMIT_PENETRATION,FILLED,0,0.0,-3.75,-0.4285714285714285714285714286,0.0,TECHNICAL_ONLY_ABLATION,-8.75,-1,LOSS_1R,QRP-MACRO-LIQUIDITY-REVERSAL-001,0,8.75,NORMALIZED_MEDIUM_COST,D1-20260227-BULLISH-M1-C1_OB_FVG-FVG-015006-OB-002817,1.0,2,24767.4,M1_C1_OB_FVG,1.5,24784.275,M1
24771.15,24763.4,False,13,OB,24769.4,24774.8,4,FVG-015006|OB-002817,24769.4,24772.9,24775.65,24758.9,HYPOTHETICAL_SCENARIO_NOT_BROKER_FACT,2026-02-27 00:00:00,2026-03-02 05:20:00,BULLISH,2026-03-02 05:22:00,2026-03-02 05:23:00,24771.15,D1-20260227-BULLISH,STOP,24763.4,2026-03-02 05:35:00,MLR-TECH-ABL-001,2026-03-03 00:00:00,PREVIOUSLY_EXPOSED_WINDOW,C1_OB_FVG,M1_STRICT_PENETRATION_NO_FAVORABLE_IMPROVEMENT,STRICT_M1_LIMIT_PENETRATION,FILLED,0,0.00,-7.75,-0.3734939759036144578313253012,0.2,TECHNICAL_ONLY_ABLATION,-20.75,-1,LOSS_1R,QRP-MACRO-LIQUIDITY-REVERSAL-001,0,20.75,NORMALIZED_HIGH_COST,D1-20260227-BULLISH-M1-C1_OB_FVG-FVG-015006-OB-002817,3.0,6,24763.4,M1_C1_OB_FVG,1.5,24802.275,M1
,,False,0,OB,24395.7,24403.7,0,FVG-015174|OB-002845,24395.7,24397.8,,,HYPOTHETICAL_SCENARIO_NOT_BROKER_FACT,2026-03-19 00:00:00,2026-03-20 01:20:00,BULLISH,,,,D1-20260319-BULLISH,OB_MITIGATED_BEFORE_MIDPOINT,,,MLR-TECH-ABL-001,2026-03-21 00:00:00,PREVIOUSLY_EXPOSED_WINDOW,C1_OB_FVG,M1_BLOCK_TOUCH,OB_MITIGATED_BEFORE_MIDPOINT,NO_FILL,0,0,,,,TECHNICAL_ONLY_ABLATION,,,NO_FILL,QRP-MACRO-LIQUIDITY-REVERSAL-001,0,,NORMALIZED_LOW_COST,D1-20260319-BULLISH-M1-C1_OB_FVG-FVG-015174-OB-002845,0,0,,M1_C1_OB_FVG,1.5,,M1
,,False,0,OB,24395.7,24403.7,0,FVG-015174|OB-002845,24395.7,24397.8,,,HYPOTHETICAL_SCENARIO_NOT_BROKER_FACT,2026-03-19 00:00:00,2026-03-20 01:20:00,BULLISH,,,,D1-20260319-BULLISH,OB_MITIGATED_BEFORE_MIDPOINT,,,MLR-TECH-ABL-001,2026-03-21 00:00:00,PREVIOUSLY_EXPOSED_WINDOW,C1_OB_FVG,M1_BLOCK_TOUCH,OB_MITIGATED_BEFORE_MIDPOINT,NO_FILL,0,0,,,,TECHNICAL_ONLY_ABLATION,,,NO_FILL,QRP-MACRO-LIQUIDITY-REVERSAL-001,0,,NORMALIZED_MEDIUM_COST,D1-20260319-BULLISH-M1-C1_OB_FVG-FVG-015174-OB-002845,0,0,,M1_C1_OB_FVG,1.5,,M1
,,False,0,OB,24395.7,24403.7,0,FVG-015174|OB-002845,24395.7,24397.8,,,HYPOTHETICAL_SCENARIO_NOT_BROKER_FACT,2026-03-19 00:00:00,2026-03-20 01:20:00,BULLISH,,,,D1-20260319-BULLISH,OB_MITIGATED_BEFORE_MIDPOINT,,,MLR-TECH-ABL-001,2026-03-21 00:00:00,PREVIOUSLY_EXPOSED_WINDOW,C1_OB_FVG,M1_BLOCK_TOUCH,OB_MITIGATED_BEFORE_MIDPOINT,NO_FILL,0,0,,,,TECHNICAL_ONLY_ABLATION,,,NO_FILL,QRP-MACRO-LIQUIDITY-REVERSAL-001,0,,NORMALIZED_HIGH_COST,D1-20260319-BULLISH-M1-C1_OB_FVG-FVG-015174-OB-002845,0,0,,M1_C1_OB_FVG,1.5,,M1
,,False,0,OB,26620.3,26625.5,0,FVG-015361|OB-002882,26620.5,26621.1,,,HYPOTHETICAL_SCENARIO_NOT_BROKER_FACT,2026-04-21 00:00:00,2026-04-22 01:32:00,BEARISH,,,,D1-20260421-BEARISH,OB_MITIGATED_BEFORE_MIDPOINT,,,MLR-TECH-ABL-001,2026-04-23 00:00:00,PREVIOUSLY_EXPOSED_WINDOW,C1_OB_FVG,M1_BLOCK_TOUCH,OB_MITIGATED_BEFORE_MIDPOINT,NO_FILL,0,0,,,,TECHNICAL_ONLY_ABLATION,,,NO_FILL,QRP-MACRO-LIQUIDITY-REVERSAL-001,0,,NORMALIZED_LOW_COST,D1-20260421-BEARISH-M1-C1_OB_FVG-FVG-015361-OB-002882,0,0,,M1_C1_OB_FVG,1.5,,M1
,,False,0,OB,26620.3,26625.5,0,FVG-015361|OB-002882,26620.5,26621.1,,,HYPOTHETICAL_SCENARIO_NOT_BROKER_FACT,2026-04-21 00:00:00,2026-04-22 01:32:00,BEARISH,,,,D1-20260421-BEARISH,OB_MITIGATED_BEFORE_MIDPOINT,,,MLR-TECH-ABL-001,2026-04-23 00:00:00,PREVIOUSLY_EXPOSED_WINDOW,C1_OB_FVG,M1_BLOCK_TOUCH,OB_MITIGATED_BEFORE_MIDPOINT,NO_FILL,0,0,,,,TECHNICAL_ONLY_ABLATION,,,NO_FILL,QRP-MACRO-LIQUIDITY-REVERSAL-001,0,,NORMALIZED_MEDIUM_COST,D1-20260421-BEARISH-M1-C1_OB_FVG-FVG-015361-OB-002882,0,0,,M1_C1_OB_FVG,1.5,,M1
,,False,0,OB,26620.3,26625.5,0,FVG-015361|OB-002882,26620.5,26621.1,,,HYPOTHETICAL_SCENARIO_NOT_BROKER_FACT,2026-04-21 00:00:00,2026-04-22 01:32:00,BEARISH,,,,D1-20260421-BEARISH,OB_MITIGATED_BEFORE_MIDPOINT,,,MLR-TECH-ABL-001,2026-04-23 00:00:00,PREVIOUSLY_EXPOSED_WINDOW,C1_OB_FVG,M1_BLOCK_TOUCH,OB_MITIGATED_BEFORE_MIDPOINT,NO_FILL,0,0,,,,TECHNICAL_ONLY_ABLATION,,,NO_FILL,QRP-MACRO-LIQUIDITY-REVERSAL-001,0,,NORMALIZED_HIGH_COST,D1-20260421-BEARISH-M1-C1_OB_FVG-FVG-015361-OB-002882,0,0,,M1_C1_OB_FVG,1.5,,M1
,,False,0,OB,29909.3,29912.7,0,FVG-015514|OB-002913,29912.0,29912.5,,,HYPOTHETICAL_SCENARIO_NOT_BROKER_FACT,2026-05-22 00:00:00,2026-05-25 12:24:00,BEARISH,,,,D1-20260522-BEARISH,OB_MITIGATED_BEFORE_MIDPOINT,,,MLR-TECH-ABL-001,2026-05-26 00:00:00,PREVIOUSLY_EXPOSED_WINDOW,C1_OB_FVG,M1_BLOCK_TOUCH,OB_MITIGATED_BEFORE_MIDPOINT,NO_FILL,0,0,,,,TECHNICAL_ONLY_ABLATION,,,NO_FILL,QRP-MACRO-LIQUIDITY-REVERSAL-001,0,,NORMALIZED_LOW_COST,D1-20260522-BEARISH-M1-C1_OB_FVG-FVG-015514-OB-002913,0,0,,M1_C1_OB_FVG,1.5,,M1
,,False,0,OB,29909.3,29912.7,0,FVG-015514|OB-002913,29912.0,29912.5,,,HYPOTHETICAL_SCENARIO_NOT_BROKER_FACT,2026-05-22 00:00:00,2026-05-25 12:24:00,BEARISH,,,,D1-20260522-BEARISH,OB_MITIGATED_BEFORE_MIDPOINT,,,MLR-TECH-ABL-001,2026-05-26 00:00:00,PREVIOUSLY_EXPOSED_WINDOW,C1_OB_FVG,M1_BLOCK_TOUCH,OB_MITIGATED_BEFORE_MIDPOINT,NO_FILL,0,0,,,,TECHNICAL_ONLY_ABLATION,,,NO_FILL,QRP-MACRO-LIQUIDITY-REVERSAL-001,0,,NORMALIZED_MEDIUM_COST,D1-20260522-BEARISH-M1-C1_OB_FVG-FVG-015514-OB-002913,0,0,,M1_C1_OB_FVG,1.5,,M1
,,False,0,OB,29909.3,29912.7,0,FVG-015514|OB-002913,29912.0,29912.5,,,HYPOTHETICAL_SCENARIO_NOT_BROKER_FACT,2026-05-22 00:00:00,2026-05-25 12:24:00,BEARISH,,,,D1-20260522-BEARISH,OB_MITIGATED_BEFORE_MIDPOINT,,,MLR-TECH-ABL-001,2026-05-26 00:00:00,PREVIOUSLY_EXPOSED_WINDOW,C1_OB_FVG,M1_BLOCK_TOUCH,OB_MITIGATED_BEFORE_MIDPOINT,NO_FILL,0,0,,,,TECHNICAL_ONLY_ABLATION,,,NO_FILL,QRP-MACRO-LIQUIDITY-REVERSAL-001,0,,NORMALIZED_HIGH_COST,D1-20260522-BEARISH-M1-C1_OB_FVG-FVG-015514-OB-002913,0,0,,M1_C1_OB_FVG,1.5,,M1
6022.0,6023.4,False,1,BREAKER,6021.9,6022.4,1.0,FVG-000029|BREAKER-000002,6021.9,6022.1,6021.25,6024.15,HYPOTHETICAL_SCENARIO_NOT_BROKER_FACT,2017-10-04 00:00:00,2017-10-05 16:29:00,BEARISH,2017-10-05 16:30:00,2017-10-05 16:31:00,6022.0,D1-20171004-BEARISH,ENTRY_BAR_STOP_ADVERSE,6023.4,2017-10-05 16:31:00,MLR-TECH-ABL-001,2017-10-06 00:00:00,PREVIOUSLY_EXPOSED_WINDOW,C2_FVG_BREAKER,M1_STRICT_PENETRATION_NO_FAVORABLE_IMPROVEMENT,STRICT_M1_LIMIT_PENETRATION,FILLED,0,0,-1.4,-0.3589743589743589743589743590,0.0,TECHNICAL_ONLY_ABLATION,-3.90,-1,LOSS_1R,QRP-MACRO-LIQUIDITY-REVERSAL-001,0,3.90,NORMALIZED_LOW_COST,D1-20171004-BEARISH-M1-C2_FVG_BREAKER-FVG-000029-BREAKER-000002,0.50,1,6023.4,M1_C2_FVG_BREAKER,1.5,6016.150,M1
6022.0,6024.4,False,2,BREAKER,6021.9,6022.4,2,FVG-000029|BREAKER-000002,6021.9,6022.1,6020.5,6025.9,HYPOTHETICAL_SCENARIO_NOT_BROKER_FACT,2017-10-04 00:00:00,2017-10-05 16:29:00,BEARISH,2017-10-05 16:30:00,2017-10-05 16:31:00,6022.0,D1-20171004-BEARISH,STOP,6024.4,2017-10-05 16:32:00,MLR-TECH-ABL-001,2017-10-06 00:00:00,PREVIOUSLY_EXPOSED_WINDOW,C2_FVG_BREAKER,M1_STRICT_PENETRATION_NO_FAVORABLE_IMPROVEMENT,STRICT_M1_LIMIT_PENETRATION,FILLED,0,0.0,-2.4,-0.3243243243243243243243243243,0.016666666666666666,TECHNICAL_ONLY_ABLATION,-7.4,-1,LOSS_1R,QRP-MACRO-LIQUIDITY-REVERSAL-001,0,7.4,NORMALIZED_MEDIUM_COST,D1-20171004-BEARISH-M1-C2_FVG_BREAKER-FVG-000029-BREAKER-000002,1.0,2,6024.4,M1_C2_FVG_BREAKER,1.5,6010.90,M1
6022.0,6028.4,False,3,BREAKER,6021.9,6022.4,4,FVG-000029|BREAKER-000002,6021.9,6022.1,6017.5,6032.9,HYPOTHETICAL_SCENARIO_NOT_BROKER_FACT,2017-10-04 00:00:00,2017-10-05 16:29:00,BEARISH,2017-10-05 16:30:00,2017-10-05 16:31:00,6022.0,D1-20171004-BEARISH,STOP,6028.4,2017-10-05 16:33:00,MLR-TECH-ABL-001,2017-10-06 00:00:00,PREVIOUSLY_EXPOSED_WINDOW,C2_FVG_BREAKER,M1_STRICT_PENETRATION_NO_FAVORABLE_IMPROVEMENT,STRICT_M1_LIMIT_PENETRATION,FILLED,0,0.00,-6.4,-0.3298969072164948453608247423,0.03333333333333333,TECHNICAL_ONLY_ABLATION,-19.40,-1.0,LOSS_1R,QRP-MACRO-LIQUIDITY-REVERSAL-001,0,19.4,NORMALIZED_HIGH_COST,D1-20171004-BEARISH-M1-C2_FVG_BREAKER-FVG-000029-BREAKER-000002,3.0,6,6028.4,M1_C2_FVG_BREAKER,1.5,5992.90,M1
6065.55,6066.9,False,34,BREAKER,6065.5,6065.9,1.0,FVG-000116|BREAKER-000013,6065.5,6065.6,6064.80,6067.65,HYPOTHETICAL_SCENARIO_NOT_BROKER_FACT,2017-10-06 00:00:00,2017-10-09 02:02:00,BEARISH,2017-10-09 02:05:00,2017-10-09 02:06:00,6065.55,D1-20171006-BEARISH,STOP,6066.9,2017-10-09 02:46:00,MLR-TECH-ABL-001,2017-10-10 00:00:00,PREVIOUSLY_EXPOSED_WINDOW,C2_FVG_BREAKER,M1_STRICT_PENETRATION_NO_FAVORABLE_IMPROVEMENT,STRICT_M1_LIMIT_PENETRATION,FILLED,0,0,-1.35,-0.3506493506493506493506493506,0.6666666666666666,TECHNICAL_ONLY_ABLATION,-3.85,-1,LOSS_1R,QRP-MACRO-LIQUIDITY-REVERSAL-001,0,3.85,NORMALIZED_LOW_COST,D1-20171006-BEARISH-M1-C2_FVG_BREAKER-FVG-000116-BREAKER-000013,0.50,1,6066.9,M1_C2_FVG_BREAKER,1.5,6059.775,M1
6065.55,6067.9,False,53,BREAKER,6065.5,6065.9,2,FVG-000116|BREAKER-000013,6065.5,6065.6,6064.05,6069.4,HYPOTHETICAL_SCENARIO_NOT_BROKER_FACT,2017-10-06 00:00:00,2017-10-09 02:02:00,BEARISH,2017-10-09 02:05:00,2017-10-09 02:06:00,6065.55,D1-20171006-BEARISH,STOP,6067.9,2017-10-09 03:05:00,MLR-TECH-ABL-001,2017-10-10 00:00:00,PREVIOUSLY_EXPOSED_WINDOW,C2_FVG_BREAKER,M1_STRICT_PENETRATION_NO_FAVORABLE_IMPROVEMENT,STRICT_M1_LIMIT_PENETRATION,FILLED,0,0.0,-2.35,-0.3197278911564625850340136054,0.9833333333333333,TECHNICAL_ONLY_ABLATION,-7.35,-1,LOSS_1R,QRP-MACRO-LIQUIDITY-REVERSAL-001,0,7.35,NORMALIZED_MEDIUM_COST,D1-20171006-BEARISH-M1-C2_FVG_BREAKER-FVG-000116-BREAKER-000013,1.0,2,6067.9,M1_C2_FVG_BREAKER,1.5,6054.525,M1
6065.55,6071.9,False,89,BREAKER,6065.5,6065.9,4,FVG-000116|BREAKER-000013,6065.5,6065.6,6061.05,6076.4,HYPOTHETICAL_SCENARIO_NOT_BROKER_FACT,2017-10-06 00:00:00,2017-10-09 02:02:00,BEARISH,2017-10-09 02:05:00,2017-10-09 02:06:00,6065.55,D1-20171006-BEARISH,STOP,6071.9,2017-10-09 03:47:00,MLR-TECH-ABL-001,2017-10-10 00:00:00,PREVIOUSLY_EXPOSED_WINDOW,C2_FVG_BREAKER,M1_STRICT_PENETRATION_NO_FAVORABLE_IMPROVEMENT,STRICT_M1_LIMIT_PENETRATION,FILLED,0,0.00,-6.35,-0.3281653746770025839793281654,1.6833333333333333,TECHNICAL_ONLY_ABLATION,-19.35,-1,LOSS_1R,QRP-MACRO-LIQUIDITY-REVERSAL-001,0,19.35,NORMALIZED_HIGH_COST,D1-20171006-BEARISH-M1-C2_FVG_BREAKER-FVG-000116-BREAKER-000013,3.0,6,6071.9,M1_C2_FVG_BREAKER,1.5,6036.525,M1
6225.1,6226.5,False,20,BREAKER,6224.7,6225.5,1.0,FVG-000338|BREAKER-000045,6224.7,6225.5,6224.35,6227.25,HYPOTHETICAL_SCENARIO_NOT_BROKER_FACT,2017-11-01 00:00:00,2017-11-02 06:37:00,BEARISH,2017-11-02 06:37:00,2017-11-02 06:38:00,6225.1,D1-20171101-BEARISH,STOP,6226.5,2017-11-02 06:57:00,MLR-TECH-ABL-001,2017-11-03 00:00:00,PREVIOUSLY_EXPOSED_WINDOW,C2_FVG_BREAKER,M1_STRICT_PENETRATION_NO_FAVORABLE_IMPROVEMENT,STRICT_M1_LIMIT_PENETRATION,FILLED,0,0,-1.4,-0.3589743589743589743589743590,0.31666666666666665,TECHNICAL_ONLY_ABLATION,-3.90,-1,LOSS_1R,QRP-MACRO-LIQUIDITY-REVERSAL-001,0,3.90,NORMALIZED_LOW_COST,D1-20171101-BEARISH-M1-C2_FVG_BREAKER-FVG-000338-BREAKER-000045,0.50,1,6226.5,M1_C2_FVG_BREAKER,1.5,6219.250,M1
6225.1,6227.5,False,21,BREAKER,6224.7,6225.5,2,FVG-000338|BREAKER-000045,6224.7,6225.5,6223.6,6229.0,HYPOTHETICAL_SCENARIO_NOT_BROKER_FACT,2017-11-01 00:00:00,2017-11-02 06:37:00,BEARISH,2017-11-02 06:37:00,2017-11-02 06:38:00,6225.1,D1-20171101-BEARISH,STOP,6227.5,2017-11-02 06:58:00,MLR-TECH-ABL-001,2017-11-03 00:00:00,PREVIOUSLY_EXPOSED_WINDOW,C2_FVG_BREAKER,M1_STRICT_PENETRATION_NO_FAVORABLE_IMPROVEMENT,STRICT_M1_LIMIT_PENETRATION,FILLED,0,0.0,-2.4,-0.3243243243243243243243243243,0.3333333333333333,TECHNICAL_ONLY_ABLATION,-7.4,-1,LOSS_1R,QRP-MACRO-LIQUIDITY-REVERSAL-001,0,7.4,NORMALIZED_MEDIUM_COST,D1-20171101-BEARISH-M1-C2_FVG_BREAKER-FVG-000338-BREAKER-000045,1.0,2,6227.5,M1_C2_FVG_BREAKER,1.5,6214.00,M1
6225.1,6231.5,False,241,BREAKER,6224.7,6225.5,4,FVG-000338|BREAKER-000045,6224.7,6225.5,6220.6,6236.0,HYPOTHETICAL_SCENARIO_NOT_BROKER_FACT,2017-11-01 00:00:00,2017-11-02 06:37:00,BEARISH,2017-11-02 06:37:00,2017-11-02 06:38:00,6225.1,D1-20171101-BEARISH,STOP,6231.5,2017-11-02 10:46:00,MLR-TECH-ABL-001,2017-11-03 00:00:00,PREVIOUSLY_EXPOSED_WINDOW,C2_FVG_BREAKER,M1_STRICT_PENETRATION_NO_FAVORABLE_IMPROVEMENT,STRICT_M1_LIMIT_PENETRATION,FILLED,0,0.00,-6.4,-0.3298969072164948453608247423,4.133333333333334,TECHNICAL_ONLY_ABLATION,-19.40,-1.0,LOSS_1R,QRP-MACRO-LIQUIDITY-REVERSAL-001,0,19.4,NORMALIZED_HIGH_COST,D1-20171101-BEARISH-M1-C2_FVG_BREAKER-FVG-000338-BREAKER-000045,3.0,6,6231.5,M1_C2_FVG_BREAKER,1.5,6196.00,M1
6392.9,6394.1,False,6,BREAKER,6392.8,6393.1,1.0,FVG-000511|BREAKER-000067,6392.8,6393.0,6392.15,6394.85,HYPOTHETICAL_SCENARIO_NOT_BROKER_FACT,2017-11-23 00:00:00,2017-11-24 17:31:00,BEARISH,2017-11-24 17:31:00,2017-11-24 17:32:00,6392.9,D1-20171123-BEARISH,STOP,6394.1,2017-11-24 17:37:00,MLR-TECH-ABL-001,2017-11-25 00:00:00,PREVIOUSLY_EXPOSED_WINDOW,C2_FVG_BREAKER,M1_STRICT_PENETRATION_NO_FAVORABLE_IMPROVEMENT,STRICT_M1_LIMIT_PENETRATION,FILLED,0,0,-1.2,-0.3243243243243243243243243243,0.08333333333333333,TECHNICAL_ONLY_ABLATION,-3.70,-1,LOSS_1R,QRP-MACRO-LIQUIDITY-REVERSAL-001,0,3.70,NORMALIZED_LOW_COST,D1-20171123-BEARISH-M1-C2_FVG_BREAKER-FVG-000511-BREAKER-000067,0.50,1,6394.1,M1_C2_FVG_BREAKER,1.5,6387.350,M1
6392.9,6395.1,False,6,BREAKER,6392.8,6393.1,2,FVG-000511|BREAKER-000067,6392.8,6393.0,6391.4,6396.6,HYPOTHETICAL_SCENARIO_NOT_BROKER_FACT,2017-11-23 00:00:00,2017-11-24 17:31:00,BEARISH,2017-11-24 17:31:00,2017-11-24 17:32:00,6392.9,D1-20171123-BEARISH,STOP,6395.1,2017-11-24 17:37:00,MLR-TECH-ABL-001,2017-11-25 00:00:00,PREVIOUSLY_EXPOSED_WINDOW,C2_FVG_BREAKER,M1_STRICT_PENETRATION_NO_FAVORABLE_IMPROVEMENT,STRICT_M1_LIMIT_PENETRATION,FILLED,0,0.0,-2.2,-0.3055555555555555555555555556,0.08333333333333333,TECHNICAL_ONLY_ABLATION,-7.2,-1,LOSS_1R,QRP-MACRO-LIQUIDITY-REVERSAL-001,0,7.2,NORMALIZED_MEDIUM_COST,D1-20171123-BEARISH-M1-C2_FVG_BREAKER-FVG-000511-BREAKER-000067,1.0,2,6395.1,M1_C2_FVG_BREAKER,1.5,6382.10,M1
6392.9,6399.1,False,63,BREAKER,6392.8,6393.1,4,FVG-000511|BREAKER-000067,6392.8,6393.0,6388.4,6403.6,HYPOTHETICAL_SCENARIO_NOT_BROKER_FACT,2017-11-23 00:00:00,2017-11-24 17:31:00,BEARISH,2017-11-24 17:31:00,2017-11-24 17:32:00,6392.9,D1-20171123-BEARISH,STOP,6399.1,2017-11-24 18:34:00,MLR-TECH-ABL-001,2017-11-25 00:00:00,PREVIOUSLY_EXPOSED_WINDOW,C2_FVG_BREAKER,M1_STRICT_PENETRATION_NO_FAVORABLE_IMPROVEMENT,STRICT_M1_LIMIT_PENETRATION,FILLED,0,0.00,-6.2,-0.3229166666666666666666666667,1.0333333333333334,TECHNICAL_ONLY_ABLATION,-19.20,-1.0,LOSS_1R,QRP-MACRO-LIQUIDITY-REVERSAL-001,0,19.2,NORMALIZED_HIGH_COST,D1-20171123-BEARISH-M1-C2_FVG_BREAKER-FVG-000511-BREAKER-000067,3.0,6,6399.1,M1_C2_FVG_BREAKER,1.5,6364.10,M1
6802.75,6804.1,False,8,BREAKER,6802.7,6803.1,1.0,FVG-000598|BREAKER-000073,6802.7,6802.8,6802.00,6804.85,HYPOTHETICAL_SCENARIO_NOT_BROKER_FACT,2018-02-16 00:00:00,2018-02-19 06:31:00,BEARISH,2018-02-19 06:31:00,2018-02-19 06:32:00,6802.75,D1-20180216-BEARISH,STOP,6804.1,2018-02-19 06:39:00,MLR-TECH-ABL-001,2018-02-20 00:00:00,PREVIOUSLY_EXPOSED_WINDOW,C2_FVG_BREAKER,M1_STRICT_PENETRATION_NO_FAVORABLE_IMPROVEMENT,STRICT_M1_LIMIT_PENETRATION,FILLED,0,0,-1.35,-0.3506493506493506493506493506,0.11666666666666667,TECHNICAL_ONLY_ABLATION,-3.85,-1,LOSS_1R,QRP-MACRO-LIQUIDITY-REVERSAL-001,0,3.85,NORMALIZED_LOW_COST,D1-20180216-BEARISH-M1-C2_FVG_BREAKER-FVG-000598-BREAKER-000073,0.50,1,6804.1,M1_C2_FVG_BREAKER,1.5,6796.975,M1
6802.75,6805.1,False,35,BREAKER,6802.7,6803.1,2,FVG-000598|BREAKER-000073,6802.7,6802.8,6801.25,6806.6,HYPOTHETICAL_SCENARIO_NOT_BROKER_FACT,2018-02-16 00:00:00,2018-02-19 06:31:00,BEARISH,2018-02-19 06:31:00,2018-02-19 06:32:00,6802.75,D1-20180216-BEARISH,STOP,6805.1,2018-02-19 07:06:00,MLR-TECH-ABL-001,2018-02-20 00:00:00,PREVIOUSLY_EXPOSED_WINDOW,C2_FVG_BREAKER,M1_STRICT_PENETRATION_NO_FAVORABLE_IMPROVEMENT,STRICT_M1_LIMIT_PENETRATION,FILLED,0,0.0,-2.35,-0.3197278911564625850340136054,0.5666666666666667,TECHNICAL_ONLY_ABLATION,-7.35,-1,LOSS_1R,QRP-MACRO-LIQUIDITY-REVERSAL-001,0,7.35,NORMALIZED_MEDIUM_COST,D1-20180216-BEARISH-M1-C2_FVG_BREAKER-FVG-000598-BREAKER-000073,1.0,2,6805.1,M1_C2_FVG_BREAKER,1.5,6791.725,M1
6802.75,6809.1,False,43,BREAKER,6802.7,6803.1,4,FVG-000598|BREAKER-000073,6802.7,6802.8,6798.25,6813.6,HYPOTHETICAL_SCENARIO_NOT_BROKER_FACT,2018-02-16 00:00:00,2018-02-19 06:31:00,BEARISH,2018-02-19 06:31:00,2018-02-19 06:32:00,6802.75,D1-20180216-BEARISH,STOP,6809.1,2018-02-19 07:14:00,MLR-TECH-ABL-001,2018-02-20 00:00:00,PREVIOUSLY_EXPOSED_WINDOW,C2_FVG_BREAKER,M1_STRICT_PENETRATION_NO_FAVORABLE_IMPROVEMENT,STRICT_M1_LIMIT_PENETRATION,FILLED,0,0.00,-6.35,-0.3281653746770025839793281654,0.7,TECHNICAL_ONLY_ABLATION,-19.35,-1,LOSS_1R,QRP-MACRO-LIQUIDITY-REVERSAL-001,0,19.35,NORMALIZED_HIGH_COST,D1-20180216-BEARISH-M1-C2_FVG_BREAKER-FVG-000598-BREAKER-000073,3.0,6,6809.1,M1_C2_FVG_BREAKER,1.5,6773.725,M1
6656.35,6661.675,False,20,BREAKER,6656.3,6657.9,1.0,FVG-000813|BREAKER-000091,6656.3,6656.4,6657.10,6660.925,HYPOTHETICAL_SCENARIO_NOT_BROKER_FACT,2018-04-23 00:00:00,2018-04-24 04:18:00,BULLISH,2018-04-24 04:18:00,2018-04-24 04:19:00,6656.35,D1-20180423-BULLISH,TARGET_1_5R,6661.675,2018-04-24 04:38:00,MLR-TECH-ABL-001,2018-04-25 00:00:00,PREVIOUSLY_EXPOSED_WINDOW,C2_FVG_BREAKER,M1_STRICT_PENETRATION_NO_FAVORABLE_IMPROVEMENT,STRICT_M1_LIMIT_PENETRATION,FILLED,0,0,5.325,1.5,0.31666666666666665,TECHNICAL_ONLY_ABLATION,2.825,0.7957746478873239436619718310,WIN_TARGET_1_5R,QRP-MACRO-LIQUIDITY-REVERSAL-001,0,3.55,NORMALIZED_LOW_COST,D1-20180423-BULLISH-M1-C2_FVG_BREAKER-FVG-000813-BREAKER-000091,0.50,1,6655.3,M1_C2_FVG_BREAKER,1.5,6661.675,M1
6656.35,6666.925,False,41,BREAKER,6656.3,6657.9,2,FVG-000813|BREAKER-000091,6656.3,6656.4,6657.85,6665.425,HYPOTHETICAL_SCENARIO_NOT_BROKER_FACT,2018-04-23 00:00:00,2018-04-24 04:18:00,BULLISH,2018-04-24 04:18:00,2018-04-24 04:19:00,6656.35,D1-20180423-BULLISH,TARGET_1_5R,6666.925,2018-04-24 04:59:00,MLR-TECH-ABL-001,2018-04-25 00:00:00,PREVIOUSLY_EXPOSED_WINDOW,C2_FVG_BREAKER,M1_STRICT_PENETRATION_NO_FAVORABLE_IMPROVEMENT,STRICT_M1_LIMIT_PENETRATION,FILLED,0,0.0,10.575,1.5,0.6666666666666666,TECHNICAL_ONLY_ABLATION,5.575,0.7907801418439716312056737589,WIN_TARGET_1_5R,QRP-MACRO-LIQUIDITY-REVERSAL-001,0,7.05,NORMALIZED_MEDIUM_COST,D1-20180423-BULLISH-M1-C2_FVG_BREAKER-FVG-000813-BREAKER-000091,1.0,2,6654.3,M1_C2_FVG_BREAKER,1.5,6666.925,M1
6656.35,6684.925,False,395,BREAKER,6656.3,6657.9,4,FVG-000813|BREAKER-000091,6656.3,6656.4,6660.85,6680.425,HYPOTHETICAL_SCENARIO_NOT_BROKER_FACT,2018-04-23 00:00:00,2018-04-24 04:18:00,BULLISH,2018-04-24 04:18:00,2018-04-24 04:19:00,6656.35,D1-20180423-BULLISH,TARGET_1_5R,6684.925,2018-04-24 10:58:00,MLR-TECH-ABL-001,2018-04-25 00:00:00,PREVIOUSLY_EXPOSED_WINDOW,C2_FVG_BREAKER,M1_STRICT_PENETRATION_NO_FAVORABLE_IMPROVEMENT,STRICT_M1_LIMIT_PENETRATION,FILLED,0,0.00,28.575,1.5,6.65,TECHNICAL_ONLY_ABLATION,15.575,0.8175853018372703412073490814,WIN_TARGET_1_5R,QRP-MACRO-LIQUIDITY-REVERSAL-001,0,19.05,NORMALIZED_HIGH_COST,D1-20180423-BULLISH-M1-C2_FVG_BREAKER-FVG-000813-BREAKER-000091,3.0,6,6650.3,M1_C2_FVG_BREAKER,1.5,6684.925,M1
6974.1,6975.4,False,16,BREAKER,6973.9,6974.4,1.0,FVG-001016|BREAKER-000114,6973.9,6974.3,6973.35,6976.15,HYPOTHETICAL_SCENARIO_NOT_BROKER_FACT,2018-05-11 00:00:00,2018-05-14 02:11:00,BEARISH,2018-05-14 02:11:00,2018-05-14 02:12:00,6974.1,D1-20180511-BEARISH,STOP,6975.4,2018-05-14 02:28:00,MLR-TECH-ABL-001,2018-05-15 00:00:00,PREVIOUSLY_EXPOSED_WINDOW,C2_FVG_BREAKER,M1_STRICT_PENETRATION_NO_FAVORABLE_IMPROVEMENT,STRICT_M1_LIMIT_PENETRATION,FILLED,0,0,-1.3,-0.3421052631578947368421052632,0.26666666666666666,TECHNICAL_ONLY_ABLATION,-3.80,-1,LOSS_1R,QRP-MACRO-LIQUIDITY-REVERSAL-001,0,3.80,NORMALIZED_LOW_COST,D1-20180511-BEARISH-M1-C2_FVG_BREAKER-FVG-001016-BREAKER-000114,0.50,1,6975.4,M1_C2_FVG_BREAKER,1.5,6968.400,M1
6974.1,6976.4,False,28,BREAKER,6973.9,6974.4,2,FVG-001016|BREAKER-000114,6973.9,6974.3,6972.6,6977.9,HYPOTHETICAL_SCENARIO_NOT_BROKER_FACT,2018-05-11 00:00:00,2018-05-14 02:11:00,BEARISH,2018-05-14 02:11:00,2018-05-14 02:12:00,6974.1,D1-20180511-BEARISH,STOP,6976.4,2018-05-14 02:40:00,MLR-TECH-ABL-001,2018-05-15 00:00:00,PREVIOUSLY_EXPOSED_WINDOW,C2_FVG_BREAKER,M1_STRICT_PENETRATION_NO_FAVORABLE_IMPROVEMENT,STRICT_M1_LIMIT_PENETRATION,FILLED,0,0.0,-2.3,-0.3150684931506849315068493151,0.4666666666666667,TECHNICAL_ONLY_ABLATION,-7.3,-1,LOSS_1R,QRP-MACRO-LIQUIDITY-REVERSAL-001,0,7.3,NORMALIZED_MEDIUM_COST,D1-20180511-BEARISH-M1-C2_FVG_BREAKER-FVG-001016-BREAKER-000114,1.0,2,6976.4,M1_C2_FVG_BREAKER,1.5,6963.15,M1
6974.1,6980.4,False,38,BREAKER,6973.9,6974.4,4,FVG-001016|BREAKER-000114,6973.9,6974.3,6969.6,6984.9,HYPOTHETICAL_SCENARIO_NOT_BROKER_FACT,2018-05-11 00:00:00,2018-05-14 02:11:00,BEARISH,2018-05-14 02:11:00,2018-05-14 02:12:00,6974.1,D1-20180511-BEARISH,STOP,6980.4,2018-05-14 02:50:00,MLR-TECH-ABL-001,2018-05-15 00:00:00,PREVIOUSLY_EXPOSED_WINDOW,C2_FVG_BREAKER,M1_STRICT_PENETRATION_NO_FAVORABLE_IMPROVEMENT,STRICT_M1_LIMIT_PENETRATION,FILLED,0,0.00,-6.3,-0.3264248704663212435233160622,0.6333333333333333,TECHNICAL_ONLY_ABLATION,-19.30,-1.0,LOSS_1R,QRP-MACRO-LIQUIDITY-REVERSAL-001,0,19.3,NORMALIZED_HIGH_COST,D1-20180511-BEARISH-M1-C2_FVG_BREAKER-FVG-001016-BREAKER-000114,3.0,6,6980.4,M1_C2_FVG_BREAKER,1.5,6945.15,M1
7210.05,7203.225,False,12,BREAKER,7210.0,7211.1,1.0,FVG-001239|BREAKER-000135,7210.0,7210.1,7209.30,7203.975,HYPOTHETICAL_SCENARIO_NOT_BROKER_FACT,2018-06-13 00:00:00,2018-06-14 05:43:00,BEARISH,2018-06-14 05:43:00,2018-06-14 05:44:00,7210.05,D1-20180613-BEARISH,TARGET_1_5R,7203.225,2018-06-14 05:55:00,MLR-TECH-ABL-001,2018-06-15 00:00:00,PREVIOUSLY_EXPOSED_WINDOW,C2_FVG_BREAKER,M1_STRICT_PENETRATION_NO_FAVORABLE_IMPROVEMENT,STRICT_M1_LIMIT_PENETRATION,FILLED,0,0,6.825,1.5,0.18333333333333332,TECHNICAL_ONLY_ABLATION,4.325,0.9505494505494505494505494505,WIN_TARGET_1_5R,QRP-MACRO-LIQUIDITY-REVERSAL-001,0,4.55,NORMALIZED_LOW_COST,D1-20180613-BEARISH-M1-C2_FVG_BREAKER-FVG-001239-BREAKER-000135,0.50,1,7212.1,M1_C2_FVG_BREAKER,1.5,7203.225,M1
7210.05,7197.975,False,147,BREAKER,7210.0,7211.1,2,FVG-001239|BREAKER-000135,7210.0,7210.1,7208.55,7199.475,HYPOTHETICAL_SCENARIO_NOT_BROKER_FACT,2018-06-13 00:00:00,2018-06-14 05:43:00,BEARISH,2018-06-14 05:43:00,2018-06-14 05:44:00,7210.05,D1-20180613-BEARISH,TARGET_1_5R,7197.975,2018-06-14 08:10:00,MLR-TECH-ABL-001,2018-06-15 00:00:00,PREVIOUSLY_EXPOSED_WINDOW,C2_FVG_BREAKER,M1_STRICT_PENETRATION_NO_FAVORABLE_IMPROVEMENT,STRICT_M1_LIMIT_PENETRATION,FILLED,0,0.0,12.075,1.5,2.433333333333333,TECHNICAL_ONLY_ABLATION,7.075,0.8788819875776397515527950311,WIN_TARGET_1_5R,QRP-MACRO-LIQUIDITY-REVERSAL-001,0,8.05,NORMALIZED_MEDIUM_COST,D1-20180613-BEARISH-M1-C2_FVG_BREAKER-FVG-001239-BREAKER-000135,1.0,2,7213.1,M1_C2_FVG_BREAKER,1.5,7197.975,M1
7210.05,7217.1,False,547,BREAKER,7210.0,7211.1,4,FVG-001239|BREAKER-000135,7210.0,7210.1,7205.55,7221.6,HYPOTHETICAL_SCENARIO_NOT_BROKER_FACT,2018-06-13 00:00:00,2018-06-14 05:43:00,BEARISH,2018-06-14 05:43:00,2018-06-14 05:44:00,7210.05,D1-20180613-BEARISH,STOP,7217.1,2018-06-14 14:50:00,MLR-TECH-ABL-001,2018-06-15 00:00:00,PREVIOUSLY_EXPOSED_WINDOW,C2_FVG_BREAKER,M1_STRICT_PENETRATION_NO_FAVORABLE_IMPROVEMENT,STRICT_M1_LIMIT_PENETRATION,FILLED,0,0.00,-7.05,-0.3516209476309226932668329177,9.1,TECHNICAL_ONLY_ABLATION,-20.05,-1,LOSS_1R,QRP-MACRO-LIQUIDITY-REVERSAL-001,0,20.05,NORMALIZED_HIGH_COST,D1-20180613-BEARISH-M1-C2_FVG_BREAKER-FVG-001239-BREAKER-000135,3.0,6,7217.1,M1_C2_FVG_BREAKER,1.5,7179.975,M1
7396.6,7397.8,False,7,BREAKER,7395.6,7396.8,1.0,FVG-001482|BREAKER-000161,7396.4,7396.8,7395.85,7398.55,HYPOTHETICAL_SCENARIO_NOT_BROKER_FACT,2018-07-18 00:00:00,2018-07-19 04:34:00,BEARISH,2018-07-19 04:36:00,2018-07-19 04:37:00,7396.6,D1-20180718-BEARISH,STOP,7397.8,2018-07-19 04:43:00,MLR-TECH-ABL-001,2018-07-20 00:00:00,PREVIOUSLY_EXPOSED_WINDOW,C2_FVG_BREAKER,M1_STRICT_PENETRATION_NO_FAVORABLE_IMPROVEMENT,STRICT_M1_LIMIT_PENETRATION,FILLED,0,0,-1.2,-0.3243243243243243243243243243,0.1,TECHNICAL_ONLY_ABLATION,-3.70,-1,LOSS_1R,QRP-MACRO-LIQUIDITY-REVERSAL-001,0,3.70,NORMALIZED_LOW_COST,D1-20180718-BEARISH-M1-C2_FVG_BREAKER-FVG-001482-BREAKER-000161,0.50,1,7397.8,M1_C2_FVG_BREAKER,1.5,7391.050,M1
7396.6,7398.8,False,9,BREAKER,7395.6,7396.8,2,FVG-001482|BREAKER-000161,7396.4,7396.8,7395.1,7400.3,HYPOTHETICAL_SCENARIO_NOT_BROKER_FACT,2018-07-18 00:00:00,2018-07-19 04:34:00,BEARISH,2018-07-19 04:36:00,2018-07-19 04:37:00,7396.6,D1-20180718-BEARISH,STOP,7398.8,2018-07-19 04:45:00,MLR-TECH-ABL-001,2018-07-20 00:00:00,PREVIOUSLY_EXPOSED_WINDOW,C2_FVG_BREAKER,M1_STRICT_PENETRATION_NO_FAVORABLE_IMPROVEMENT,STRICT_M1_LIMIT_PENETRATION,FILLED,0,0.0,-2.2,-0.3055555555555555555555555556,0.13333333333333333,TECHNICAL_ONLY_ABLATION,-7.2,-1,LOSS_1R,QRP-MACRO-LIQUIDITY-REVERSAL-001,0,7.2,NORMALIZED_MEDIUM_COST,D1-20180718-BEARISH-M1-C2_FVG_BREAKER-FVG-001482-BREAKER-000161,1.0,2,7398.8,M1_C2_FVG_BREAKER,1.5,7385.80,M1
7396.6,7367.80,False,512,BREAKER,7395.6,7396.8,4,FVG-001482|BREAKER-000161,7396.4,7396.8,7392.1,7372.30,HYPOTHETICAL_SCENARIO_NOT_BROKER_FACT,2018-07-18 00:00:00,2018-07-19 04:34:00,BEARISH,2018-07-19 04:36:00,2018-07-19 04:37:00,7396.6,D1-20180718-BEARISH,TARGET_1_5R,7367.80,2018-07-19 13:08:00,MLR-TECH-ABL-001,2018-07-20 00:00:00,PREVIOUSLY_EXPOSED_WINDOW,C2_FVG_BREAKER,M1_STRICT_PENETRATION_NO_FAVORABLE_IMPROVEMENT,STRICT_M1_LIMIT_PENETRATION,FILLED,0,0.00,28.80,1.5,8.516666666666667,TECHNICAL_ONLY_ABLATION,15.80,0.8229166666666666666666666667,WIN_TARGET_1_5R,QRP-MACRO-LIQUIDITY-REVERSAL-001,0,19.2,NORMALIZED_HIGH_COST,D1-20180718-BEARISH-M1-C2_FVG_BREAKER-FVG-001482-BREAKER-000161,3.0,6,7402.8,M1_C2_FVG_BREAKER,1.5,7367.80,M1
7468.299999999999,7469.6,False,13,BREAKER,7467.6,7468.6,1.0,FVG-001660|BREAKER-000186,7468.2,7468.4,7467.549999999999,7470.35,HYPOTHETICAL_SCENARIO_NOT_BROKER_FACT,2018-08-08 00:00:00,2018-08-09 12:58:00,BEARISH,2018-08-09 12:59:00,2018-08-09 13:00:00,7468.299999999999,D1-20180808-BEARISH,STOP,7469.6,2018-08-09 13:12:00,MLR-TECH-ABL-001,2018-08-10 00:00:00,PREVIOUSLY_EXPOSED_WINDOW,C2_FVG_BREAKER,M1_STRICT_PENETRATION_NO_FAVORABLE_IMPROVEMENT,STRICT_M1_LIMIT_PENETRATION,FILLED,0,0,-1.300000000001,-0.3421052631580678670360110348,0.2,TECHNICAL_ONLY_ABLATION,-3.800000000001,-1,LOSS_1R,QRP-MACRO-LIQUIDITY-REVERSAL-001,0,3.800000000001,NORMALIZED_LOW_COST,D1-20180808-BEARISH-M1-C2_FVG_BREAKER-FVG-001660-BREAKER-000186,0.50,1,7469.6,M1_C2_FVG_BREAKER,1.5,7462.5999999999975,M1
7468.299999999999,7470.6,False,13,BREAKER,7467.6,7468.6,2,FVG-001660|BREAKER-000186,7468.2,7468.4,7466.799999999999,7472.1,HYPOTHETICAL_SCENARIO_NOT_BROKER_FACT,2018-08-08 00:00:00,2018-08-09 12:58:00,BEARISH,2018-08-09 12:59:00,2018-08-09 13:00:00,7468.299999999999,D1-20180808-BEARISH,STOP,7470.6,2018-08-09 13:12:00,MLR-TECH-ABL-001,2018-08-10 00:00:00,PREVIOUSLY_EXPOSED_WINDOW,C2_FVG_BREAKER,M1_STRICT_PENETRATION_NO_FAVORABLE_IMPROVEMENT,STRICT_M1_LIMIT_PENETRATION,FILLED,0,0.0,-2.300000000001,-0.3150684931507787577406642769,0.2,TECHNICAL_ONLY_ABLATION,-7.300000000001,-1,LOSS_1R,QRP-MACRO-LIQUIDITY-REVERSAL-001,0,7.300000000001,NORMALIZED_MEDIUM_COST,D1-20180808-BEARISH-M1-C2_FVG_BREAKER-FVG-001660-BREAKER-000186,1.0,2,7470.6,M1_C2_FVG_BREAKER,1.5,7457.3499999999975,M1
7468.299999999999,7474.6,False,14,BREAKER,7467.6,7468.6,4,FVG-001660|BREAKER-000186,7468.2,7468.4,7463.799999999999,7479.1,HYPOTHETICAL_SCENARIO_NOT_BROKER_FACT,2018-08-08 00:00:00,2018-08-09 12:58:00,BEARISH,2018-08-09 12:59:00,2018-08-09 13:00:00,7468.299999999999,D1-20180808-BEARISH,STOP,7474.6,2018-08-09 13:13:00,MLR-TECH-ABL-001,2018-08-10 00:00:00,PREVIOUSLY_EXPOSED_WINDOW,C2_FVG_BREAKER,M1_STRICT_PENETRATION_NO_FAVORABLE_IMPROVEMENT,STRICT_M1_LIMIT_PENETRATION,FILLED,0,0.00,-6.300000000001,-0.3264248704663561437890950075,0.21666666666666667,TECHNICAL_ONLY_ABLATION,-19.300000000001,-1,LOSS_1R,QRP-MACRO-LIQUIDITY-REVERSAL-001,0,19.300000000001,NORMALIZED_HIGH_COST,D1-20180808-BEARISH-M1-C2_FVG_BREAKER-FVG-001660-BREAKER-000186,3.0,6,7474.6,M1_C2_FVG_BREAKER,1.5,7439.3499999999975,M1
7436.35,7437.8,False,23,BREAKER,7435.9,7436.8,1.0,FVG-001773|BREAKER-000197,7435.9,7436.8,7435.60,7438.55,HYPOTHETICAL_SCENARIO_NOT_BROKER_FACT,2018-08-23 00:00:00,2018-08-24 14:15:00,BEARISH,2018-08-24 14:16:00,2018-08-24 14:17:00,7436.35,D1-20180823-BEARISH,STOP,7437.8,2018-08-24 14:39:00,MLR-TECH-ABL-001,2018-08-25 00:00:00,PREVIOUSLY_EXPOSED_WINDOW,C2_FVG_BREAKER,M1_STRICT_PENETRATION_NO_FAVORABLE_IMPROVEMENT,STRICT_M1_LIMIT_PENETRATION,FILLED,0,0,-1.45,-0.3670886075949367088607594937,0.36666666666666664,TECHNICAL_ONLY_ABLATION,-3.95,-1,LOSS_1R,QRP-MACRO-LIQUIDITY-REVERSAL-001,0,3.95,NORMALIZED_LOW_COST,D1-20180823-BEARISH-M1-C2_FVG_BREAKER-FVG-001773-BREAKER-000197,0.50,1,7437.8,M1_C2_FVG_BREAKER,1.5,7430.425,M1
7436.35,7438.8,False,89,BREAKER,7435.9,7436.8,2,FVG-001773|BREAKER-000197,7435.9,7436.8,7434.85,7440.3,HYPOTHETICAL_SCENARIO_NOT_BROKER_FACT,2018-08-23 00:00:00,2018-08-24 14:15:00,BEARISH,2018-08-24 14:16:00,2018-08-24 14:17:00,7436.35,D1-20180823-BEARISH,STOP,7438.8,2018-08-24 15:45:00,MLR-TECH-ABL-001,2018-08-25 00:00:00,PREVIOUSLY_EXPOSED_WINDOW,C2_FVG_BREAKER,M1_STRICT_PENETRATION_NO_FAVORABLE_IMPROVEMENT,STRICT_M1_LIMIT_PENETRATION,FILLED,0,0.0,-2.45,-0.3288590604026845637583892617,1.4666666666666666,TECHNICAL_ONLY_ABLATION,-7.45,-1,LOSS_1R,QRP-MACRO-LIQUIDITY-REVERSAL-001,0,7.45,NORMALIZED_MEDIUM_COST,D1-20180823-BEARISH-M1-C2_FVG_BREAKER-FVG-001773-BREAKER-000197,1.0,2,7438.8,M1_C2_FVG_BREAKER,1.5,7425.175,M1
7436.35,7442.8,False,135,BREAKER,7435.9,7436.8,4,FVG-001773|BREAKER-000197,7435.9,7436.8,7431.85,7447.3,HYPOTHETICAL_SCENARIO_NOT_BROKER_FACT,2018-08-23 00:00:00,2018-08-24 14:15:00,BEARISH,2018-08-24 14:16:00,2018-08-24 14:17:00,7436.35,D1-20180823-BEARISH,STOP,7442.8,2018-08-24 16:31:00,MLR-TECH-ABL-001,2018-08-25 00:00:00,PREVIOUSLY_EXPOSED_WINDOW,C2_FVG_BREAKER,M1_STRICT_PENETRATION_NO_FAVORABLE_IMPROVEMENT,STRICT_M1_LIMIT_PENETRATION,FILLED,0,0.00,-6.45,-0.3316195372750642673521850900,2.2333333333333334,TECHNICAL_ONLY_ABLATION,-19.45,-1,LOSS_1R,QRP-MACRO-LIQUIDITY-REVERSAL-001,0,19.45,NORMALIZED_HIGH_COST,D1-20180823-BEARISH-M1-C2_FVG_BREAKER-FVG-001773-BREAKER-000197,3.0,6,7442.8,M1_C2_FVG_BREAKER,1.5,7407.175,M1
7530.85,7525.225,False,33,BREAKER,7530.8,7531.1,1.0,FVG-001892|BREAKER-000204,7530.8,7530.9,7530.10,7525.975,HYPOTHETICAL_SCENARIO_NOT_BROKER_FACT,2018-09-14 00:00:00,2018-09-17 02:54:00,BEARISH,2018-09-17 02:54:00,2018-09-17 02:55:00,7530.85,D1-20180914-BEARISH,TARGET_1_5R,7525.225,2018-09-17 03:27:00,MLR-TECH-ABL-001,2018-09-18 00:00:00,PREVIOUSLY_EXPOSED_WINDOW,C2_FVG_BREAKER,M1_STRICT_PENETRATION_NO_FAVORABLE_IMPROVEMENT,STRICT_M1_LIMIT_PENETRATION,FILLED,0,0,5.625,1.5,0.5333333333333333,TECHNICAL_ONLY_ABLATION,3.125,0.8333333333333333333333333333,WIN_TARGET_1_5R,QRP-MACRO-LIQUIDITY-REVERSAL-001,0,3.75,NORMALIZED_LOW_COST,D1-20180914-BEARISH-M1-C2_FVG_BREAKER-FVG-001892-BREAKER-000204,0.50,1,7532.1,M1_C2_FVG_BREAKER,1.5,7525.225,M1
7530.85,7533.1,False,85,BREAKER,7530.8,7531.1,2,FVG-001892|BREAKER-000204,7530.8,7530.9,7529.35,7534.6,HYPOTHETICAL_SCENARIO_NOT_BROKER_FACT,2018-09-14 00:00:00,2018-09-17 02:54:00,BEARISH,2018-09-17 02:54:00,2018-09-17 02:55:00,7530.85,D1-20180914-BEARISH,STOP,7533.1,2018-09-17 04:19:00,MLR-TECH-ABL-001,2018-09-18 00:00:00,PREVIOUSLY_EXPOSED_WINDOW,C2_FVG_BREAKER,M1_STRICT_PENETRATION_NO_FAVORABLE_IMPROVEMENT,STRICT_M1_LIMIT_PENETRATION,FILLED,0,0.0,-2.25,-0.3103448275862068965517241379,1.4,TECHNICAL_ONLY_ABLATION,-7.25,-1,LOSS_1R,QRP-MACRO-LIQUIDITY-REVERSAL-001,0,7.25,NORMALIZED_MEDIUM_COST,D1-20180914-BEARISH-M1-C2_FVG_BREAKER-FVG-001892-BREAKER-000204,1.0,2,7533.1,M1_C2_FVG_BREAKER,1.5,7519.975,M1
7530.85,7537.1,False,499,BREAKER,7530.8,7531.1,4,FVG-001892|BREAKER-000204,7530.8,7530.9,7526.35,7541.6,HYPOTHETICAL_SCENARIO_NOT_BROKER_FACT,2018-09-14 00:00:00,2018-09-17 02:54:00,BEARISH,2018-09-17 02:54:00,2018-09-17 02:55:00,7530.85,D1-20180914-BEARISH,STOP_GAP_OPEN,7537.1,2018-09-17 11:14:00,MLR-TECH-ABL-001,2018-09-18 00:00:00,PREVIOUSLY_EXPOSED_WINDOW,C2_FVG_BREAKER,M1_STRICT_PENETRATION_NO_FAVORABLE_IMPROVEMENT,STRICT_M1_LIMIT_PENETRATION,FILLED,0,0.00,-6.25,-0.3246753246753246753246753247,8.316666666666666,TECHNICAL_ONLY_ABLATION,-19.25,-1,LOSS_1R,QRP-MACRO-LIQUIDITY-REVERSAL-001,0,19.25,NORMALIZED_HIGH_COST,D1-20180914-BEARISH-M1-C2_FVG_BREAKER-FVG-001892-BREAKER-000204,3.0,6,7537.1,M1_C2_FVG_BREAKER,1.5,7501.975,M1
7059.4,7061.0,False,29,BREAKER,7058.8,7060.0,1.0,FVG-002123|BREAKER-000230,7058.8,7060.0,7058.65,7061.75,HYPOTHETICAL_SCENARIO_NOT_BROKER_FACT,2019-02-19 00:00:00,2019-02-20 02:25:00,BEARISH,2019-02-20 02:27:00,2019-02-20 02:28:00,7059.4,D1-20190219-BEARISH,STOP,7061.0,2019-02-20 02:56:00,MLR-TECH-ABL-001,2019-02-21 00:00:00,PREVIOUSLY_EXPOSED_WINDOW,C2_FVG_BREAKER,M1_STRICT_PENETRATION_NO_FAVORABLE_IMPROVEMENT,STRICT_M1_LIMIT_PENETRATION,FILLED,0,0,-1.6,-0.3902439024390243902439024390,0.4666666666666667,TECHNICAL_ONLY_ABLATION,-4.10,-1,LOSS_1R,QRP-MACRO-LIQUIDITY-REVERSAL-001,0,4.10,NORMALIZED_LOW_COST,D1-20190219-BEARISH-M1-C2_FVG_BREAKER-FVG-002123-BREAKER-000230,0.50,1,7061.0,M1_C2_FVG_BREAKER,1.5,7053.250,M1
7059.4,7062.0,False,29,BREAKER,7058.8,7060.0,2,FVG-002123|BREAKER-000230,7058.8,7060.0,7057.9,7063.5,HYPOTHETICAL_SCENARIO_NOT_BROKER_FACT,2019-02-19 00:00:00,2019-02-20 02:25:00,BEARISH,2019-02-20 02:27:00,2019-02-20 02:28:00,7059.4,D1-20190219-BEARISH,STOP,7062.0,2019-02-20 02:56:00,MLR-TECH-ABL-001,2019-02-21 00:00:00,PREVIOUSLY_EXPOSED_WINDOW,C2_FVG_BREAKER,M1_STRICT_PENETRATION_NO_FAVORABLE_IMPROVEMENT,STRICT_M1_LIMIT_PENETRATION,FILLED,0,0.0,-2.6,-0.3421052631578947368421052632,0.4666666666666667,TECHNICAL_ONLY_ABLATION,-7.6,-1,LOSS_1R,QRP-MACRO-LIQUIDITY-REVERSAL-001,0,7.6,NORMALIZED_MEDIUM_COST,D1-20190219-BEARISH-M1-C2_FVG_BREAKER-FVG-002123-BREAKER-000230,1.0,2,7062.0,M1_C2_FVG_BREAKER,1.5,7048.00,M1
7059.4,7066.0,False,67,BREAKER,7058.8,7060.0,4,FVG-002123|BREAKER-000230,7058.8,7060.0,7054.9,7070.5,HYPOTHETICAL_SCENARIO_NOT_BROKER_FACT,2019-02-19 00:00:00,2019-02-20 02:25:00,BEARISH,2019-02-20 02:27:00,2019-02-20 02:28:00,7059.4,D1-20190219-BEARISH,STOP,7066.0,2019-02-20 03:34:00,MLR-TECH-ABL-001,2019-02-21 00:00:00,PREVIOUSLY_EXPOSED_WINDOW,C2_FVG_BREAKER,M1_STRICT_PENETRATION_NO_FAVORABLE_IMPROVEMENT,STRICT_M1_LIMIT_PENETRATION,FILLED,0,0.00,-6.6,-0.3367346938775510204081632653,1.1,TECHNICAL_ONLY_ABLATION,-19.60,-1.0,LOSS_1R,QRP-MACRO-LIQUIDITY-REVERSAL-001,0,19.6,NORMALIZED_HIGH_COST,D1-20190219-BEARISH-M1-C2_FVG_BREAKER-FVG-002123-BREAKER-000230,3.0,6,7066.0,M1_C2_FVG_BREAKER,1.5,7030.00,M1
7623.6,7624.7,False,1,BREAKER,7622.6,7623.7,1.0,FVG-002308|BREAKER-000260,7623.5,7623.7,7622.85,7625.45,HYPOTHETICAL_SCENARIO_NOT_BROKER_FACT,2019-04-11 00:00:00,2019-04-12 12:32:00,BEARISH,2019-04-12 12:32:00,2019-04-12 12:33:00,7623.6,D1-20190411-BEARISH,ENTRY_BAR_STOP_ADVERSE,7624.7,2019-04-12 12:33:00,MLR-TECH-ABL-001,2019-04-13 00:00:00,PREVIOUSLY_EXPOSED_WINDOW,C2_FVG_BREAKER,M1_STRICT_PENETRATION_NO_FAVORABLE_IMPROVEMENT,STRICT_M1_LIMIT_PENETRATION,FILLED,0,0,-1.1,-0.3055555555555555555555555556,0.0,TECHNICAL_ONLY_ABLATION,-3.60,-1,LOSS_1R,QRP-MACRO-LIQUIDITY-REVERSAL-001,0,3.60,NORMALIZED_LOW_COST,D1-20190411-BEARISH-M1-C2_FVG_BREAKER-FVG-002308-BREAKER-000260,0.50,1,7624.7,M1_C2_FVG_BREAKER,1.5,7618.200,M1
7623.6,7625.7,False,11,BREAKER,7622.6,7623.7,2,FVG-002308|BREAKER-000260,7623.5,7623.7,7622.1,7627.2,HYPOTHETICAL_SCENARIO_NOT_BROKER_FACT,2019-04-11 00:00:00,2019-04-12 12:32:00,BEARISH,2019-04-12 12:32:00,2019-04-12 12:33:00,7623.6,D1-20190411-BEARISH,STOP,7625.7,2019-04-12 12:43:00,MLR-TECH-ABL-001,2019-04-13 00:00:00,PREVIOUSLY_EXPOSED_WINDOW,C2_FVG_BREAKER,M1_STRICT_PENETRATION_NO_FAVORABLE_IMPROVEMENT,STRICT_M1_LIMIT_PENETRATION,FILLED,0,0.0,-2.1,-0.2957746478873239436619718310,0.16666666666666666,TECHNICAL_ONLY_ABLATION,-7.1,-1,LOSS_1R,QRP-MACRO-LIQUIDITY-REVERSAL-001,0,7.1,NORMALIZED_MEDIUM_COST,D1-20190411-BEARISH-M1-C2_FVG_BREAKER-FVG-002308-BREAKER-000260,1.0,2,7625.7,M1_C2_FVG_BREAKER,1.5,7612.95,M1
7623.6,7629.7,False,103,BREAKER,7622.6,7623.7,4,FVG-002308|BREAKER-000260,7623.5,7623.7,7619.1,7634.2,HYPOTHETICAL_SCENARIO_NOT_BROKER_FACT,2019-04-11 00:00:00,2019-04-12 12:32:00,BEARISH,2019-04-12 12:32:00,2019-04-12 12:33:00,7623.6,D1-20190411-BEARISH,STOP,7629.7,2019-04-12 14:15:00,MLR-TECH-ABL-001,2019-04-13 00:00:00,PREVIOUSLY_EXPOSED_WINDOW,C2_FVG_BREAKER,M1_STRICT_PENETRATION_NO_FAVORABLE_IMPROVEMENT,STRICT_M1_LIMIT_PENETRATION,FILLED,0,0.00,-6.1,-0.3193717277486910994764397906,1.7,TECHNICAL_ONLY_ABLATION,-19.10,-1.0,LOSS_1R,QRP-MACRO-LIQUIDITY-REVERSAL-001,0,19.1,NORMALIZED_HIGH_COST,D1-20190411-BEARISH-M1-C2_FVG_BREAKER-FVG-002308-BREAKER-000260,3.0,6,7629.7,M1_C2_FVG_BREAKER,1.5,7594.95,M1
7912.35,7913.6,False,4,BREAKER,7912.0,7912.6,1.0,FVG-002399|BREAKER-000267,7912.1,7912.6,7911.60,7914.35,HYPOTHETICAL_SCENARIO_NOT_BROKER_FACT,2019-07-11 00:00:00,2019-07-12 08:55:00,BEARISH,2019-07-12 08:55:00,2019-07-12 08:56:00,7912.35,D1-20190711-BEARISH,STOP,7913.6,2019-07-12 08:59:00,MLR-TECH-ABL-001,2019-07-13 00:00:00,PREVIOUSLY_EXPOSED_WINDOW,C2_FVG_BREAKER,M1_STRICT_PENETRATION_NO_FAVORABLE_IMPROVEMENT,STRICT_M1_LIMIT_PENETRATION,FILLED,0,0,-1.25,-0.3333333333333333333333333333,0.05,TECHNICAL_ONLY_ABLATION,-3.75,-1,LOSS_1R,QRP-MACRO-LIQUIDITY-REVERSAL-001,0,3.75,NORMALIZED_LOW_COST,D1-20190711-BEARISH-M1-C2_FVG_BREAKER-FVG-002399-BREAKER-000267,0.50,1,7913.6,M1_C2_FVG_BREAKER,1.5,7906.725,M1
7912.35,7914.6,False,21,BREAKER,7912.0,7912.6,2,FVG-002399|BREAKER-000267,7912.1,7912.6,7910.85,7916.1,HYPOTHETICAL_SCENARIO_NOT_BROKER_FACT,2019-07-11 00:00:00,2019-07-12 08:55:00,BEARISH,2019-07-12 08:55:00,2019-07-12 08:56:00,7912.35,D1-20190711-BEARISH,STOP,7914.6,2019-07-12 09:16:00,MLR-TECH-ABL-001,2019-07-13 00:00:00,PREVIOUSLY_EXPOSED_WINDOW,C2_FVG_BREAKER,M1_STRICT_PENETRATION_NO_FAVORABLE_IMPROVEMENT,STRICT_M1_LIMIT_PENETRATION,FILLED,0,0.0,-2.25,-0.3103448275862068965517241379,0.3333333333333333,TECHNICAL_ONLY_ABLATION,-7.25,-1,LOSS_1R,QRP-MACRO-LIQUIDITY-REVERSAL-001,0,7.25,NORMALIZED_MEDIUM_COST,D1-20190711-BEARISH-M1-C2_FVG_BREAKER-FVG-002399-BREAKER-000267,1.0,2,7914.6,M1_C2_FVG_BREAKER,1.5,7901.475,M1
7912.35,7918.6,False,154,BREAKER,7912.0,7912.6,4,FVG-002399|BREAKER-000267,7912.1,7912.6,7907.85,7923.1,HYPOTHETICAL_SCENARIO_NOT_BROKER_FACT,2019-07-11 00:00:00,2019-07-12 08:55:00,BEARISH,2019-07-12 08:55:00,2019-07-12 08:56:00,7912.35,D1-20190711-BEARISH,STOP,7918.6,2019-07-12 11:29:00,MLR-TECH-ABL-001,2019-07-13 00:00:00,PREVIOUSLY_EXPOSED_WINDOW,C2_FVG_BREAKER,M1_STRICT_PENETRATION_NO_FAVORABLE_IMPROVEMENT,STRICT_M1_LIMIT_PENETRATION,FILLED,0,0.00,-6.25,-0.3246753246753246753246753247,2.55,TECHNICAL_ONLY_ABLATION,-19.25,-1,LOSS_1R,QRP-MACRO-LIQUIDITY-REVERSAL-001,0,19.25,NORMALIZED_HIGH_COST,D1-20190711-BEARISH-M1-C2_FVG_BREAKER-FVG-002399-BREAKER-000267,3.0,6,7918.6,M1_C2_FVG_BREAKER,1.5,7883.475,M1
7506.85,7504.1,False,9,BREAKER,7505.1,7508.6,1.0,FVG-002547|BREAKER-000285,7505.1,7508.6,7507.60,7503.35,HYPOTHETICAL_SCENARIO_NOT_BROKER_FACT,2019-08-15 00:00:00,2019-08-16 03:13:00,BULLISH,2019-08-16 03:25:00,2019-08-16 03:26:00,7506.85,D1-20190815-BULLISH,STOP,7504.1,2019-08-16 03:34:00,MLR-TECH-ABL-001,2019-08-17 00:00:00,PREVIOUSLY_EXPOSED_WINDOW,C2_FVG_BREAKER,M1_STRICT_PENETRATION_NO_FAVORABLE_IMPROVEMENT,STRICT_M1_LIMIT_PENETRATION,FILLED,0,0,-2.75,-0.5238095238095238095238095238,0.13333333333333333,TECHNICAL_ONLY_ABLATION,-5.25,-1,LOSS_1R,QRP-MACRO-LIQUIDITY-REVERSAL-001,0,5.25,NORMALIZED_LOW_COST,D1-20190815-BULLISH-M1-C2_FVG_BREAKER-FVG-002547-BREAKER-000285,0.50,1,7504.1,M1_C2_FVG_BREAKER,1.5,7514.725,M1
7506.85,7503.1,True,21,BREAKER,7505.1,7508.6,2,FVG-002547|BREAKER-000285,7505.1,7508.6,7508.35,7501.6,HYPOTHETICAL_SCENARIO_NOT_BROKER_FACT,2019-08-15 00:00:00,2019-08-16 03:13:00,BULLISH,2019-08-16 03:25:00,2019-08-16 03:26:00,7506.85,D1-20190815-BULLISH,M1_DUAL_BARRIER_ADVERSE_FIRST,7503.1,2019-08-16 03:46:00,MLR-TECH-ABL-001,2019-08-17 00:00:00,PREVIOUSLY_EXPOSED_WINDOW,C2_FVG_BREAKER,M1_STRICT_PENETRATION_NO_FAVORABLE_IMPROVEMENT,STRICT_M1_LIMIT_PENETRATION,FILLED,0,0.0,-3.75,-0.4285714285714285714285714286,0.3333333333333333,TECHNICAL_ONLY_ABLATION,-8.75,-1,AMBIGUOUS_ADVERSE_FIRST,QRP-MACRO-LIQUIDITY-REVERSAL-001,0,8.75,NORMALIZED_MEDIUM_COST,D1-20190815-BULLISH-M1-C2_FVG_BREAKER-FVG-002547-BREAKER-000285,1.0,2,7503.1,M1_C2_FVG_BREAKER,1.5,7519.975,M1
7506.85,7537.975,False,55,BREAKER,7505.1,7508.6,4,FVG-002547|BREAKER-000285,7505.1,7508.6,7511.35,7533.475,HYPOTHETICAL_SCENARIO_NOT_BROKER_FACT,2019-08-15 00:00:00,2019-08-16 03:13:00,BULLISH,2019-08-16 03:25:00,2019-08-16 03:26:00,7506.85,D1-20190815-BULLISH,TARGET_1_5R,7537.975,2019-08-16 04:20:00,MLR-TECH-ABL-001,2019-08-17 00:00:00,PREVIOUSLY_EXPOSED_WINDOW,C2_FVG_BREAKER,M1_STRICT_PENETRATION_NO_FAVORABLE_IMPROVEMENT,STRICT_M1_LIMIT_PENETRATION,FILLED,0,0.00,31.125,1.5,0.9,TECHNICAL_ONLY_ABLATION,18.125,0.8734939759036144578313253012,WIN_TARGET_1_5R,QRP-MACRO-LIQUIDITY-REVERSAL-001,0,20.75,NORMALIZED_HIGH_COST,D1-20190815-BULLISH-M1-C2_FVG_BREAKER-FVG-002547-BREAKER-000285,3.0,6,7499.1,M1_C2_FVG_BREAKER,1.5,7537.975,M1
7866.55,7869.2,False,47,BREAKER,7866.1,7868.2,1.0,FVG-002748|BREAKER-000305,7866.5,7866.6,7865.80,7869.95,HYPOTHETICAL_SCENARIO_NOT_BROKER_FACT,2019-09-06 00:00:00,2019-09-09 02:19:00,BEARISH,2019-09-09 02:22:00,2019-09-09 02:23:00,7866.55,D1-20190906-BEARISH,STOP,7869.2,2019-09-09 03:09:00,MLR-TECH-ABL-001,2019-09-10 00:00:00,PREVIOUSLY_EXPOSED_WINDOW,C2_FVG_BREAKER,M1_STRICT_PENETRATION_NO_FAVORABLE_IMPROVEMENT,STRICT_M1_LIMIT_PENETRATION,FILLED,0,0,-2.65,-0.5145631067961165048543689320,0.7666666666666667,TECHNICAL_ONLY_ABLATION,-5.15,-1,LOSS_1R,QRP-MACRO-LIQUIDITY-REVERSAL-001,0,5.15,NORMALIZED_LOW_COST,D1-20190906-BEARISH-M1-C2_FVG_BREAKER-FVG-002748-BREAKER-000305,0.50,1,7869.2,M1_C2_FVG_BREAKER,1.5,7858.825,M1
7866.55,7870.2,False,47,BREAKER,7866.1,7868.2,2,FVG-002748|BREAKER-000305,7866.5,7866.6,7865.05,7871.7,HYPOTHETICAL_SCENARIO_NOT_BROKER_FACT,2019-09-06 00:00:00,2019-09-09 02:19:00,BEARISH,2019-09-09 02:22:00,2019-09-09 02:23:00,7866.55,D1-20190906-BEARISH,STOP,7870.2,2019-09-09 03:09:00,MLR-TECH-ABL-001,2019-09-10 00:00:00,PREVIOUSLY_EXPOSED_WINDOW,C2_FVG_BREAKER,M1_STRICT_PENETRATION_NO_FAVORABLE_IMPROVEMENT,STRICT_M1_LIMIT_PENETRATION,FILLED,0,0.0,-3.65,-0.4219653179190751445086705202,0.7666666666666667,TECHNICAL_ONLY_ABLATION,-8.65,-1,LOSS_1R,QRP-MACRO-LIQUIDITY-REVERSAL-001,0,8.65,NORMALIZED_MEDIUM_COST,D1-20190906-BEARISH-M1-C2_FVG_BREAKER-FVG-002748-BREAKER-000305,1.0,2,7870.2,M1_C2_FVG_BREAKER,1.5,7853.575,M1
7866.55,7874.5,False,76,BREAKER,7866.1,7868.2,4,FVG-002748|BREAKER-000305,7866.5,7866.6,7862.05,7879.0,HYPOTHETICAL_SCENARIO_NOT_BROKER_FACT,2019-09-06 00:00:00,2019-09-09 02:19:00,BEARISH,2019-09-09 02:22:00,2019-09-09 02:23:00,7866.55,D1-20190906-BEARISH,STOP_GAP_OPEN,7874.5,2019-09-09 03:37:00,MLR-TECH-ABL-001,2019-09-10 00:00:00,PREVIOUSLY_EXPOSED_WINDOW,C2_FVG_BREAKER,M1_STRICT_PENETRATION_NO_FAVORABLE_IMPROVEMENT,STRICT_M1_LIMIT_PENETRATION,FILLED,0,0.00,-7.95,-0.3849878934624697336561743341,1.2333333333333334,TECHNICAL_ONLY_ABLATION,-20.95,-1.014527845036319612590799031,LOSS_1R,QRP-MACRO-LIQUIDITY-REVERSAL-001,0,20.65,NORMALIZED_HIGH_COST,D1-20190906-BEARISH-M1-C2_FVG_BREAKER-FVG-002748-BREAKER-000305,3.0,6,7874.2,M1_C2_FVG_BREAKER,1.5,7835.575,M1
8301.7,8303.5,False,18,BREAKER,8301.4,8302.5,1.0,FVG-002983|BREAKER-000325,8301.4,8302.0,8300.95,8304.25,HYPOTHETICAL_SCENARIO_NOT_BROKER_FACT,2019-11-19 00:00:00,2019-11-20 04:49:00,BEARISH,2019-11-20 04:49:00,2019-11-20 04:50:00,8301.7,D1-20191119-BEARISH,STOP,8303.5,2019-11-20 05:07:00,MLR-TECH-ABL-001,2019-11-21 00:00:00,PREVIOUSLY_EXPOSED_WINDOW,C2_FVG_BREAKER,M1_STRICT_PENETRATION_NO_FAVORABLE_IMPROVEMENT,STRICT_M1_LIMIT_PENETRATION,FILLED,0,0,-1.8,-0.4186046511627906976744186047,0.2833333333333333,TECHNICAL_ONLY_ABLATION,-4.30,-1,LOSS_1R,QRP-MACRO-LIQUIDITY-REVERSAL-001,0,4.30,NORMALIZED_LOW_COST,D1-20191119-BEARISH-M1-C2_FVG_BREAKER-FVG-002983-BREAKER-000325,0.50,1,8303.5,M1_C2_FVG_BREAKER,1.5,8295.250,M1
8301.7,8304.5,False,23,BREAKER,8301.4,8302.5,2,FVG-002983|BREAKER-000325,8301.4,8302.0,8300.2,8306.0,HYPOTHETICAL_SCENARIO_NOT_BROKER_FACT,2019-11-19 00:00:00,2019-11-20 04:49:00,BEARISH,2019-11-20 04:49:00,2019-11-20 04:50:00,8301.7,D1-20191119-BEARISH,STOP,8304.5,2019-11-20 05:12:00,MLR-TECH-ABL-001,2019-11-21 00:00:00,PREVIOUSLY_EXPOSED_WINDOW,C2_FVG_BREAKER,M1_STRICT_PENETRATION_NO_FAVORABLE_IMPROVEMENT,STRICT_M1_LIMIT_PENETRATION,FILLED,0,0.0,-2.8,-0.3589743589743589743589743590,0.36666666666666664,TECHNICAL_ONLY_ABLATION,-7.8,-1,LOSS_1R,QRP-MACRO-LIQUIDITY-REVERSAL-001,0,7.8,NORMALIZED_MEDIUM_COST,D1-20191119-BEARISH-M1-C2_FVG_BREAKER-FVG-002983-BREAKER-000325,1.0,2,8304.5,M1_C2_FVG_BREAKER,1.5,8290.00,M1
8301.7,8308.5,False,115,BREAKER,8301.4,8302.5,4,FVG-002983|BREAKER-000325,8301.4,8302.0,8297.2,8313.0,HYPOTHETICAL_SCENARIO_NOT_BROKER_FACT,2019-11-19 00:00:00,2019-11-20 04:49:00,BEARISH,2019-11-20 04:49:00,2019-11-20 04:50:00,8301.7,D1-20191119-BEARISH,STOP,8308.5,2019-11-20 06:44:00,MLR-TECH-ABL-001,2019-11-21 00:00:00,PREVIOUSLY_EXPOSED_WINDOW,C2_FVG_BREAKER,M1_STRICT_PENETRATION_NO_FAVORABLE_IMPROVEMENT,STRICT_M1_LIMIT_PENETRATION,FILLED,0,0.00,-6.8,-0.3434343434343434343434343434,1.9,TECHNICAL_ONLY_ABLATION,-19.80,-1.0,LOSS_1R,QRP-MACRO-LIQUIDITY-REVERSAL-001,0,19.8,NORMALIZED_HIGH_COST,D1-20191119-BEARISH-M1-C2_FVG_BREAKER-FVG-002983-BREAKER-000325,3.0,6,8308.5,M1_C2_FVG_BREAKER,1.5,8272.00,M1
8305.45,8307.6,False,183,BREAKER,8305.1,8306.6,1.0,FVG-003140|BREAKER-000344,8305.4,8305.5,8304.70,8308.35,HYPOTHETICAL_SCENARIO_NOT_BROKER_FACT,2019-11-22 00:00:00,2019-11-25 04:57:00,BEARISH,2019-11-25 04:57:00,2019-11-25 04:58:00,8305.45,D1-20191122-BEARISH,STOP,8307.6,2019-11-25 08:02:00,MLR-TECH-ABL-001,2019-11-26 00:00:00,PREVIOUSLY_EXPOSED_WINDOW,C2_FVG_BREAKER,M1_STRICT_PENETRATION_NO_FAVORABLE_IMPROVEMENT,STRICT_M1_LIMIT_PENETRATION,FILLED,0,0,-2.15,-0.4623655913978494623655913978,3.066666666666667,TECHNICAL_ONLY_ABLATION,-4.65,-1,LOSS_1R,QRP-MACRO-LIQUIDITY-REVERSAL-001,0,4.65,NORMALIZED_LOW_COST,D1-20191122-BEARISH-M1-C2_FVG_BREAKER-FVG-003140-BREAKER-000344,0.50,1,8307.6,M1_C2_FVG_BREAKER,1.5,8298.475,M1
8305.45,8308.6,False,185,BREAKER,8305.1,8306.6,2,FVG-003140|BREAKER-000344,8305.4,8305.5,8303.95,8310.1,HYPOTHETICAL_SCENARIO_NOT_BROKER_FACT,2019-11-22 00:00:00,2019-11-25 04:57:00,BEARISH,2019-11-25 04:57:00,2019-11-25 04:58:00,8305.45,D1-20191122-BEARISH,STOP,8308.6,2019-11-25 08:04:00,MLR-TECH-ABL-001,2019-11-26 00:00:00,PREVIOUSLY_EXPOSED_WINDOW,C2_FVG_BREAKER,M1_STRICT_PENETRATION_NO_FAVORABLE_IMPROVEMENT,STRICT_M1_LIMIT_PENETRATION,FILLED,0,0.0,-3.15,-0.3865030674846625766871165644,3.1,TECHNICAL_ONLY_ABLATION,-8.15,-1,LOSS_1R,QRP-MACRO-LIQUIDITY-REVERSAL-001,0,8.15,NORMALIZED_MEDIUM_COST,D1-20191122-BEARISH-M1-C2_FVG_BREAKER-FVG-003140-BREAKER-000344,1.0,2,8308.6,M1_C2_FVG_BREAKER,1.5,8293.225,M1
8305.45,8312.6,False,692,BREAKER,8305.1,8306.6,4,FVG-003140|BREAKER-000344,8305.4,8305.5,8300.95,8317.1,HYPOTHETICAL_SCENARIO_NOT_BROKER_FACT,2019-11-22 00:00:00,2019-11-25 04:57:00,BEARISH,2019-11-25 04:57:00,2019-11-25 04:58:00,8305.45,D1-20191122-BEARISH,STOP,8312.6,2019-11-25 16:31:00,MLR-TECH-ABL-001,2019-11-26 00:00:00,PREVIOUSLY_EXPOSED_WINDOW,C2_FVG_BREAKER,M1_STRICT_PENETRATION_NO_FAVORABLE_IMPROVEMENT,STRICT_M1_LIMIT_PENETRATION,FILLED,0,0.00,-7.15,-0.3548387096774193548387096774,11.55,TECHNICAL_ONLY_ABLATION,-20.15,-1,LOSS_1R,QRP-MACRO-LIQUIDITY-REVERSAL-001,0,20.15,NORMALIZED_HIGH_COST,D1-20191122-BEARISH-M1-C2_FVG_BREAKER-FVG-003140-BREAKER-000344,3.0,6,8312.6,M1_C2_FVG_BREAKER,1.5,8275.225,M1
8525.1,8526.2,False,4,BREAKER,8525.0,8525.2,1.0,FVG-003296|BREAKER-000364,8525.0,8525.2,8524.35,8526.95,HYPOTHETICAL_SCENARIO_NOT_BROKER_FACT,2019-12-13 00:00:00,2019-12-16 06:36:00,BEARISH,2019-12-16 08:15:00,2019-12-16 08:16:00,8525.1,D1-20191213-BEARISH,STOP,8526.2,2019-12-16 08:19:00,MLR-TECH-ABL-001,2019-12-17 00:00:00,PREVIOUSLY_EXPOSED_WINDOW,C2_FVG_BREAKER,M1_STRICT_PENETRATION_NO_FAVORABLE_IMPROVEMENT,STRICT_M1_LIMIT_PENETRATION,FILLED,0,0,-1.1,-0.3055555555555555555555555556,0.05,TECHNICAL_ONLY_ABLATION,-3.60,-1,LOSS_1R,QRP-MACRO-LIQUIDITY-REVERSAL-001,0,3.60,NORMALIZED_LOW_COST,D1-20191213-BEARISH-M1-C2_FVG_BREAKER-FVG-003296-BREAKER-000364,0.50,1,8526.2,M1_C2_FVG_BREAKER,1.5,8519.700,M1
8525.1,8527.7,False,32,BREAKER,8525.0,8525.2,2,FVG-003296|BREAKER-000364,8525.0,8525.2,8523.6,8529.2,HYPOTHETICAL_SCENARIO_NOT_BROKER_FACT,2019-12-13 00:00:00,2019-12-16 06:36:00,BEARISH,2019-12-16 08:15:00,2019-12-16 08:16:00,8525.1,D1-20191213-BEARISH,STOP_GAP_OPEN,8527.7,2019-12-16 08:46:00,MLR-TECH-ABL-001,2019-12-17 00:00:00,PREVIOUSLY_EXPOSED_WINDOW,C2_FVG_BREAKER,M1_STRICT_PENETRATION_NO_FAVORABLE_IMPROVEMENT,STRICT_M1_LIMIT_PENETRATION,FILLED,0,0.0,-2.6,-0.3661971830985915492957746479,0.5,TECHNICAL_ONLY_ABLATION,-7.6,-1.070422535211267605633802817,LOSS_1R,QRP-MACRO-LIQUIDITY-REVERSAL-001,0,7.1,NORMALIZED_MEDIUM_COST,D1-20191213-BEARISH-M1-C2_FVG_BREAKER-FVG-003296-BREAKER-000364,1.0,2,8527.2,M1_C2_FVG_BREAKER,1.5,8514.45,M1
8525.1,8531.2,False,47,BREAKER,8525.0,8525.2,4,FVG-003296|BREAKER-000364,8525.0,8525.2,8520.6,8535.7,HYPOTHETICAL_SCENARIO_NOT_BROKER_FACT,2019-12-13 00:00:00,2019-12-16 06:36:00,BEARISH,2019-12-16 08:15:00,2019-12-16 08:16:00,8525.1,D1-20191213-BEARISH,STOP,8531.2,2019-12-16 09:02:00,MLR-TECH-ABL-001,2019-12-17 00:00:00,PREVIOUSLY_EXPOSED_WINDOW,C2_FVG_BREAKER,M1_STRICT_PENETRATION_NO_FAVORABLE_IMPROVEMENT,STRICT_M1_LIMIT_PENETRATION,FILLED,0,0.00,-6.1,-0.3193717277486910994764397906,0.7666666666666667,TECHNICAL_ONLY_ABLATION,-19.10,-1.0,LOSS_1R,QRP-MACRO-LIQUIDITY-REVERSAL-001,0,19.1,NORMALIZED_HIGH_COST,D1-20191213-BEARISH-M1-C2_FVG_BREAKER-FVG-003296-BREAKER-000364,3.0,6,8531.2,M1_C2_FVG_BREAKER,1.5,8496.45,M1
8588.95,8582.725,False,74,BREAKER,8588.9,8589.6,1.0,FVG-003445|BREAKER-000375,8588.9,8589.0,8588.20,8583.475,HYPOTHETICAL_SCENARIO_NOT_BROKER_FACT,2019-12-17 00:00:00,2019-12-18 13:02:00,BEARISH,2019-12-18 13:02:00,2019-12-18 13:03:00,8588.95,D1-20191217-BEARISH,TARGET_1_5R,8582.725,2019-12-18 14:16:00,MLR-TECH-ABL-001,2019-12-19 00:00:00,PREVIOUSLY_EXPOSED_WINDOW,C2_FVG_BREAKER,M1_STRICT_PENETRATION_NO_FAVORABLE_IMPROVEMENT,STRICT_M1_LIMIT_PENETRATION,FILLED,0,0,6.225,1.5,1.2166666666666666,TECHNICAL_ONLY_ABLATION,3.725,0.8975903614457831325301204819,WIN_TARGET_1_5R,QRP-MACRO-LIQUIDITY-REVERSAL-001,0,4.15,NORMALIZED_LOW_COST,D1-20191217-BEARISH-M1-C2_FVG_BREAKER-FVG-003445-BREAKER-000375,0.50,1,8590.6,M1_C2_FVG_BREAKER,1.5,8582.725,M1
8588.95,8591.6,False,144,BREAKER,8588.9,8589.6,2,FVG-003445|BREAKER-000375,8588.9,8589.0,8587.45,8593.1,HYPOTHETICAL_SCENARIO_NOT_BROKER_FACT,2019-12-17 00:00:00,2019-12-18 13:02:00,BEARISH,2019-12-18 13:02:00,2019-12-18 13:03:00,8588.95,D1-20191217-BEARISH,STOP,8591.6,2019-12-18 15:26:00,MLR-TECH-ABL-001,2019-12-19 00:00:00,PREVIOUSLY_EXPOSED_WINDOW,C2_FVG_BREAKER,M1_STRICT_PENETRATION_NO_FAVORABLE_IMPROVEMENT,STRICT_M1_LIMIT_PENETRATION,FILLED,0,0.0,-2.65,-0.3464052287581699346405228758,2.3833333333333333,TECHNICAL_ONLY_ABLATION,-7.65,-1,LOSS_1R,QRP-MACRO-LIQUIDITY-REVERSAL-001,0,7.65,NORMALIZED_MEDIUM_COST,D1-20191217-BEARISH-M1-C2_FVG_BREAKER-FVG-003445-BREAKER-000375,1.0,2,8591.6,M1_C2_FVG_BREAKER,1.5,8577.475,M1
8588.95,8595.6,False,200,BREAKER,8588.9,8589.6,4,FVG-003445|BREAKER-000375,8588.9,8589.0,8584.45,8600.1,HYPOTHETICAL_SCENARIO_NOT_BROKER_FACT,2019-12-17 00:00:00,2019-12-18 13:02:00,BEARISH,2019-12-18 13:02:00,2019-12-18 13:03:00,8588.95,D1-20191217-BEARISH,STOP,8595.6,2019-12-18 16:22:00,MLR-TECH-ABL-001,2019-12-19 00:00:00,PREVIOUSLY_EXPOSED_WINDOW,C2_FVG_BREAKER,M1_STRICT_PENETRATION_NO_FAVORABLE_IMPROVEMENT,STRICT_M1_LIMIT_PENETRATION,FILLED,0,0.00,-6.65,-0.3384223918575063613231552163,3.316666666666667,TECHNICAL_ONLY_ABLATION,-19.65,-1,LOSS_1R,QRP-MACRO-LIQUIDITY-REVERSAL-001,0,19.65,NORMALIZED_HIGH_COST,D1-20191217-BEARISH-M1-C2_FVG_BREAKER-FVG-003445-BREAKER-000375,3.0,6,8595.6,M1_C2_FVG_BREAKER,1.5,8559.475,M1
8728.5,8740.5,False,3,BREAKER,8727.5,8739.5,1.0,FVG-003560|BREAKER-000383,8727.5,8729.5,8727.75,8741.25,HYPOTHETICAL_SCENARIO_NOT_BROKER_FACT,2020-01-07 00:00:00,2020-01-08 03:52:00,BEARISH,2020-01-08 03:52:00,2020-01-08 03:53:00,8728.5,D1-20200107-BEARISH,STOP,8740.5,2020-01-08 03:55:00,MLR-TECH-ABL-001,2020-01-09 00:00:00,PREVIOUSLY_EXPOSED_WINDOW,C2_FVG_BREAKER,M1_STRICT_PENETRATION_NO_FAVORABLE_IMPROVEMENT,STRICT_M1_LIMIT_PENETRATION,FILLED,0,0,-12.0,-0.8275862068965517241379310345,0.03333333333333333,TECHNICAL_ONLY_ABLATION,-14.50,-1,LOSS_1R,QRP-MACRO-LIQUIDITY-REVERSAL-001,0,14.50,NORMALIZED_LOW_COST,D1-20200107-BEARISH-M1-C2_FVG_BREAKER-FVG-003560-BREAKER-000383,0.50,1,8740.5,M1_C2_FVG_BREAKER,1.5,8706.750,M1
8728.5,8741.5,False,3,BREAKER,8727.5,8739.5,2,FVG-003560|BREAKER-000383,8727.5,8729.5,8727.0,8743.0,HYPOTHETICAL_SCENARIO_NOT_BROKER_FACT,2020-01-07 00:00:00,2020-01-08 03:52:00,BEARISH,2020-01-08 03:52:00,2020-01-08 03:53:00,8728.5,D1-20200107-BEARISH,STOP,8741.5,2020-01-08 03:55:00,MLR-TECH-ABL-001,2020-01-09 00:00:00,PREVIOUSLY_EXPOSED_WINDOW,C2_FVG_BREAKER,M1_STRICT_PENETRATION_NO_FAVORABLE_IMPROVEMENT,STRICT_M1_LIMIT_PENETRATION,FILLED,0,0.0,-13.0,-0.7222222222222222222222222222,0.03333333333333333,TECHNICAL_ONLY_ABLATION,-18.0,-1,LOSS_1R,QRP-MACRO-LIQUIDITY-REVERSAL-001,0,18.0,NORMALIZED_MEDIUM_COST,D1-20200107-BEARISH-M1-C2_FVG_BREAKER-FVG-003560-BREAKER-000383,1.0,2,8741.5,M1_C2_FVG_BREAKER,1.5,8701.50,M1
8728.5,8745.5,False,11,BREAKER,8727.5,8739.5,4,FVG-003560|BREAKER-000383,8727.5,8729.5,8724.0,8750.0,HYPOTHETICAL_SCENARIO_NOT_BROKER_FACT,2020-01-07 00:00:00,2020-01-08 03:52:00,BEARISH,2020-01-08 03:52:00,2020-01-08 03:53:00,8728.5,D1-20200107-BEARISH,STOP,8745.5,2020-01-08 04:03:00,MLR-TECH-ABL-001,2020-01-09 00:00:00,PREVIOUSLY_EXPOSED_WINDOW,C2_FVG_BREAKER,M1_STRICT_PENETRATION_NO_FAVORABLE_IMPROVEMENT,STRICT_M1_LIMIT_PENETRATION,FILLED,0,0.00,-17.0,-0.5666666666666666666666666667,0.16666666666666666,TECHNICAL_ONLY_ABLATION,-30.00,-1.0,LOSS_1R,QRP-MACRO-LIQUIDITY-REVERSAL-001,0,30.0,NORMALIZED_HIGH_COST,D1-20200107-BEARISH-M1-C2_FVG_BREAKER-FVG-003560-BREAKER-000383,3.0,6,8745.5,M1_C2_FVG_BREAKER,1.5,8683.50,M1
9023.9,9025.7,False,1,BREAKER,9023.4,9024.7,1.0,FVG-003758|BREAKER-000401,9023.4,9024.4,9023.15,9026.45,HYPOTHETICAL_SCENARIO_NOT_BROKER_FACT,2020-01-14 00:00:00,2020-01-15 02:59:00,BEARISH,2020-01-15 03:00:00,2020-01-15 03:01:00,9023.9,D1-20200114-BEARISH,ENTRY_BAR_STOP_ADVERSE,9025.7,2020-01-15 03:01:00,MLR-TECH-ABL-001,2020-01-16 00:00:00,PREVIOUSLY_EXPOSED_WINDOW,C2_FVG_BREAKER,M1_STRICT_PENETRATION_NO_FAVORABLE_IMPROVEMENT,STRICT_M1_LIMIT_PENETRATION,FILLED,0,0,-1.8,-0.4186046511627906976744186047,0.0,TECHNICAL_ONLY_ABLATION,-4.30,-1,LOSS_1R,QRP-MACRO-LIQUIDITY-REVERSAL-001,0,4.30,NORMALIZED_LOW_COST,D1-20200114-BEARISH-M1-C2_FVG_BREAKER-FVG-003758-BREAKER-000401,0.50,1,9025.7,M1_C2_FVG_BREAKER,1.5,9017.450,M1
9023.9,9026.7,False,1,BREAKER,9023.4,9024.7,2,FVG-003758|BREAKER-000401,9023.4,9024.4,9022.4,9028.2,HYPOTHETICAL_SCENARIO_NOT_BROKER_FACT,2020-01-14 00:00:00,2020-01-15 02:59:00,BEARISH,2020-01-15 03:00:00,2020-01-15 03:01:00,9023.9,D1-20200114-BEARISH,ENTRY_BAR_STOP_ADVERSE,9026.7,2020-01-15 03:01:00,MLR-TECH-ABL-001,2020-01-16 00:00:00,PREVIOUSLY_EXPOSED_WINDOW,C2_FVG_BREAKER,M1_STRICT_PENETRATION_NO_FAVORABLE_IMPROVEMENT,STRICT_M1_LIMIT_PENETRATION,FILLED,0,0.0,-2.8,-0.3589743589743589743589743590,0.0,TECHNICAL_ONLY_ABLATION,-7.8,-1,LOSS_1R,QRP-MACRO-LIQUIDITY-REVERSAL-001,0,7.8,NORMALIZED_MEDIUM_COST,D1-20200114-BEARISH-M1-C2_FVG_BREAKER-FVG-003758-BREAKER-000401,1.0,2,9026.7,M1_C2_FVG_BREAKER,1.5,9012.20,M1
9023.9,9030.7,False,4,BREAKER,9023.4,9024.7,4,FVG-003758|BREAKER-000401,9023.4,9024.4,9019.4,9035.2,HYPOTHETICAL_SCENARIO_NOT_BROKER_FACT,2020-01-14 00:00:00,2020-01-15 02:59:00,BEARISH,2020-01-15 03:00:00,2020-01-15 03:01:00,9023.9,D1-20200114-BEARISH,STOP,9030.7,2020-01-15 03:04:00,MLR-TECH-ABL-001,2020-01-16 00:00:00,PREVIOUSLY_EXPOSED_WINDOW,C2_FVG_BREAKER,M1_STRICT_PENETRATION_NO_FAVORABLE_IMPROVEMENT,STRICT_M1_LIMIT_PENETRATION,FILLED,0,0.00,-6.8,-0.3434343434343434343434343434,0.05,TECHNICAL_ONLY_ABLATION,-19.80,-1.0,LOSS_1R,QRP-MACRO-LIQUIDITY-REVERSAL-001,0,19.8,NORMALIZED_HIGH_COST,D1-20200114-BEARISH-M1-C2_FVG_BREAKER-FVG-003758-BREAKER-000401,3.0,6,9030.7,M1_C2_FVG_BREAKER,1.5,8994.20,M1
9114.3,9115.7,True,5,BREAKER,9113.9,9114.7,1.0,FVG-003977|BREAKER-000422,9113.9,9114.7,9113.55,9116.45,HYPOTHETICAL_SCENARIO_NOT_BROKER_FACT,2020-01-29 00:00:00,2020-01-30 02:10:00,BEARISH,2020-01-30 22:22:00,2020-01-30 22:23:00,9114.3,D1-20200129-BEARISH,M1_DUAL_BARRIER_ADVERSE_FIRST,9115.7,2020-01-30 22:27:00,MLR-TECH-ABL-001,2020-01-31 00:00:00,PREVIOUSLY_EXPOSED_WINDOW,C2_FVG_BREAKER,M1_STRICT_PENETRATION_NO_FAVORABLE_IMPROVEMENT,STRICT_M1_LIMIT_PENETRATION,FILLED,0,0,-1.4,-0.3589743589743589743589743590,0.06666666666666667,TECHNICAL_ONLY_ABLATION,-3.90,-1,AMBIGUOUS_ADVERSE_FIRST,QRP-MACRO-LIQUIDITY-REVERSAL-001,0,3.90,NORMALIZED_LOW_COST,D1-20200129-BEARISH-M1-C2_FVG_BREAKER-FVG-003977-BREAKER-000422,0.50,1,9115.7,M1_C2_FVG_BREAKER,1.5,9108.450,M1
9114.3,9103.20,False,6,BREAKER,9113.9,9114.7,2,FVG-003977|BREAKER-000422,9113.9,9114.7,9112.8,9104.70,HYPOTHETICAL_SCENARIO_NOT_BROKER_FACT,2020-01-29 00:00:00,2020-01-30 02:10:00,BEARISH,2020-01-30 22:22:00,2020-01-30 22:23:00,9114.3,D1-20200129-BEARISH,TARGET_1_5R,9103.20,2020-01-30 22:28:00,MLR-TECH-ABL-001,2020-01-31 00:00:00,PREVIOUSLY_EXPOSED_WINDOW,C2_FVG_BREAKER,M1_STRICT_PENETRATION_NO_FAVORABLE_IMPROVEMENT,STRICT_M1_LIMIT_PENETRATION,FILLED,0,0.0,11.10,1.5,0.08333333333333333,TECHNICAL_ONLY_ABLATION,6.10,0.8243243243243243243243243243,WIN_TARGET_1_5R,QRP-MACRO-LIQUIDITY-REVERSAL-001,0,7.4,NORMALIZED_MEDIUM_COST,D1-20200129-BEARISH-M1-C2_FVG_BREAKER-FVG-003977-BREAKER-000422,1.0,2,9116.7,M1_C2_FVG_BREAKER,1.5,9103.20,M1
9114.3,9120.7,False,21,BREAKER,9113.9,9114.7,4,FVG-003977|BREAKER-000422,9113.9,9114.7,9109.8,9125.2,HYPOTHETICAL_SCENARIO_NOT_BROKER_FACT,2020-01-29 00:00:00,2020-01-30 02:10:00,BEARISH,2020-01-30 22:22:00,2020-01-30 22:23:00,9114.3,D1-20200129-BEARISH,STOP,9120.7,2020-01-30 22:43:00,MLR-TECH-ABL-001,2020-01-31 00:00:00,PREVIOUSLY_EXPOSED_WINDOW,C2_FVG_BREAKER,M1_STRICT_PENETRATION_NO_FAVORABLE_IMPROVEMENT,STRICT_M1_LIMIT_PENETRATION,FILLED,0,0.00,-6.4,-0.3298969072164948453608247423,0.3333333333333333,TECHNICAL_ONLY_ABLATION,-19.40,-1.0,LOSS_1R,QRP-MACRO-LIQUIDITY-REVERSAL-001,0,19.4,NORMALIZED_HIGH_COST,D1-20200129-BEARISH-M1-C2_FVG_BREAKER-FVG-003977-BREAKER-000422,3.0,6,9120.7,M1_C2_FVG_BREAKER,1.5,9085.20,M1
9605.8,9600.400,False,8,BREAKER,9605.7,9605.9,1.0,FVG-004197|BREAKER-000439,9605.7,9605.9,9605.05,9601.150,HYPOTHETICAL_SCENARIO_NOT_BROKER_FACT,2020-02-13 00:00:00,2020-02-14 01:47:00,BEARISH,2020-02-14 02:00:00,2020-02-14 02:01:00,9605.8,D1-20200213-BEARISH,TARGET_1_5R,9600.400,2020-02-14 02:08:00,MLR-TECH-ABL-001,2020-02-15 00:00:00,PREVIOUSLY_EXPOSED_WINDOW,C2_FVG_BREAKER,M1_STRICT_PENETRATION_NO_FAVORABLE_IMPROVEMENT,STRICT_M1_LIMIT_PENETRATION,FILLED,0,0,5.400,1.5,0.11666666666666667,TECHNICAL_ONLY_ABLATION,2.900,0.8055555555555555555555555556,WIN_TARGET_1_5R,QRP-MACRO-LIQUIDITY-REVERSAL-001,0,3.60,NORMALIZED_LOW_COST,D1-20200213-BEARISH-M1-C2_FVG_BREAKER-FVG-004197-BREAKER-000439,0.50,1,9606.9,M1_C2_FVG_BREAKER,1.5,9600.400,M1
9605.8,9595.15,False,21,BREAKER,9605.7,9605.9,2,FVG-004197|BREAKER-000439,9605.7,9605.9,9604.3,9596.65,HYPOTHETICAL_SCENARIO_NOT_BROKER_FACT,2020-02-13 00:00:00,2020-02-14 01:47:00,BEARISH,2020-02-14 02:00:00,2020-02-14 02:01:00,9605.8,D1-20200213-BEARISH,TARGET_1_5R,9595.15,2020-02-14 02:21:00,MLR-TECH-ABL-001,2020-02-15 00:00:00,PREVIOUSLY_EXPOSED_WINDOW,C2_FVG_BREAKER,M1_STRICT_PENETRATION_NO_FAVORABLE_IMPROVEMENT,STRICT_M1_LIMIT_PENETRATION,FILLED,0,0.0,10.65,1.5,0.3333333333333333,TECHNICAL_ONLY_ABLATION,5.65,0.7957746478873239436619718310,WIN_TARGET_1_5R,QRP-MACRO-LIQUIDITY-REVERSAL-001,0,7.1,NORMALIZED_MEDIUM_COST,D1-20200213-BEARISH-M1-C2_FVG_BREAKER-FVG-004197-BREAKER-000439,1.0,2,9607.9,M1_C2_FVG_BREAKER,1.5,9595.15,M1
9605.8,9611.9,False,56,BREAKER,9605.7,9605.9,4,FVG-004197|BREAKER-000439,9605.7,9605.9,9601.3,9616.4,HYPOTHETICAL_SCENARIO_NOT_BROKER_FACT,2020-02-13 00:00:00,2020-02-14 01:47:00,BEARISH,2020-02-14 02:00:00,2020-02-14 02:01:00,9605.8,D1-20200213-BEARISH,STOP,9611.9,2020-02-14 02:56:00,MLR-TECH-ABL-001,2020-02-15 00:00:00,PREVIOUSLY_EXPOSED_WINDOW,C2_FVG_BREAKER,M1_STRICT_PENETRATION_NO_FAVORABLE_IMPROVEMENT,STRICT_M1_LIMIT_PENETRATION,FILLED,0,0.00,-6.1,-0.3193717277486910994764397906,0.9166666666666666,TECHNICAL_ONLY_ABLATION,-19.10,-1.0,LOSS_1R,QRP-MACRO-LIQUIDITY-REVERSAL-001,0,19.1,NORMALIZED_HIGH_COST,D1-20200213-BEARISH-M1-C2_FVG_BREAKER-FVG-004197-BREAKER-000439,3.0,6,9611.9,M1_C2_FVG_BREAKER,1.5,9577.15,M1
7534.5,7531.6,False,1,BREAKER,7532.6,7541.7,1.0,FVG-004378|BREAKER-000465,7532.6,7536.4,7535.25,7530.85,HYPOTHETICAL_SCENARIO_NOT_BROKER_FACT,2020-04-02 00:00:00,2020-04-03 12:31:00,BULLISH,2020-04-03 12:31:00,2020-04-03 12:32:00,7534.5,D1-20200402-BULLISH,ENTRY_BAR_STOP_ADVERSE,7531.6,2020-04-03 12:32:00,MLR-TECH-ABL-001,2020-04-04 00:00:00,PREVIOUSLY_EXPOSED_WINDOW,C2_FVG_BREAKER,M1_STRICT_PENETRATION_NO_FAVORABLE_IMPROVEMENT,STRICT_M1_LIMIT_PENETRATION,FILLED,0,0,-2.9,-0.5370370370370370370370370370,0.0,TECHNICAL_ONLY_ABLATION,-5.40,-1,LOSS_1R,QRP-MACRO-LIQUIDITY-REVERSAL-001,0,5.40,NORMALIZED_LOW_COST,D1-20200402-BULLISH-M1-C2_FVG_BREAKER-FVG-004378-BREAKER-000465,0.50,1,7531.6,M1_C2_FVG_BREAKER,1.5,7542.600,M1
7534.5,7530.6,False,1,BREAKER,7532.6,7541.7,2,FVG-004378|BREAKER-000465,7532.6,7536.4,7536.0,7529.1,HYPOTHETICAL_SCENARIO_NOT_BROKER_FACT,2020-04-02 00:00:00,2020-04-03 12:31:00,BULLISH,2020-04-03 12:31:00,2020-04-03 12:32:00,7534.5,D1-20200402-BULLISH,ENTRY_BAR_STOP_ADVERSE,7530.6,2020-04-03 12:32:00,MLR-TECH-ABL-001,2020-04-04 00:00:00,PREVIOUSLY_EXPOSED_WINDOW,C2_FVG_BREAKER,M1_STRICT_PENETRATION_NO_FAVORABLE_IMPROVEMENT,STRICT_M1_LIMIT_PENETRATION,FILLED,0,0.0,-3.9,-0.4382022471910112359550561798,0.0,TECHNICAL_ONLY_ABLATION,-8.9,-1,LOSS_1R,QRP-MACRO-LIQUIDITY-REVERSAL-001,0,8.9,NORMALIZED_MEDIUM_COST,D1-20200402-BULLISH-M1-C2_FVG_BREAKER-FVG-004378-BREAKER-000465,1.0,2,7530.6,M1_C2_FVG_BREAKER,1.5,7547.85,M1
7534.5,7526.6,False,2,BREAKER,7532.6,7541.7,4,FVG-004378|BREAKER-000465,7532.6,7536.4,7539.0,7522.1,HYPOTHETICAL_SCENARIO_NOT_BROKER_FACT,2020-04-02 00:00:00,2020-04-03 12:31:00,BULLISH,2020-04-03 12:31:00,2020-04-03 12:32:00,7534.5,D1-20200402-BULLISH,STOP,7526.6,2020-04-03 12:33:00,MLR-TECH-ABL-001,2020-04-04 00:00:00,PREVIOUSLY_EXPOSED_WINDOW,C2_FVG_BREAKER,M1_STRICT_PENETRATION_NO_FAVORABLE_IMPROVEMENT,STRICT_M1_LIMIT_PENETRATION,FILLED,0,0.00,-7.9,-0.3779904306220095693779904306,0.016666666666666666,TECHNICAL_ONLY_ABLATION,-20.90,-1.0,LOSS_1R,QRP-MACRO-LIQUIDITY-REVERSAL-001,0,20.9,NORMALIZED_HIGH_COST,D1-20200402-BULLISH-M1-C2_FVG_BREAKER-FVG-004378-BREAKER-000465,3.0,6,7526.6,M1_C2_FVG_BREAKER,1.5,7565.85,M1
8555.5,8561.4,False,5,BREAKER,8554.6,8560.4,1.0,FVG-004505|BREAKER-000483,8554.6,8556.4,8554.75,8562.15,HYPOTHETICAL_SCENARIO_NOT_BROKER_FACT,2020-04-23 00:00:00,2020-04-24 03:09:00,BEARISH,2020-04-24 05:40:00,2020-04-24 05:41:00,8555.5,D1-20200423-BEARISH,STOP,8561.4,2020-04-24 05:45:00,MLR-TECH-ABL-001,2020-04-25 00:00:00,PREVIOUSLY_EXPOSED_WINDOW,C2_FVG_BREAKER,M1_STRICT_PENETRATION_NO_FAVORABLE_IMPROVEMENT,STRICT_M1_LIMIT_PENETRATION,FILLED,0,0,-5.9,-0.7023809523809523809523809524,0.06666666666666667,TECHNICAL_ONLY_ABLATION,-8.40,-1,LOSS_1R,QRP-MACRO-LIQUIDITY-REVERSAL-001,0,8.40,NORMALIZED_LOW_COST,D1-20200423-BEARISH-M1-C2_FVG_BREAKER-FVG-004505-BREAKER-000483,0.50,1,8561.4,M1_C2_FVG_BREAKER,1.5,8542.900,M1
8555.5,8537.65,False,142,BREAKER,8554.6,8560.4,2,FVG-004505|BREAKER-000483,8554.6,8556.4,8554.0,8539.15,HYPOTHETICAL_SCENARIO_NOT_BROKER_FACT,2020-04-23 00:00:00,2020-04-24 03:09:00,BEARISH,2020-04-24 05:40:00,2020-04-24 05:41:00,8555.5,D1-20200423-BEARISH,TARGET_1_5R,8537.65,2020-04-24 08:02:00,MLR-TECH-ABL-001,2020-04-25 00:00:00,PREVIOUSLY_EXPOSED_WINDOW,C2_FVG_BREAKER,M1_STRICT_PENETRATION_NO_FAVORABLE_IMPROVEMENT,STRICT_M1_LIMIT_PENETRATION,FILLED,0,0.0,17.85,1.5,2.35,TECHNICAL_ONLY_ABLATION,12.85,1.079831932773109243697478992,WIN_TARGET_1_5R,QRP-MACRO-LIQUIDITY-REVERSAL-001,0,11.9,NORMALIZED_MEDIUM_COST,D1-20200423-BEARISH-M1-C2_FVG_BREAKER-FVG-004505-BREAKER-000483,1.0,2,8562.4,M1_C2_FVG_BREAKER,1.5,8537.65,M1
8555.5,8519.65,False,149,BREAKER,8554.6,8560.4,4,FVG-004505|BREAKER-000483,8554.6,8556.4,8551.0,8524.15,HYPOTHETICAL_SCENARIO_NOT_BROKER_FACT,2020-04-23 00:00:00,2020-04-24 03:09:00,BEARISH,2020-04-24 05:40:00,2020-04-24 05:41:00,8555.5,D1-20200423-BEARISH,TARGET_1_5R,8519.65,2020-04-24 08:09:00,MLR-TECH-ABL-001,2020-04-25 00:00:00,PREVIOUSLY_EXPOSED_WINDOW,C2_FVG_BREAKER,M1_STRICT_PENETRATION_NO_FAVORABLE_IMPROVEMENT,STRICT_M1_LIMIT_PENETRATION,FILLED,0,0.00,35.85,1.5,2.466666666666667,TECHNICAL_ONLY_ABLATION,22.85,0.9560669456066945606694560669,WIN_TARGET_1_5R,QRP-MACRO-LIQUIDITY-REVERSAL-001,0,23.9,NORMALIZED_HIGH_COST,D1-20200423-BEARISH-M1-C2_FVG_BREAKER-FVG-004505-BREAKER-000483,3.0,6,8566.4,M1_C2_FVG_BREAKER,1.5,8519.65,M1
8992.2,9002.9,False,22,BREAKER,8991.8,9001.9,1.0,FVG-004685|BREAKER-000507,8991.8,8992.6,8991.45,9003.65,HYPOTHETICAL_SCENARIO_NOT_BROKER_FACT,2020-05-06 00:00:00,2020-05-07 05:16:00,BEARISH,2020-05-07 05:16:00,2020-05-07 05:17:00,8992.2,D1-20200506-BEARISH,STOP,9002.9,2020-05-07 05:38:00,MLR-TECH-ABL-001,2020-05-08 00:00:00,PREVIOUSLY_EXPOSED_WINDOW,C2_FVG_BREAKER,M1_STRICT_PENETRATION_NO_FAVORABLE_IMPROVEMENT,STRICT_M1_LIMIT_PENETRATION,FILLED,0,0,-10.7,-0.8106060606060606060606060606,0.35,TECHNICAL_ONLY_ABLATION,-13.20,-1,LOSS_1R,QRP-MACRO-LIQUIDITY-REVERSAL-001,0,13.20,NORMALIZED_LOW_COST,D1-20200506-BEARISH-M1-C2_FVG_BREAKER-FVG-004685-BREAKER-000507,0.50,1,9002.9,M1_C2_FVG_BREAKER,1.5,8972.400,M1
8992.2,9003.9,False,23,BREAKER,8991.8,9001.9,2,FVG-004685|BREAKER-000507,8991.8,8992.6,8990.7,9005.4,HYPOTHETICAL_SCENARIO_NOT_BROKER_FACT,2020-05-06 00:00:00,2020-05-07 05:16:00,BEARISH,2020-05-07 05:16:00,2020-05-07 05:17:00,8992.2,D1-20200506-BEARISH,STOP,9003.9,2020-05-07 05:39:00,MLR-TECH-ABL-001,2020-05-08 00:00:00,PREVIOUSLY_EXPOSED_WINDOW,C2_FVG_BREAKER,M1_STRICT_PENETRATION_NO_FAVORABLE_IMPROVEMENT,STRICT_M1_LIMIT_PENETRATION,FILLED,0,0.0,-11.7,-0.7005988023952095808383233533,0.36666666666666664,TECHNICAL_ONLY_ABLATION,-16.7,-1,LOSS_1R,QRP-MACRO-LIQUIDITY-REVERSAL-001,0,16.7,NORMALIZED_MEDIUM_COST,D1-20200506-BEARISH-M1-C2_FVG_BREAKER-FVG-004685-BREAKER-000507,1.0,2,9003.9,M1_C2_FVG_BREAKER,1.5,8967.15,M1
8992.2,9007.9,False,30,BREAKER,8991.8,9001.9,4,FVG-004685|BREAKER-000507,8991.8,8992.6,8987.7,9012.4,HYPOTHETICAL_SCENARIO_NOT_BROKER_FACT,2020-05-06 00:00:00,2020-05-07 05:16:00,BEARISH,2020-05-07 05:16:00,2020-05-07 05:17:00,8992.2,D1-20200506-BEARISH,STOP,9007.9,2020-05-07 05:46:00,MLR-TECH-ABL-001,2020-05-08 00:00:00,PREVIOUSLY_EXPOSED_WINDOW,C2_FVG_BREAKER,M1_STRICT_PENETRATION_NO_FAVORABLE_IMPROVEMENT,STRICT_M1_LIMIT_PENETRATION,FILLED,0,0.00,-15.7,-0.5470383275261324041811846690,0.48333333333333334,TECHNICAL_ONLY_ABLATION,-28.70,-1.0,LOSS_1R,QRP-MACRO-LIQUIDITY-REVERSAL-001,0,28.7,NORMALIZED_HIGH_COST,D1-20200506-BEARISH-M1-C2_FVG_BREAKER-FVG-004685-BREAKER-000507,3.0,6,9007.9,M1_C2_FVG_BREAKER,1.5,8949.15,M1
10808.25,10812.0,False,2,BREAKER,10804.5,10811.0,1.0,FVG-004850|BREAKER-000528,10805.5,10811.0,10807.50,10812.75,HYPOTHETICAL_SCENARIO_NOT_BROKER_FACT,2020-07-21 00:00:00,2020-07-22 12:13:00,BEARISH,2020-07-22 12:15:00,2020-07-22 12:16:00,10808.25,D1-20200721-BEARISH,STOP,10812.0,2020-07-22 12:17:00,MLR-TECH-ABL-001,2020-07-23 00:00:00,PREVIOUSLY_EXPOSED_WINDOW,C2_FVG_BREAKER,M1_STRICT_PENETRATION_NO_FAVORABLE_IMPROVEMENT,STRICT_M1_LIMIT_PENETRATION,FILLED,0,0,-3.75,-0.6,0.016666666666666666,TECHNICAL_ONLY_ABLATION,-6.25,-1,LOSS_1R,QRP-MACRO-LIQUIDITY-REVERSAL-001,0,6.25,NORMALIZED_LOW_COST,D1-20200721-BEARISH-M1-C2_FVG_BREAKER-FVG-004850-BREAKER-000528,0.50,1,10812.0,M1_C2_FVG_BREAKER,1.5,10798.875,M1
10808.25,10813.0,False,3,BREAKER,10804.5,10811.0,2,FVG-004850|BREAKER-000528,10805.5,10811.0,10806.75,10814.5,HYPOTHETICAL_SCENARIO_NOT_BROKER_FACT,2020-07-21 00:00:00,2020-07-22 12:13:00,BEARISH,2020-07-22 12:15:00,2020-07-22 12:16:00,10808.25,D1-20200721-BEARISH,STOP,10813.0,2020-07-22 12:18:00,MLR-TECH-ABL-001,2020-07-23 00:00:00,PREVIOUSLY_EXPOSED_WINDOW,C2_FVG_BREAKER,M1_STRICT_PENETRATION_NO_FAVORABLE_IMPROVEMENT,STRICT_M1_LIMIT_PENETRATION,FILLED,0,0.0,-4.75,-0.4871794871794871794871794872,0.03333333333333333,TECHNICAL_ONLY_ABLATION,-9.75,-1,LOSS_1R,QRP-MACRO-LIQUIDITY-REVERSAL-001,0,9.75,NORMALIZED_MEDIUM_COST,D1-20200721-BEARISH-M1-C2_FVG_BREAKER-FVG-004850-BREAKER-000528,1.0,2,10813.0,M1_C2_FVG_BREAKER,1.5,10793.625,M1
10808.25,10817.0,False,5,BREAKER,10804.5,10811.0,4,FVG-004850|BREAKER-000528,10805.5,10811.0,10803.75,10821.5,HYPOTHETICAL_SCENARIO_NOT_BROKER_FACT,2020-07-21 00:00:00,2020-07-22 12:13:00,BEARISH,2020-07-22 12:15:00,2020-07-22 12:16:00,10808.25,D1-20200721-BEARISH,STOP,10817.0,2020-07-22 12:20:00,MLR-TECH-ABL-001,2020-07-23 00:00:00,PREVIOUSLY_EXPOSED_WINDOW,C2_FVG_BREAKER,M1_STRICT_PENETRATION_NO_FAVORABLE_IMPROVEMENT,STRICT_M1_LIMIT_PENETRATION,FILLED,0,0.00,-8.75,-0.4022988505747126436781609195,0.06666666666666667,TECHNICAL_ONLY_ABLATION,-21.75,-1,LOSS_1R,QRP-MACRO-LIQUIDITY-REVERSAL-001,0,21.75,NORMALIZED_HIGH_COST,D1-20200721-BEARISH-M1-C2_FVG_BREAKER-FVG-004850-BREAKER-000528,3.0,6,10817.0,M1_C2_FVG_BREAKER,1.5,10775.625,M1
11207.3,11195.750,False,21,BREAKER,11207.1,11211.5,1.0,FVG-004986|BREAKER-000549,11207.1,11207.5,11206.55,11196.500,HYPOTHETICAL_SCENARIO_NOT_BROKER_FACT,2020-08-13 00:00:00,2020-08-14 03:22:00,BEARISH,2020-08-14 03:26:00,2020-08-14 03:27:00,11207.3,D1-20200813-BEARISH,TARGET_1_5R,11195.750,2020-08-14 03:47:00,MLR-TECH-ABL-001,2020-08-15 00:00:00,PREVIOUSLY_EXPOSED_WINDOW,C2_FVG_BREAKER,M1_STRICT_PENETRATION_NO_FAVORABLE_IMPROVEMENT,STRICT_M1_LIMIT_PENETRATION,FILLED,0,0,11.550,1.5,0.3333333333333333,TECHNICAL_ONLY_ABLATION,9.050,1.175324675324675324675324675,WIN_TARGET_1_5R,QRP-MACRO-LIQUIDITY-REVERSAL-001,0,7.70,NORMALIZED_LOW_COST,D1-20200813-BEARISH-M1-C2_FVG_BREAKER-FVG-004986-BREAKER-000549,0.50,1,11212.5,M1_C2_FVG_BREAKER,1.5,11195.750,M1
11207.3,11190.50,False,55,BREAKER,11207.1,11211.5,2,FVG-004986|BREAKER-000549,11207.1,11207.5,11205.8,11192.00,HYPOTHETICAL_SCENARIO_NOT_BROKER_FACT,2020-08-13 00:00:00,2020-08-14 03:22:00,BEARISH,2020-08-14 03:26:00,2020-08-14 03:27:00,11207.3,D1-20200813-BEARISH,TARGET_1_5R,11190.50,2020-08-14 04:21:00,MLR-TECH-ABL-001,2020-08-15 00:00:00,PREVIOUSLY_EXPOSED_WINDOW,C2_FVG_BREAKER,M1_STRICT_PENETRATION_NO_FAVORABLE_IMPROVEMENT,STRICT_M1_LIMIT_PENETRATION,FILLED,0,0.0,16.80,1.5,0.9,TECHNICAL_ONLY_ABLATION,11.80,1.053571428571428571428571429,WIN_TARGET_1_5R,QRP-MACRO-LIQUIDITY-REVERSAL-001,0,11.2,NORMALIZED_MEDIUM_COST,D1-20200813-BEARISH-M1-C2_FVG_BREAKER-FVG-004986-BREAKER-000549,1.0,2,11213.5,M1_C2_FVG_BREAKER,1.5,11190.50,M1
11207.3,11217.5,False,300,BREAKER,11207.1,11211.5,4,FVG-004986|BREAKER-000549,11207.1,11207.5,11202.8,11222.0,HYPOTHETICAL_SCENARIO_NOT_BROKER_FACT,2020-08-13 00:00:00,2020-08-14 03:22:00,BEARISH,2020-08-14 03:26:00,2020-08-14 03:27:00,11207.3,D1-20200813-BEARISH,STOP,11217.5,2020-08-14 08:26:00,MLR-TECH-ABL-001,2020-08-15 00:00:00,PREVIOUSLY_EXPOSED_WINDOW,C2_FVG_BREAKER,M1_STRICT_PENETRATION_NO_FAVORABLE_IMPROVEMENT,STRICT_M1_LIMIT_PENETRATION,FILLED,0,0.00,-10.2,-0.4396551724137931034482758621,4.983333333333333,TECHNICAL_ONLY_ABLATION,-23.20,-1.0,LOSS_1R,QRP-MACRO-LIQUIDITY-REVERSAL-001,0,23.2,NORMALIZED_HIGH_COST,D1-20200813-BEARISH-M1-C2_FVG_BREAKER-FVG-004986-BREAKER-000549,3.0,6,11217.5,M1_C2_FVG_BREAKER,1.5,11172.50,M1
12101.4,12102.9,False,4,BREAKER,12100.9,12101.9,1.0,FVG-005190|BREAKER-000568,12100.9,12101.9,12100.65,12103.65,HYPOTHETICAL_SCENARIO_NOT_BROKER_FACT,2020-10-13 00:00:00,2020-10-14 01:37:00,BEARISH,2020-10-14 01:37:00,2020-10-14 01:38:00,12101.4,D1-20201013-BEARISH,STOP,12102.9,2020-10-14 01:41:00,MLR-TECH-ABL-001,2020-10-15 00:00:00,PREVIOUSLY_EXPOSED_WINDOW,C2_FVG_BREAKER,M1_STRICT_PENETRATION_NO_FAVORABLE_IMPROVEMENT,STRICT_M1_LIMIT_PENETRATION,FILLED,0,0,-1.5,-0.375,0.05,TECHNICAL_ONLY_ABLATION,-4.00,-1,LOSS_1R,QRP-MACRO-LIQUIDITY-REVERSAL-001,0,4.00,NORMALIZED_LOW_COST,D1-20201013-BEARISH-M1-C2_FVG_BREAKER-FVG-005190-BREAKER-000568,0.50,1,12102.9,M1_C2_FVG_BREAKER,1.5,12095.400,M1
12101.4,12103.9,False,4,BREAKER,12100.9,12101.9,2,FVG-005190|BREAKER-000568,12100.9,12101.9,12099.9,12105.4,HYPOTHETICAL_SCENARIO_NOT_BROKER_FACT,2020-10-13 00:00:00,2020-10-14 01:37:00,BEARISH,2020-10-14 01:37:00,2020-10-14 01:38:00,12101.4,D1-20201013-BEARISH,STOP,12103.9,2020-10-14 01:41:00,MLR-TECH-ABL-001,2020-10-15 00:00:00,PREVIOUSLY_EXPOSED_WINDOW,C2_FVG_BREAKER,M1_STRICT_PENETRATION_NO_FAVORABLE_IMPROVEMENT,STRICT_M1_LIMIT_PENETRATION,FILLED,0,0.0,-2.5,-0.3333333333333333333333333333,0.05,TECHNICAL_ONLY_ABLATION,-7.5,-1,LOSS_1R,QRP-MACRO-LIQUIDITY-REVERSAL-001,0,7.5,NORMALIZED_MEDIUM_COST,D1-20201013-BEARISH-M1-C2_FVG_BREAKER-FVG-005190-BREAKER-000568,1.0,2,12103.9,M1_C2_FVG_BREAKER,1.5,12090.15,M1
12101.4,12107.9,False,4,BREAKER,12100.9,12101.9,4,FVG-005190|BREAKER-000568,12100.9,12101.9,12096.9,12112.4,HYPOTHETICAL_SCENARIO_NOT_BROKER_FACT,2020-10-13 00:00:00,2020-10-14 01:37:00,BEARISH,2020-10-14 01:37:00,2020-10-14 01:38:00,12101.4,D1-20201013-BEARISH,STOP,12107.9,2020-10-14 01:41:00,MLR-TECH-ABL-001,2020-10-15 00:00:00,PREVIOUSLY_EXPOSED_WINDOW,C2_FVG_BREAKER,M1_STRICT_PENETRATION_NO_FAVORABLE_IMPROVEMENT,STRICT_M1_LIMIT_PENETRATION,FILLED,0,0.00,-6.5,-0.3333333333333333333333333333,0.05,TECHNICAL_ONLY_ABLATION,-19.50,-1.0,LOSS_1R,QRP-MACRO-LIQUIDITY-REVERSAL-001,0,19.5,NORMALIZED_HIGH_COST,D1-20201013-BEARISH-M1-C2_FVG_BREAKER-FVG-005190-BREAKER-000568,3.0,6,12107.9,M1_C2_FVG_BREAKER,1.5,12072.15,M1
11851.6,11853.2,False,1,BREAKER,11850.6,11852.2,1.0,FVG-005390|BREAKER-000593,11851.0,11852.2,11850.85,11853.95,HYPOTHETICAL_SCENARIO_NOT_BROKER_FACT,2020-11-12 00:00:00,2020-11-13 03:14:00,BEARISH,2020-11-13 03:16:00,2020-11-13 03:17:00,11851.6,D1-20201112-BEARISH,ENTRY_BAR_STOP_ADVERSE,11853.2,2020-11-13 03:17:00,MLR-TECH-ABL-001,2020-11-14 00:00:00,PREVIOUSLY_EXPOSED_WINDOW,C2_FVG_BREAKER,M1_STRICT_PENETRATION_NO_FAVORABLE_IMPROVEMENT,STRICT_M1_LIMIT_PENETRATION,FILLED,0,0,-1.6,-0.3902439024390243902439024390,0.0,TECHNICAL_ONLY_ABLATION,-4.10,-1,LOSS_1R,QRP-MACRO-LIQUIDITY-REVERSAL-001,0,4.10,NORMALIZED_LOW_COST,D1-20201112-BEARISH-M1-C2_FVG_BREAKER-FVG-005390-BREAKER-000593,0.50,1,11853.2,M1_C2_FVG_BREAKER,1.5,11845.450,M1
11851.6,11840.20,False,8,BREAKER,11850.6,11852.2,2,FVG-005390|BREAKER-000593,11851.0,11852.2,11850.1,11841.70,HYPOTHETICAL_SCENARIO_NOT_BROKER_FACT,2020-11-12 00:00:00,2020-11-13 03:14:00,BEARISH,2020-11-13 03:16:00,2020-11-13 03:17:00,11851.6,D1-20201112-BEARISH,TARGET_1_5R,11840.20,2020-11-13 03:24:00,MLR-TECH-ABL-001,2020-11-14 00:00:00,PREVIOUSLY_EXPOSED_WINDOW,C2_FVG_BREAKER,M1_STRICT_PENETRATION_NO_FAVORABLE_IMPROVEMENT,STRICT_M1_LIMIT_PENETRATION,FILLED,0,0.0,11.40,1.5,0.11666666666666667,TECHNICAL_ONLY_ABLATION,6.40,0.8421052631578947368421052632,WIN_TARGET_1_5R,QRP-MACRO-LIQUIDITY-REVERSAL-001,0,7.6,NORMALIZED_MEDIUM_COST,D1-20201112-BEARISH-M1-C2_FVG_BREAKER-FVG-005390-BREAKER-000593,1.0,2,11854.2,M1_C2_FVG_BREAKER,1.5,11840.20,M1
11851.6,11822.20,False,18,BREAKER,11850.6,11852.2,4,FVG-005390|BREAKER-000593,11851.0,11852.2,11847.1,11826.70,HYPOTHETICAL_SCENARIO_NOT_BROKER_FACT,2020-11-12 00:00:00,2020-11-13 03:14:00,BEARISH,2020-11-13 03:16:00,2020-11-13 03:17:00,11851.6,D1-20201112-BEARISH,TARGET_1_5R,11822.20,2020-11-13 03:34:00,MLR-TECH-ABL-001,2020-11-14 00:00:00,PREVIOUSLY_EXPOSED_WINDOW,C2_FVG_BREAKER,M1_STRICT_PENETRATION_NO_FAVORABLE_IMPROVEMENT,STRICT_M1_LIMIT_PENETRATION,FILLED,0,0.00,29.40,1.5,0.2833333333333333,TECHNICAL_ONLY_ABLATION,16.40,0.8367346938775510204081632653,WIN_TARGET_1_5R,QRP-MACRO-LIQUIDITY-REVERSAL-001,0,19.6,NORMALIZED_HIGH_COST,D1-20201112-BEARISH-M1-C2_FVG_BREAKER-FVG-005390-BREAKER-000593,3.0,6,11858.2,M1_C2_FVG_BREAKER,1.5,11822.20,M1
12150.5,12153.6,False,67,BREAKER,12150.4,12152.6,1.0,FVG-005542|BREAKER-000611,12150.4,12150.6,12149.75,12154.35,HYPOTHETICAL_SCENARIO_NOT_BROKER_FACT,2020-11-26 00:00:00,2020-11-27 04:28:00,BEARISH,2020-11-27 04:37:00,2020-11-27 04:38:00,12150.5,D1-20201126-BEARISH,STOP,12153.6,2020-11-27 05:44:00,MLR-TECH-ABL-001,2020-11-28 00:00:00,PREVIOUSLY_EXPOSED_WINDOW,C2_FVG_BREAKER,M1_STRICT_PENETRATION_NO_FAVORABLE_IMPROVEMENT,STRICT_M1_LIMIT_PENETRATION,FILLED,0,0,-3.1,-0.5535714285714285714285714286,1.1,TECHNICAL_ONLY_ABLATION,-5.60,-1,LOSS_1R,QRP-MACRO-LIQUIDITY-REVERSAL-001,0,5.60,NORMALIZED_LOW_COST,D1-20201126-BEARISH-M1-C2_FVG_BREAKER-FVG-005542-BREAKER-000611,0.50,1,12153.6,M1_C2_FVG_BREAKER,1.5,12142.100,M1
12150.5,12154.6,False,67,BREAKER,12150.4,12152.6,2,FVG-005542|BREAKER-000611,12150.4,12150.6,12149.0,12156.1,HYPOTHETICAL_SCENARIO_NOT_BROKER_FACT,2020-11-26 00:00:00,2020-11-27 04:28:00,BEARISH,2020-11-27 04:37:00,2020-11-27 04:38:00,12150.5,D1-20201126-BEARISH,STOP,12154.6,2020-11-27 05:44:00,MLR-TECH-ABL-001,2020-11-28 00:00:00,PREVIOUSLY_EXPOSED_WINDOW,C2_FVG_BREAKER,M1_STRICT_PENETRATION_NO_FAVORABLE_IMPROVEMENT,STRICT_M1_LIMIT_PENETRATION,FILLED,0,0.0,-4.1,-0.4505494505494505494505494505,1.1,TECHNICAL_ONLY_ABLATION,-9.1,-1,LOSS_1R,QRP-MACRO-LIQUIDITY-REVERSAL-001,0,9.1,NORMALIZED_MEDIUM_COST,D1-20201126-BEARISH-M1-C2_FVG_BREAKER-FVG-005542-BREAKER-000611,1.0,2,12154.6,M1_C2_FVG_BREAKER,1.5,12136.85,M1
12150.5,12158.6,False,75,BREAKER,12150.4,12152.6,4,FVG-005542|BREAKER-000611,12150.4,12150.6,12146.0,12163.1,HYPOTHETICAL_SCENARIO_NOT_BROKER_FACT,2020-11-26 00:00:00,2020-11-27 04:28:00,BEARISH,2020-11-27 04:37:00,2020-11-27 04:38:00,12150.5,D1-20201126-BEARISH,STOP,12158.6,2020-11-27 05:52:00,MLR-TECH-ABL-001,2020-11-28 00:00:00,PREVIOUSLY_EXPOSED_WINDOW,C2_FVG_BREAKER,M1_STRICT_PENETRATION_NO_FAVORABLE_IMPROVEMENT,STRICT_M1_LIMIT_PENETRATION,FILLED,0,0.00,-8.1,-0.3838862559241706161137440758,1.2333333333333334,TECHNICAL_ONLY_ABLATION,-21.10,-1.0,LOSS_1R,QRP-MACRO-LIQUIDITY-REVERSAL-001,0,21.1,NORMALIZED_HIGH_COST,D1-20201126-BEARISH-M1-C2_FVG_BREAKER-FVG-005542-BREAKER-000611,3.0,6,12158.6,M1_C2_FVG_BREAKER,1.5,12118.85,M1
12745.349999999999,12747.0,False,3,BREAKER,12744.8,12746.0,1.0,FVG-005701|BREAKER-000623,12744.8,12745.9,12744.599999999999,12747.75,HYPOTHETICAL_SCENARIO_NOT_BROKER_FACT,2020-12-18 00:00:00,2020-12-21 05:10:00,BEARISH,2020-12-21 05:10:00,2020-12-21 05:11:00,12745.349999999999,D1-20201218-BEARISH,STOP,12747.0,2020-12-21 05:13:00,MLR-TECH-ABL-001,2020-12-22 00:00:00,PREVIOUSLY_EXPOSED_WINDOW,C2_FVG_BREAKER,M1_STRICT_PENETRATION_NO_FAVORABLE_IMPROVEMENT,STRICT_M1_LIMIT_PENETRATION,FILLED,0,0,-1.650000000001,-0.3975903614459282914791696558,0.03333333333333333,TECHNICAL_ONLY_ABLATION,-4.150000000001,-1,LOSS_1R,QRP-MACRO-LIQUIDITY-REVERSAL-001,0,4.150000000001,NORMALIZED_LOW_COST,D1-20201218-BEARISH-M1-C2_FVG_BREAKER-FVG-005701-BREAKER-000623,0.50,1,12747.0,M1_C2_FVG_BREAKER,1.5,12739.1249999999975,M1
12745.349999999999,12748.0,False,4,BREAKER,12744.8,12746.0,2,FVG-005701|BREAKER-000623,12744.8,12745.9,12743.849999999999,12749.5,HYPOTHETICAL_SCENARIO_NOT_BROKER_FACT,2020-12-18 00:00:00,2020-12-21 05:10:00,BEARISH,2020-12-21 05:10:00,2020-12-21 05:11:00,12745.349999999999,D1-20201218-BEARISH,STOP,12748.0,2020-12-21 05:14:00,MLR-TECH-ABL-001,2020-12-22 00:00:00,PREVIOUSLY_EXPOSED_WINDOW,C2_FVG_BREAKER,M1_STRICT_PENETRATION_NO_FAVORABLE_IMPROVEMENT,STRICT_M1_LIMIT_PENETRATION,FILLED,0,0.0,-2.650000000001,-0.3464052287582553718655217967,0.05,TECHNICAL_ONLY_ABLATION,-7.650000000001,-1,LOSS_1R,QRP-MACRO-LIQUIDITY-REVERSAL-001,0,7.650000000001,NORMALIZED_MEDIUM_COST,D1-20201218-BEARISH-M1-C2_FVG_BREAKER-FVG-005701-BREAKER-000623,1.0,2,12748.0,M1_C2_FVG_BREAKER,1.5,12733.8749999999975,M1
12745.349999999999,12752.0,False,63,BREAKER,12744.8,12746.0,4,FVG-005701|BREAKER-000623,12744.8,12745.9,12740.849999999999,12756.5,HYPOTHETICAL_SCENARIO_NOT_BROKER_FACT,2020-12-18 00:00:00,2020-12-21 05:10:00,BEARISH,2020-12-21 05:10:00,2020-12-21 05:11:00,12745.349999999999,D1-20201218-BEARISH,STOP,12752.0,2020-12-21 06:13:00,MLR-TECH-ABL-001,2020-12-22 00:00:00,PREVIOUSLY_EXPOSED_WINDOW,C2_FVG_BREAKER,M1_STRICT_PENETRATION_NO_FAVORABLE_IMPROVEMENT,STRICT_M1_LIMIT_PENETRATION,FILLED,0,0.00,-6.650000000001,-0.3384223918575400293948164102,1.0333333333333334,TECHNICAL_ONLY_ABLATION,-19.650000000001,-1,LOSS_1R,QRP-MACRO-LIQUIDITY-REVERSAL-001,0,19.650000000001,NORMALIZED_HIGH_COST,D1-20201218-BEARISH-M1-C2_FVG_BREAKER-FVG-005701-BREAKER-000623,3.0,6,12752.0,M1_C2_FVG_BREAKER,1.5,12715.8749999999975,M1
12802.2,12800.9,False,1,BREAKER,12801.9,12803.4,1.0,FVG-005898|BREAKER-000636,12801.9,12802.5,12802.95,12800.15,HYPOTHETICAL_SCENARIO_NOT_BROKER_FACT,2021-03-25 00:00:00,2021-03-26 02:10:00,BULLISH,2021-03-26 02:11:00,2021-03-26 02:12:00,12802.2,D1-20210325-BULLISH,ENTRY_BAR_STOP_ADVERSE,12800.9,2021-03-26 02:12:00,MLR-TECH-ABL-001,2021-03-27 00:00:00,PREVIOUSLY_EXPOSED_WINDOW,C2_FVG_BREAKER,M1_STRICT_PENETRATION_NO_FAVORABLE_IMPROVEMENT,STRICT_M1_LIMIT_PENETRATION,FILLED,0,0,-1.3,-0.3421052631578947368421052632,0.0,TECHNICAL_ONLY_ABLATION,-3.80,-1,LOSS_1R,QRP-MACRO-LIQUIDITY-REVERSAL-001,0,3.80,NORMALIZED_LOW_COST,D1-20210325-BULLISH-M1-C2_FVG_BREAKER-FVG-005898-BREAKER-000636,0.50,1,12800.9,M1_C2_FVG_BREAKER,1.5,12807.900,M1
12802.2,12813.15,False,8,BREAKER,12801.9,12803.4,2,FVG-005898|BREAKER-000636,12801.9,12802.5,12803.7,12811.65,HYPOTHETICAL_SCENARIO_NOT_BROKER_FACT,2021-03-25 00:00:00,2021-03-26 02:10:00,BULLISH,2021-03-26 02:11:00,2021-03-26 02:12:00,12802.2,D1-20210325-BULLISH,TARGET_1_5R,12813.15,2021-03-26 02:19:00,MLR-TECH-ABL-001,2021-03-27 00:00:00,PREVIOUSLY_EXPOSED_WINDOW,C2_FVG_BREAKER,M1_STRICT_PENETRATION_NO_FAVORABLE_IMPROVEMENT,STRICT_M1_LIMIT_PENETRATION,FILLED,0,0.0,10.95,1.5,0.11666666666666667,TECHNICAL_ONLY_ABLATION,5.95,0.8150684931506849315068493151,WIN_TARGET_1_5R,QRP-MACRO-LIQUIDITY-REVERSAL-001,0,7.3,NORMALIZED_MEDIUM_COST,D1-20210325-BULLISH-M1-C2_FVG_BREAKER-FVG-005898-BREAKER-000636,1.0,2,12799.9,M1_C2_FVG_BREAKER,1.5,12813.15,M1
12802.2,12795.9,False,94,BREAKER,12801.9,12803.4,4,FVG-005898|BREAKER-000636,12801.9,12802.5,12806.7,12791.4,HYPOTHETICAL_SCENARIO_NOT_BROKER_FACT,2021-03-25 00:00:00,2021-03-26 02:10:00,BULLISH,2021-03-26 02:11:00,2021-03-26 02:12:00,12802.2,D1-20210325-BULLISH,STOP,12795.9,2021-03-26 03:45:00,MLR-TECH-ABL-001,2021-03-27 00:00:00,PREVIOUSLY_EXPOSED_WINDOW,C2_FVG_BREAKER,M1_STRICT_PENETRATION_NO_FAVORABLE_IMPROVEMENT,STRICT_M1_LIMIT_PENETRATION,FILLED,0,0.00,-6.3,-0.3264248704663212435233160622,1.55,TECHNICAL_ONLY_ABLATION,-19.30,-1.0,LOSS_1R,QRP-MACRO-LIQUIDITY-REVERSAL-001,0,19.3,NORMALIZED_HIGH_COST,D1-20210325-BULLISH-M1-C2_FVG_BREAKER-FVG-005898-BREAKER-000636,3.0,6,12795.9,M1_C2_FVG_BREAKER,1.5,12831.15,M1
13818.95,13821.6,False,2,BREAKER,13818.9,13820.6,1.0,FVG-006111|BREAKER-000670,13818.9,13819.0,13818.20,13822.35,HYPOTHETICAL_SCENARIO_NOT_BROKER_FACT,2021-06-08 00:00:00,2021-06-09 02:46:00,BEARISH,2021-06-09 02:46:00,2021-06-09 02:47:00,13818.95,D1-20210608-BEARISH,STOP,13821.6,2021-06-09 02:48:00,MLR-TECH-ABL-001,2021-06-10 00:00:00,PREVIOUSLY_EXPOSED_WINDOW,C2_FVG_BREAKER,M1_STRICT_PENETRATION_NO_FAVORABLE_IMPROVEMENT,STRICT_M1_LIMIT_PENETRATION,FILLED,0,0,-2.65,-0.5145631067961165048543689320,0.016666666666666666,TECHNICAL_ONLY_ABLATION,-5.15,-1,LOSS_1R,QRP-MACRO-LIQUIDITY-REVERSAL-001,0,5.15,NORMALIZED_LOW_COST,D1-20210608-BEARISH-M1-C2_FVG_BREAKER-FVG-006111-BREAKER-000670,0.50,1,13821.6,M1_C2_FVG_BREAKER,1.5,13811.225,M1
13818.95,13822.6,False,37,BREAKER,13818.9,13820.6,2,FVG-006111|BREAKER-000670,13818.9,13819.0,13817.45,13824.1,HYPOTHETICAL_SCENARIO_NOT_BROKER_FACT,2021-06-08 00:00:00,2021-06-09 02:46:00,BEARISH,2021-06-09 02:46:00,2021-06-09 02:47:00,13818.95,D1-20210608-BEARISH,STOP,13822.6,2021-06-09 03:23:00,MLR-TECH-ABL-001,2021-06-10 00:00:00,PREVIOUSLY_EXPOSED_WINDOW,C2_FVG_BREAKER,M1_STRICT_PENETRATION_NO_FAVORABLE_IMPROVEMENT,STRICT_M1_LIMIT_PENETRATION,FILLED,0,0.0,-3.65,-0.4219653179190751445086705202,0.6,TECHNICAL_ONLY_ABLATION,-8.65,-1,LOSS_1R,QRP-MACRO-LIQUIDITY-REVERSAL-001,0,8.65,NORMALIZED_MEDIUM_COST,D1-20210608-BEARISH-M1-C2_FVG_BREAKER-FVG-006111-BREAKER-000670,1.0,2,13822.6,M1_C2_FVG_BREAKER,1.5,13805.975,M1
13818.95,13826.6,False,38,BREAKER,13818.9,13820.6,4,FVG-006111|BREAKER-000670,13818.9,13819.0,13814.45,13831.1,HYPOTHETICAL_SCENARIO_NOT_BROKER_FACT,2021-06-08 00:00:00,2021-06-09 02:46:00,BEARISH,2021-06-09 02:46:00,2021-06-09 02:47:00,13818.95,D1-20210608-BEARISH,STOP,13826.6,2021-06-09 03:24:00,MLR-TECH-ABL-001,2021-06-10 00:00:00,PREVIOUSLY_EXPOSED_WINDOW,C2_FVG_BREAKER,M1_STRICT_PENETRATION_NO_FAVORABLE_IMPROVEMENT,STRICT_M1_LIMIT_PENETRATION,FILLED,0,0.00,-7.65,-0.3704600484261501210653753027,0.6166666666666667,TECHNICAL_ONLY_ABLATION,-20.65,-1,LOSS_1R,QRP-MACRO-LIQUIDITY-REVERSAL-001,0,20.65,NORMALIZED_HIGH_COST,D1-20210608-BEARISH-M1-C2_FVG_BREAKER-FVG-006111-BREAKER-000670,3.0,6,13826.6,M1_C2_FVG_BREAKER,1.5,13787.975,M1
15634.65,15622.425,False,18,BREAKER,15632.4,15639.3,1.0,FVG-006318|BREAKER-000699,15632.4,15636.9,15633.90,15623.175,HYPOTHETICAL_SCENARIO_NOT_BROKER_FACT,2021-08-31 00:00:00,2021-09-01 15:49:00,BEARISH,2021-09-01 15:49:00,2021-09-01 15:50:00,15634.65,D1-20210831-BEARISH,TARGET_1_5R,15622.425,2021-09-01 16:07:00,MLR-TECH-ABL-001,2021-09-02 00:00:00,PREVIOUSLY_EXPOSED_WINDOW,C2_FVG_BREAKER,M1_STRICT_PENETRATION_NO_FAVORABLE_IMPROVEMENT,STRICT_M1_LIMIT_PENETRATION,FILLED,0,0,12.225,1.5,0.2833333333333333,TECHNICAL_ONLY_ABLATION,9.725,1.193251533742331288343558282,WIN_TARGET_1_5R,QRP-MACRO-LIQUIDITY-REVERSAL-001,0,8.15,NORMALIZED_LOW_COST,D1-20210831-BEARISH-M1-C2_FVG_BREAKER-FVG-006318-BREAKER-000699,0.50,1,15640.3,M1_C2_FVG_BREAKER,1.5,15622.425,M1
15634.65,15641.3,False,43,BREAKER,15632.4,15639.3,2,FVG-006318|BREAKER-000699,15632.4,15636.9,15633.15,15642.8,HYPOTHETICAL_SCENARIO_NOT_BROKER_FACT,2021-08-31 00:00:00,2021-09-01 15:49:00,BEARISH,2021-09-01 15:49:00,2021-09-01 15:50:00,15634.65,D1-20210831-BEARISH,STOP,15641.3,2021-09-01 16:32:00,MLR-TECH-ABL-001,2021-09-02 00:00:00,PREVIOUSLY_EXPOSED_WINDOW,C2_FVG_BREAKER,M1_STRICT_PENETRATION_NO_FAVORABLE_IMPROVEMENT,STRICT_M1_LIMIT_PENETRATION,FILLED,0,0.0,-6.65,-0.5708154506437768240343347639,0.7,TECHNICAL_ONLY_ABLATION,-11.65,-1,LOSS_1R,QRP-MACRO-LIQUIDITY-REVERSAL-001,0,11.65,NORMALIZED_MEDIUM_COST,D1-20210831-BEARISH-M1-C2_FVG_BREAKER-FVG-006318-BREAKER-000699,1.0,2,15641.3,M1_C2_FVG_BREAKER,1.5,15617.175,M1
15634.65,15645.3,False,43,BREAKER,15632.4,15639.3,4,FVG-006318|BREAKER-000699,15632.4,15636.9,15630.15,15649.8,HYPOTHETICAL_SCENARIO_NOT_BROKER_FACT,2021-08-31 00:00:00,2021-09-01 15:49:00,BEARISH,2021-09-01 15:49:00,2021-09-01 15:50:00,15634.65,D1-20210831-BEARISH,STOP,15645.3,2021-09-01 16:32:00,MLR-TECH-ABL-001,2021-09-02 00:00:00,PREVIOUSLY_EXPOSED_WINDOW,C2_FVG_BREAKER,M1_STRICT_PENETRATION_NO_FAVORABLE_IMPROVEMENT,STRICT_M1_LIMIT_PENETRATION,FILLED,0,0.00,-10.65,-0.4503171247357293868921775899,0.7,TECHNICAL_ONLY_ABLATION,-23.65,-1,LOSS_1R,QRP-MACRO-LIQUIDITY-REVERSAL-001,0,23.65,NORMALIZED_HIGH_COST,D1-20210831-BEARISH-M1-C2_FVG_BREAKER-FVG-006318-BREAKER-000699,3.0,6,15645.3,M1_C2_FVG_BREAKER,1.5,15599.175,M1
15479.3,15473.000,False,6,BREAKER,15478.7,15480.0,1.0,FVG-006433|BREAKER-000704,15478.7,15479.9,15478.55,15473.750,HYPOTHETICAL_SCENARIO_NOT_BROKER_FACT,2021-09-16 00:00:00,2021-09-17 14:13:00,BEARISH,2021-09-17 14:20:00,2021-09-17 14:21:00,15479.3,D1-20210916-BEARISH,TARGET_1_5R,15473.000,2021-09-17 14:26:00,MLR-TECH-ABL-001,2021-09-18 00:00:00,PREVIOUSLY_EXPOSED_WINDOW,C2_FVG_BREAKER,M1_STRICT_PENETRATION_NO_FAVORABLE_IMPROVEMENT,STRICT_M1_LIMIT_PENETRATION,FILLED,0,0,6.300,1.5,0.08333333333333333,TECHNICAL_ONLY_ABLATION,3.800,0.9047619047619047619047619048,WIN_TARGET_1_5R,QRP-MACRO-LIQUIDITY-REVERSAL-001,0,4.20,NORMALIZED_LOW_COST,D1-20210916-BEARISH-M1-C2_FVG_BREAKER-FVG-006433-BREAKER-000704,0.50,1,15481.0,M1_C2_FVG_BREAKER,1.5,15473.000,M1
15479.3,15482.0,False,17,BREAKER,15478.7,15480.0,2,FVG-006433|BREAKER-000704,15478.7,15479.9,15477.8,15483.5,HYPOTHETICAL_SCENARIO_NOT_BROKER_FACT,2021-09-16 00:00:00,2021-09-17 14:13:00,BEARISH,2021-09-17 14:20:00,2021-09-17 14:21:00,15479.3,D1-20210916-BEARISH,STOP,15482.0,2021-09-17 14:37:00,MLR-TECH-ABL-001,2021-09-18 00:00:00,PREVIOUSLY_EXPOSED_WINDOW,C2_FVG_BREAKER,M1_STRICT_PENETRATION_NO_FAVORABLE_IMPROVEMENT,STRICT_M1_LIMIT_PENETRATION,FILLED,0,0.0,-2.7,-0.3506493506493506493506493506,0.26666666666666666,TECHNICAL_ONLY_ABLATION,-7.7,-1,LOSS_1R,QRP-MACRO-LIQUIDITY-REVERSAL-001,0,7.7,NORMALIZED_MEDIUM_COST,D1-20210916-BEARISH-M1-C2_FVG_BREAKER-FVG-006433-BREAKER-000704,1.0,2,15482.0,M1_C2_FVG_BREAKER,1.5,15467.75,M1
15479.3,15486.0,False,19,BREAKER,15478.7,15480.0,4,FVG-006433|BREAKER-000704,15478.7,15479.9,15474.8,15490.5,HYPOTHETICAL_SCENARIO_NOT_BROKER_FACT,2021-09-16 00:00:00,2021-09-17 14:13:00,BEARISH,2021-09-17 14:20:00,2021-09-17 14:21:00,15479.3,D1-20210916-BEARISH,STOP,15486.0,2021-09-17 14:39:00,MLR-TECH-ABL-001,2021-09-18 00:00:00,PREVIOUSLY_EXPOSED_WINDOW,C2_FVG_BREAKER,M1_STRICT_PENETRATION_NO_FAVORABLE_IMPROVEMENT,STRICT_M1_LIMIT_PENETRATION,FILLED,0,0.00,-6.7,-0.3401015228426395939086294416,0.3,TECHNICAL_ONLY_ABLATION,-19.70,-1.0,LOSS_1R,QRP-MACRO-LIQUIDITY-REVERSAL-001,0,19.7,NORMALIZED_HIGH_COST,D1-20210916-BEARISH-M1-C2_FVG_BREAKER-FVG-006433-BREAKER-000704,3.0,6,15486.0,M1_C2_FVG_BREAKER,1.5,15449.75,M1
16313.55,16315.1,False,1,BREAKER,16309.1,16314.1,1.0,FVG-006556|BREAKER-000718,16313.3,16313.8,16312.80,16315.85,HYPOTHETICAL_SCENARIO_NOT_BROKER_FACT,2021-11-05 00:00:00,2021-11-08 02:45:00,BEARISH,2021-11-08 03:40:00,2021-11-08 03:41:00,16313.55,D1-20211105-BEARISH,ENTRY_BAR_STOP_ADVERSE,16315.1,2021-11-08 03:41:00,MLR-TECH-ABL-001,2021-11-09 00:00:00,PREVIOUSLY_EXPOSED_WINDOW,C2_FVG_BREAKER,M1_STRICT_PENETRATION_NO_FAVORABLE_IMPROVEMENT,STRICT_M1_LIMIT_PENETRATION,FILLED,0,0,-1.55,-0.3827160493827160493827160494,0.0,TECHNICAL_ONLY_ABLATION,-4.05,-1,LOSS_1R,QRP-MACRO-LIQUIDITY-REVERSAL-001,0,4.05,NORMALIZED_LOW_COST,D1-20211105-BEARISH-M1-C2_FVG_BREAKER-FVG-006556-BREAKER-000718,0.50,1,16315.1,M1_C2_FVG_BREAKER,1.5,16307.475,M1
16313.55,16316.1,False,1,BREAKER,16309.1,16314.1,2,FVG-006556|BREAKER-000718,16313.3,16313.8,16312.05,16317.6,HYPOTHETICAL_SCENARIO_NOT_BROKER_FACT,2021-11-05 00:00:00,2021-11-08 02:45:00,BEARISH,2021-11-08 03:40:00,2021-11-08 03:41:00,16313.55,D1-20211105-BEARISH,ENTRY_BAR_STOP_ADVERSE,16316.1,2021-11-08 03:41:00,MLR-TECH-ABL-001,2021-11-09 00:00:00,PREVIOUSLY_EXPOSED_WINDOW,C2_FVG_BREAKER,M1_STRICT_PENETRATION_NO_FAVORABLE_IMPROVEMENT,STRICT_M1_LIMIT_PENETRATION,FILLED,0,0.0,-2.55,-0.3377483443708609271523178808,0.0,TECHNICAL_ONLY_ABLATION,-7.55,-1,LOSS_1R,QRP-MACRO-LIQUIDITY-REVERSAL-001,0,7.55,NORMALIZED_MEDIUM_COST,D1-20211105-BEARISH-M1-C2_FVG_BREAKER-FVG-006556-BREAKER-000718,1.0,2,16316.1,M1_C2_FVG_BREAKER,1.5,16302.225,M1
16313.55,16320.1,False,1,BREAKER,16309.1,16314.1,4,FVG-006556|BREAKER-000718,16313.3,16313.8,16309.05,16324.6,HYPOTHETICAL_SCENARIO_NOT_BROKER_FACT,2021-11-05 00:00:00,2021-11-08 02:45:00,BEARISH,2021-11-08 03:40:00,2021-11-08 03:41:00,16313.55,D1-20211105-BEARISH,ENTRY_BAR_STOP_ADVERSE,16320.1,2021-11-08 03:41:00,MLR-TECH-ABL-001,2021-11-09 00:00:00,PREVIOUSLY_EXPOSED_WINDOW,C2_FVG_BREAKER,M1_STRICT_PENETRATION_NO_FAVORABLE_IMPROVEMENT,STRICT_M1_LIMIT_PENETRATION,FILLED,0,0.00,-6.55,-0.3350383631713554987212276215,0.0,TECHNICAL_ONLY_ABLATION,-19.55,-1,LOSS_1R,QRP-MACRO-LIQUIDITY-REVERSAL-001,0,19.55,NORMALIZED_HIGH_COST,D1-20211105-BEARISH-M1-C2_FVG_BREAKER-FVG-006556-BREAKER-000718,3.0,6,16320.1,M1_C2_FVG_BREAKER,1.5,16284.225,M1
16540.6,16542.2,False,1,BREAKER,16538.6,16541.2,1.0,FVG-006749|BREAKER-000743,16540.0,16541.2,16539.85,16542.95,HYPOTHETICAL_SCENARIO_NOT_BROKER_FACT,2021-12-28 00:00:00,2021-12-29 02:05:00,BEARISH,2021-12-29 02:05:00,2021-12-29 02:06:00,16540.6,D1-20211228-BEARISH,ENTRY_BAR_STOP_ADVERSE,16542.2,2021-12-29 02:06:00,MLR-TECH-ABL-001,2021-12-30 00:00:00,PREVIOUSLY_EXPOSED_WINDOW,C2_FVG_BREAKER,M1_STRICT_PENETRATION_NO_FAVORABLE_IMPROVEMENT,STRICT_M1_LIMIT_PENETRATION,FILLED,0,0,-1.6,-0.3902439024390243902439024390,0.0,TECHNICAL_ONLY_ABLATION,-4.10,-1,LOSS_1R,QRP-MACRO-LIQUIDITY-REVERSAL-001,0,4.10,NORMALIZED_LOW_COST,D1-20211228-BEARISH-M1-C2_FVG_BREAKER-FVG-006749-BREAKER-000743,0.50,1,16542.2,M1_C2_FVG_BREAKER,1.5,16534.450,M1
16540.6,16543.2,False,2,BREAKER,16538.6,16541.2,2,FVG-006749|BREAKER-000743,16540.0,16541.2,16539.1,16544.7,HYPOTHETICAL_SCENARIO_NOT_BROKER_FACT,2021-12-28 00:00:00,2021-12-29 02:05:00,BEARISH,2021-12-29 02:05:00,2021-12-29 02:06:00,16540.6,D1-20211228-BEARISH,STOP,16543.2,2021-12-29 02:07:00,MLR-TECH-ABL-001,2021-12-30 00:00:00,PREVIOUSLY_EXPOSED_WINDOW,C2_FVG_BREAKER,M1_STRICT_PENETRATION_NO_FAVORABLE_IMPROVEMENT,STRICT_M1_LIMIT_PENETRATION,FILLED,0,0.0,-2.6,-0.3421052631578947368421052632,0.016666666666666666,TECHNICAL_ONLY_ABLATION,-7.6,-1,LOSS_1R,QRP-MACRO-LIQUIDITY-REVERSAL-001,0,7.6,NORMALIZED_MEDIUM_COST,D1-20211228-BEARISH-M1-C2_FVG_BREAKER-FVG-006749-BREAKER-000743,1.0,2,16543.2,M1_C2_FVG_BREAKER,1.5,16529.20,M1
16540.6,16547.2,False,56,BREAKER,16538.6,16541.2,4,FVG-006749|BREAKER-000743,16540.0,16541.2,16536.1,16551.7,HYPOTHETICAL_SCENARIO_NOT_BROKER_FACT,2021-12-28 00:00:00,2021-12-29 02:05:00,BEARISH,2021-12-29 02:05:00,2021-12-29 02:06:00,16540.6,D1-20211228-BEARISH,STOP,16547.2,2021-12-29 03:01:00,MLR-TECH-ABL-001,2021-12-30 00:00:00,PREVIOUSLY_EXPOSED_WINDOW,C2_FVG_BREAKER,M1_STRICT_PENETRATION_NO_FAVORABLE_IMPROVEMENT,STRICT_M1_LIMIT_PENETRATION,FILLED,0,0.00,-6.6,-0.3367346938775510204081632653,0.9166666666666666,TECHNICAL_ONLY_ABLATION,-19.60,-1.0,LOSS_1R,QRP-MACRO-LIQUIDITY-REVERSAL-001,0,19.6,NORMALIZED_HIGH_COST,D1-20211228-BEARISH-M1-C2_FVG_BREAKER-FVG-006749-BREAKER-000743,3.0,6,16547.2,M1_C2_FVG_BREAKER,1.5,16511.20,M1
15554.9,15553.0,False,2,BREAKER,15554.0,15557.5,1.0,FVG-006926|BREAKER-000766,15554.8,15555.0,15555.65,15552.25,HYPOTHETICAL_SCENARIO_NOT_BROKER_FACT,2022-01-14 00:00:00,2022-01-17 08:30:00,BULLISH,2022-01-17 09:00:00,2022-01-17 09:01:00,15554.9,D1-20220114-BULLISH,STOP,15553.0,2022-01-17 09:02:00,MLR-TECH-ABL-001,2022-01-18 00:00:00,PREVIOUSLY_EXPOSED_WINDOW,C2_FVG_BREAKER,M1_STRICT_PENETRATION_NO_FAVORABLE_IMPROVEMENT,STRICT_M1_LIMIT_PENETRATION,FILLED,0,0,-1.9,-0.4318181818181818181818181818,0.016666666666666666,TECHNICAL_ONLY_ABLATION,-4.40,-1,LOSS_1R,QRP-MACRO-LIQUIDITY-REVERSAL-001,0,4.40,NORMALIZED_LOW_COST,D1-20220114-BULLISH-M1-C2_FVG_BREAKER-FVG-006926-BREAKER-000766,0.50,1,15553.0,M1_C2_FVG_BREAKER,1.5,15561.500,M1
15554.9,15552.0,False,2,BREAKER,15554.0,15557.5,2,FVG-006926|BREAKER-000766,15554.8,15555.0,15556.4,15550.5,HYPOTHETICAL_SCENARIO_NOT_BROKER_FACT,2022-01-14 00:00:00,2022-01-17 08:30:00,BULLISH,2022-01-17 09:00:00,2022-01-17 09:01:00,15554.9,D1-20220114-BULLISH,STOP,15552.0,2022-01-17 09:02:00,MLR-TECH-ABL-001,2022-01-18 00:00:00,PREVIOUSLY_EXPOSED_WINDOW,C2_FVG_BREAKER,M1_STRICT_PENETRATION_NO_FAVORABLE_IMPROVEMENT,STRICT_M1_LIMIT_PENETRATION,FILLED,0,0.0,-2.9,-0.3670886075949367088607594937,0.016666666666666666,TECHNICAL_ONLY_ABLATION,-7.9,-1,LOSS_1R,QRP-MACRO-LIQUIDITY-REVERSAL-001,0,7.9,NORMALIZED_MEDIUM_COST,D1-20220114-BULLISH-M1-C2_FVG_BREAKER-FVG-006926-BREAKER-000766,1.0,2,15552.0,M1_C2_FVG_BREAKER,1.5,15566.75,M1
15554.9,15584.75,False,40,BREAKER,15554.0,15557.5,4,FVG-006926|BREAKER-000766,15554.8,15555.0,15559.4,15580.25,HYPOTHETICAL_SCENARIO_NOT_BROKER_FACT,2022-01-14 00:00:00,2022-01-17 08:30:00,BULLISH,2022-01-17 09:00:00,2022-01-17 09:01:00,15554.9,D1-20220114-BULLISH,TARGET_1_5R,15584.75,2022-01-17 09:40:00,MLR-TECH-ABL-001,2022-01-18 00:00:00,PREVIOUSLY_EXPOSED_WINDOW,C2_FVG_BREAKER,M1_STRICT_PENETRATION_NO_FAVORABLE_IMPROVEMENT,STRICT_M1_LIMIT_PENETRATION,FILLED,0,0.00,29.85,1.5,0.65,TECHNICAL_ONLY_ABLATION,16.85,0.8467336683417085427135678392,WIN_TARGET_1_5R,QRP-MACRO-LIQUIDITY-REVERSAL-001,0,19.9,NORMALIZED_HIGH_COST,D1-20220114-BULLISH-M1-C2_FVG_BREAKER-FVG-006926-BREAKER-000766,3.0,6,15548.0,M1_C2_FVG_BREAKER,1.5,15584.75,M1
14315.65,14329.225,False,2,BREAKER,14310.1,14322.0,1.0,FVG-007029|BREAKER-000787,14314.9,14316.4,14316.40,14328.475,HYPOTHETICAL_SCENARIO_NOT_BROKER_FACT,2022-01-24 00:00:00,2022-01-25 08:21:00,BULLISH,2022-01-25 08:21:00,2022-01-25 08:22:00,14315.65,D1-20220124-BULLISH,TARGET_1_5R,14329.225,2022-01-25 08:23:00,MLR-TECH-ABL-001,2022-01-26 00:00:00,PREVIOUSLY_EXPOSED_WINDOW,C2_FVG_BREAKER,M1_STRICT_PENETRATION_NO_FAVORABLE_IMPROVEMENT,STRICT_M1_LIMIT_PENETRATION,FILLED,0,0,13.575,1.5,0.016666666666666666,TECHNICAL_ONLY_ABLATION,11.075,1.223756906077348066298342541,WIN_TARGET_1_5R,QRP-MACRO-LIQUIDITY-REVERSAL-001,0,9.05,NORMALIZED_LOW_COST,D1-20220124-BULLISH-M1-C2_FVG_BREAKER-FVG-007029-BREAKER-000787,0.50,1,14309.1,M1_C2_FVG_BREAKER,1.5,14329.225,M1
14315.65,14334.475,False,2,BREAKER,14310.1,14322.0,2,FVG-007029|BREAKER-000787,14314.9,14316.4,14317.15,14332.975,HYPOTHETICAL_SCENARIO_NOT_BROKER_FACT,2022-01-24 00:00:00,2022-01-25 08:21:00,BULLISH,2022-01-25 08:21:00,2022-01-25 08:22:00,14315.65,D1-20220124-BULLISH,TARGET_1_5R,14334.475,2022-01-25 08:23:00,MLR-TECH-ABL-001,2022-01-26 00:00:00,PREVIOUSLY_EXPOSED_WINDOW,C2_FVG_BREAKER,M1_STRICT_PENETRATION_NO_FAVORABLE_IMPROVEMENT,STRICT_M1_LIMIT_PENETRATION,FILLED,0,0.0,18.825,1.5,0.016666666666666666,TECHNICAL_ONLY_ABLATION,13.825,1.101593625498007968127490040,WIN_TARGET_1_5R,QRP-MACRO-LIQUIDITY-REVERSAL-001,0,12.55,NORMALIZED_MEDIUM_COST,D1-20220124-BULLISH-M1-C2_FVG_BREAKER-FVG-007029-BREAKER-000787,1.0,2,14308.1,M1_C2_FVG_BREAKER,1.5,14334.475,M1
14315.65,14304.1,False,9,BREAKER,14310.1,14322.0,4,FVG-007029|BREAKER-000787,14314.9,14316.4,14320.15,14299.6,HYPOTHETICAL_SCENARIO_NOT_BROKER_FACT,2022-01-24 00:00:00,2022-01-25 08:21:00,BULLISH,2022-01-25 08:21:00,2022-01-25 08:22:00,14315.65,D1-20220124-BULLISH,STOP,14304.1,2022-01-25 08:30:00,MLR-TECH-ABL-001,2022-01-26 00:00:00,PREVIOUSLY_EXPOSED_WINDOW,C2_FVG_BREAKER,M1_STRICT_PENETRATION_NO_FAVORABLE_IMPROVEMENT,STRICT_M1_LIMIT_PENETRATION,FILLED,0,0.00,-11.55,-0.4704684317718940936863543788,0.13333333333333333,TECHNICAL_ONLY_ABLATION,-24.55,-1,LOSS_1R,QRP-MACRO-LIQUIDITY-REVERSAL-001,0,24.55,NORMALIZED_HIGH_COST,D1-20220124-BULLISH-M1-C2_FVG_BREAKER-FVG-007029-BREAKER-000787,3.0,6,14304.1,M1_C2_FVG_BREAKER,1.5,14352.475,M1
13525.65,13524.4,False,1,BREAKER,13525.4,13526.9,1.0,FVG-007171|BREAKER-000804,13525.4,13525.9,13526.40,13523.65,HYPOTHETICAL_SCENARIO_NOT_BROKER_FACT,2022-04-25 00:00:00,2022-04-26 02:31:00,BULLISH,2022-04-26 02:31:00,2022-04-26 02:32:00,13525.65,D1-20220425-BULLISH,ENTRY_BAR_STOP_ADVERSE,13524.4,2022-04-26 02:32:00,MLR-TECH-ABL-001,2022-04-27 00:00:00,PREVIOUSLY_EXPOSED_WINDOW,C2_FVG_BREAKER,M1_STRICT_PENETRATION_NO_FAVORABLE_IMPROVEMENT,STRICT_M1_LIMIT_PENETRATION,FILLED,0,0,-1.25,-0.3333333333333333333333333333,0.0,TECHNICAL_ONLY_ABLATION,-3.75,-1,LOSS_1R,QRP-MACRO-LIQUIDITY-REVERSAL-001,0,3.75,NORMALIZED_LOW_COST,D1-20220425-BULLISH-M1-C2_FVG_BREAKER-FVG-007171-BREAKER-000804,0.50,1,13524.4,M1_C2_FVG_BREAKER,1.5,13531.275,M1
13525.65,13523.4,False,3,BREAKER,13525.4,13526.9,2,FVG-007171|BREAKER-000804,13525.4,13525.9,13527.15,13521.9,HYPOTHETICAL_SCENARIO_NOT_BROKER_FACT,2022-04-25 00:00:00,2022-04-26 02:31:00,BULLISH,2022-04-26 02:31:00,2022-04-26 02:32:00,13525.65,D1-20220425-BULLISH,STOP,13523.4,2022-04-26 02:34:00,MLR-TECH-ABL-001,2022-04-27 00:00:00,PREVIOUSLY_EXPOSED_WINDOW,C2_FVG_BREAKER,M1_STRICT_PENETRATION_NO_FAVORABLE_IMPROVEMENT,STRICT_M1_LIMIT_PENETRATION,FILLED,0,0.0,-2.25,-0.3103448275862068965517241379,0.03333333333333333,TECHNICAL_ONLY_ABLATION,-7.25,-1,LOSS_1R,QRP-MACRO-LIQUIDITY-REVERSAL-001,0,7.25,NORMALIZED_MEDIUM_COST,D1-20220425-BULLISH-M1-C2_FVG_BREAKER-FVG-007171-BREAKER-000804,1.0,2,13523.4,M1_C2_FVG_BREAKER,1.5,13536.525,M1
13525.65,13519.4,False,19,BREAKER,13525.4,13526.9,4,FVG-007171|BREAKER-000804,13525.4,13525.9,13530.15,13514.9,HYPOTHETICAL_SCENARIO_NOT_BROKER_FACT,2022-04-25 00:00:00,2022-04-26 02:31:00,BULLISH,2022-04-26 02:31:00,2022-04-26 02:32:00,13525.65,D1-20220425-BULLISH,STOP,13519.4,2022-04-26 02:50:00,MLR-TECH-ABL-001,2022-04-27 00:00:00,PREVIOUSLY_EXPOSED_WINDOW,C2_FVG_BREAKER,M1_STRICT_PENETRATION_NO_FAVORABLE_IMPROVEMENT,STRICT_M1_LIMIT_PENETRATION,FILLED,0,0.00,-6.25,-0.3246753246753246753246753247,0.3,TECHNICAL_ONLY_ABLATION,-19.25,-1,LOSS_1R,QRP-MACRO-LIQUIDITY-REVERSAL-001,0,19.25,NORMALIZED_HIGH_COST,D1-20220425-BULLISH-M1-C2_FVG_BREAKER-FVG-007171-BREAKER-000804,3.0,6,13519.4,M1_C2_FVG_BREAKER,1.5,13554.525,M1
13046.1,13045.0,False,1,BREAKER,13046.0,13049.3,1.0,FVG-007344|BREAKER-000822,13046.0,13046.2,13046.85,13044.25,HYPOTHETICAL_SCENARIO_NOT_BROKER_FACT,2022-05-02 00:00:00,2022-05-03 02:30:00,BULLISH,2022-05-03 02:40:00,2022-05-03 02:41:00,13046.1,D1-20220502-BULLISH,ENTRY_BAR_STOP_ADVERSE,13045.0,2022-05-03 02:41:00,MLR-TECH-ABL-001,2022-05-04 00:00:00,PREVIOUSLY_EXPOSED_WINDOW,C2_FVG_BREAKER,M1_STRICT_PENETRATION_NO_FAVORABLE_IMPROVEMENT,STRICT_M1_LIMIT_PENETRATION,FILLED,0,0,-1.1,-0.3055555555555555555555555556,0.0,TECHNICAL_ONLY_ABLATION,-3.60,-1,LOSS_1R,QRP-MACRO-LIQUIDITY-REVERSAL-001,0,3.60,NORMALIZED_LOW_COST,D1-20220502-BULLISH-M1-C2_FVG_BREAKER-FVG-007344-BREAKER-000822,0.50,1,13045.0,M1_C2_FVG_BREAKER,1.5,13051.500,M1
13046.1,13044.0,False,3,BREAKER,13046.0,13049.3,2,FVG-007344|BREAKER-000822,13046.0,13046.2,13047.6,13042.5,HYPOTHETICAL_SCENARIO_NOT_BROKER_FACT,2022-05-02 00:00:00,2022-05-03 02:30:00,BULLISH,2022-05-03 02:40:00,2022-05-03 02:41:00,13046.1,D1-20220502-BULLISH,STOP,13044.0,2022-05-03 02:43:00,MLR-TECH-ABL-001,2022-05-04 00:00:00,PREVIOUSLY_EXPOSED_WINDOW,C2_FVG_BREAKER,M1_STRICT_PENETRATION_NO_FAVORABLE_IMPROVEMENT,STRICT_M1_LIMIT_PENETRATION,FILLED,0,0.0,-2.1,-0.2957746478873239436619718310,0.03333333333333333,TECHNICAL_ONLY_ABLATION,-7.1,-1,LOSS_1R,QRP-MACRO-LIQUIDITY-REVERSAL-001,0,7.1,NORMALIZED_MEDIUM_COST,D1-20220502-BULLISH-M1-C2_FVG_BREAKER-FVG-007344-BREAKER-000822,1.0,2,13044.0,M1_C2_FVG_BREAKER,1.5,13056.75,M1
13046.1,13040.0,False,11,BREAKER,13046.0,13049.3,4,FVG-007344|BREAKER-000822,13046.0,13046.2,13050.6,13035.5,HYPOTHETICAL_SCENARIO_NOT_BROKER_FACT,2022-05-02 00:00:00,2022-05-03 02:30:00,BULLISH,2022-05-03 02:40:00,2022-05-03 02:41:00,13046.1,D1-20220502-BULLISH,STOP,13040.0,2022-05-03 02:51:00,MLR-TECH-ABL-001,2022-05-04 00:00:00,PREVIOUSLY_EXPOSED_WINDOW,C2_FVG_BREAKER,M1_STRICT_PENETRATION_NO_FAVORABLE_IMPROVEMENT,STRICT_M1_LIMIT_PENETRATION,FILLED,0,0.00,-6.1,-0.3193717277486910994764397906,0.16666666666666666,TECHNICAL_ONLY_ABLATION,-19.10,-1.0,LOSS_1R,QRP-MACRO-LIQUIDITY-REVERSAL-001,0,19.1,NORMALIZED_HIGH_COST,D1-20220502-BULLISH-M1-C2_FVG_BREAKER-FVG-007344-BREAKER-000822,3.0,6,13040.0,M1_C2_FVG_BREAKER,1.5,13074.75,M1
11917.75,11916.6,True,2,BREAKER,11917.6,11919.8,1.0,FVG-007551|BREAKER-000848,11917.6,11917.9,11918.50,11915.85,HYPOTHETICAL_SCENARIO_NOT_BROKER_FACT,2022-05-19 00:00:00,2022-05-20 02:43:00,BULLISH,2022-05-20 17:07:00,2022-05-20 17:08:00,11917.75,D1-20220519-BULLISH,M1_DUAL_BARRIER_ADVERSE_FIRST,11916.6,2022-05-20 17:09:00,MLR-TECH-ABL-001,2022-05-21 00:00:00,PREVIOUSLY_EXPOSED_WINDOW,C2_FVG_BREAKER,M1_STRICT_PENETRATION_NO_FAVORABLE_IMPROVEMENT,STRICT_M1_LIMIT_PENETRATION,FILLED,0,0,-1.15,-0.3150684931506849315068493151,0.016666666666666666,TECHNICAL_ONLY_ABLATION,-3.65,-1,AMBIGUOUS_ADVERSE_FIRST,QRP-MACRO-LIQUIDITY-REVERSAL-001,0,3.65,NORMALIZED_LOW_COST,D1-20220519-BULLISH-M1-C2_FVG_BREAKER-FVG-007551-BREAKER-000848,0.50,1,11916.6,M1_C2_FVG_BREAKER,1.5,11923.225,M1
11917.75,11915.6,False,2,BREAKER,11917.6,11919.8,2,FVG-007551|BREAKER-000848,11917.6,11917.9,11919.25,11914.1,HYPOTHETICAL_SCENARIO_NOT_BROKER_FACT,2022-05-19 00:00:00,2022-05-20 02:43:00,BULLISH,2022-05-20 17:07:00,2022-05-20 17:08:00,11917.75,D1-20220519-BULLISH,STOP,11915.6,2022-05-20 17:09:00,MLR-TECH-ABL-001,2022-05-21 00:00:00,PREVIOUSLY_EXPOSED_WINDOW,C2_FVG_BREAKER,M1_STRICT_PENETRATION_NO_FAVORABLE_IMPROVEMENT,STRICT_M1_LIMIT_PENETRATION,FILLED,0,0.0,-2.15,-0.3006993006993006993006993007,0.016666666666666666,TECHNICAL_ONLY_ABLATION,-7.15,-1,LOSS_1R,QRP-MACRO-LIQUIDITY-REVERSAL-001,0,7.15,NORMALIZED_MEDIUM_COST,D1-20220519-BULLISH-M1-C2_FVG_BREAKER-FVG-007551-BREAKER-000848,1.0,2,11915.6,M1_C2_FVG_BREAKER,1.5,11928.475,M1
11917.75,11911.6,False,2,BREAKER,11917.6,11919.8,4,FVG-007551|BREAKER-000848,11917.6,11917.9,11922.25,11907.1,HYPOTHETICAL_SCENARIO_NOT_BROKER_FACT,2022-05-19 00:00:00,2022-05-20 02:43:00,BULLISH,2022-05-20 17:07:00,2022-05-20 17:08:00,11917.75,D1-20220519-BULLISH,STOP,11911.6,2022-05-20 17:09:00,MLR-TECH-ABL-001,2022-05-21 00:00:00,PREVIOUSLY_EXPOSED_WINDOW,C2_FVG_BREAKER,M1_STRICT_PENETRATION_NO_FAVORABLE_IMPROVEMENT,STRICT_M1_LIMIT_PENETRATION,FILLED,0,0.00,-6.15,-0.3211488250652741514360313316,0.016666666666666666,TECHNICAL_ONLY_ABLATION,-19.15,-1,LOSS_1R,QRP-MACRO-LIQUIDITY-REVERSAL-001,0,19.15,NORMALIZED_HIGH_COST,D1-20220519-BULLISH-M1-C2_FVG_BREAKER-FVG-007551-BREAKER-000848,3.0,6,11911.6,M1_C2_FVG_BREAKER,1.5,11946.475,M1
11393.349999999999,11400.1749999999975,False,6,BREAKER,11392.3,11397.5,1.0,FVG-007803|BREAKER-000874,11392.3,11394.4,11394.099999999999,11399.4249999999975,HYPOTHETICAL_SCENARIO_NOT_BROKER_FACT,2022-06-14 00:00:00,2022-06-15 04:28:00,BULLISH,2022-06-15 04:28:00,2022-06-15 04:29:00,11393.349999999999,D1-20220614-BULLISH,TARGET_1_5R,11400.1749999999975,2022-06-15 04:34:00,MLR-TECH-ABL-001,2022-06-16 00:00:00,PREVIOUSLY_EXPOSED_WINDOW,C2_FVG_BREAKER,M1_STRICT_PENETRATION_NO_FAVORABLE_IMPROVEMENT,STRICT_M1_LIMIT_PENETRATION,FILLED,0,0,6.8249999999985,1.5,0.08333333333333333,TECHNICAL_ONLY_ABLATION,4.3249999999985,0.9505494505493297910880328197,WIN_TARGET_1_5R,QRP-MACRO-LIQUIDITY-REVERSAL-001,0,4.549999999999,NORMALIZED_LOW_COST,D1-20220614-BULLISH-M1-C2_FVG_BREAKER-FVG-007803-BREAKER-000874,0.50,1,11391.3,M1_C2_FVG_BREAKER,1.5,11400.1749999999975,M1
11393.349999999999,11405.4249999999975,False,13,BREAKER,11392.3,11397.5,2,FVG-007803|BREAKER-000874,11392.3,11394.4,11394.849999999999,11403.9249999999975,HYPOTHETICAL_SCENARIO_NOT_BROKER_FACT,2022-06-14 00:00:00,2022-06-15 04:28:00,BULLISH,2022-06-15 04:28:00,2022-06-15 04:29:00,11393.349999999999,D1-20220614-BULLISH,TARGET_1_5R,11405.4249999999975,2022-06-15 04:41:00,MLR-TECH-ABL-001,2022-06-16 00:00:00,PREVIOUSLY_EXPOSED_WINDOW,C2_FVG_BREAKER,M1_STRICT_PENETRATION_NO_FAVORABLE_IMPROVEMENT,STRICT_M1_LIMIT_PENETRATION,FILLED,0,0.0,12.0749999999985,1.5,0.2,TECHNICAL_ONLY_ABLATION,7.0749999999985,0.8788819875775625940357239208,WIN_TARGET_1_5R,QRP-MACRO-LIQUIDITY-REVERSAL-001,0,8.049999999999,NORMALIZED_MEDIUM_COST,D1-20220614-BULLISH-M1-C2_FVG_BREAKER-FVG-007803-BREAKER-000874,1.0,2,11390.3,M1_C2_FVG_BREAKER,1.5,11405.4249999999975,M1
11393.349999999999,11386.3,False,26,BREAKER,11392.3,11397.5,4,FVG-007803|BREAKER-000874,11392.3,11394.4,11397.849999999999,11381.8,HYPOTHETICAL_SCENARIO_NOT_BROKER_FACT,2022-06-14 00:00:00,2022-06-15 04:28:00,BULLISH,2022-06-15 04:28:00,2022-06-15 04:29:00,11393.349999999999,D1-20220614-BULLISH,STOP,11386.3,2022-06-15 04:54:00,MLR-TECH-ABL-001,2022-06-16 00:00:00,PREVIOUSLY_EXPOSED_WINDOW,C2_FVG_BREAKER,M1_STRICT_PENETRATION_NO_FAVORABLE_IMPROVEMENT,STRICT_M1_LIMIT_PENETRATION,FILLED,0,0.00,-7.049999999999,-0.3516209476308903551594828374,0.4166666666666667,TECHNICAL_ONLY_ABLATION,-20.049999999999,-1,LOSS_1R,QRP-MACRO-LIQUIDITY-REVERSAL-001,0,20.049999999999,NORMALIZED_HIGH_COST,D1-20220614-BULLISH-M1-C2_FVG_BREAKER-FVG-007803-BREAKER-000874,3.0,6,11386.3,M1_C2_FVG_BREAKER,1.5,11423.4249999999975,M1
11640.7,11638.2,False,1,BREAKER,11639.2,11641.3,1.0,FVG-007975|BREAKER-000894,11640.1,11641.3,11641.45,11637.45,HYPOTHETICAL_SCENARIO_NOT_BROKER_FACT,2022-06-29 00:00:00,2022-06-30 02:40:00,BULLISH,2022-06-30 03:00:00,2022-06-30 03:01:00,11640.7,D1-20220629-BULLISH,ENTRY_BAR_STOP_ADVERSE,11638.2,2022-06-30 03:01:00,MLR-TECH-ABL-001,2022-07-01 00:00:00,PREVIOUSLY_EXPOSED_WINDOW,C2_FVG_BREAKER,M1_STRICT_PENETRATION_NO_FAVORABLE_IMPROVEMENT,STRICT_M1_LIMIT_PENETRATION,FILLED,0,0,-2.5,-0.5,0.0,TECHNICAL_ONLY_ABLATION,-5.00,-1,LOSS_1R,QRP-MACRO-LIQUIDITY-REVERSAL-001,0,5.00,NORMALIZED_LOW_COST,D1-20220629-BULLISH-M1-C2_FVG_BREAKER-FVG-007975-BREAKER-000894,0.50,1,11638.2,M1_C2_FVG_BREAKER,1.5,11648.200,M1
11640.7,11637.2,False,1,BREAKER,11639.2,11641.3,2,FVG-007975|BREAKER-000894,11640.1,11641.3,11642.2,11635.7,HYPOTHETICAL_SCENARIO_NOT_BROKER_FACT,2022-06-29 00:00:00,2022-06-30 02:40:00,BULLISH,2022-06-30 03:00:00,2022-06-30 03:01:00,11640.7,D1-20220629-BULLISH,ENTRY_BAR_STOP_ADVERSE,11637.2,2022-06-30 03:01:00,MLR-TECH-ABL-001,2022-07-01 00:00:00,PREVIOUSLY_EXPOSED_WINDOW,C2_FVG_BREAKER,M1_STRICT_PENETRATION_NO_FAVORABLE_IMPROVEMENT,STRICT_M1_LIMIT_PENETRATION,FILLED,0,0.0,-3.5,-0.4117647058823529411764705882,0.0,TECHNICAL_ONLY_ABLATION,-8.5,-1,LOSS_1R,QRP-MACRO-LIQUIDITY-REVERSAL-001,0,8.5,NORMALIZED_MEDIUM_COST,D1-20220629-BULLISH-M1-C2_FVG_BREAKER-FVG-007975-BREAKER-000894,1.0,2,11637.2,M1_C2_FVG_BREAKER,1.5,11653.45,M1
11640.7,11633.2,False,1,BREAKER,11639.2,11641.3,4,FVG-007975|BREAKER-000894,11640.1,11641.3,11645.2,11628.7,HYPOTHETICAL_SCENARIO_NOT_BROKER_FACT,2022-06-29 00:00:00,2022-06-30 02:40:00,BULLISH,2022-06-30 03:00:00,2022-06-30 03:01:00,11640.7,D1-20220629-BULLISH,ENTRY_BAR_STOP_ADVERSE,11633.2,2022-06-30 03:01:00,MLR-TECH-ABL-001,2022-07-01 00:00:00,PREVIOUSLY_EXPOSED_WINDOW,C2_FVG_BREAKER,M1_STRICT_PENETRATION_NO_FAVORABLE_IMPROVEMENT,STRICT_M1_LIMIT_PENETRATION,FILLED,0,0.00,-7.5,-0.3658536585365853658536585366,0.0,TECHNICAL_ONLY_ABLATION,-20.50,-1.0,LOSS_1R,QRP-MACRO-LIQUIDITY-REVERSAL-001,0,20.5,NORMALIZED_HIGH_COST,D1-20220629-BULLISH-M1-C2_FVG_BREAKER-FVG-007975-BREAKER-000894,3.0,6,11633.2,M1_C2_FVG_BREAKER,1.5,11671.45,M1
13309.9,13303.300,False,6,BREAKER,13309.0,13310.8,1.0,FVG-008151|BREAKER-000922,13309.0,13310.8,13309.15,13304.050,HYPOTHETICAL_SCENARIO_NOT_BROKER_FACT,2022-08-11 00:00:00,2022-08-12 01:22:00,BEARISH,2022-08-12 01:34:00,2022-08-12 01:35:00,13309.9,D1-20220811-BEARISH,TARGET_1_5R,13303.300,2022-08-12 01:40:00,MLR-TECH-ABL-001,2022-08-13 00:00:00,PREVIOUSLY_EXPOSED_WINDOW,C2_FVG_BREAKER,M1_STRICT_PENETRATION_NO_FAVORABLE_IMPROVEMENT,STRICT_M1_LIMIT_PENETRATION,FILLED,0,0,6.600,1.5,0.08333333333333333,TECHNICAL_ONLY_ABLATION,4.100,0.9318181818181818181818181818,WIN_TARGET_1_5R,QRP-MACRO-LIQUIDITY-REVERSAL-001,0,4.40,NORMALIZED_LOW_COST,D1-20220811-BEARISH-M1-C2_FVG_BREAKER-FVG-008151-BREAKER-000922,0.50,1,13311.8,M1_C2_FVG_BREAKER,1.5,13303.300,M1
13309.9,13312.8,False,53,BREAKER,13309.0,13310.8,2,FVG-008151|BREAKER-000922,13309.0,13310.8,13308.4,13314.3,HYPOTHETICAL_SCENARIO_NOT_BROKER_FACT,2022-08-11 00:00:00,2022-08-12 01:22:00,BEARISH,2022-08-12 01:34:00,2022-08-12 01:35:00,13309.9,D1-20220811-BEARISH,STOP,13312.8,2022-08-12 02:27:00,MLR-TECH-ABL-001,2022-08-13 00:00:00,PREVIOUSLY_EXPOSED_WINDOW,C2_FVG_BREAKER,M1_STRICT_PENETRATION_NO_FAVORABLE_IMPROVEMENT,STRICT_M1_LIMIT_PENETRATION,FILLED,0,0.0,-2.9,-0.3670886075949367088607594937,0.8666666666666667,TECHNICAL_ONLY_ABLATION,-7.9,-1,LOSS_1R,QRP-MACRO-LIQUIDITY-REVERSAL-001,0,7.9,NORMALIZED_MEDIUM_COST,D1-20220811-BEARISH-M1-C2_FVG_BREAKER-FVG-008151-BREAKER-000922,1.0,2,13312.8,M1_C2_FVG_BREAKER,1.5,13298.05,M1
13309.9,13316.8,False,87,BREAKER,13309.0,13310.8,4,FVG-008151|BREAKER-000922,13309.0,13310.8,13305.4,13321.3,HYPOTHETICAL_SCENARIO_NOT_BROKER_FACT,2022-08-11 00:00:00,2022-08-12 01:22:00,BEARISH,2022-08-12 01:34:00,2022-08-12 01:35:00,13309.9,D1-20220811-BEARISH,STOP,13316.8,2022-08-12 03:01:00,MLR-TECH-ABL-001,2022-08-13 00:00:00,PREVIOUSLY_EXPOSED_WINDOW,C2_FVG_BREAKER,M1_STRICT_PENETRATION_NO_FAVORABLE_IMPROVEMENT,STRICT_M1_LIMIT_PENETRATION,FILLED,0,0.00,-6.9,-0.3467336683417085427135678392,1.4333333333333333,TECHNICAL_ONLY_ABLATION,-19.90,-1.0,LOSS_1R,QRP-MACRO-LIQUIDITY-REVERSAL-001,0,19.9,NORMALIZED_HIGH_COST,D1-20220811-BEARISH-M1-C2_FVG_BREAKER-FVG-008151-BREAKER-000922,3.0,6,13316.8,M1_C2_FVG_BREAKER,1.5,13280.05,M1
12094.5,12093.4,False,2,BREAKER,12094.4,12099.7,1.0,FVG-008311|BREAKER-000941,12094.4,12094.6,12095.25,12092.65,HYPOTHETICAL_SCENARIO_NOT_BROKER_FACT,2022-09-14 00:00:00,2022-09-15 14:03:00,BULLISH,2022-09-15 14:53:00,2022-09-15 14:54:00,12094.5,D1-20220914-BULLISH,STOP,12093.4,2022-09-15 14:55:00,MLR-TECH-ABL-001,2022-09-16 00:00:00,PREVIOUSLY_EXPOSED_WINDOW,C2_FVG_BREAKER,M1_STRICT_PENETRATION_NO_FAVORABLE_IMPROVEMENT,STRICT_M1_LIMIT_PENETRATION,FILLED,0,0,-1.1,-0.3055555555555555555555555556,0.016666666666666666,TECHNICAL_ONLY_ABLATION,-3.60,-1,LOSS_1R,QRP-MACRO-LIQUIDITY-REVERSAL-001,0,3.60,NORMALIZED_LOW_COST,D1-20220914-BULLISH-M1-C2_FVG_BREAKER-FVG-008311-BREAKER-000941,0.50,1,12093.4,M1_C2_FVG_BREAKER,1.5,12099.900,M1
12094.5,12092.3,False,3,BREAKER,12094.4,12099.7,2,FVG-008311|BREAKER-000941,12094.4,12094.6,12096.0,12090.8,HYPOTHETICAL_SCENARIO_NOT_BROKER_FACT,2022-09-14 00:00:00,2022-09-15 14:03:00,BULLISH,2022-09-15 14:53:00,2022-09-15 14:54:00,12094.5,D1-20220914-BULLISH,STOP_GAP_OPEN,12092.3,2022-09-15 14:55:00,MLR-TECH-ABL-001,2022-09-16 00:00:00,PREVIOUSLY_EXPOSED_WINDOW,C2_FVG_BREAKER,M1_STRICT_PENETRATION_NO_FAVORABLE_IMPROVEMENT,STRICT_M1_LIMIT_PENETRATION,FILLED,0,0.0,-2.2,-0.3098591549295774647887323944,0.016666666666666666,TECHNICAL_ONLY_ABLATION,-7.2,-1.014084507042253521126760563,LOSS_1R,QRP-MACRO-LIQUIDITY-REVERSAL-001,0,7.1,NORMALIZED_MEDIUM_COST,D1-20220914-BULLISH-M1-C2_FVG_BREAKER-FVG-008311-BREAKER-000941,1.0,2,12092.4,M1_C2_FVG_BREAKER,1.5,12105.15,M1
12094.5,12088.4,False,3,BREAKER,12094.4,12099.7,4,FVG-008311|BREAKER-000941,12094.4,12094.6,12099.0,12083.9,HYPOTHETICAL_SCENARIO_NOT_BROKER_FACT,2022-09-14 00:00:00,2022-09-15 14:03:00,BULLISH,2022-09-15 14:53:00,2022-09-15 14:54:00,12094.5,D1-20220914-BULLISH,STOP,12088.4,2022-09-15 14:56:00,MLR-TECH-ABL-001,2022-09-16 00:00:00,PREVIOUSLY_EXPOSED_WINDOW,C2_FVG_BREAKER,M1_STRICT_PENETRATION_NO_FAVORABLE_IMPROVEMENT,STRICT_M1_LIMIT_PENETRATION,FILLED,0,0.00,-6.1,-0.3193717277486910994764397906,0.03333333333333333,TECHNICAL_ONLY_ABLATION,-19.10,-1.0,LOSS_1R,QRP-MACRO-LIQUIDITY-REVERSAL-001,0,19.1,NORMALIZED_HIGH_COST,D1-20220914-BULLISH-M1-C2_FVG_BREAKER-FVG-008311-BREAKER-000941,3.0,6,12088.4,M1_C2_FVG_BREAKER,1.5,12123.15,M1
11850.45,11848.1,False,1,BREAKER,11849.1,11851.8,1.0,FVG-008438|BREAKER-000959,11849.1,11851.8,11851.20,11847.35,HYPOTHETICAL_SCENARIO_NOT_BROKER_FACT,2022-09-16 00:00:00,2022-09-19 02:35:00,BULLISH,2022-09-19 04:35:00,2022-09-19 04:36:00,11850.45,D1-20220916-BULLISH,ENTRY_BAR_STOP_ADVERSE,11848.1,2022-09-19 04:36:00,MLR-TECH-ABL-001,2022-09-20 00:00:00,PREVIOUSLY_EXPOSED_WINDOW,C2_FVG_BREAKER,M1_STRICT_PENETRATION_NO_FAVORABLE_IMPROVEMENT,STRICT_M1_LIMIT_PENETRATION,FILLED,0,0,-2.35,-0.4845360824742268041237113402,0.0,TECHNICAL_ONLY_ABLATION,-4.85,-1,LOSS_1R,QRP-MACRO-LIQUIDITY-REVERSAL-001,0,4.85,NORMALIZED_LOW_COST,D1-20220916-BULLISH-M1-C2_FVG_BREAKER-FVG-008438-BREAKER-000959,0.50,1,11848.1,M1_C2_FVG_BREAKER,1.5,11857.725,M1
11850.45,11847.1,False,3,BREAKER,11849.1,11851.8,2,FVG-008438|BREAKER-000959,11849.1,11851.8,11851.95,11845.6,HYPOTHETICAL_SCENARIO_NOT_BROKER_FACT,2022-09-16 00:00:00,2022-09-19 02:35:00,BULLISH,2022-09-19 04:35:00,2022-09-19 04:36:00,11850.45,D1-20220916-BULLISH,STOP,11847.1,2022-09-19 04:38:00,MLR-TECH-ABL-001,2022-09-20 00:00:00,PREVIOUSLY_EXPOSED_WINDOW,C2_FVG_BREAKER,M1_STRICT_PENETRATION_NO_FAVORABLE_IMPROVEMENT,STRICT_M1_LIMIT_PENETRATION,FILLED,0,0.0,-3.35,-0.4011976047904191616766467066,0.03333333333333333,TECHNICAL_ONLY_ABLATION,-8.35,-1,LOSS_1R,QRP-MACRO-LIQUIDITY-REVERSAL-001,0,8.35,NORMALIZED_MEDIUM_COST,D1-20220916-BULLISH-M1-C2_FVG_BREAKER-FVG-008438-BREAKER-000959,1.0,2,11847.1,M1_C2_FVG_BREAKER,1.5,11862.975,M1
11850.45,11843.1,False,38,BREAKER,11849.1,11851.8,4,FVG-008438|BREAKER-000959,11849.1,11851.8,11854.95,11838.6,HYPOTHETICAL_SCENARIO_NOT_BROKER_FACT,2022-09-16 00:00:00,2022-09-19 02:35:00,BULLISH,2022-09-19 04:35:00,2022-09-19 04:36:00,11850.45,D1-20220916-BULLISH,STOP,11843.1,2022-09-19 05:13:00,MLR-TECH-ABL-001,2022-09-20 00:00:00,PREVIOUSLY_EXPOSED_WINDOW,C2_FVG_BREAKER,M1_STRICT_PENETRATION_NO_FAVORABLE_IMPROVEMENT,STRICT_M1_LIMIT_PENETRATION,FILLED,0,0.00,-7.35,-0.3611793611793611793611793612,0.6166666666666667,TECHNICAL_ONLY_ABLATION,-20.35,-1,LOSS_1R,QRP-MACRO-LIQUIDITY-REVERSAL-001,0,20.35,NORMALIZED_HIGH_COST,D1-20220916-BULLISH-M1-C2_FVG_BREAKER-FVG-008438-BREAKER-000959,3.0,6,11843.1,M1_C2_FVG_BREAKER,1.5,11880.975,M1
10977.75,10975.7,False,4,BREAKER,10976.7,10978.8,1.0,FVG-008679|BREAKER-000986,10976.7,10978.8,10978.50,10974.95,HYPOTHETICAL_SCENARIO_NOT_BROKER_FACT,2022-10-20 00:00:00,2022-10-21 04:17:00,BULLISH,2022-10-21 04:24:00,2022-10-21 04:25:00,10977.75,D1-20221020-BULLISH,STOP,10975.7,2022-10-21 04:28:00,MLR-TECH-ABL-001,2022-10-22 00:00:00,PREVIOUSLY_EXPOSED_WINDOW,C2_FVG_BREAKER,M1_STRICT_PENETRATION_NO_FAVORABLE_IMPROVEMENT,STRICT_M1_LIMIT_PENETRATION,FILLED,0,0,-2.05,-0.4505494505494505494505494505,0.05,TECHNICAL_ONLY_ABLATION,-4.55,-1,LOSS_1R,QRP-MACRO-LIQUIDITY-REVERSAL-001,0,4.55,NORMALIZED_LOW_COST,D1-20221020-BULLISH-M1-C2_FVG_BREAKER-FVG-008679-BREAKER-000986,0.50,1,10975.7,M1_C2_FVG_BREAKER,1.5,10984.575,M1
10977.75,10974.7,False,5,BREAKER,10976.7,10978.8,2,FVG-008679|BREAKER-000986,10976.7,10978.8,10979.25,10973.2,HYPOTHETICAL_SCENARIO_NOT_BROKER_FACT,2022-10-20 00:00:00,2022-10-21 04:17:00,BULLISH,2022-10-21 04:24:00,2022-10-21 04:25:00,10977.75,D1-20221020-BULLISH,STOP,10974.7,2022-10-21 04:29:00,MLR-TECH-ABL-001,2022-10-22 00:00:00,PREVIOUSLY_EXPOSED_WINDOW,C2_FVG_BREAKER,M1_STRICT_PENETRATION_NO_FAVORABLE_IMPROVEMENT,STRICT_M1_LIMIT_PENETRATION,FILLED,0,0.0,-3.05,-0.3788819875776397515527950311,0.06666666666666667,TECHNICAL_ONLY_ABLATION,-8.05,-1,LOSS_1R,QRP-MACRO-LIQUIDITY-REVERSAL-001,0,8.05,NORMALIZED_MEDIUM_COST,D1-20221020-BULLISH-M1-C2_FVG_BREAKER-FVG-008679-BREAKER-000986,1.0,2,10974.7,M1_C2_FVG_BREAKER,1.5,10989.825,M1
10977.75,11007.825,False,70,BREAKER,10976.7,10978.8,4,FVG-008679|BREAKER-000986,10976.7,10978.8,10982.25,11003.325,HYPOTHETICAL_SCENARIO_NOT_BROKER_FACT,2022-10-20 00:00:00,2022-10-21 04:17:00,BULLISH,2022-10-21 04:24:00,2022-10-21 04:25:00,10977.75,D1-20221020-BULLISH,TARGET_1_5R,11007.825,2022-10-21 05:34:00,MLR-TECH-ABL-001,2022-10-22 00:00:00,PREVIOUSLY_EXPOSED_WINDOW,C2_FVG_BREAKER,M1_STRICT_PENETRATION_NO_FAVORABLE_IMPROVEMENT,STRICT_M1_LIMIT_PENETRATION,FILLED,0,0.00,30.075,1.5,1.15,TECHNICAL_ONLY_ABLATION,17.075,0.8516209476309226932668329177,WIN_TARGET_1_5R,QRP-MACRO-LIQUIDITY-REVERSAL-001,0,20.05,NORMALIZED_HIGH_COST,D1-20221020-BULLISH-M1-C2_FVG_BREAKER-FVG-008679-BREAKER-000986,3.0,6,10970.7,M1_C2_FVG_BREAKER,1.5,11007.825,M1
12017.6,12007.400,False,7,BREAKER,12016.6,12020.9,1.0,FVG-008876|BREAKER-001009,12016.6,12018.6,12016.85,12008.150,HYPOTHETICAL_SCENARIO_NOT_BROKER_FACT,2022-12-01 00:00:00,2022-12-02 02:02:00,BEARISH,2022-12-02 10:19:00,2022-12-02 10:20:00,12017.6,D1-20221201-BEARISH,TARGET_1_5R,12007.400,2022-12-02 10:26:00,MLR-TECH-ABL-001,2022-12-03 00:00:00,PREVIOUSLY_EXPOSED_WINDOW,C2_FVG_BREAKER,M1_STRICT_PENETRATION_NO_FAVORABLE_IMPROVEMENT,STRICT_M1_LIMIT_PENETRATION,FILLED,0,0,10.200,1.5,0.1,TECHNICAL_ONLY_ABLATION,7.700,1.132352941176470588235294118,WIN_TARGET_1_5R,QRP-MACRO-LIQUIDITY-REVERSAL-001,0,6.80,NORMALIZED_LOW_COST,D1-20221201-BEARISH-M1-C2_FVG_BREAKER-FVG-008876-BREAKER-001009,0.50,1,12021.9,M1_C2_FVG_BREAKER,1.5,12007.400,M1
12017.6,12022.9,False,19,BREAKER,12016.6,12020.9,2,FVG-008876|BREAKER-001009,12016.6,12018.6,12016.1,12024.4,HYPOTHETICAL_SCENARIO_NOT_BROKER_FACT,2022-12-01 00:00:00,2022-12-02 02:02:00,BEARISH,2022-12-02 10:19:00,2022-12-02 10:20:00,12017.6,D1-20221201-BEARISH,STOP,12022.9,2022-12-02 10:38:00,MLR-TECH-ABL-001,2022-12-03 00:00:00,PREVIOUSLY_EXPOSED_WINDOW,C2_FVG_BREAKER,M1_STRICT_PENETRATION_NO_FAVORABLE_IMPROVEMENT,STRICT_M1_LIMIT_PENETRATION,FILLED,0,0.0,-5.3,-0.5145631067961165048543689320,0.3,TECHNICAL_ONLY_ABLATION,-10.3,-1,LOSS_1R,QRP-MACRO-LIQUIDITY-REVERSAL-001,0,10.3,NORMALIZED_MEDIUM_COST,D1-20221201-BEARISH-M1-C2_FVG_BREAKER-FVG-008876-BREAKER-001009,1.0,2,12022.9,M1_C2_FVG_BREAKER,1.5,12002.15,M1
12017.6,12026.9,False,23,BREAKER,12016.6,12020.9,4,FVG-008876|BREAKER-001009,12016.6,12018.6,12013.1,12031.4,HYPOTHETICAL_SCENARIO_NOT_BROKER_FACT,2022-12-01 00:00:00,2022-12-02 02:02:00,BEARISH,2022-12-02 10:19:00,2022-12-02 10:20:00,12017.6,D1-20221201-BEARISH,STOP,12026.9,2022-12-02 10:42:00,MLR-TECH-ABL-001,2022-12-03 00:00:00,PREVIOUSLY_EXPOSED_WINDOW,C2_FVG_BREAKER,M1_STRICT_PENETRATION_NO_FAVORABLE_IMPROVEMENT,STRICT_M1_LIMIT_PENETRATION,FILLED,0,0.00,-9.3,-0.4170403587443946188340807175,0.36666666666666664,TECHNICAL_ONLY_ABLATION,-22.30,-1.0,LOSS_1R,QRP-MACRO-LIQUIDITY-REVERSAL-001,0,22.3,NORMALIZED_HIGH_COST,D1-20221201-BEARISH-M1-C2_FVG_BREAKER-FVG-008876-BREAKER-001009,3.0,6,12026.9,M1_C2_FVG_BREAKER,1.5,11984.15,M1
12323.75,12326.2,False,13,BREAKER,12323.2,12325.2,1.0,FVG-009063|BREAKER-001030,12323.5,12324.0,12323.00,12326.95,HYPOTHETICAL_SCENARIO_NOT_BROKER_FACT,2023-03-06 00:00:00,2023-03-07 08:44:00,BEARISH,2023-03-07 08:44:00,2023-03-07 08:45:00,12323.75,D1-20230306-BEARISH,STOP,12326.2,2023-03-07 08:57:00,MLR-TECH-ABL-001,2023-03-08 00:00:00,PREVIOUSLY_EXPOSED_WINDOW,C2_FVG_BREAKER,M1_STRICT_PENETRATION_NO_FAVORABLE_IMPROVEMENT,STRICT_M1_LIMIT_PENETRATION,FILLED,0,0,-2.45,-0.4949494949494949494949494949,0.2,TECHNICAL_ONLY_ABLATION,-4.95,-1,LOSS_1R,QRP-MACRO-LIQUIDITY-REVERSAL-001,0,4.95,NORMALIZED_LOW_COST,D1-20230306-BEARISH-M1-C2_FVG_BREAKER-FVG-009063-BREAKER-001030,0.50,1,12326.2,M1_C2_FVG_BREAKER,1.5,12316.325,M1
12323.75,12327.2,False,14,BREAKER,12323.2,12325.2,2,FVG-009063|BREAKER-001030,12323.5,12324.0,12322.25,12328.7,HYPOTHETICAL_SCENARIO_NOT_BROKER_FACT,2023-03-06 00:00:00,2023-03-07 08:44:00,BEARISH,2023-03-07 08:44:00,2023-03-07 08:45:00,12323.75,D1-20230306-BEARISH,STOP,12327.2,2023-03-07 08:58:00,MLR-TECH-ABL-001,2023-03-08 00:00:00,PREVIOUSLY_EXPOSED_WINDOW,C2_FVG_BREAKER,M1_STRICT_PENETRATION_NO_FAVORABLE_IMPROVEMENT,STRICT_M1_LIMIT_PENETRATION,FILLED,0,0.0,-3.45,-0.4082840236686390532544378698,0.21666666666666667,TECHNICAL_ONLY_ABLATION,-8.45,-1,LOSS_1R,QRP-MACRO-LIQUIDITY-REVERSAL-001,0,8.45,NORMALIZED_MEDIUM_COST,D1-20230306-BEARISH-M1-C2_FVG_BREAKER-FVG-009063-BREAKER-001030,1.0,2,12327.2,M1_C2_FVG_BREAKER,1.5,12311.075,M1
12323.75,12331.2,False,51,BREAKER,12323.2,12325.2,4,FVG-009063|BREAKER-001030,12323.5,12324.0,12319.25,12335.7,HYPOTHETICAL_SCENARIO_NOT_BROKER_FACT,2023-03-06 00:00:00,2023-03-07 08:44:00,BEARISH,2023-03-07 08:44:00,2023-03-07 08:45:00,12323.75,D1-20230306-BEARISH,STOP,12331.2,2023-03-07 09:35:00,MLR-TECH-ABL-001,2023-03-08 00:00:00,PREVIOUSLY_EXPOSED_WINDOW,C2_FVG_BREAKER,M1_STRICT_PENETRATION_NO_FAVORABLE_IMPROVEMENT,STRICT_M1_LIMIT_PENETRATION,FILLED,0,0.00,-7.45,-0.3643031784841075794621026895,0.8333333333333334,TECHNICAL_ONLY_ABLATION,-20.45,-1,LOSS_1R,QRP-MACRO-LIQUIDITY-REVERSAL-001,0,20.45,NORMALIZED_HIGH_COST,D1-20230306-BEARISH-M1-C2_FVG_BREAKER-FVG-009063-BREAKER-001030,3.0,6,12331.2,M1_C2_FVG_BREAKER,1.5,12293.075,M1
12586.25,12568.175,False,18,BREAKER,12585.7,12594.8,1.0,FVG-009236|BREAKER-001048,12586.1,12586.4,12585.50,12568.925,HYPOTHETICAL_SCENARIO_NOT_BROKER_FACT,2023-03-17 00:00:00,2023-03-20 01:52:00,BEARISH,2023-03-20 01:52:00,2023-03-20 01:53:00,12586.25,D1-20230317-BEARISH,TARGET_1_5R,12568.175,2023-03-20 02:10:00,MLR-TECH-ABL-001,2023-03-21 00:00:00,PREVIOUSLY_EXPOSED_WINDOW,C2_FVG_BREAKER,M1_STRICT_PENETRATION_NO_FAVORABLE_IMPROVEMENT,STRICT_M1_LIMIT_PENETRATION,FILLED,0,0,18.075,1.5,0.2833333333333333,TECHNICAL_ONLY_ABLATION,15.575,1.292531120331950207468879668,WIN_TARGET_1_5R,QRP-MACRO-LIQUIDITY-REVERSAL-001,0,12.05,NORMALIZED_LOW_COST,D1-20230317-BEARISH-M1-C2_FVG_BREAKER-FVG-009236-BREAKER-001048,0.50,1,12595.8,M1_C2_FVG_BREAKER,1.5,12568.175,M1
12586.25,12562.925,False,18,BREAKER,12585.7,12594.8,2,FVG-009236|BREAKER-001048,12586.1,12586.4,12584.75,12564.425,HYPOTHETICAL_SCENARIO_NOT_BROKER_FACT,2023-03-17 00:00:00,2023-03-20 01:52:00,BEARISH,2023-03-20 01:52:00,2023-03-20 01:53:00,12586.25,D1-20230317-BEARISH,TARGET_1_5R,12562.925,2023-03-20 02:10:00,MLR-TECH-ABL-001,2023-03-21 00:00:00,PREVIOUSLY_EXPOSED_WINDOW,C2_FVG_BREAKER,M1_STRICT_PENETRATION_NO_FAVORABLE_IMPROVEMENT,STRICT_M1_LIMIT_PENETRATION,FILLED,0,0.0,23.325,1.5,0.2833333333333333,TECHNICAL_ONLY_ABLATION,18.325,1.178456591639871382636655949,WIN_TARGET_1_5R,QRP-MACRO-LIQUIDITY-REVERSAL-001,0,15.55,NORMALIZED_MEDIUM_COST,D1-20230317-BEARISH-M1-C2_FVG_BREAKER-FVG-009236-BREAKER-001048,1.0,2,12596.8,M1_C2_FVG_BREAKER,1.5,12562.925,M1
12586.25,12544.925,False,169,BREAKER,12585.7,12594.8,4,FVG-009236|BREAKER-001048,12586.1,12586.4,12581.75,12549.425,HYPOTHETICAL_SCENARIO_NOT_BROKER_FACT,2023-03-17 00:00:00,2023-03-20 01:52:00,BEARISH,2023-03-20 01:52:00,2023-03-20 01:53:00,12586.25,D1-20230317-BEARISH,TARGET_1_5R,12544.925,2023-03-20 04:41:00,MLR-TECH-ABL-001,2023-03-21 00:00:00,PREVIOUSLY_EXPOSED_WINDOW,C2_FVG_BREAKER,M1_STRICT_PENETRATION_NO_FAVORABLE_IMPROVEMENT,STRICT_M1_LIMIT_PENETRATION,FILLED,0,0.00,41.325,1.5,2.8,TECHNICAL_ONLY_ABLATION,28.325,1.028130671506352087114337568,WIN_TARGET_1_5R,QRP-MACRO-LIQUIDITY-REVERSAL-001,0,27.55,NORMALIZED_HIGH_COST,D1-20230317-BEARISH-M1-C2_FVG_BREAKER-FVG-009236-BREAKER-001048,3.0,6,12600.8,M1_C2_FVG_BREAKER,1.5,12544.925,M1
13042.7,13045.5,False,4,BREAKER,13042.6,13044.5,1.0,FVG-009432|BREAKER-001077,13042.6,13042.8,13041.95,13046.25,HYPOTHETICAL_SCENARIO_NOT_BROKER_FACT,2023-04-10 00:00:00,2023-04-11 04:07:00,BEARISH,2023-04-11 04:07:00,2023-04-11 04:08:00,13042.7,D1-20230410-BEARISH,STOP,13045.5,2023-04-11 04:11:00,MLR-TECH-ABL-001,2023-04-12 00:00:00,PREVIOUSLY_EXPOSED_WINDOW,C2_FVG_BREAKER,M1_STRICT_PENETRATION_NO_FAVORABLE_IMPROVEMENT,STRICT_M1_LIMIT_PENETRATION,FILLED,0,0,-2.8,-0.5283018867924528301886792453,0.05,TECHNICAL_ONLY_ABLATION,-5.30,-1,LOSS_1R,QRP-MACRO-LIQUIDITY-REVERSAL-001,0,5.30,NORMALIZED_LOW_COST,D1-20230410-BEARISH-M1-C2_FVG_BREAKER-FVG-009432-BREAKER-001077,0.50,1,13045.5,M1_C2_FVG_BREAKER,1.5,13034.750,M1
13042.7,13046.5,False,9,BREAKER,13042.6,13044.5,2,FVG-009432|BREAKER-001077,13042.6,13042.8,13041.2,13048.0,HYPOTHETICAL_SCENARIO_NOT_BROKER_FACT,2023-04-10 00:00:00,2023-04-11 04:07:00,BEARISH,2023-04-11 04:07:00,2023-04-11 04:08:00,13042.7,D1-20230410-BEARISH,STOP,13046.5,2023-04-11 04:16:00,MLR-TECH-ABL-001,2023-04-12 00:00:00,PREVIOUSLY_EXPOSED_WINDOW,C2_FVG_BREAKER,M1_STRICT_PENETRATION_NO_FAVORABLE_IMPROVEMENT,STRICT_M1_LIMIT_PENETRATION,FILLED,0,0.0,-3.8,-0.4318181818181818181818181818,0.13333333333333333,TECHNICAL_ONLY_ABLATION,-8.8,-1,LOSS_1R,QRP-MACRO-LIQUIDITY-REVERSAL-001,0,8.8,NORMALIZED_MEDIUM_COST,D1-20230410-BEARISH-M1-C2_FVG_BREAKER-FVG-009432-BREAKER-001077,1.0,2,13046.5,M1_C2_FVG_BREAKER,1.5,13029.50,M1
13042.7,13050.5,False,16,BREAKER,13042.6,13044.5,4,FVG-009432|BREAKER-001077,13042.6,13042.8,13038.2,13055.0,HYPOTHETICAL_SCENARIO_NOT_BROKER_FACT,2023-04-10 00:00:00,2023-04-11 04:07:00,BEARISH,2023-04-11 04:07:00,2023-04-11 04:08:00,13042.7,D1-20230410-BEARISH,STOP,13050.5,2023-04-11 04:23:00,MLR-TECH-ABL-001,2023-04-12 00:00:00,PREVIOUSLY_EXPOSED_WINDOW,C2_FVG_BREAKER,M1_STRICT_PENETRATION_NO_FAVORABLE_IMPROVEMENT,STRICT_M1_LIMIT_PENETRATION,FILLED,0,0.00,-7.8,-0.375,0.25,TECHNICAL_ONLY_ABLATION,-20.80,-1.0,LOSS_1R,QRP-MACRO-LIQUIDITY-REVERSAL-001,0,20.8,NORMALIZED_HIGH_COST,D1-20230410-BEARISH-M1-C2_FVG_BREAKER-FVG-009432-BREAKER-001077,3.0,6,13050.5,M1_C2_FVG_BREAKER,1.5,13011.50,M1
13083.0,13084.6,False,31,BREAKER,13082.2,13083.6,1.0,FVG-009619|BREAKER-001096,13082.6,13083.4,13082.25,13085.35,HYPOTHETICAL_SCENARIO_NOT_BROKER_FACT,2023-04-14 00:00:00,2023-04-17 05:58:00,BEARISH,2023-04-17 05:58:00,2023-04-17 05:59:00,13083.0,D1-20230414-BEARISH,STOP,13084.6,2023-04-17 06:29:00,MLR-TECH-ABL-001,2023-04-18 00:00:00,PREVIOUSLY_EXPOSED_WINDOW,C2_FVG_BREAKER,M1_STRICT_PENETRATION_NO_FAVORABLE_IMPROVEMENT,STRICT_M1_LIMIT_PENETRATION,FILLED,0,0,-1.6,-0.3902439024390243902439024390,0.5,TECHNICAL_ONLY_ABLATION,-4.10,-1,LOSS_1R,QRP-MACRO-LIQUIDITY-REVERSAL-001,0,4.10,NORMALIZED_LOW_COST,D1-20230414-BEARISH-M1-C2_FVG_BREAKER-FVG-009619-BREAKER-001096,0.50,1,13084.6,M1_C2_FVG_BREAKER,1.5,13076.850,M1
13083.0,13085.6,False,128,BREAKER,13082.2,13083.6,2,FVG-009619|BREAKER-001096,13082.6,13083.4,13081.5,13087.1,HYPOTHETICAL_SCENARIO_NOT_BROKER_FACT,2023-04-14 00:00:00,2023-04-17 05:58:00,BEARISH,2023-04-17 05:58:00,2023-04-17 05:59:00,13083.0,D1-20230414-BEARISH,STOP,13085.6,2023-04-17 08:06:00,MLR-TECH-ABL-001,2023-04-18 00:00:00,PREVIOUSLY_EXPOSED_WINDOW,C2_FVG_BREAKER,M1_STRICT_PENETRATION_NO_FAVORABLE_IMPROVEMENT,STRICT_M1_LIMIT_PENETRATION,FILLED,0,0.0,-2.6,-0.3421052631578947368421052632,2.1166666666666667,TECHNICAL_ONLY_ABLATION,-7.6,-1,LOSS_1R,QRP-MACRO-LIQUIDITY-REVERSAL-001,0,7.6,NORMALIZED_MEDIUM_COST,D1-20230414-BEARISH-M1-C2_FVG_BREAKER-FVG-009619-BREAKER-001096,1.0,2,13085.6,M1_C2_FVG_BREAKER,1.5,13071.60,M1
13083.0,13089.6,False,152,BREAKER,13082.2,13083.6,4,FVG-009619|BREAKER-001096,13082.6,13083.4,13078.5,13094.1,HYPOTHETICAL_SCENARIO_NOT_BROKER_FACT,2023-04-14 00:00:00,2023-04-17 05:58:00,BEARISH,2023-04-17 05:58:00,2023-04-17 05:59:00,13083.0,D1-20230414-BEARISH,STOP,13089.6,2023-04-17 08:30:00,MLR-TECH-ABL-001,2023-04-18 00:00:00,PREVIOUSLY_EXPOSED_WINDOW,C2_FVG_BREAKER,M1_STRICT_PENETRATION_NO_FAVORABLE_IMPROVEMENT,STRICT_M1_LIMIT_PENETRATION,FILLED,0,0.00,-6.6,-0.3367346938775510204081632653,2.5166666666666666,TECHNICAL_ONLY_ABLATION,-19.60,-1.0,LOSS_1R,QRP-MACRO-LIQUIDITY-REVERSAL-001,0,19.6,NORMALIZED_HIGH_COST,D1-20230414-BEARISH-M1-C2_FVG_BREAKER-FVG-009619-BREAKER-001096,3.0,6,13089.6,M1_C2_FVG_BREAKER,1.5,13053.60,M1
13233.55,13235.3,False,12,BREAKER,13233.3,13234.3,1.0,FVG-009795|BREAKER-001114,13233.3,13233.8,13232.80,13236.05,HYPOTHETICAL_SCENARIO_NOT_BROKER_FACT,2023-04-28 00:00:00,2023-05-01 01:49:00,BEARISH,2023-05-01 01:49:00,2023-05-01 01:50:00,13233.55,D1-20230428-BEARISH,STOP,13235.3,2023-05-01 02:01:00,MLR-TECH-ABL-001,2023-05-02 00:00:00,PREVIOUSLY_EXPOSED_WINDOW,C2_FVG_BREAKER,M1_STRICT_PENETRATION_NO_FAVORABLE_IMPROVEMENT,STRICT_M1_LIMIT_PENETRATION,FILLED,0,0,-1.75,-0.4117647058823529411764705882,0.18333333333333332,TECHNICAL_ONLY_ABLATION,-4.25,-1,LOSS_1R,QRP-MACRO-LIQUIDITY-REVERSAL-001,0,4.25,NORMALIZED_LOW_COST,D1-20230428-BEARISH-M1-C2_FVG_BREAKER-FVG-009795-BREAKER-001114,0.50,1,13235.3,M1_C2_FVG_BREAKER,1.5,13227.175,M1
13233.55,13236.3,False,13,BREAKER,13233.3,13234.3,2,FVG-009795|BREAKER-001114,13233.3,13233.8,13232.05,13237.8,HYPOTHETICAL_SCENARIO_NOT_BROKER_FACT,2023-04-28 00:00:00,2023-05-01 01:49:00,BEARISH,2023-05-01 01:49:00,2023-05-01 01:50:00,13233.55,D1-20230428-BEARISH,STOP,13236.3,2023-05-01 02:02:00,MLR-TECH-ABL-001,2023-05-02 00:00:00,PREVIOUSLY_EXPOSED_WINDOW,C2_FVG_BREAKER,M1_STRICT_PENETRATION_NO_FAVORABLE_IMPROVEMENT,STRICT_M1_LIMIT_PENETRATION,FILLED,0,0.0,-2.75,-0.3548387096774193548387096774,0.2,TECHNICAL_ONLY_ABLATION,-7.75,-1,LOSS_1R,QRP-MACRO-LIQUIDITY-REVERSAL-001,0,7.75,NORMALIZED_MEDIUM_COST,D1-20230428-BEARISH-M1-C2_FVG_BREAKER-FVG-009795-BREAKER-001114,1.0,2,13236.3,M1_C2_FVG_BREAKER,1.5,13221.925,M1
13233.55,13240.3,False,13,BREAKER,13233.3,13234.3,4,FVG-009795|BREAKER-001114,13233.3,13233.8,13229.05,13244.8,HYPOTHETICAL_SCENARIO_NOT_BROKER_FACT,2023-04-28 00:00:00,2023-05-01 01:49:00,BEARISH,2023-05-01 01:49:00,2023-05-01 01:50:00,13233.55,D1-20230428-BEARISH,STOP,13240.3,2023-05-01 02:02:00,MLR-TECH-ABL-001,2023-05-02 00:00:00,PREVIOUSLY_EXPOSED_WINDOW,C2_FVG_BREAKER,M1_STRICT_PENETRATION_NO_FAVORABLE_IMPROVEMENT,STRICT_M1_LIMIT_PENETRATION,FILLED,0,0.00,-6.75,-0.3417721518987341772151898734,0.2,TECHNICAL_ONLY_ABLATION,-19.75,-1,LOSS_1R,QRP-MACRO-LIQUIDITY-REVERSAL-001,0,19.75,NORMALIZED_HIGH_COST,D1-20230428-BEARISH-M1-C2_FVG_BREAKER-FVG-009795-BREAKER-001114,3.0,6,13240.3,M1_C2_FVG_BREAKER,1.5,13203.925,M1
13227.95,13232.0,False,1,BREAKER,13227.9,13231.0,1.0,FVG-009968|BREAKER-001133,13227.9,13228.0,13227.20,13232.75,HYPOTHETICAL_SCENARIO_NOT_BROKER_FACT,2023-05-01 00:00:00,2023-05-02 13:06:00,BEARISH,2023-05-02 13:06:00,2023-05-02 13:07:00,13227.95,D1-20230501-BEARISH,ENTRY_BAR_STOP_ADVERSE,13232.0,2023-05-02 13:07:00,MLR-TECH-ABL-001,2023-05-03 00:00:00,PREVIOUSLY_EXPOSED_WINDOW,C2_FVG_BREAKER,M1_STRICT_PENETRATION_NO_FAVORABLE_IMPROVEMENT,STRICT_M1_LIMIT_PENETRATION,FILLED,0,0,-4.05,-0.6183206106870229007633587786,0.0,TECHNICAL_ONLY_ABLATION,-6.55,-1,LOSS_1R,QRP-MACRO-LIQUIDITY-REVERSAL-001,0,6.55,NORMALIZED_LOW_COST,D1-20230501-BEARISH-M1-C2_FVG_BREAKER-FVG-009968-BREAKER-001133,0.50,1,13232.0,M1_C2_FVG_BREAKER,1.5,13218.125,M1
13227.95,13233.0,False,2,BREAKER,13227.9,13231.0,2,FVG-009968|BREAKER-001133,13227.9,13228.0,13226.45,13234.5,HYPOTHETICAL_SCENARIO_NOT_BROKER_FACT,2023-05-01 00:00:00,2023-05-02 13:06:00,BEARISH,2023-05-02 13:06:00,2023-05-02 13:07:00,13227.95,D1-20230501-BEARISH,STOP,13233.0,2023-05-02 13:08:00,MLR-TECH-ABL-001,2023-05-03 00:00:00,PREVIOUSLY_EXPOSED_WINDOW,C2_FVG_BREAKER,M1_STRICT_PENETRATION_NO_FAVORABLE_IMPROVEMENT,STRICT_M1_LIMIT_PENETRATION,FILLED,0,0.0,-5.05,-0.5024875621890547263681592040,0.016666666666666666,TECHNICAL_ONLY_ABLATION,-10.05,-1,LOSS_1R,QRP-MACRO-LIQUIDITY-REVERSAL-001,0,10.05,NORMALIZED_MEDIUM_COST,D1-20230501-BEARISH-M1-C2_FVG_BREAKER-FVG-009968-BREAKER-001133,1.0,2,13233.0,M1_C2_FVG_BREAKER,1.5,13212.875,M1
13227.95,13237.0,False,43,BREAKER,13227.9,13231.0,4,FVG-009968|BREAKER-001133,13227.9,13228.0,13223.45,13241.5,HYPOTHETICAL_SCENARIO_NOT_BROKER_FACT,2023-05-01 00:00:00,2023-05-02 13:06:00,BEARISH,2023-05-02 13:06:00,2023-05-02 13:07:00,13227.95,D1-20230501-BEARISH,STOP,13237.0,2023-05-02 13:49:00,MLR-TECH-ABL-001,2023-05-03 00:00:00,PREVIOUSLY_EXPOSED_WINDOW,C2_FVG_BREAKER,M1_STRICT_PENETRATION_NO_FAVORABLE_IMPROVEMENT,STRICT_M1_LIMIT_PENETRATION,FILLED,0,0.00,-9.05,-0.4104308390022675736961451247,0.7,TECHNICAL_ONLY_ABLATION,-22.05,-1,LOSS_1R,QRP-MACRO-LIQUIDITY-REVERSAL-001,0,22.05,NORMALIZED_HIGH_COST,D1-20230501-BEARISH-M1-C2_FVG_BREAKER-FVG-009968-BREAKER-001133,3.0,6,13237.0,M1_C2_FVG_BREAKER,1.5,13194.875,M1
14545.7,14547.8,False,2,BREAKER,14544.5,14546.8,1.0,FVG-010080|BREAKER-001144,14544.6,14546.8,14544.95,14548.55,HYPOTHETICAL_SCENARIO_NOT_BROKER_FACT,2023-06-05 00:00:00,2023-06-06 15:14:00,BEARISH,2023-06-06 15:15:00,2023-06-06 15:16:00,14545.7,D1-20230605-BEARISH,STOP,14547.8,2023-06-06 15:17:00,MLR-TECH-ABL-001,2023-06-07 00:00:00,PREVIOUSLY_EXPOSED_WINDOW,C2_FVG_BREAKER,M1_STRICT_PENETRATION_NO_FAVORABLE_IMPROVEMENT,STRICT_M1_LIMIT_PENETRATION,FILLED,0,0,-2.1,-0.4565217391304347826086956522,0.016666666666666666,TECHNICAL_ONLY_ABLATION,-4.60,-1,LOSS_1R,QRP-MACRO-LIQUIDITY-REVERSAL-001,0,4.60,NORMALIZED_LOW_COST,D1-20230605-BEARISH-M1-C2_FVG_BREAKER-FVG-010080-BREAKER-001144,0.50,1,14547.8,M1_C2_FVG_BREAKER,1.5,14538.800,M1
14545.7,14548.8,False,2,BREAKER,14544.5,14546.8,2,FVG-010080|BREAKER-001144,14544.6,14546.8,14544.2,14550.3,HYPOTHETICAL_SCENARIO_NOT_BROKER_FACT,2023-06-05 00:00:00,2023-06-06 15:14:00,BEARISH,2023-06-06 15:15:00,2023-06-06 15:16:00,14545.7,D1-20230605-BEARISH,STOP,14548.8,2023-06-06 15:17:00,MLR-TECH-ABL-001,2023-06-07 00:00:00,PREVIOUSLY_EXPOSED_WINDOW,C2_FVG_BREAKER,M1_STRICT_PENETRATION_NO_FAVORABLE_IMPROVEMENT,STRICT_M1_LIMIT_PENETRATION,FILLED,0,0.0,-3.1,-0.3827160493827160493827160494,0.016666666666666666,TECHNICAL_ONLY_ABLATION,-8.1,-1,LOSS_1R,QRP-MACRO-LIQUIDITY-REVERSAL-001,0,8.1,NORMALIZED_MEDIUM_COST,D1-20230605-BEARISH-M1-C2_FVG_BREAKER-FVG-010080-BREAKER-001144,1.0,2,14548.8,M1_C2_FVG_BREAKER,1.5,14533.55,M1
14545.7,14552.8,False,61,BREAKER,14544.5,14546.8,4,FVG-010080|BREAKER-001144,14544.6,14546.8,14541.2,14557.3,HYPOTHETICAL_SCENARIO_NOT_BROKER_FACT,2023-06-05 00:00:00,2023-06-06 15:14:00,BEARISH,2023-06-06 15:15:00,2023-06-06 15:16:00,14545.7,D1-20230605-BEARISH,STOP,14552.8,2023-06-06 16:16:00,MLR-TECH-ABL-001,2023-06-07 00:00:00,PREVIOUSLY_EXPOSED_WINDOW,C2_FVG_BREAKER,M1_STRICT_PENETRATION_NO_FAVORABLE_IMPROVEMENT,STRICT_M1_LIMIT_PENETRATION,FILLED,0,0.00,-7.1,-0.3532338308457711442786069652,1.0,TECHNICAL_ONLY_ABLATION,-20.10,-1.0,LOSS_1R,QRP-MACRO-LIQUIDITY-REVERSAL-001,0,20.1,NORMALIZED_HIGH_COST,D1-20230605-BEARISH-M1-C2_FVG_BREAKER-FVG-010080-BREAKER-001144,3.0,6,14552.8,M1_C2_FVG_BREAKER,1.5,14515.55,M1
15532.6,15534.6,False,10,BREAKER,15532.0,15533.6,1.0,FVG-010206|BREAKER-001157,15532.0,15533.2,15531.85,15535.35,HYPOTHETICAL_SCENARIO_NOT_BROKER_FACT,2023-07-14 00:00:00,2023-07-17 02:56:00,BEARISH,2023-07-17 02:56:00,2023-07-17 02:57:00,15532.6,D1-20230714-BEARISH,STOP,15534.6,2023-07-17 03:06:00,MLR-TECH-ABL-001,2023-07-18 00:00:00,PREVIOUSLY_EXPOSED_WINDOW,C2_FVG_BREAKER,M1_STRICT_PENETRATION_NO_FAVORABLE_IMPROVEMENT,STRICT_M1_LIMIT_PENETRATION,FILLED,0,0,-2.0,-0.4444444444444444444444444444,0.15,TECHNICAL_ONLY_ABLATION,-4.50,-1,LOSS_1R,QRP-MACRO-LIQUIDITY-REVERSAL-001,0,4.50,NORMALIZED_LOW_COST,D1-20230714-BEARISH-M1-C2_FVG_BREAKER-FVG-010206-BREAKER-001157,0.50,1,15534.6,M1_C2_FVG_BREAKER,1.5,15525.850,M1
15532.6,15535.6,False,12,BREAKER,15532.0,15533.6,2,FVG-010206|BREAKER-001157,15532.0,15533.2,15531.1,15537.1,HYPOTHETICAL_SCENARIO_NOT_BROKER_FACT,2023-07-14 00:00:00,2023-07-17 02:56:00,BEARISH,2023-07-17 02:56:00,2023-07-17 02:57:00,15532.6,D1-20230714-BEARISH,STOP,15535.6,2023-07-17 03:08:00,MLR-TECH-ABL-001,2023-07-18 00:00:00,PREVIOUSLY_EXPOSED_WINDOW,C2_FVG_BREAKER,M1_STRICT_PENETRATION_NO_FAVORABLE_IMPROVEMENT,STRICT_M1_LIMIT_PENETRATION,FILLED,0,0.0,-3.0,-0.375,0.18333333333333332,TECHNICAL_ONLY_ABLATION,-8.0,-1,LOSS_1R,QRP-MACRO-LIQUIDITY-REVERSAL-001,0,8.0,NORMALIZED_MEDIUM_COST,D1-20230714-BEARISH-M1-C2_FVG_BREAKER-FVG-010206-BREAKER-001157,1.0,2,15535.6,M1_C2_FVG_BREAKER,1.5,15520.60,M1
15532.6,15539.6,False,39,BREAKER,15532.0,15533.6,4,FVG-010206|BREAKER-001157,15532.0,15533.2,15528.1,15544.1,HYPOTHETICAL_SCENARIO_NOT_BROKER_FACT,2023-07-14 00:00:00,2023-07-17 02:56:00,BEARISH,2023-07-17 02:56:00,2023-07-17 02:57:00,15532.6,D1-20230714-BEARISH,STOP,15539.6,2023-07-17 03:35:00,MLR-TECH-ABL-001,2023-07-18 00:00:00,PREVIOUSLY_EXPOSED_WINDOW,C2_FVG_BREAKER,M1_STRICT_PENETRATION_NO_FAVORABLE_IMPROVEMENT,STRICT_M1_LIMIT_PENETRATION,FILLED,0,0.00,-7.0,-0.35,0.6333333333333333,TECHNICAL_ONLY_ABLATION,-20.00,-1.0,LOSS_1R,QRP-MACRO-LIQUIDITY-REVERSAL-001,0,20.0,NORMALIZED_HIGH_COST,D1-20230714-BEARISH-M1-C2_FVG_BREAKER-FVG-010206-BREAKER-001157,3.0,6,15539.6,M1_C2_FVG_BREAKER,1.5,15502.60,M1
15726.849999999999,15729.7,True,1,BREAKER,15726.8,15728.7,1.0,FVG-010424|BREAKER-001176,15726.8,15726.9,15726.099999999999,15730.45,HYPOTHETICAL_SCENARIO_NOT_BROKER_FACT,2023-07-19 00:00:00,2023-07-20 03:00:00,BEARISH,2023-07-20 03:00:00,2023-07-20 03:01:00,15726.849999999999,D1-20230719-BEARISH,ENTRY_BAR_STOP_ADVERSE,15729.7,2023-07-20 03:01:00,MLR-TECH-ABL-001,2023-07-21 00:00:00,PREVIOUSLY_EXPOSED_WINDOW,C2_FVG_BREAKER,M1_STRICT_PENETRATION_NO_FAVORABLE_IMPROVEMENT,STRICT_M1_LIMIT_PENETRATION,FILLED,0,0,-2.850000000001,-0.5327102803739191195737618843,0.0,TECHNICAL_ONLY_ABLATION,-5.350000000001,-1,AMBIGUOUS_ADVERSE_FIRST,QRP-MACRO-LIQUIDITY-REVERSAL-001,0,5.350000000001,NORMALIZED_LOW_COST,D1-20230719-BEARISH-M1-C2_FVG_BREAKER-FVG-010424-BREAKER-001176,0.50,1,15729.7,M1_C2_FVG_BREAKER,1.5,15718.8249999999975,M1
15726.849999999999,15730.7,True,1,BREAKER,15726.8,15728.7,2,FVG-010424|BREAKER-001176,15726.8,15726.9,15725.349999999999,15732.2,HYPOTHETICAL_SCENARIO_NOT_BROKER_FACT,2023-07-19 00:00:00,2023-07-20 03:00:00,BEARISH,2023-07-20 03:00:00,2023-07-20 03:01:00,15726.849999999999,D1-20230719-BEARISH,ENTRY_BAR_STOP_ADVERSE,15730.7,2023-07-20 03:01:00,MLR-TECH-ABL-001,2023-07-21 00:00:00,PREVIOUSLY_EXPOSED_WINDOW,C2_FVG_BREAKER,M1_STRICT_PENETRATION_NO_FAVORABLE_IMPROVEMENT,STRICT_M1_LIMIT_PENETRATION,FILLED,0,0.0,-3.850000000001,-0.4350282485876344600849053520,0.0,TECHNICAL_ONLY_ABLATION,-8.850000000001,-1,AMBIGUOUS_ADVERSE_FIRST,QRP-MACRO-LIQUIDITY-REVERSAL-001,0,8.850000000001,NORMALIZED_MEDIUM_COST,D1-20230719-BEARISH-M1-C2_FVG_BREAKER-FVG-010424-BREAKER-001176,1.0,2,15730.7,M1_C2_FVG_BREAKER,1.5,15713.5749999999975,M1
15726.849999999999,15734.7,False,2,BREAKER,15726.8,15728.7,4,FVG-010424|BREAKER-001176,15726.8,15726.9,15722.349999999999,15739.2,HYPOTHETICAL_SCENARIO_NOT_BROKER_FACT,2023-07-19 00:00:00,2023-07-20 03:00:00,BEARISH,2023-07-20 03:00:00,2023-07-20 03:01:00,15726.849999999999,D1-20230719-BEARISH,STOP,15734.7,2023-07-20 03:02:00,MLR-TECH-ABL-001,2023-07-21 00:00:00,PREVIOUSLY_EXPOSED_WINDOW,C2_FVG_BREAKER,M1_STRICT_PENETRATION_NO_FAVORABLE_IMPROVEMENT,STRICT_M1_LIMIT_PENETRATION,FILLED,0,0.00,-7.850000000001,-0.3764988009592625180431194598,0.016666666666666666,TECHNICAL_ONLY_ABLATION,-20.850000000001,-1,LOSS_1R,QRP-MACRO-LIQUIDITY-REVERSAL-001,0,20.850000000001,NORMALIZED_HIGH_COST,D1-20230719-BEARISH-M1-C2_FVG_BREAKER-FVG-010424-BREAKER-001176,3.0,6,15734.7,M1_C2_FVG_BREAKER,1.5,15695.5749999999975,M1
15777.8,15780.0,False,1,BREAKER,15776.5,15779.0,1.0,FVG-010645|BREAKER-001199,15776.8,15778.8,15777.05,15780.75,HYPOTHETICAL_SCENARIO_NOT_BROKER_FACT,2023-07-31 00:00:00,2023-08-01 05:11:00,BEARISH,2023-08-01 05:23:00,2023-08-01 05:24:00,15777.8,D1-20230731-BEARISH,ENTRY_BAR_STOP_ADVERSE,15780.0,2023-08-01 05:24:00,MLR-TECH-ABL-001,2023-08-02 00:00:00,PREVIOUSLY_EXPOSED_WINDOW,C2_FVG_BREAKER,M1_STRICT_PENETRATION_NO_FAVORABLE_IMPROVEMENT,STRICT_M1_LIMIT_PENETRATION,FILLED,0,0,-2.2,-0.4680851063829787234042553191,0.0,TECHNICAL_ONLY_ABLATION,-4.70,-1,LOSS_1R,QRP-MACRO-LIQUIDITY-REVERSAL-001,0,4.70,NORMALIZED_LOW_COST,D1-20230731-BEARISH-M1-C2_FVG_BREAKER-FVG-010645-BREAKER-001199,0.50,1,15780.0,M1_C2_FVG_BREAKER,1.5,15770.750,M1
15777.8,15765.50,False,68,BREAKER,15776.5,15779.0,2,FVG-010645|BREAKER-001199,15776.8,15778.8,15776.3,15767.00,HYPOTHETICAL_SCENARIO_NOT_BROKER_FACT,2023-07-31 00:00:00,2023-08-01 05:11:00,BEARISH,2023-08-01 05:23:00,2023-08-01 05:24:00,15777.8,D1-20230731-BEARISH,TARGET_1_5R,15765.50,2023-08-01 06:31:00,MLR-TECH-ABL-001,2023-08-02 00:00:00,PREVIOUSLY_EXPOSED_WINDOW,C2_FVG_BREAKER,M1_STRICT_PENETRATION_NO_FAVORABLE_IMPROVEMENT,STRICT_M1_LIMIT_PENETRATION,FILLED,0,0.0,12.30,1.5,1.1166666666666667,TECHNICAL_ONLY_ABLATION,7.30,0.8902439024390243902439024390,WIN_TARGET_1_5R,QRP-MACRO-LIQUIDITY-REVERSAL-001,0,8.2,NORMALIZED_MEDIUM_COST,D1-20230731-BEARISH-M1-C2_FVG_BREAKER-FVG-010645-BREAKER-001199,1.0,2,15781.0,M1_C2_FVG_BREAKER,1.5,15765.50,M1
15777.8,15747.50,False,268,BREAKER,15776.5,15779.0,4,FVG-010645|BREAKER-001199,15776.8,15778.8,15773.3,15752.00,HYPOTHETICAL_SCENARIO_NOT_BROKER_FACT,2023-07-31 00:00:00,2023-08-01 05:11:00,BEARISH,2023-08-01 05:23:00,2023-08-01 05:24:00,15777.8,D1-20230731-BEARISH,TARGET_1_5R,15747.50,2023-08-01 09:51:00,MLR-TECH-ABL-001,2023-08-02 00:00:00,PREVIOUSLY_EXPOSED_WINDOW,C2_FVG_BREAKER,M1_STRICT_PENETRATION_NO_FAVORABLE_IMPROVEMENT,STRICT_M1_LIMIT_PENETRATION,FILLED,0,0.00,30.30,1.5,4.45,TECHNICAL_ONLY_ABLATION,17.30,0.8564356435643564356435643564,WIN_TARGET_1_5R,QRP-MACRO-LIQUIDITY-REVERSAL-001,0,20.2,NORMALIZED_HIGH_COST,D1-20230731-BEARISH-M1-C2_FVG_BREAKER-FVG-010645-BREAKER-001199,3.0,6,15785.0,M1_C2_FVG_BREAKER,1.5,15747.50,M1
15489.95,15491.6,False,1,BREAKER,15489.3,15490.6,1.0,FVG-010816|BREAKER-001211,15489.3,15490.6,15489.20,15492.35,HYPOTHETICAL_SCENARIO_NOT_BROKER_FACT,2023-09-01 00:00:00,2023-09-04 02:58:00,BEARISH,2023-09-04 03:00:00,2023-09-04 03:01:00,15489.95,D1-20230901-BEARISH,ENTRY_BAR_STOP_ADVERSE,15491.6,2023-09-04 03:01:00,MLR-TECH-ABL-001,2023-09-05 00:00:00,PREVIOUSLY_EXPOSED_WINDOW,C2_FVG_BREAKER,M1_STRICT_PENETRATION_NO_FAVORABLE_IMPROVEMENT,STRICT_M1_LIMIT_PENETRATION,FILLED,0,0,-1.65,-0.3975903614457831325301204819,0.0,TECHNICAL_ONLY_ABLATION,-4.15,-1,LOSS_1R,QRP-MACRO-LIQUIDITY-REVERSAL-001,0,4.15,NORMALIZED_LOW_COST,D1-20230901-BEARISH-M1-C2_FVG_BREAKER-FVG-010816-BREAKER-001211,0.50,1,15491.6,M1_C2_FVG_BREAKER,1.5,15483.725,M1
15489.95,15492.6,False,1,BREAKER,15489.3,15490.6,2,FVG-010816|BREAKER-001211,15489.3,15490.6,15488.45,15494.1,HYPOTHETICAL_SCENARIO_NOT_BROKER_FACT,2023-09-01 00:00:00,2023-09-04 02:58:00,BEARISH,2023-09-04 03:00:00,2023-09-04 03:01:00,15489.95,D1-20230901-BEARISH,ENTRY_BAR_STOP_ADVERSE,15492.6,2023-09-04 03:01:00,MLR-TECH-ABL-001,2023-09-05 00:00:00,PREVIOUSLY_EXPOSED_WINDOW,C2_FVG_BREAKER,M1_STRICT_PENETRATION_NO_FAVORABLE_IMPROVEMENT,STRICT_M1_LIMIT_PENETRATION,FILLED,0,0.0,-2.65,-0.3464052287581699346405228758,0.0,TECHNICAL_ONLY_ABLATION,-7.65,-1,LOSS_1R,QRP-MACRO-LIQUIDITY-REVERSAL-001,0,7.65,NORMALIZED_MEDIUM_COST,D1-20230901-BEARISH-M1-C2_FVG_BREAKER-FVG-010816-BREAKER-001211,1.0,2,15492.6,M1_C2_FVG_BREAKER,1.5,15478.475,M1
15489.95,15496.6,False,40,BREAKER,15489.3,15490.6,4,FVG-010816|BREAKER-001211,15489.3,15490.6,15485.45,15501.1,HYPOTHETICAL_SCENARIO_NOT_BROKER_FACT,2023-09-01 00:00:00,2023-09-04 02:58:00,BEARISH,2023-09-04 03:00:00,2023-09-04 03:01:00,15489.95,D1-20230901-BEARISH,STOP,15496.6,2023-09-04 03:40:00,MLR-TECH-ABL-001,2023-09-05 00:00:00,PREVIOUSLY_EXPOSED_WINDOW,C2_FVG_BREAKER,M1_STRICT_PENETRATION_NO_FAVORABLE_IMPROVEMENT,STRICT_M1_LIMIT_PENETRATION,FILLED,0,0.00,-6.65,-0.3384223918575063613231552163,0.65,TECHNICAL_ONLY_ABLATION,-19.65,-1,LOSS_1R,QRP-MACRO-LIQUIDITY-REVERSAL-001,0,19.65,NORMALIZED_HIGH_COST,D1-20230901-BEARISH-M1-C2_FVG_BREAKER-FVG-010816-BREAKER-001211,3.0,6,15496.6,M1_C2_FVG_BREAKER,1.5,15460.475,M1
14531.6,14540.450,False,2,BREAKER,14529.2,14533.6,1.0,FVG-010993|BREAKER-001233,14530.2,14533.0,14532.35,14539.700,HYPOTHETICAL_SCENARIO_NOT_BROKER_FACT,2023-09-27 00:00:00,2023-09-28 12:22:00,BULLISH,2023-09-28 12:28:00,2023-09-28 12:29:00,14531.6,D1-20230927-BULLISH,TARGET_1_5R,14540.450,2023-09-28 12:30:00,MLR-TECH-ABL-001,2023-09-29 00:00:00,PREVIOUSLY_EXPOSED_WINDOW,C2_FVG_BREAKER,M1_STRICT_PENETRATION_NO_FAVORABLE_IMPROVEMENT,STRICT_M1_LIMIT_PENETRATION,FILLED,0,0,8.850,1.5,0.016666666666666666,TECHNICAL_ONLY_ABLATION,6.350,1.076271186440677966101694915,WIN_TARGET_1_5R,QRP-MACRO-LIQUIDITY-REVERSAL-001,0,5.90,NORMALIZED_LOW_COST,D1-20230927-BULLISH-M1-C2_FVG_BREAKER-FVG-010993-BREAKER-001233,0.50,1,14528.2,M1_C2_FVG_BREAKER,1.5,14540.450,M1
14531.6,14545.70,False,14,BREAKER,14529.2,14533.6,2,FVG-010993|BREAKER-001233,14530.2,14533.0,14533.1,14544.20,HYPOTHETICAL_SCENARIO_NOT_BROKER_FACT,2023-09-27 00:00:00,2023-09-28 12:22:00,BULLISH,2023-09-28 12:28:00,2023-09-28 12:29:00,14531.6,D1-20230927-BULLISH,TARGET_1_5R,14545.70,2023-09-28 12:42:00,MLR-TECH-ABL-001,2023-09-29 00:00:00,PREVIOUSLY_EXPOSED_WINDOW,C2_FVG_BREAKER,M1_STRICT_PENETRATION_NO_FAVORABLE_IMPROVEMENT,STRICT_M1_LIMIT_PENETRATION,FILLED,0,0.0,14.10,1.5,0.21666666666666667,TECHNICAL_ONLY_ABLATION,9.10,0.9680851063829787234042553191,WIN_TARGET_1_5R,QRP-MACRO-LIQUIDITY-REVERSAL-001,0,9.4,NORMALIZED_MEDIUM_COST,D1-20230927-BULLISH-M1-C2_FVG_BREAKER-FVG-010993-BREAKER-001233,1.0,2,14527.2,M1_C2_FVG_BREAKER,1.5,14545.70,M1
14531.6,14563.70,False,20,BREAKER,14529.2,14533.6,4,FVG-010993|BREAKER-001233,14530.2,14533.0,14536.1,14559.20,HYPOTHETICAL_SCENARIO_NOT_BROKER_FACT,2023-09-27 00:00:00,2023-09-28 12:22:00,BULLISH,2023-09-28 12:28:00,2023-09-28 12:29:00,14531.6,D1-20230927-BULLISH,TARGET_1_5R,14563.70,2023-09-28 12:48:00,MLR-TECH-ABL-001,2023-09-29 00:00:00,PREVIOUSLY_EXPOSED_WINDOW,C2_FVG_BREAKER,M1_STRICT_PENETRATION_NO_FAVORABLE_IMPROVEMENT,STRICT_M1_LIMIT_PENETRATION,FILLED,0,0.00,32.10,1.5,0.31666666666666665,TECHNICAL_ONLY_ABLATION,19.10,0.8925233644859813084112149533,WIN_TARGET_1_5R,QRP-MACRO-LIQUIDITY-REVERSAL-001,0,21.4,NORMALIZED_HIGH_COST,D1-20230927-BULLISH-M1-C2_FVG_BREAKER-FVG-010993-BREAKER-001233,3.0,6,14523.2,M1_C2_FVG_BREAKER,1.5,14563.70,M1
15802.349999999999,15805.0,False,3,BREAKER,15801.9,15804.0,1.0,FVG-011125|BREAKER-001247,15801.9,15802.8,15801.599999999999,15805.75,HYPOTHETICAL_SCENARIO_NOT_BROKER_FACT,2023-11-15 00:00:00,2023-11-16 02:47:00,BEARISH,2023-11-16 02:57:00,2023-11-16 02:58:00,15802.349999999999,D1-20231115-BEARISH,STOP,15805.0,2023-11-16 03:00:00,MLR-TECH-ABL-001,2023-11-17 00:00:00,PREVIOUSLY_EXPOSED_WINDOW,C2_FVG_BREAKER,M1_STRICT_PENETRATION_NO_FAVORABLE_IMPROVEMENT,STRICT_M1_LIMIT_PENETRATION,FILLED,0,0,-2.650000000001,-0.5145631067962107644452822892,0.03333333333333333,TECHNICAL_ONLY_ABLATION,-5.150000000001,-1,LOSS_1R,QRP-MACRO-LIQUIDITY-REVERSAL-001,0,5.150000000001,NORMALIZED_LOW_COST,D1-20231115-BEARISH-M1-C2_FVG_BREAKER-FVG-011125-BREAKER-001247,0.50,1,15805.0,M1_C2_FVG_BREAKER,1.5,15794.6249999999975,M1
15802.349999999999,15789.3749999999975,False,23,BREAKER,15801.9,15804.0,2,FVG-011125|BREAKER-001247,15801.9,15802.8,15800.849999999999,15790.8749999999975,HYPOTHETICAL_SCENARIO_NOT_BROKER_FACT,2023-11-15 00:00:00,2023-11-16 02:47:00,BEARISH,2023-11-16 02:57:00,2023-11-16 02:58:00,15802.349999999999,D1-20231115-BEARISH,TARGET_1_5R,15789.3749999999975,2023-11-16 03:20:00,MLR-TECH-ABL-001,2023-11-17 00:00:00,PREVIOUSLY_EXPOSED_WINDOW,C2_FVG_BREAKER,M1_STRICT_PENETRATION_NO_FAVORABLE_IMPROVEMENT,STRICT_M1_LIMIT_PENETRATION,FILLED,0,0.0,12.9750000000015,1.5,0.36666666666666664,TECHNICAL_ONLY_ABLATION,7.9750000000015,0.9219653179191419693274081917,WIN_TARGET_1_5R,QRP-MACRO-LIQUIDITY-REVERSAL-001,0,8.650000000001,NORMALIZED_MEDIUM_COST,D1-20231115-BEARISH-M1-C2_FVG_BREAKER-FVG-011125-BREAKER-001247,1.0,2,15806.0,M1_C2_FVG_BREAKER,1.5,15789.3749999999975,M1
15802.349999999999,15771.3749999999975,False,62,BREAKER,15801.9,15804.0,4,FVG-011125|BREAKER-001247,15801.9,15802.8,15797.849999999999,15775.8749999999975,HYPOTHETICAL_SCENARIO_NOT_BROKER_FACT,2023-11-15 00:00:00,2023-11-16 02:47:00,BEARISH,2023-11-16 02:57:00,2023-11-16 02:58:00,15802.349999999999,D1-20231115-BEARISH,TARGET_1_5R,15771.3749999999975,2023-11-16 03:59:00,MLR-TECH-ABL-001,2023-11-17 00:00:00,PREVIOUSLY_EXPOSED_WINDOW,C2_FVG_BREAKER,M1_STRICT_PENETRATION_NO_FAVORABLE_IMPROVEMENT,STRICT_M1_LIMIT_PENETRATION,FILLED,0,0.00,30.9750000000015,1.5,1.0166666666666666,TECHNICAL_ONLY_ABLATION,17.9750000000015,0.8704600484261806072615774247,WIN_TARGET_1_5R,QRP-MACRO-LIQUIDITY-REVERSAL-001,0,20.650000000001,NORMALIZED_HIGH_COST,D1-20231115-BEARISH-M1-C2_FVG_BREAKER-FVG-011125-BREAKER-001247,3.0,6,15810.0,M1_C2_FVG_BREAKER,1.5,15771.3749999999975,M1
16014.7,16016.1,False,5,BREAKER,16013.6,16015.1,1.0,FVG-011301|BREAKER-001268,16014.3,16015.1,16013.95,16016.85,HYPOTHETICAL_SCENARIO_NOT_BROKER_FACT,2023-11-29 00:00:00,2023-11-30 12:05:00,BEARISH,2023-11-30 12:06:00,2023-11-30 12:07:00,16014.7,D1-20231129-BEARISH,STOP,16016.1,2023-11-30 12:11:00,MLR-TECH-ABL-001,2023-12-01 00:00:00,PREVIOUSLY_EXPOSED_WINDOW,C2_FVG_BREAKER,M1_STRICT_PENETRATION_NO_FAVORABLE_IMPROVEMENT,STRICT_M1_LIMIT_PENETRATION,FILLED,0,0,-1.4,-0.3589743589743589743589743590,0.06666666666666667,TECHNICAL_ONLY_ABLATION,-3.90,-1,LOSS_1R,QRP-MACRO-LIQUIDITY-REVERSAL-001,0,3.90,NORMALIZED_LOW_COST,D1-20231129-BEARISH-M1-C2_FVG_BREAKER-FVG-011301-BREAKER-001268,0.50,1,16016.1,M1_C2_FVG_BREAKER,1.5,16008.850,M1
16014.7,16017.1,False,5,BREAKER,16013.6,16015.1,2,FVG-011301|BREAKER-001268,16014.3,16015.1,16013.2,16018.6,HYPOTHETICAL_SCENARIO_NOT_BROKER_FACT,2023-11-29 00:00:00,2023-11-30 12:05:00,BEARISH,2023-11-30 12:06:00,2023-11-30 12:07:00,16014.7,D1-20231129-BEARISH,STOP,16017.1,2023-11-30 12:11:00,MLR-TECH-ABL-001,2023-12-01 00:00:00,PREVIOUSLY_EXPOSED_WINDOW,C2_FVG_BREAKER,M1_STRICT_PENETRATION_NO_FAVORABLE_IMPROVEMENT,STRICT_M1_LIMIT_PENETRATION,FILLED,0,0.0,-2.4,-0.3243243243243243243243243243,0.06666666666666667,TECHNICAL_ONLY_ABLATION,-7.4,-1,LOSS_1R,QRP-MACRO-LIQUIDITY-REVERSAL-001,0,7.4,NORMALIZED_MEDIUM_COST,D1-20231129-BEARISH-M1-C2_FVG_BREAKER-FVG-011301-BREAKER-001268,1.0,2,16017.1,M1_C2_FVG_BREAKER,1.5,16003.60,M1
16014.7,16021.1,False,24,BREAKER,16013.6,16015.1,4,FVG-011301|BREAKER-001268,16014.3,16015.1,16010.2,16025.6,HYPOTHETICAL_SCENARIO_NOT_BROKER_FACT,2023-11-29 00:00:00,2023-11-30 12:05:00,BEARISH,2023-11-30 12:06:00,2023-11-30 12:07:00,16014.7,D1-20231129-BEARISH,STOP,16021.1,2023-11-30 12:30:00,MLR-TECH-ABL-001,2023-12-01 00:00:00,PREVIOUSLY_EXPOSED_WINDOW,C2_FVG_BREAKER,M1_STRICT_PENETRATION_NO_FAVORABLE_IMPROVEMENT,STRICT_M1_LIMIT_PENETRATION,FILLED,0,0.00,-6.4,-0.3298969072164948453608247423,0.38333333333333336,TECHNICAL_ONLY_ABLATION,-19.40,-1.0,LOSS_1R,QRP-MACRO-LIQUIDITY-REVERSAL-001,0,19.4,NORMALIZED_HIGH_COST,D1-20231129-BEARISH-M1-C2_FVG_BREAKER-FVG-011301-BREAKER-001268,3.0,6,16021.1,M1_C2_FVG_BREAKER,1.5,15985.60,M1
16545.699999999997,16538.1999999999925,False,3,BREAKER,16545.1,16547.2,1.0,FVG-011438|BREAKER-001282,16545.1,16546.3,16544.949999999997,16538.9499999999925,HYPOTHETICAL_SCENARIO_NOT_BROKER_FACT,2023-12-14 00:00:00,2023-12-15 03:03:00,BEARISH,2023-12-15 03:04:00,2023-12-15 03:05:00,16545.699999999997,D1-20231214-BEARISH,TARGET_1_5R,16538.1999999999925,2023-12-15 03:07:00,MLR-TECH-ABL-001,2023-12-16 00:00:00,PREVIOUSLY_EXPOSED_WINDOW,C2_FVG_BREAKER,M1_STRICT_PENETRATION_NO_FAVORABLE_IMPROVEMENT,STRICT_M1_LIMIT_PENETRATION,FILLED,0,0,7.5000000000045,1.5,0.03333333333333333,TECHNICAL_ONLY_ABLATION,5.0000000000045,1.000000000000299999999999820,WIN_TARGET_1_5R,QRP-MACRO-LIQUIDITY-REVERSAL-001,0,5.000000000003,NORMALIZED_LOW_COST,D1-20231214-BEARISH-M1-C2_FVG_BREAKER-FVG-011438-BREAKER-001282,0.50,1,16548.2,M1_C2_FVG_BREAKER,1.5,16538.1999999999925,M1
16545.699999999997,16549.2,False,17,BREAKER,16545.1,16547.2,2,FVG-011438|BREAKER-001282,16545.1,16546.3,16544.199999999997,16550.7,HYPOTHETICAL_SCENARIO_NOT_BROKER_FACT,2023-12-14 00:00:00,2023-12-15 03:03:00,BEARISH,2023-12-15 03:04:00,2023-12-15 03:05:00,16545.699999999997,D1-20231214-BEARISH,STOP,16549.2,2023-12-15 03:21:00,MLR-TECH-ABL-001,2023-12-16 00:00:00,PREVIOUSLY_EXPOSED_WINDOW,C2_FVG_BREAKER,M1_STRICT_PENETRATION_NO_FAVORABLE_IMPROVEMENT,STRICT_M1_LIMIT_PENETRATION,FILLED,0,0.0,-3.500000000003,-0.4117647058825605536332179198,0.26666666666666666,TECHNICAL_ONLY_ABLATION,-8.500000000003,-1,LOSS_1R,QRP-MACRO-LIQUIDITY-REVERSAL-001,0,8.500000000003,NORMALIZED_MEDIUM_COST,D1-20231214-BEARISH-M1-C2_FVG_BREAKER-FVG-011438-BREAKER-001282,1.0,2,16549.2,M1_C2_FVG_BREAKER,1.5,16532.9499999999925,M1
16545.699999999997,16553.2,False,29,BREAKER,16545.1,16547.2,4,FVG-011438|BREAKER-001282,16545.1,16546.3,16541.199999999997,16557.7,HYPOTHETICAL_SCENARIO_NOT_BROKER_FACT,2023-12-14 00:00:00,2023-12-15 03:03:00,BEARISH,2023-12-15 03:04:00,2023-12-15 03:05:00,16545.699999999997,D1-20231214-BEARISH,STOP,16553.2,2023-12-15 03:33:00,MLR-TECH-ABL-001,2023-12-16 00:00:00,PREVIOUSLY_EXPOSED_WINDOW,C2_FVG_BREAKER,M1_STRICT_PENETRATION_NO_FAVORABLE_IMPROVEMENT,STRICT_M1_LIMIT_PENETRATION,FILLED,0,0.00,-7.500000000003,-0.3658536585366781677572873154,0.4666666666666667,TECHNICAL_ONLY_ABLATION,-20.500000000003,-1,LOSS_1R,QRP-MACRO-LIQUIDITY-REVERSAL-001,0,20.500000000003,NORMALIZED_HIGH_COST,D1-20231214-BEARISH-M1-C2_FVG_BREAKER-FVG-011438-BREAKER-001282,3.0,6,16553.2,M1_C2_FVG_BREAKER,1.5,16514.9499999999925,M1
17348.4,17352.2,False,3,BREAKER,17348.2,17351.2,1.0,FVG-011585|BREAKER-001309,17348.2,17348.6,17347.65,17352.95,HYPOTHETICAL_SCENARIO_NOT_BROKER_FACT,2024-01-22 00:00:00,2024-01-23 09:37:00,BEARISH,2024-01-23 09:37:00,2024-01-23 09:38:00,17348.4,D1-20240122-BEARISH,STOP,17352.2,2024-01-23 09:40:00,MLR-TECH-ABL-001,2024-01-24 00:00:00,PREVIOUSLY_EXPOSED_WINDOW,C2_FVG_BREAKER,M1_STRICT_PENETRATION_NO_FAVORABLE_IMPROVEMENT,STRICT_M1_LIMIT_PENETRATION,FILLED,0,0,-3.8,-0.6031746031746031746031746032,0.03333333333333333,TECHNICAL_ONLY_ABLATION,-6.30,-1,LOSS_1R,QRP-MACRO-LIQUIDITY-REVERSAL-001,0,6.30,NORMALIZED_LOW_COST,D1-20240122-BEARISH-M1-C2_FVG_BREAKER-FVG-011585-BREAKER-001309,0.50,1,17352.2,M1_C2_FVG_BREAKER,1.5,17338.950,M1
17348.4,17353.2,False,3,BREAKER,17348.2,17351.2,2,FVG-011585|BREAKER-001309,17348.2,17348.6,17346.9,17354.7,HYPOTHETICAL_SCENARIO_NOT_BROKER_FACT,2024-01-22 00:00:00,2024-01-23 09:37:00,BEARISH,2024-01-23 09:37:00,2024-01-23 09:38:00,17348.4,D1-20240122-BEARISH,STOP,17353.2,2024-01-23 09:40:00,MLR-TECH-ABL-001,2024-01-24 00:00:00,PREVIOUSLY_EXPOSED_WINDOW,C2_FVG_BREAKER,M1_STRICT_PENETRATION_NO_FAVORABLE_IMPROVEMENT,STRICT_M1_LIMIT_PENETRATION,FILLED,0,0.0,-4.8,-0.4897959183673469387755102041,0.03333333333333333,TECHNICAL_ONLY_ABLATION,-9.8,-1,LOSS_1R,QRP-MACRO-LIQUIDITY-REVERSAL-001,0,9.8,NORMALIZED_MEDIUM_COST,D1-20240122-BEARISH-M1-C2_FVG_BREAKER-FVG-011585-BREAKER-001309,1.0,2,17353.2,M1_C2_FVG_BREAKER,1.5,17333.70,M1
17348.4,17315.70,False,46,BREAKER,17348.2,17351.2,4,FVG-011585|BREAKER-001309,17348.2,17348.6,17343.9,17320.20,HYPOTHETICAL_SCENARIO_NOT_BROKER_FACT,2024-01-22 00:00:00,2024-01-23 09:37:00,BEARISH,2024-01-23 09:37:00,2024-01-23 09:38:00,17348.4,D1-20240122-BEARISH,TARGET_1_5R,17315.70,2024-01-23 10:23:00,MLR-TECH-ABL-001,2024-01-24 00:00:00,PREVIOUSLY_EXPOSED_WINDOW,C2_FVG_BREAKER,M1_STRICT_PENETRATION_NO_FAVORABLE_IMPROVEMENT,STRICT_M1_LIMIT_PENETRATION,FILLED,0,0.00,32.70,1.5,0.75,TECHNICAL_ONLY_ABLATION,19.70,0.9036697247706422018348623853,WIN_TARGET_1_5R,QRP-MACRO-LIQUIDITY-REVERSAL-001,0,21.8,NORMALIZED_HIGH_COST,D1-20240122-BEARISH-M1-C2_FVG_BREAKER-FVG-011585-BREAKER-001309,3.0,6,17357.2,M1_C2_FVG_BREAKER,1.5,17315.70,M1
18100.75,18102.7,False,22,BREAKER,18100.5,18101.7,1.0,FVG-011757|BREAKER-001333,18100.5,18101.0,18100.00,18103.45,HYPOTHETICAL_SCENARIO_NOT_BROKER_FACT,2024-05-07 00:00:00,2024-05-08 04:22:00,BEARISH,2024-05-08 04:22:00,2024-05-08 04:23:00,18100.75,D1-20240507-BEARISH,STOP,18102.7,2024-05-08 04:44:00,MLR-TECH-ABL-001,2024-05-09 00:00:00,PREVIOUSLY_EXPOSED_WINDOW,C2_FVG_BREAKER,M1_STRICT_PENETRATION_NO_FAVORABLE_IMPROVEMENT,STRICT_M1_LIMIT_PENETRATION,FILLED,0,0,-1.95,-0.4382022471910112359550561798,0.35,TECHNICAL_ONLY_ABLATION,-4.45,-1,LOSS_1R,QRP-MACRO-LIQUIDITY-REVERSAL-001,0,4.45,NORMALIZED_LOW_COST,D1-20240507-BEARISH-M1-C2_FVG_BREAKER-FVG-011757-BREAKER-001333,0.50,1,18102.7,M1_C2_FVG_BREAKER,1.5,18094.075,M1
18100.75,18088.825,False,82,BREAKER,18100.5,18101.7,2,FVG-011757|BREAKER-001333,18100.5,18101.0,18099.25,18090.325,HYPOTHETICAL_SCENARIO_NOT_BROKER_FACT,2024-05-07 00:00:00,2024-05-08 04:22:00,BEARISH,2024-05-08 04:22:00,2024-05-08 04:23:00,18100.75,D1-20240507-BEARISH,TARGET_1_5R,18088.825,2024-05-08 05:44:00,MLR-TECH-ABL-001,2024-05-09 00:00:00,PREVIOUSLY_EXPOSED_WINDOW,C2_FVG_BREAKER,M1_STRICT_PENETRATION_NO_FAVORABLE_IMPROVEMENT,STRICT_M1_LIMIT_PENETRATION,FILLED,0,0.0,11.925,1.5,1.35,TECHNICAL_ONLY_ABLATION,6.925,0.8710691823899371069182389937,WIN_TARGET_1_5R,QRP-MACRO-LIQUIDITY-REVERSAL-001,0,7.95,NORMALIZED_MEDIUM_COST,D1-20240507-BEARISH-M1-C2_FVG_BREAKER-FVG-011757-BREAKER-001333,1.0,2,18103.7,M1_C2_FVG_BREAKER,1.5,18088.825,M1
18100.75,18107.7,False,423,BREAKER,18100.5,18101.7,4,FVG-011757|BREAKER-001333,18100.5,18101.0,18096.25,18112.2,HYPOTHETICAL_SCENARIO_NOT_BROKER_FACT,2024-05-07 00:00:00,2024-05-08 04:22:00,BEARISH,2024-05-08 04:22:00,2024-05-08 04:23:00,18100.75,D1-20240507-BEARISH,STOP,18107.7,2024-05-08 11:25:00,MLR-TECH-ABL-001,2024-05-09 00:00:00,PREVIOUSLY_EXPOSED_WINDOW,C2_FVG_BREAKER,M1_STRICT_PENETRATION_NO_FAVORABLE_IMPROVEMENT,STRICT_M1_LIMIT_PENETRATION,FILLED,0,0.00,-6.95,-0.3483709273182957393483709273,7.033333333333333,TECHNICAL_ONLY_ABLATION,-19.95,-1,LOSS_1R,QRP-MACRO-LIQUIDITY-REVERSAL-001,0,19.95,NORMALIZED_HIGH_COST,D1-20240507-BEARISH-M1-C2_FVG_BREAKER-FVG-011757-BREAKER-001333,3.0,6,18107.7,M1_C2_FVG_BREAKER,1.5,18070.825,M1
18567.1,18561.250,False,17,BREAKER,18566.1,18567.5,1.0,FVG-011961|BREAKER-001356,18567.0,18567.2,18566.35,18562.000,HYPOTHETICAL_SCENARIO_NOT_BROKER_FACT,2024-05-16 00:00:00,2024-05-17 05:15:00,BEARISH,2024-05-17 05:15:00,2024-05-17 05:16:00,18567.1,D1-20240516-BEARISH,TARGET_1_5R,18561.250,2024-05-17 05:32:00,MLR-TECH-ABL-001,2024-05-18 00:00:00,PREVIOUSLY_EXPOSED_WINDOW,C2_FVG_BREAKER,M1_STRICT_PENETRATION_NO_FAVORABLE_IMPROVEMENT,STRICT_M1_LIMIT_PENETRATION,FILLED,0,0,5.850,1.5,0.26666666666666666,TECHNICAL_ONLY_ABLATION,3.350,0.8589743589743589743589743590,WIN_TARGET_1_5R,QRP-MACRO-LIQUIDITY-REVERSAL-001,0,3.90,NORMALIZED_LOW_COST,D1-20240516-BEARISH-M1-C2_FVG_BREAKER-FVG-011961-BREAKER-001356,0.50,1,18568.5,M1_C2_FVG_BREAKER,1.5,18561.250,M1
18567.1,18556.00,False,41,BREAKER,18566.1,18567.5,2,FVG-011961|BREAKER-001356,18567.0,18567.2,18565.6,18557.50,HYPOTHETICAL_SCENARIO_NOT_BROKER_FACT,2024-05-16 00:00:00,2024-05-17 05:15:00,BEARISH,2024-05-17 05:15:00,2024-05-17 05:16:00,18567.1,D1-20240516-BEARISH,TARGET_1_5R,18556.00,2024-05-17 05:56:00,MLR-TECH-ABL-001,2024-05-18 00:00:00,PREVIOUSLY_EXPOSED_WINDOW,C2_FVG_BREAKER,M1_STRICT_PENETRATION_NO_FAVORABLE_IMPROVEMENT,STRICT_M1_LIMIT_PENETRATION,FILLED,0,0.0,11.10,1.5,0.6666666666666666,TECHNICAL_ONLY_ABLATION,6.10,0.8243243243243243243243243243,WIN_TARGET_1_5R,QRP-MACRO-LIQUIDITY-REVERSAL-001,0,7.4,NORMALIZED_MEDIUM_COST,D1-20240516-BEARISH-M1-C2_FVG_BREAKER-FVG-011961-BREAKER-001356,1.0,2,18569.5,M1_C2_FVG_BREAKER,1.5,18556.00,M1
18567.1,18573.5,False,227,BREAKER,18566.1,18567.5,4,FVG-011961|BREAKER-001356,18567.0,18567.2,18562.6,18578.0,HYPOTHETICAL_SCENARIO_NOT_BROKER_FACT,2024-05-16 00:00:00,2024-05-17 05:15:00,BEARISH,2024-05-17 05:15:00,2024-05-17 05:16:00,18567.1,D1-20240516-BEARISH,STOP,18573.5,2024-05-17 09:02:00,MLR-TECH-ABL-001,2024-05-18 00:00:00,PREVIOUSLY_EXPOSED_WINDOW,C2_FVG_BREAKER,M1_STRICT_PENETRATION_NO_FAVORABLE_IMPROVEMENT,STRICT_M1_LIMIT_PENETRATION,FILLED,0,0.00,-6.4,-0.3298969072164948453608247423,3.7666666666666666,TECHNICAL_ONLY_ABLATION,-19.40,-1.0,LOSS_1R,QRP-MACRO-LIQUIDITY-REVERSAL-001,0,19.4,NORMALIZED_HIGH_COST,D1-20240516-BEARISH-M1-C2_FVG_BREAKER-FVG-011961-BREAKER-001356,3.0,6,18573.5,M1_C2_FVG_BREAKER,1.5,18538.00,M1
19927.6,19921.900,False,5,BREAKER,19927.3,19927.9,1.0,FVG-012123|BREAKER-001375,19927.3,19927.9,19926.85,19922.650,HYPOTHETICAL_SCENARIO_NOT_BROKER_FACT,2024-06-18 00:00:00,2024-06-19 03:25:00,BEARISH,2024-06-19 03:25:00,2024-06-19 03:26:00,19927.6,D1-20240618-BEARISH,TARGET_1_5R,19921.900,2024-06-19 03:30:00,MLR-TECH-ABL-001,2024-06-20 00:00:00,PREVIOUSLY_EXPOSED_WINDOW,C2_FVG_BREAKER,M1_STRICT_PENETRATION_NO_FAVORABLE_IMPROVEMENT,STRICT_M1_LIMIT_PENETRATION,FILLED,0,0,5.700,1.5,0.06666666666666667,TECHNICAL_ONLY_ABLATION,3.200,0.8421052631578947368421052632,WIN_TARGET_1_5R,QRP-MACRO-LIQUIDITY-REVERSAL-001,0,3.80,NORMALIZED_LOW_COST,D1-20240618-BEARISH-M1-C2_FVG_BREAKER-FVG-012123-BREAKER-001375,0.50,1,19928.9,M1_C2_FVG_BREAKER,1.5,19921.900,M1
19927.6,19929.9,False,80,BREAKER,19927.3,19927.9,2,FVG-012123|BREAKER-001375,19927.3,19927.9,19926.1,19931.4,HYPOTHETICAL_SCENARIO_NOT_BROKER_FACT,2024-06-18 00:00:00,2024-06-19 03:25:00,BEARISH,2024-06-19 03:25:00,2024-06-19 03:26:00,19927.6,D1-20240618-BEARISH,STOP,19929.9,2024-06-19 04:45:00,MLR-TECH-ABL-001,2024-06-20 00:00:00,PREVIOUSLY_EXPOSED_WINDOW,C2_FVG_BREAKER,M1_STRICT_PENETRATION_NO_FAVORABLE_IMPROVEMENT,STRICT_M1_LIMIT_PENETRATION,FILLED,0,0.0,-2.3,-0.3150684931506849315068493151,1.3166666666666667,TECHNICAL_ONLY_ABLATION,-7.3,-1,LOSS_1R,QRP-MACRO-LIQUIDITY-REVERSAL-001,0,7.3,NORMALIZED_MEDIUM_COST,D1-20240618-BEARISH-M1-C2_FVG_BREAKER-FVG-012123-BREAKER-001375,1.0,2,19929.9,M1_C2_FVG_BREAKER,1.5,19916.65,M1
19927.6,19933.9,False,127,BREAKER,19927.3,19927.9,4,FVG-012123|BREAKER-001375,19927.3,19927.9,19923.1,19938.4,HYPOTHETICAL_SCENARIO_NOT_BROKER_FACT,2024-06-18 00:00:00,2024-06-19 03:25:00,BEARISH,2024-06-19 03:25:00,2024-06-19 03:26:00,19927.6,D1-20240618-BEARISH,STOP,19933.9,2024-06-19 05:32:00,MLR-TECH-ABL-001,2024-06-20 00:00:00,PREVIOUSLY_EXPOSED_WINDOW,C2_FVG_BREAKER,M1_STRICT_PENETRATION_NO_FAVORABLE_IMPROVEMENT,STRICT_M1_LIMIT_PENETRATION,FILLED,0,0.00,-6.3,-0.3264248704663212435233160622,2.1,TECHNICAL_ONLY_ABLATION,-19.30,-1.0,LOSS_1R,QRP-MACRO-LIQUIDITY-REVERSAL-001,0,19.3,NORMALIZED_HIGH_COST,D1-20240618-BEARISH-M1-C2_FVG_BREAKER-FVG-012123-BREAKER-001375,3.0,6,19933.9,M1_C2_FVG_BREAKER,1.5,19898.65,M1
19690.0,19692.2,False,7,BREAKER,19687.7,19691.2,1.0,FVG-012297|BREAKER-001393,19689.0,19691.0,19689.25,19692.95,HYPOTHETICAL_SCENARIO_NOT_BROKER_FACT,2024-06-26 00:00:00,2024-06-27 01:17:00,BEARISH,2024-06-27 01:17:00,2024-06-27 01:18:00,19690.0,D1-20240626-BEARISH,STOP,19692.2,2024-06-27 01:24:00,MLR-TECH-ABL-001,2024-06-28 00:00:00,PREVIOUSLY_EXPOSED_WINDOW,C2_FVG_BREAKER,M1_STRICT_PENETRATION_NO_FAVORABLE_IMPROVEMENT,STRICT_M1_LIMIT_PENETRATION,FILLED,0,0,-2.2,-0.4680851063829787234042553191,0.1,TECHNICAL_ONLY_ABLATION,-4.70,-1,LOSS_1R,QRP-MACRO-LIQUIDITY-REVERSAL-001,0,4.70,NORMALIZED_LOW_COST,D1-20240626-BEARISH-M1-C2_FVG_BREAKER-FVG-012297-BREAKER-001393,0.50,1,19692.2,M1_C2_FVG_BREAKER,1.5,19682.950,M1
19690.0,19677.70,False,13,BREAKER,19687.7,19691.2,2,FVG-012297|BREAKER-001393,19689.0,19691.0,19688.5,19679.20,HYPOTHETICAL_SCENARIO_NOT_BROKER_FACT,2024-06-26 00:00:00,2024-06-27 01:17:00,BEARISH,2024-06-27 01:17:00,2024-06-27 01:18:00,19690.0,D1-20240626-BEARISH,TARGET_1_5R,19677.70,2024-06-27 01:30:00,MLR-TECH-ABL-001,2024-06-28 00:00:00,PREVIOUSLY_EXPOSED_WINDOW,C2_FVG_BREAKER,M1_STRICT_PENETRATION_NO_FAVORABLE_IMPROVEMENT,STRICT_M1_LIMIT_PENETRATION,FILLED,0,0.0,12.30,1.5,0.2,TECHNICAL_ONLY_ABLATION,7.30,0.8902439024390243902439024390,WIN_TARGET_1_5R,QRP-MACRO-LIQUIDITY-REVERSAL-001,0,8.2,NORMALIZED_MEDIUM_COST,D1-20240626-BEARISH-M1-C2_FVG_BREAKER-FVG-012297-BREAKER-001393,1.0,2,19693.2,M1_C2_FVG_BREAKER,1.5,19677.70,M1
19690.0,19659.70,False,49,BREAKER,19687.7,19691.2,4,FVG-012297|BREAKER-001393,19689.0,19691.0,19685.5,19664.20,HYPOTHETICAL_SCENARIO_NOT_BROKER_FACT,2024-06-26 00:00:00,2024-06-27 01:17:00,BEARISH,2024-06-27 01:17:00,2024-06-27 01:18:00,19690.0,D1-20240626-BEARISH,TARGET_1_5R,19659.70,2024-06-27 02:06:00,MLR-TECH-ABL-001,2024-06-28 00:00:00,PREVIOUSLY_EXPOSED_WINDOW,C2_FVG_BREAKER,M1_STRICT_PENETRATION_NO_FAVORABLE_IMPROVEMENT,STRICT_M1_LIMIT_PENETRATION,FILLED,0,0.00,30.30,1.5,0.8,TECHNICAL_ONLY_ABLATION,17.30,0.8564356435643564356435643564,WIN_TARGET_1_5R,QRP-MACRO-LIQUIDITY-REVERSAL-001,0,20.2,NORMALIZED_HIGH_COST,D1-20240626-BEARISH-M1-C2_FVG_BREAKER-FVG-012297-BREAKER-001393,3.0,6,19697.2,M1_C2_FVG_BREAKER,1.5,19659.70,M1
21208.2,21209.9,False,2,BREAKER,21207.5,21208.9,1.0,FVG-012497|BREAKER-001417,21207.5,21208.9,21207.45,21210.65,HYPOTHETICAL_SCENARIO_NOT_BROKER_FACT,2024-11-08 00:00:00,2024-11-11 02:22:00,BEARISH,2024-11-11 10:04:00,2024-11-11 10:05:00,21208.2,D1-20241108-BEARISH,STOP,21209.9,2024-11-11 10:06:00,MLR-TECH-ABL-001,2024-11-12 00:00:00,PREVIOUSLY_EXPOSED_WINDOW,C2_FVG_BREAKER,M1_STRICT_PENETRATION_NO_FAVORABLE_IMPROVEMENT,STRICT_M1_LIMIT_PENETRATION,FILLED,0,0,-1.7,-0.4047619047619047619047619048,0.016666666666666666,TECHNICAL_ONLY_ABLATION,-4.20,-1,LOSS_1R,QRP-MACRO-LIQUIDITY-REVERSAL-001,0,4.20,NORMALIZED_LOW_COST,D1-20241108-BEARISH-M1-C2_FVG_BREAKER-FVG-012497-BREAKER-001417,0.50,1,21209.9,M1_C2_FVG_BREAKER,1.5,21201.900,M1
21208.2,21210.9,False,2,BREAKER,21207.5,21208.9,2,FVG-012497|BREAKER-001417,21207.5,21208.9,21206.7,21212.4,HYPOTHETICAL_SCENARIO_NOT_BROKER_FACT,2024-11-08 00:00:00,2024-11-11 02:22:00,BEARISH,2024-11-11 10:04:00,2024-11-11 10:05:00,21208.2,D1-20241108-BEARISH,STOP,21210.9,2024-11-11 10:06:00,MLR-TECH-ABL-001,2024-11-12 00:00:00,PREVIOUSLY_EXPOSED_WINDOW,C2_FVG_BREAKER,M1_STRICT_PENETRATION_NO_FAVORABLE_IMPROVEMENT,STRICT_M1_LIMIT_PENETRATION,FILLED,0,0.0,-2.7,-0.3506493506493506493506493506,0.016666666666666666,TECHNICAL_ONLY_ABLATION,-7.7,-1,LOSS_1R,QRP-MACRO-LIQUIDITY-REVERSAL-001,0,7.7,NORMALIZED_MEDIUM_COST,D1-20241108-BEARISH-M1-C2_FVG_BREAKER-FVG-012497-BREAKER-001417,1.0,2,21210.9,M1_C2_FVG_BREAKER,1.5,21196.65,M1
21208.2,21215.8,False,15,BREAKER,21207.5,21208.9,4,FVG-012497|BREAKER-001417,21207.5,21208.9,21203.7,21220.3,HYPOTHETICAL_SCENARIO_NOT_BROKER_FACT,2024-11-08 00:00:00,2024-11-11 02:22:00,BEARISH,2024-11-11 10:04:00,2024-11-11 10:05:00,21208.2,D1-20241108-BEARISH,STOP_GAP_OPEN,21215.8,2024-11-11 10:18:00,MLR-TECH-ABL-001,2024-11-12 00:00:00,PREVIOUSLY_EXPOSED_WINDOW,C2_FVG_BREAKER,M1_STRICT_PENETRATION_NO_FAVORABLE_IMPROVEMENT,STRICT_M1_LIMIT_PENETRATION,FILLED,0,0.00,-7.6,-0.3857868020304568527918781726,0.21666666666666667,TECHNICAL_ONLY_ABLATION,-20.60,-1.045685279187817258883248731,LOSS_1R,QRP-MACRO-LIQUIDITY-REVERSAL-001,0,19.7,NORMALIZED_HIGH_COST,D1-20241108-BEARISH-M1-C2_FVG_BREAKER-FVG-012497-BREAKER-001417,3.0,6,21214.9,M1_C2_FVG_BREAKER,1.5,21178.65,M1
20645.65,20652.7,False,2,BREAKER,20645.0,20651.7,1.0,FVG-012692|BREAKER-001443,20645.0,20646.3,20644.90,20653.45,HYPOTHETICAL_SCENARIO_NOT_BROKER_FACT,2024-11-20 00:00:00,2024-11-21 02:09:00,BEARISH,2024-11-21 02:09:00,2024-11-21 02:10:00,20645.65,D1-20241120-BEARISH,STOP,20652.7,2024-11-21 02:11:00,MLR-TECH-ABL-001,2024-11-22 00:00:00,PREVIOUSLY_EXPOSED_WINDOW,C2_FVG_BREAKER,M1_STRICT_PENETRATION_NO_FAVORABLE_IMPROVEMENT,STRICT_M1_LIMIT_PENETRATION,FILLED,0,0,-7.05,-0.7382198952879581151832460733,0.016666666666666666,TECHNICAL_ONLY_ABLATION,-9.55,-1,LOSS_1R,QRP-MACRO-LIQUIDITY-REVERSAL-001,0,9.55,NORMALIZED_LOW_COST,D1-20241120-BEARISH-M1-C2_FVG_BREAKER-FVG-012692-BREAKER-001443,0.50,1,20652.7,M1_C2_FVG_BREAKER,1.5,20631.325,M1
20645.65,20653.7,False,2,BREAKER,20645.0,20651.7,2,FVG-012692|BREAKER-001443,20645.0,20646.3,20644.15,20655.2,HYPOTHETICAL_SCENARIO_NOT_BROKER_FACT,2024-11-20 00:00:00,2024-11-21 02:09:00,BEARISH,2024-11-21 02:09:00,2024-11-21 02:10:00,20645.65,D1-20241120-BEARISH,STOP,20653.7,2024-11-21 02:11:00,MLR-TECH-ABL-001,2024-11-22 00:00:00,PREVIOUSLY_EXPOSED_WINDOW,C2_FVG_BREAKER,M1_STRICT_PENETRATION_NO_FAVORABLE_IMPROVEMENT,STRICT_M1_LIMIT_PENETRATION,FILLED,0,0.0,-8.05,-0.6168582375478927203065134100,0.016666666666666666,TECHNICAL_ONLY_ABLATION,-13.05,-1,LOSS_1R,QRP-MACRO-LIQUIDITY-REVERSAL-001,0,13.05,NORMALIZED_MEDIUM_COST,D1-20241120-BEARISH-M1-C2_FVG_BREAKER-FVG-012692-BREAKER-001443,1.0,2,20653.7,M1_C2_FVG_BREAKER,1.5,20626.075,M1
20645.65,20608.075,False,28,BREAKER,20645.0,20651.7,4,FVG-012692|BREAKER-001443,20645.0,20646.3,20641.15,20612.575,HYPOTHETICAL_SCENARIO_NOT_BROKER_FACT,2024-11-20 00:00:00,2024-11-21 02:09:00,BEARISH,2024-11-21 02:09:00,2024-11-21 02:10:00,20645.65,D1-20241120-BEARISH,TARGET_1_5R,20608.075,2024-11-21 02:37:00,MLR-TECH-ABL-001,2024-11-22 00:00:00,PREVIOUSLY_EXPOSED_WINDOW,C2_FVG_BREAKER,M1_STRICT_PENETRATION_NO_FAVORABLE_IMPROVEMENT,STRICT_M1_LIMIT_PENETRATION,FILLED,0,0.00,37.575,1.5,0.45,TECHNICAL_ONLY_ABLATION,24.575,0.9810379241516966067864271457,WIN_TARGET_1_5R,QRP-MACRO-LIQUIDITY-REVERSAL-001,0,25.05,NORMALIZED_HIGH_COST,D1-20241120-BEARISH-M1-C2_FVG_BREAKER-FVG-012692-BREAKER-001443,3.0,6,20657.7,M1_C2_FVG_BREAKER,1.5,20608.075,M1
21439.7,21441.6,False,8,BREAKER,21439.1,21440.6,1.0,FVG-012899|BREAKER-001466,21439.2,21440.2,21438.95,21442.35,HYPOTHETICAL_SCENARIO_NOT_BROKER_FACT,2024-12-05 00:00:00,2024-12-06 14:38:00,BEARISH,2024-12-06 14:38:00,2024-12-06 14:39:00,21439.7,D1-20241205-BEARISH,STOP,21441.6,2024-12-06 14:46:00,MLR-TECH-ABL-001,2024-12-07 00:00:00,PREVIOUSLY_EXPOSED_WINDOW,C2_FVG_BREAKER,M1_STRICT_PENETRATION_NO_FAVORABLE_IMPROVEMENT,STRICT_M1_LIMIT_PENETRATION,FILLED,0,0,-1.9,-0.4318181818181818181818181818,0.11666666666666667,TECHNICAL_ONLY_ABLATION,-4.40,-1,LOSS_1R,QRP-MACRO-LIQUIDITY-REVERSAL-001,0,4.40,NORMALIZED_LOW_COST,D1-20241205-BEARISH-M1-C2_FVG_BREAKER-FVG-012899-BREAKER-001466,0.50,1,21441.6,M1_C2_FVG_BREAKER,1.5,21433.100,M1
21439.7,21442.6,False,9,BREAKER,21439.1,21440.6,2,FVG-012899|BREAKER-001466,21439.2,21440.2,21438.2,21444.1,HYPOTHETICAL_SCENARIO_NOT_BROKER_FACT,2024-12-05 00:00:00,2024-12-06 14:38:00,BEARISH,2024-12-06 14:38:00,2024-12-06 14:39:00,21439.7,D1-20241205-BEARISH,STOP,21442.6,2024-12-06 14:47:00,MLR-TECH-ABL-001,2024-12-07 00:00:00,PREVIOUSLY_EXPOSED_WINDOW,C2_FVG_BREAKER,M1_STRICT_PENETRATION_NO_FAVORABLE_IMPROVEMENT,STRICT_M1_LIMIT_PENETRATION,FILLED,0,0.0,-2.9,-0.3670886075949367088607594937,0.13333333333333333,TECHNICAL_ONLY_ABLATION,-7.9,-1,LOSS_1R,QRP-MACRO-LIQUIDITY-REVERSAL-001,0,7.9,NORMALIZED_MEDIUM_COST,D1-20241205-BEARISH-M1-C2_FVG_BREAKER-FVG-012899-BREAKER-001466,1.0,2,21442.6,M1_C2_FVG_BREAKER,1.5,21427.85,M1
21439.7,21446.6,False,26,BREAKER,21439.1,21440.6,4,FVG-012899|BREAKER-001466,21439.2,21440.2,21435.2,21451.1,HYPOTHETICAL_SCENARIO_NOT_BROKER_FACT,2024-12-05 00:00:00,2024-12-06 14:38:00,BEARISH,2024-12-06 14:38:00,2024-12-06 14:39:00,21439.7,D1-20241205-BEARISH,STOP,21446.6,2024-12-06 15:04:00,MLR-TECH-ABL-001,2024-12-07 00:00:00,PREVIOUSLY_EXPOSED_WINDOW,C2_FVG_BREAKER,M1_STRICT_PENETRATION_NO_FAVORABLE_IMPROVEMENT,STRICT_M1_LIMIT_PENETRATION,FILLED,0,0.00,-6.9,-0.3467336683417085427135678392,0.4166666666666667,TECHNICAL_ONLY_ABLATION,-19.90,-1.0,LOSS_1R,QRP-MACRO-LIQUIDITY-REVERSAL-001,0,19.9,NORMALIZED_HIGH_COST,D1-20241205-BEARISH-M1-C2_FVG_BREAKER-FVG-012899-BREAKER-001466,3.0,6,21446.6,M1_C2_FVG_BREAKER,1.5,21409.85,M1
21500.25,21502.1,False,7,BREAKER,21498.8,21501.1,1.0,FVG-012997|BREAKER-001479,21499.4,21501.1,21499.50,21502.85,HYPOTHETICAL_SCENARIO_NOT_BROKER_FACT,2025-01-29 00:00:00,2025-01-30 08:11:00,BEARISH,2025-01-30 09:34:00,2025-01-30 09:35:00,21500.25,D1-20250129-BEARISH,STOP,21502.1,2025-01-30 09:41:00,MLR-TECH-ABL-001,2025-01-31 00:00:00,PREVIOUSLY_EXPOSED_WINDOW,C2_FVG_BREAKER,M1_STRICT_PENETRATION_NO_FAVORABLE_IMPROVEMENT,STRICT_M1_LIMIT_PENETRATION,FILLED,0,0,-1.85,-0.4252873563218390804597701149,0.1,TECHNICAL_ONLY_ABLATION,-4.35,-1,LOSS_1R,QRP-MACRO-LIQUIDITY-REVERSAL-001,0,4.35,NORMALIZED_LOW_COST,D1-20250129-BEARISH-M1-C2_FVG_BREAKER-FVG-012997-BREAKER-001479,0.50,1,21502.1,M1_C2_FVG_BREAKER,1.5,21493.725,M1
21500.25,21503.1,False,8,BREAKER,21498.8,21501.1,2,FVG-012997|BREAKER-001479,21499.4,21501.1,21498.75,21504.6,HYPOTHETICAL_SCENARIO_NOT_BROKER_FACT,2025-01-29 00:00:00,2025-01-30 08:11:00,BEARISH,2025-01-30 09:34:00,2025-01-30 09:35:00,21500.25,D1-20250129-BEARISH,STOP,21503.1,2025-01-30 09:42:00,MLR-TECH-ABL-001,2025-01-31 00:00:00,PREVIOUSLY_EXPOSED_WINDOW,C2_FVG_BREAKER,M1_STRICT_PENETRATION_NO_FAVORABLE_IMPROVEMENT,STRICT_M1_LIMIT_PENETRATION,FILLED,0,0.0,-2.85,-0.3630573248407643312101910828,0.11666666666666667,TECHNICAL_ONLY_ABLATION,-7.85,-1,LOSS_1R,QRP-MACRO-LIQUIDITY-REVERSAL-001,0,7.85,NORMALIZED_MEDIUM_COST,D1-20250129-BEARISH-M1-C2_FVG_BREAKER-FVG-012997-BREAKER-001479,1.0,2,21503.1,M1_C2_FVG_BREAKER,1.5,21488.475,M1
21500.25,21507.1,False,10,BREAKER,21498.8,21501.1,4,FVG-012997|BREAKER-001479,21499.4,21501.1,21495.75,21511.6,HYPOTHETICAL_SCENARIO_NOT_BROKER_FACT,2025-01-29 00:00:00,2025-01-30 08:11:00,BEARISH,2025-01-30 09:34:00,2025-01-30 09:35:00,21500.25,D1-20250129-BEARISH,STOP,21507.1,2025-01-30 09:44:00,MLR-TECH-ABL-001,2025-01-31 00:00:00,PREVIOUSLY_EXPOSED_WINDOW,C2_FVG_BREAKER,M1_STRICT_PENETRATION_NO_FAVORABLE_IMPROVEMENT,STRICT_M1_LIMIT_PENETRATION,FILLED,0,0.00,-6.85,-0.3450881612090680100755667506,0.15,TECHNICAL_ONLY_ABLATION,-19.85,-1,LOSS_1R,QRP-MACRO-LIQUIDITY-REVERSAL-001,0,19.85,NORMALIZED_HIGH_COST,D1-20250129-BEARISH-M1-C2_FVG_BREAKER-FVG-012997-BREAKER-001479,3.0,6,21507.1,M1_C2_FVG_BREAKER,1.5,21470.475,M1
20490.5,20470.9,False,14,BREAKER,20471.9,20494.7,1.0,FVG-013149|BREAKER-001504,20490.0,20491.0,20491.25,20470.15,HYPOTHETICAL_SCENARIO_NOT_BROKER_FACT,2025-03-04 00:00:00,2025-03-05 01:03:00,BULLISH,2025-03-05 02:21:00,2025-03-05 02:22:00,20490.5,D1-20250304-BULLISH,STOP,20470.9,2025-03-05 02:35:00,MLR-TECH-ABL-001,2025-03-06 00:00:00,PREVIOUSLY_EXPOSED_WINDOW,C2_FVG_BREAKER,M1_STRICT_PENETRATION_NO_FAVORABLE_IMPROVEMENT,STRICT_M1_LIMIT_PENETRATION,FILLED,0,0,-19.6,-0.8868778280542986425339366516,0.21666666666666667,TECHNICAL_ONLY_ABLATION,-22.10,-1,LOSS_1R,QRP-MACRO-LIQUIDITY-REVERSAL-001,0,22.10,NORMALIZED_LOW_COST,D1-20250304-BULLISH-M1-C2_FVG_BREAKER-FVG-013149-BREAKER-001504,0.50,1,20470.9,M1_C2_FVG_BREAKER,1.5,20523.650,M1
20490.5,20469.9,False,14,BREAKER,20471.9,20494.7,2,FVG-013149|BREAKER-001504,20490.0,20491.0,20492.0,20468.4,HYPOTHETICAL_SCENARIO_NOT_BROKER_FACT,2025-03-04 00:00:00,2025-03-05 01:03:00,BULLISH,2025-03-05 02:21:00,2025-03-05 02:22:00,20490.5,D1-20250304-BULLISH,STOP,20469.9,2025-03-05 02:35:00,MLR-TECH-ABL-001,2025-03-06 00:00:00,PREVIOUSLY_EXPOSED_WINDOW,C2_FVG_BREAKER,M1_STRICT_PENETRATION_NO_FAVORABLE_IMPROVEMENT,STRICT_M1_LIMIT_PENETRATION,FILLED,0,0.0,-20.6,-0.8046875,0.21666666666666667,TECHNICAL_ONLY_ABLATION,-25.6,-1,LOSS_1R,QRP-MACRO-LIQUIDITY-REVERSAL-001,0,25.6,NORMALIZED_MEDIUM_COST,D1-20250304-BULLISH-M1-C2_FVG_BREAKER-FVG-013149-BREAKER-001504,1.0,2,20469.9,M1_C2_FVG_BREAKER,1.5,20528.90,M1
20490.5,20465.9,False,14,BREAKER,20471.9,20494.7,4,FVG-013149|BREAKER-001504,20490.0,20491.0,20495.0,20461.4,HYPOTHETICAL_SCENARIO_NOT_BROKER_FACT,2025-03-04 00:00:00,2025-03-05 01:03:00,BULLISH,2025-03-05 02:21:00,2025-03-05 02:22:00,20490.5,D1-20250304-BULLISH,STOP,20465.9,2025-03-05 02:35:00,MLR-TECH-ABL-001,2025-03-06 00:00:00,PREVIOUSLY_EXPOSED_WINDOW,C2_FVG_BREAKER,M1_STRICT_PENETRATION_NO_FAVORABLE_IMPROVEMENT,STRICT_M1_LIMIT_PENETRATION,FILLED,0,0.00,-24.6,-0.6542553191489361702127659574,0.21666666666666667,TECHNICAL_ONLY_ABLATION,-37.60,-1.0,LOSS_1R,QRP-MACRO-LIQUIDITY-REVERSAL-001,0,37.6,NORMALIZED_HIGH_COST,D1-20250304-BULLISH-M1-C2_FVG_BREAKER-FVG-013149-BREAKER-001504,3.0,6,20465.9,M1_C2_FVG_BREAKER,1.5,20546.90,M1
21331.65,21314.475,False,18,BREAKER,21331.6,21339.6,1.0,FVG-013370|BREAKER-001527,21331.6,21331.7,21330.90,21315.225,HYPOTHETICAL_SCENARIO_NOT_BROKER_FACT,2025-05-15 00:00:00,2025-05-16 03:28:00,BEARISH,2025-05-16 03:28:00,2025-05-16 03:29:00,21331.65,D1-20250515-BEARISH,TARGET_1_5R,21314.475,2025-05-16 03:46:00,MLR-TECH-ABL-001,2025-05-17 00:00:00,PREVIOUSLY_EXPOSED_WINDOW,C2_FVG_BREAKER,M1_STRICT_PENETRATION_NO_FAVORABLE_IMPROVEMENT,STRICT_M1_LIMIT_PENETRATION,FILLED,0,0,17.175,1.5,0.2833333333333333,TECHNICAL_ONLY_ABLATION,14.675,1.281659388646288209606986900,WIN_TARGET_1_5R,QRP-MACRO-LIQUIDITY-REVERSAL-001,0,11.45,NORMALIZED_LOW_COST,D1-20250515-BEARISH-M1-C2_FVG_BREAKER-FVG-013370-BREAKER-001527,0.50,1,21340.6,M1_C2_FVG_BREAKER,1.5,21314.475,M1
21331.65,21309.225,False,19,BREAKER,21331.6,21339.6,2,FVG-013370|BREAKER-001527,21331.6,21331.7,21330.15,21310.725,HYPOTHETICAL_SCENARIO_NOT_BROKER_FACT,2025-05-15 00:00:00,2025-05-16 03:28:00,BEARISH,2025-05-16 03:28:00,2025-05-16 03:29:00,21331.65,D1-20250515-BEARISH,TARGET_1_5R,21309.225,2025-05-16 03:47:00,MLR-TECH-ABL-001,2025-05-17 00:00:00,PREVIOUSLY_EXPOSED_WINDOW,C2_FVG_BREAKER,M1_STRICT_PENETRATION_NO_FAVORABLE_IMPROVEMENT,STRICT_M1_LIMIT_PENETRATION,FILLED,0,0.0,22.425,1.5,0.3,TECHNICAL_ONLY_ABLATION,17.425,1.165551839464882943143812709,WIN_TARGET_1_5R,QRP-MACRO-LIQUIDITY-REVERSAL-001,0,14.95,NORMALIZED_MEDIUM_COST,D1-20250515-BEARISH-M1-C2_FVG_BREAKER-FVG-013370-BREAKER-001527,1.0,2,21341.6,M1_C2_FVG_BREAKER,1.5,21309.225,M1
21331.65,21291.225,False,22,BREAKER,21331.6,21339.6,4,FVG-013370|BREAKER-001527,21331.6,21331.7,21327.15,21295.725,HYPOTHETICAL_SCENARIO_NOT_BROKER_FACT,2025-05-15 00:00:00,2025-05-16 03:28:00,BEARISH,2025-05-16 03:28:00,2025-05-16 03:29:00,21331.65,D1-20250515-BEARISH,TARGET_1_5R,21291.225,2025-05-16 03:50:00,MLR-TECH-ABL-001,2025-05-17 00:00:00,PREVIOUSLY_EXPOSED_WINDOW,C2_FVG_BREAKER,M1_STRICT_PENETRATION_NO_FAVORABLE_IMPROVEMENT,STRICT_M1_LIMIT_PENETRATION,FILLED,0,0.00,40.425,1.5,0.35,TECHNICAL_ONLY_ABLATION,27.425,1.017625231910946196660482375,WIN_TARGET_1_5R,QRP-MACRO-LIQUIDITY-REVERSAL-001,0,26.95,NORMALIZED_HIGH_COST,D1-20250515-BEARISH-M1-C2_FVG_BREAKER-FVG-013370-BREAKER-001527,3.0,6,21345.6,M1_C2_FVG_BREAKER,1.5,21291.225,M1
21718.05,21710.925,False,2,BREAKER,21716.8,21719.3,1.0,FVG-013586|BREAKER-001558,21716.8,21719.3,21717.30,21711.675,HYPOTHETICAL_SCENARIO_NOT_BROKER_FACT,2025-06-04 00:00:00,2025-06-05 02:17:00,BEARISH,2025-06-05 02:17:00,2025-06-05 02:18:00,21718.05,D1-20250604-BEARISH,TARGET_1_5R,21710.925,2025-06-05 02:19:00,MLR-TECH-ABL-001,2025-06-06 00:00:00,PREVIOUSLY_EXPOSED_WINDOW,C2_FVG_BREAKER,M1_STRICT_PENETRATION_NO_FAVORABLE_IMPROVEMENT,STRICT_M1_LIMIT_PENETRATION,FILLED,0,0,7.125,1.5,0.016666666666666666,TECHNICAL_ONLY_ABLATION,4.625,0.9736842105263157894736842105,WIN_TARGET_1_5R,QRP-MACRO-LIQUIDITY-REVERSAL-001,0,4.75,NORMALIZED_LOW_COST,D1-20250604-BEARISH-M1-C2_FVG_BREAKER-FVG-013586-BREAKER-001558,0.50,1,21720.3,M1_C2_FVG_BREAKER,1.5,21710.925,M1
21718.05,21705.675,False,41,BREAKER,21716.8,21719.3,2,FVG-013586|BREAKER-001558,21716.8,21719.3,21716.55,21707.175,HYPOTHETICAL_SCENARIO_NOT_BROKER_FACT,2025-06-04 00:00:00,2025-06-05 02:17:00,BEARISH,2025-06-05 02:17:00,2025-06-05 02:18:00,21718.05,D1-20250604-BEARISH,TARGET_1_5R,21705.675,2025-06-05 02:58:00,MLR-TECH-ABL-001,2025-06-06 00:00:00,PREVIOUSLY_EXPOSED_WINDOW,C2_FVG_BREAKER,M1_STRICT_PENETRATION_NO_FAVORABLE_IMPROVEMENT,STRICT_M1_LIMIT_PENETRATION,FILLED,0,0.0,12.375,1.5,0.6666666666666666,TECHNICAL_ONLY_ABLATION,7.375,0.8939393939393939393939393939,WIN_TARGET_1_5R,QRP-MACRO-LIQUIDITY-REVERSAL-001,0,8.25,NORMALIZED_MEDIUM_COST,D1-20250604-BEARISH-M1-C2_FVG_BREAKER-FVG-013586-BREAKER-001558,1.0,2,21721.3,M1_C2_FVG_BREAKER,1.5,21705.675,M1
21718.05,21725.3,False,64,BREAKER,21716.8,21719.3,4,FVG-013586|BREAKER-001558,21716.8,21719.3,21713.55,21729.8,HYPOTHETICAL_SCENARIO_NOT_BROKER_FACT,2025-06-04 00:00:00,2025-06-05 02:17:00,BEARISH,2025-06-05 02:17:00,2025-06-05 02:18:00,21718.05,D1-20250604-BEARISH,STOP,21725.3,2025-06-05 03:21:00,MLR-TECH-ABL-001,2025-06-06 00:00:00,PREVIOUSLY_EXPOSED_WINDOW,C2_FVG_BREAKER,M1_STRICT_PENETRATION_NO_FAVORABLE_IMPROVEMENT,STRICT_M1_LIMIT_PENETRATION,FILLED,0,0.00,-7.25,-0.3580246913580246913580246914,1.05,TECHNICAL_ONLY_ABLATION,-20.25,-1,LOSS_1R,QRP-MACRO-LIQUIDITY-REVERSAL-001,0,20.25,NORMALIZED_HIGH_COST,D1-20250604-BEARISH-M1-C2_FVG_BREAKER-FVG-013586-BREAKER-001558,3.0,6,21725.3,M1_C2_FVG_BREAKER,1.5,21687.675,M1
21806.9,21808.8,False,7,BREAKER,21806.8,21807.8,1.0,FVG-013792|BREAKER-001580,21806.8,21807.0,21806.15,21809.55,HYPOTHETICAL_SCENARIO_NOT_BROKER_FACT,2025-06-09 00:00:00,2025-06-10 03:02:00,BEARISH,2025-06-10 03:16:00,2025-06-10 03:17:00,21806.9,D1-20250609-BEARISH,STOP_GAP_OPEN,21808.8,2025-06-10 03:22:00,MLR-TECH-ABL-001,2025-06-11 00:00:00,PREVIOUSLY_EXPOSED_WINDOW,C2_FVG_BREAKER,M1_STRICT_PENETRATION_NO_FAVORABLE_IMPROVEMENT,STRICT_M1_LIMIT_PENETRATION,FILLED,0,0,-1.9,-0.4318181818181818181818181818,0.08333333333333333,TECHNICAL_ONLY_ABLATION,-4.40,-1,LOSS_1R,QRP-MACRO-LIQUIDITY-REVERSAL-001,0,4.40,NORMALIZED_LOW_COST,D1-20250609-BEARISH-M1-C2_FVG_BREAKER-FVG-013792-BREAKER-001580,0.50,1,21808.8,M1_C2_FVG_BREAKER,1.5,21800.300,M1
21806.9,21809.8,False,7,BREAKER,21806.8,21807.8,2,FVG-013792|BREAKER-001580,21806.8,21807.0,21805.4,21811.3,HYPOTHETICAL_SCENARIO_NOT_BROKER_FACT,2025-06-09 00:00:00,2025-06-10 03:02:00,BEARISH,2025-06-10 03:16:00,2025-06-10 03:17:00,21806.9,D1-20250609-BEARISH,STOP,21809.8,2025-06-10 03:23:00,MLR-TECH-ABL-001,2025-06-11 00:00:00,PREVIOUSLY_EXPOSED_WINDOW,C2_FVG_BREAKER,M1_STRICT_PENETRATION_NO_FAVORABLE_IMPROVEMENT,STRICT_M1_LIMIT_PENETRATION,FILLED,0,0.0,-2.9,-0.3670886075949367088607594937,0.1,TECHNICAL_ONLY_ABLATION,-7.9,-1,LOSS_1R,QRP-MACRO-LIQUIDITY-REVERSAL-001,0,7.9,NORMALIZED_MEDIUM_COST,D1-20250609-BEARISH-M1-C2_FVG_BREAKER-FVG-013792-BREAKER-001580,1.0,2,21809.8,M1_C2_FVG_BREAKER,1.5,21795.05,M1
21806.9,21813.8,False,11,BREAKER,21806.8,21807.8,4,FVG-013792|BREAKER-001580,21806.8,21807.0,21802.4,21818.3,HYPOTHETICAL_SCENARIO_NOT_BROKER_FACT,2025-06-09 00:00:00,2025-06-10 03:02:00,BEARISH,2025-06-10 03:16:00,2025-06-10 03:17:00,21806.9,D1-20250609-BEARISH,STOP,21813.8,2025-06-10 03:27:00,MLR-TECH-ABL-001,2025-06-11 00:00:00,PREVIOUSLY_EXPOSED_WINDOW,C2_FVG_BREAKER,M1_STRICT_PENETRATION_NO_FAVORABLE_IMPROVEMENT,STRICT_M1_LIMIT_PENETRATION,FILLED,0,0.00,-6.9,-0.3467336683417085427135678392,0.16666666666666666,TECHNICAL_ONLY_ABLATION,-19.90,-1.0,LOSS_1R,QRP-MACRO-LIQUIDITY-REVERSAL-001,0,19.9,NORMALIZED_HIGH_COST,D1-20250609-BEARISH-M1-C2_FVG_BREAKER-FVG-013792-BREAKER-001580,3.0,6,21813.8,M1_C2_FVG_BREAKER,1.5,21777.05,M1
22860.1,22861.8,False,1,BREAKER,22857.1,22860.8,1.0,FVG-013973|BREAKER-001594,22859.4,22860.8,22859.35,22862.55,HYPOTHETICAL_SCENARIO_NOT_BROKER_FACT,2025-07-15 00:00:00,2025-07-16 01:12:00,BEARISH,2025-07-16 01:27:00,2025-07-16 01:28:00,22860.1,D1-20250715-BEARISH,ENTRY_BAR_STOP_ADVERSE,22861.8,2025-07-16 01:28:00,MLR-TECH-ABL-001,2025-07-17 00:00:00,PREVIOUSLY_EXPOSED_WINDOW,C2_FVG_BREAKER,M1_STRICT_PENETRATION_NO_FAVORABLE_IMPROVEMENT,STRICT_M1_LIMIT_PENETRATION,FILLED,0,0,-1.7,-0.4047619047619047619047619048,0.0,TECHNICAL_ONLY_ABLATION,-4.20,-1,LOSS_1R,QRP-MACRO-LIQUIDITY-REVERSAL-001,0,4.20,NORMALIZED_LOW_COST,D1-20250715-BEARISH-M1-C2_FVG_BREAKER-FVG-013973-BREAKER-001594,0.50,1,22861.8,M1_C2_FVG_BREAKER,1.5,22853.800,M1
22860.1,22848.55,False,6,BREAKER,22857.1,22860.8,2,FVG-013973|BREAKER-001594,22859.4,22860.8,22858.6,22850.05,HYPOTHETICAL_SCENARIO_NOT_BROKER_FACT,2025-07-15 00:00:00,2025-07-16 01:12:00,BEARISH,2025-07-16 01:27:00,2025-07-16 01:28:00,22860.1,D1-20250715-BEARISH,TARGET_1_5R,22848.55,2025-07-16 01:33:00,MLR-TECH-ABL-001,2025-07-17 00:00:00,PREVIOUSLY_EXPOSED_WINDOW,C2_FVG_BREAKER,M1_STRICT_PENETRATION_NO_FAVORABLE_IMPROVEMENT,STRICT_M1_LIMIT_PENETRATION,FILLED,0,0.0,11.55,1.5,0.08333333333333333,TECHNICAL_ONLY_ABLATION,6.55,0.8506493506493506493506493506,WIN_TARGET_1_5R,QRP-MACRO-LIQUIDITY-REVERSAL-001,0,7.7,NORMALIZED_MEDIUM_COST,D1-20250715-BEARISH-M1-C2_FVG_BREAKER-FVG-013973-BREAKER-001594,1.0,2,22862.8,M1_C2_FVG_BREAKER,1.5,22848.55,M1
22860.1,22830.55,False,7,BREAKER,22857.1,22860.8,4,FVG-013973|BREAKER-001594,22859.4,22860.8,22855.6,22835.05,HYPOTHETICAL_SCENARIO_NOT_BROKER_FACT,2025-07-15 00:00:00,2025-07-16 01:12:00,BEARISH,2025-07-16 01:27:00,2025-07-16 01:28:00,22860.1,D1-20250715-BEARISH,TARGET_1_5R,22830.55,2025-07-16 01:34:00,MLR-TECH-ABL-001,2025-07-17 00:00:00,PREVIOUSLY_EXPOSED_WINDOW,C2_FVG_BREAKER,M1_STRICT_PENETRATION_NO_FAVORABLE_IMPROVEMENT,STRICT_M1_LIMIT_PENETRATION,FILLED,0,0.00,29.55,1.5,0.1,TECHNICAL_ONLY_ABLATION,16.55,0.8401015228426395939086294416,WIN_TARGET_1_5R,QRP-MACRO-LIQUIDITY-REVERSAL-001,0,19.7,NORMALIZED_HIGH_COST,D1-20250715-BEARISH-M1-C2_FVG_BREAKER-FVG-013973-BREAKER-001594,3.0,6,22866.8,M1_C2_FVG_BREAKER,1.5,22830.55,M1
23113.699999999997,23115.6,False,2,BREAKER,23112.4,23114.6,1.0,FVG-014177|BREAKER-001614,23113.6,23113.8,23112.949999999997,23116.35,HYPOTHETICAL_SCENARIO_NOT_BROKER_FACT,2025-07-18 00:00:00,2025-07-21 03:33:00,BEARISH,2025-07-21 03:33:00,2025-07-21 03:34:00,23113.699999999997,D1-20250718-BEARISH,STOP,23115.6,2025-07-21 03:35:00,MLR-TECH-ABL-001,2025-07-22 00:00:00,PREVIOUSLY_EXPOSED_WINDOW,C2_FVG_BREAKER,M1_STRICT_PENETRATION_NO_FAVORABLE_IMPROVEMENT,STRICT_M1_LIMIT_PENETRATION,FILLED,0,0,-1.900000000003,-0.4318181818185692148760327937,0.016666666666666666,TECHNICAL_ONLY_ABLATION,-4.400000000003,-1,LOSS_1R,QRP-MACRO-LIQUIDITY-REVERSAL-001,0,4.400000000003,NORMALIZED_LOW_COST,D1-20250718-BEARISH-M1-C2_FVG_BREAKER-FVG-014177-BREAKER-001614,0.50,1,23115.6,M1_C2_FVG_BREAKER,1.5,23107.0999999999925,M1
23113.699999999997,23116.6,False,2,BREAKER,23112.4,23114.6,2,FVG-014177|BREAKER-001614,23113.6,23113.8,23112.199999999997,23118.1,HYPOTHETICAL_SCENARIO_NOT_BROKER_FACT,2025-07-18 00:00:00,2025-07-21 03:33:00,BEARISH,2025-07-21 03:33:00,2025-07-21 03:34:00,23113.699999999997,D1-20250718-BEARISH,STOP,23116.6,2025-07-21 03:35:00,MLR-TECH-ABL-001,2025-07-22 00:00:00,PREVIOUSLY_EXPOSED_WINDOW,C2_FVG_BREAKER,M1_STRICT_PENETRATION_NO_FAVORABLE_IMPROVEMENT,STRICT_M1_LIMIT_PENETRATION,FILLED,0,0.0,-2.900000000003,-0.3670886075951770549591410720,0.016666666666666666,TECHNICAL_ONLY_ABLATION,-7.900000000003,-1,LOSS_1R,QRP-MACRO-LIQUIDITY-REVERSAL-001,0,7.900000000003,NORMALIZED_MEDIUM_COST,D1-20250718-BEARISH-M1-C2_FVG_BREAKER-FVG-014177-BREAKER-001614,1.0,2,23116.6,M1_C2_FVG_BREAKER,1.5,23101.8499999999925,M1
23113.699999999997,23120.6,False,35,BREAKER,23112.4,23114.6,4,FVG-014177|BREAKER-001614,23113.6,23113.8,23109.199999999997,23125.1,HYPOTHETICAL_SCENARIO_NOT_BROKER_FACT,2025-07-18 00:00:00,2025-07-21 03:33:00,BEARISH,2025-07-21 03:33:00,2025-07-21 03:34:00,23113.699999999997,D1-20250718-BEARISH,STOP,23120.6,2025-07-21 04:08:00,MLR-TECH-ABL-001,2025-07-22 00:00:00,PREVIOUSLY_EXPOSED_WINDOW,C2_FVG_BREAKER,M1_STRICT_PENETRATION_NO_FAVORABLE_IMPROVEMENT,STRICT_M1_LIMIT_PENETRATION,FILLED,0,0.00,-6.900000000003,-0.3467336683418070250751243507,0.5666666666666667,TECHNICAL_ONLY_ABLATION,-19.900000000003,-1,LOSS_1R,QRP-MACRO-LIQUIDITY-REVERSAL-001,0,19.900000000003,NORMALIZED_HIGH_COST,D1-20250718-BEARISH-M1-C2_FVG_BREAKER-FVG-014177-BREAKER-001614,3.0,6,23120.6,M1_C2_FVG_BREAKER,1.5,23083.8499999999925,M1
23860.15,23852.575,False,6,BREAKER,23858.4,23861.7,1.0,FVG-014386|BREAKER-001643,23858.9,23861.4,23859.40,23853.325,HYPOTHETICAL_SCENARIO_NOT_BROKER_FACT,2025-08-13 00:00:00,2025-08-14 06:10:00,BEARISH,2025-08-14 11:33:00,2025-08-14 11:34:00,23860.15,D1-20250813-BEARISH,TARGET_1_5R,23852.575,2025-08-14 11:39:00,MLR-TECH-ABL-001,2025-08-15 00:00:00,PREVIOUSLY_EXPOSED_WINDOW,C2_FVG_BREAKER,M1_STRICT_PENETRATION_NO_FAVORABLE_IMPROVEMENT,STRICT_M1_LIMIT_PENETRATION,FILLED,0,0,7.575,1.5,0.08333333333333333,TECHNICAL_ONLY_ABLATION,5.075,1.004950495049504950495049505,WIN_TARGET_1_5R,QRP-MACRO-LIQUIDITY-REVERSAL-001,0,5.05,NORMALIZED_LOW_COST,D1-20250813-BEARISH-M1-C2_FVG_BREAKER-FVG-014386-BREAKER-001643,0.50,1,23862.7,M1_C2_FVG_BREAKER,1.5,23852.575,M1
23860.15,23847.325,False,10,BREAKER,23858.4,23861.7,2,FVG-014386|BREAKER-001643,23858.9,23861.4,23858.65,23848.825,HYPOTHETICAL_SCENARIO_NOT_BROKER_FACT,2025-08-13 00:00:00,2025-08-14 06:10:00,BEARISH,2025-08-14 11:33:00,2025-08-14 11:34:00,23860.15,D1-20250813-BEARISH,TARGET_1_5R,23847.325,2025-08-14 11:43:00,MLR-TECH-ABL-001,2025-08-15 00:00:00,PREVIOUSLY_EXPOSED_WINDOW,C2_FVG_BREAKER,M1_STRICT_PENETRATION_NO_FAVORABLE_IMPROVEMENT,STRICT_M1_LIMIT_PENETRATION,FILLED,0,0.0,12.825,1.5,0.15,TECHNICAL_ONLY_ABLATION,7.825,0.9152046783625730994152046784,WIN_TARGET_1_5R,QRP-MACRO-LIQUIDITY-REVERSAL-001,0,8.55,NORMALIZED_MEDIUM_COST,D1-20250813-BEARISH-M1-C2_FVG_BREAKER-FVG-014386-BREAKER-001643,1.0,2,23863.7,M1_C2_FVG_BREAKER,1.5,23847.325,M1
23860.15,23867.7,False,177,BREAKER,23858.4,23861.7,4,FVG-014386|BREAKER-001643,23858.9,23861.4,23855.65,23872.2,HYPOTHETICAL_SCENARIO_NOT_BROKER_FACT,2025-08-13 00:00:00,2025-08-14 06:10:00,BEARISH,2025-08-14 11:33:00,2025-08-14 11:34:00,23860.15,D1-20250813-BEARISH,STOP,23867.7,2025-08-14 14:30:00,MLR-TECH-ABL-001,2025-08-15 00:00:00,PREVIOUSLY_EXPOSED_WINDOW,C2_FVG_BREAKER,M1_STRICT_PENETRATION_NO_FAVORABLE_IMPROVEMENT,STRICT_M1_LIMIT_PENETRATION,FILLED,0,0.00,-7.55,-0.3673965936739659367396593674,2.933333333333333,TECHNICAL_ONLY_ABLATION,-20.55,-1,LOSS_1R,QRP-MACRO-LIQUIDITY-REVERSAL-001,0,20.55,NORMALIZED_HIGH_COST,D1-20250813-BEARISH-M1-C2_FVG_BREAKER-FVG-014386-BREAKER-001643,3.0,6,23867.7,M1_C2_FVG_BREAKER,1.5,23829.325,M1
25116.85,25119.0,False,1,BREAKER,25116.0,25118.0,1.0,FVG-014563|BREAKER-001670,25116.0,25117.7,25116.10,25119.75,HYPOTHETICAL_SCENARIO_NOT_BROKER_FACT,2025-10-21 00:00:00,2025-10-22 02:03:00,BEARISH,2025-10-22 02:23:00,2025-10-22 02:24:00,25116.85,D1-20251021-BEARISH,ENTRY_BAR_STOP_ADVERSE,25119.0,2025-10-22 02:24:00,MLR-TECH-ABL-001,2025-10-23 00:00:00,PREVIOUSLY_EXPOSED_WINDOW,C2_FVG_BREAKER,M1_STRICT_PENETRATION_NO_FAVORABLE_IMPROVEMENT,STRICT_M1_LIMIT_PENETRATION,FILLED,0,0,-2.15,-0.4623655913978494623655913978,0.0,TECHNICAL_ONLY_ABLATION,-4.65,-1,LOSS_1R,QRP-MACRO-LIQUIDITY-REVERSAL-001,0,4.65,NORMALIZED_LOW_COST,D1-20251021-BEARISH-M1-C2_FVG_BREAKER-FVG-014563-BREAKER-001670,0.50,1,25119.0,M1_C2_FVG_BREAKER,1.5,25109.875,M1
25116.85,25120.0,False,1,BREAKER,25116.0,25118.0,2,FVG-014563|BREAKER-001670,25116.0,25117.7,25115.35,25121.5,HYPOTHETICAL_SCENARIO_NOT_BROKER_FACT,2025-10-21 00:00:00,2025-10-22 02:03:00,BEARISH,2025-10-22 02:23:00,2025-10-22 02:24:00,25116.85,D1-20251021-BEARISH,ENTRY_BAR_STOP_ADVERSE,25120.0,2025-10-22 02:24:00,MLR-TECH-ABL-001,2025-10-23 00:00:00,PREVIOUSLY_EXPOSED_WINDOW,C2_FVG_BREAKER,M1_STRICT_PENETRATION_NO_FAVORABLE_IMPROVEMENT,STRICT_M1_LIMIT_PENETRATION,FILLED,0,0.0,-3.15,-0.3865030674846625766871165644,0.0,TECHNICAL_ONLY_ABLATION,-8.15,-1,LOSS_1R,QRP-MACRO-LIQUIDITY-REVERSAL-001,0,8.15,NORMALIZED_MEDIUM_COST,D1-20251021-BEARISH-M1-C2_FVG_BREAKER-FVG-014563-BREAKER-001670,1.0,2,25120.0,M1_C2_FVG_BREAKER,1.5,25104.625,M1
25116.85,25086.625,False,46,BREAKER,25116.0,25118.0,4,FVG-014563|BREAKER-001670,25116.0,25117.7,25112.35,25091.125,HYPOTHETICAL_SCENARIO_NOT_BROKER_FACT,2025-10-21 00:00:00,2025-10-22 02:03:00,BEARISH,2025-10-22 02:23:00,2025-10-22 02:24:00,25116.85,D1-20251021-BEARISH,TARGET_1_5R,25086.625,2025-10-22 03:09:00,MLR-TECH-ABL-001,2025-10-23 00:00:00,PREVIOUSLY_EXPOSED_WINDOW,C2_FVG_BREAKER,M1_STRICT_PENETRATION_NO_FAVORABLE_IMPROVEMENT,STRICT_M1_LIMIT_PENETRATION,FILLED,0,0.00,30.225,1.5,0.75,TECHNICAL_ONLY_ABLATION,17.225,0.8548387096774193548387096774,WIN_TARGET_1_5R,QRP-MACRO-LIQUIDITY-REVERSAL-001,0,20.15,NORMALIZED_HIGH_COST,D1-20251021-BEARISH-M1-C2_FVG_BREAKER-FVG-014563-BREAKER-001670,3.0,6,25124.0,M1_C2_FVG_BREAKER,1.5,25086.625,M1
25708.9,25713.8,False,12,BREAKER,25708.0,25712.8,1.0,FVG-014799|BREAKER-001688,25708.0,25709.8,25708.15,25714.55,HYPOTHETICAL_SCENARIO_NOT_BROKER_FACT,2026-01-12 00:00:00,2026-01-13 04:27:00,BEARISH,2026-01-13 04:27:00,2026-01-13 04:28:00,25708.9,D1-20260112-BEARISH,STOP,25713.8,2026-01-13 04:39:00,MLR-TECH-ABL-001,2026-01-14 00:00:00,PREVIOUSLY_EXPOSED_WINDOW,C2_FVG_BREAKER,M1_STRICT_PENETRATION_NO_FAVORABLE_IMPROVEMENT,STRICT_M1_LIMIT_PENETRATION,FILLED,0,0,-4.9,-0.6621621621621621621621621622,0.18333333333333332,TECHNICAL_ONLY_ABLATION,-7.40,-1,LOSS_1R,QRP-MACRO-LIQUIDITY-REVERSAL-001,0,7.40,NORMALIZED_LOW_COST,D1-20260112-BEARISH-M1-C2_FVG_BREAKER-FVG-014799-BREAKER-001688,0.50,1,25713.8,M1_C2_FVG_BREAKER,1.5,25697.800,M1
25708.9,25714.8,False,12,BREAKER,25708.0,25712.8,2,FVG-014799|BREAKER-001688,25708.0,25709.8,25707.4,25716.3,HYPOTHETICAL_SCENARIO_NOT_BROKER_FACT,2026-01-12 00:00:00,2026-01-13 04:27:00,BEARISH,2026-01-13 04:27:00,2026-01-13 04:28:00,25708.9,D1-20260112-BEARISH,STOP,25714.8,2026-01-13 04:39:00,MLR-TECH-ABL-001,2026-01-14 00:00:00,PREVIOUSLY_EXPOSED_WINDOW,C2_FVG_BREAKER,M1_STRICT_PENETRATION_NO_FAVORABLE_IMPROVEMENT,STRICT_M1_LIMIT_PENETRATION,FILLED,0,0.0,-5.9,-0.5412844036697247706422018349,0.18333333333333332,TECHNICAL_ONLY_ABLATION,-10.9,-1,LOSS_1R,QRP-MACRO-LIQUIDITY-REVERSAL-001,0,10.9,NORMALIZED_MEDIUM_COST,D1-20260112-BEARISH-M1-C2_FVG_BREAKER-FVG-014799-BREAKER-001688,1.0,2,25714.8,M1_C2_FVG_BREAKER,1.5,25692.55,M1
25708.9,25718.8,False,13,BREAKER,25708.0,25712.8,4,FVG-014799|BREAKER-001688,25708.0,25709.8,25704.4,25723.3,HYPOTHETICAL_SCENARIO_NOT_BROKER_FACT,2026-01-12 00:00:00,2026-01-13 04:27:00,BEARISH,2026-01-13 04:27:00,2026-01-13 04:28:00,25708.9,D1-20260112-BEARISH,STOP,25718.8,2026-01-13 04:40:00,MLR-TECH-ABL-001,2026-01-14 00:00:00,PREVIOUSLY_EXPOSED_WINDOW,C2_FVG_BREAKER,M1_STRICT_PENETRATION_NO_FAVORABLE_IMPROVEMENT,STRICT_M1_LIMIT_PENETRATION,FILLED,0,0.00,-9.9,-0.4323144104803493449781659389,0.2,TECHNICAL_ONLY_ABLATION,-22.90,-1.0,LOSS_1R,QRP-MACRO-LIQUIDITY-REVERSAL-001,0,22.9,NORMALIZED_HIGH_COST,D1-20260112-BEARISH-M1-C2_FVG_BREAKER-FVG-014799-BREAKER-001688,3.0,6,25718.8,M1_C2_FVG_BREAKER,1.5,25674.55,M1
24718.85,24714.9,True,1,BREAKER,24715.9,24723.1,1.0,FVG-014994|BREAKER-001711,24716.4,24721.3,24719.60,24714.15,HYPOTHETICAL_SCENARIO_NOT_BROKER_FACT,2026-02-27 00:00:00,2026-03-02 02:47:00,BULLISH,2026-03-02 06:20:00,2026-03-02 06:21:00,24718.85,D1-20260227-BULLISH,ENTRY_BAR_STOP_ADVERSE,24714.9,2026-03-02 06:21:00,MLR-TECH-ABL-001,2026-03-03 00:00:00,PREVIOUSLY_EXPOSED_WINDOW,C2_FVG_BREAKER,M1_STRICT_PENETRATION_NO_FAVORABLE_IMPROVEMENT,STRICT_M1_LIMIT_PENETRATION,FILLED,0,0,-3.95,-0.6124031007751937984496124031,0.0,TECHNICAL_ONLY_ABLATION,-6.45,-1,AMBIGUOUS_ADVERSE_FIRST,QRP-MACRO-LIQUIDITY-REVERSAL-001,0,6.45,NORMALIZED_LOW_COST,D1-20260227-BULLISH-M1-C2_FVG_BREAKER-FVG-014994-BREAKER-001711,0.50,1,24714.9,M1_C2_FVG_BREAKER,1.5,24728.525,M1
24718.85,24713.9,True,1,BREAKER,24715.9,24723.1,2,FVG-014994|BREAKER-001711,24716.4,24721.3,24720.35,24712.4,HYPOTHETICAL_SCENARIO_NOT_BROKER_FACT,2026-02-27 00:00:00,2026-03-02 02:47:00,BULLISH,2026-03-02 06:20:00,2026-03-02 06:21:00,24718.85,D1-20260227-BULLISH,ENTRY_BAR_STOP_ADVERSE,24713.9,2026-03-02 06:21:00,MLR-TECH-ABL-001,2026-03-03 00:00:00,PREVIOUSLY_EXPOSED_WINDOW,C2_FVG_BREAKER,M1_STRICT_PENETRATION_NO_FAVORABLE_IMPROVEMENT,STRICT_M1_LIMIT_PENETRATION,FILLED,0,0.0,-4.95,-0.4974874371859296482412060302,0.0,TECHNICAL_ONLY_ABLATION,-9.95,-1,AMBIGUOUS_ADVERSE_FIRST,QRP-MACRO-LIQUIDITY-REVERSAL-001,0,9.95,NORMALIZED_MEDIUM_COST,D1-20260227-BULLISH-M1-C2_FVG_BREAKER-FVG-014994-BREAKER-001711,1.0,2,24713.9,M1_C2_FVG_BREAKER,1.5,24733.775,M1
24718.85,24709.9,False,4,BREAKER,24715.9,24723.1,4,FVG-014994|BREAKER-001711,24716.4,24721.3,24723.35,24705.4,HYPOTHETICAL_SCENARIO_NOT_BROKER_FACT,2026-02-27 00:00:00,2026-03-02 02:47:00,BULLISH,2026-03-02 06:20:00,2026-03-02 06:21:00,24718.85,D1-20260227-BULLISH,STOP,24709.9,2026-03-02 06:24:00,MLR-TECH-ABL-001,2026-03-03 00:00:00,PREVIOUSLY_EXPOSED_WINDOW,C2_FVG_BREAKER,M1_STRICT_PENETRATION_NO_FAVORABLE_IMPROVEMENT,STRICT_M1_LIMIT_PENETRATION,FILLED,0,0.00,-8.95,-0.4077448747152619589977220957,0.05,TECHNICAL_ONLY_ABLATION,-21.95,-1,LOSS_1R,QRP-MACRO-LIQUIDITY-REVERSAL-001,0,21.95,NORMALIZED_HIGH_COST,D1-20260227-BULLISH-M1-C2_FVG_BREAKER-FVG-014994-BREAKER-001711,3.0,6,24709.9,M1_C2_FVG_BREAKER,1.5,24751.775,M1
24424.0,24422.2,True,1,BREAKER,24423.2,24426.7,1.0,FVG-015179|BREAKER-001733,24423.2,24424.8,24424.75,24421.45,HYPOTHETICAL_SCENARIO_NOT_BROKER_FACT,2026-03-19 00:00:00,2026-03-20 02:07:00,BULLISH,2026-03-20 02:10:00,2026-03-20 02:11:00,24424.0,D1-20260319-BULLISH,ENTRY_BAR_STOP_ADVERSE,24422.2,2026-03-20 02:11:00,MLR-TECH-ABL-001,2026-03-21 00:00:00,PREVIOUSLY_EXPOSED_WINDOW,C2_FVG_BREAKER,M1_STRICT_PENETRATION_NO_FAVORABLE_IMPROVEMENT,STRICT_M1_LIMIT_PENETRATION,FILLED,0,0,-1.8,-0.4186046511627906976744186047,0.0,TECHNICAL_ONLY_ABLATION,-4.30,-1,AMBIGUOUS_ADVERSE_FIRST,QRP-MACRO-LIQUIDITY-REVERSAL-001,0,4.30,NORMALIZED_LOW_COST,D1-20260319-BULLISH-M1-C2_FVG_BREAKER-FVG-015179-BREAKER-001733,0.50,1,24422.2,M1_C2_FVG_BREAKER,1.5,24430.450,M1
24424.0,24421.2,False,1,BREAKER,24423.2,24426.7,2,FVG-015179|BREAKER-001733,24423.2,24424.8,24425.5,24419.7,HYPOTHETICAL_SCENARIO_NOT_BROKER_FACT,2026-03-19 00:00:00,2026-03-20 02:07:00,BULLISH,2026-03-20 02:10:00,2026-03-20 02:11:00,24424.0,D1-20260319-BULLISH,ENTRY_BAR_STOP_ADVERSE,24421.2,2026-03-20 02:11:00,MLR-TECH-ABL-001,2026-03-21 00:00:00,PREVIOUSLY_EXPOSED_WINDOW,C2_FVG_BREAKER,M1_STRICT_PENETRATION_NO_FAVORABLE_IMPROVEMENT,STRICT_M1_LIMIT_PENETRATION,FILLED,0,0.0,-2.8,-0.3589743589743589743589743590,0.0,TECHNICAL_ONLY_ABLATION,-7.8,-1,LOSS_1R,QRP-MACRO-LIQUIDITY-REVERSAL-001,0,7.8,NORMALIZED_MEDIUM_COST,D1-20260319-BULLISH-M1-C2_FVG_BREAKER-FVG-015179-BREAKER-001733,1.0,2,24421.2,M1_C2_FVG_BREAKER,1.5,24435.70,M1
24424.0,24417.2,False,2,BREAKER,24423.2,24426.7,4,FVG-015179|BREAKER-001733,24423.2,24424.8,24428.5,24412.7,HYPOTHETICAL_SCENARIO_NOT_BROKER_FACT,2026-03-19 00:00:00,2026-03-20 02:07:00,BULLISH,2026-03-20 02:10:00,2026-03-20 02:11:00,24424.0,D1-20260319-BULLISH,STOP,24417.2,2026-03-20 02:12:00,MLR-TECH-ABL-001,2026-03-21 00:00:00,PREVIOUSLY_EXPOSED_WINDOW,C2_FVG_BREAKER,M1_STRICT_PENETRATION_NO_FAVORABLE_IMPROVEMENT,STRICT_M1_LIMIT_PENETRATION,FILLED,0,0.00,-6.8,-0.3434343434343434343434343434,0.016666666666666666,TECHNICAL_ONLY_ABLATION,-19.80,-1.0,LOSS_1R,QRP-MACRO-LIQUIDITY-REVERSAL-001,0,19.8,NORMALIZED_HIGH_COST,D1-20260319-BULLISH-M1-C2_FVG_BREAKER-FVG-015179-BREAKER-001733,3.0,6,24417.2,M1_C2_FVG_BREAKER,1.5,24453.70,M1
26669.699999999997,26675.6,False,6,BREAKER,26669.6,26674.6,1.0,FVG-015373|BREAKER-001756,26669.6,26669.8,26668.949999999997,26676.35,HYPOTHETICAL_SCENARIO_NOT_BROKER_FACT,2026-04-21 00:00:00,2026-04-22 03:57:00,BEARISH,2026-04-22 03:57:00,2026-04-22 03:58:00,26669.699999999997,D1-20260421-BEARISH,STOP,26675.6,2026-04-22 04:03:00,MLR-TECH-ABL-001,2026-04-23 00:00:00,PREVIOUSLY_EXPOSED_WINDOW,C2_FVG_BREAKER,M1_STRICT_PENETRATION_NO_FAVORABLE_IMPROVEMENT,STRICT_M1_LIMIT_PENETRATION,FILLED,0,0,-5.900000000003,-0.7023809523810586734693877171,0.08333333333333333,TECHNICAL_ONLY_ABLATION,-8.400000000003,-1,LOSS_1R,QRP-MACRO-LIQUIDITY-REVERSAL-001,0,8.400000000003,NORMALIZED_LOW_COST,D1-20260421-BEARISH-M1-C2_FVG_BREAKER-FVG-015373-BREAKER-001756,0.50,1,26675.6,M1_C2_FVG_BREAKER,1.5,26657.0999999999925,M1
26669.699999999997,26676.6,False,7,BREAKER,26669.6,26674.6,2,FVG-015373|BREAKER-001756,26669.6,26669.8,26668.199999999997,26678.1,HYPOTHETICAL_SCENARIO_NOT_BROKER_FACT,2026-04-21 00:00:00,2026-04-22 03:57:00,BEARISH,2026-04-22 03:57:00,2026-04-22 03:58:00,26669.699999999997,D1-20260421-BEARISH,STOP,26676.6,2026-04-22 04:04:00,MLR-TECH-ABL-001,2026-04-23 00:00:00,PREVIOUSLY_EXPOSED_WINDOW,C2_FVG_BREAKER,M1_STRICT_PENETRATION_NO_FAVORABLE_IMPROVEMENT,STRICT_M1_LIMIT_PENETRATION,FILLED,0,0.0,-6.900000000003,-0.5798319327732151684203092735,0.1,TECHNICAL_ONLY_ABLATION,-11.900000000003,-1,LOSS_1R,QRP-MACRO-LIQUIDITY-REVERSAL-001,0,11.900000000003,NORMALIZED_MEDIUM_COST,D1-20260421-BEARISH-M1-C2_FVG_BREAKER-FVG-015373-BREAKER-001756,1.0,2,26676.6,M1_C2_FVG_BREAKER,1.5,26651.8499999999925,M1
26669.699999999997,26680.6,False,8,BREAKER,26669.6,26674.6,4,FVG-015373|BREAKER-001756,26669.6,26669.8,26665.199999999997,26685.1,HYPOTHETICAL_SCENARIO_NOT_BROKER_FACT,2026-04-21 00:00:00,2026-04-22 03:57:00,BEARISH,2026-04-22 03:57:00,2026-04-22 03:58:00,26669.699999999997,D1-20260421-BEARISH,STOP,26680.6,2026-04-22 04:05:00,MLR-TECH-ABL-001,2026-04-23 00:00:00,PREVIOUSLY_EXPOSED_WINDOW,C2_FVG_BREAKER,M1_STRICT_PENETRATION_NO_FAVORABLE_IMPROVEMENT,STRICT_M1_LIMIT_PENETRATION,FILLED,0,0.00,-10.900000000003,-0.4560669456067628367850702808,0.11666666666666667,TECHNICAL_ONLY_ABLATION,-23.900000000003,-1,LOSS_1R,QRP-MACRO-LIQUIDITY-REVERSAL-001,0,23.900000000003,NORMALIZED_HIGH_COST,D1-20260421-BEARISH-M1-C2_FVG_BREAKER-FVG-015373-BREAKER-001756,3.0,6,26680.6,M1_C2_FVG_BREAKER,1.5,26633.8499999999925,M1
29911.6,29917.5,False,2,BREAKER,29911.3,29916.5,1.0,FVG-015517|BREAKER-001778,29911.3,29911.9,29910.85,29918.25,HYPOTHETICAL_SCENARIO_NOT_BROKER_FACT,2026-05-22 00:00:00,2026-05-25 15:19:00,BEARISH,2026-05-25 15:22:00,2026-05-25 15:23:00,29911.6,D1-20260522-BEARISH,STOP,29917.5,2026-05-25 15:24:00,MLR-TECH-ABL-001,2026-05-26 00:00:00,PREVIOUSLY_EXPOSED_WINDOW,C2_FVG_BREAKER,M1_STRICT_PENETRATION_NO_FAVORABLE_IMPROVEMENT,STRICT_M1_LIMIT_PENETRATION,FILLED,0,0,-5.9,-0.7023809523809523809523809524,0.016666666666666666,TECHNICAL_ONLY_ABLATION,-8.40,-1,LOSS_1R,QRP-MACRO-LIQUIDITY-REVERSAL-001,0,8.40,NORMALIZED_LOW_COST,D1-20260522-BEARISH-M1-C2_FVG_BREAKER-FVG-015517-BREAKER-001778,0.50,1,29917.5,M1_C2_FVG_BREAKER,1.5,29899.000,M1
29911.6,29918.5,False,2,BREAKER,29911.3,29916.5,2,FVG-015517|BREAKER-001778,29911.3,29911.9,29910.1,29920.0,HYPOTHETICAL_SCENARIO_NOT_BROKER_FACT,2026-05-22 00:00:00,2026-05-25 15:19:00,BEARISH,2026-05-25 15:22:00,2026-05-25 15:23:00,29911.6,D1-20260522-BEARISH,STOP,29918.5,2026-05-25 15:24:00,MLR-TECH-ABL-001,2026-05-26 00:00:00,PREVIOUSLY_EXPOSED_WINDOW,C2_FVG_BREAKER,M1_STRICT_PENETRATION_NO_FAVORABLE_IMPROVEMENT,STRICT_M1_LIMIT_PENETRATION,FILLED,0,0.0,-6.9,-0.5798319327731092436974789916,0.016666666666666666,TECHNICAL_ONLY_ABLATION,-11.9,-1,LOSS_1R,QRP-MACRO-LIQUIDITY-REVERSAL-001,0,11.9,NORMALIZED_MEDIUM_COST,D1-20260522-BEARISH-M1-C2_FVG_BREAKER-FVG-015517-BREAKER-001778,1.0,2,29918.5,M1_C2_FVG_BREAKER,1.5,29893.75,M1
29911.6,29922.5,False,2,BREAKER,29911.3,29916.5,4,FVG-015517|BREAKER-001778,29911.3,29911.9,29907.1,29927.0,HYPOTHETICAL_SCENARIO_NOT_BROKER_FACT,2026-05-22 00:00:00,2026-05-25 15:19:00,BEARISH,2026-05-25 15:22:00,2026-05-25 15:23:00,29911.6,D1-20260522-BEARISH,STOP,29922.5,2026-05-25 15:24:00,MLR-TECH-ABL-001,2026-05-26 00:00:00,PREVIOUSLY_EXPOSED_WINDOW,C2_FVG_BREAKER,M1_STRICT_PENETRATION_NO_FAVORABLE_IMPROVEMENT,STRICT_M1_LIMIT_PENETRATION,FILLED,0,0.00,-10.9,-0.4560669456066945606694560669,0.016666666666666666,TECHNICAL_ONLY_ABLATION,-23.90,-1.0,LOSS_1R,QRP-MACRO-LIQUIDITY-REVERSAL-001,0,23.9,NORMALIZED_HIGH_COST,D1-20260522-BEARISH-M1-C2_FVG_BREAKER-FVG-015517-BREAKER-001778,3.0,6,29922.5,M1_C2_FVG_BREAKER,1.5,29875.75,M1
,,False,0,OB,6071.8,6072.7,0,FVG-000092|OB-000009,6071.8,6072.1,,,HYPOTHETICAL_SCENARIO_NOT_BROKER_FACT,2017-10-06 00:00:00,2017-10-09 11:05:00,BEARISH,,,,D1-20171006-BEARISH,OB_MITIGATED_BEFORE_MIDPOINT,,,MLR-TECH-ABL-001,2017-10-10 00:00:00,PREVIOUSLY_EXPOSED_WINDOW,C1_OB_FVG,M1_BLOCK_TOUCH,OB_MITIGATED_BEFORE_MIDPOINT,NO_FILL,0,0,,,,TECHNICAL_ONLY_ABLATION,,,NO_FILL,QRP-MACRO-LIQUIDITY-REVERSAL-001,0,,NORMALIZED_LOW_COST,D1-20171006-BEARISH-M5-C1_OB_FVG-FVG-000092-OB-000009,0,0,,M5_C1_OB_FVG,1.5,,M5
,,False,0,OB,6071.8,6072.7,0,FVG-000092|OB-000009,6071.8,6072.1,,,HYPOTHETICAL_SCENARIO_NOT_BROKER_FACT,2017-10-06 00:00:00,2017-10-09 11:05:00,BEARISH,,,,D1-20171006-BEARISH,OB_MITIGATED_BEFORE_MIDPOINT,,,MLR-TECH-ABL-001,2017-10-10 00:00:00,PREVIOUSLY_EXPOSED_WINDOW,C1_OB_FVG,M1_BLOCK_TOUCH,OB_MITIGATED_BEFORE_MIDPOINT,NO_FILL,0,0,,,,TECHNICAL_ONLY_ABLATION,,,NO_FILL,QRP-MACRO-LIQUIDITY-REVERSAL-001,0,,NORMALIZED_MEDIUM_COST,D1-20171006-BEARISH-M5-C1_OB_FVG-FVG-000092-OB-000009,0,0,,M5_C1_OB_FVG,1.5,,M5
,,False,0,OB,6071.8,6072.7,0,FVG-000092|OB-000009,6071.8,6072.1,,,HYPOTHETICAL_SCENARIO_NOT_BROKER_FACT,2017-10-06 00:00:00,2017-10-09 11:05:00,BEARISH,,,,D1-20171006-BEARISH,OB_MITIGATED_BEFORE_MIDPOINT,,,MLR-TECH-ABL-001,2017-10-10 00:00:00,PREVIOUSLY_EXPOSED_WINDOW,C1_OB_FVG,M1_BLOCK_TOUCH,OB_MITIGATED_BEFORE_MIDPOINT,NO_FILL,0,0,,,,TECHNICAL_ONLY_ABLATION,,,NO_FILL,QRP-MACRO-LIQUIDITY-REVERSAL-001,0,,NORMALIZED_HIGH_COST,D1-20171006-BEARISH-M5-C1_OB_FVG-FVG-000092-OB-000009,0,0,,M5_C1_OB_FVG,1.5,,M5
,,False,0,OB,6214.8,6217.3,0,FVG-000294|OB-000047,6216.2,6217.3,,,HYPOTHETICAL_SCENARIO_NOT_BROKER_FACT,2017-11-01 00:00:00,2017-11-02 03:40:00,BEARISH,,,,D1-20171101-BEARISH,OB_MITIGATED_BEFORE_MIDPOINT,,,MLR-TECH-ABL-001,2017-11-03 00:00:00,PREVIOUSLY_EXPOSED_WINDOW,C1_OB_FVG,M1_BLOCK_TOUCH,OB_MITIGATED_BEFORE_MIDPOINT,NO_FILL,0,0,,,,TECHNICAL_ONLY_ABLATION,,,NO_FILL,QRP-MACRO-LIQUIDITY-REVERSAL-001,0,,NORMALIZED_LOW_COST,D1-20171101-BEARISH-M5-C1_OB_FVG-FVG-000294-OB-000047,0,0,,M5_C1_OB_FVG,1.5,,M5
,,False,0,OB,6214.8,6217.3,0,FVG-000294|OB-000047,6216.2,6217.3,,,HYPOTHETICAL_SCENARIO_NOT_BROKER_FACT,2017-11-01 00:00:00,2017-11-02 03:40:00,BEARISH,,,,D1-20171101-BEARISH,OB_MITIGATED_BEFORE_MIDPOINT,,,MLR-TECH-ABL-001,2017-11-03 00:00:00,PREVIOUSLY_EXPOSED_WINDOW,C1_OB_FVG,M1_BLOCK_TOUCH,OB_MITIGATED_BEFORE_MIDPOINT,NO_FILL,0,0,,,,TECHNICAL_ONLY_ABLATION,,,NO_FILL,QRP-MACRO-LIQUIDITY-REVERSAL-001,0,,NORMALIZED_MEDIUM_COST,D1-20171101-BEARISH-M5-C1_OB_FVG-FVG-000294-OB-000047,0,0,,M5_C1_OB_FVG,1.5,,M5
,,False,0,OB,6214.8,6217.3,0,FVG-000294|OB-000047,6216.2,6217.3,,,HYPOTHETICAL_SCENARIO_NOT_BROKER_FACT,2017-11-01 00:00:00,2017-11-02 03:40:00,BEARISH,,,,D1-20171101-BEARISH,OB_MITIGATED_BEFORE_MIDPOINT,,,MLR-TECH-ABL-001,2017-11-03 00:00:00,PREVIOUSLY_EXPOSED_WINDOW,C1_OB_FVG,M1_BLOCK_TOUCH,OB_MITIGATED_BEFORE_MIDPOINT,NO_FILL,0,0,,,,TECHNICAL_ONLY_ABLATION,,,NO_FILL,QRP-MACRO-LIQUIDITY-REVERSAL-001,0,,NORMALIZED_HIGH_COST,D1-20171101-BEARISH-M5-C1_OB_FVG-FVG-000294-OB-000047,0,0,,M5_C1_OB_FVG,1.5,,M5
6395.15,6398.3,False,45,OB,6395.0,6397.3,1.0,FVG-000492|OB-000083,6395.0,6395.3,6394.40,6399.05,HYPOTHETICAL_SCENARIO_NOT_BROKER_FACT,2017-11-23 00:00:00,2017-11-24 17:30:00,BEARISH,2017-11-24 17:36:00,2017-11-24 17:37:00,6395.15,D1-20171123-BEARISH,STOP,6398.3,2017-11-24 18:21:00,MLR-TECH-ABL-001,2017-11-25 00:00:00,PREVIOUSLY_EXPOSED_WINDOW,C1_OB_FVG,M1_STRICT_PENETRATION_NO_FAVORABLE_IMPROVEMENT,STRICT_M1_LIMIT_PENETRATION,FILLED,0,0,-3.15,-0.5575221238938053097345132743,0.7333333333333333,TECHNICAL_ONLY_ABLATION,-5.65,-1,LOSS_1R,QRP-MACRO-LIQUIDITY-REVERSAL-001,0,5.65,NORMALIZED_LOW_COST,D1-20171123-BEARISH-M5-C1_OB_FVG-FVG-000492-OB-000083,0.50,1,6398.3,M5_C1_OB_FVG,1.5,6386.675,M5
6395.15,6399.3,False,58,OB,6395.0,6397.3,2,FVG-000492|OB-000083,6395.0,6395.3,6393.65,6400.8,HYPOTHETICAL_SCENARIO_NOT_BROKER_FACT,2017-11-23 00:00:00,2017-11-24 17:30:00,BEARISH,2017-11-24 17:36:00,2017-11-24 17:37:00,6395.15,D1-20171123-BEARISH,STOP,6399.3,2017-11-24 18:34:00,MLR-TECH-ABL-001,2017-11-25 00:00:00,PREVIOUSLY_EXPOSED_WINDOW,C1_OB_FVG,M1_STRICT_PENETRATION_NO_FAVORABLE_IMPROVEMENT,STRICT_M1_LIMIT_PENETRATION,FILLED,0,0.0,-4.15,-0.4535519125683060109289617486,0.95,TECHNICAL_ONLY_ABLATION,-9.15,-1,LOSS_1R,QRP-MACRO-LIQUIDITY-REVERSAL-001,0,9.15,NORMALIZED_MEDIUM_COST,D1-20171123-BEARISH-M5-C1_OB_FVG-FVG-000492-OB-000083,1.0,2,6399.3,M5_C1_OB_FVG,1.5,6381.425,M5
6395.15,6403.3,False,83,OB,6395.0,6397.3,4,FVG-000492|OB-000083,6395.0,6395.3,6390.65,6407.8,HYPOTHETICAL_SCENARIO_NOT_BROKER_FACT,2017-11-23 00:00:00,2017-11-24 17:30:00,BEARISH,2017-11-24 17:36:00,2017-11-24 17:37:00,6395.15,D1-20171123-BEARISH,STOP,6403.3,2017-11-24 18:59:00,MLR-TECH-ABL-001,2017-11-25 00:00:00,PREVIOUSLY_EXPOSED_WINDOW,C1_OB_FVG,M1_STRICT_PENETRATION_NO_FAVORABLE_IMPROVEMENT,STRICT_M1_LIMIT_PENETRATION,FILLED,0,0.00,-8.15,-0.3853427895981087470449172577,1.3666666666666667,TECHNICAL_ONLY_ABLATION,-21.15,-1,LOSS_1R,QRP-MACRO-LIQUIDITY-REVERSAL-001,0,21.15,NORMALIZED_HIGH_COST,D1-20171123-BEARISH-M5-C1_OB_FVG-FVG-000492-OB-000083,3.0,6,6403.3,M5_C1_OB_FVG,1.5,6363.425,M5
,,False,0,OB,6810.2,6811.5,0,FVG-000558|OB-000094,6810.2,6810.5,,,HYPOTHETICAL_SCENARIO_NOT_BROKER_FACT,2018-02-16 00:00:00,2018-02-19 09:25:00,BEARISH,,,,D1-20180216-BEARISH,OB_MITIGATED_BEFORE_MIDPOINT,,,MLR-TECH-ABL-001,2018-02-20 00:00:00,PREVIOUSLY_EXPOSED_WINDOW,C1_OB_FVG,M1_BLOCK_TOUCH,OB_MITIGATED_BEFORE_MIDPOINT,NO_FILL,0,0,,,,TECHNICAL_ONLY_ABLATION,,,NO_FILL,QRP-MACRO-LIQUIDITY-REVERSAL-001,0,,NORMALIZED_LOW_COST,D1-20180216-BEARISH-M5-C1_OB_FVG-FVG-000558-OB-000094,0,0,,M5_C1_OB_FVG,1.5,,M5
,,False,0,OB,6810.2,6811.5,0,FVG-000558|OB-000094,6810.2,6810.5,,,HYPOTHETICAL_SCENARIO_NOT_BROKER_FACT,2018-02-16 00:00:00,2018-02-19 09:25:00,BEARISH,,,,D1-20180216-BEARISH,OB_MITIGATED_BEFORE_MIDPOINT,,,MLR-TECH-ABL-001,2018-02-20 00:00:00,PREVIOUSLY_EXPOSED_WINDOW,C1_OB_FVG,M1_BLOCK_TOUCH,OB_MITIGATED_BEFORE_MIDPOINT,NO_FILL,0,0,,,,TECHNICAL_ONLY_ABLATION,,,NO_FILL,QRP-MACRO-LIQUIDITY-REVERSAL-001,0,,NORMALIZED_MEDIUM_COST,D1-20180216-BEARISH-M5-C1_OB_FVG-FVG-000558-OB-000094,0,0,,M5_C1_OB_FVG,1.5,,M5
,,False,0,OB,6810.2,6811.5,0,FVG-000558|OB-000094,6810.2,6810.5,,,HYPOTHETICAL_SCENARIO_NOT_BROKER_FACT,2018-02-16 00:00:00,2018-02-19 09:25:00,BEARISH,,,,D1-20180216-BEARISH,OB_MITIGATED_BEFORE_MIDPOINT,,,MLR-TECH-ABL-001,2018-02-20 00:00:00,PREVIOUSLY_EXPOSED_WINDOW,C1_OB_FVG,M1_BLOCK_TOUCH,OB_MITIGATED_BEFORE_MIDPOINT,NO_FILL,0,0,,,,TECHNICAL_ONLY_ABLATION,,,NO_FILL,QRP-MACRO-LIQUIDITY-REVERSAL-001,0,,NORMALIZED_HIGH_COST,D1-20180216-BEARISH-M5-C1_OB_FVG-FVG-000558-OB-000094,0,0,,M5_C1_OB_FVG,1.5,,M5
,,False,0,OB,6672.3,6672.9,0,FVG-000758|OB-000132,6672.4,6672.9,,,HYPOTHETICAL_SCENARIO_NOT_BROKER_FACT,2018-04-23 00:00:00,2018-04-24 08:15:00,BULLISH,,,,D1-20180423-BULLISH,OB_MITIGATED_BEFORE_MIDPOINT,,,MLR-TECH-ABL-001,2018-04-25 00:00:00,PREVIOUSLY_EXPOSED_WINDOW,C1_OB_FVG,M1_BLOCK_TOUCH,OB_MITIGATED_BEFORE_MIDPOINT,NO_FILL,0,0,,,,TECHNICAL_ONLY_ABLATION,,,NO_FILL,QRP-MACRO-LIQUIDITY-REVERSAL-001,0,,NORMALIZED_LOW_COST,D1-20180423-BULLISH-M5-C1_OB_FVG-FVG-000758-OB-000132,0,0,,M5_C1_OB_FVG,1.5,,M5
,,False,0,OB,6672.3,6672.9,0,FVG-000758|OB-000132,6672.4,6672.9,,,HYPOTHETICAL_SCENARIO_NOT_BROKER_FACT,2018-04-23 00:00:00,2018-04-24 08:15:00,BULLISH,,,,D1-20180423-BULLISH,OB_MITIGATED_BEFORE_MIDPOINT,,,MLR-TECH-ABL-001,2018-04-25 00:00:00,PREVIOUSLY_EXPOSED_WINDOW,C1_OB_FVG,M1_BLOCK_TOUCH,OB_MITIGATED_BEFORE_MIDPOINT,NO_FILL,0,0,,,,TECHNICAL_ONLY_ABLATION,,,NO_FILL,QRP-MACRO-LIQUIDITY-REVERSAL-001,0,,NORMALIZED_MEDIUM_COST,D1-20180423-BULLISH-M5-C1_OB_FVG-FVG-000758-OB-000132,0,0,,M5_C1_OB_FVG,1.5,,M5
,,False,0,OB,6672.3,6672.9,0,FVG-000758|OB-000132,6672.4,6672.9,,,HYPOTHETICAL_SCENARIO_NOT_BROKER_FACT,2018-04-23 00:00:00,2018-04-24 08:15:00,BULLISH,,,,D1-20180423-BULLISH,OB_MITIGATED_BEFORE_MIDPOINT,,,MLR-TECH-ABL-001,2018-04-25 00:00:00,PREVIOUSLY_EXPOSED_WINDOW,C1_OB_FVG,M1_BLOCK_TOUCH,OB_MITIGATED_BEFORE_MIDPOINT,NO_FILL,0,0,,,,TECHNICAL_ONLY_ABLATION,,,NO_FILL,QRP-MACRO-LIQUIDITY-REVERSAL-001,0,,NORMALIZED_HIGH_COST,D1-20180423-BULLISH-M5-C1_OB_FVG-FVG-000758-OB-000132,0,0,,M5_C1_OB_FVG,1.5,,M5
6987.05,6980.375,False,31,OB,6986.4,6988.0,1.0,FVG-000984|OB-000163,6986.8,6987.3,6986.30,6981.125,HYPOTHETICAL_SCENARIO_NOT_BROKER_FACT,2018-05-11 00:00:00,2018-05-14 08:35:00,BEARISH,2018-05-14 08:38:00,2018-05-14 08:39:00,6987.05,D1-20180511-BEARISH,TARGET_1_5R,6980.375,2018-05-14 09:09:00,MLR-TECH-ABL-001,2018-05-15 00:00:00,PREVIOUSLY_EXPOSED_WINDOW,C1_OB_FVG,M1_STRICT_PENETRATION_NO_FAVORABLE_IMPROVEMENT,STRICT_M1_LIMIT_PENETRATION,FILLED,0,0,6.675,1.5,0.5,TECHNICAL_ONLY_ABLATION,4.175,0.9382022471910112359550561798,WIN_TARGET_1_5R,QRP-MACRO-LIQUIDITY-REVERSAL-001,0,4.45,NORMALIZED_LOW_COST,D1-20180511-BEARISH-M5-C1_OB_FVG-FVG-000984-OB-000163,0.50,1,6989.0,M5_C1_OB_FVG,1.5,6980.375,M5
6987.05,6975.125,False,126,OB,6986.4,6988.0,2,FVG-000984|OB-000163,6986.8,6987.3,6985.55,6976.625,HYPOTHETICAL_SCENARIO_NOT_BROKER_FACT,2018-05-11 00:00:00,2018-05-14 08:35:00,BEARISH,2018-05-14 08:38:00,2018-05-14 08:39:00,6987.05,D1-20180511-BEARISH,TARGET_1_5R,6975.125,2018-05-14 10:44:00,MLR-TECH-ABL-001,2018-05-15 00:00:00,PREVIOUSLY_EXPOSED_WINDOW,C1_OB_FVG,M1_STRICT_PENETRATION_NO_FAVORABLE_IMPROVEMENT,STRICT_M1_LIMIT_PENETRATION,FILLED,0,0.0,11.925,1.5,2.0833333333333335,TECHNICAL_ONLY_ABLATION,6.925,0.8710691823899371069182389937,WIN_TARGET_1_5R,QRP-MACRO-LIQUIDITY-REVERSAL-001,0,7.95,NORMALIZED_MEDIUM_COST,D1-20180511-BEARISH-M5-C1_OB_FVG-FVG-000984-OB-000163,1.0,2,6990.0,M5_C1_OB_FVG,1.5,6975.125,M5
6987.05,6994.0,False,487,OB,6986.4,6988.0,4,FVG-000984|OB-000163,6986.8,6987.3,6982.55,6998.5,HYPOTHETICAL_SCENARIO_NOT_BROKER_FACT,2018-05-11 00:00:00,2018-05-14 08:35:00,BEARISH,2018-05-14 08:38:00,2018-05-14 08:39:00,6987.05,D1-20180511-BEARISH,STOP,6994.0,2018-05-14 16:45:00,MLR-TECH-ABL-001,2018-05-15 00:00:00,PREVIOUSLY_EXPOSED_WINDOW,C1_OB_FVG,M1_STRICT_PENETRATION_NO_FAVORABLE_IMPROVEMENT,STRICT_M1_LIMIT_PENETRATION,FILLED,0,0.00,-6.95,-0.3483709273182957393483709273,8.1,TECHNICAL_ONLY_ABLATION,-19.95,-1,LOSS_1R,QRP-MACRO-LIQUIDITY-REVERSAL-001,0,19.95,NORMALIZED_HIGH_COST,D1-20180511-BEARISH-M5-C1_OB_FVG-FVG-000984-OB-000163,3.0,6,6994.0,M5_C1_OB_FVG,1.5,6957.125,M5
,,False,0,OB,7210.0,7211.6,0,FVG-001189|OB-000203,7211.3,7211.5,,,HYPOTHETICAL_SCENARIO_NOT_BROKER_FACT,2018-06-13 00:00:00,2018-06-14 05:45:00,BEARISH,,,,D1-20180613-BEARISH,OB_MITIGATED_BEFORE_MIDPOINT,,,MLR-TECH-ABL-001,2018-06-15 00:00:00,PREVIOUSLY_EXPOSED_WINDOW,C1_OB_FVG,M1_BLOCK_TOUCH,OB_MITIGATED_BEFORE_MIDPOINT,NO_FILL,0,0,,,,TECHNICAL_ONLY_ABLATION,,,NO_FILL,QRP-MACRO-LIQUIDITY-REVERSAL-001,0,,NORMALIZED_LOW_COST,D1-20180613-BEARISH-M5-C1_OB_FVG-FVG-001189-OB-000203,0,0,,M5_C1_OB_FVG,1.5,,M5
,,False,0,OB,7210.0,7211.6,0,FVG-001189|OB-000203,7211.3,7211.5,,,HYPOTHETICAL_SCENARIO_NOT_BROKER_FACT,2018-06-13 00:00:00,2018-06-14 05:45:00,BEARISH,,,,D1-20180613-BEARISH,OB_MITIGATED_BEFORE_MIDPOINT,,,MLR-TECH-ABL-001,2018-06-15 00:00:00,PREVIOUSLY_EXPOSED_WINDOW,C1_OB_FVG,M1_BLOCK_TOUCH,OB_MITIGATED_BEFORE_MIDPOINT,NO_FILL,0,0,,,,TECHNICAL_ONLY_ABLATION,,,NO_FILL,QRP-MACRO-LIQUIDITY-REVERSAL-001,0,,NORMALIZED_MEDIUM_COST,D1-20180613-BEARISH-M5-C1_OB_FVG-FVG-001189-OB-000203,0,0,,M5_C1_OB_FVG,1.5,,M5
,,False,0,OB,7210.0,7211.6,0,FVG-001189|OB-000203,7211.3,7211.5,,,HYPOTHETICAL_SCENARIO_NOT_BROKER_FACT,2018-06-13 00:00:00,2018-06-14 05:45:00,BEARISH,,,,D1-20180613-BEARISH,OB_MITIGATED_BEFORE_MIDPOINT,,,MLR-TECH-ABL-001,2018-06-15 00:00:00,PREVIOUSLY_EXPOSED_WINDOW,C1_OB_FVG,M1_BLOCK_TOUCH,OB_MITIGATED_BEFORE_MIDPOINT,NO_FILL,0,0,,,,TECHNICAL_ONLY_ABLATION,,,NO_FILL,QRP-MACRO-LIQUIDITY-REVERSAL-001,0,,NORMALIZED_HIGH_COST,D1-20180613-BEARISH-M5-C1_OB_FVG-FVG-001189-OB-000203,0,0,,M5_C1_OB_FVG,1.5,,M5
,,False,0,OB,7390.9,7393.8,0,FVG-001420|OB-000244,7391.9,7392.6,,,HYPOTHETICAL_SCENARIO_NOT_BROKER_FACT,2018-07-18 00:00:00,2018-07-19 03:05:00,BEARISH,,,,D1-20180718-BEARISH,OB_MITIGATED_BEFORE_MIDPOINT,,,MLR-TECH-ABL-001,2018-07-20 00:00:00,PREVIOUSLY_EXPOSED_WINDOW,C1_OB_FVG,M1_BLOCK_TOUCH,OB_MITIGATED_BEFORE_MIDPOINT,NO_FILL,0,0,,,,TECHNICAL_ONLY_ABLATION,,,NO_FILL,QRP-MACRO-LIQUIDITY-REVERSAL-001,0,,NORMALIZED_LOW_COST,D1-20180718-BEARISH-M5-C1_OB_FVG-FVG-001420-OB-000244,0,0,,M5_C1_OB_FVG,1.5,,M5
,,False,0,OB,7390.9,7393.8,0,FVG-001420|OB-000244,7391.9,7392.6,,,HYPOTHETICAL_SCENARIO_NOT_BROKER_FACT,2018-07-18 00:00:00,2018-07-19 03:05:00,BEARISH,,,,D1-20180718-BEARISH,OB_MITIGATED_BEFORE_MIDPOINT,,,MLR-TECH-ABL-001,2018-07-20 00:00:00,PREVIOUSLY_EXPOSED_WINDOW,C1_OB_FVG,M1_BLOCK_TOUCH,OB_MITIGATED_BEFORE_MIDPOINT,NO_FILL,0,0,,,,TECHNICAL_ONLY_ABLATION,,,NO_FILL,QRP-MACRO-LIQUIDITY-REVERSAL-001,0,,NORMALIZED_MEDIUM_COST,D1-20180718-BEARISH-M5-C1_OB_FVG-FVG-001420-OB-000244,0,0,,M5_C1_OB_FVG,1.5,,M5
,,False,0,OB,7390.9,7393.8,0,FVG-001420|OB-000244,7391.9,7392.6,,,HYPOTHETICAL_SCENARIO_NOT_BROKER_FACT,2018-07-18 00:00:00,2018-07-19 03:05:00,BEARISH,,,,D1-20180718-BEARISH,OB_MITIGATED_BEFORE_MIDPOINT,,,MLR-TECH-ABL-001,2018-07-20 00:00:00,PREVIOUSLY_EXPOSED_WINDOW,C1_OB_FVG,M1_BLOCK_TOUCH,OB_MITIGATED_BEFORE_MIDPOINT,NO_FILL,0,0,,,,TECHNICAL_ONLY_ABLATION,,,NO_FILL,QRP-MACRO-LIQUIDITY-REVERSAL-001,0,,NORMALIZED_HIGH_COST,D1-20180718-BEARISH-M5-C1_OB_FVG-FVG-001420-OB-000244,0,0,,M5_C1_OB_FVG,1.5,,M5
,,False,0,OB,7465.9,7469.0,0,FVG-001641|OB-000290,7466.5,7469.0,,,HYPOTHETICAL_SCENARIO_NOT_BROKER_FACT,2018-08-08 00:00:00,2018-08-09 14:40:00,BEARISH,,,,D1-20180808-BEARISH,OB_MITIGATED_BEFORE_MIDPOINT,,,MLR-TECH-ABL-001,2018-08-10 00:00:00,PREVIOUSLY_EXPOSED_WINDOW,C1_OB_FVG,M1_BLOCK_TOUCH,OB_MITIGATED_BEFORE_MIDPOINT,NO_FILL,0,0,,,,TECHNICAL_ONLY_ABLATION,,,NO_FILL,QRP-MACRO-LIQUIDITY-REVERSAL-001,0,,NORMALIZED_LOW_COST,D1-20180808-BEARISH-M5-C1_OB_FVG-FVG-001641-OB-000290,0,0,,M5_C1_OB_FVG,1.5,,M5
,,False,0,OB,7465.9,7469.0,0,FVG-001641|OB-000290,7466.5,7469.0,,,HYPOTHETICAL_SCENARIO_NOT_BROKER_FACT,2018-08-08 00:00:00,2018-08-09 14:40:00,BEARISH,,,,D1-20180808-BEARISH,OB_MITIGATED_BEFORE_MIDPOINT,,,MLR-TECH-ABL-001,2018-08-10 00:00:00,PREVIOUSLY_EXPOSED_WINDOW,C1_OB_FVG,M1_BLOCK_TOUCH,OB_MITIGATED_BEFORE_MIDPOINT,NO_FILL,0,0,,,,TECHNICAL_ONLY_ABLATION,,,NO_FILL,QRP-MACRO-LIQUIDITY-REVERSAL-001,0,,NORMALIZED_MEDIUM_COST,D1-20180808-BEARISH-M5-C1_OB_FVG-FVG-001641-OB-000290,0,0,,M5_C1_OB_FVG,1.5,,M5
,,False,0,OB,7465.9,7469.0,0,FVG-001641|OB-000290,7466.5,7469.0,,,HYPOTHETICAL_SCENARIO_NOT_BROKER_FACT,2018-08-08 00:00:00,2018-08-09 14:40:00,BEARISH,,,,D1-20180808-BEARISH,OB_MITIGATED_BEFORE_MIDPOINT,,,MLR-TECH-ABL-001,2018-08-10 00:00:00,PREVIOUSLY_EXPOSED_WINDOW,C1_OB_FVG,M1_BLOCK_TOUCH,OB_MITIGATED_BEFORE_MIDPOINT,NO_FILL,0,0,,,,TECHNICAL_ONLY_ABLATION,,,NO_FILL,QRP-MACRO-LIQUIDITY-REVERSAL-001,0,,NORMALIZED_HIGH_COST,D1-20180808-BEARISH-M5-C1_OB_FVG-FVG-001641-OB-000290,0,0,,M5_C1_OB_FVG,1.5,,M5
7532.8,7534.1,False,2,OB,7532.5,7533.1,1.0,FVG-001849|OB-000327,7532.5,7533.1,7532.05,7534.85,HYPOTHETICAL_SCENARIO_NOT_BROKER_FACT,2018-09-14 00:00:00,2018-09-17 08:05:00,BEARISH,2018-09-17 09:05:00,2018-09-17 09:06:00,7532.8,D1-20180914-BEARISH,STOP,7534.1,2018-09-17 09:07:00,MLR-TECH-ABL-001,2018-09-18 00:00:00,PREVIOUSLY_EXPOSED_WINDOW,C1_OB_FVG,M1_STRICT_PENETRATION_NO_FAVORABLE_IMPROVEMENT,STRICT_M1_LIMIT_PENETRATION,FILLED,0,0,-1.3,-0.3421052631578947368421052632,0.016666666666666666,TECHNICAL_ONLY_ABLATION,-3.80,-1,LOSS_1R,QRP-MACRO-LIQUIDITY-REVERSAL-001,0,3.80,NORMALIZED_LOW_COST,D1-20180914-BEARISH-M5-C1_OB_FVG-FVG-001849-OB-000327,0.50,1,7534.1,M5_C1_OB_FVG,1.5,7527.100,M5
7532.8,7521.85,False,58,OB,7532.5,7533.1,2,FVG-001849|OB-000327,7532.5,7533.1,7531.3,7523.35,HYPOTHETICAL_SCENARIO_NOT_BROKER_FACT,2018-09-14 00:00:00,2018-09-17 08:05:00,BEARISH,2018-09-17 09:05:00,2018-09-17 09:06:00,7532.8,D1-20180914-BEARISH,TARGET_1_5R,7521.85,2018-09-17 10:03:00,MLR-TECH-ABL-001,2018-09-18 00:00:00,PREVIOUSLY_EXPOSED_WINDOW,C1_OB_FVG,M1_STRICT_PENETRATION_NO_FAVORABLE_IMPROVEMENT,STRICT_M1_LIMIT_PENETRATION,FILLED,0,0.0,10.95,1.5,0.95,TECHNICAL_ONLY_ABLATION,5.95,0.8150684931506849315068493151,WIN_TARGET_1_5R,QRP-MACRO-LIQUIDITY-REVERSAL-001,0,7.3,NORMALIZED_MEDIUM_COST,D1-20180914-BEARISH-M5-C1_OB_FVG-FVG-001849-OB-000327,1.0,2,7535.1,M5_C1_OB_FVG,1.5,7521.85,M5
7532.8,7539.1,False,131,OB,7532.5,7533.1,4,FVG-001849|OB-000327,7532.5,7533.1,7528.3,7543.6,HYPOTHETICAL_SCENARIO_NOT_BROKER_FACT,2018-09-14 00:00:00,2018-09-17 08:05:00,BEARISH,2018-09-17 09:05:00,2018-09-17 09:06:00,7532.8,D1-20180914-BEARISH,STOP,7539.1,2018-09-17 11:16:00,MLR-TECH-ABL-001,2018-09-18 00:00:00,PREVIOUSLY_EXPOSED_WINDOW,C1_OB_FVG,M1_STRICT_PENETRATION_NO_FAVORABLE_IMPROVEMENT,STRICT_M1_LIMIT_PENETRATION,FILLED,0,0.00,-6.3,-0.3264248704663212435233160622,2.1666666666666665,TECHNICAL_ONLY_ABLATION,-19.30,-1.0,LOSS_1R,QRP-MACRO-LIQUIDITY-REVERSAL-001,0,19.3,NORMALIZED_HIGH_COST,D1-20180914-BEARISH-M5-C1_OB_FVG-FVG-001849-OB-000327,3.0,6,7539.1,M5_C1_OB_FVG,1.5,7503.85,M5
7059.450000000001,7051.7250000000025,False,84,OB,7057.8,7061.1,1.0,FVG-002099|OB-000376,7057.8,7061.1,7058.700000000001,7052.4750000000025,HYPOTHETICAL_SCENARIO_NOT_BROKER_FACT,2019-02-19 00:00:00,2019-02-20 11:35:00,BEARISH,2019-02-20 12:14:00,2019-02-20 12:15:00,7059.450000000001,D1-20190219-BEARISH,TARGET_1_5R,7051.7250000000025,2019-02-20 13:38:00,MLR-TECH-ABL-001,2019-02-21 00:00:00,PREVIOUSLY_EXPOSED_WINDOW,C1_OB_FVG,M1_STRICT_PENETRATION_NO_FAVORABLE_IMPROVEMENT,STRICT_M1_LIMIT_PENETRATION,FILLED,0,0,7.7249999999985,1.5,1.3833333333333333,TECHNICAL_ONLY_ABLATION,5.2249999999985,1.014563106796022245263455538,WIN_TARGET_1_5R,QRP-MACRO-LIQUIDITY-REVERSAL-001,0,5.149999999999,NORMALIZED_LOW_COST,D1-20190219-BEARISH-M5-C1_OB_FVG-FVG-002099-OB-000376,0.50,1,7062.1,M5_C1_OB_FVG,1.5,7051.7250000000025,M5
7059.450000000001,7063.1,False,141,OB,7057.8,7061.1,2,FVG-002099|OB-000376,7057.8,7061.1,7057.950000000001,7064.6,HYPOTHETICAL_SCENARIO_NOT_BROKER_FACT,2019-02-19 00:00:00,2019-02-20 11:35:00,BEARISH,2019-02-20 12:14:00,2019-02-20 12:15:00,7059.450000000001,D1-20190219-BEARISH,STOP,7063.1,2019-02-20 14:35:00,MLR-TECH-ABL-001,2019-02-21 00:00:00,PREVIOUSLY_EXPOSED_WINDOW,C1_OB_FVG,M1_STRICT_PENETRATION_NO_FAVORABLE_IMPROVEMENT,STRICT_M1_LIMIT_PENETRATION,FILLED,0,0.0,-3.649999999999,-0.4219653179190083196899328333,2.3333333333333335,TECHNICAL_ONLY_ABLATION,-8.649999999999,-1,LOSS_1R,QRP-MACRO-LIQUIDITY-REVERSAL-001,0,8.649999999999,NORMALIZED_MEDIUM_COST,D1-20190219-BEARISH-M5-C1_OB_FVG-FVG-002099-OB-000376,1.0,2,7063.1,M5_C1_OB_FVG,1.5,7046.4750000000025,M5
7059.450000000001,7067.1,False,215,OB,7057.8,7061.1,4,FVG-002099|OB-000376,7057.8,7061.1,7054.950000000001,7071.6,HYPOTHETICAL_SCENARIO_NOT_BROKER_FACT,2019-02-19 00:00:00,2019-02-20 11:35:00,BEARISH,2019-02-20 12:14:00,2019-02-20 12:15:00,7059.450000000001,D1-20190219-BEARISH,STOP,7067.1,2019-02-20 15:49:00,MLR-TECH-ABL-001,2019-02-21 00:00:00,PREVIOUSLY_EXPOSED_WINDOW,C1_OB_FVG,M1_STRICT_PENETRATION_NO_FAVORABLE_IMPROVEMENT,STRICT_M1_LIMIT_PENETRATION,FILLED,0,0.00,-7.649999999999,-0.3704600484261196348691731777,3.566666666666667,TECHNICAL_ONLY_ABLATION,-20.649999999999,-1,LOSS_1R,QRP-MACRO-LIQUIDITY-REVERSAL-001,0,20.649999999999,NORMALIZED_HIGH_COST,D1-20190219-BEARISH-M5-C1_OB_FVG-FVG-002099-OB-000376,3.0,6,7067.1,M5_C1_OB_FVG,1.5,7028.4750000000025,M5
7625.6,7629.8,False,2,OB,7625.5,7628.8,1.0,FVG-002275|OB-000412,7625.5,7625.7,7624.85,7630.55,HYPOTHETICAL_SCENARIO_NOT_BROKER_FACT,2019-04-11 00:00:00,2019-04-12 16:35:00,BEARISH,2019-04-12 16:40:00,2019-04-12 16:41:00,7625.6,D1-20190411-BEARISH,STOP,7629.8,2019-04-12 16:42:00,MLR-TECH-ABL-001,2019-04-13 00:00:00,PREVIOUSLY_EXPOSED_WINDOW,C1_OB_FVG,M1_STRICT_PENETRATION_NO_FAVORABLE_IMPROVEMENT,STRICT_M1_LIMIT_PENETRATION,FILLED,0,0,-4.2,-0.6268656716417910447761194030,0.016666666666666666,TECHNICAL_ONLY_ABLATION,-6.70,-1,LOSS_1R,QRP-MACRO-LIQUIDITY-REVERSAL-001,0,6.70,NORMALIZED_LOW_COST,D1-20190411-BEARISH-M5-C1_OB_FVG-FVG-002275-OB-000412,0.50,1,7629.8,M5_C1_OB_FVG,1.5,7615.550,M5
7625.6,7610.30,False,64,OB,7625.5,7628.8,2,FVG-002275|OB-000412,7625.5,7625.7,7624.1,7611.80,HYPOTHETICAL_SCENARIO_NOT_BROKER_FACT,2019-04-11 00:00:00,2019-04-12 16:35:00,BEARISH,2019-04-12 16:40:00,2019-04-12 16:41:00,7625.6,D1-20190411-BEARISH,TARGET_1_5R,7610.30,2019-04-12 17:44:00,MLR-TECH-ABL-001,2019-04-13 00:00:00,PREVIOUSLY_EXPOSED_WINDOW,C1_OB_FVG,M1_STRICT_PENETRATION_NO_FAVORABLE_IMPROVEMENT,STRICT_M1_LIMIT_PENETRATION,FILLED,0,0.0,15.30,1.5,1.05,TECHNICAL_ONLY_ABLATION,10.30,1.009803921568627450980392157,WIN_TARGET_1_5R,QRP-MACRO-LIQUIDITY-REVERSAL-001,0,10.2,NORMALIZED_MEDIUM_COST,D1-20190411-BEARISH-M5-C1_OB_FVG-FVG-002275-OB-000412,1.0,2,7630.8,M5_C1_OB_FVG,1.5,7610.30,M5
7625.6,7629.3,False,420,OB,7625.5,7628.8,4,FVG-002275|OB-000412,7625.5,7625.7,7621.1,7633.8,HYPOTHETICAL_SCENARIO_NOT_BROKER_FACT,2019-04-11 00:00:00,2019-04-12 16:35:00,BEARISH,2019-04-12 16:40:00,2019-04-12 16:41:00,7625.6,D1-20190411-BEARISH,D1_CANDLE_3_EXPIRY,7629.3,2019-04-12 23:55:00,MLR-TECH-ABL-001,2019-04-13 00:00:00,PREVIOUSLY_EXPOSED_WINDOW,C1_OB_FVG,M1_STRICT_PENETRATION_NO_FAVORABLE_IMPROVEMENT,STRICT_M1_LIMIT_PENETRATION,FILLED,0,0.00,-3.7,-0.1666666666666666666666666667,7.233333333333333,TECHNICAL_ONLY_ABLATION,-16.70,-0.7522522522522522522522522523,TIMEOUT,QRP-MACRO-LIQUIDITY-REVERSAL-001,0,22.2,NORMALIZED_HIGH_COST,D1-20190411-BEARISH-M5-C1_OB_FVG-FVG-002275-OB-000412,3.0,6,7634.8,M5_C1_OB_FVG,1.5,7592.30,M5
,,False,0,OB,7919.8,7923.0,0,FVG-002385|OB-000437,7922.0,7922.6,,,HYPOTHETICAL_SCENARIO_NOT_BROKER_FACT,2019-07-11 00:00:00,2019-07-12 13:50:00,BEARISH,,,,D1-20190711-BEARISH,OB_MITIGATED_BEFORE_MIDPOINT,,,MLR-TECH-ABL-001,2019-07-13 00:00:00,PREVIOUSLY_EXPOSED_WINDOW,C1_OB_FVG,M1_BLOCK_TOUCH,OB_MITIGATED_BEFORE_MIDPOINT,NO_FILL,0,0,,,,TECHNICAL_ONLY_ABLATION,,,NO_FILL,QRP-MACRO-LIQUIDITY-REVERSAL-001,0,,NORMALIZED_LOW_COST,D1-20190711-BEARISH-M5-C1_OB_FVG-FVG-002385-OB-000437,0,0,,M5_C1_OB_FVG,1.5,,M5
,,False,0,OB,7919.8,7923.0,0,FVG-002385|OB-000437,7922.0,7922.6,,,HYPOTHETICAL_SCENARIO_NOT_BROKER_FACT,2019-07-11 00:00:00,2019-07-12 13:50:00,BEARISH,,,,D1-20190711-BEARISH,OB_MITIGATED_BEFORE_MIDPOINT,,,MLR-TECH-ABL-001,2019-07-13 00:00:00,PREVIOUSLY_EXPOSED_WINDOW,C1_OB_FVG,M1_BLOCK_TOUCH,OB_MITIGATED_BEFORE_MIDPOINT,NO_FILL,0,0,,,,TECHNICAL_ONLY_ABLATION,,,NO_FILL,QRP-MACRO-LIQUIDITY-REVERSAL-001,0,,NORMALIZED_MEDIUM_COST,D1-20190711-BEARISH-M5-C1_OB_FVG-FVG-002385-OB-000437,0,0,,M5_C1_OB_FVG,1.5,,M5
,,False,0,OB,7919.8,7923.0,0,FVG-002385|OB-000437,7922.0,7922.6,,,HYPOTHETICAL_SCENARIO_NOT_BROKER_FACT,2019-07-11 00:00:00,2019-07-12 13:50:00,BEARISH,,,,D1-20190711-BEARISH,OB_MITIGATED_BEFORE_MIDPOINT,,,MLR-TECH-ABL-001,2019-07-13 00:00:00,PREVIOUSLY_EXPOSED_WINDOW,C1_OB_FVG,M1_BLOCK_TOUCH,OB_MITIGATED_BEFORE_MIDPOINT,NO_FILL,0,0,,,,TECHNICAL_ONLY_ABLATION,,,NO_FILL,QRP-MACRO-LIQUIDITY-REVERSAL-001,0,,NORMALIZED_HIGH_COST,D1-20190711-BEARISH-M5-C1_OB_FVG-FVG-002385-OB-000437,0,0,,M5_C1_OB_FVG,1.5,,M5
,,False,0,OB,7503.5,7507.3,0,FVG-002508|OB-000458,7506.9,7507.3,,,HYPOTHETICAL_SCENARIO_NOT_BROKER_FACT,2019-08-15 00:00:00,2019-08-16 03:50:00,BULLISH,,,,D1-20190815-BULLISH,MIDPOINT_NOT_STRICTLY_PENETRATED,,,MLR-TECH-ABL-001,2019-08-17 00:00:00,PREVIOUSLY_EXPOSED_WINDOW,C1_OB_FVG,M1_PATH,MIDPOINT_NOT_STRICTLY_PENETRATED,NO_FILL,0,0,,,,TECHNICAL_ONLY_ABLATION,,,NO_FILL,QRP-MACRO-LIQUIDITY-REVERSAL-001,0,,NORMALIZED_LOW_COST,D1-20190815-BULLISH-M5-C1_OB_FVG-FVG-002508-OB-000458,0,0,,M5_C1_OB_FVG,1.5,,M5
,,False,0,OB,7503.5,7507.3,0,FVG-002508|OB-000458,7506.9,7507.3,,,HYPOTHETICAL_SCENARIO_NOT_BROKER_FACT,2019-08-15 00:00:00,2019-08-16 03:50:00,BULLISH,,,,D1-20190815-BULLISH,MIDPOINT_NOT_STRICTLY_PENETRATED,,,MLR-TECH-ABL-001,2019-08-17 00:00:00,PREVIOUSLY_EXPOSED_WINDOW,C1_OB_FVG,M1_PATH,MIDPOINT_NOT_STRICTLY_PENETRATED,NO_FILL,0,0,,,,TECHNICAL_ONLY_ABLATION,,,NO_FILL,QRP-MACRO-LIQUIDITY-REVERSAL-001,0,,NORMALIZED_MEDIUM_COST,D1-20190815-BULLISH-M5-C1_OB_FVG-FVG-002508-OB-000458,0,0,,M5_C1_OB_FVG,1.5,,M5
,,False,0,OB,7503.5,7507.3,0,FVG-002508|OB-000458,7506.9,7507.3,,,HYPOTHETICAL_SCENARIO_NOT_BROKER_FACT,2019-08-15 00:00:00,2019-08-16 03:50:00,BULLISH,,,,D1-20190815-BULLISH,MIDPOINT_NOT_STRICTLY_PENETRATED,,,MLR-TECH-ABL-001,2019-08-17 00:00:00,PREVIOUSLY_EXPOSED_WINDOW,C1_OB_FVG,M1_PATH,MIDPOINT_NOT_STRICTLY_PENETRATED,NO_FILL,0,0,,,,TECHNICAL_ONLY_ABLATION,,,NO_FILL,QRP-MACRO-LIQUIDITY-REVERSAL-001,0,,NORMALIZED_HIGH_COST,D1-20190815-BULLISH-M5-C1_OB_FVG-FVG-002508-OB-000458,0,0,,M5_C1_OB_FVG,1.5,,M5
7866.200000000001,7869.0,False,3,OB,7865.6,7868.0,1.0,FVG-002710|OB-000506,7865.8,7866.6,7865.450000000001,7869.75,HYPOTHETICAL_SCENARIO_NOT_BROKER_FACT,2019-09-06 00:00:00,2019-09-09 03:05:00,BEARISH,2019-09-09 03:06:00,2019-09-09 03:07:00,7866.200000000001,D1-20190906-BEARISH,STOP,7869.0,2019-09-09 03:09:00,MLR-TECH-ABL-001,2019-09-10 00:00:00,PREVIOUSLY_EXPOSED_WINDOW,C1_OB_FVG,M1_STRICT_PENETRATION_NO_FAVORABLE_IMPROVEMENT,STRICT_M1_LIMIT_PENETRATION,FILLED,0,0,-2.799999999999,-0.5283018867923638305446778045,0.03333333333333333,TECHNICAL_ONLY_ABLATION,-5.299999999999,-1,LOSS_1R,QRP-MACRO-LIQUIDITY-REVERSAL-001,0,5.299999999999,NORMALIZED_LOW_COST,D1-20190906-BEARISH-M5-C1_OB_FVG-FVG-002710-OB-000506,0.50,1,7869.0,M5_C1_OB_FVG,1.5,7858.2500000000025,M5
7866.200000000001,7870.0,False,3,OB,7865.6,7868.0,2,FVG-002710|OB-000506,7865.8,7866.6,7864.700000000001,7871.5,HYPOTHETICAL_SCENARIO_NOT_BROKER_FACT,2019-09-06 00:00:00,2019-09-09 03:05:00,BEARISH,2019-09-09 03:06:00,2019-09-09 03:07:00,7866.200000000001,D1-20190906-BEARISH,STOP,7870.0,2019-09-09 03:09:00,MLR-TECH-ABL-001,2019-09-10 00:00:00,PREVIOUSLY_EXPOSED_WINDOW,C1_OB_FVG,M1_STRICT_PENETRATION_NO_FAVORABLE_IMPROVEMENT,STRICT_M1_LIMIT_PENETRATION,FILLED,0,0.0,-3.799999999999,-0.4318181818181172520661156951,0.03333333333333333,TECHNICAL_ONLY_ABLATION,-8.799999999999,-1,LOSS_1R,QRP-MACRO-LIQUIDITY-REVERSAL-001,0,8.799999999999,NORMALIZED_MEDIUM_COST,D1-20190906-BEARISH-M5-C1_OB_FVG-FVG-002710-OB-000506,1.0,2,7870.0,M5_C1_OB_FVG,1.5,7853.0000000000025,M5
7866.200000000001,7874.0,False,5,OB,7865.6,7868.0,4,FVG-002710|OB-000506,7865.8,7866.6,7861.700000000001,7878.5,HYPOTHETICAL_SCENARIO_NOT_BROKER_FACT,2019-09-06 00:00:00,2019-09-09 03:05:00,BEARISH,2019-09-09 03:06:00,2019-09-09 03:07:00,7866.200000000001,D1-20190906-BEARISH,STOP,7874.0,2019-09-09 03:11:00,MLR-TECH-ABL-001,2019-09-10 00:00:00,PREVIOUSLY_EXPOSED_WINDOW,C1_OB_FVG,M1_STRICT_PENETRATION_NO_FAVORABLE_IMPROVEMENT,STRICT_M1_LIMIT_PENETRATION,FILLED,0,0.00,-7.799999999999,-0.3749999999999699519230769216,0.06666666666666667,TECHNICAL_ONLY_ABLATION,-20.799999999999,-1,LOSS_1R,QRP-MACRO-LIQUIDITY-REVERSAL-001,0,20.799999999999,NORMALIZED_HIGH_COST,D1-20190906-BEARISH-M5-C1_OB_FVG-FVG-002710-OB-000506,3.0,6,7874.0,M5_C1_OB_FVG,1.5,7835.0000000000025,M5
8300.75,8304.1,False,4,OB,8300.7,8303.1,1.0,FVG-002933|OB-000543,8300.7,8300.8,8300.00,8304.85,HYPOTHETICAL_SCENARIO_NOT_BROKER_FACT,2019-11-19 00:00:00,2019-11-20 12:15:00,BEARISH,2019-11-20 13:54:00,2019-11-20 13:55:00,8300.75,D1-20191119-BEARISH,STOP,8304.1,2019-11-20 13:58:00,MLR-TECH-ABL-001,2019-11-21 00:00:00,PREVIOUSLY_EXPOSED_WINDOW,C1_OB_FVG,M1_STRICT_PENETRATION_NO_FAVORABLE_IMPROVEMENT,STRICT_M1_LIMIT_PENETRATION,FILLED,0,0,-3.35,-0.5726495726495726495726495726,0.05,TECHNICAL_ONLY_ABLATION,-5.85,-1,LOSS_1R,QRP-MACRO-LIQUIDITY-REVERSAL-001,0,5.85,NORMALIZED_LOW_COST,D1-20191119-BEARISH-M5-C1_OB_FVG-FVG-002933-OB-000543,0.50,1,8304.1,M5_C1_OB_FVG,1.5,8291.975,M5
8300.75,8305.1,False,17,OB,8300.7,8303.1,2,FVG-002933|OB-000543,8300.7,8300.8,8299.25,8306.6,HYPOTHETICAL_SCENARIO_NOT_BROKER_FACT,2019-11-19 00:00:00,2019-11-20 12:15:00,BEARISH,2019-11-20 13:54:00,2019-11-20 13:55:00,8300.75,D1-20191119-BEARISH,STOP,8305.1,2019-11-20 14:11:00,MLR-TECH-ABL-001,2019-11-21 00:00:00,PREVIOUSLY_EXPOSED_WINDOW,C1_OB_FVG,M1_STRICT_PENETRATION_NO_FAVORABLE_IMPROVEMENT,STRICT_M1_LIMIT_PENETRATION,FILLED,0,0.0,-4.35,-0.4652406417112299465240641711,0.26666666666666666,TECHNICAL_ONLY_ABLATION,-9.35,-1,LOSS_1R,QRP-MACRO-LIQUIDITY-REVERSAL-001,0,9.35,NORMALIZED_MEDIUM_COST,D1-20191119-BEARISH-M5-C1_OB_FVG-FVG-002933-OB-000543,1.0,2,8305.1,M5_C1_OB_FVG,1.5,8286.725,M5
8300.75,8309.1,False,17,OB,8300.7,8303.1,4,FVG-002933|OB-000543,8300.7,8300.8,8296.25,8313.6,HYPOTHETICAL_SCENARIO_NOT_BROKER_FACT,2019-11-19 00:00:00,2019-11-20 12:15:00,BEARISH,2019-11-20 13:54:00,2019-11-20 13:55:00,8300.75,D1-20191119-BEARISH,STOP,8309.1,2019-11-20 14:11:00,MLR-TECH-ABL-001,2019-11-21 00:00:00,PREVIOUSLY_EXPOSED_WINDOW,C1_OB_FVG,M1_STRICT_PENETRATION_NO_FAVORABLE_IMPROVEMENT,STRICT_M1_LIMIT_PENETRATION,FILLED,0,0.00,-8.35,-0.3911007025761124121779859485,0.26666666666666666,TECHNICAL_ONLY_ABLATION,-21.35,-1,LOSS_1R,QRP-MACRO-LIQUIDITY-REVERSAL-001,0,21.35,NORMALIZED_HIGH_COST,D1-20191119-BEARISH-M5-C1_OB_FVG-FVG-002933-OB-000543,3.0,6,8309.1,M5_C1_OB_FVG,1.5,8268.725,M5
8305.55,8307.6,False,20,OB,8305.5,8306.6,1.0,FVG-003113|OB-000582,8305.5,8305.6,8304.80,8308.35,HYPOTHETICAL_SCENARIO_NOT_BROKER_FACT,2019-11-22 00:00:00,2019-11-25 06:25:00,BEARISH,2019-11-25 07:42:00,2019-11-25 07:43:00,8305.55,D1-20191122-BEARISH,STOP,8307.6,2019-11-25 08:02:00,MLR-TECH-ABL-001,2019-11-26 00:00:00,PREVIOUSLY_EXPOSED_WINDOW,C1_OB_FVG,M1_STRICT_PENETRATION_NO_FAVORABLE_IMPROVEMENT,STRICT_M1_LIMIT_PENETRATION,FILLED,0,0,-2.05,-0.4505494505494505494505494505,0.31666666666666665,TECHNICAL_ONLY_ABLATION,-4.55,-1,LOSS_1R,QRP-MACRO-LIQUIDITY-REVERSAL-001,0,4.55,NORMALIZED_LOW_COST,D1-20191122-BEARISH-M5-C1_OB_FVG-FVG-003113-OB-000582,0.50,1,8307.6,M5_C1_OB_FVG,1.5,8298.725,M5
8305.55,8308.6,False,22,OB,8305.5,8306.6,2,FVG-003113|OB-000582,8305.5,8305.6,8304.05,8310.1,HYPOTHETICAL_SCENARIO_NOT_BROKER_FACT,2019-11-22 00:00:00,2019-11-25 06:25:00,BEARISH,2019-11-25 07:42:00,2019-11-25 07:43:00,8305.55,D1-20191122-BEARISH,STOP,8308.6,2019-11-25 08:04:00,MLR-TECH-ABL-001,2019-11-26 00:00:00,PREVIOUSLY_EXPOSED_WINDOW,C1_OB_FVG,M1_STRICT_PENETRATION_NO_FAVORABLE_IMPROVEMENT,STRICT_M1_LIMIT_PENETRATION,FILLED,0,0.0,-3.05,-0.3788819875776397515527950311,0.35,TECHNICAL_ONLY_ABLATION,-8.05,-1,LOSS_1R,QRP-MACRO-LIQUIDITY-REVERSAL-001,0,8.05,NORMALIZED_MEDIUM_COST,D1-20191122-BEARISH-M5-C1_OB_FVG-FVG-003113-OB-000582,1.0,2,8308.6,M5_C1_OB_FVG,1.5,8293.475,M5
8305.55,8312.6,False,529,OB,8305.5,8306.6,4,FVG-003113|OB-000582,8305.5,8305.6,8301.05,8317.1,HYPOTHETICAL_SCENARIO_NOT_BROKER_FACT,2019-11-22 00:00:00,2019-11-25 06:25:00,BEARISH,2019-11-25 07:42:00,2019-11-25 07:43:00,8305.55,D1-20191122-BEARISH,STOP,8312.6,2019-11-25 16:31:00,MLR-TECH-ABL-001,2019-11-26 00:00:00,PREVIOUSLY_EXPOSED_WINDOW,C1_OB_FVG,M1_STRICT_PENETRATION_NO_FAVORABLE_IMPROVEMENT,STRICT_M1_LIMIT_PENETRATION,FILLED,0,0.00,-7.05,-0.3516209476309226932668329177,8.8,TECHNICAL_ONLY_ABLATION,-20.05,-1,LOSS_1R,QRP-MACRO-LIQUIDITY-REVERSAL-001,0,20.05,NORMALIZED_HIGH_COST,D1-20191122-BEARISH-M5-C1_OB_FVG-FVG-003113-OB-000582,3.0,6,8312.6,M5_C1_OB_FVG,1.5,8275.475,M5
,,False,0,OB,8585.2,8587.1,0,FVG-003411|OB-000628,8586.2,8586.7,,,HYPOTHETICAL_SCENARIO_NOT_BROKER_FACT,2019-12-17 00:00:00,2019-12-18 14:15:00,BEARISH,,,,D1-20191217-BEARISH,OB_MITIGATED_BEFORE_MIDPOINT,,,MLR-TECH-ABL-001,2019-12-19 00:00:00,PREVIOUSLY_EXPOSED_WINDOW,C1_OB_FVG,M1_BLOCK_TOUCH,OB_MITIGATED_BEFORE_MIDPOINT,NO_FILL,0,0,,,,TECHNICAL_ONLY_ABLATION,,,NO_FILL,QRP-MACRO-LIQUIDITY-REVERSAL-001,0,,NORMALIZED_LOW_COST,D1-20191217-BEARISH-M5-C1_OB_FVG-FVG-003411-OB-000628,0,0,,M5_C1_OB_FVG,1.5,,M5
,,False,0,OB,8585.2,8587.1,0,FVG-003411|OB-000628,8586.2,8586.7,,,HYPOTHETICAL_SCENARIO_NOT_BROKER_FACT,2019-12-17 00:00:00,2019-12-18 14:15:00,BEARISH,,,,D1-20191217-BEARISH,OB_MITIGATED_BEFORE_MIDPOINT,,,MLR-TECH-ABL-001,2019-12-19 00:00:00,PREVIOUSLY_EXPOSED_WINDOW,C1_OB_FVG,M1_BLOCK_TOUCH,OB_MITIGATED_BEFORE_MIDPOINT,NO_FILL,0,0,,,,TECHNICAL_ONLY_ABLATION,,,NO_FILL,QRP-MACRO-LIQUIDITY-REVERSAL-001,0,,NORMALIZED_MEDIUM_COST,D1-20191217-BEARISH-M5-C1_OB_FVG-FVG-003411-OB-000628,0,0,,M5_C1_OB_FVG,1.5,,M5
,,False,0,OB,8585.2,8587.1,0,FVG-003411|OB-000628,8586.2,8586.7,,,HYPOTHETICAL_SCENARIO_NOT_BROKER_FACT,2019-12-17 00:00:00,2019-12-18 14:15:00,BEARISH,,,,D1-20191217-BEARISH,OB_MITIGATED_BEFORE_MIDPOINT,,,MLR-TECH-ABL-001,2019-12-19 00:00:00,PREVIOUSLY_EXPOSED_WINDOW,C1_OB_FVG,M1_BLOCK_TOUCH,OB_MITIGATED_BEFORE_MIDPOINT,NO_FILL,0,0,,,,TECHNICAL_ONLY_ABLATION,,,NO_FILL,QRP-MACRO-LIQUIDITY-REVERSAL-001,0,,NORMALIZED_HIGH_COST,D1-20191217-BEARISH-M5-C1_OB_FVG-FVG-003411-OB-000628,0,0,,M5_C1_OB_FVG,1.5,,M5
8826.650000000001,8813.5250000000025,False,4,OB,8823.2,8831.9,1.0,FVG-003525|OB-000653,8825.7,8827.6,8825.900000000001,8814.2750000000025,HYPOTHETICAL_SCENARIO_NOT_BROKER_FACT,2020-01-07 00:00:00,2020-01-08 01:20:00,BEARISH,2020-01-08 10:03:00,2020-01-08 10:04:00,8826.650000000001,D1-20200107-BEARISH,TARGET_1_5R,8813.5250000000025,2020-01-08 10:07:00,MLR-TECH-ABL-001,2020-01-09 00:00:00,PREVIOUSLY_EXPOSED_WINDOW,C1_OB_FVG,M1_STRICT_PENETRATION_NO_FAVORABLE_IMPROVEMENT,STRICT_M1_LIMIT_PENETRATION,FILLED,0,0,13.1249999999985,1.5,0.05,TECHNICAL_ONLY_ABLATION,10.6249999999985,1.214285714285681632653061221,WIN_TARGET_1_5R,QRP-MACRO-LIQUIDITY-REVERSAL-001,0,8.749999999999,NORMALIZED_LOW_COST,D1-20200107-BEARISH-M5-C1_OB_FVG-FVG-003525-OB-000653,0.50,1,8832.9,M5_C1_OB_FVG,1.5,8813.5250000000025,M5
8826.650000000001,8808.2750000000025,False,11,OB,8823.2,8831.9,2,FVG-003525|OB-000653,8825.7,8827.6,8825.150000000001,8809.7750000000025,HYPOTHETICAL_SCENARIO_NOT_BROKER_FACT,2020-01-07 00:00:00,2020-01-08 01:20:00,BEARISH,2020-01-08 10:03:00,2020-01-08 10:04:00,8826.650000000001,D1-20200107-BEARISH,TARGET_1_5R,8808.2750000000025,2020-01-08 10:14:00,MLR-TECH-ABL-001,2020-01-09 00:00:00,PREVIOUSLY_EXPOSED_WINDOW,C1_OB_FVG,M1_STRICT_PENETRATION_NO_FAVORABLE_IMPROVEMENT,STRICT_M1_LIMIT_PENETRATION,FILLED,0,0.0,18.3749999999985,1.5,0.16666666666666666,TECHNICAL_ONLY_ABLATION,13.3749999999985,1.091836734693844231570179089,WIN_TARGET_1_5R,QRP-MACRO-LIQUIDITY-REVERSAL-001,0,12.249999999999,NORMALIZED_MEDIUM_COST,D1-20200107-BEARISH-M5-C1_OB_FVG-FVG-003525-OB-000653,1.0,2,8833.9,M5_C1_OB_FVG,1.5,8808.2750000000025,M5
8826.650000000001,8837.9,False,138,OB,8823.2,8831.9,4,FVG-003525|OB-000653,8825.7,8827.6,8822.150000000001,8842.4,HYPOTHETICAL_SCENARIO_NOT_BROKER_FACT,2020-01-07 00:00:00,2020-01-08 01:20:00,BEARISH,2020-01-08 10:03:00,2020-01-08 10:04:00,8826.650000000001,D1-20200107-BEARISH,STOP,8837.9,2020-01-08 12:21:00,MLR-TECH-ABL-001,2020-01-09 00:00:00,PREVIOUSLY_EXPOSED_WINDOW,C1_OB_FVG,M1_STRICT_PENETRATION_NO_FAVORABLE_IMPROVEMENT,STRICT_M1_LIMIT_PENETRATION,FILLED,0,0.00,-11.249999999999,-0.4639175257731737697948772443,2.283333333333333,TECHNICAL_ONLY_ABLATION,-24.249999999999,-1,LOSS_1R,QRP-MACRO-LIQUIDITY-REVERSAL-001,0,24.249999999999,NORMALIZED_HIGH_COST,D1-20200107-BEARISH-M5-C1_OB_FVG-FVG-003525-OB-000653,3.0,6,8837.9,M5_C1_OB_FVG,1.5,8790.2750000000025,M5
9039.650000000001,9048.0,False,196,OB,9039.2,9047.0,1.0,FVG-003722|OB-000686,9039.6,9039.7,9038.900000000001,9048.75,HYPOTHETICAL_SCENARIO_NOT_BROKER_FACT,2020-01-14 00:00:00,2020-01-15 10:15:00,BEARISH,2020-01-15 10:31:00,2020-01-15 10:32:00,9039.650000000001,D1-20200114-BEARISH,STOP,9048.0,2020-01-15 13:47:00,MLR-TECH-ABL-001,2020-01-16 00:00:00,PREVIOUSLY_EXPOSED_WINDOW,C1_OB_FVG,M1_STRICT_PENETRATION_NO_FAVORABLE_IMPROVEMENT,STRICT_M1_LIMIT_PENETRATION,FILLED,0,0,-8.349999999999,-0.7695852534561999617745120922,3.25,TECHNICAL_ONLY_ABLATION,-10.849999999999,-1,LOSS_1R,QRP-MACRO-LIQUIDITY-REVERSAL-001,0,10.849999999999,NORMALIZED_LOW_COST,D1-20200114-BEARISH-M5-C1_OB_FVG-FVG-003722-OB-000686,0.50,1,9048.0,M5_C1_OB_FVG,1.5,9023.3750000000025,M5
9039.650000000001,9049.0,False,196,OB,9039.2,9047.0,2,FVG-003722|OB-000686,9039.6,9039.7,9038.150000000001,9050.5,HYPOTHETICAL_SCENARIO_NOT_BROKER_FACT,2020-01-14 00:00:00,2020-01-15 10:15:00,BEARISH,2020-01-15 10:31:00,2020-01-15 10:32:00,9039.650000000001,D1-20200114-BEARISH,STOP,9049.0,2020-01-15 13:47:00,MLR-TECH-ABL-001,2020-01-16 00:00:00,PREVIOUSLY_EXPOSED_WINDOW,C1_OB_FVG,M1_STRICT_PENETRATION_NO_FAVORABLE_IMPROVEMENT,STRICT_M1_LIMIT_PENETRATION,FILLED,0,0.0,-9.349999999999,-0.6515679442508467991598781078,3.25,TECHNICAL_ONLY_ABLATION,-14.349999999999,-1,LOSS_1R,QRP-MACRO-LIQUIDITY-REVERSAL-001,0,14.349999999999,NORMALIZED_MEDIUM_COST,D1-20200114-BEARISH-M5-C1_OB_FVG-FVG-003722-OB-000686,1.0,2,9049.0,M5_C1_OB_FVG,1.5,9018.1250000000025,M5
9039.650000000001,9053.0,False,226,OB,9039.2,9047.0,4,FVG-003722|OB-000686,9039.6,9039.7,9035.150000000001,9057.5,HYPOTHETICAL_SCENARIO_NOT_BROKER_FACT,2020-01-14 00:00:00,2020-01-15 10:15:00,BEARISH,2020-01-15 10:31:00,2020-01-15 10:32:00,9039.650000000001,D1-20200114-BEARISH,STOP,9053.0,2020-01-15 14:17:00,MLR-TECH-ABL-001,2020-01-16 00:00:00,PREVIOUSLY_EXPOSED_WINDOW,C1_OB_FVG,M1_STRICT_PENETRATION_NO_FAVORABLE_IMPROVEMENT,STRICT_M1_LIMIT_PENETRATION,FILLED,0,0.00,-13.349999999999,-0.5066413662238901951182627662,3.75,TECHNICAL_ONLY_ABLATION,-26.349999999999,-1,LOSS_1R,QRP-MACRO-LIQUIDITY-REVERSAL-001,0,26.349999999999,NORMALIZED_HIGH_COST,D1-20200114-BEARISH-M5-C1_OB_FVG-FVG-003722-OB-000686,3.0,6,9053.0,M5_C1_OB_FVG,1.5,9000.1250000000025,M5
,,False,0,OB,9094.6,9102.3,0,FVG-003938|OB-000729,9094.9,9097.9,,,HYPOTHETICAL_SCENARIO_NOT_BROKER_FACT,2020-01-29 00:00:00,2020-01-30 03:15:00,BEARISH,,,,D1-20200129-BEARISH,OB_MITIGATED_BEFORE_MIDPOINT,,,MLR-TECH-ABL-001,2020-01-31 00:00:00,PREVIOUSLY_EXPOSED_WINDOW,C1_OB_FVG,M1_BLOCK_TOUCH,OB_MITIGATED_BEFORE_MIDPOINT,NO_FILL,0,0,,,,TECHNICAL_ONLY_ABLATION,,,NO_FILL,QRP-MACRO-LIQUIDITY-REVERSAL-001,0,,NORMALIZED_LOW_COST,D1-20200129-BEARISH-M5-C1_OB_FVG-FVG-003938-OB-000729,0,0,,M5_C1_OB_FVG,1.5,,M5
,,False,0,OB,9094.6,9102.3,0,FVG-003938|OB-000729,9094.9,9097.9,,,HYPOTHETICAL_SCENARIO_NOT_BROKER_FACT,2020-01-29 00:00:00,2020-01-30 03:15:00,BEARISH,,,,D1-20200129-BEARISH,OB_MITIGATED_BEFORE_MIDPOINT,,,MLR-TECH-ABL-001,2020-01-31 00:00:00,PREVIOUSLY_EXPOSED_WINDOW,C1_OB_FVG,M1_BLOCK_TOUCH,OB_MITIGATED_BEFORE_MIDPOINT,NO_FILL,0,0,,,,TECHNICAL_ONLY_ABLATION,,,NO_FILL,QRP-MACRO-LIQUIDITY-REVERSAL-001,0,,NORMALIZED_MEDIUM_COST,D1-20200129-BEARISH-M5-C1_OB_FVG-FVG-003938-OB-000729,0,0,,M5_C1_OB_FVG,1.5,,M5
,,False,0,OB,9094.6,9102.3,0,FVG-003938|OB-000729,9094.9,9097.9,,,HYPOTHETICAL_SCENARIO_NOT_BROKER_FACT,2020-01-29 00:00:00,2020-01-30 03:15:00,BEARISH,,,,D1-20200129-BEARISH,OB_MITIGATED_BEFORE_MIDPOINT,,,MLR-TECH-ABL-001,2020-01-31 00:00:00,PREVIOUSLY_EXPOSED_WINDOW,C1_OB_FVG,M1_BLOCK_TOUCH,OB_MITIGATED_BEFORE_MIDPOINT,NO_FILL,0,0,,,,TECHNICAL_ONLY_ABLATION,,,NO_FILL,QRP-MACRO-LIQUIDITY-REVERSAL-001,0,,NORMALIZED_HIGH_COST,D1-20200129-BEARISH-M5-C1_OB_FVG-FVG-003938-OB-000729,0,0,,M5_C1_OB_FVG,1.5,,M5
,,False,0,OB,9632.0,9634.6,0,FVG-004170|OB-000768,9632.0,9634.6,,,HYPOTHETICAL_SCENARIO_NOT_BROKER_FACT,2020-02-13 00:00:00,2020-02-14 08:10:00,BEARISH,,,,D1-20200213-BEARISH,OB_MITIGATED_BEFORE_MIDPOINT,,,MLR-TECH-ABL-001,2020-02-15 00:00:00,PREVIOUSLY_EXPOSED_WINDOW,C1_OB_FVG,M1_BLOCK_TOUCH,OB_MITIGATED_BEFORE_MIDPOINT,NO_FILL,0,0,,,,TECHNICAL_ONLY_ABLATION,,,NO_FILL,QRP-MACRO-LIQUIDITY-REVERSAL-001,0,,NORMALIZED_LOW_COST,D1-20200213-BEARISH-M5-C1_OB_FVG-FVG-004170-OB-000768,0,0,,M5_C1_OB_FVG,1.5,,M5
,,False,0,OB,9632.0,9634.6,0,FVG-004170|OB-000768,9632.0,9634.6,,,HYPOTHETICAL_SCENARIO_NOT_BROKER_FACT,2020-02-13 00:00:00,2020-02-14 08:10:00,BEARISH,,,,D1-20200213-BEARISH,OB_MITIGATED_BEFORE_MIDPOINT,,,MLR-TECH-ABL-001,2020-02-15 00:00:00,PREVIOUSLY_EXPOSED_WINDOW,C1_OB_FVG,M1_BLOCK_TOUCH,OB_MITIGATED_BEFORE_MIDPOINT,NO_FILL,0,0,,,,TECHNICAL_ONLY_ABLATION,,,NO_FILL,QRP-MACRO-LIQUIDITY-REVERSAL-001,0,,NORMALIZED_MEDIUM_COST,D1-20200213-BEARISH-M5-C1_OB_FVG-FVG-004170-OB-000768,0,0,,M5_C1_OB_FVG,1.5,,M5
,,False,0,OB,9632.0,9634.6,0,FVG-004170|OB-000768,9632.0,9634.6,,,HYPOTHETICAL_SCENARIO_NOT_BROKER_FACT,2020-02-13 00:00:00,2020-02-14 08:10:00,BEARISH,,,,D1-20200213-BEARISH,OB_MITIGATED_BEFORE_MIDPOINT,,,MLR-TECH-ABL-001,2020-02-15 00:00:00,PREVIOUSLY_EXPOSED_WINDOW,C1_OB_FVG,M1_BLOCK_TOUCH,OB_MITIGATED_BEFORE_MIDPOINT,NO_FILL,0,0,,,,TECHNICAL_ONLY_ABLATION,,,NO_FILL,QRP-MACRO-LIQUIDITY-REVERSAL-001,0,,NORMALIZED_HIGH_COST,D1-20200213-BEARISH-M5-C1_OB_FVG-FVG-004170-OB-000768,0,0,,M5_C1_OB_FVG,1.5,,M5
,,False,0,OB,7539.1,7544.9,0,FVG-004366|OB-000810,7539.1,7541.6,,,HYPOTHETICAL_SCENARIO_NOT_BROKER_FACT,2020-04-02 00:00:00,2020-04-03 13:35:00,BULLISH,,,,D1-20200402-BULLISH,OB_MITIGATED_BEFORE_MIDPOINT,,,MLR-TECH-ABL-001,2020-04-04 00:00:00,PREVIOUSLY_EXPOSED_WINDOW,C1_OB_FVG,M1_BLOCK_TOUCH,OB_MITIGATED_BEFORE_MIDPOINT,NO_FILL,0,0,,,,TECHNICAL_ONLY_ABLATION,,,NO_FILL,QRP-MACRO-LIQUIDITY-REVERSAL-001,0,,NORMALIZED_LOW_COST,D1-20200402-BULLISH-M5-C1_OB_FVG-FVG-004366-OB-000810,0,0,,M5_C1_OB_FVG,1.5,,M5
,,False,0,OB,7539.1,7544.9,0,FVG-004366|OB-000810,7539.1,7541.6,,,HYPOTHETICAL_SCENARIO_NOT_BROKER_FACT,2020-04-02 00:00:00,2020-04-03 13:35:00,BULLISH,,,,D1-20200402-BULLISH,OB_MITIGATED_BEFORE_MIDPOINT,,,MLR-TECH-ABL-001,2020-04-04 00:00:00,PREVIOUSLY_EXPOSED_WINDOW,C1_OB_FVG,M1_BLOCK_TOUCH,OB_MITIGATED_BEFORE_MIDPOINT,NO_FILL,0,0,,,,TECHNICAL_ONLY_ABLATION,,,NO_FILL,QRP-MACRO-LIQUIDITY-REVERSAL-001,0,,NORMALIZED_MEDIUM_COST,D1-20200402-BULLISH-M5-C1_OB_FVG-FVG-004366-OB-000810,0,0,,M5_C1_OB_FVG,1.5,,M5
,,False,0,OB,7539.1,7544.9,0,FVG-004366|OB-000810,7539.1,7541.6,,,HYPOTHETICAL_SCENARIO_NOT_BROKER_FACT,2020-04-02 00:00:00,2020-04-03 13:35:00,BULLISH,,,,D1-20200402-BULLISH,OB_MITIGATED_BEFORE_MIDPOINT,,,MLR-TECH-ABL-001,2020-04-04 00:00:00,PREVIOUSLY_EXPOSED_WINDOW,C1_OB_FVG,M1_BLOCK_TOUCH,OB_MITIGATED_BEFORE_MIDPOINT,NO_FILL,0,0,,,,TECHNICAL_ONLY_ABLATION,,,NO_FILL,QRP-MACRO-LIQUIDITY-REVERSAL-001,0,,NORMALIZED_HIGH_COST,D1-20200402-BULLISH-M5-C1_OB_FVG-FVG-004366-OB-000810,0,0,,M5_C1_OB_FVG,1.5,,M5
,,False,0,OB,8554.6,8572.6,0,FVG-004475|OB-000831,8557.6,8570.9,,,HYPOTHETICAL_SCENARIO_NOT_BROKER_FACT,2020-04-23 00:00:00,2020-04-24 03:15:00,BEARISH,,,,D1-20200423-BEARISH,OB_MITIGATED_BEFORE_MIDPOINT,,,MLR-TECH-ABL-001,2020-04-25 00:00:00,PREVIOUSLY_EXPOSED_WINDOW,C1_OB_FVG,M1_BLOCK_TOUCH,OB_MITIGATED_BEFORE_MIDPOINT,NO_FILL,0,0,,,,TECHNICAL_ONLY_ABLATION,,,NO_FILL,QRP-MACRO-LIQUIDITY-REVERSAL-001,0,,NORMALIZED_LOW_COST,D1-20200423-BEARISH-M5-C1_OB_FVG-FVG-004475-OB-000831,0,0,,M5_C1_OB_FVG,1.5,,M5
,,False,0,OB,8554.6,8572.6,0,FVG-004475|OB-000831,8557.6,8570.9,,,HYPOTHETICAL_SCENARIO_NOT_BROKER_FACT,2020-04-23 00:00:00,2020-04-24 03:15:00,BEARISH,,,,D1-20200423-BEARISH,OB_MITIGATED_BEFORE_MIDPOINT,,,MLR-TECH-ABL-001,2020-04-25 00:00:00,PREVIOUSLY_EXPOSED_WINDOW,C1_OB_FVG,M1_BLOCK_TOUCH,OB_MITIGATED_BEFORE_MIDPOINT,NO_FILL,0,0,,,,TECHNICAL_ONLY_ABLATION,,,NO_FILL,QRP-MACRO-LIQUIDITY-REVERSAL-001,0,,NORMALIZED_MEDIUM_COST,D1-20200423-BEARISH-M5-C1_OB_FVG-FVG-004475-OB-000831,0,0,,M5_C1_OB_FVG,1.5,,M5
,,False,0,OB,8554.6,8572.6,0,FVG-004475|OB-000831,8557.6,8570.9,,,HYPOTHETICAL_SCENARIO_NOT_BROKER_FACT,2020-04-23 00:00:00,2020-04-24 03:15:00,BEARISH,,,,D1-20200423-BEARISH,OB_MITIGATED_BEFORE_MIDPOINT,,,MLR-TECH-ABL-001,2020-04-25 00:00:00,PREVIOUSLY_EXPOSED_WINDOW,C1_OB_FVG,M1_BLOCK_TOUCH,OB_MITIGATED_BEFORE_MIDPOINT,NO_FILL,0,0,,,,TECHNICAL_ONLY_ABLATION,,,NO_FILL,QRP-MACRO-LIQUIDITY-REVERSAL-001,0,,NORMALIZED_HIGH_COST,D1-20200423-BEARISH-M5-C1_OB_FVG-FVG-004475-OB-000831,0,0,,M5_C1_OB_FVG,1.5,,M5
,,False,0,OB,9092.1,9097.1,0,FVG-004662|OB-000867,9092.1,9094.9,,,HYPOTHETICAL_SCENARIO_NOT_BROKER_FACT,2020-05-06 00:00:00,2020-05-07 15:35:00,BEARISH,,,,D1-20200506-BEARISH,OB_MITIGATED_BEFORE_MIDPOINT,,,MLR-TECH-ABL-001,2020-05-08 00:00:00,PREVIOUSLY_EXPOSED_WINDOW,C1_OB_FVG,M1_BLOCK_TOUCH,OB_MITIGATED_BEFORE_MIDPOINT,NO_FILL,0,0,,,,TECHNICAL_ONLY_ABLATION,,,NO_FILL,QRP-MACRO-LIQUIDITY-REVERSAL-001,0,,NORMALIZED_LOW_COST,D1-20200506-BEARISH-M5-C1_OB_FVG-FVG-004662-OB-000867,0,0,,M5_C1_OB_FVG,1.5,,M5
,,False,0,OB,9092.1,9097.1,0,FVG-004662|OB-000867,9092.1,9094.9,,,HYPOTHETICAL_SCENARIO_NOT_BROKER_FACT,2020-05-06 00:00:00,2020-05-07 15:35:00,BEARISH,,,,D1-20200506-BEARISH,OB_MITIGATED_BEFORE_MIDPOINT,,,MLR-TECH-ABL-001,2020-05-08 00:00:00,PREVIOUSLY_EXPOSED_WINDOW,C1_OB_FVG,M1_BLOCK_TOUCH,OB_MITIGATED_BEFORE_MIDPOINT,NO_FILL,0,0,,,,TECHNICAL_ONLY_ABLATION,,,NO_FILL,QRP-MACRO-LIQUIDITY-REVERSAL-001,0,,NORMALIZED_MEDIUM_COST,D1-20200506-BEARISH-M5-C1_OB_FVG-FVG-004662-OB-000867,0,0,,M5_C1_OB_FVG,1.5,,M5
,,False,0,OB,9092.1,9097.1,0,FVG-004662|OB-000867,9092.1,9094.9,,,HYPOTHETICAL_SCENARIO_NOT_BROKER_FACT,2020-05-06 00:00:00,2020-05-07 15:35:00,BEARISH,,,,D1-20200506-BEARISH,OB_MITIGATED_BEFORE_MIDPOINT,,,MLR-TECH-ABL-001,2020-05-08 00:00:00,PREVIOUSLY_EXPOSED_WINDOW,C1_OB_FVG,M1_BLOCK_TOUCH,OB_MITIGATED_BEFORE_MIDPOINT,NO_FILL,0,0,,,,TECHNICAL_ONLY_ABLATION,,,NO_FILL,QRP-MACRO-LIQUIDITY-REVERSAL-001,0,,NORMALIZED_HIGH_COST,D1-20200506-BEARISH-M5-C1_OB_FVG-FVG-004662-OB-000867,0,0,,M5_C1_OB_FVG,1.5,,M5
10873.4,10887.3,False,43,OB,10872.0,10886.3,1.0,FVG-004810|OB-000896,10872.0,10874.8,10872.65,10888.05,HYPOTHETICAL_SCENARIO_NOT_BROKER_FACT,2020-07-21 00:00:00,2020-07-22 10:40:00,BEARISH,2020-07-22 13:20:00,2020-07-22 13:21:00,10873.4,D1-20200721-BEARISH,STOP,10887.3,2020-07-22 14:03:00,MLR-TECH-ABL-001,2020-07-23 00:00:00,PREVIOUSLY_EXPOSED_WINDOW,C1_OB_FVG,M1_STRICT_PENETRATION_NO_FAVORABLE_IMPROVEMENT,STRICT_M1_LIMIT_PENETRATION,FILLED,0,0,-13.9,-0.8475609756097560975609756098,0.7,TECHNICAL_ONLY_ABLATION,-16.40,-1,LOSS_1R,QRP-MACRO-LIQUIDITY-REVERSAL-001,0,16.40,NORMALIZED_LOW_COST,D1-20200721-BEARISH-M5-C1_OB_FVG-FVG-004810-OB-000896,0.50,1,10887.3,M5_C1_OB_FVG,1.5,10848.800,M5
10873.4,10888.3,False,43,OB,10872.0,10886.3,2,FVG-004810|OB-000896,10872.0,10874.8,10871.9,10889.8,HYPOTHETICAL_SCENARIO_NOT_BROKER_FACT,2020-07-21 00:00:00,2020-07-22 10:40:00,BEARISH,2020-07-22 13:20:00,2020-07-22 13:21:00,10873.4,D1-20200721-BEARISH,STOP,10888.3,2020-07-22 14:03:00,MLR-TECH-ABL-001,2020-07-23 00:00:00,PREVIOUSLY_EXPOSED_WINDOW,C1_OB_FVG,M1_STRICT_PENETRATION_NO_FAVORABLE_IMPROVEMENT,STRICT_M1_LIMIT_PENETRATION,FILLED,0,0.0,-14.9,-0.7487437185929648241206030151,0.7,TECHNICAL_ONLY_ABLATION,-19.9,-1,LOSS_1R,QRP-MACRO-LIQUIDITY-REVERSAL-001,0,19.9,NORMALIZED_MEDIUM_COST,D1-20200721-BEARISH-M5-C1_OB_FVG-FVG-004810-OB-000896,1.0,2,10888.3,M5_C1_OB_FVG,1.5,10843.55,M5
10873.4,10892.3,False,43,OB,10872.0,10886.3,4,FVG-004810|OB-000896,10872.0,10874.8,10868.9,10896.8,HYPOTHETICAL_SCENARIO_NOT_BROKER_FACT,2020-07-21 00:00:00,2020-07-22 10:40:00,BEARISH,2020-07-22 13:20:00,2020-07-22 13:21:00,10873.4,D1-20200721-BEARISH,STOP,10892.3,2020-07-22 14:03:00,MLR-TECH-ABL-001,2020-07-23 00:00:00,PREVIOUSLY_EXPOSED_WINDOW,C1_OB_FVG,M1_STRICT_PENETRATION_NO_FAVORABLE_IMPROVEMENT,STRICT_M1_LIMIT_PENETRATION,FILLED,0,0.00,-18.9,-0.5924764890282131661442006270,0.7,TECHNICAL_ONLY_ABLATION,-31.90,-1.0,LOSS_1R,QRP-MACRO-LIQUIDITY-REVERSAL-001,0,31.9,NORMALIZED_HIGH_COST,D1-20200721-BEARISH-M5-C1_OB_FVG-FVG-004810-OB-000896,3.0,6,10892.3,M5_C1_OB_FVG,1.5,10825.55,M5
,,False,0,OB,11167.0,11171.6,0,FVG-004964|OB-000931,11167.1,11171.6,,,HYPOTHETICAL_SCENARIO_NOT_BROKER_FACT,2020-08-13 00:00:00,2020-08-14 13:10:00,BEARISH,,,,D1-20200813-BEARISH,OB_MITIGATED_BEFORE_MIDPOINT,,,MLR-TECH-ABL-001,2020-08-15 00:00:00,PREVIOUSLY_EXPOSED_WINDOW,C1_OB_FVG,M1_BLOCK_TOUCH,OB_MITIGATED_BEFORE_MIDPOINT,NO_FILL,0,0,,,,TECHNICAL_ONLY_ABLATION,,,NO_FILL,QRP-MACRO-LIQUIDITY-REVERSAL-001,0,,NORMALIZED_LOW_COST,D1-20200813-BEARISH-M5-C1_OB_FVG-FVG-004964-OB-000931,0,0,,M5_C1_OB_FVG,1.5,,M5
,,False,0,OB,11167.0,11171.6,0,FVG-004964|OB-000931,11167.1,11171.6,,,HYPOTHETICAL_SCENARIO_NOT_BROKER_FACT,2020-08-13 00:00:00,2020-08-14 13:10:00,BEARISH,,,,D1-20200813-BEARISH,OB_MITIGATED_BEFORE_MIDPOINT,,,MLR-TECH-ABL-001,2020-08-15 00:00:00,PREVIOUSLY_EXPOSED_WINDOW,C1_OB_FVG,M1_BLOCK_TOUCH,OB_MITIGATED_BEFORE_MIDPOINT,NO_FILL,0,0,,,,TECHNICAL_ONLY_ABLATION,,,NO_FILL,QRP-MACRO-LIQUIDITY-REVERSAL-001,0,,NORMALIZED_MEDIUM_COST,D1-20200813-BEARISH-M5-C1_OB_FVG-FVG-004964-OB-000931,0,0,,M5_C1_OB_FVG,1.5,,M5
,,False,0,OB,11167.0,11171.6,0,FVG-004964|OB-000931,11167.1,11171.6,,,HYPOTHETICAL_SCENARIO_NOT_BROKER_FACT,2020-08-13 00:00:00,2020-08-14 13:10:00,BEARISH,,,,D1-20200813-BEARISH,OB_MITIGATED_BEFORE_MIDPOINT,,,MLR-TECH-ABL-001,2020-08-15 00:00:00,PREVIOUSLY_EXPOSED_WINDOW,C1_OB_FVG,M1_BLOCK_TOUCH,OB_MITIGATED_BEFORE_MIDPOINT,NO_FILL,0,0,,,,TECHNICAL_ONLY_ABLATION,,,NO_FILL,QRP-MACRO-LIQUIDITY-REVERSAL-001,0,,NORMALIZED_HIGH_COST,D1-20200813-BEARISH-M5-C1_OB_FVG-FVG-004964-OB-000931,0,0,,M5_C1_OB_FVG,1.5,,M5
12141.099999999999,12144.1,False,4,OB,12139.4,12143.1,1.0,FVG-005152|OB-000967,12139.8,12142.4,12140.349999999999,12144.85,HYPOTHETICAL_SCENARIO_NOT_BROKER_FACT,2020-10-13 00:00:00,2020-10-14 09:05:00,BEARISH,2020-10-14 09:13:00,2020-10-14 09:14:00,12141.099999999999,D1-20201013-BEARISH,STOP,12144.1,2020-10-14 09:17:00,MLR-TECH-ABL-001,2020-10-15 00:00:00,PREVIOUSLY_EXPOSED_WINDOW,C1_OB_FVG,M1_STRICT_PENETRATION_NO_FAVORABLE_IMPROVEMENT,STRICT_M1_LIMIT_PENETRATION,FILLED,0,0,-3.000000000001,-0.5454545454546280991735537040,0.05,TECHNICAL_ONLY_ABLATION,-5.500000000001,-1,LOSS_1R,QRP-MACRO-LIQUIDITY-REVERSAL-001,0,5.500000000001,NORMALIZED_LOW_COST,D1-20201013-BEARISH-M5-C1_OB_FVG-FVG-005152-OB-000967,0.50,1,12144.1,M5_C1_OB_FVG,1.5,12132.8499999999975,M5
12141.099999999999,12145.1,False,4,OB,12139.4,12143.1,2,FVG-005152|OB-000967,12139.8,12142.4,12139.599999999999,12146.6,HYPOTHETICAL_SCENARIO_NOT_BROKER_FACT,2020-10-13 00:00:00,2020-10-14 09:05:00,BEARISH,2020-10-14 09:13:00,2020-10-14 09:14:00,12141.099999999999,D1-20201013-BEARISH,STOP,12145.1,2020-10-14 09:17:00,MLR-TECH-ABL-001,2020-10-15 00:00:00,PREVIOUSLY_EXPOSED_WINDOW,C1_OB_FVG,M1_STRICT_PENETRATION_NO_FAVORABLE_IMPROVEMENT,STRICT_M1_LIMIT_PENETRATION,FILLED,0,0.0,-4.000000000001,-0.4444444444445061728395061660,0.05,TECHNICAL_ONLY_ABLATION,-9.000000000001,-1,LOSS_1R,QRP-MACRO-LIQUIDITY-REVERSAL-001,0,9.000000000001,NORMALIZED_MEDIUM_COST,D1-20201013-BEARISH-M5-C1_OB_FVG-FVG-005152-OB-000967,1.0,2,12145.1,M5_C1_OB_FVG,1.5,12127.5999999999975,M5
12141.099999999999,12149.1,False,8,OB,12139.4,12143.1,4,FVG-005152|OB-000967,12139.8,12142.4,12136.599999999999,12153.6,HYPOTHETICAL_SCENARIO_NOT_BROKER_FACT,2020-10-13 00:00:00,2020-10-14 09:05:00,BEARISH,2020-10-14 09:13:00,2020-10-14 09:14:00,12141.099999999999,D1-20201013-BEARISH,STOP,12149.1,2020-10-14 09:21:00,MLR-TECH-ABL-001,2020-10-15 00:00:00,PREVIOUSLY_EXPOSED_WINDOW,C1_OB_FVG,M1_STRICT_PENETRATION_NO_FAVORABLE_IMPROVEMENT,STRICT_M1_LIMIT_PENETRATION,FILLED,0,0.00,-8.000000000001,-0.3809523809524104308390022662,0.11666666666666667,TECHNICAL_ONLY_ABLATION,-21.000000000001,-1,LOSS_1R,QRP-MACRO-LIQUIDITY-REVERSAL-001,0,21.000000000001,NORMALIZED_HIGH_COST,D1-20201013-BEARISH-M5-C1_OB_FVG-FVG-005152-OB-000967,3.0,6,12149.1,M5_C1_OB_FVG,1.5,12109.5999999999975,M5
,,False,0,OB,11838.2,11846.0,0,FVG-005362|OB-001010,11839.9,11846.0,,,HYPOTHETICAL_SCENARIO_NOT_BROKER_FACT,2020-11-12 00:00:00,2020-11-13 03:35:00,BEARISH,,,,D1-20201112-BEARISH,OB_MITIGATED_BEFORE_MIDPOINT,,,MLR-TECH-ABL-001,2020-11-14 00:00:00,PREVIOUSLY_EXPOSED_WINDOW,C1_OB_FVG,M1_BLOCK_TOUCH,OB_MITIGATED_BEFORE_MIDPOINT,NO_FILL,0,0,,,,TECHNICAL_ONLY_ABLATION,,,NO_FILL,QRP-MACRO-LIQUIDITY-REVERSAL-001,0,,NORMALIZED_LOW_COST,D1-20201112-BEARISH-M5-C1_OB_FVG-FVG-005362-OB-001010,0,0,,M5_C1_OB_FVG,1.5,,M5
,,False,0,OB,11838.2,11846.0,0,FVG-005362|OB-001010,11839.9,11846.0,,,HYPOTHETICAL_SCENARIO_NOT_BROKER_FACT,2020-11-12 00:00:00,2020-11-13 03:35:00,BEARISH,,,,D1-20201112-BEARISH,OB_MITIGATED_BEFORE_MIDPOINT,,,MLR-TECH-ABL-001,2020-11-14 00:00:00,PREVIOUSLY_EXPOSED_WINDOW,C1_OB_FVG,M1_BLOCK_TOUCH,OB_MITIGATED_BEFORE_MIDPOINT,NO_FILL,0,0,,,,TECHNICAL_ONLY_ABLATION,,,NO_FILL,QRP-MACRO-LIQUIDITY-REVERSAL-001,0,,NORMALIZED_MEDIUM_COST,D1-20201112-BEARISH-M5-C1_OB_FVG-FVG-005362-OB-001010,0,0,,M5_C1_OB_FVG,1.5,,M5
,,False,0,OB,11838.2,11846.0,0,FVG-005362|OB-001010,11839.9,11846.0,,,HYPOTHETICAL_SCENARIO_NOT_BROKER_FACT,2020-11-12 00:00:00,2020-11-13 03:35:00,BEARISH,,,,D1-20201112-BEARISH,OB_MITIGATED_BEFORE_MIDPOINT,,,MLR-TECH-ABL-001,2020-11-14 00:00:00,PREVIOUSLY_EXPOSED_WINDOW,C1_OB_FVG,M1_BLOCK_TOUCH,OB_MITIGATED_BEFORE_MIDPOINT,NO_FILL,0,0,,,,TECHNICAL_ONLY_ABLATION,,,NO_FILL,QRP-MACRO-LIQUIDITY-REVERSAL-001,0,,NORMALIZED_HIGH_COST,D1-20201112-BEARISH-M5-C1_OB_FVG-FVG-005362-OB-001010,0,0,,M5_C1_OB_FVG,1.5,,M5
,,False,0,OB,12287.9,12297.4,0,FVG-005528|OB-001036,12295.1,12295.9,,,HYPOTHETICAL_SCENARIO_NOT_BROKER_FACT,2020-11-26 00:00:00,2020-11-27 18:45:00,BEARISH,,,,D1-20201126-BEARISH,MIDPOINT_NOT_STRICTLY_PENETRATED,,,MLR-TECH-ABL-001,2020-11-28 00:00:00,PREVIOUSLY_EXPOSED_WINDOW,C1_OB_FVG,M1_PATH,MIDPOINT_NOT_STRICTLY_PENETRATED,NO_FILL,0,0,,,,TECHNICAL_ONLY_ABLATION,,,NO_FILL,QRP-MACRO-LIQUIDITY-REVERSAL-001,0,,NORMALIZED_LOW_COST,D1-20201126-BEARISH-M5-C1_OB_FVG-FVG-005528-OB-001036,0,0,,M5_C1_OB_FVG,1.5,,M5
,,False,0,OB,12287.9,12297.4,0,FVG-005528|OB-001036,12295.1,12295.9,,,HYPOTHETICAL_SCENARIO_NOT_BROKER_FACT,2020-11-26 00:00:00,2020-11-27 18:45:00,BEARISH,,,,D1-20201126-BEARISH,MIDPOINT_NOT_STRICTLY_PENETRATED,,,MLR-TECH-ABL-001,2020-11-28 00:00:00,PREVIOUSLY_EXPOSED_WINDOW,C1_OB_FVG,M1_PATH,MIDPOINT_NOT_STRICTLY_PENETRATED,NO_FILL,0,0,,,,TECHNICAL_ONLY_ABLATION,,,NO_FILL,QRP-MACRO-LIQUIDITY-REVERSAL-001,0,,NORMALIZED_MEDIUM_COST,D1-20201126-BEARISH-M5-C1_OB_FVG-FVG-005528-OB-001036,0,0,,M5_C1_OB_FVG,1.5,,M5
,,False,0,OB,12287.9,12297.4,0,FVG-005528|OB-001036,12295.1,12295.9,,,HYPOTHETICAL_SCENARIO_NOT_BROKER_FACT,2020-11-26 00:00:00,2020-11-27 18:45:00,BEARISH,,,,D1-20201126-BEARISH,MIDPOINT_NOT_STRICTLY_PENETRATED,,,MLR-TECH-ABL-001,2020-11-28 00:00:00,PREVIOUSLY_EXPOSED_WINDOW,C1_OB_FVG,M1_PATH,MIDPOINT_NOT_STRICTLY_PENETRATED,NO_FILL,0,0,,,,TECHNICAL_ONLY_ABLATION,,,NO_FILL,QRP-MACRO-LIQUIDITY-REVERSAL-001,0,,NORMALIZED_HIGH_COST,D1-20201126-BEARISH-M5-C1_OB_FVG-FVG-005528-OB-001036,0,0,,M5_C1_OB_FVG,1.5,,M5
,,False,0,OB,12762.3,12775.5,0,FVG-005671|OB-001065,12763.3,12765.7,,,HYPOTHETICAL_SCENARIO_NOT_BROKER_FACT,2020-12-18 00:00:00,2020-12-21 08:05:00,BEARISH,,,,D1-20201218-BEARISH,OB_MITIGATED_BEFORE_MIDPOINT,,,MLR-TECH-ABL-001,2020-12-22 00:00:00,PREVIOUSLY_EXPOSED_WINDOW,C1_OB_FVG,M1_BLOCK_TOUCH,OB_MITIGATED_BEFORE_MIDPOINT,NO_FILL,0,0,,,,TECHNICAL_ONLY_ABLATION,,,NO_FILL,QRP-MACRO-LIQUIDITY-REVERSAL-001,0,,NORMALIZED_LOW_COST,D1-20201218-BEARISH-M5-C1_OB_FVG-FVG-005671-OB-001065,0,0,,M5_C1_OB_FVG,1.5,,M5
,,False,0,OB,12762.3,12775.5,0,FVG-005671|OB-001065,12763.3,12765.7,,,HYPOTHETICAL_SCENARIO_NOT_BROKER_FACT,2020-12-18 00:00:00,2020-12-21 08:05:00,BEARISH,,,,D1-20201218-BEARISH,OB_MITIGATED_BEFORE_MIDPOINT,,,MLR-TECH-ABL-001,2020-12-22 00:00:00,PREVIOUSLY_EXPOSED_WINDOW,C1_OB_FVG,M1_BLOCK_TOUCH,OB_MITIGATED_BEFORE_MIDPOINT,NO_FILL,0,0,,,,TECHNICAL_ONLY_ABLATION,,,NO_FILL,QRP-MACRO-LIQUIDITY-REVERSAL-001,0,,NORMALIZED_MEDIUM_COST,D1-20201218-BEARISH-M5-C1_OB_FVG-FVG-005671-OB-001065,0,0,,M5_C1_OB_FVG,1.5,,M5
,,False,0,OB,12762.3,12775.5,0,FVG-005671|OB-001065,12763.3,12765.7,,,HYPOTHETICAL_SCENARIO_NOT_BROKER_FACT,2020-12-18 00:00:00,2020-12-21 08:05:00,BEARISH,,,,D1-20201218-BEARISH,OB_MITIGATED_BEFORE_MIDPOINT,,,MLR-TECH-ABL-001,2020-12-22 00:00:00,PREVIOUSLY_EXPOSED_WINDOW,C1_OB_FVG,M1_BLOCK_TOUCH,OB_MITIGATED_BEFORE_MIDPOINT,NO_FILL,0,0,,,,TECHNICAL_ONLY_ABLATION,,,NO_FILL,QRP-MACRO-LIQUIDITY-REVERSAL-001,0,,NORMALIZED_HIGH_COST,D1-20201218-BEARISH-M5-C1_OB_FVG-FVG-005671-OB-001065,0,0,,M5_C1_OB_FVG,1.5,,M5
,,False,0,OB,12812.3,12818.3,0,FVG-005852|OB-001106,12812.3,12812.4,,,HYPOTHETICAL_SCENARIO_NOT_BROKER_FACT,2021-03-25 00:00:00,2021-03-26 03:10:00,BULLISH,,,,D1-20210325-BULLISH,OB_MITIGATED_BEFORE_MIDPOINT,,,MLR-TECH-ABL-001,2021-03-27 00:00:00,PREVIOUSLY_EXPOSED_WINDOW,C1_OB_FVG,M1_BLOCK_TOUCH,OB_MITIGATED_BEFORE_MIDPOINT,NO_FILL,0,0,,,,TECHNICAL_ONLY_ABLATION,,,NO_FILL,QRP-MACRO-LIQUIDITY-REVERSAL-001,0,,NORMALIZED_LOW_COST,D1-20210325-BULLISH-M5-C1_OB_FVG-FVG-005852-OB-001106,0,0,,M5_C1_OB_FVG,1.5,,M5
,,False,0,OB,12812.3,12818.3,0,FVG-005852|OB-001106,12812.3,12812.4,,,HYPOTHETICAL_SCENARIO_NOT_BROKER_FACT,2021-03-25 00:00:00,2021-03-26 03:10:00,BULLISH,,,,D1-20210325-BULLISH,OB_MITIGATED_BEFORE_MIDPOINT,,,MLR-TECH-ABL-001,2021-03-27 00:00:00,PREVIOUSLY_EXPOSED_WINDOW,C1_OB_FVG,M1_BLOCK_TOUCH,OB_MITIGATED_BEFORE_MIDPOINT,NO_FILL,0,0,,,,TECHNICAL_ONLY_ABLATION,,,NO_FILL,QRP-MACRO-LIQUIDITY-REVERSAL-001,0,,NORMALIZED_MEDIUM_COST,D1-20210325-BULLISH-M5-C1_OB_FVG-FVG-005852-OB-001106,0,0,,M5_C1_OB_FVG,1.5,,M5
,,False,0,OB,12812.3,12818.3,0,FVG-005852|OB-001106,12812.3,12812.4,,,HYPOTHETICAL_SCENARIO_NOT_BROKER_FACT,2021-03-25 00:00:00,2021-03-26 03:10:00,BULLISH,,,,D1-20210325-BULLISH,OB_MITIGATED_BEFORE_MIDPOINT,,,MLR-TECH-ABL-001,2021-03-27 00:00:00,PREVIOUSLY_EXPOSED_WINDOW,C1_OB_FVG,M1_BLOCK_TOUCH,OB_MITIGATED_BEFORE_MIDPOINT,NO_FILL,0,0,,,,TECHNICAL_ONLY_ABLATION,,,NO_FILL,QRP-MACRO-LIQUIDITY-REVERSAL-001,0,,NORMALIZED_HIGH_COST,D1-20210325-BULLISH-M5-C1_OB_FVG-FVG-005852-OB-001106,0,0,,M5_C1_OB_FVG,1.5,,M5
,,False,0,OB,13817.1,13822.5,0,FVG-006076|OB-001142,13819.6,13820.0,,,HYPOTHETICAL_SCENARIO_NOT_BROKER_FACT,2021-06-08 00:00:00,2021-06-09 03:05:00,BEARISH,,,,D1-20210608-BEARISH,OB_MITIGATED_BEFORE_MIDPOINT,,,MLR-TECH-ABL-001,2021-06-10 00:00:00,PREVIOUSLY_EXPOSED_WINDOW,C1_OB_FVG,M1_BLOCK_TOUCH,OB_MITIGATED_BEFORE_MIDPOINT,NO_FILL,0,0,,,,TECHNICAL_ONLY_ABLATION,,,NO_FILL,QRP-MACRO-LIQUIDITY-REVERSAL-001,0,,NORMALIZED_LOW_COST,D1-20210608-BEARISH-M5-C1_OB_FVG-FVG-006076-OB-001142,0,0,,M5_C1_OB_FVG,1.5,,M5
,,False,0,OB,13817.1,13822.5,0,FVG-006076|OB-001142,13819.6,13820.0,,,HYPOTHETICAL_SCENARIO_NOT_BROKER_FACT,2021-06-08 00:00:00,2021-06-09 03:05:00,BEARISH,,,,D1-20210608-BEARISH,OB_MITIGATED_BEFORE_MIDPOINT,,,MLR-TECH-ABL-001,2021-06-10 00:00:00,PREVIOUSLY_EXPOSED_WINDOW,C1_OB_FVG,M1_BLOCK_TOUCH,OB_MITIGATED_BEFORE_MIDPOINT,NO_FILL,0,0,,,,TECHNICAL_ONLY_ABLATION,,,NO_FILL,QRP-MACRO-LIQUIDITY-REVERSAL-001,0,,NORMALIZED_MEDIUM_COST,D1-20210608-BEARISH-M5-C1_OB_FVG-FVG-006076-OB-001142,0,0,,M5_C1_OB_FVG,1.5,,M5
,,False,0,OB,13817.1,13822.5,0,FVG-006076|OB-001142,13819.6,13820.0,,,HYPOTHETICAL_SCENARIO_NOT_BROKER_FACT,2021-06-08 00:00:00,2021-06-09 03:05:00,BEARISH,,,,D1-20210608-BEARISH,OB_MITIGATED_BEFORE_MIDPOINT,,,MLR-TECH-ABL-001,2021-06-10 00:00:00,PREVIOUSLY_EXPOSED_WINDOW,C1_OB_FVG,M1_BLOCK_TOUCH,OB_MITIGATED_BEFORE_MIDPOINT,NO_FILL,0,0,,,,TECHNICAL_ONLY_ABLATION,,,NO_FILL,QRP-MACRO-LIQUIDITY-REVERSAL-001,0,,NORMALIZED_HIGH_COST,D1-20210608-BEARISH-M5-C1_OB_FVG-FVG-006076-OB-001142,0,0,,M5_C1_OB_FVG,1.5,,M5
,,False,0,OB,15497.6,15504.2,0,FVG-006397|OB-001200,15497.8,15504.2,,,HYPOTHETICAL_SCENARIO_NOT_BROKER_FACT,2021-09-16 00:00:00,2021-09-17 16:35:00,BEARISH,,,,D1-20210916-BEARISH,MIDPOINT_NOT_STRICTLY_PENETRATED,,,MLR-TECH-ABL-001,2021-09-18 00:00:00,PREVIOUSLY_EXPOSED_WINDOW,C1_OB_FVG,M1_PATH,MIDPOINT_NOT_STRICTLY_PENETRATED,NO_FILL,0,0,,,,TECHNICAL_ONLY_ABLATION,,,NO_FILL,QRP-MACRO-LIQUIDITY-REVERSAL-001,0,,NORMALIZED_LOW_COST,D1-20210916-BEARISH-M5-C1_OB_FVG-FVG-006397-OB-001200,0,0,,M5_C1_OB_FVG,1.5,,M5
,,False,0,OB,15497.6,15504.2,0,FVG-006397|OB-001200,15497.8,15504.2,,,HYPOTHETICAL_SCENARIO_NOT_BROKER_FACT,2021-09-16 00:00:00,2021-09-17 16:35:00,BEARISH,,,,D1-20210916-BEARISH,MIDPOINT_NOT_STRICTLY_PENETRATED,,,MLR-TECH-ABL-001,2021-09-18 00:00:00,PREVIOUSLY_EXPOSED_WINDOW,C1_OB_FVG,M1_PATH,MIDPOINT_NOT_STRICTLY_PENETRATED,NO_FILL,0,0,,,,TECHNICAL_ONLY_ABLATION,,,NO_FILL,QRP-MACRO-LIQUIDITY-REVERSAL-001,0,,NORMALIZED_MEDIUM_COST,D1-20210916-BEARISH-M5-C1_OB_FVG-FVG-006397-OB-001200,0,0,,M5_C1_OB_FVG,1.5,,M5
,,False,0,OB,15497.6,15504.2,0,FVG-006397|OB-001200,15497.8,15504.2,,,HYPOTHETICAL_SCENARIO_NOT_BROKER_FACT,2021-09-16 00:00:00,2021-09-17 16:35:00,BEARISH,,,,D1-20210916-BEARISH,MIDPOINT_NOT_STRICTLY_PENETRATED,,,MLR-TECH-ABL-001,2021-09-18 00:00:00,PREVIOUSLY_EXPOSED_WINDOW,C1_OB_FVG,M1_PATH,MIDPOINT_NOT_STRICTLY_PENETRATED,NO_FILL,0,0,,,,TECHNICAL_ONLY_ABLATION,,,NO_FILL,QRP-MACRO-LIQUIDITY-REVERSAL-001,0,,NORMALIZED_HIGH_COST,D1-20210916-BEARISH-M5-C1_OB_FVG-FVG-006397-OB-001200,0,0,,M5_C1_OB_FVG,1.5,,M5
,,False,0,OB,16304.7,16311.0,0,FVG-006519|OB-001217,16308.6,16310.2,,,HYPOTHETICAL_SCENARIO_NOT_BROKER_FACT,2021-11-05 00:00:00,2021-11-08 08:45:00,BEARISH,,,,D1-20211105-BEARISH,OB_MITIGATED_BEFORE_MIDPOINT,,,MLR-TECH-ABL-001,2021-11-09 00:00:00,PREVIOUSLY_EXPOSED_WINDOW,C1_OB_FVG,M1_BLOCK_TOUCH,OB_MITIGATED_BEFORE_MIDPOINT,NO_FILL,0,0,,,,TECHNICAL_ONLY_ABLATION,,,NO_FILL,QRP-MACRO-LIQUIDITY-REVERSAL-001,0,,NORMALIZED_LOW_COST,D1-20211105-BEARISH-M5-C1_OB_FVG-FVG-006519-OB-001217,0,0,,M5_C1_OB_FVG,1.5,,M5
,,False,0,OB,16304.7,16311.0,0,FVG-006519|OB-001217,16308.6,16310.2,,,HYPOTHETICAL_SCENARIO_NOT_BROKER_FACT,2021-11-05 00:00:00,2021-11-08 08:45:00,BEARISH,,,,D1-20211105-BEARISH,OB_MITIGATED_BEFORE_MIDPOINT,,,MLR-TECH-ABL-001,2021-11-09 00:00:00,PREVIOUSLY_EXPOSED_WINDOW,C1_OB_FVG,M1_BLOCK_TOUCH,OB_MITIGATED_BEFORE_MIDPOINT,NO_FILL,0,0,,,,TECHNICAL_ONLY_ABLATION,,,NO_FILL,QRP-MACRO-LIQUIDITY-REVERSAL-001,0,,NORMALIZED_MEDIUM_COST,D1-20211105-BEARISH-M5-C1_OB_FVG-FVG-006519-OB-001217,0,0,,M5_C1_OB_FVG,1.5,,M5
,,False,0,OB,16304.7,16311.0,0,FVG-006519|OB-001217,16308.6,16310.2,,,HYPOTHETICAL_SCENARIO_NOT_BROKER_FACT,2021-11-05 00:00:00,2021-11-08 08:45:00,BEARISH,,,,D1-20211105-BEARISH,OB_MITIGATED_BEFORE_MIDPOINT,,,MLR-TECH-ABL-001,2021-11-09 00:00:00,PREVIOUSLY_EXPOSED_WINDOW,C1_OB_FVG,M1_BLOCK_TOUCH,OB_MITIGATED_BEFORE_MIDPOINT,NO_FILL,0,0,,,,TECHNICAL_ONLY_ABLATION,,,NO_FILL,QRP-MACRO-LIQUIDITY-REVERSAL-001,0,,NORMALIZED_HIGH_COST,D1-20211105-BEARISH-M5-C1_OB_FVG-FVG-006519-OB-001217,0,0,,M5_C1_OB_FVG,1.5,,M5
16539.85,16545.6,False,20,OB,16539.6,16544.6,1.0,FVG-006718|OB-001257,16539.6,16540.1,16539.10,16546.35,HYPOTHETICAL_SCENARIO_NOT_BROKER_FACT,2021-12-28 00:00:00,2021-12-29 03:40:00,BEARISH,2021-12-29 04:54:00,2021-12-29 04:55:00,16539.85,D1-20211228-BEARISH,STOP,16545.6,2021-12-29 05:14:00,MLR-TECH-ABL-001,2021-12-30 00:00:00,PREVIOUSLY_EXPOSED_WINDOW,C1_OB_FVG,M1_STRICT_PENETRATION_NO_FAVORABLE_IMPROVEMENT,STRICT_M1_LIMIT_PENETRATION,FILLED,0,0,-5.75,-0.6969696969696969696969696970,0.31666666666666665,TECHNICAL_ONLY_ABLATION,-8.25,-1,LOSS_1R,QRP-MACRO-LIQUIDITY-REVERSAL-001,0,8.25,NORMALIZED_LOW_COST,D1-20211228-BEARISH-M5-C1_OB_FVG-FVG-006718-OB-001257,0.50,1,16545.6,M5_C1_OB_FVG,1.5,16527.475,M5
16539.85,16546.6,False,165,OB,16539.6,16544.6,2,FVG-006718|OB-001257,16539.6,16540.1,16538.35,16548.1,HYPOTHETICAL_SCENARIO_NOT_BROKER_FACT,2021-12-28 00:00:00,2021-12-29 03:40:00,BEARISH,2021-12-29 04:54:00,2021-12-29 04:55:00,16539.85,D1-20211228-BEARISH,STOP,16546.6,2021-12-29 07:39:00,MLR-TECH-ABL-001,2021-12-30 00:00:00,PREVIOUSLY_EXPOSED_WINDOW,C1_OB_FVG,M1_STRICT_PENETRATION_NO_FAVORABLE_IMPROVEMENT,STRICT_M1_LIMIT_PENETRATION,FILLED,0,0.0,-6.75,-0.5744680851063829787234042553,2.7333333333333334,TECHNICAL_ONLY_ABLATION,-11.75,-1,LOSS_1R,QRP-MACRO-LIQUIDITY-REVERSAL-001,0,11.75,NORMALIZED_MEDIUM_COST,D1-20211228-BEARISH-M5-C1_OB_FVG-FVG-006718-OB-001257,1.0,2,16546.6,M5_C1_OB_FVG,1.5,16522.225,M5
16539.85,16550.6,False,165,OB,16539.6,16544.6,4,FVG-006718|OB-001257,16539.6,16540.1,16535.35,16555.1,HYPOTHETICAL_SCENARIO_NOT_BROKER_FACT,2021-12-28 00:00:00,2021-12-29 03:40:00,BEARISH,2021-12-29 04:54:00,2021-12-29 04:55:00,16539.85,D1-20211228-BEARISH,STOP,16550.6,2021-12-29 07:39:00,MLR-TECH-ABL-001,2021-12-30 00:00:00,PREVIOUSLY_EXPOSED_WINDOW,C1_OB_FVG,M1_STRICT_PENETRATION_NO_FAVORABLE_IMPROVEMENT,STRICT_M1_LIMIT_PENETRATION,FILLED,0,0.00,-10.75,-0.4526315789473684210526315789,2.7333333333333334,TECHNICAL_ONLY_ABLATION,-23.75,-1,LOSS_1R,QRP-MACRO-LIQUIDITY-REVERSAL-001,0,23.75,NORMALIZED_HIGH_COST,D1-20211228-BEARISH-M5-C1_OB_FVG-FVG-006718-OB-001257,3.0,6,16550.6,M5_C1_OB_FVG,1.5,16504.225,M5
,,False,0,OB,15571.7,15581.5,0,FVG-006907|OB-001290,15571.7,15572.1,,,HYPOTHETICAL_SCENARIO_NOT_BROKER_FACT,2022-01-14 00:00:00,2022-01-17 10:45:00,BULLISH,,,,D1-20220114-BULLISH,OB_MITIGATED_BEFORE_MIDPOINT,,,MLR-TECH-ABL-001,2022-01-18 00:00:00,PREVIOUSLY_EXPOSED_WINDOW,C1_OB_FVG,M1_BLOCK_TOUCH,OB_MITIGATED_BEFORE_MIDPOINT,NO_FILL,0,0,,,,TECHNICAL_ONLY_ABLATION,,,NO_FILL,QRP-MACRO-LIQUIDITY-REVERSAL-001,0,,NORMALIZED_LOW_COST,D1-20220114-BULLISH-M5-C1_OB_FVG-FVG-006907-OB-001290,0,0,,M5_C1_OB_FVG,1.5,,M5
,,False,0,OB,15571.7,15581.5,0,FVG-006907|OB-001290,15571.7,15572.1,,,HYPOTHETICAL_SCENARIO_NOT_BROKER_FACT,2022-01-14 00:00:00,2022-01-17 10:45:00,BULLISH,,,,D1-20220114-BULLISH,OB_MITIGATED_BEFORE_MIDPOINT,,,MLR-TECH-ABL-001,2022-01-18 00:00:00,PREVIOUSLY_EXPOSED_WINDOW,C1_OB_FVG,M1_BLOCK_TOUCH,OB_MITIGATED_BEFORE_MIDPOINT,NO_FILL,0,0,,,,TECHNICAL_ONLY_ABLATION,,,NO_FILL,QRP-MACRO-LIQUIDITY-REVERSAL-001,0,,NORMALIZED_MEDIUM_COST,D1-20220114-BULLISH-M5-C1_OB_FVG-FVG-006907-OB-001290,0,0,,M5_C1_OB_FVG,1.5,,M5
,,False,0,OB,15571.7,15581.5,0,FVG-006907|OB-001290,15571.7,15572.1,,,HYPOTHETICAL_SCENARIO_NOT_BROKER_FACT,2022-01-14 00:00:00,2022-01-17 10:45:00,BULLISH,,,,D1-20220114-BULLISH,OB_MITIGATED_BEFORE_MIDPOINT,,,MLR-TECH-ABL-001,2022-01-18 00:00:00,PREVIOUSLY_EXPOSED_WINDOW,C1_OB_FVG,M1_BLOCK_TOUCH,OB_MITIGATED_BEFORE_MIDPOINT,NO_FILL,0,0,,,,TECHNICAL_ONLY_ABLATION,,,NO_FILL,QRP-MACRO-LIQUIDITY-REVERSAL-001,0,,NORMALIZED_HIGH_COST,D1-20220114-BULLISH-M5-C1_OB_FVG-FVG-006907-OB-001290,0,0,,M5_C1_OB_FVG,1.5,,M5
,,False,0,OB,14229.9,14263.7,0,FVG-007013|OB-001307,14230.7,14235.2,,,HYPOTHETICAL_SCENARIO_NOT_BROKER_FACT,2022-01-24 00:00:00,2022-01-25 11:25:00,BULLISH,,,,D1-20220124-BULLISH,OB_MITIGATED_BEFORE_MIDPOINT,,,MLR-TECH-ABL-001,2022-01-26 00:00:00,PREVIOUSLY_EXPOSED_WINDOW,C1_OB_FVG,M1_BLOCK_TOUCH,OB_MITIGATED_BEFORE_MIDPOINT,NO_FILL,0,0,,,,TECHNICAL_ONLY_ABLATION,,,NO_FILL,QRP-MACRO-LIQUIDITY-REVERSAL-001,0,,NORMALIZED_LOW_COST,D1-20220124-BULLISH-M5-C1_OB_FVG-FVG-007013-OB-001307,0,0,,M5_C1_OB_FVG,1.5,,M5
,,False,0,OB,14229.9,14263.7,0,FVG-007013|OB-001307,14230.7,14235.2,,,HYPOTHETICAL_SCENARIO_NOT_BROKER_FACT,2022-01-24 00:00:00,2022-01-25 11:25:00,BULLISH,,,,D1-20220124-BULLISH,OB_MITIGATED_BEFORE_MIDPOINT,,,MLR-TECH-ABL-001,2022-01-26 00:00:00,PREVIOUSLY_EXPOSED_WINDOW,C1_OB_FVG,M1_BLOCK_TOUCH,OB_MITIGATED_BEFORE_MIDPOINT,NO_FILL,0,0,,,,TECHNICAL_ONLY_ABLATION,,,NO_FILL,QRP-MACRO-LIQUIDITY-REVERSAL-001,0,,NORMALIZED_MEDIUM_COST,D1-20220124-BULLISH-M5-C1_OB_FVG-FVG-007013-OB-001307,0,0,,M5_C1_OB_FVG,1.5,,M5
,,False,0,OB,14229.9,14263.7,0,FVG-007013|OB-001307,14230.7,14235.2,,,HYPOTHETICAL_SCENARIO_NOT_BROKER_FACT,2022-01-24 00:00:00,2022-01-25 11:25:00,BULLISH,,,,D1-20220124-BULLISH,OB_MITIGATED_BEFORE_MIDPOINT,,,MLR-TECH-ABL-001,2022-01-26 00:00:00,PREVIOUSLY_EXPOSED_WINDOW,C1_OB_FVG,M1_BLOCK_TOUCH,OB_MITIGATED_BEFORE_MIDPOINT,NO_FILL,0,0,,,,TECHNICAL_ONLY_ABLATION,,,NO_FILL,QRP-MACRO-LIQUIDITY-REVERSAL-001,0,,NORMALIZED_HIGH_COST,D1-20220124-BULLISH-M5-C1_OB_FVG-FVG-007013-OB-001307,0,0,,M5_C1_OB_FVG,1.5,,M5
13526.7,13539.900,False,18,OB,13521.4,13527.0,1.0,FVG-007139|OB-001332,13526.4,13527.0,13527.45,13539.150,HYPOTHETICAL_SCENARIO_NOT_BROKER_FACT,2022-04-25 00:00:00,2022-04-26 04:05:00,BULLISH,2022-04-26 04:23:00,2022-04-26 04:24:00,13526.7,D1-20220425-BULLISH,TARGET_1_5R,13539.900,2022-04-26 04:41:00,MLR-TECH-ABL-001,2022-04-27 00:00:00,PREVIOUSLY_EXPOSED_WINDOW,C1_OB_FVG,M1_STRICT_PENETRATION_NO_FAVORABLE_IMPROVEMENT,STRICT_M1_LIMIT_PENETRATION,FILLED,0,0,13.200,1.5,0.2833333333333333,TECHNICAL_ONLY_ABLATION,10.700,1.215909090909090909090909091,WIN_TARGET_1_5R,QRP-MACRO-LIQUIDITY-REVERSAL-001,0,8.80,NORMALIZED_LOW_COST,D1-20220425-BULLISH-M5-C1_OB_FVG-FVG-007139-OB-001332,0.50,1,13520.4,M5_C1_OB_FVG,1.5,13539.900,M5
13526.7,13545.15,False,18,OB,13521.4,13527.0,2,FVG-007139|OB-001332,13526.4,13527.0,13528.2,13543.65,HYPOTHETICAL_SCENARIO_NOT_BROKER_FACT,2022-04-25 00:00:00,2022-04-26 04:05:00,BULLISH,2022-04-26 04:23:00,2022-04-26 04:24:00,13526.7,D1-20220425-BULLISH,TARGET_1_5R,13545.15,2022-04-26 04:41:00,MLR-TECH-ABL-001,2022-04-27 00:00:00,PREVIOUSLY_EXPOSED_WINDOW,C1_OB_FVG,M1_STRICT_PENETRATION_NO_FAVORABLE_IMPROVEMENT,STRICT_M1_LIMIT_PENETRATION,FILLED,0,0.0,18.45,1.5,0.2833333333333333,TECHNICAL_ONLY_ABLATION,13.45,1.093495934959349593495934959,WIN_TARGET_1_5R,QRP-MACRO-LIQUIDITY-REVERSAL-001,0,12.3,NORMALIZED_MEDIUM_COST,D1-20220425-BULLISH-M5-C1_OB_FVG-FVG-007139-OB-001332,1.0,2,13519.4,M5_C1_OB_FVG,1.5,13545.15,M5
13526.7,13563.15,False,82,OB,13521.4,13527.0,4,FVG-007139|OB-001332,13526.4,13527.0,13531.2,13558.65,HYPOTHETICAL_SCENARIO_NOT_BROKER_FACT,2022-04-25 00:00:00,2022-04-26 04:05:00,BULLISH,2022-04-26 04:23:00,2022-04-26 04:24:00,13526.7,D1-20220425-BULLISH,TARGET_1_5R,13563.15,2022-04-26 05:45:00,MLR-TECH-ABL-001,2022-04-27 00:00:00,PREVIOUSLY_EXPOSED_WINDOW,C1_OB_FVG,M1_STRICT_PENETRATION_NO_FAVORABLE_IMPROVEMENT,STRICT_M1_LIMIT_PENETRATION,FILLED,0,0.00,36.45,1.5,1.35,TECHNICAL_ONLY_ABLATION,23.45,0.9650205761316872427983539095,WIN_TARGET_1_5R,QRP-MACRO-LIQUIDITY-REVERSAL-001,0,24.3,NORMALIZED_HIGH_COST,D1-20220425-BULLISH-M5-C1_OB_FVG-FVG-007139-OB-001332,3.0,6,13515.4,M5_C1_OB_FVG,1.5,13563.15,M5
,,False,0,OB,13049.1,13058.8,0,FVG-007309|OB-001368,13049.1,13050.3,,,HYPOTHETICAL_SCENARIO_NOT_BROKER_FACT,2022-05-02 00:00:00,2022-05-03 03:35:00,BULLISH,,,,D1-20220502-BULLISH,OB_MITIGATED_BEFORE_MIDPOINT,,,MLR-TECH-ABL-001,2022-05-04 00:00:00,PREVIOUSLY_EXPOSED_WINDOW,C1_OB_FVG,M1_BLOCK_TOUCH,OB_MITIGATED_BEFORE_MIDPOINT,NO_FILL,0,0,,,,TECHNICAL_ONLY_ABLATION,,,NO_FILL,QRP-MACRO-LIQUIDITY-REVERSAL-001,0,,NORMALIZED_LOW_COST,D1-20220502-BULLISH-M5-C1_OB_FVG-FVG-007309-OB-001368,0,0,,M5_C1_OB_FVG,1.5,,M5
,,False,0,OB,13049.1,13058.8,0,FVG-007309|OB-001368,13049.1,13050.3,,,HYPOTHETICAL_SCENARIO_NOT_BROKER_FACT,2022-05-02 00:00:00,2022-05-03 03:35:00,BULLISH,,,,D1-20220502-BULLISH,OB_MITIGATED_BEFORE_MIDPOINT,,,MLR-TECH-ABL-001,2022-05-04 00:00:00,PREVIOUSLY_EXPOSED_WINDOW,C1_OB_FVG,M1_BLOCK_TOUCH,OB_MITIGATED_BEFORE_MIDPOINT,NO_FILL,0,0,,,,TECHNICAL_ONLY_ABLATION,,,NO_FILL,QRP-MACRO-LIQUIDITY-REVERSAL-001,0,,NORMALIZED_MEDIUM_COST,D1-20220502-BULLISH-M5-C1_OB_FVG-FVG-007309-OB-001368,0,0,,M5_C1_OB_FVG,1.5,,M5
,,False,0,OB,13049.1,13058.8,0,FVG-007309|OB-001368,13049.1,13050.3,,,HYPOTHETICAL_SCENARIO_NOT_BROKER_FACT,2022-05-02 00:00:00,2022-05-03 03:35:00,BULLISH,,,,D1-20220502-BULLISH,OB_MITIGATED_BEFORE_MIDPOINT,,,MLR-TECH-ABL-001,2022-05-04 00:00:00,PREVIOUSLY_EXPOSED_WINDOW,C1_OB_FVG,M1_BLOCK_TOUCH,OB_MITIGATED_BEFORE_MIDPOINT,NO_FILL,0,0,,,,TECHNICAL_ONLY_ABLATION,,,NO_FILL,QRP-MACRO-LIQUIDITY-REVERSAL-001,0,,NORMALIZED_HIGH_COST,D1-20220502-BULLISH-M5-C1_OB_FVG-FVG-007309-OB-001368,0,0,,M5_C1_OB_FVG,1.5,,M5
11925.75,11924.5,True,1,OB,11925.5,11932.9,1.0,FVG-007511|OB-001408,11925.5,11926.0,11926.50,11923.75,HYPOTHETICAL_SCENARIO_NOT_BROKER_FACT,2022-05-19 00:00:00,2022-05-20 03:10:00,BULLISH,2022-05-20 17:07:00,2022-05-20 17:08:00,11925.75,D1-20220519-BULLISH,ENTRY_BAR_STOP_ADVERSE,11924.5,2022-05-20 17:08:00,MLR-TECH-ABL-001,2022-05-21 00:00:00,PREVIOUSLY_EXPOSED_WINDOW,C1_OB_FVG,M1_STRICT_PENETRATION_NO_FAVORABLE_IMPROVEMENT,STRICT_M1_LIMIT_PENETRATION,FILLED,0,0,-1.25,-0.3333333333333333333333333333,0.0,TECHNICAL_ONLY_ABLATION,-3.75,-1,AMBIGUOUS_ADVERSE_FIRST,QRP-MACRO-LIQUIDITY-REVERSAL-001,0,3.75,NORMALIZED_LOW_COST,D1-20220519-BULLISH-M5-C1_OB_FVG-FVG-007511-OB-001408,0.50,1,11924.5,M5_C1_OB_FVG,1.5,11931.375,M5
11925.75,11923.5,True,1,OB,11925.5,11932.9,2,FVG-007511|OB-001408,11925.5,11926.0,11927.25,11922.0,HYPOTHETICAL_SCENARIO_NOT_BROKER_FACT,2022-05-19 00:00:00,2022-05-20 03:10:00,BULLISH,2022-05-20 17:07:00,2022-05-20 17:08:00,11925.75,D1-20220519-BULLISH,ENTRY_BAR_STOP_ADVERSE,11923.5,2022-05-20 17:08:00,MLR-TECH-ABL-001,2022-05-21 00:00:00,PREVIOUSLY_EXPOSED_WINDOW,C1_OB_FVG,M1_STRICT_PENETRATION_NO_FAVORABLE_IMPROVEMENT,STRICT_M1_LIMIT_PENETRATION,FILLED,0,0.0,-2.25,-0.3103448275862068965517241379,0.0,TECHNICAL_ONLY_ABLATION,-7.25,-1,AMBIGUOUS_ADVERSE_FIRST,QRP-MACRO-LIQUIDITY-REVERSAL-001,0,7.25,NORMALIZED_MEDIUM_COST,D1-20220519-BULLISH-M5-C1_OB_FVG-FVG-007511-OB-001408,1.0,2,11923.5,M5_C1_OB_FVG,1.5,11936.625,M5
11925.75,11919.5,True,1,OB,11925.5,11932.9,4,FVG-007511|OB-001408,11925.5,11926.0,11930.25,11915.0,HYPOTHETICAL_SCENARIO_NOT_BROKER_FACT,2022-05-19 00:00:00,2022-05-20 03:10:00,BULLISH,2022-05-20 17:07:00,2022-05-20 17:08:00,11925.75,D1-20220519-BULLISH,ENTRY_BAR_STOP_ADVERSE,11919.5,2022-05-20 17:08:00,MLR-TECH-ABL-001,2022-05-21 00:00:00,PREVIOUSLY_EXPOSED_WINDOW,C1_OB_FVG,M1_STRICT_PENETRATION_NO_FAVORABLE_IMPROVEMENT,STRICT_M1_LIMIT_PENETRATION,FILLED,0,0.00,-6.25,-0.3246753246753246753246753247,0.0,TECHNICAL_ONLY_ABLATION,-19.25,-1,AMBIGUOUS_ADVERSE_FIRST,QRP-MACRO-LIQUIDITY-REVERSAL-001,0,19.25,NORMALIZED_HIGH_COST,D1-20220519-BULLISH-M5-C1_OB_FVG-FVG-007511-OB-001408,3.0,6,11919.5,M5_C1_OB_FVG,1.5,11954.625,M5
,,False,0,OB,11328.8,11339.9,0,FVG-007729|OB-001446,11328.8,11335.3,,,HYPOTHETICAL_SCENARIO_NOT_BROKER_FACT,2022-06-14 00:00:00,2022-06-15 08:50:00,BULLISH,,,,D1-20220614-BULLISH,OB_MITIGATED_BEFORE_MIDPOINT,,,MLR-TECH-ABL-001,2022-06-16 00:00:00,PREVIOUSLY_EXPOSED_WINDOW,C1_OB_FVG,M1_BLOCK_TOUCH,OB_MITIGATED_BEFORE_MIDPOINT,NO_FILL,0,0,,,,TECHNICAL_ONLY_ABLATION,,,NO_FILL,QRP-MACRO-LIQUIDITY-REVERSAL-001,0,,NORMALIZED_LOW_COST,D1-20220614-BULLISH-M5-C1_OB_FVG-FVG-007729-OB-001446,0,0,,M5_C1_OB_FVG,1.5,,M5
,,False,0,OB,11328.8,11339.9,0,FVG-007729|OB-001446,11328.8,11335.3,,,HYPOTHETICAL_SCENARIO_NOT_BROKER_FACT,2022-06-14 00:00:00,2022-06-15 08:50:00,BULLISH,,,,D1-20220614-BULLISH,OB_MITIGATED_BEFORE_MIDPOINT,,,MLR-TECH-ABL-001,2022-06-16 00:00:00,PREVIOUSLY_EXPOSED_WINDOW,C1_OB_FVG,M1_BLOCK_TOUCH,OB_MITIGATED_BEFORE_MIDPOINT,NO_FILL,0,0,,,,TECHNICAL_ONLY_ABLATION,,,NO_FILL,QRP-MACRO-LIQUIDITY-REVERSAL-001,0,,NORMALIZED_MEDIUM_COST,D1-20220614-BULLISH-M5-C1_OB_FVG-FVG-007729-OB-001446,0,0,,M5_C1_OB_FVG,1.5,,M5
,,False,0,OB,11328.8,11339.9,0,FVG-007729|OB-001446,11328.8,11335.3,,,HYPOTHETICAL_SCENARIO_NOT_BROKER_FACT,2022-06-14 00:00:00,2022-06-15 08:50:00,BULLISH,,,,D1-20220614-BULLISH,OB_MITIGATED_BEFORE_MIDPOINT,,,MLR-TECH-ABL-001,2022-06-16 00:00:00,PREVIOUSLY_EXPOSED_WINDOW,C1_OB_FVG,M1_BLOCK_TOUCH,OB_MITIGATED_BEFORE_MIDPOINT,NO_FILL,0,0,,,,TECHNICAL_ONLY_ABLATION,,,NO_FILL,QRP-MACRO-LIQUIDITY-REVERSAL-001,0,,NORMALIZED_HIGH_COST,D1-20220614-BULLISH-M5-C1_OB_FVG-FVG-007729-OB-001446,0,0,,M5_C1_OB_FVG,1.5,,M5
,,False,0,OB,11380.7,11404.0,0,FVG-007954|OB-001485,11380.7,11392.6,,,HYPOTHETICAL_SCENARIO_NOT_BROKER_FACT,2022-06-29 00:00:00,2022-06-30 18:00:00,BULLISH,,,,D1-20220629-BULLISH,MIDPOINT_NOT_STRICTLY_PENETRATED,,,MLR-TECH-ABL-001,2022-07-01 00:00:00,PREVIOUSLY_EXPOSED_WINDOW,C1_OB_FVG,M1_PATH,MIDPOINT_NOT_STRICTLY_PENETRATED,NO_FILL,0,0,,,,TECHNICAL_ONLY_ABLATION,,,NO_FILL,QRP-MACRO-LIQUIDITY-REVERSAL-001,0,,NORMALIZED_LOW_COST,D1-20220629-BULLISH-M5-C1_OB_FVG-FVG-007954-OB-001485,0,0,,M5_C1_OB_FVG,1.5,,M5
,,False,0,OB,11380.7,11404.0,0,FVG-007954|OB-001485,11380.7,11392.6,,,HYPOTHETICAL_SCENARIO_NOT_BROKER_FACT,2022-06-29 00:00:00,2022-06-30 18:00:00,BULLISH,,,,D1-20220629-BULLISH,MIDPOINT_NOT_STRICTLY_PENETRATED,,,MLR-TECH-ABL-001,2022-07-01 00:00:00,PREVIOUSLY_EXPOSED_WINDOW,C1_OB_FVG,M1_PATH,MIDPOINT_NOT_STRICTLY_PENETRATED,NO_FILL,0,0,,,,TECHNICAL_ONLY_ABLATION,,,NO_FILL,QRP-MACRO-LIQUIDITY-REVERSAL-001,0,,NORMALIZED_MEDIUM_COST,D1-20220629-BULLISH-M5-C1_OB_FVG-FVG-007954-OB-001485,0,0,,M5_C1_OB_FVG,1.5,,M5
,,False,0,OB,11380.7,11404.0,0,FVG-007954|OB-001485,11380.7,11392.6,,,HYPOTHETICAL_SCENARIO_NOT_BROKER_FACT,2022-06-29 00:00:00,2022-06-30 18:00:00,BULLISH,,,,D1-20220629-BULLISH,MIDPOINT_NOT_STRICTLY_PENETRATED,,,MLR-TECH-ABL-001,2022-07-01 00:00:00,PREVIOUSLY_EXPOSED_WINDOW,C1_OB_FVG,M1_PATH,MIDPOINT_NOT_STRICTLY_PENETRATED,NO_FILL,0,0,,,,TECHNICAL_ONLY_ABLATION,,,NO_FILL,QRP-MACRO-LIQUIDITY-REVERSAL-001,0,,NORMALIZED_HIGH_COST,D1-20220629-BULLISH-M5-C1_OB_FVG-FVG-007954-OB-001485,0,0,,M5_C1_OB_FVG,1.5,,M5
,,False,0,OB,13312.1,13318.0,0,FVG-008133|OB-001518,13312.1,13318.0,,,HYPOTHETICAL_SCENARIO_NOT_BROKER_FACT,2022-08-11 00:00:00,2022-08-12 03:40:00,BEARISH,,,,D1-20220811-BEARISH,OB_MITIGATED_BEFORE_MIDPOINT,,,MLR-TECH-ABL-001,2022-08-13 00:00:00,PREVIOUSLY_EXPOSED_WINDOW,C1_OB_FVG,M1_BLOCK_TOUCH,OB_MITIGATED_BEFORE_MIDPOINT,NO_FILL,0,0,,,,TECHNICAL_ONLY_ABLATION,,,NO_FILL,QRP-MACRO-LIQUIDITY-REVERSAL-001,0,,NORMALIZED_LOW_COST,D1-20220811-BEARISH-M5-C1_OB_FVG-FVG-008133-OB-001518,0,0,,M5_C1_OB_FVG,1.5,,M5
,,False,0,OB,13312.1,13318.0,0,FVG-008133|OB-001518,13312.1,13318.0,,,HYPOTHETICAL_SCENARIO_NOT_BROKER_FACT,2022-08-11 00:00:00,2022-08-12 03:40:00,BEARISH,,,,D1-20220811-BEARISH,OB_MITIGATED_BEFORE_MIDPOINT,,,MLR-TECH-ABL-001,2022-08-13 00:00:00,PREVIOUSLY_EXPOSED_WINDOW,C1_OB_FVG,M1_BLOCK_TOUCH,OB_MITIGATED_BEFORE_MIDPOINT,NO_FILL,0,0,,,,TECHNICAL_ONLY_ABLATION,,,NO_FILL,QRP-MACRO-LIQUIDITY-REVERSAL-001,0,,NORMALIZED_MEDIUM_COST,D1-20220811-BEARISH-M5-C1_OB_FVG-FVG-008133-OB-001518,0,0,,M5_C1_OB_FVG,1.5,,M5
,,False,0,OB,13312.1,13318.0,0,FVG-008133|OB-001518,13312.1,13318.0,,,HYPOTHETICAL_SCENARIO_NOT_BROKER_FACT,2022-08-11 00:00:00,2022-08-12 03:40:00,BEARISH,,,,D1-20220811-BEARISH,OB_MITIGATED_BEFORE_MIDPOINT,,,MLR-TECH-ABL-001,2022-08-13 00:00:00,PREVIOUSLY_EXPOSED_WINDOW,C1_OB_FVG,M1_BLOCK_TOUCH,OB_MITIGATED_BEFORE_MIDPOINT,NO_FILL,0,0,,,,TECHNICAL_ONLY_ABLATION,,,NO_FILL,QRP-MACRO-LIQUIDITY-REVERSAL-001,0,,NORMALIZED_HIGH_COST,D1-20220811-BEARISH-M5-C1_OB_FVG-FVG-008133-OB-001518,0,0,,M5_C1_OB_FVG,1.5,,M5
,,False,0,OB,11805.1,11810.8,0,FVG-008392|OB-001564,11805.1,11810.8,,,HYPOTHETICAL_SCENARIO_NOT_BROKER_FACT,2022-09-16 00:00:00,2022-09-19 08:20:00,BULLISH,,,,D1-20220916-BULLISH,OB_MITIGATED_BEFORE_MIDPOINT,,,MLR-TECH-ABL-001,2022-09-20 00:00:00,PREVIOUSLY_EXPOSED_WINDOW,C1_OB_FVG,M1_BLOCK_TOUCH,OB_MITIGATED_BEFORE_MIDPOINT,NO_FILL,0,0,,,,TECHNICAL_ONLY_ABLATION,,,NO_FILL,QRP-MACRO-LIQUIDITY-REVERSAL-001,0,,NORMALIZED_LOW_COST,D1-20220916-BULLISH-M5-C1_OB_FVG-FVG-008392-OB-001564,0,0,,M5_C1_OB_FVG,1.5,,M5
,,False,0,OB,11805.1,11810.8,0,FVG-008392|OB-001564,11805.1,11810.8,,,HYPOTHETICAL_SCENARIO_NOT_BROKER_FACT,2022-09-16 00:00:00,2022-09-19 08:20:00,BULLISH,,,,D1-20220916-BULLISH,OB_MITIGATED_BEFORE_MIDPOINT,,,MLR-TECH-ABL-001,2022-09-20 00:00:00,PREVIOUSLY_EXPOSED_WINDOW,C1_OB_FVG,M1_BLOCK_TOUCH,OB_MITIGATED_BEFORE_MIDPOINT,NO_FILL,0,0,,,,TECHNICAL_ONLY_ABLATION,,,NO_FILL,QRP-MACRO-LIQUIDITY-REVERSAL-001,0,,NORMALIZED_MEDIUM_COST,D1-20220916-BULLISH-M5-C1_OB_FVG-FVG-008392-OB-001564,0,0,,M5_C1_OB_FVG,1.5,,M5
,,False,0,OB,11805.1,11810.8,0,FVG-008392|OB-001564,11805.1,11810.8,,,HYPOTHETICAL_SCENARIO_NOT_BROKER_FACT,2022-09-16 00:00:00,2022-09-19 08:20:00,BULLISH,,,,D1-20220916-BULLISH,OB_MITIGATED_BEFORE_MIDPOINT,,,MLR-TECH-ABL-001,2022-09-20 00:00:00,PREVIOUSLY_EXPOSED_WINDOW,C1_OB_FVG,M1_BLOCK_TOUCH,OB_MITIGATED_BEFORE_MIDPOINT,NO_FILL,0,0,,,,TECHNICAL_ONLY_ABLATION,,,NO_FILL,QRP-MACRO-LIQUIDITY-REVERSAL-001,0,,NORMALIZED_HIGH_COST,D1-20220916-BULLISH-M5-C1_OB_FVG-FVG-008392-OB-001564,0,0,,M5_C1_OB_FVG,1.5,,M5
,,False,0,OB,10974.7,10982.2,0,FVG-008611|OB-001613,10974.7,10975.1,,,HYPOTHETICAL_SCENARIO_NOT_BROKER_FACT,2022-10-20 00:00:00,2022-10-21 05:25:00,BULLISH,,,,D1-20221020-BULLISH,OB_MITIGATED_BEFORE_MIDPOINT,,,MLR-TECH-ABL-001,2022-10-22 00:00:00,PREVIOUSLY_EXPOSED_WINDOW,C1_OB_FVG,M1_BLOCK_TOUCH,OB_MITIGATED_BEFORE_MIDPOINT,NO_FILL,0,0,,,,TECHNICAL_ONLY_ABLATION,,,NO_FILL,QRP-MACRO-LIQUIDITY-REVERSAL-001,0,,NORMALIZED_LOW_COST,D1-20221020-BULLISH-M5-C1_OB_FVG-FVG-008611-OB-001613,0,0,,M5_C1_OB_FVG,1.5,,M5
,,False,0,OB,10974.7,10982.2,0,FVG-008611|OB-001613,10974.7,10975.1,,,HYPOTHETICAL_SCENARIO_NOT_BROKER_FACT,2022-10-20 00:00:00,2022-10-21 05:25:00,BULLISH,,,,D1-20221020-BULLISH,OB_MITIGATED_BEFORE_MIDPOINT,,,MLR-TECH-ABL-001,2022-10-22 00:00:00,PREVIOUSLY_EXPOSED_WINDOW,C1_OB_FVG,M1_BLOCK_TOUCH,OB_MITIGATED_BEFORE_MIDPOINT,NO_FILL,0,0,,,,TECHNICAL_ONLY_ABLATION,,,NO_FILL,QRP-MACRO-LIQUIDITY-REVERSAL-001,0,,NORMALIZED_MEDIUM_COST,D1-20221020-BULLISH-M5-C1_OB_FVG-FVG-008611-OB-001613,0,0,,M5_C1_OB_FVG,1.5,,M5
,,False,0,OB,10974.7,10982.2,0,FVG-008611|OB-001613,10974.7,10975.1,,,HYPOTHETICAL_SCENARIO_NOT_BROKER_FACT,2022-10-20 00:00:00,2022-10-21 05:25:00,BULLISH,,,,D1-20221020-BULLISH,OB_MITIGATED_BEFORE_MIDPOINT,,,MLR-TECH-ABL-001,2022-10-22 00:00:00,PREVIOUSLY_EXPOSED_WINDOW,C1_OB_FVG,M1_BLOCK_TOUCH,OB_MITIGATED_BEFORE_MIDPOINT,NO_FILL,0,0,,,,TECHNICAL_ONLY_ABLATION,,,NO_FILL,QRP-MACRO-LIQUIDITY-REVERSAL-001,0,,NORMALIZED_HIGH_COST,D1-20221020-BULLISH-M5-C1_OB_FVG-FVG-008611-OB-001613,0,0,,M5_C1_OB_FVG,1.5,,M5
,,False,0,OB,12034.8,12040.4,0,FVG-008853|OB-001654,12034.8,12035.8,,,HYPOTHETICAL_SCENARIO_NOT_BROKER_FACT,2022-12-01 00:00:00,2022-12-02 13:10:00,BEARISH,,,,D1-20221201-BEARISH,OB_MITIGATED_BEFORE_MIDPOINT,,,MLR-TECH-ABL-001,2022-12-03 00:00:00,PREVIOUSLY_EXPOSED_WINDOW,C1_OB_FVG,M1_BLOCK_TOUCH,OB_MITIGATED_BEFORE_MIDPOINT,NO_FILL,0,0,,,,TECHNICAL_ONLY_ABLATION,,,NO_FILL,QRP-MACRO-LIQUIDITY-REVERSAL-001,0,,NORMALIZED_LOW_COST,D1-20221201-BEARISH-M5-C1_OB_FVG-FVG-008853-OB-001654,0,0,,M5_C1_OB_FVG,1.5,,M5
,,False,0,OB,12034.8,12040.4,0,FVG-008853|OB-001654,12034.8,12035.8,,,HYPOTHETICAL_SCENARIO_NOT_BROKER_FACT,2022-12-01 00:00:00,2022-12-02 13:10:00,BEARISH,,,,D1-20221201-BEARISH,OB_MITIGATED_BEFORE_MIDPOINT,,,MLR-TECH-ABL-001,2022-12-03 00:00:00,PREVIOUSLY_EXPOSED_WINDOW,C1_OB_FVG,M1_BLOCK_TOUCH,OB_MITIGATED_BEFORE_MIDPOINT,NO_FILL,0,0,,,,TECHNICAL_ONLY_ABLATION,,,NO_FILL,QRP-MACRO-LIQUIDITY-REVERSAL-001,0,,NORMALIZED_MEDIUM_COST,D1-20221201-BEARISH-M5-C1_OB_FVG-FVG-008853-OB-001654,0,0,,M5_C1_OB_FVG,1.5,,M5
,,False,0,OB,12034.8,12040.4,0,FVG-008853|OB-001654,12034.8,12035.8,,,HYPOTHETICAL_SCENARIO_NOT_BROKER_FACT,2022-12-01 00:00:00,2022-12-02 13:10:00,BEARISH,,,,D1-20221201-BEARISH,OB_MITIGATED_BEFORE_MIDPOINT,,,MLR-TECH-ABL-001,2022-12-03 00:00:00,PREVIOUSLY_EXPOSED_WINDOW,C1_OB_FVG,M1_BLOCK_TOUCH,OB_MITIGATED_BEFORE_MIDPOINT,NO_FILL,0,0,,,,TECHNICAL_ONLY_ABLATION,,,NO_FILL,QRP-MACRO-LIQUIDITY-REVERSAL-001,0,,NORMALIZED_HIGH_COST,D1-20221201-BEARISH-M5-C1_OB_FVG-FVG-008853-OB-001654,0,0,,M5_C1_OB_FVG,1.5,,M5
,,False,0,OB,12338.3,12342.2,0,FVG-009023|OB-001687,12340.1,12341.6,,,HYPOTHETICAL_SCENARIO_NOT_BROKER_FACT,2023-03-06 00:00:00,2023-03-07 08:15:00,BEARISH,,,,D1-20230306-BEARISH,OB_MITIGATED_BEFORE_MIDPOINT,,,MLR-TECH-ABL-001,2023-03-08 00:00:00,PREVIOUSLY_EXPOSED_WINDOW,C1_OB_FVG,M1_BLOCK_TOUCH,OB_MITIGATED_BEFORE_MIDPOINT,NO_FILL,0,0,,,,TECHNICAL_ONLY_ABLATION,,,NO_FILL,QRP-MACRO-LIQUIDITY-REVERSAL-001,0,,NORMALIZED_LOW_COST,D1-20230306-BEARISH-M5-C1_OB_FVG-FVG-009023-OB-001687,0,0,,M5_C1_OB_FVG,1.5,,M5
,,False,0,OB,12338.3,12342.2,0,FVG-009023|OB-001687,12340.1,12341.6,,,HYPOTHETICAL_SCENARIO_NOT_BROKER_FACT,2023-03-06 00:00:00,2023-03-07 08:15:00,BEARISH,,,,D1-20230306-BEARISH,OB_MITIGATED_BEFORE_MIDPOINT,,,MLR-TECH-ABL-001,2023-03-08 00:00:00,PREVIOUSLY_EXPOSED_WINDOW,C1_OB_FVG,M1_BLOCK_TOUCH,OB_MITIGATED_BEFORE_MIDPOINT,NO_FILL,0,0,,,,TECHNICAL_ONLY_ABLATION,,,NO_FILL,QRP-MACRO-LIQUIDITY-REVERSAL-001,0,,NORMALIZED_MEDIUM_COST,D1-20230306-BEARISH-M5-C1_OB_FVG-FVG-009023-OB-001687,0,0,,M5_C1_OB_FVG,1.5,,M5
,,False,0,OB,12338.3,12342.2,0,FVG-009023|OB-001687,12340.1,12341.6,,,HYPOTHETICAL_SCENARIO_NOT_BROKER_FACT,2023-03-06 00:00:00,2023-03-07 08:15:00,BEARISH,,,,D1-20230306-BEARISH,OB_MITIGATED_BEFORE_MIDPOINT,,,MLR-TECH-ABL-001,2023-03-08 00:00:00,PREVIOUSLY_EXPOSED_WINDOW,C1_OB_FVG,M1_BLOCK_TOUCH,OB_MITIGATED_BEFORE_MIDPOINT,NO_FILL,0,0,,,,TECHNICAL_ONLY_ABLATION,,,NO_FILL,QRP-MACRO-LIQUIDITY-REVERSAL-001,0,,NORMALIZED_HIGH_COST,D1-20230306-BEARISH-M5-C1_OB_FVG-FVG-009023-OB-001687,0,0,,M5_C1_OB_FVG,1.5,,M5
,,False,0,OB,12563.6,12572.3,0,FVG-009207|OB-001716,12571.6,12572.3,,,HYPOTHETICAL_SCENARIO_NOT_BROKER_FACT,2023-03-17 00:00:00,2023-03-20 04:40:00,BEARISH,,,,D1-20230317-BEARISH,OB_MITIGATED_BEFORE_MIDPOINT,,,MLR-TECH-ABL-001,2023-03-21 00:00:00,PREVIOUSLY_EXPOSED_WINDOW,C1_OB_FVG,M1_BLOCK_TOUCH,OB_MITIGATED_BEFORE_MIDPOINT,NO_FILL,0,0,,,,TECHNICAL_ONLY_ABLATION,,,NO_FILL,QRP-MACRO-LIQUIDITY-REVERSAL-001,0,,NORMALIZED_LOW_COST,D1-20230317-BEARISH-M5-C1_OB_FVG-FVG-009207-OB-001716,0,0,,M5_C1_OB_FVG,1.5,,M5
,,False,0,OB,12563.6,12572.3,0,FVG-009207|OB-001716,12571.6,12572.3,,,HYPOTHETICAL_SCENARIO_NOT_BROKER_FACT,2023-03-17 00:00:00,2023-03-20 04:40:00,BEARISH,,,,D1-20230317-BEARISH,OB_MITIGATED_BEFORE_MIDPOINT,,,MLR-TECH-ABL-001,2023-03-21 00:00:00,PREVIOUSLY_EXPOSED_WINDOW,C1_OB_FVG,M1_BLOCK_TOUCH,OB_MITIGATED_BEFORE_MIDPOINT,NO_FILL,0,0,,,,TECHNICAL_ONLY_ABLATION,,,NO_FILL,QRP-MACRO-LIQUIDITY-REVERSAL-001,0,,NORMALIZED_MEDIUM_COST,D1-20230317-BEARISH-M5-C1_OB_FVG-FVG-009207-OB-001716,0,0,,M5_C1_OB_FVG,1.5,,M5
,,False,0,OB,12563.6,12572.3,0,FVG-009207|OB-001716,12571.6,12572.3,,,HYPOTHETICAL_SCENARIO_NOT_BROKER_FACT,2023-03-17 00:00:00,2023-03-20 04:40:00,BEARISH,,,,D1-20230317-BEARISH,OB_MITIGATED_BEFORE_MIDPOINT,,,MLR-TECH-ABL-001,2023-03-21 00:00:00,PREVIOUSLY_EXPOSED_WINDOW,C1_OB_FVG,M1_BLOCK_TOUCH,OB_MITIGATED_BEFORE_MIDPOINT,NO_FILL,0,0,,,,TECHNICAL_ONLY_ABLATION,,,NO_FILL,QRP-MACRO-LIQUIDITY-REVERSAL-001,0,,NORMALIZED_HIGH_COST,D1-20230317-BEARISH-M5-C1_OB_FVG-FVG-009207-OB-001716,0,0,,M5_C1_OB_FVG,1.5,,M5
,,False,0,OB,13044.1,13046.5,0,FVG-009407|OB-001759,13045.3,13046.1,,,HYPOTHETICAL_SCENARIO_NOT_BROKER_FACT,2023-04-10 00:00:00,2023-04-11 07:55:00,BEARISH,,,,D1-20230410-BEARISH,OB_MITIGATED_BEFORE_MIDPOINT,,,MLR-TECH-ABL-001,2023-04-12 00:00:00,PREVIOUSLY_EXPOSED_WINDOW,C1_OB_FVG,M1_BLOCK_TOUCH,OB_MITIGATED_BEFORE_MIDPOINT,NO_FILL,0,0,,,,TECHNICAL_ONLY_ABLATION,,,NO_FILL,QRP-MACRO-LIQUIDITY-REVERSAL-001,0,,NORMALIZED_LOW_COST,D1-20230410-BEARISH-M5-C1_OB_FVG-FVG-009407-OB-001759,0,0,,M5_C1_OB_FVG,1.5,,M5
,,False,0,OB,13044.1,13046.5,0,FVG-009407|OB-001759,13045.3,13046.1,,,HYPOTHETICAL_SCENARIO_NOT_BROKER_FACT,2023-04-10 00:00:00,2023-04-11 07:55:00,BEARISH,,,,D1-20230410-BEARISH,OB_MITIGATED_BEFORE_MIDPOINT,,,MLR-TECH-ABL-001,2023-04-12 00:00:00,PREVIOUSLY_EXPOSED_WINDOW,C1_OB_FVG,M1_BLOCK_TOUCH,OB_MITIGATED_BEFORE_MIDPOINT,NO_FILL,0,0,,,,TECHNICAL_ONLY_ABLATION,,,NO_FILL,QRP-MACRO-LIQUIDITY-REVERSAL-001,0,,NORMALIZED_MEDIUM_COST,D1-20230410-BEARISH-M5-C1_OB_FVG-FVG-009407-OB-001759,0,0,,M5_C1_OB_FVG,1.5,,M5
,,False,0,OB,13044.1,13046.5,0,FVG-009407|OB-001759,13045.3,13046.1,,,HYPOTHETICAL_SCENARIO_NOT_BROKER_FACT,2023-04-10 00:00:00,2023-04-11 07:55:00,BEARISH,,,,D1-20230410-BEARISH,OB_MITIGATED_BEFORE_MIDPOINT,,,MLR-TECH-ABL-001,2023-04-12 00:00:00,PREVIOUSLY_EXPOSED_WINDOW,C1_OB_FVG,M1_BLOCK_TOUCH,OB_MITIGATED_BEFORE_MIDPOINT,NO_FILL,0,0,,,,TECHNICAL_ONLY_ABLATION,,,NO_FILL,QRP-MACRO-LIQUIDITY-REVERSAL-001,0,,NORMALIZED_HIGH_COST,D1-20230410-BEARISH-M5-C1_OB_FVG-FVG-009407-OB-001759,0,0,,M5_C1_OB_FVG,1.5,,M5
13091.2,13102.2,False,29,OB,13089.8,13101.2,1.0,FVG-009593|OB-001792,13090.3,13092.1,13090.45,13102.95,HYPOTHETICAL_SCENARIO_NOT_BROKER_FACT,2023-04-14 00:00:00,2023-04-17 09:25:00,BEARISH,2023-04-17 09:29:00,2023-04-17 09:30:00,13091.2,D1-20230414-BEARISH,STOP,13102.2,2023-04-17 09:58:00,MLR-TECH-ABL-001,2023-04-18 00:00:00,PREVIOUSLY_EXPOSED_WINDOW,C1_OB_FVG,M1_STRICT_PENETRATION_NO_FAVORABLE_IMPROVEMENT,STRICT_M1_LIMIT_PENETRATION,FILLED,0,0,-11.0,-0.8148148148148148148148148148,0.4666666666666667,TECHNICAL_ONLY_ABLATION,-13.50,-1,LOSS_1R,QRP-MACRO-LIQUIDITY-REVERSAL-001,0,13.50,NORMALIZED_LOW_COST,D1-20230414-BEARISH-M5-C1_OB_FVG-FVG-009593-OB-001792,0.50,1,13102.2,M5_C1_OB_FVG,1.5,13070.950,M5
13091.2,13103.2,False,30,OB,13089.8,13101.2,2,FVG-009593|OB-001792,13090.3,13092.1,13089.7,13104.7,HYPOTHETICAL_SCENARIO_NOT_BROKER_FACT,2023-04-14 00:00:00,2023-04-17 09:25:00,BEARISH,2023-04-17 09:29:00,2023-04-17 09:30:00,13091.2,D1-20230414-BEARISH,STOP,13103.2,2023-04-17 09:59:00,MLR-TECH-ABL-001,2023-04-18 00:00:00,PREVIOUSLY_EXPOSED_WINDOW,C1_OB_FVG,M1_STRICT_PENETRATION_NO_FAVORABLE_IMPROVEMENT,STRICT_M1_LIMIT_PENETRATION,FILLED,0,0.0,-12.0,-0.7058823529411764705882352941,0.48333333333333334,TECHNICAL_ONLY_ABLATION,-17.0,-1,LOSS_1R,QRP-MACRO-LIQUIDITY-REVERSAL-001,0,17.0,NORMALIZED_MEDIUM_COST,D1-20230414-BEARISH-M5-C1_OB_FVG-FVG-009593-OB-001792,1.0,2,13103.2,M5_C1_OB_FVG,1.5,13065.70,M5
13091.2,13107.2,False,37,OB,13089.8,13101.2,4,FVG-009593|OB-001792,13090.3,13092.1,13086.7,13111.7,HYPOTHETICAL_SCENARIO_NOT_BROKER_FACT,2023-04-14 00:00:00,2023-04-17 09:25:00,BEARISH,2023-04-17 09:29:00,2023-04-17 09:30:00,13091.2,D1-20230414-BEARISH,STOP,13107.2,2023-04-17 10:06:00,MLR-TECH-ABL-001,2023-04-18 00:00:00,PREVIOUSLY_EXPOSED_WINDOW,C1_OB_FVG,M1_STRICT_PENETRATION_NO_FAVORABLE_IMPROVEMENT,STRICT_M1_LIMIT_PENETRATION,FILLED,0,0.00,-16.0,-0.5517241379310344827586206897,0.6,TECHNICAL_ONLY_ABLATION,-29.00,-1.0,LOSS_1R,QRP-MACRO-LIQUIDITY-REVERSAL-001,0,29.0,NORMALIZED_HIGH_COST,D1-20230414-BEARISH-M5-C1_OB_FVG-FVG-009593-OB-001792,3.0,6,13107.2,M5_C1_OB_FVG,1.5,13047.70,M5
13234.3,13238.1,False,2,OB,13231.8,13237.1,1.0,FVG-009764|OB-001822,13233.2,13235.4,13233.55,13238.85,HYPOTHETICAL_SCENARIO_NOT_BROKER_FACT,2023-04-28 00:00:00,2023-05-01 03:20:00,BEARISH,2023-05-01 03:42:00,2023-05-01 03:43:00,13234.3,D1-20230428-BEARISH,STOP,13238.1,2023-05-01 03:44:00,MLR-TECH-ABL-001,2023-05-02 00:00:00,PREVIOUSLY_EXPOSED_WINDOW,C1_OB_FVG,M1_STRICT_PENETRATION_NO_FAVORABLE_IMPROVEMENT,STRICT_M1_LIMIT_PENETRATION,FILLED,0,0,-3.8,-0.6031746031746031746031746032,0.016666666666666666,TECHNICAL_ONLY_ABLATION,-6.30,-1,LOSS_1R,QRP-MACRO-LIQUIDITY-REVERSAL-001,0,6.30,NORMALIZED_LOW_COST,D1-20230428-BEARISH-M5-C1_OB_FVG-FVG-009764-OB-001822,0.50,1,13238.1,M5_C1_OB_FVG,1.5,13224.850,M5
13234.3,13239.1,False,3,OB,13231.8,13237.1,2,FVG-009764|OB-001822,13233.2,13235.4,13232.8,13240.6,HYPOTHETICAL_SCENARIO_NOT_BROKER_FACT,2023-04-28 00:00:00,2023-05-01 03:20:00,BEARISH,2023-05-01 03:42:00,2023-05-01 03:43:00,13234.3,D1-20230428-BEARISH,STOP,13239.1,2023-05-01 03:45:00,MLR-TECH-ABL-001,2023-05-02 00:00:00,PREVIOUSLY_EXPOSED_WINDOW,C1_OB_FVG,M1_STRICT_PENETRATION_NO_FAVORABLE_IMPROVEMENT,STRICT_M1_LIMIT_PENETRATION,FILLED,0,0.0,-4.8,-0.4897959183673469387755102041,0.03333333333333333,TECHNICAL_ONLY_ABLATION,-9.8,-1,LOSS_1R,QRP-MACRO-LIQUIDITY-REVERSAL-001,0,9.8,NORMALIZED_MEDIUM_COST,D1-20230428-BEARISH-M5-C1_OB_FVG-FVG-009764-OB-001822,1.0,2,13239.1,M5_C1_OB_FVG,1.5,13219.60,M5
13234.3,13243.1,False,125,OB,13231.8,13237.1,4,FVG-009764|OB-001822,13233.2,13235.4,13229.8,13247.6,HYPOTHETICAL_SCENARIO_NOT_BROKER_FACT,2023-04-28 00:00:00,2023-05-01 03:20:00,BEARISH,2023-05-01 03:42:00,2023-05-01 03:43:00,13234.3,D1-20230428-BEARISH,STOP,13243.1,2023-05-01 05:47:00,MLR-TECH-ABL-001,2023-05-02 00:00:00,PREVIOUSLY_EXPOSED_WINDOW,C1_OB_FVG,M1_STRICT_PENETRATION_NO_FAVORABLE_IMPROVEMENT,STRICT_M1_LIMIT_PENETRATION,FILLED,0,0.00,-8.8,-0.4036697247706422018348623853,2.066666666666667,TECHNICAL_ONLY_ABLATION,-21.80,-1.0,LOSS_1R,QRP-MACRO-LIQUIDITY-REVERSAL-001,0,21.8,NORMALIZED_HIGH_COST,D1-20230428-BEARISH-M5-C1_OB_FVG-FVG-009764-OB-001822,3.0,6,13243.1,M5_C1_OB_FVG,1.5,13201.60,M5
,,False,0,OB,13121.6,13131.0,0,FVG-009963|OB-001861,13121.6,13126.7,,,HYPOTHETICAL_SCENARIO_NOT_BROKER_FACT,2023-05-01 00:00:00,2023-05-02 21:15:00,BEARISH,,,,D1-20230501-BEARISH,OB_MITIGATED_BEFORE_MIDPOINT,,,MLR-TECH-ABL-001,2023-05-03 00:00:00,PREVIOUSLY_EXPOSED_WINDOW,C1_OB_FVG,M1_BLOCK_TOUCH,OB_MITIGATED_BEFORE_MIDPOINT,NO_FILL,0,0,,,,TECHNICAL_ONLY_ABLATION,,,NO_FILL,QRP-MACRO-LIQUIDITY-REVERSAL-001,0,,NORMALIZED_LOW_COST,D1-20230501-BEARISH-M5-C1_OB_FVG-FVG-009963-OB-001861,0,0,,M5_C1_OB_FVG,1.5,,M5
,,False,0,OB,13121.6,13131.0,0,FVG-009963|OB-001861,13121.6,13126.7,,,HYPOTHETICAL_SCENARIO_NOT_BROKER_FACT,2023-05-01 00:00:00,2023-05-02 21:15:00,BEARISH,,,,D1-20230501-BEARISH,OB_MITIGATED_BEFORE_MIDPOINT,,,MLR-TECH-ABL-001,2023-05-03 00:00:00,PREVIOUSLY_EXPOSED_WINDOW,C1_OB_FVG,M1_BLOCK_TOUCH,OB_MITIGATED_BEFORE_MIDPOINT,NO_FILL,0,0,,,,TECHNICAL_ONLY_ABLATION,,,NO_FILL,QRP-MACRO-LIQUIDITY-REVERSAL-001,0,,NORMALIZED_MEDIUM_COST,D1-20230501-BEARISH-M5-C1_OB_FVG-FVG-009963-OB-001861,0,0,,M5_C1_OB_FVG,1.5,,M5
,,False,0,OB,13121.6,13131.0,0,FVG-009963|OB-001861,13121.6,13126.7,,,HYPOTHETICAL_SCENARIO_NOT_BROKER_FACT,2023-05-01 00:00:00,2023-05-02 21:15:00,BEARISH,,,,D1-20230501-BEARISH,OB_MITIGATED_BEFORE_MIDPOINT,,,MLR-TECH-ABL-001,2023-05-03 00:00:00,PREVIOUSLY_EXPOSED_WINDOW,C1_OB_FVG,M1_BLOCK_TOUCH,OB_MITIGATED_BEFORE_MIDPOINT,NO_FILL,0,0,,,,TECHNICAL_ONLY_ABLATION,,,NO_FILL,QRP-MACRO-LIQUIDITY-REVERSAL-001,0,,NORMALIZED_HIGH_COST,D1-20230501-BEARISH-M5-C1_OB_FVG-FVG-009963-OB-001861,0,0,,M5_C1_OB_FVG,1.5,,M5
14555.55,14539.275,False,6,OB,14553.7,14562.9,1.0,FVG-010063|OB-001881,14553.7,14557.4,14554.80,14540.025,HYPOTHETICAL_SCENARIO_NOT_BROKER_FACT,2023-06-05 00:00:00,2023-06-06 15:20:00,BEARISH,2023-06-06 16:23:00,2023-06-06 16:24:00,14555.55,D1-20230605-BEARISH,TARGET_1_5R,14539.275,2023-06-06 16:29:00,MLR-TECH-ABL-001,2023-06-07 00:00:00,PREVIOUSLY_EXPOSED_WINDOW,C1_OB_FVG,M1_STRICT_PENETRATION_NO_FAVORABLE_IMPROVEMENT,STRICT_M1_LIMIT_PENETRATION,FILLED,0,0,16.275,1.5,0.08333333333333333,TECHNICAL_ONLY_ABLATION,13.775,1.269585253456221198156682028,WIN_TARGET_1_5R,QRP-MACRO-LIQUIDITY-REVERSAL-001,0,10.85,NORMALIZED_LOW_COST,D1-20230605-BEARISH-M5-C1_OB_FVG-FVG-010063-OB-001881,0.50,1,14563.9,M5_C1_OB_FVG,1.5,14539.275,M5
14555.55,14534.025,False,7,OB,14553.7,14562.9,2,FVG-010063|OB-001881,14553.7,14557.4,14554.05,14535.525,HYPOTHETICAL_SCENARIO_NOT_BROKER_FACT,2023-06-05 00:00:00,2023-06-06 15:20:00,BEARISH,2023-06-06 16:23:00,2023-06-06 16:24:00,14555.55,D1-20230605-BEARISH,TARGET_1_5R,14534.025,2023-06-06 16:30:00,MLR-TECH-ABL-001,2023-06-07 00:00:00,PREVIOUSLY_EXPOSED_WINDOW,C1_OB_FVG,M1_STRICT_PENETRATION_NO_FAVORABLE_IMPROVEMENT,STRICT_M1_LIMIT_PENETRATION,FILLED,0,0.0,21.525,1.5,0.1,TECHNICAL_ONLY_ABLATION,16.525,1.151567944250871080139372822,WIN_TARGET_1_5R,QRP-MACRO-LIQUIDITY-REVERSAL-001,0,14.35,NORMALIZED_MEDIUM_COST,D1-20230605-BEARISH-M5-C1_OB_FVG-FVG-010063-OB-001881,1.0,2,14564.9,M5_C1_OB_FVG,1.5,14534.025,M5
14555.55,14516.025,False,8,OB,14553.7,14562.9,4,FVG-010063|OB-001881,14553.7,14557.4,14551.05,14520.525,HYPOTHETICAL_SCENARIO_NOT_BROKER_FACT,2023-06-05 00:00:00,2023-06-06 15:20:00,BEARISH,2023-06-06 16:23:00,2023-06-06 16:24:00,14555.55,D1-20230605-BEARISH,TARGET_1_5R,14516.025,2023-06-06 16:31:00,MLR-TECH-ABL-001,2023-06-07 00:00:00,PREVIOUSLY_EXPOSED_WINDOW,C1_OB_FVG,M1_STRICT_PENETRATION_NO_FAVORABLE_IMPROVEMENT,STRICT_M1_LIMIT_PENETRATION,FILLED,0,0.00,39.525,1.5,0.11666666666666667,TECHNICAL_ONLY_ABLATION,26.525,1.006641366223908918406072106,WIN_TARGET_1_5R,QRP-MACRO-LIQUIDITY-REVERSAL-001,0,26.35,NORMALIZED_HIGH_COST,D1-20230605-BEARISH-M5-C1_OB_FVG-FVG-010063-OB-001881,3.0,6,14568.9,M5_C1_OB_FVG,1.5,14516.025,M5
,,False,0,OB,15544.4,15547.8,0,FVG-010163|OB-001894,15546.0,15547.8,,,HYPOTHETICAL_SCENARIO_NOT_BROKER_FACT,2023-07-14 00:00:00,2023-07-17 02:20:00,BEARISH,,,,D1-20230714-BEARISH,OB_MITIGATED_BEFORE_MIDPOINT,,,MLR-TECH-ABL-001,2023-07-18 00:00:00,PREVIOUSLY_EXPOSED_WINDOW,C1_OB_FVG,M1_BLOCK_TOUCH,OB_MITIGATED_BEFORE_MIDPOINT,NO_FILL,0,0,,,,TECHNICAL_ONLY_ABLATION,,,NO_FILL,QRP-MACRO-LIQUIDITY-REVERSAL-001,0,,NORMALIZED_LOW_COST,D1-20230714-BEARISH-M5-C1_OB_FVG-FVG-010163-OB-001894,0,0,,M5_C1_OB_FVG,1.5,,M5
,,False,0,OB,15544.4,15547.8,0,FVG-010163|OB-001894,15546.0,15547.8,,,HYPOTHETICAL_SCENARIO_NOT_BROKER_FACT,2023-07-14 00:00:00,2023-07-17 02:20:00,BEARISH,,,,D1-20230714-BEARISH,OB_MITIGATED_BEFORE_MIDPOINT,,,MLR-TECH-ABL-001,2023-07-18 00:00:00,PREVIOUSLY_EXPOSED_WINDOW,C1_OB_FVG,M1_BLOCK_TOUCH,OB_MITIGATED_BEFORE_MIDPOINT,NO_FILL,0,0,,,,TECHNICAL_ONLY_ABLATION,,,NO_FILL,QRP-MACRO-LIQUIDITY-REVERSAL-001,0,,NORMALIZED_MEDIUM_COST,D1-20230714-BEARISH-M5-C1_OB_FVG-FVG-010163-OB-001894,0,0,,M5_C1_OB_FVG,1.5,,M5
,,False,0,OB,15544.4,15547.8,0,FVG-010163|OB-001894,15546.0,15547.8,,,HYPOTHETICAL_SCENARIO_NOT_BROKER_FACT,2023-07-14 00:00:00,2023-07-17 02:20:00,BEARISH,,,,D1-20230714-BEARISH,OB_MITIGATED_BEFORE_MIDPOINT,,,MLR-TECH-ABL-001,2023-07-18 00:00:00,PREVIOUSLY_EXPOSED_WINDOW,C1_OB_FVG,M1_BLOCK_TOUCH,OB_MITIGATED_BEFORE_MIDPOINT,NO_FILL,0,0,,,,TECHNICAL_ONLY_ABLATION,,,NO_FILL,QRP-MACRO-LIQUIDITY-REVERSAL-001,0,,NORMALIZED_HIGH_COST,D1-20230714-BEARISH-M5-C1_OB_FVG-FVG-010163-OB-001894,0,0,,M5_C1_OB_FVG,1.5,,M5
,,False,0,OB,15767.7,15774.7,0,FVG-010365|OB-001921,15767.7,15774.7,,,HYPOTHETICAL_SCENARIO_NOT_BROKER_FACT,2023-07-19 00:00:00,2023-07-20 09:15:00,BEARISH,,,,D1-20230719-BEARISH,OB_MITIGATED_BEFORE_MIDPOINT,,,MLR-TECH-ABL-001,2023-07-21 00:00:00,PREVIOUSLY_EXPOSED_WINDOW,C1_OB_FVG,M1_BLOCK_TOUCH,OB_MITIGATED_BEFORE_MIDPOINT,NO_FILL,0,0,,,,TECHNICAL_ONLY_ABLATION,,,NO_FILL,QRP-MACRO-LIQUIDITY-REVERSAL-001,0,,NORMALIZED_LOW_COST,D1-20230719-BEARISH-M5-C1_OB_FVG-FVG-010365-OB-001921,0,0,,M5_C1_OB_FVG,1.5,,M5
,,False,0,OB,15767.7,15774.7,0,FVG-010365|OB-001921,15767.7,15774.7,,,HYPOTHETICAL_SCENARIO_NOT_BROKER_FACT,2023-07-19 00:00:00,2023-07-20 09:15:00,BEARISH,,,,D1-20230719-BEARISH,OB_MITIGATED_BEFORE_MIDPOINT,,,MLR-TECH-ABL-001,2023-07-21 00:00:00,PREVIOUSLY_EXPOSED_WINDOW,C1_OB_FVG,M1_BLOCK_TOUCH,OB_MITIGATED_BEFORE_MIDPOINT,NO_FILL,0,0,,,,TECHNICAL_ONLY_ABLATION,,,NO_FILL,QRP-MACRO-LIQUIDITY-REVERSAL-001,0,,NORMALIZED_MEDIUM_COST,D1-20230719-BEARISH-M5-C1_OB_FVG-FVG-010365-OB-001921,0,0,,M5_C1_OB_FVG,1.5,,M5
,,False,0,OB,15767.7,15774.7,0,FVG-010365|OB-001921,15767.7,15774.7,,,HYPOTHETICAL_SCENARIO_NOT_BROKER_FACT,2023-07-19 00:00:00,2023-07-20 09:15:00,BEARISH,,,,D1-20230719-BEARISH,OB_MITIGATED_BEFORE_MIDPOINT,,,MLR-TECH-ABL-001,2023-07-21 00:00:00,PREVIOUSLY_EXPOSED_WINDOW,C1_OB_FVG,M1_BLOCK_TOUCH,OB_MITIGATED_BEFORE_MIDPOINT,NO_FILL,0,0,,,,TECHNICAL_ONLY_ABLATION,,,NO_FILL,QRP-MACRO-LIQUIDITY-REVERSAL-001,0,,NORMALIZED_HIGH_COST,D1-20230719-BEARISH-M5-C1_OB_FVG-FVG-010365-OB-001921,0,0,,M5_C1_OB_FVG,1.5,,M5
,,False,0,OB,15768.3,15772.3,0,FVG-010612|OB-001971,15768.3,15770.8,,,HYPOTHETICAL_SCENARIO_NOT_BROKER_FACT,2023-07-31 00:00:00,2023-08-01 08:10:00,BEARISH,,,,D1-20230731-BEARISH,MIDPOINT_NOT_STRICTLY_PENETRATED,,,MLR-TECH-ABL-001,2023-08-02 00:00:00,PREVIOUSLY_EXPOSED_WINDOW,C1_OB_FVG,M1_PATH,MIDPOINT_NOT_STRICTLY_PENETRATED,NO_FILL,0,0,,,,TECHNICAL_ONLY_ABLATION,,,NO_FILL,QRP-MACRO-LIQUIDITY-REVERSAL-001,0,,NORMALIZED_LOW_COST,D1-20230731-BEARISH-M5-C1_OB_FVG-FVG-010612-OB-001971,0,0,,M5_C1_OB_FVG,1.5,,M5
,,False,0,OB,15768.3,15772.3,0,FVG-010612|OB-001971,15768.3,15770.8,,,HYPOTHETICAL_SCENARIO_NOT_BROKER_FACT,2023-07-31 00:00:00,2023-08-01 08:10:00,BEARISH,,,,D1-20230731-BEARISH,MIDPOINT_NOT_STRICTLY_PENETRATED,,,MLR-TECH-ABL-001,2023-08-02 00:00:00,PREVIOUSLY_EXPOSED_WINDOW,C1_OB_FVG,M1_PATH,MIDPOINT_NOT_STRICTLY_PENETRATED,NO_FILL,0,0,,,,TECHNICAL_ONLY_ABLATION,,,NO_FILL,QRP-MACRO-LIQUIDITY-REVERSAL-001,0,,NORMALIZED_MEDIUM_COST,D1-20230731-BEARISH-M5-C1_OB_FVG-FVG-010612-OB-001971,0,0,,M5_C1_OB_FVG,1.5,,M5
,,False,0,OB,15768.3,15772.3,0,FVG-010612|OB-001971,15768.3,15770.8,,,HYPOTHETICAL_SCENARIO_NOT_BROKER_FACT,2023-07-31 00:00:00,2023-08-01 08:10:00,BEARISH,,,,D1-20230731-BEARISH,MIDPOINT_NOT_STRICTLY_PENETRATED,,,MLR-TECH-ABL-001,2023-08-02 00:00:00,PREVIOUSLY_EXPOSED_WINDOW,C1_OB_FVG,M1_PATH,MIDPOINT_NOT_STRICTLY_PENETRATED,NO_FILL,0,0,,,,TECHNICAL_ONLY_ABLATION,,,NO_FILL,QRP-MACRO-LIQUIDITY-REVERSAL-001,0,,NORMALIZED_HIGH_COST,D1-20230731-BEARISH-M5-C1_OB_FVG-FVG-010612-OB-001971,0,0,,M5_C1_OB_FVG,1.5,,M5
15537.0,15542.1,False,5,OB,15536.7,15541.1,1.0,FVG-010804|OB-002016,15536.7,15537.3,15536.25,15542.85,HYPOTHETICAL_SCENARIO_NOT_BROKER_FACT,2023-09-01 00:00:00,2023-09-04 14:30:00,BEARISH,2023-09-04 16:31:00,2023-09-04 16:32:00,15537.0,D1-20230901-BEARISH,STOP_GAP_OPEN,15542.1,2023-09-04 16:35:00,MLR-TECH-ABL-001,2023-09-05 00:00:00,PREVIOUSLY_EXPOSED_WINDOW,C1_OB_FVG,M1_STRICT_PENETRATION_NO_FAVORABLE_IMPROVEMENT,STRICT_M1_LIMIT_PENETRATION,FILLED,0,0,-5.1,-0.6710526315789473684210526316,0.05,TECHNICAL_ONLY_ABLATION,-7.60,-1,LOSS_1R,QRP-MACRO-LIQUIDITY-REVERSAL-001,0,7.60,NORMALIZED_LOW_COST,D1-20230901-BEARISH-M5-C1_OB_FVG-FVG-010804-OB-002016,0.50,1,15542.1,M5_C1_OB_FVG,1.5,15525.600,M5
15537.0,15543.1,False,5,OB,15536.7,15541.1,2,FVG-010804|OB-002016,15536.7,15537.3,15535.5,15544.6,HYPOTHETICAL_SCENARIO_NOT_BROKER_FACT,2023-09-01 00:00:00,2023-09-04 14:30:00,BEARISH,2023-09-04 16:31:00,2023-09-04 16:32:00,15537.0,D1-20230901-BEARISH,STOP,15543.1,2023-09-04 16:36:00,MLR-TECH-ABL-001,2023-09-05 00:00:00,PREVIOUSLY_EXPOSED_WINDOW,C1_OB_FVG,M1_STRICT_PENETRATION_NO_FAVORABLE_IMPROVEMENT,STRICT_M1_LIMIT_PENETRATION,FILLED,0,0.0,-6.1,-0.5495495495495495495495495495,0.06666666666666667,TECHNICAL_ONLY_ABLATION,-11.1,-1,LOSS_1R,QRP-MACRO-LIQUIDITY-REVERSAL-001,0,11.1,NORMALIZED_MEDIUM_COST,D1-20230901-BEARISH-M5-C1_OB_FVG-FVG-010804-OB-002016,1.0,2,15543.1,M5_C1_OB_FVG,1.5,15520.35,M5
15537.0,15547.1,False,5,OB,15536.7,15541.1,4,FVG-010804|OB-002016,15536.7,15537.3,15532.5,15551.6,HYPOTHETICAL_SCENARIO_NOT_BROKER_FACT,2023-09-01 00:00:00,2023-09-04 14:30:00,BEARISH,2023-09-04 16:31:00,2023-09-04 16:32:00,15537.0,D1-20230901-BEARISH,STOP,15547.1,2023-09-04 16:36:00,MLR-TECH-ABL-001,2023-09-05 00:00:00,PREVIOUSLY_EXPOSED_WINDOW,C1_OB_FVG,M1_STRICT_PENETRATION_NO_FAVORABLE_IMPROVEMENT,STRICT_M1_LIMIT_PENETRATION,FILLED,0,0.00,-10.1,-0.4372294372294372294372294372,0.06666666666666667,TECHNICAL_ONLY_ABLATION,-23.10,-1.0,LOSS_1R,QRP-MACRO-LIQUIDITY-REVERSAL-001,0,23.1,NORMALIZED_HIGH_COST,D1-20230901-BEARISH-M5-C1_OB_FVG-FVG-010804-OB-002016,3.0,6,15547.1,M5_C1_OB_FVG,1.5,15502.35,M5
,,False,0,OB,14572.0,14588.2,0,FVG-010973|OB-002049,14572.1,14573.1,,,HYPOTHETICAL_SCENARIO_NOT_BROKER_FACT,2023-09-27 00:00:00,2023-09-28 15:35:00,BULLISH,,,,D1-20230927-BULLISH,OB_MITIGATED_BEFORE_MIDPOINT,,,MLR-TECH-ABL-001,2023-09-29 00:00:00,PREVIOUSLY_EXPOSED_WINDOW,C1_OB_FVG,M1_BLOCK_TOUCH,OB_MITIGATED_BEFORE_MIDPOINT,NO_FILL,0,0,,,,TECHNICAL_ONLY_ABLATION,,,NO_FILL,QRP-MACRO-LIQUIDITY-REVERSAL-001,0,,NORMALIZED_LOW_COST,D1-20230927-BULLISH-M5-C1_OB_FVG-FVG-010973-OB-002049,0,0,,M5_C1_OB_FVG,1.5,,M5
,,False,0,OB,14572.0,14588.2,0,FVG-010973|OB-002049,14572.1,14573.1,,,HYPOTHETICAL_SCENARIO_NOT_BROKER_FACT,2023-09-27 00:00:00,2023-09-28 15:35:00,BULLISH,,,,D1-20230927-BULLISH,OB_MITIGATED_BEFORE_MIDPOINT,,,MLR-TECH-ABL-001,2023-09-29 00:00:00,PREVIOUSLY_EXPOSED_WINDOW,C1_OB_FVG,M1_BLOCK_TOUCH,OB_MITIGATED_BEFORE_MIDPOINT,NO_FILL,0,0,,,,TECHNICAL_ONLY_ABLATION,,,NO_FILL,QRP-MACRO-LIQUIDITY-REVERSAL-001,0,,NORMALIZED_MEDIUM_COST,D1-20230927-BULLISH-M5-C1_OB_FVG-FVG-010973-OB-002049,0,0,,M5_C1_OB_FVG,1.5,,M5
,,False,0,OB,14572.0,14588.2,0,FVG-010973|OB-002049,14572.1,14573.1,,,HYPOTHETICAL_SCENARIO_NOT_BROKER_FACT,2023-09-27 00:00:00,2023-09-28 15:35:00,BULLISH,,,,D1-20230927-BULLISH,OB_MITIGATED_BEFORE_MIDPOINT,,,MLR-TECH-ABL-001,2023-09-29 00:00:00,PREVIOUSLY_EXPOSED_WINDOW,C1_OB_FVG,M1_BLOCK_TOUCH,OB_MITIGATED_BEFORE_MIDPOINT,NO_FILL,0,0,,,,TECHNICAL_ONLY_ABLATION,,,NO_FILL,QRP-MACRO-LIQUIDITY-REVERSAL-001,0,,NORMALIZED_HIGH_COST,D1-20230927-BULLISH-M5-C1_OB_FVG-FVG-010973-OB-002049,0,0,,M5_C1_OB_FVG,1.5,,M5
15799.2,15803.3,False,2,OB,15797.8,15802.3,1.0,FVG-011103|OB-002077,15797.8,15800.6,15798.45,15804.05,HYPOTHETICAL_SCENARIO_NOT_BROKER_FACT,2023-11-15 00:00:00,2023-11-16 13:40:00,BEARISH,2023-11-16 15:37:00,2023-11-16 15:38:00,15799.2,D1-20231115-BEARISH,STOP,15803.3,2023-11-16 15:39:00,MLR-TECH-ABL-001,2023-11-17 00:00:00,PREVIOUSLY_EXPOSED_WINDOW,C1_OB_FVG,M1_STRICT_PENETRATION_NO_FAVORABLE_IMPROVEMENT,STRICT_M1_LIMIT_PENETRATION,FILLED,0,0,-4.1,-0.6212121212121212121212121212,0.016666666666666666,TECHNICAL_ONLY_ABLATION,-6.60,-1,LOSS_1R,QRP-MACRO-LIQUIDITY-REVERSAL-001,0,6.60,NORMALIZED_LOW_COST,D1-20231115-BEARISH-M5-C1_OB_FVG-FVG-011103-OB-002077,0.50,1,15803.3,M5_C1_OB_FVG,1.5,15789.300,M5
15799.2,15804.3,False,2,OB,15797.8,15802.3,2,FVG-011103|OB-002077,15797.8,15800.6,15797.7,15805.8,HYPOTHETICAL_SCENARIO_NOT_BROKER_FACT,2023-11-15 00:00:00,2023-11-16 13:40:00,BEARISH,2023-11-16 15:37:00,2023-11-16 15:38:00,15799.2,D1-20231115-BEARISH,STOP,15804.3,2023-11-16 15:39:00,MLR-TECH-ABL-001,2023-11-17 00:00:00,PREVIOUSLY_EXPOSED_WINDOW,C1_OB_FVG,M1_STRICT_PENETRATION_NO_FAVORABLE_IMPROVEMENT,STRICT_M1_LIMIT_PENETRATION,FILLED,0,0.0,-5.1,-0.5049504950495049504950495050,0.016666666666666666,TECHNICAL_ONLY_ABLATION,-10.1,-1,LOSS_1R,QRP-MACRO-LIQUIDITY-REVERSAL-001,0,10.1,NORMALIZED_MEDIUM_COST,D1-20231115-BEARISH-M5-C1_OB_FVG-FVG-011103-OB-002077,1.0,2,15804.3,M5_C1_OB_FVG,1.5,15784.05,M5
15799.2,15808.3,False,9,OB,15797.8,15802.3,4,FVG-011103|OB-002077,15797.8,15800.6,15794.7,15812.8,HYPOTHETICAL_SCENARIO_NOT_BROKER_FACT,2023-11-15 00:00:00,2023-11-16 13:40:00,BEARISH,2023-11-16 15:37:00,2023-11-16 15:38:00,15799.2,D1-20231115-BEARISH,STOP,15808.3,2023-11-16 15:46:00,MLR-TECH-ABL-001,2023-11-17 00:00:00,PREVIOUSLY_EXPOSED_WINDOW,C1_OB_FVG,M1_STRICT_PENETRATION_NO_FAVORABLE_IMPROVEMENT,STRICT_M1_LIMIT_PENETRATION,FILLED,0,0.00,-9.1,-0.4117647058823529411764705882,0.13333333333333333,TECHNICAL_ONLY_ABLATION,-22.10,-1.0,LOSS_1R,QRP-MACRO-LIQUIDITY-REVERSAL-001,0,22.1,NORMALIZED_HIGH_COST,D1-20231115-BEARISH-M5-C1_OB_FVG-FVG-011103-OB-002077,3.0,6,15808.3,M5_C1_OB_FVG,1.5,15766.05,M5
,,False,0,OB,15977.4,16015.9,0,FVG-011286|OB-002111,16008.8,16013.2,,,HYPOTHETICAL_SCENARIO_NOT_BROKER_FACT,2023-11-29 00:00:00,2023-11-30 16:40:00,BEARISH,,,,D1-20231129-BEARISH,MIDPOINT_NOT_STRICTLY_PENETRATED,,,MLR-TECH-ABL-001,2023-12-01 00:00:00,PREVIOUSLY_EXPOSED_WINDOW,C1_OB_FVG,M1_PATH,MIDPOINT_NOT_STRICTLY_PENETRATED,NO_FILL,0,0,,,,TECHNICAL_ONLY_ABLATION,,,NO_FILL,QRP-MACRO-LIQUIDITY-REVERSAL-001,0,,NORMALIZED_LOW_COST,D1-20231129-BEARISH-M5-C1_OB_FVG-FVG-011286-OB-002111,0,0,,M5_C1_OB_FVG,1.5,,M5
,,False,0,OB,15977.4,16015.9,0,FVG-011286|OB-002111,16008.8,16013.2,,,HYPOTHETICAL_SCENARIO_NOT_BROKER_FACT,2023-11-29 00:00:00,2023-11-30 16:40:00,BEARISH,,,,D1-20231129-BEARISH,MIDPOINT_NOT_STRICTLY_PENETRATED,,,MLR-TECH-ABL-001,2023-12-01 00:00:00,PREVIOUSLY_EXPOSED_WINDOW,C1_OB_FVG,M1_PATH,MIDPOINT_NOT_STRICTLY_PENETRATED,NO_FILL,0,0,,,,TECHNICAL_ONLY_ABLATION,,,NO_FILL,QRP-MACRO-LIQUIDITY-REVERSAL-001,0,,NORMALIZED_MEDIUM_COST,D1-20231129-BEARISH-M5-C1_OB_FVG-FVG-011286-OB-002111,0,0,,M5_C1_OB_FVG,1.5,,M5
,,False,0,OB,15977.4,16015.9,0,FVG-011286|OB-002111,16008.8,16013.2,,,HYPOTHETICAL_SCENARIO_NOT_BROKER_FACT,2023-11-29 00:00:00,2023-11-30 16:40:00,BEARISH,,,,D1-20231129-BEARISH,MIDPOINT_NOT_STRICTLY_PENETRATED,,,MLR-TECH-ABL-001,2023-12-01 00:00:00,PREVIOUSLY_EXPOSED_WINDOW,C1_OB_FVG,M1_PATH,MIDPOINT_NOT_STRICTLY_PENETRATED,NO_FILL,0,0,,,,TECHNICAL_ONLY_ABLATION,,,NO_FILL,QRP-MACRO-LIQUIDITY-REVERSAL-001,0,,NORMALIZED_HIGH_COST,D1-20231129-BEARISH-M5-C1_OB_FVG-FVG-011286-OB-002111,0,0,,M5_C1_OB_FVG,1.5,,M5
16597.9,16587.400,False,3,OB,16595.8,16601.4,1.0,FVG-011409|OB-002139,16596.2,16599.6,16597.15,16588.150,HYPOTHETICAL_SCENARIO_NOT_BROKER_FACT,2023-12-14 00:00:00,2023-12-15 14:50:00,BEARISH,2023-12-15 15:30:00,2023-12-15 15:31:00,16597.9,D1-20231214-BEARISH,TARGET_1_5R,16587.400,2023-12-15 15:33:00,MLR-TECH-ABL-001,2023-12-16 00:00:00,PREVIOUSLY_EXPOSED_WINDOW,C1_OB_FVG,M1_STRICT_PENETRATION_NO_FAVORABLE_IMPROVEMENT,STRICT_M1_LIMIT_PENETRATION,FILLED,0,0,10.500,1.5,0.03333333333333333,TECHNICAL_ONLY_ABLATION,8.000,1.142857142857142857142857143,WIN_TARGET_1_5R,QRP-MACRO-LIQUIDITY-REVERSAL-001,0,7.00,NORMALIZED_LOW_COST,D1-20231214-BEARISH-M5-C1_OB_FVG-FVG-011409-OB-002139,0.50,1,16602.4,M5_C1_OB_FVG,1.5,16587.400,M5
16597.9,16582.15,False,5,OB,16595.8,16601.4,2,FVG-011409|OB-002139,16596.2,16599.6,16596.4,16583.65,HYPOTHETICAL_SCENARIO_NOT_BROKER_FACT,2023-12-14 00:00:00,2023-12-15 14:50:00,BEARISH,2023-12-15 15:30:00,2023-12-15 15:31:00,16597.9,D1-20231214-BEARISH,TARGET_1_5R,16582.15,2023-12-15 15:35:00,MLR-TECH-ABL-001,2023-12-16 00:00:00,PREVIOUSLY_EXPOSED_WINDOW,C1_OB_FVG,M1_STRICT_PENETRATION_NO_FAVORABLE_IMPROVEMENT,STRICT_M1_LIMIT_PENETRATION,FILLED,0,0.0,15.75,1.5,0.06666666666666667,TECHNICAL_ONLY_ABLATION,10.75,1.023809523809523809523809524,WIN_TARGET_1_5R,QRP-MACRO-LIQUIDITY-REVERSAL-001,0,10.5,NORMALIZED_MEDIUM_COST,D1-20231214-BEARISH-M5-C1_OB_FVG-FVG-011409-OB-002139,1.0,2,16603.4,M5_C1_OB_FVG,1.5,16582.15,M5
16597.9,16564.15,False,10,OB,16595.8,16601.4,4,FVG-011409|OB-002139,16596.2,16599.6,16593.4,16568.65,HYPOTHETICAL_SCENARIO_NOT_BROKER_FACT,2023-12-14 00:00:00,2023-12-15 14:50:00,BEARISH,2023-12-15 15:30:00,2023-12-15 15:31:00,16597.9,D1-20231214-BEARISH,TARGET_1_5R,16564.15,2023-12-15 15:40:00,MLR-TECH-ABL-001,2023-12-16 00:00:00,PREVIOUSLY_EXPOSED_WINDOW,C1_OB_FVG,M1_STRICT_PENETRATION_NO_FAVORABLE_IMPROVEMENT,STRICT_M1_LIMIT_PENETRATION,FILLED,0,0.00,33.75,1.5,0.15,TECHNICAL_ONLY_ABLATION,20.75,0.9222222222222222222222222222,WIN_TARGET_1_5R,QRP-MACRO-LIQUIDITY-REVERSAL-001,0,22.5,NORMALIZED_HIGH_COST,D1-20231214-BEARISH-M5-C1_OB_FVG-FVG-011409-OB-002139,3.0,6,16607.4,M5_C1_OB_FVG,1.5,16564.15,M5
,,False,0,OB,17349.6,17366.9,0,FVG-011574|OB-002170,17366.3,17366.9,,,HYPOTHETICAL_SCENARIO_NOT_BROKER_FACT,2024-01-22 00:00:00,2024-01-23 16:35:00,BEARISH,,,,D1-20240122-BEARISH,OB_MITIGATED_BEFORE_MIDPOINT,,,MLR-TECH-ABL-001,2024-01-24 00:00:00,PREVIOUSLY_EXPOSED_WINDOW,C1_OB_FVG,M1_BLOCK_TOUCH,OB_MITIGATED_BEFORE_MIDPOINT,NO_FILL,0,0,,,,TECHNICAL_ONLY_ABLATION,,,NO_FILL,QRP-MACRO-LIQUIDITY-REVERSAL-001,0,,NORMALIZED_LOW_COST,D1-20240122-BEARISH-M5-C1_OB_FVG-FVG-011574-OB-002170,0,0,,M5_C1_OB_FVG,1.5,,M5
,,False,0,OB,17349.6,17366.9,0,FVG-011574|OB-002170,17366.3,17366.9,,,HYPOTHETICAL_SCENARIO_NOT_BROKER_FACT,2024-01-22 00:00:00,2024-01-23 16:35:00,BEARISH,,,,D1-20240122-BEARISH,OB_MITIGATED_BEFORE_MIDPOINT,,,MLR-TECH-ABL-001,2024-01-24 00:00:00,PREVIOUSLY_EXPOSED_WINDOW,C1_OB_FVG,M1_BLOCK_TOUCH,OB_MITIGATED_BEFORE_MIDPOINT,NO_FILL,0,0,,,,TECHNICAL_ONLY_ABLATION,,,NO_FILL,QRP-MACRO-LIQUIDITY-REVERSAL-001,0,,NORMALIZED_MEDIUM_COST,D1-20240122-BEARISH-M5-C1_OB_FVG-FVG-011574-OB-002170,0,0,,M5_C1_OB_FVG,1.5,,M5
,,False,0,OB,17349.6,17366.9,0,FVG-011574|OB-002170,17366.3,17366.9,,,HYPOTHETICAL_SCENARIO_NOT_BROKER_FACT,2024-01-22 00:00:00,2024-01-23 16:35:00,BEARISH,,,,D1-20240122-BEARISH,OB_MITIGATED_BEFORE_MIDPOINT,,,MLR-TECH-ABL-001,2024-01-24 00:00:00,PREVIOUSLY_EXPOSED_WINDOW,C1_OB_FVG,M1_BLOCK_TOUCH,OB_MITIGATED_BEFORE_MIDPOINT,NO_FILL,0,0,,,,TECHNICAL_ONLY_ABLATION,,,NO_FILL,QRP-MACRO-LIQUIDITY-REVERSAL-001,0,,NORMALIZED_HIGH_COST,D1-20240122-BEARISH-M5-C1_OB_FVG-FVG-011574-OB-002170,0,0,,M5_C1_OB_FVG,1.5,,M5
18084.3,18089.7,False,2,OB,18084.1,18088.7,1.0,FVG-011711|OB-002192,18084.1,18084.5,18083.55,18090.45,HYPOTHETICAL_SCENARIO_NOT_BROKER_FACT,2024-05-07 00:00:00,2024-05-08 14:05:00,BEARISH,2024-05-08 17:22:00,2024-05-08 17:23:00,18084.3,D1-20240507-BEARISH,STOP,18089.7,2024-05-08 17:24:00,MLR-TECH-ABL-001,2024-05-09 00:00:00,PREVIOUSLY_EXPOSED_WINDOW,C1_OB_FVG,M1_STRICT_PENETRATION_NO_FAVORABLE_IMPROVEMENT,STRICT_M1_LIMIT_PENETRATION,FILLED,0,0,-5.4,-0.6835443037974683544303797468,0.016666666666666666,TECHNICAL_ONLY_ABLATION,-7.90,-1,LOSS_1R,QRP-MACRO-LIQUIDITY-REVERSAL-001,0,7.90,NORMALIZED_LOW_COST,D1-20240507-BEARISH-M5-C1_OB_FVG-FVG-011711-OB-002192,0.50,1,18089.7,M5_C1_OB_FVG,1.5,18072.450,M5
18084.3,18090.7,False,2,OB,18084.1,18088.7,2,FVG-011711|OB-002192,18084.1,18084.5,18082.8,18092.2,HYPOTHETICAL_SCENARIO_NOT_BROKER_FACT,2024-05-07 00:00:00,2024-05-08 14:05:00,BEARISH,2024-05-08 17:22:00,2024-05-08 17:23:00,18084.3,D1-20240507-BEARISH,STOP,18090.7,2024-05-08 17:24:00,MLR-TECH-ABL-001,2024-05-09 00:00:00,PREVIOUSLY_EXPOSED_WINDOW,C1_OB_FVG,M1_STRICT_PENETRATION_NO_FAVORABLE_IMPROVEMENT,STRICT_M1_LIMIT_PENETRATION,FILLED,0,0.0,-6.4,-0.5614035087719298245614035088,0.016666666666666666,TECHNICAL_ONLY_ABLATION,-11.4,-1,LOSS_1R,QRP-MACRO-LIQUIDITY-REVERSAL-001,0,11.4,NORMALIZED_MEDIUM_COST,D1-20240507-BEARISH-M5-C1_OB_FVG-FVG-011711-OB-002192,1.0,2,18090.7,M5_C1_OB_FVG,1.5,18067.20,M5
18084.3,18094.7,False,3,OB,18084.1,18088.7,4,FVG-011711|OB-002192,18084.1,18084.5,18079.8,18099.2,HYPOTHETICAL_SCENARIO_NOT_BROKER_FACT,2024-05-07 00:00:00,2024-05-08 14:05:00,BEARISH,2024-05-08 17:22:00,2024-05-08 17:23:00,18084.3,D1-20240507-BEARISH,STOP,18094.7,2024-05-08 17:25:00,MLR-TECH-ABL-001,2024-05-09 00:00:00,PREVIOUSLY_EXPOSED_WINDOW,C1_OB_FVG,M1_STRICT_PENETRATION_NO_FAVORABLE_IMPROVEMENT,STRICT_M1_LIMIT_PENETRATION,FILLED,0,0.00,-10.4,-0.4444444444444444444444444444,0.03333333333333333,TECHNICAL_ONLY_ABLATION,-23.40,-1.0,LOSS_1R,QRP-MACRO-LIQUIDITY-REVERSAL-001,0,23.4,NORMALIZED_HIGH_COST,D1-20240507-BEARISH-M5-C1_OB_FVG-FVG-011711-OB-002192,3.0,6,18094.7,M5_C1_OB_FVG,1.5,18049.20,M5
,,False,0,OB,18561.6,18564.8,0,FVG-011922|OB-002239,18564.4,18564.8,,,HYPOTHETICAL_SCENARIO_NOT_BROKER_FACT,2024-05-16 00:00:00,2024-05-17 05:55:00,BEARISH,,,,D1-20240516-BEARISH,OB_MITIGATED_BEFORE_MIDPOINT,,,MLR-TECH-ABL-001,2024-05-18 00:00:00,PREVIOUSLY_EXPOSED_WINDOW,C1_OB_FVG,M1_BLOCK_TOUCH,OB_MITIGATED_BEFORE_MIDPOINT,NO_FILL,0,0,,,,TECHNICAL_ONLY_ABLATION,,,NO_FILL,QRP-MACRO-LIQUIDITY-REVERSAL-001,0,,NORMALIZED_LOW_COST,D1-20240516-BEARISH-M5-C1_OB_FVG-FVG-011922-OB-002239,0,0,,M5_C1_OB_FVG,1.5,,M5
,,False,0,OB,18561.6,18564.8,0,FVG-011922|OB-002239,18564.4,18564.8,,,HYPOTHETICAL_SCENARIO_NOT_BROKER_FACT,2024-05-16 00:00:00,2024-05-17 05:55:00,BEARISH,,,,D1-20240516-BEARISH,OB_MITIGATED_BEFORE_MIDPOINT,,,MLR-TECH-ABL-001,2024-05-18 00:00:00,PREVIOUSLY_EXPOSED_WINDOW,C1_OB_FVG,M1_BLOCK_TOUCH,OB_MITIGATED_BEFORE_MIDPOINT,NO_FILL,0,0,,,,TECHNICAL_ONLY_ABLATION,,,NO_FILL,QRP-MACRO-LIQUIDITY-REVERSAL-001,0,,NORMALIZED_MEDIUM_COST,D1-20240516-BEARISH-M5-C1_OB_FVG-FVG-011922-OB-002239,0,0,,M5_C1_OB_FVG,1.5,,M5
,,False,0,OB,18561.6,18564.8,0,FVG-011922|OB-002239,18564.4,18564.8,,,HYPOTHETICAL_SCENARIO_NOT_BROKER_FACT,2024-05-16 00:00:00,2024-05-17 05:55:00,BEARISH,,,,D1-20240516-BEARISH,OB_MITIGATED_BEFORE_MIDPOINT,,,MLR-TECH-ABL-001,2024-05-18 00:00:00,PREVIOUSLY_EXPOSED_WINDOW,C1_OB_FVG,M1_BLOCK_TOUCH,OB_MITIGATED_BEFORE_MIDPOINT,NO_FILL,0,0,,,,TECHNICAL_ONLY_ABLATION,,,NO_FILL,QRP-MACRO-LIQUIDITY-REVERSAL-001,0,,NORMALIZED_HIGH_COST,D1-20240516-BEARISH-M5-C1_OB_FVG-FVG-011922-OB-002239,0,0,,M5_C1_OB_FVG,1.5,,M5
,,False,0,OB,19954.9,19957.9,0,FVG-012102|OB-002269,19954.9,19955.7,,,HYPOTHETICAL_SCENARIO_NOT_BROKER_FACT,2024-06-18 00:00:00,2024-06-19 19:15:00,BEARISH,,,,D1-20240618-BEARISH,MIDPOINT_NOT_STRICTLY_PENETRATED,,,MLR-TECH-ABL-001,2024-06-20 00:00:00,PREVIOUSLY_EXPOSED_WINDOW,C1_OB_FVG,M1_PATH,MIDPOINT_NOT_STRICTLY_PENETRATED,NO_FILL,0,0,,,,TECHNICAL_ONLY_ABLATION,,,NO_FILL,QRP-MACRO-LIQUIDITY-REVERSAL-001,0,,NORMALIZED_LOW_COST,D1-20240618-BEARISH-M5-C1_OB_FVG-FVG-012102-OB-002269,0,0,,M5_C1_OB_FVG,1.5,,M5
,,False,0,OB,19954.9,19957.9,0,FVG-012102|OB-002269,19954.9,19955.7,,,HYPOTHETICAL_SCENARIO_NOT_BROKER_FACT,2024-06-18 00:00:00,2024-06-19 19:15:00,BEARISH,,,,D1-20240618-BEARISH,MIDPOINT_NOT_STRICTLY_PENETRATED,,,MLR-TECH-ABL-001,2024-06-20 00:00:00,PREVIOUSLY_EXPOSED_WINDOW,C1_OB_FVG,M1_PATH,MIDPOINT_NOT_STRICTLY_PENETRATED,NO_FILL,0,0,,,,TECHNICAL_ONLY_ABLATION,,,NO_FILL,QRP-MACRO-LIQUIDITY-REVERSAL-001,0,,NORMALIZED_MEDIUM_COST,D1-20240618-BEARISH-M5-C1_OB_FVG-FVG-012102-OB-002269,0,0,,M5_C1_OB_FVG,1.5,,M5
,,False,0,OB,19954.9,19957.9,0,FVG-012102|OB-002269,19954.9,19955.7,,,HYPOTHETICAL_SCENARIO_NOT_BROKER_FACT,2024-06-18 00:00:00,2024-06-19 19:15:00,BEARISH,,,,D1-20240618-BEARISH,MIDPOINT_NOT_STRICTLY_PENETRATED,,,MLR-TECH-ABL-001,2024-06-20 00:00:00,PREVIOUSLY_EXPOSED_WINDOW,C1_OB_FVG,M1_PATH,MIDPOINT_NOT_STRICTLY_PENETRATED,NO_FILL,0,0,,,,TECHNICAL_ONLY_ABLATION,,,NO_FILL,QRP-MACRO-LIQUIDITY-REVERSAL-001,0,,NORMALIZED_HIGH_COST,D1-20240618-BEARISH-M5-C1_OB_FVG-FVG-012102-OB-002269,0,0,,M5_C1_OB_FVG,1.5,,M5
,,False,0,OB,19667.9,19670.6,0,FVG-012270|OB-002299,19667.9,19669.7,,,HYPOTHETICAL_SCENARIO_NOT_BROKER_FACT,2024-06-26 00:00:00,2024-06-27 06:50:00,BEARISH,,,,D1-20240626-BEARISH,OB_MITIGATED_BEFORE_MIDPOINT,,,MLR-TECH-ABL-001,2024-06-28 00:00:00,PREVIOUSLY_EXPOSED_WINDOW,C1_OB_FVG,M1_BLOCK_TOUCH,OB_MITIGATED_BEFORE_MIDPOINT,NO_FILL,0,0,,,,TECHNICAL_ONLY_ABLATION,,,NO_FILL,QRP-MACRO-LIQUIDITY-REVERSAL-001,0,,NORMALIZED_LOW_COST,D1-20240626-BEARISH-M5-C1_OB_FVG-FVG-012270-OB-002299,0,0,,M5_C1_OB_FVG,1.5,,M5
,,False,0,OB,19667.9,19670.6,0,FVG-012270|OB-002299,19667.9,19669.7,,,HYPOTHETICAL_SCENARIO_NOT_BROKER_FACT,2024-06-26 00:00:00,2024-06-27 06:50:00,BEARISH,,,,D1-20240626-BEARISH,OB_MITIGATED_BEFORE_MIDPOINT,,,MLR-TECH-ABL-001,2024-06-28 00:00:00,PREVIOUSLY_EXPOSED_WINDOW,C1_OB_FVG,M1_BLOCK_TOUCH,OB_MITIGATED_BEFORE_MIDPOINT,NO_FILL,0,0,,,,TECHNICAL_ONLY_ABLATION,,,NO_FILL,QRP-MACRO-LIQUIDITY-REVERSAL-001,0,,NORMALIZED_MEDIUM_COST,D1-20240626-BEARISH-M5-C1_OB_FVG-FVG-012270-OB-002299,0,0,,M5_C1_OB_FVG,1.5,,M5
,,False,0,OB,19667.9,19670.6,0,FVG-012270|OB-002299,19667.9,19669.7,,,HYPOTHETICAL_SCENARIO_NOT_BROKER_FACT,2024-06-26 00:00:00,2024-06-27 06:50:00,BEARISH,,,,D1-20240626-BEARISH,OB_MITIGATED_BEFORE_MIDPOINT,,,MLR-TECH-ABL-001,2024-06-28 00:00:00,PREVIOUSLY_EXPOSED_WINDOW,C1_OB_FVG,M1_BLOCK_TOUCH,OB_MITIGATED_BEFORE_MIDPOINT,NO_FILL,0,0,,,,TECHNICAL_ONLY_ABLATION,,,NO_FILL,QRP-MACRO-LIQUIDITY-REVERSAL-001,0,,NORMALIZED_HIGH_COST,D1-20240626-BEARISH-M5-C1_OB_FVG-FVG-012270-OB-002299,0,0,,M5_C1_OB_FVG,1.5,,M5
,,False,0,OB,21202.9,21208.4,0,FVG-012469|OB-002339,21205.7,21208.4,,,HYPOTHETICAL_SCENARIO_NOT_BROKER_FACT,2024-11-08 00:00:00,2024-11-11 02:40:00,BEARISH,,,,D1-20241108-BEARISH,OB_MITIGATED_BEFORE_MIDPOINT,,,MLR-TECH-ABL-001,2024-11-12 00:00:00,PREVIOUSLY_EXPOSED_WINDOW,C1_OB_FVG,M1_BLOCK_TOUCH,OB_MITIGATED_BEFORE_MIDPOINT,NO_FILL,0,0,,,,TECHNICAL_ONLY_ABLATION,,,NO_FILL,QRP-MACRO-LIQUIDITY-REVERSAL-001,0,,NORMALIZED_LOW_COST,D1-20241108-BEARISH-M5-C1_OB_FVG-FVG-012469-OB-002339,0,0,,M5_C1_OB_FVG,1.5,,M5
,,False,0,OB,21202.9,21208.4,0,FVG-012469|OB-002339,21205.7,21208.4,,,HYPOTHETICAL_SCENARIO_NOT_BROKER_FACT,2024-11-08 00:00:00,2024-11-11 02:40:00,BEARISH,,,,D1-20241108-BEARISH,OB_MITIGATED_BEFORE_MIDPOINT,,,MLR-TECH-ABL-001,2024-11-12 00:00:00,PREVIOUSLY_EXPOSED_WINDOW,C1_OB_FVG,M1_BLOCK_TOUCH,OB_MITIGATED_BEFORE_MIDPOINT,NO_FILL,0,0,,,,TECHNICAL_ONLY_ABLATION,,,NO_FILL,QRP-MACRO-LIQUIDITY-REVERSAL-001,0,,NORMALIZED_MEDIUM_COST,D1-20241108-BEARISH-M5-C1_OB_FVG-FVG-012469-OB-002339,0,0,,M5_C1_OB_FVG,1.5,,M5
,,False,0,OB,21202.9,21208.4,0,FVG-012469|OB-002339,21205.7,21208.4,,,HYPOTHETICAL_SCENARIO_NOT_BROKER_FACT,2024-11-08 00:00:00,2024-11-11 02:40:00,BEARISH,,,,D1-20241108-BEARISH,OB_MITIGATED_BEFORE_MIDPOINT,,,MLR-TECH-ABL-001,2024-11-12 00:00:00,PREVIOUSLY_EXPOSED_WINDOW,C1_OB_FVG,M1_BLOCK_TOUCH,OB_MITIGATED_BEFORE_MIDPOINT,NO_FILL,0,0,,,,TECHNICAL_ONLY_ABLATION,,,NO_FILL,QRP-MACRO-LIQUIDITY-REVERSAL-001,0,,NORMALIZED_HIGH_COST,D1-20241108-BEARISH-M5-C1_OB_FVG-FVG-012469-OB-002339,0,0,,M5_C1_OB_FVG,1.5,,M5
,,False,0,OB,20634.8,20643.4,0,FVG-012663|OB-002376,20636.7,20643.4,,,HYPOTHETICAL_SCENARIO_NOT_BROKER_FACT,2024-11-20 00:00:00,2024-11-21 02:35:00,BEARISH,,,,D1-20241120-BEARISH,OB_MITIGATED_BEFORE_MIDPOINT,,,MLR-TECH-ABL-001,2024-11-22 00:00:00,PREVIOUSLY_EXPOSED_WINDOW,C1_OB_FVG,M1_BLOCK_TOUCH,OB_MITIGATED_BEFORE_MIDPOINT,NO_FILL,0,0,,,,TECHNICAL_ONLY_ABLATION,,,NO_FILL,QRP-MACRO-LIQUIDITY-REVERSAL-001,0,,NORMALIZED_LOW_COST,D1-20241120-BEARISH-M5-C1_OB_FVG-FVG-012663-OB-002376,0,0,,M5_C1_OB_FVG,1.5,,M5
,,False,0,OB,20634.8,20643.4,0,FVG-012663|OB-002376,20636.7,20643.4,,,HYPOTHETICAL_SCENARIO_NOT_BROKER_FACT,2024-11-20 00:00:00,2024-11-21 02:35:00,BEARISH,,,,D1-20241120-BEARISH,OB_MITIGATED_BEFORE_MIDPOINT,,,MLR-TECH-ABL-001,2024-11-22 00:00:00,PREVIOUSLY_EXPOSED_WINDOW,C1_OB_FVG,M1_BLOCK_TOUCH,OB_MITIGATED_BEFORE_MIDPOINT,NO_FILL,0,0,,,,TECHNICAL_ONLY_ABLATION,,,NO_FILL,QRP-MACRO-LIQUIDITY-REVERSAL-001,0,,NORMALIZED_MEDIUM_COST,D1-20241120-BEARISH-M5-C1_OB_FVG-FVG-012663-OB-002376,0,0,,M5_C1_OB_FVG,1.5,,M5
,,False,0,OB,20634.8,20643.4,0,FVG-012663|OB-002376,20636.7,20643.4,,,HYPOTHETICAL_SCENARIO_NOT_BROKER_FACT,2024-11-20 00:00:00,2024-11-21 02:35:00,BEARISH,,,,D1-20241120-BEARISH,OB_MITIGATED_BEFORE_MIDPOINT,,,MLR-TECH-ABL-001,2024-11-22 00:00:00,PREVIOUSLY_EXPOSED_WINDOW,C1_OB_FVG,M1_BLOCK_TOUCH,OB_MITIGATED_BEFORE_MIDPOINT,NO_FILL,0,0,,,,TECHNICAL_ONLY_ABLATION,,,NO_FILL,QRP-MACRO-LIQUIDITY-REVERSAL-001,0,,NORMALIZED_HIGH_COST,D1-20241120-BEARISH-M5-C1_OB_FVG-FVG-012663-OB-002376,0,0,,M5_C1_OB_FVG,1.5,,M5
,,False,0,OB,21612.4,21624.4,0,FVG-012869|OB-002412,21617.0,21622.6,,,HYPOTHETICAL_SCENARIO_NOT_BROKER_FACT,2024-12-05 00:00:00,2024-12-06 21:15:00,BEARISH,,,,D1-20241205-BEARISH,OB_MITIGATED_BEFORE_MIDPOINT,,,MLR-TECH-ABL-001,2024-12-07 00:00:00,PREVIOUSLY_EXPOSED_WINDOW,C1_OB_FVG,M1_BLOCK_TOUCH,OB_MITIGATED_BEFORE_MIDPOINT,NO_FILL,0,0,,,,TECHNICAL_ONLY_ABLATION,,,NO_FILL,QRP-MACRO-LIQUIDITY-REVERSAL-001,0,,NORMALIZED_LOW_COST,D1-20241205-BEARISH-M5-C1_OB_FVG-FVG-012869-OB-002412,0,0,,M5_C1_OB_FVG,1.5,,M5
,,False,0,OB,21612.4,21624.4,0,FVG-012869|OB-002412,21617.0,21622.6,,,HYPOTHETICAL_SCENARIO_NOT_BROKER_FACT,2024-12-05 00:00:00,2024-12-06 21:15:00,BEARISH,,,,D1-20241205-BEARISH,OB_MITIGATED_BEFORE_MIDPOINT,,,MLR-TECH-ABL-001,2024-12-07 00:00:00,PREVIOUSLY_EXPOSED_WINDOW,C1_OB_FVG,M1_BLOCK_TOUCH,OB_MITIGATED_BEFORE_MIDPOINT,NO_FILL,0,0,,,,TECHNICAL_ONLY_ABLATION,,,NO_FILL,QRP-MACRO-LIQUIDITY-REVERSAL-001,0,,NORMALIZED_MEDIUM_COST,D1-20241205-BEARISH-M5-C1_OB_FVG-FVG-012869-OB-002412,0,0,,M5_C1_OB_FVG,1.5,,M5
,,False,0,OB,21612.4,21624.4,0,FVG-012869|OB-002412,21617.0,21622.6,,,HYPOTHETICAL_SCENARIO_NOT_BROKER_FACT,2024-12-05 00:00:00,2024-12-06 21:15:00,BEARISH,,,,D1-20241205-BEARISH,OB_MITIGATED_BEFORE_MIDPOINT,,,MLR-TECH-ABL-001,2024-12-07 00:00:00,PREVIOUSLY_EXPOSED_WINDOW,C1_OB_FVG,M1_BLOCK_TOUCH,OB_MITIGATED_BEFORE_MIDPOINT,NO_FILL,0,0,,,,TECHNICAL_ONLY_ABLATION,,,NO_FILL,QRP-MACRO-LIQUIDITY-REVERSAL-001,0,,NORMALIZED_HIGH_COST,D1-20241205-BEARISH-M5-C1_OB_FVG-FVG-012869-OB-002412,0,0,,M5_C1_OB_FVG,1.5,,M5
,,False,0,OB,21479.4,21488.8,0,FVG-012976|OB-002438,21484.6,21486.2,,,HYPOTHETICAL_SCENARIO_NOT_BROKER_FACT,2025-01-29 00:00:00,2025-01-30 09:05:00,BEARISH,,,,D1-20250129-BEARISH,OB_MITIGATED_BEFORE_MIDPOINT,,,MLR-TECH-ABL-001,2025-01-31 00:00:00,PREVIOUSLY_EXPOSED_WINDOW,C1_OB_FVG,M1_BLOCK_TOUCH,OB_MITIGATED_BEFORE_MIDPOINT,NO_FILL,0,0,,,,TECHNICAL_ONLY_ABLATION,,,NO_FILL,QRP-MACRO-LIQUIDITY-REVERSAL-001,0,,NORMALIZED_LOW_COST,D1-20250129-BEARISH-M5-C1_OB_FVG-FVG-012976-OB-002438,0,0,,M5_C1_OB_FVG,1.5,,M5
,,False,0,OB,21479.4,21488.8,0,FVG-012976|OB-002438,21484.6,21486.2,,,HYPOTHETICAL_SCENARIO_NOT_BROKER_FACT,2025-01-29 00:00:00,2025-01-30 09:05:00,BEARISH,,,,D1-20250129-BEARISH,OB_MITIGATED_BEFORE_MIDPOINT,,,MLR-TECH-ABL-001,2025-01-31 00:00:00,PREVIOUSLY_EXPOSED_WINDOW,C1_OB_FVG,M1_BLOCK_TOUCH,OB_MITIGATED_BEFORE_MIDPOINT,NO_FILL,0,0,,,,TECHNICAL_ONLY_ABLATION,,,NO_FILL,QRP-MACRO-LIQUIDITY-REVERSAL-001,0,,NORMALIZED_MEDIUM_COST,D1-20250129-BEARISH-M5-C1_OB_FVG-FVG-012976-OB-002438,0,0,,M5_C1_OB_FVG,1.5,,M5
,,False,0,OB,21479.4,21488.8,0,FVG-012976|OB-002438,21484.6,21486.2,,,HYPOTHETICAL_SCENARIO_NOT_BROKER_FACT,2025-01-29 00:00:00,2025-01-30 09:05:00,BEARISH,,,,D1-20250129-BEARISH,OB_MITIGATED_BEFORE_MIDPOINT,,,MLR-TECH-ABL-001,2025-01-31 00:00:00,PREVIOUSLY_EXPOSED_WINDOW,C1_OB_FVG,M1_BLOCK_TOUCH,OB_MITIGATED_BEFORE_MIDPOINT,NO_FILL,0,0,,,,TECHNICAL_ONLY_ABLATION,,,NO_FILL,QRP-MACRO-LIQUIDITY-REVERSAL-001,0,,NORMALIZED_HIGH_COST,D1-20250129-BEARISH-M5-C1_OB_FVG-FVG-012976-OB-002438,0,0,,M5_C1_OB_FVG,1.5,,M5
,,False,0,OB,20427.6,20458.4,0,FVG-013126|OB-002467,20453.6,20458.4,,,HYPOTHETICAL_SCENARIO_NOT_BROKER_FACT,2025-03-04 00:00:00,2025-03-05 05:15:00,BULLISH,,,,D1-20250304-BULLISH,OB_MITIGATED_BEFORE_MIDPOINT,,,MLR-TECH-ABL-001,2025-03-06 00:00:00,PREVIOUSLY_EXPOSED_WINDOW,C1_OB_FVG,M1_BLOCK_TOUCH,OB_MITIGATED_BEFORE_MIDPOINT,NO_FILL,0,0,,,,TECHNICAL_ONLY_ABLATION,,,NO_FILL,QRP-MACRO-LIQUIDITY-REVERSAL-001,0,,NORMALIZED_LOW_COST,D1-20250304-BULLISH-M5-C1_OB_FVG-FVG-013126-OB-002467,0,0,,M5_C1_OB_FVG,1.5,,M5
,,False,0,OB,20427.6,20458.4,0,FVG-013126|OB-002467,20453.6,20458.4,,,HYPOTHETICAL_SCENARIO_NOT_BROKER_FACT,2025-03-04 00:00:00,2025-03-05 05:15:00,BULLISH,,,,D1-20250304-BULLISH,OB_MITIGATED_BEFORE_MIDPOINT,,,MLR-TECH-ABL-001,2025-03-06 00:00:00,PREVIOUSLY_EXPOSED_WINDOW,C1_OB_FVG,M1_BLOCK_TOUCH,OB_MITIGATED_BEFORE_MIDPOINT,NO_FILL,0,0,,,,TECHNICAL_ONLY_ABLATION,,,NO_FILL,QRP-MACRO-LIQUIDITY-REVERSAL-001,0,,NORMALIZED_MEDIUM_COST,D1-20250304-BULLISH-M5-C1_OB_FVG-FVG-013126-OB-002467,0,0,,M5_C1_OB_FVG,1.5,,M5
,,False,0,OB,20427.6,20458.4,0,FVG-013126|OB-002467,20453.6,20458.4,,,HYPOTHETICAL_SCENARIO_NOT_BROKER_FACT,2025-03-04 00:00:00,2025-03-05 05:15:00,BULLISH,,,,D1-20250304-BULLISH,OB_MITIGATED_BEFORE_MIDPOINT,,,MLR-TECH-ABL-001,2025-03-06 00:00:00,PREVIOUSLY_EXPOSED_WINDOW,C1_OB_FVG,M1_BLOCK_TOUCH,OB_MITIGATED_BEFORE_MIDPOINT,NO_FILL,0,0,,,,TECHNICAL_ONLY_ABLATION,,,NO_FILL,QRP-MACRO-LIQUIDITY-REVERSAL-001,0,,NORMALIZED_HIGH_COST,D1-20250304-BULLISH-M5-C1_OB_FVG-FVG-013126-OB-002467,0,0,,M5_C1_OB_FVG,1.5,,M5
21322.45,21328.2,False,8,OB,21322.2,21327.2,1.0,FVG-013330|OB-002503,21322.2,21322.7,21321.70,21328.95,HYPOTHETICAL_SCENARIO_NOT_BROKER_FACT,2025-05-15 00:00:00,2025-05-16 03:50:00,BEARISH,2025-05-16 05:30:00,2025-05-16 05:31:00,21322.45,D1-20250515-BEARISH,STOP,21328.2,2025-05-16 05:38:00,MLR-TECH-ABL-001,2025-05-17 00:00:00,PREVIOUSLY_EXPOSED_WINDOW,C1_OB_FVG,M1_STRICT_PENETRATION_NO_FAVORABLE_IMPROVEMENT,STRICT_M1_LIMIT_PENETRATION,FILLED,0,0,-5.75,-0.6969696969696969696969696970,0.11666666666666667,TECHNICAL_ONLY_ABLATION,-8.25,-1,LOSS_1R,QRP-MACRO-LIQUIDITY-REVERSAL-001,0,8.25,NORMALIZED_LOW_COST,D1-20250515-BEARISH-M5-C1_OB_FVG-FVG-013330-OB-002503,0.50,1,21328.2,M5_C1_OB_FVG,1.5,21310.075,M5
21322.45,21329.2,False,8,OB,21322.2,21327.2,2,FVG-013330|OB-002503,21322.2,21322.7,21320.95,21330.7,HYPOTHETICAL_SCENARIO_NOT_BROKER_FACT,2025-05-15 00:00:00,2025-05-16 03:50:00,BEARISH,2025-05-16 05:30:00,2025-05-16 05:31:00,21322.45,D1-20250515-BEARISH,STOP,21329.2,2025-05-16 05:38:00,MLR-TECH-ABL-001,2025-05-17 00:00:00,PREVIOUSLY_EXPOSED_WINDOW,C1_OB_FVG,M1_STRICT_PENETRATION_NO_FAVORABLE_IMPROVEMENT,STRICT_M1_LIMIT_PENETRATION,FILLED,0,0.0,-6.75,-0.5744680851063829787234042553,0.11666666666666667,TECHNICAL_ONLY_ABLATION,-11.75,-1,LOSS_1R,QRP-MACRO-LIQUIDITY-REVERSAL-001,0,11.75,NORMALIZED_MEDIUM_COST,D1-20250515-BEARISH-M5-C1_OB_FVG-FVG-013330-OB-002503,1.0,2,21329.2,M5_C1_OB_FVG,1.5,21304.825,M5
21322.45,21333.2,False,63,OB,21322.2,21327.2,4,FVG-013330|OB-002503,21322.2,21322.7,21317.95,21337.7,HYPOTHETICAL_SCENARIO_NOT_BROKER_FACT,2025-05-15 00:00:00,2025-05-16 03:50:00,BEARISH,2025-05-16 05:30:00,2025-05-16 05:31:00,21322.45,D1-20250515-BEARISH,STOP,21333.2,2025-05-16 06:33:00,MLR-TECH-ABL-001,2025-05-17 00:00:00,PREVIOUSLY_EXPOSED_WINDOW,C1_OB_FVG,M1_STRICT_PENETRATION_NO_FAVORABLE_IMPROVEMENT,STRICT_M1_LIMIT_PENETRATION,FILLED,0,0.00,-10.75,-0.4526315789473684210526315789,1.0333333333333334,TECHNICAL_ONLY_ABLATION,-23.75,-1,LOSS_1R,QRP-MACRO-LIQUIDITY-REVERSAL-001,0,23.75,NORMALIZED_HIGH_COST,D1-20250515-BEARISH-M5-C1_OB_FVG-FVG-013330-OB-002503,3.0,6,21333.2,M5_C1_OB_FVG,1.5,21286.825,M5
,,False,0,OB,21714.5,21717.3,0,FVG-013543|OB-002539,21714.5,21715.7,,,HYPOTHETICAL_SCENARIO_NOT_BROKER_FACT,2025-06-04 00:00:00,2025-06-05 08:05:00,BEARISH,,,,D1-20250604-BEARISH,OB_MITIGATED_BEFORE_MIDPOINT,,,MLR-TECH-ABL-001,2025-06-06 00:00:00,PREVIOUSLY_EXPOSED_WINDOW,C1_OB_FVG,M1_BLOCK_TOUCH,OB_MITIGATED_BEFORE_MIDPOINT,NO_FILL,0,0,,,,TECHNICAL_ONLY_ABLATION,,,NO_FILL,QRP-MACRO-LIQUIDITY-REVERSAL-001,0,,NORMALIZED_LOW_COST,D1-20250604-BEARISH-M5-C1_OB_FVG-FVG-013543-OB-002539,0,0,,M5_C1_OB_FVG,1.5,,M5
,,False,0,OB,21714.5,21717.3,0,FVG-013543|OB-002539,21714.5,21715.7,,,HYPOTHETICAL_SCENARIO_NOT_BROKER_FACT,2025-06-04 00:00:00,2025-06-05 08:05:00,BEARISH,,,,D1-20250604-BEARISH,OB_MITIGATED_BEFORE_MIDPOINT,,,MLR-TECH-ABL-001,2025-06-06 00:00:00,PREVIOUSLY_EXPOSED_WINDOW,C1_OB_FVG,M1_BLOCK_TOUCH,OB_MITIGATED_BEFORE_MIDPOINT,NO_FILL,0,0,,,,TECHNICAL_ONLY_ABLATION,,,NO_FILL,QRP-MACRO-LIQUIDITY-REVERSAL-001,0,,NORMALIZED_MEDIUM_COST,D1-20250604-BEARISH-M5-C1_OB_FVG-FVG-013543-OB-002539,0,0,,M5_C1_OB_FVG,1.5,,M5
,,False,0,OB,21714.5,21717.3,0,FVG-013543|OB-002539,21714.5,21715.7,,,HYPOTHETICAL_SCENARIO_NOT_BROKER_FACT,2025-06-04 00:00:00,2025-06-05 08:05:00,BEARISH,,,,D1-20250604-BEARISH,OB_MITIGATED_BEFORE_MIDPOINT,,,MLR-TECH-ABL-001,2025-06-06 00:00:00,PREVIOUSLY_EXPOSED_WINDOW,C1_OB_FVG,M1_BLOCK_TOUCH,OB_MITIGATED_BEFORE_MIDPOINT,NO_FILL,0,0,,,,TECHNICAL_ONLY_ABLATION,,,NO_FILL,QRP-MACRO-LIQUIDITY-REVERSAL-001,0,,NORMALIZED_HIGH_COST,D1-20250604-BEARISH-M5-C1_OB_FVG-FVG-013543-OB-002539,0,0,,M5_C1_OB_FVG,1.5,,M5
21810.05,21815.9,False,5,OB,21809.6,21814.9,1.0,FVG-013765|OB-002584,21809.6,21810.5,21809.30,21816.65,HYPOTHETICAL_SCENARIO_NOT_BROKER_FACT,2025-06-09 00:00:00,2025-06-10 03:05:00,BEARISH,2025-06-10 03:22:00,2025-06-10 03:23:00,21810.05,D1-20250609-BEARISH,STOP,21815.9,2025-06-10 03:27:00,MLR-TECH-ABL-001,2025-06-11 00:00:00,PREVIOUSLY_EXPOSED_WINDOW,C1_OB_FVG,M1_STRICT_PENETRATION_NO_FAVORABLE_IMPROVEMENT,STRICT_M1_LIMIT_PENETRATION,FILLED,0,0,-5.85,-0.7005988023952095808383233533,0.06666666666666667,TECHNICAL_ONLY_ABLATION,-8.35,-1,LOSS_1R,QRP-MACRO-LIQUIDITY-REVERSAL-001,0,8.35,NORMALIZED_LOW_COST,D1-20250609-BEARISH-M5-C1_OB_FVG-FVG-013765-OB-002584,0.50,1,21815.9,M5_C1_OB_FVG,1.5,21797.525,M5
21810.05,21816.9,False,7,OB,21809.6,21814.9,2,FVG-013765|OB-002584,21809.6,21810.5,21808.55,21818.4,HYPOTHETICAL_SCENARIO_NOT_BROKER_FACT,2025-06-09 00:00:00,2025-06-10 03:05:00,BEARISH,2025-06-10 03:22:00,2025-06-10 03:23:00,21810.05,D1-20250609-BEARISH,STOP,21816.9,2025-06-10 03:29:00,MLR-TECH-ABL-001,2025-06-11 00:00:00,PREVIOUSLY_EXPOSED_WINDOW,C1_OB_FVG,M1_STRICT_PENETRATION_NO_FAVORABLE_IMPROVEMENT,STRICT_M1_LIMIT_PENETRATION,FILLED,0,0.0,-6.85,-0.5780590717299578059071729958,0.1,TECHNICAL_ONLY_ABLATION,-11.85,-1,LOSS_1R,QRP-MACRO-LIQUIDITY-REVERSAL-001,0,11.85,NORMALIZED_MEDIUM_COST,D1-20250609-BEARISH-M5-C1_OB_FVG-FVG-013765-OB-002584,1.0,2,21816.9,M5_C1_OB_FVG,1.5,21792.275,M5
21810.05,21820.9,False,7,OB,21809.6,21814.9,4,FVG-013765|OB-002584,21809.6,21810.5,21805.55,21825.4,HYPOTHETICAL_SCENARIO_NOT_BROKER_FACT,2025-06-09 00:00:00,2025-06-10 03:05:00,BEARISH,2025-06-10 03:22:00,2025-06-10 03:23:00,21810.05,D1-20250609-BEARISH,STOP,21820.9,2025-06-10 03:29:00,MLR-TECH-ABL-001,2025-06-11 00:00:00,PREVIOUSLY_EXPOSED_WINDOW,C1_OB_FVG,M1_STRICT_PENETRATION_NO_FAVORABLE_IMPROVEMENT,STRICT_M1_LIMIT_PENETRATION,FILLED,0,0.00,-10.85,-0.4549266247379454926624737945,0.1,TECHNICAL_ONLY_ABLATION,-23.85,-1,LOSS_1R,QRP-MACRO-LIQUIDITY-REVERSAL-001,0,23.85,NORMALIZED_HIGH_COST,D1-20250609-BEARISH-M5-C1_OB_FVG-FVG-013765-OB-002584,3.0,6,21820.9,M5_C1_OB_FVG,1.5,21774.275,M5
,,False,0,OB,22851.1,22861.9,0,FVG-013947|OB-002623,22852.2,22861.3,,,HYPOTHETICAL_SCENARIO_NOT_BROKER_FACT,2025-07-15 00:00:00,2025-07-16 01:35:00,BEARISH,,,,D1-20250715-BEARISH,OB_MITIGATED_BEFORE_MIDPOINT,,,MLR-TECH-ABL-001,2025-07-17 00:00:00,PREVIOUSLY_EXPOSED_WINDOW,C1_OB_FVG,M1_BLOCK_TOUCH,OB_MITIGATED_BEFORE_MIDPOINT,NO_FILL,0,0,,,,TECHNICAL_ONLY_ABLATION,,,NO_FILL,QRP-MACRO-LIQUIDITY-REVERSAL-001,0,,NORMALIZED_LOW_COST,D1-20250715-BEARISH-M5-C1_OB_FVG-FVG-013947-OB-002623,0,0,,M5_C1_OB_FVG,1.5,,M5
,,False,0,OB,22851.1,22861.9,0,FVG-013947|OB-002623,22852.2,22861.3,,,HYPOTHETICAL_SCENARIO_NOT_BROKER_FACT,2025-07-15 00:00:00,2025-07-16 01:35:00,BEARISH,,,,D1-20250715-BEARISH,OB_MITIGATED_BEFORE_MIDPOINT,,,MLR-TECH-ABL-001,2025-07-17 00:00:00,PREVIOUSLY_EXPOSED_WINDOW,C1_OB_FVG,M1_BLOCK_TOUCH,OB_MITIGATED_BEFORE_MIDPOINT,NO_FILL,0,0,,,,TECHNICAL_ONLY_ABLATION,,,NO_FILL,QRP-MACRO-LIQUIDITY-REVERSAL-001,0,,NORMALIZED_MEDIUM_COST,D1-20250715-BEARISH-M5-C1_OB_FVG-FVG-013947-OB-002623,0,0,,M5_C1_OB_FVG,1.5,,M5
,,False,0,OB,22851.1,22861.9,0,FVG-013947|OB-002623,22852.2,22861.3,,,HYPOTHETICAL_SCENARIO_NOT_BROKER_FACT,2025-07-15 00:00:00,2025-07-16 01:35:00,BEARISH,,,,D1-20250715-BEARISH,OB_MITIGATED_BEFORE_MIDPOINT,,,MLR-TECH-ABL-001,2025-07-17 00:00:00,PREVIOUSLY_EXPOSED_WINDOW,C1_OB_FVG,M1_BLOCK_TOUCH,OB_MITIGATED_BEFORE_MIDPOINT,NO_FILL,0,0,,,,TECHNICAL_ONLY_ABLATION,,,NO_FILL,QRP-MACRO-LIQUIDITY-REVERSAL-001,0,,NORMALIZED_HIGH_COST,D1-20250715-BEARISH-M5-C1_OB_FVG-FVG-013947-OB-002623,0,0,,M5_C1_OB_FVG,1.5,,M5
,,False,0,OB,23124.9,23127.4,0,FVG-014136|OB-002659,23126.6,23127.4,,,HYPOTHETICAL_SCENARIO_NOT_BROKER_FACT,2025-07-18 00:00:00,2025-07-21 05:40:00,BEARISH,,,,D1-20250718-BEARISH,OB_MITIGATED_BEFORE_MIDPOINT,,,MLR-TECH-ABL-001,2025-07-22 00:00:00,PREVIOUSLY_EXPOSED_WINDOW,C1_OB_FVG,M1_BLOCK_TOUCH,OB_MITIGATED_BEFORE_MIDPOINT,NO_FILL,0,0,,,,TECHNICAL_ONLY_ABLATION,,,NO_FILL,QRP-MACRO-LIQUIDITY-REVERSAL-001,0,,NORMALIZED_LOW_COST,D1-20250718-BEARISH-M5-C1_OB_FVG-FVG-014136-OB-002659,0,0,,M5_C1_OB_FVG,1.5,,M5
,,False,0,OB,23124.9,23127.4,0,FVG-014136|OB-002659,23126.6,23127.4,,,HYPOTHETICAL_SCENARIO_NOT_BROKER_FACT,2025-07-18 00:00:00,2025-07-21 05:40:00,BEARISH,,,,D1-20250718-BEARISH,OB_MITIGATED_BEFORE_MIDPOINT,,,MLR-TECH-ABL-001,2025-07-22 00:00:00,PREVIOUSLY_EXPOSED_WINDOW,C1_OB_FVG,M1_BLOCK_TOUCH,OB_MITIGATED_BEFORE_MIDPOINT,NO_FILL,0,0,,,,TECHNICAL_ONLY_ABLATION,,,NO_FILL,QRP-MACRO-LIQUIDITY-REVERSAL-001,0,,NORMALIZED_MEDIUM_COST,D1-20250718-BEARISH-M5-C1_OB_FVG-FVG-014136-OB-002659,0,0,,M5_C1_OB_FVG,1.5,,M5
,,False,0,OB,23124.9,23127.4,0,FVG-014136|OB-002659,23126.6,23127.4,,,HYPOTHETICAL_SCENARIO_NOT_BROKER_FACT,2025-07-18 00:00:00,2025-07-21 05:40:00,BEARISH,,,,D1-20250718-BEARISH,OB_MITIGATED_BEFORE_MIDPOINT,,,MLR-TECH-ABL-001,2025-07-22 00:00:00,PREVIOUSLY_EXPOSED_WINDOW,C1_OB_FVG,M1_BLOCK_TOUCH,OB_MITIGATED_BEFORE_MIDPOINT,NO_FILL,0,0,,,,TECHNICAL_ONLY_ABLATION,,,NO_FILL,QRP-MACRO-LIQUIDITY-REVERSAL-001,0,,NORMALIZED_HIGH_COST,D1-20250718-BEARISH-M5-C1_OB_FVG-FVG-014136-OB-002659,0,0,,M5_C1_OB_FVG,1.5,,M5
,,False,0,OB,23846.2,23850.8,0,FVG-014347|OB-002700,23846.2,23850.4,,,HYPOTHETICAL_SCENARIO_NOT_BROKER_FACT,2025-08-13 00:00:00,2025-08-14 08:45:00,BEARISH,,,,D1-20250813-BEARISH,OB_MITIGATED_BEFORE_MIDPOINT,,,MLR-TECH-ABL-001,2025-08-15 00:00:00,PREVIOUSLY_EXPOSED_WINDOW,C1_OB_FVG,M1_BLOCK_TOUCH,OB_MITIGATED_BEFORE_MIDPOINT,NO_FILL,0,0,,,,TECHNICAL_ONLY_ABLATION,,,NO_FILL,QRP-MACRO-LIQUIDITY-REVERSAL-001,0,,NORMALIZED_LOW_COST,D1-20250813-BEARISH-M5-C1_OB_FVG-FVG-014347-OB-002700,0,0,,M5_C1_OB_FVG,1.5,,M5
,,False,0,OB,23846.2,23850.8,0,FVG-014347|OB-002700,23846.2,23850.4,,,HYPOTHETICAL_SCENARIO_NOT_BROKER_FACT,2025-08-13 00:00:00,2025-08-14 08:45:00,BEARISH,,,,D1-20250813-BEARISH,OB_MITIGATED_BEFORE_MIDPOINT,,,MLR-TECH-ABL-001,2025-08-15 00:00:00,PREVIOUSLY_EXPOSED_WINDOW,C1_OB_FVG,M1_BLOCK_TOUCH,OB_MITIGATED_BEFORE_MIDPOINT,NO_FILL,0,0,,,,TECHNICAL_ONLY_ABLATION,,,NO_FILL,QRP-MACRO-LIQUIDITY-REVERSAL-001,0,,NORMALIZED_MEDIUM_COST,D1-20250813-BEARISH-M5-C1_OB_FVG-FVG-014347-OB-002700,0,0,,M5_C1_OB_FVG,1.5,,M5
,,False,0,OB,23846.2,23850.8,0,FVG-014347|OB-002700,23846.2,23850.4,,,HYPOTHETICAL_SCENARIO_NOT_BROKER_FACT,2025-08-13 00:00:00,2025-08-14 08:45:00,BEARISH,,,,D1-20250813-BEARISH,OB_MITIGATED_BEFORE_MIDPOINT,,,MLR-TECH-ABL-001,2025-08-15 00:00:00,PREVIOUSLY_EXPOSED_WINDOW,C1_OB_FVG,M1_BLOCK_TOUCH,OB_MITIGATED_BEFORE_MIDPOINT,NO_FILL,0,0,,,,TECHNICAL_ONLY_ABLATION,,,NO_FILL,QRP-MACRO-LIQUIDITY-REVERSAL-001,0,,NORMALIZED_HIGH_COST,D1-20250813-BEARISH-M5-C1_OB_FVG-FVG-014347-OB-002700,0,0,,M5_C1_OB_FVG,1.5,,M5
,,False,0,OB,25174.6,25179.6,0,FVG-014532|OB-002734,25177.6,25178.9,,,HYPOTHETICAL_SCENARIO_NOT_BROKER_FACT,2025-10-21 00:00:00,2025-10-22 08:30:00,BEARISH,,,,D1-20251021-BEARISH,OB_MITIGATED_BEFORE_MIDPOINT,,,MLR-TECH-ABL-001,2025-10-23 00:00:00,PREVIOUSLY_EXPOSED_WINDOW,C1_OB_FVG,M1_BLOCK_TOUCH,OB_MITIGATED_BEFORE_MIDPOINT,NO_FILL,0,0,,,,TECHNICAL_ONLY_ABLATION,,,NO_FILL,QRP-MACRO-LIQUIDITY-REVERSAL-001,0,,NORMALIZED_LOW_COST,D1-20251021-BEARISH-M5-C1_OB_FVG-FVG-014532-OB-002734,0,0,,M5_C1_OB_FVG,1.5,,M5
,,False,0,OB,25174.6,25179.6,0,FVG-014532|OB-002734,25177.6,25178.9,,,HYPOTHETICAL_SCENARIO_NOT_BROKER_FACT,2025-10-21 00:00:00,2025-10-22 08:30:00,BEARISH,,,,D1-20251021-BEARISH,OB_MITIGATED_BEFORE_MIDPOINT,,,MLR-TECH-ABL-001,2025-10-23 00:00:00,PREVIOUSLY_EXPOSED_WINDOW,C1_OB_FVG,M1_BLOCK_TOUCH,OB_MITIGATED_BEFORE_MIDPOINT,NO_FILL,0,0,,,,TECHNICAL_ONLY_ABLATION,,,NO_FILL,QRP-MACRO-LIQUIDITY-REVERSAL-001,0,,NORMALIZED_MEDIUM_COST,D1-20251021-BEARISH-M5-C1_OB_FVG-FVG-014532-OB-002734,0,0,,M5_C1_OB_FVG,1.5,,M5
,,False,0,OB,25174.6,25179.6,0,FVG-014532|OB-002734,25177.6,25178.9,,,HYPOTHETICAL_SCENARIO_NOT_BROKER_FACT,2025-10-21 00:00:00,2025-10-22 08:30:00,BEARISH,,,,D1-20251021-BEARISH,OB_MITIGATED_BEFORE_MIDPOINT,,,MLR-TECH-ABL-001,2025-10-23 00:00:00,PREVIOUSLY_EXPOSED_WINDOW,C1_OB_FVG,M1_BLOCK_TOUCH,OB_MITIGATED_BEFORE_MIDPOINT,NO_FILL,0,0,,,,TECHNICAL_ONLY_ABLATION,,,NO_FILL,QRP-MACRO-LIQUIDITY-REVERSAL-001,0,,NORMALIZED_HIGH_COST,D1-20251021-BEARISH-M5-C1_OB_FVG-FVG-014532-OB-002734,0,0,,M5_C1_OB_FVG,1.5,,M5
,,False,0,OB,25753.2,25760.3,0,FVG-014747|OB-002771,25753.2,25754.0,,,HYPOTHETICAL_SCENARIO_NOT_BROKER_FACT,2026-01-12 00:00:00,2026-01-13 01:50:00,BEARISH,,,,D1-20260112-BEARISH,OB_MITIGATED_BEFORE_MIDPOINT,,,MLR-TECH-ABL-001,2026-01-14 00:00:00,PREVIOUSLY_EXPOSED_WINDOW,C1_OB_FVG,M1_BLOCK_TOUCH,OB_MITIGATED_BEFORE_MIDPOINT,NO_FILL,0,0,,,,TECHNICAL_ONLY_ABLATION,,,NO_FILL,QRP-MACRO-LIQUIDITY-REVERSAL-001,0,,NORMALIZED_LOW_COST,D1-20260112-BEARISH-M5-C1_OB_FVG-FVG-014747-OB-002771,0,0,,M5_C1_OB_FVG,1.5,,M5
,,False,0,OB,25753.2,25760.3,0,FVG-014747|OB-002771,25753.2,25754.0,,,HYPOTHETICAL_SCENARIO_NOT_BROKER_FACT,2026-01-12 00:00:00,2026-01-13 01:50:00,BEARISH,,,,D1-20260112-BEARISH,OB_MITIGATED_BEFORE_MIDPOINT,,,MLR-TECH-ABL-001,2026-01-14 00:00:00,PREVIOUSLY_EXPOSED_WINDOW,C1_OB_FVG,M1_BLOCK_TOUCH,OB_MITIGATED_BEFORE_MIDPOINT,NO_FILL,0,0,,,,TECHNICAL_ONLY_ABLATION,,,NO_FILL,QRP-MACRO-LIQUIDITY-REVERSAL-001,0,,NORMALIZED_MEDIUM_COST,D1-20260112-BEARISH-M5-C1_OB_FVG-FVG-014747-OB-002771,0,0,,M5_C1_OB_FVG,1.5,,M5
,,False,0,OB,25753.2,25760.3,0,FVG-014747|OB-002771,25753.2,25754.0,,,HYPOTHETICAL_SCENARIO_NOT_BROKER_FACT,2026-01-12 00:00:00,2026-01-13 01:50:00,BEARISH,,,,D1-20260112-BEARISH,OB_MITIGATED_BEFORE_MIDPOINT,,,MLR-TECH-ABL-001,2026-01-14 00:00:00,PREVIOUSLY_EXPOSED_WINDOW,C1_OB_FVG,M1_BLOCK_TOUCH,OB_MITIGATED_BEFORE_MIDPOINT,NO_FILL,0,0,,,,TECHNICAL_ONLY_ABLATION,,,NO_FILL,QRP-MACRO-LIQUIDITY-REVERSAL-001,0,,NORMALIZED_HIGH_COST,D1-20260112-BEARISH-M5-C1_OB_FVG-FVG-014747-OB-002771,0,0,,M5_C1_OB_FVG,1.5,,M5
,,False,0,OB,24519.9,24539.9,0,FVG-014972|OB-002810,24530.4,24531.5,,,HYPOTHETICAL_SCENARIO_NOT_BROKER_FACT,2026-02-27 00:00:00,2026-03-02 11:10:00,BULLISH,,,,D1-20260227-BULLISH,MIDPOINT_NOT_STRICTLY_PENETRATED,,,MLR-TECH-ABL-001,2026-03-03 00:00:00,PREVIOUSLY_EXPOSED_WINDOW,C1_OB_FVG,M1_PATH,MIDPOINT_NOT_STRICTLY_PENETRATED,NO_FILL,0,0,,,,TECHNICAL_ONLY_ABLATION,,,NO_FILL,QRP-MACRO-LIQUIDITY-REVERSAL-001,0,,NORMALIZED_LOW_COST,D1-20260227-BULLISH-M5-C1_OB_FVG-FVG-014972-OB-002810,0,0,,M5_C1_OB_FVG,1.5,,M5
,,False,0,OB,24519.9,24539.9,0,FVG-014972|OB-002810,24530.4,24531.5,,,HYPOTHETICAL_SCENARIO_NOT_BROKER_FACT,2026-02-27 00:00:00,2026-03-02 11:10:00,BULLISH,,,,D1-20260227-BULLISH,MIDPOINT_NOT_STRICTLY_PENETRATED,,,MLR-TECH-ABL-001,2026-03-03 00:00:00,PREVIOUSLY_EXPOSED_WINDOW,C1_OB_FVG,M1_PATH,MIDPOINT_NOT_STRICTLY_PENETRATED,NO_FILL,0,0,,,,TECHNICAL_ONLY_ABLATION,,,NO_FILL,QRP-MACRO-LIQUIDITY-REVERSAL-001,0,,NORMALIZED_MEDIUM_COST,D1-20260227-BULLISH-M5-C1_OB_FVG-FVG-014972-OB-002810,0,0,,M5_C1_OB_FVG,1.5,,M5
,,False,0,OB,24519.9,24539.9,0,FVG-014972|OB-002810,24530.4,24531.5,,,HYPOTHETICAL_SCENARIO_NOT_BROKER_FACT,2026-02-27 00:00:00,2026-03-02 11:10:00,BULLISH,,,,D1-20260227-BULLISH,MIDPOINT_NOT_STRICTLY_PENETRATED,,,MLR-TECH-ABL-001,2026-03-03 00:00:00,PREVIOUSLY_EXPOSED_WINDOW,C1_OB_FVG,M1_PATH,MIDPOINT_NOT_STRICTLY_PENETRATED,NO_FILL,0,0,,,,TECHNICAL_ONLY_ABLATION,,,NO_FILL,QRP-MACRO-LIQUIDITY-REVERSAL-001,0,,NORMALIZED_HIGH_COST,D1-20260227-BULLISH-M5-C1_OB_FVG-FVG-014972-OB-002810,0,0,,M5_C1_OB_FVG,1.5,,M5
,,False,0,OB,24402.5,24412.2,0,FVG-015138|OB-002837,24404.7,24411.3,,,HYPOTHETICAL_SCENARIO_NOT_BROKER_FACT,2026-03-19 00:00:00,2026-03-20 02:10:00,BULLISH,,,,D1-20260319-BULLISH,OB_MITIGATED_BEFORE_MIDPOINT,,,MLR-TECH-ABL-001,2026-03-21 00:00:00,PREVIOUSLY_EXPOSED_WINDOW,C1_OB_FVG,M1_BLOCK_TOUCH,OB_MITIGATED_BEFORE_MIDPOINT,NO_FILL,0,0,,,,TECHNICAL_ONLY_ABLATION,,,NO_FILL,QRP-MACRO-LIQUIDITY-REVERSAL-001,0,,NORMALIZED_LOW_COST,D1-20260319-BULLISH-M5-C1_OB_FVG-FVG-015138-OB-002837,0,0,,M5_C1_OB_FVG,1.5,,M5
,,False,0,OB,24402.5,24412.2,0,FVG-015138|OB-002837,24404.7,24411.3,,,HYPOTHETICAL_SCENARIO_NOT_BROKER_FACT,2026-03-19 00:00:00,2026-03-20 02:10:00,BULLISH,,,,D1-20260319-BULLISH,OB_MITIGATED_BEFORE_MIDPOINT,,,MLR-TECH-ABL-001,2026-03-21 00:00:00,PREVIOUSLY_EXPOSED_WINDOW,C1_OB_FVG,M1_BLOCK_TOUCH,OB_MITIGATED_BEFORE_MIDPOINT,NO_FILL,0,0,,,,TECHNICAL_ONLY_ABLATION,,,NO_FILL,QRP-MACRO-LIQUIDITY-REVERSAL-001,0,,NORMALIZED_MEDIUM_COST,D1-20260319-BULLISH-M5-C1_OB_FVG-FVG-015138-OB-002837,0,0,,M5_C1_OB_FVG,1.5,,M5
,,False,0,OB,24402.5,24412.2,0,FVG-015138|OB-002837,24404.7,24411.3,,,HYPOTHETICAL_SCENARIO_NOT_BROKER_FACT,2026-03-19 00:00:00,2026-03-20 02:10:00,BULLISH,,,,D1-20260319-BULLISH,OB_MITIGATED_BEFORE_MIDPOINT,,,MLR-TECH-ABL-001,2026-03-21 00:00:00,PREVIOUSLY_EXPOSED_WINDOW,C1_OB_FVG,M1_BLOCK_TOUCH,OB_MITIGATED_BEFORE_MIDPOINT,NO_FILL,0,0,,,,TECHNICAL_ONLY_ABLATION,,,NO_FILL,QRP-MACRO-LIQUIDITY-REVERSAL-001,0,,NORMALIZED_HIGH_COST,D1-20260319-BULLISH-M5-C1_OB_FVG-FVG-015138-OB-002837,0,0,,M5_C1_OB_FVG,1.5,,M5
,,False,0,OB,26664.7,26670.1,0,FVG-015343|OB-002879,26669.3,26670.1,,,HYPOTHETICAL_SCENARIO_NOT_BROKER_FACT,2026-04-21 00:00:00,2026-04-22 07:55:00,BEARISH,,,,D1-20260421-BEARISH,OB_MITIGATED_BEFORE_MIDPOINT,,,MLR-TECH-ABL-001,2026-04-23 00:00:00,PREVIOUSLY_EXPOSED_WINDOW,C1_OB_FVG,M1_BLOCK_TOUCH,OB_MITIGATED_BEFORE_MIDPOINT,NO_FILL,0,0,,,,TECHNICAL_ONLY_ABLATION,,,NO_FILL,QRP-MACRO-LIQUIDITY-REVERSAL-001,0,,NORMALIZED_LOW_COST,D1-20260421-BEARISH-M5-C1_OB_FVG-FVG-015343-OB-002879,0,0,,M5_C1_OB_FVG,1.5,,M5
,,False,0,OB,26664.7,26670.1,0,FVG-015343|OB-002879,26669.3,26670.1,,,HYPOTHETICAL_SCENARIO_NOT_BROKER_FACT,2026-04-21 00:00:00,2026-04-22 07:55:00,BEARISH,,,,D1-20260421-BEARISH,OB_MITIGATED_BEFORE_MIDPOINT,,,MLR-TECH-ABL-001,2026-04-23 00:00:00,PREVIOUSLY_EXPOSED_WINDOW,C1_OB_FVG,M1_BLOCK_TOUCH,OB_MITIGATED_BEFORE_MIDPOINT,NO_FILL,0,0,,,,TECHNICAL_ONLY_ABLATION,,,NO_FILL,QRP-MACRO-LIQUIDITY-REVERSAL-001,0,,NORMALIZED_MEDIUM_COST,D1-20260421-BEARISH-M5-C1_OB_FVG-FVG-015343-OB-002879,0,0,,M5_C1_OB_FVG,1.5,,M5
,,False,0,OB,26664.7,26670.1,0,FVG-015343|OB-002879,26669.3,26670.1,,,HYPOTHETICAL_SCENARIO_NOT_BROKER_FACT,2026-04-21 00:00:00,2026-04-22 07:55:00,BEARISH,,,,D1-20260421-BEARISH,OB_MITIGATED_BEFORE_MIDPOINT,,,MLR-TECH-ABL-001,2026-04-23 00:00:00,PREVIOUSLY_EXPOSED_WINDOW,C1_OB_FVG,M1_BLOCK_TOUCH,OB_MITIGATED_BEFORE_MIDPOINT,NO_FILL,0,0,,,,TECHNICAL_ONLY_ABLATION,,,NO_FILL,QRP-MACRO-LIQUIDITY-REVERSAL-001,0,,NORMALIZED_HIGH_COST,D1-20260421-BEARISH-M5-C1_OB_FVG-FVG-015343-OB-002879,0,0,,M5_C1_OB_FVG,1.5,,M5
6073.25,6075.1,False,74,BREAKER,6072.6,6074.1,1.0,FVG-000091|BREAKER-000010,6073.2,6073.3,6072.50,6075.85,HYPOTHETICAL_SCENARIO_NOT_BROKER_FACT,2017-10-06 00:00:00,2017-10-09 08:20:00,BEARISH,2017-10-09 09:02:00,2017-10-09 09:03:00,6073.25,D1-20171006-BEARISH,STOP,6075.1,2017-10-09 10:18:00,MLR-TECH-ABL-001,2017-10-10 00:00:00,PREVIOUSLY_EXPOSED_WINDOW,C2_FVG_BREAKER,M1_STRICT_PENETRATION_NO_FAVORABLE_IMPROVEMENT,STRICT_M1_LIMIT_PENETRATION,FILLED,0,0,-1.85,-0.4252873563218390804597701149,1.25,TECHNICAL_ONLY_ABLATION,-4.35,-1,LOSS_1R,QRP-MACRO-LIQUIDITY-REVERSAL-001,0,4.35,NORMALIZED_LOW_COST,D1-20171006-BEARISH-M5-C2_FVG_BREAKER-FVG-000091-BREAKER-000010,0.50,1,6075.1,M5_C2_FVG_BREAKER,1.5,6066.725,M5
6073.25,6076.1,False,76,BREAKER,6072.6,6074.1,2,FVG-000091|BREAKER-000010,6073.2,6073.3,6071.75,6077.6,HYPOTHETICAL_SCENARIO_NOT_BROKER_FACT,2017-10-06 00:00:00,2017-10-09 08:20:00,BEARISH,2017-10-09 09:02:00,2017-10-09 09:03:00,6073.25,D1-20171006-BEARISH,STOP,6076.1,2017-10-09 10:20:00,MLR-TECH-ABL-001,2017-10-10 00:00:00,PREVIOUSLY_EXPOSED_WINDOW,C2_FVG_BREAKER,M1_STRICT_PENETRATION_NO_FAVORABLE_IMPROVEMENT,STRICT_M1_LIMIT_PENETRATION,FILLED,0,0.0,-2.85,-0.3630573248407643312101910828,1.2833333333333334,TECHNICAL_ONLY_ABLATION,-7.85,-1,LOSS_1R,QRP-MACRO-LIQUIDITY-REVERSAL-001,0,7.85,NORMALIZED_MEDIUM_COST,D1-20171006-BEARISH-M5-C2_FVG_BREAKER-FVG-000091-BREAKER-000010,1.0,2,6076.1,M5_C2_FVG_BREAKER,1.5,6061.475,M5
6073.25,6080.1,False,358,BREAKER,6072.6,6074.1,4,FVG-000091|BREAKER-000010,6073.2,6073.3,6068.75,6084.6,HYPOTHETICAL_SCENARIO_NOT_BROKER_FACT,2017-10-06 00:00:00,2017-10-09 08:20:00,BEARISH,2017-10-09 09:02:00,2017-10-09 09:03:00,6073.25,D1-20171006-BEARISH,STOP,6080.1,2017-10-09 15:09:00,MLR-TECH-ABL-001,2017-10-10 00:00:00,PREVIOUSLY_EXPOSED_WINDOW,C2_FVG_BREAKER,M1_STRICT_PENETRATION_NO_FAVORABLE_IMPROVEMENT,STRICT_M1_LIMIT_PENETRATION,FILLED,0,0.00,-6.85,-0.3450881612090680100755667506,6.1,TECHNICAL_ONLY_ABLATION,-19.85,-1,LOSS_1R,QRP-MACRO-LIQUIDITY-REVERSAL-001,0,19.85,NORMALIZED_HIGH_COST,D1-20171006-BEARISH-M5-C2_FVG_BREAKER-FVG-000091-BREAKER-000010,3.0,6,6080.1,M5_C2_FVG_BREAKER,1.5,6043.475,M5
6235.35,6237.9,False,6,BREAKER,6235.3,6236.9,1.0,FVG-000292|BREAKER-000041,6235.3,6235.4,6234.60,6238.65,HYPOTHETICAL_SCENARIO_NOT_BROKER_FACT,2017-11-01 00:00:00,2017-11-02 12:20:00,BEARISH,2017-11-02 12:20:00,2017-11-02 12:21:00,6235.35,D1-20171101-BEARISH,STOP,6237.9,2017-11-02 12:26:00,MLR-TECH-ABL-001,2017-11-03 00:00:00,PREVIOUSLY_EXPOSED_WINDOW,C2_FVG_BREAKER,M1_STRICT_PENETRATION_NO_FAVORABLE_IMPROVEMENT,STRICT_M1_LIMIT_PENETRATION,FILLED,0,0,-2.55,-0.5049504950495049504950495050,0.08333333333333333,TECHNICAL_ONLY_ABLATION,-5.05,-1,LOSS_1R,QRP-MACRO-LIQUIDITY-REVERSAL-001,0,5.05,NORMALIZED_LOW_COST,D1-20171101-BEARISH-M5-C2_FVG_BREAKER-FVG-000292-BREAKER-000041,0.50,1,6237.9,M5_C2_FVG_BREAKER,1.5,6227.775,M5
6235.35,6238.9,False,6,BREAKER,6235.3,6236.9,2,FVG-000292|BREAKER-000041,6235.3,6235.4,6233.85,6240.4,HYPOTHETICAL_SCENARIO_NOT_BROKER_FACT,2017-11-01 00:00:00,2017-11-02 12:20:00,BEARISH,2017-11-02 12:20:00,2017-11-02 12:21:00,6235.35,D1-20171101-BEARISH,STOP,6238.9,2017-11-02 12:26:00,MLR-TECH-ABL-001,2017-11-03 00:00:00,PREVIOUSLY_EXPOSED_WINDOW,C2_FVG_BREAKER,M1_STRICT_PENETRATION_NO_FAVORABLE_IMPROVEMENT,STRICT_M1_LIMIT_PENETRATION,FILLED,0,0.0,-3.55,-0.4152046783625730994152046784,0.08333333333333333,TECHNICAL_ONLY_ABLATION,-8.55,-1,LOSS_1R,QRP-MACRO-LIQUIDITY-REVERSAL-001,0,8.55,NORMALIZED_MEDIUM_COST,D1-20171101-BEARISH-M5-C2_FVG_BREAKER-FVG-000292-BREAKER-000041,1.0,2,6238.9,M5_C2_FVG_BREAKER,1.5,6222.525,M5
6235.35,6242.9,False,104,BREAKER,6235.3,6236.9,4,FVG-000292|BREAKER-000041,6235.3,6235.4,6230.85,6247.4,HYPOTHETICAL_SCENARIO_NOT_BROKER_FACT,2017-11-01 00:00:00,2017-11-02 12:20:00,BEARISH,2017-11-02 12:20:00,2017-11-02 12:21:00,6235.35,D1-20171101-BEARISH,STOP,6242.9,2017-11-02 14:04:00,MLR-TECH-ABL-001,2017-11-03 00:00:00,PREVIOUSLY_EXPOSED_WINDOW,C2_FVG_BREAKER,M1_STRICT_PENETRATION_NO_FAVORABLE_IMPROVEMENT,STRICT_M1_LIMIT_PENETRATION,FILLED,0,0.00,-7.55,-0.3673965936739659367396593674,1.7166666666666666,TECHNICAL_ONLY_ABLATION,-20.55,-1,LOSS_1R,QRP-MACRO-LIQUIDITY-REVERSAL-001,0,20.55,NORMALIZED_HIGH_COST,D1-20171101-BEARISH-M5-C2_FVG_BREAKER-FVG-000292-BREAKER-000041,3.0,6,6242.9,M5_C2_FVG_BREAKER,1.5,6204.525,M5
6394.55,6396.1,False,24,BREAKER,6393.5,6395.1,1.0,FVG-000493|BREAKER-000065,6394.0,6395.1,6393.80,6396.85,HYPOTHETICAL_SCENARIO_NOT_BROKER_FACT,2017-11-23 00:00:00,2017-11-24 17:35:00,BEARISH,2017-11-24 17:36:00,2017-11-24 17:37:00,6394.55,D1-20171123-BEARISH,STOP,6396.1,2017-11-24 18:00:00,MLR-TECH-ABL-001,2017-11-25 00:00:00,PREVIOUSLY_EXPOSED_WINDOW,C2_FVG_BREAKER,M1_STRICT_PENETRATION_NO_FAVORABLE_IMPROVEMENT,STRICT_M1_LIMIT_PENETRATION,FILLED,0,0,-1.55,-0.3827160493827160493827160494,0.38333333333333336,TECHNICAL_ONLY_ABLATION,-4.05,-1,LOSS_1R,QRP-MACRO-LIQUIDITY-REVERSAL-001,0,4.05,NORMALIZED_LOW_COST,D1-20171123-BEARISH-M5-C2_FVG_BREAKER-FVG-000493-BREAKER-000065,0.50,1,6396.1,M5_C2_FVG_BREAKER,1.5,6388.475,M5
6394.55,6397.1,False,44,BREAKER,6393.5,6395.1,2,FVG-000493|BREAKER-000065,6394.0,6395.1,6393.05,6398.6,HYPOTHETICAL_SCENARIO_NOT_BROKER_FACT,2017-11-23 00:00:00,2017-11-24 17:35:00,BEARISH,2017-11-24 17:36:00,2017-11-24 17:37:00,6394.55,D1-20171123-BEARISH,STOP,6397.1,2017-11-24 18:20:00,MLR-TECH-ABL-001,2017-11-25 00:00:00,PREVIOUSLY_EXPOSED_WINDOW,C2_FVG_BREAKER,M1_STRICT_PENETRATION_NO_FAVORABLE_IMPROVEMENT,STRICT_M1_LIMIT_PENETRATION,FILLED,0,0.0,-2.55,-0.3377483443708609271523178808,0.7166666666666667,TECHNICAL_ONLY_ABLATION,-7.55,-1,LOSS_1R,QRP-MACRO-LIQUIDITY-REVERSAL-001,0,7.55,NORMALIZED_MEDIUM_COST,D1-20171123-BEARISH-M5-C2_FVG_BREAKER-FVG-000493-BREAKER-000065,1.0,2,6397.1,M5_C2_FVG_BREAKER,1.5,6383.225,M5
6394.55,6401.1,False,71,BREAKER,6393.5,6395.1,4,FVG-000493|BREAKER-000065,6394.0,6395.1,6390.05,6405.6,HYPOTHETICAL_SCENARIO_NOT_BROKER_FACT,2017-11-23 00:00:00,2017-11-24 17:35:00,BEARISH,2017-11-24 17:36:00,2017-11-24 17:37:00,6394.55,D1-20171123-BEARISH,STOP,6401.1,2017-11-24 18:47:00,MLR-TECH-ABL-001,2017-11-25 00:00:00,PREVIOUSLY_EXPOSED_WINDOW,C2_FVG_BREAKER,M1_STRICT_PENETRATION_NO_FAVORABLE_IMPROVEMENT,STRICT_M1_LIMIT_PENETRATION,FILLED,0,0.00,-6.55,-0.3350383631713554987212276215,1.1666666666666667,TECHNICAL_ONLY_ABLATION,-19.55,-1,LOSS_1R,QRP-MACRO-LIQUIDITY-REVERSAL-001,0,19.55,NORMALIZED_HIGH_COST,D1-20171123-BEARISH-M5-C2_FVG_BREAKER-FVG-000493-BREAKER-000065,3.0,6,6401.1,M5_C2_FVG_BREAKER,1.5,6365.225,M5
6808.75,6809.8,False,2,BREAKER,6807.5,6808.8,1.0,FVG-000559|BREAKER-000070,6808.7,6808.8,6808.00,6810.55,HYPOTHETICAL_SCENARIO_NOT_BROKER_FACT,2018-02-16 00:00:00,2018-02-19 11:35:00,BEARISH,2018-02-19 14:23:00,2018-02-19 14:24:00,6808.75,D1-20180216-BEARISH,STOP,6809.8,2018-02-19 14:25:00,MLR-TECH-ABL-001,2018-02-20 00:00:00,PREVIOUSLY_EXPOSED_WINDOW,C2_FVG_BREAKER,M1_STRICT_PENETRATION_NO_FAVORABLE_IMPROVEMENT,STRICT_M1_LIMIT_PENETRATION,FILLED,0,0,-1.05,-0.2957746478873239436619718310,0.016666666666666666,TECHNICAL_ONLY_ABLATION,-3.55,-1,LOSS_1R,QRP-MACRO-LIQUIDITY-REVERSAL-001,0,3.55,NORMALIZED_LOW_COST,D1-20180216-BEARISH-M5-C2_FVG_BREAKER-FVG-000559-BREAKER-000070,0.50,1,6809.8,M5_C2_FVG_BREAKER,1.5,6803.425,M5
6808.75,6798.175,False,73,BREAKER,6807.5,6808.8,2,FVG-000559|BREAKER-000070,6808.7,6808.8,6807.25,6799.675,HYPOTHETICAL_SCENARIO_NOT_BROKER_FACT,2018-02-16 00:00:00,2018-02-19 11:35:00,BEARISH,2018-02-19 14:23:00,2018-02-19 14:24:00,6808.75,D1-20180216-BEARISH,TARGET_1_5R,6798.175,2018-02-19 15:38:00,MLR-TECH-ABL-001,2018-02-20 00:00:00,PREVIOUSLY_EXPOSED_WINDOW,C2_FVG_BREAKER,M1_STRICT_PENETRATION_NO_FAVORABLE_IMPROVEMENT,STRICT_M1_LIMIT_PENETRATION,FILLED,0,0.0,10.575,1.5,1.2333333333333334,TECHNICAL_ONLY_ABLATION,5.575,0.7907801418439716312056737589,WIN_TARGET_1_5R,QRP-MACRO-LIQUIDITY-REVERSAL-001,0,7.05,NORMALIZED_MEDIUM_COST,D1-20180216-BEARISH-M5-C2_FVG_BREAKER-FVG-000559-BREAKER-000070,1.0,2,6810.8,M5_C2_FVG_BREAKER,1.5,6798.175,M5
6808.75,6780.175,False,196,BREAKER,6807.5,6808.8,4,FVG-000559|BREAKER-000070,6808.7,6808.8,6804.25,6784.675,HYPOTHETICAL_SCENARIO_NOT_BROKER_FACT,2018-02-16 00:00:00,2018-02-19 11:35:00,BEARISH,2018-02-19 14:23:00,2018-02-19 14:24:00,6808.75,D1-20180216-BEARISH,TARGET_1_5R,6780.175,2018-02-19 17:41:00,MLR-TECH-ABL-001,2018-02-20 00:00:00,PREVIOUSLY_EXPOSED_WINDOW,C2_FVG_BREAKER,M1_STRICT_PENETRATION_NO_FAVORABLE_IMPROVEMENT,STRICT_M1_LIMIT_PENETRATION,FILLED,0,0.00,28.575,1.5,3.283333333333333,TECHNICAL_ONLY_ABLATION,15.575,0.8175853018372703412073490814,WIN_TARGET_1_5R,QRP-MACRO-LIQUIDITY-REVERSAL-001,0,19.05,NORMALIZED_HIGH_COST,D1-20180216-BEARISH-M5-C2_FVG_BREAKER-FVG-000559-BREAKER-000070,3.0,6,6814.8,M5_C2_FVG_BREAKER,1.5,6780.175,M5
6666.1,6673.900,False,5,BREAKER,6664.4,6667.8,1.0,FVG-000751|BREAKER-000086,6664.4,6667.8,6666.85,6673.150,HYPOTHETICAL_SCENARIO_NOT_BROKER_FACT,2018-04-23 00:00:00,2018-04-24 05:50:00,BULLISH,2018-04-24 10:13:00,2018-04-24 10:14:00,6666.1,D1-20180423-BULLISH,TARGET_1_5R,6673.900,2018-04-24 10:18:00,MLR-TECH-ABL-001,2018-04-25 00:00:00,PREVIOUSLY_EXPOSED_WINDOW,C2_FVG_BREAKER,M1_STRICT_PENETRATION_NO_FAVORABLE_IMPROVEMENT,STRICT_M1_LIMIT_PENETRATION,FILLED,0,0,7.800,1.5,0.06666666666666667,TECHNICAL_ONLY_ABLATION,5.300,1.019230769230769230769230769,WIN_TARGET_1_5R,QRP-MACRO-LIQUIDITY-REVERSAL-001,0,5.20,NORMALIZED_LOW_COST,D1-20180423-BULLISH-M5-C2_FVG_BREAKER-FVG-000751-BREAKER-000086,0.50,1,6663.4,M5_C2_FVG_BREAKER,1.5,6673.900,M5
6666.1,6679.15,False,8,BREAKER,6664.4,6667.8,2,FVG-000751|BREAKER-000086,6664.4,6667.8,6667.6,6677.65,HYPOTHETICAL_SCENARIO_NOT_BROKER_FACT,2018-04-23 00:00:00,2018-04-24 05:50:00,BULLISH,2018-04-24 10:13:00,2018-04-24 10:14:00,6666.1,D1-20180423-BULLISH,TARGET_1_5R,6679.15,2018-04-24 10:21:00,MLR-TECH-ABL-001,2018-04-25 00:00:00,PREVIOUSLY_EXPOSED_WINDOW,C2_FVG_BREAKER,M1_STRICT_PENETRATION_NO_FAVORABLE_IMPROVEMENT,STRICT_M1_LIMIT_PENETRATION,FILLED,0,0.0,13.05,1.5,0.11666666666666667,TECHNICAL_ONLY_ABLATION,8.05,0.9252873563218390804597701149,WIN_TARGET_1_5R,QRP-MACRO-LIQUIDITY-REVERSAL-001,0,8.7,NORMALIZED_MEDIUM_COST,D1-20180423-BULLISH-M5-C2_FVG_BREAKER-FVG-000751-BREAKER-000086,1.0,2,6662.4,M5_C2_FVG_BREAKER,1.5,6679.15,M5
6666.1,6697.15,False,96,BREAKER,6664.4,6667.8,4,FVG-000751|BREAKER-000086,6664.4,6667.8,6670.6,6692.65,HYPOTHETICAL_SCENARIO_NOT_BROKER_FACT,2018-04-23 00:00:00,2018-04-24 05:50:00,BULLISH,2018-04-24 10:13:00,2018-04-24 10:14:00,6666.1,D1-20180423-BULLISH,TARGET_1_5R,6697.15,2018-04-24 11:49:00,MLR-TECH-ABL-001,2018-04-25 00:00:00,PREVIOUSLY_EXPOSED_WINDOW,C2_FVG_BREAKER,M1_STRICT_PENETRATION_NO_FAVORABLE_IMPROVEMENT,STRICT_M1_LIMIT_PENETRATION,FILLED,0,0.00,31.05,1.5,1.5833333333333333,TECHNICAL_ONLY_ABLATION,18.05,0.8719806763285024154589371981,WIN_TARGET_1_5R,QRP-MACRO-LIQUIDITY-REVERSAL-001,0,20.7,NORMALIZED_HIGH_COST,D1-20180423-BULLISH-M5-C2_FVG_BREAKER-FVG-000751-BREAKER-000086,3.0,6,6658.4,M5_C2_FVG_BREAKER,1.5,6697.15,M5
6988.65,6989.8,False,3,BREAKER,6987.9,6988.8,1.0,FVG-000988|BREAKER-000109,6988.5,6988.8,6987.90,6990.55,HYPOTHETICAL_SCENARIO_NOT_BROKER_FACT,2018-05-11 00:00:00,2018-05-14 08:25:00,BEARISH,2018-05-14 16:42:00,2018-05-14 16:43:00,6988.65,D1-20180511-BEARISH,STOP,6989.8,2018-05-14 16:45:00,MLR-TECH-ABL-001,2018-05-15 00:00:00,PREVIOUSLY_EXPOSED_WINDOW,C2_FVG_BREAKER,M1_STRICT_PENETRATION_NO_FAVORABLE_IMPROVEMENT,STRICT_M1_LIMIT_PENETRATION,FILLED,0,0,-1.15,-0.3150684931506849315068493151,0.03333333333333333,TECHNICAL_ONLY_ABLATION,-3.65,-1,LOSS_1R,QRP-MACRO-LIQUIDITY-REVERSAL-001,0,3.65,NORMALIZED_LOW_COST,D1-20180511-BEARISH-M5-C2_FVG_BREAKER-FVG-000988-BREAKER-000109,0.50,1,6989.8,M5_C2_FVG_BREAKER,1.5,6983.175,M5
6988.65,6990.8,False,3,BREAKER,6987.9,6988.8,2,FVG-000988|BREAKER-000109,6988.5,6988.8,6987.15,6992.3,HYPOTHETICAL_SCENARIO_NOT_BROKER_FACT,2018-05-11 00:00:00,2018-05-14 08:25:00,BEARISH,2018-05-14 16:42:00,2018-05-14 16:43:00,6988.65,D1-20180511-BEARISH,STOP,6990.8,2018-05-14 16:45:00,MLR-TECH-ABL-001,2018-05-15 00:00:00,PREVIOUSLY_EXPOSED_WINDOW,C2_FVG_BREAKER,M1_STRICT_PENETRATION_NO_FAVORABLE_IMPROVEMENT,STRICT_M1_LIMIT_PENETRATION,FILLED,0,0.0,-2.15,-0.3006993006993006993006993007,0.03333333333333333,TECHNICAL_ONLY_ABLATION,-7.15,-1,LOSS_1R,QRP-MACRO-LIQUIDITY-REVERSAL-001,0,7.15,NORMALIZED_MEDIUM_COST,D1-20180511-BEARISH-M5-C2_FVG_BREAKER-FVG-000988-BREAKER-000109,1.0,2,6990.8,M5_C2_FVG_BREAKER,1.5,6977.925,M5
6988.65,6994.8,False,3,BREAKER,6987.9,6988.8,4,FVG-000988|BREAKER-000109,6988.5,6988.8,6984.15,6999.3,HYPOTHETICAL_SCENARIO_NOT_BROKER_FACT,2018-05-11 00:00:00,2018-05-14 08:25:00,BEARISH,2018-05-14 16:42:00,2018-05-14 16:43:00,6988.65,D1-20180511-BEARISH,STOP,6994.8,2018-05-14 16:45:00,MLR-TECH-ABL-001,2018-05-15 00:00:00,PREVIOUSLY_EXPOSED_WINDOW,C2_FVG_BREAKER,M1_STRICT_PENETRATION_NO_FAVORABLE_IMPROVEMENT,STRICT_M1_LIMIT_PENETRATION,FILLED,0,0.00,-6.15,-0.3211488250652741514360313316,0.03333333333333333,TECHNICAL_ONLY_ABLATION,-19.15,-1,LOSS_1R,QRP-MACRO-LIQUIDITY-REVERSAL-001,0,19.15,NORMALIZED_HIGH_COST,D1-20180511-BEARISH-M5-C2_FVG_BREAKER-FVG-000988-BREAKER-000109,3.0,6,6994.8,M5_C2_FVG_BREAKER,1.5,6959.925,M5
7230.75,7232.3,False,2,BREAKER,7228.7,7231.3,1.0,FVG-001212|BREAKER-000133,7230.2,7231.3,7230.00,7233.05,HYPOTHETICAL_SCENARIO_NOT_BROKER_FACT,2018-06-13 00:00:00,2018-06-14 15:55:00,BEARISH,2018-06-14 15:56:00,2018-06-14 15:57:00,7230.75,D1-20180613-BEARISH,STOP,7232.3,2018-06-14 15:58:00,MLR-TECH-ABL-001,2018-06-15 00:00:00,PREVIOUSLY_EXPOSED_WINDOW,C2_FVG_BREAKER,M1_STRICT_PENETRATION_NO_FAVORABLE_IMPROVEMENT,STRICT_M1_LIMIT_PENETRATION,FILLED,0,0,-1.55,-0.3827160493827160493827160494,0.016666666666666666,TECHNICAL_ONLY_ABLATION,-4.05,-1,LOSS_1R,QRP-MACRO-LIQUIDITY-REVERSAL-001,0,4.05,NORMALIZED_LOW_COST,D1-20180613-BEARISH-M5-C2_FVG_BREAKER-FVG-001212-BREAKER-000133,0.50,1,7232.3,M5_C2_FVG_BREAKER,1.5,7224.675,M5
7230.75,7233.3,False,3,BREAKER,7228.7,7231.3,2,FVG-001212|BREAKER-000133,7230.2,7231.3,7229.25,7234.8,HYPOTHETICAL_SCENARIO_NOT_BROKER_FACT,2018-06-13 00:00:00,2018-06-14 15:55:00,BEARISH,2018-06-14 15:56:00,2018-06-14 15:57:00,7230.75,D1-20180613-BEARISH,STOP,7233.3,2018-06-14 15:59:00,MLR-TECH-ABL-001,2018-06-15 00:00:00,PREVIOUSLY_EXPOSED_WINDOW,C2_FVG_BREAKER,M1_STRICT_PENETRATION_NO_FAVORABLE_IMPROVEMENT,STRICT_M1_LIMIT_PENETRATION,FILLED,0,0.0,-2.55,-0.3377483443708609271523178808,0.03333333333333333,TECHNICAL_ONLY_ABLATION,-7.55,-1,LOSS_1R,QRP-MACRO-LIQUIDITY-REVERSAL-001,0,7.55,NORMALIZED_MEDIUM_COST,D1-20180613-BEARISH-M5-C2_FVG_BREAKER-FVG-001212-BREAKER-000133,1.0,2,7233.3,M5_C2_FVG_BREAKER,1.5,7219.425,M5
7230.75,7237.3,False,6,BREAKER,7228.7,7231.3,4,FVG-001212|BREAKER-000133,7230.2,7231.3,7226.25,7241.8,HYPOTHETICAL_SCENARIO_NOT_BROKER_FACT,2018-06-13 00:00:00,2018-06-14 15:55:00,BEARISH,2018-06-14 15:56:00,2018-06-14 15:57:00,7230.75,D1-20180613-BEARISH,STOP,7237.3,2018-06-14 16:02:00,MLR-TECH-ABL-001,2018-06-15 00:00:00,PREVIOUSLY_EXPOSED_WINDOW,C2_FVG_BREAKER,M1_STRICT_PENETRATION_NO_FAVORABLE_IMPROVEMENT,STRICT_M1_LIMIT_PENETRATION,FILLED,0,0.00,-6.55,-0.3350383631713554987212276215,0.08333333333333333,TECHNICAL_ONLY_ABLATION,-19.55,-1,LOSS_1R,QRP-MACRO-LIQUIDITY-REVERSAL-001,0,19.55,NORMALIZED_HIGH_COST,D1-20180613-BEARISH-M5-C2_FVG_BREAKER-FVG-001212-BREAKER-000133,3.0,6,7237.3,M5_C2_FVG_BREAKER,1.5,7201.425,M5
7390.799999999999,7392.4,False,12,BREAKER,7390.4,7391.4,1.0,FVG-001421|BREAKER-000154,7390.4,7391.2,7390.049999999999,7393.15,HYPOTHETICAL_SCENARIO_NOT_BROKER_FACT,2018-07-18 00:00:00,2018-07-19 03:15:00,BEARISH,2018-07-19 03:29:00,2018-07-19 03:30:00,7390.799999999999,D1-20180718-BEARISH,STOP,7392.4,2018-07-19 03:41:00,MLR-TECH-ABL-001,2018-07-20 00:00:00,PREVIOUSLY_EXPOSED_WINDOW,C2_FVG_BREAKER,M1_STRICT_PENETRATION_NO_FAVORABLE_IMPROVEMENT,STRICT_M1_LIMIT_PENETRATION,FILLED,0,0,-1.600000000001,-0.3902439024391731112433075188,0.18333333333333332,TECHNICAL_ONLY_ABLATION,-4.100000000001,-1,LOSS_1R,QRP-MACRO-LIQUIDITY-REVERSAL-001,0,4.100000000001,NORMALIZED_LOW_COST,D1-20180718-BEARISH-M5-C2_FVG_BREAKER-FVG-001421-BREAKER-000154,0.50,1,7392.4,M5_C2_FVG_BREAKER,1.5,7384.6499999999975,M5
7390.799999999999,7393.4,False,12,BREAKER,7390.4,7391.4,2,FVG-001421|BREAKER-000154,7390.4,7391.2,7389.299999999999,7394.9,HYPOTHETICAL_SCENARIO_NOT_BROKER_FACT,2018-07-18 00:00:00,2018-07-19 03:15:00,BEARISH,2018-07-19 03:29:00,2018-07-19 03:30:00,7390.799999999999,D1-20180718-BEARISH,STOP,7393.4,2018-07-19 03:41:00,MLR-TECH-ABL-001,2018-07-20 00:00:00,PREVIOUSLY_EXPOSED_WINDOW,C2_FVG_BREAKER,M1_STRICT_PENETRATION_NO_FAVORABLE_IMPROVEMENT,STRICT_M1_LIMIT_PENETRATION,FILLED,0,0.0,-2.600000000001,-0.3421052631579813019390581604,0.18333333333333332,TECHNICAL_ONLY_ABLATION,-7.600000000001,-1,LOSS_1R,QRP-MACRO-LIQUIDITY-REVERSAL-001,0,7.600000000001,NORMALIZED_MEDIUM_COST,D1-20180718-BEARISH-M5-C2_FVG_BREAKER-FVG-001421-BREAKER-000154,1.0,2,7393.4,M5_C2_FVG_BREAKER,1.5,7379.3999999999975,M5
7390.799999999999,7397.4,False,53,BREAKER,7390.4,7391.4,4,FVG-001421|BREAKER-000154,7390.4,7391.2,7386.299999999999,7401.9,HYPOTHETICAL_SCENARIO_NOT_BROKER_FACT,2018-07-18 00:00:00,2018-07-19 03:15:00,BEARISH,2018-07-19 03:29:00,2018-07-19 03:30:00,7390.799999999999,D1-20180718-BEARISH,STOP,7397.4,2018-07-19 04:22:00,MLR-TECH-ABL-001,2018-07-20 00:00:00,PREVIOUSLY_EXPOSED_WINDOW,C2_FVG_BREAKER,M1_STRICT_PENETRATION_NO_FAVORABLE_IMPROVEMENT,STRICT_M1_LIMIT_PENETRATION,FILLED,0,0.00,-6.600000000001,-0.3367346938775848604748021640,0.8666666666666667,TECHNICAL_ONLY_ABLATION,-19.600000000001,-1,LOSS_1R,QRP-MACRO-LIQUIDITY-REVERSAL-001,0,19.600000000001,NORMALIZED_HIGH_COST,D1-20180718-BEARISH-M5-C2_FVG_BREAKER-FVG-001421-BREAKER-000154,3.0,6,7397.4,M5_C2_FVG_BREAKER,1.5,7361.3999999999975,M5
7467.75,7469.4,False,2,BREAKER,7467.1,7468.4,1.0,FVG-001641|BREAKER-000183,7467.1,7468.4,7467.00,7470.15,HYPOTHETICAL_SCENARIO_NOT_BROKER_FACT,2018-08-08 00:00:00,2018-08-09 14:05:00,BEARISH,2018-08-09 14:06:00,2018-08-09 14:07:00,7467.75,D1-20180808-BEARISH,STOP,7469.4,2018-08-09 14:08:00,MLR-TECH-ABL-001,2018-08-10 00:00:00,PREVIOUSLY_EXPOSED_WINDOW,C2_FVG_BREAKER,M1_STRICT_PENETRATION_NO_FAVORABLE_IMPROVEMENT,STRICT_M1_LIMIT_PENETRATION,FILLED,0,0,-1.65,-0.3975903614457831325301204819,0.016666666666666666,TECHNICAL_ONLY_ABLATION,-4.15,-1,LOSS_1R,QRP-MACRO-LIQUIDITY-REVERSAL-001,0,4.15,NORMALIZED_LOW_COST,D1-20180808-BEARISH-M5-C2_FVG_BREAKER-FVG-001641-BREAKER-000183,0.50,1,7469.4,M5_C2_FVG_BREAKER,1.5,7461.525,M5
7467.75,7470.4,False,26,BREAKER,7467.1,7468.4,2,FVG-001641|BREAKER-000183,7467.1,7468.4,7466.25,7471.9,HYPOTHETICAL_SCENARIO_NOT_BROKER_FACT,2018-08-08 00:00:00,2018-08-09 14:05:00,BEARISH,2018-08-09 14:06:00,2018-08-09 14:07:00,7467.75,D1-20180808-BEARISH,STOP,7470.4,2018-08-09 14:32:00,MLR-TECH-ABL-001,2018-08-10 00:00:00,PREVIOUSLY_EXPOSED_WINDOW,C2_FVG_BREAKER,M1_STRICT_PENETRATION_NO_FAVORABLE_IMPROVEMENT,STRICT_M1_LIMIT_PENETRATION,FILLED,0,0.0,-2.65,-0.3464052287581699346405228758,0.4166666666666667,TECHNICAL_ONLY_ABLATION,-7.65,-1,LOSS_1R,QRP-MACRO-LIQUIDITY-REVERSAL-001,0,7.65,NORMALIZED_MEDIUM_COST,D1-20180808-BEARISH-M5-C2_FVG_BREAKER-FVG-001641-BREAKER-000183,1.0,2,7470.4,M5_C2_FVG_BREAKER,1.5,7456.275,M5
7467.75,7474.4,False,146,BREAKER,7467.1,7468.4,4,FVG-001641|BREAKER-000183,7467.1,7468.4,7463.25,7478.9,HYPOTHETICAL_SCENARIO_NOT_BROKER_FACT,2018-08-08 00:00:00,2018-08-09 14:05:00,BEARISH,2018-08-09 14:06:00,2018-08-09 14:07:00,7467.75,D1-20180808-BEARISH,STOP,7474.4,2018-08-09 16:33:00,MLR-TECH-ABL-001,2018-08-10 00:00:00,PREVIOUSLY_EXPOSED_WINDOW,C2_FVG_BREAKER,M1_STRICT_PENETRATION_NO_FAVORABLE_IMPROVEMENT,STRICT_M1_LIMIT_PENETRATION,FILLED,0,0.00,-6.65,-0.3384223918575063613231552163,2.433333333333333,TECHNICAL_ONLY_ABLATION,-19.65,-1,LOSS_1R,QRP-MACRO-LIQUIDITY-REVERSAL-001,0,19.65,NORMALIZED_HIGH_COST,D1-20180808-BEARISH-M5-C2_FVG_BREAKER-FVG-001641-BREAKER-000183,3.0,6,7474.4,M5_C2_FVG_BREAKER,1.5,7438.275,M5
7434.85,7436.4,False,7,BREAKER,7434.3,7435.4,1.0,FVG-001748|BREAKER-000196,7434.7,7435.0,7434.10,7437.15,HYPOTHETICAL_SCENARIO_NOT_BROKER_FACT,2018-08-23 00:00:00,2018-08-24 14:25:00,BEARISH,2018-08-24 14:25:00,2018-08-24 14:26:00,7434.85,D1-20180823-BEARISH,STOP,7436.4,2018-08-24 14:32:00,MLR-TECH-ABL-001,2018-08-25 00:00:00,PREVIOUSLY_EXPOSED_WINDOW,C2_FVG_BREAKER,M1_STRICT_PENETRATION_NO_FAVORABLE_IMPROVEMENT,STRICT_M1_LIMIT_PENETRATION,FILLED,0,0,-1.55,-0.3827160493827160493827160494,0.1,TECHNICAL_ONLY_ABLATION,-4.05,-1,LOSS_1R,QRP-MACRO-LIQUIDITY-REVERSAL-001,0,4.05,NORMALIZED_LOW_COST,D1-20180823-BEARISH-M5-C2_FVG_BREAKER-FVG-001748-BREAKER-000196,0.50,1,7436.4,M5_C2_FVG_BREAKER,1.5,7428.775,M5
7434.85,7437.4,False,14,BREAKER,7434.3,7435.4,2,FVG-001748|BREAKER-000196,7434.7,7435.0,7433.35,7438.9,HYPOTHETICAL_SCENARIO_NOT_BROKER_FACT,2018-08-23 00:00:00,2018-08-24 14:25:00,BEARISH,2018-08-24 14:25:00,2018-08-24 14:26:00,7434.85,D1-20180823-BEARISH,STOP,7437.4,2018-08-24 14:39:00,MLR-TECH-ABL-001,2018-08-25 00:00:00,PREVIOUSLY_EXPOSED_WINDOW,C2_FVG_BREAKER,M1_STRICT_PENETRATION_NO_FAVORABLE_IMPROVEMENT,STRICT_M1_LIMIT_PENETRATION,FILLED,0,0.0,-2.55,-0.3377483443708609271523178808,0.21666666666666667,TECHNICAL_ONLY_ABLATION,-7.55,-1,LOSS_1R,QRP-MACRO-LIQUIDITY-REVERSAL-001,0,7.55,NORMALIZED_MEDIUM_COST,D1-20180823-BEARISH-M5-C2_FVG_BREAKER-FVG-001748-BREAKER-000196,1.0,2,7437.4,M5_C2_FVG_BREAKER,1.5,7423.525,M5
7434.85,7441.4,False,126,BREAKER,7434.3,7435.4,4,FVG-001748|BREAKER-000196,7434.7,7435.0,7430.35,7445.9,HYPOTHETICAL_SCENARIO_NOT_BROKER_FACT,2018-08-23 00:00:00,2018-08-24 14:25:00,BEARISH,2018-08-24 14:25:00,2018-08-24 14:26:00,7434.85,D1-20180823-BEARISH,STOP,7441.4,2018-08-24 16:31:00,MLR-TECH-ABL-001,2018-08-25 00:00:00,PREVIOUSLY_EXPOSED_WINDOW,C2_FVG_BREAKER,M1_STRICT_PENETRATION_NO_FAVORABLE_IMPROVEMENT,STRICT_M1_LIMIT_PENETRATION,FILLED,0,0.00,-6.55,-0.3350383631713554987212276215,2.0833333333333335,TECHNICAL_ONLY_ABLATION,-19.55,-1,LOSS_1R,QRP-MACRO-LIQUIDITY-REVERSAL-001,0,19.55,NORMALIZED_HIGH_COST,D1-20180823-BEARISH-M5-C2_FVG_BREAKER-FVG-001748-BREAKER-000196,3.0,6,7441.4,M5_C2_FVG_BREAKER,1.5,7405.525,M5
7527.0,7530.8,False,7,BREAKER,7526.7,7529.8,1.0,FVG-001852|BREAKER-000201,7526.7,7527.3,7526.25,7531.55,HYPOTHETICAL_SCENARIO_NOT_BROKER_FACT,2018-09-14 00:00:00,2018-09-17 05:25:00,BEARISH,2018-09-17 05:25:00,2018-09-17 05:26:00,7527.0,D1-20180914-BEARISH,STOP,7530.8,2018-09-17 05:32:00,MLR-TECH-ABL-001,2018-09-18 00:00:00,PREVIOUSLY_EXPOSED_WINDOW,C2_FVG_BREAKER,M1_STRICT_PENETRATION_NO_FAVORABLE_IMPROVEMENT,STRICT_M1_LIMIT_PENETRATION,FILLED,0,0,-3.8,-0.6031746031746031746031746032,0.1,TECHNICAL_ONLY_ABLATION,-6.30,-1,LOSS_1R,QRP-MACRO-LIQUIDITY-REVERSAL-001,0,6.30,NORMALIZED_LOW_COST,D1-20180914-BEARISH-M5-C2_FVG_BREAKER-FVG-001852-BREAKER-000201,0.50,1,7530.8,M5_C2_FVG_BREAKER,1.5,7517.550,M5
7527.0,7531.8,False,10,BREAKER,7526.7,7529.8,2,FVG-001852|BREAKER-000201,7526.7,7527.3,7525.5,7533.3,HYPOTHETICAL_SCENARIO_NOT_BROKER_FACT,2018-09-14 00:00:00,2018-09-17 05:25:00,BEARISH,2018-09-17 05:25:00,2018-09-17 05:26:00,7527.0,D1-20180914-BEARISH,STOP,7531.8,2018-09-17 05:35:00,MLR-TECH-ABL-001,2018-09-18 00:00:00,PREVIOUSLY_EXPOSED_WINDOW,C2_FVG_BREAKER,M1_STRICT_PENETRATION_NO_FAVORABLE_IMPROVEMENT,STRICT_M1_LIMIT_PENETRATION,FILLED,0,0.0,-4.8,-0.4897959183673469387755102041,0.15,TECHNICAL_ONLY_ABLATION,-9.8,-1,LOSS_1R,QRP-MACRO-LIQUIDITY-REVERSAL-001,0,9.8,NORMALIZED_MEDIUM_COST,D1-20180914-BEARISH-M5-C2_FVG_BREAKER-FVG-001852-BREAKER-000201,1.0,2,7531.8,M5_C2_FVG_BREAKER,1.5,7512.30,M5
7527.0,7535.8,False,34,BREAKER,7526.7,7529.8,4,FVG-001852|BREAKER-000201,7526.7,7527.3,7522.5,7540.3,HYPOTHETICAL_SCENARIO_NOT_BROKER_FACT,2018-09-14 00:00:00,2018-09-17 05:25:00,BEARISH,2018-09-17 05:25:00,2018-09-17 05:26:00,7527.0,D1-20180914-BEARISH,STOP_GAP_OPEN,7535.8,2018-09-17 05:58:00,MLR-TECH-ABL-001,2018-09-18 00:00:00,PREVIOUSLY_EXPOSED_WINDOW,C2_FVG_BREAKER,M1_STRICT_PENETRATION_NO_FAVORABLE_IMPROVEMENT,STRICT_M1_LIMIT_PENETRATION,FILLED,0,0.00,-8.8,-0.4036697247706422018348623853,0.5333333333333333,TECHNICAL_ONLY_ABLATION,-21.80,-1.0,LOSS_1R,QRP-MACRO-LIQUIDITY-REVERSAL-001,0,21.8,NORMALIZED_HIGH_COST,D1-20180914-BEARISH-M5-C2_FVG_BREAKER-FVG-001852-BREAKER-000201,3.0,6,7535.8,M5_C2_FVG_BREAKER,1.5,7494.30,M5
7055.6,7057.1,False,2,BREAKER,7054.4,7056.1,1.0,FVG-002106|BREAKER-000228,7055.1,7056.1,7054.85,7057.85,HYPOTHETICAL_SCENARIO_NOT_BROKER_FACT,2019-02-19 00:00:00,2019-02-20 11:40:00,BEARISH,2019-02-20 12:12:00,2019-02-20 12:13:00,7055.6,D1-20190219-BEARISH,STOP,7057.1,2019-02-20 12:14:00,MLR-TECH-ABL-001,2019-02-21 00:00:00,PREVIOUSLY_EXPOSED_WINDOW,C2_FVG_BREAKER,M1_STRICT_PENETRATION_NO_FAVORABLE_IMPROVEMENT,STRICT_M1_LIMIT_PENETRATION,FILLED,0,0,-1.5,-0.375,0.016666666666666666,TECHNICAL_ONLY_ABLATION,-4.00,-1,LOSS_1R,QRP-MACRO-LIQUIDITY-REVERSAL-001,0,4.00,NORMALIZED_LOW_COST,D1-20190219-BEARISH-M5-C2_FVG_BREAKER-FVG-002106-BREAKER-000228,0.50,1,7057.1,M5_C2_FVG_BREAKER,1.5,7049.600,M5
7055.6,7058.1,False,3,BREAKER,7054.4,7056.1,2,FVG-002106|BREAKER-000228,7055.1,7056.1,7054.1,7059.6,HYPOTHETICAL_SCENARIO_NOT_BROKER_FACT,2019-02-19 00:00:00,2019-02-20 11:40:00,BEARISH,2019-02-20 12:12:00,2019-02-20 12:13:00,7055.6,D1-20190219-BEARISH,STOP,7058.1,2019-02-20 12:15:00,MLR-TECH-ABL-001,2019-02-21 00:00:00,PREVIOUSLY_EXPOSED_WINDOW,C2_FVG_BREAKER,M1_STRICT_PENETRATION_NO_FAVORABLE_IMPROVEMENT,STRICT_M1_LIMIT_PENETRATION,FILLED,0,0.0,-2.5,-0.3333333333333333333333333333,0.03333333333333333,TECHNICAL_ONLY_ABLATION,-7.5,-1,LOSS_1R,QRP-MACRO-LIQUIDITY-REVERSAL-001,0,7.5,NORMALIZED_MEDIUM_COST,D1-20190219-BEARISH-M5-C2_FVG_BREAKER-FVG-002106-BREAKER-000228,1.0,2,7058.1,M5_C2_FVG_BREAKER,1.5,7044.35,M5
7055.6,7062.1,False,110,BREAKER,7054.4,7056.1,4,FVG-002106|BREAKER-000228,7055.1,7056.1,7051.1,7066.6,HYPOTHETICAL_SCENARIO_NOT_BROKER_FACT,2019-02-19 00:00:00,2019-02-20 11:40:00,BEARISH,2019-02-20 12:12:00,2019-02-20 12:13:00,7055.6,D1-20190219-BEARISH,STOP,7062.1,2019-02-20 14:02:00,MLR-TECH-ABL-001,2019-02-21 00:00:00,PREVIOUSLY_EXPOSED_WINDOW,C2_FVG_BREAKER,M1_STRICT_PENETRATION_NO_FAVORABLE_IMPROVEMENT,STRICT_M1_LIMIT_PENETRATION,FILLED,0,0.00,-6.5,-0.3333333333333333333333333333,1.8166666666666667,TECHNICAL_ONLY_ABLATION,-19.50,-1.0,LOSS_1R,QRP-MACRO-LIQUIDITY-REVERSAL-001,0,19.5,NORMALIZED_HIGH_COST,D1-20190219-BEARISH-M5-C2_FVG_BREAKER-FVG-002106-BREAKER-000228,3.0,6,7062.1,M5_C2_FVG_BREAKER,1.5,7026.35,M5
7625.35,7626.7,False,2,BREAKER,7621.0,7625.7,1.0,FVG-002277|BREAKER-000257,7625.0,7625.7,7624.60,7627.45,HYPOTHETICAL_SCENARIO_NOT_BROKER_FACT,2019-04-11 00:00:00,2019-04-12 16:40:00,BEARISH,2019-04-12 16:40:00,2019-04-12 16:41:00,7625.35,D1-20190411-BEARISH,STOP,7626.7,2019-04-12 16:42:00,MLR-TECH-ABL-001,2019-04-13 00:00:00,PREVIOUSLY_EXPOSED_WINDOW,C2_FVG_BREAKER,M1_STRICT_PENETRATION_NO_FAVORABLE_IMPROVEMENT,STRICT_M1_LIMIT_PENETRATION,FILLED,0,0,-1.35,-0.3506493506493506493506493506,0.016666666666666666,TECHNICAL_ONLY_ABLATION,-3.85,-1,LOSS_1R,QRP-MACRO-LIQUIDITY-REVERSAL-001,0,3.85,NORMALIZED_LOW_COST,D1-20190411-BEARISH-M5-C2_FVG_BREAKER-FVG-002277-BREAKER-000257,0.50,1,7626.7,M5_C2_FVG_BREAKER,1.5,7619.575,M5
7625.35,7627.7,False,2,BREAKER,7621.0,7625.7,2,FVG-002277|BREAKER-000257,7625.0,7625.7,7623.85,7629.2,HYPOTHETICAL_SCENARIO_NOT_BROKER_FACT,2019-04-11 00:00:00,2019-04-12 16:40:00,BEARISH,2019-04-12 16:40:00,2019-04-12 16:41:00,7625.35,D1-20190411-BEARISH,STOP,7627.7,2019-04-12 16:42:00,MLR-TECH-ABL-001,2019-04-13 00:00:00,PREVIOUSLY_EXPOSED_WINDOW,C2_FVG_BREAKER,M1_STRICT_PENETRATION_NO_FAVORABLE_IMPROVEMENT,STRICT_M1_LIMIT_PENETRATION,FILLED,0,0.0,-2.35,-0.3197278911564625850340136054,0.016666666666666666,TECHNICAL_ONLY_ABLATION,-7.35,-1,LOSS_1R,QRP-MACRO-LIQUIDITY-REVERSAL-001,0,7.35,NORMALIZED_MEDIUM_COST,D1-20190411-BEARISH-M5-C2_FVG_BREAKER-FVG-002277-BREAKER-000257,1.0,2,7627.7,M5_C2_FVG_BREAKER,1.5,7614.325,M5
7625.35,7596.325,False,99,BREAKER,7621.0,7625.7,4,FVG-002277|BREAKER-000257,7625.0,7625.7,7620.85,7600.825,HYPOTHETICAL_SCENARIO_NOT_BROKER_FACT,2019-04-11 00:00:00,2019-04-12 16:40:00,BEARISH,2019-04-12 16:40:00,2019-04-12 16:41:00,7625.35,D1-20190411-BEARISH,TARGET_1_5R,7596.325,2019-04-12 18:19:00,MLR-TECH-ABL-001,2019-04-13 00:00:00,PREVIOUSLY_EXPOSED_WINDOW,C2_FVG_BREAKER,M1_STRICT_PENETRATION_NO_FAVORABLE_IMPROVEMENT,STRICT_M1_LIMIT_PENETRATION,FILLED,0,0.00,29.025,1.5,1.6333333333333333,TECHNICAL_ONLY_ABLATION,16.025,0.8281653746770025839793281654,WIN_TARGET_1_5R,QRP-MACRO-LIQUIDITY-REVERSAL-001,0,19.35,NORMALIZED_HIGH_COST,D1-20190411-BEARISH-M5-C2_FVG_BREAKER-FVG-002277-BREAKER-000257,3.0,6,7631.7,M5_C2_FVG_BREAKER,1.5,7596.325,M5
7541.35,7547.425,False,11,BREAKER,7540.8,7544.4,1.0,FVG-002512|BREAKER-000281,7540.8,7541.9,7542.10,7546.675,HYPOTHETICAL_SCENARIO_NOT_BROKER_FACT,2019-08-15 00:00:00,2019-08-16 08:45:00,BULLISH,2019-08-16 09:07:00,2019-08-16 09:08:00,7541.35,D1-20190815-BULLISH,TARGET_1_5R,7547.425,2019-08-16 09:18:00,MLR-TECH-ABL-001,2019-08-17 00:00:00,PREVIOUSLY_EXPOSED_WINDOW,C2_FVG_BREAKER,M1_STRICT_PENETRATION_NO_FAVORABLE_IMPROVEMENT,STRICT_M1_LIMIT_PENETRATION,FILLED,0,0,6.075,1.5,0.16666666666666666,TECHNICAL_ONLY_ABLATION,3.575,0.8827160493827160493827160494,WIN_TARGET_1_5R,QRP-MACRO-LIQUIDITY-REVERSAL-001,0,4.05,NORMALIZED_LOW_COST,D1-20190815-BULLISH-M5-C2_FVG_BREAKER-FVG-002512-BREAKER-000281,0.50,1,7539.8,M5_C2_FVG_BREAKER,1.5,7547.425,M5
7541.35,7552.675,False,14,BREAKER,7540.8,7544.4,2,FVG-002512|BREAKER-000281,7540.8,7541.9,7542.85,7551.175,HYPOTHETICAL_SCENARIO_NOT_BROKER_FACT,2019-08-15 00:00:00,2019-08-16 08:45:00,BULLISH,2019-08-16 09:07:00,2019-08-16 09:08:00,7541.35,D1-20190815-BULLISH,TARGET_1_5R,7552.675,2019-08-16 09:21:00,MLR-TECH-ABL-001,2019-08-17 00:00:00,PREVIOUSLY_EXPOSED_WINDOW,C2_FVG_BREAKER,M1_STRICT_PENETRATION_NO_FAVORABLE_IMPROVEMENT,STRICT_M1_LIMIT_PENETRATION,FILLED,0,0.0,11.325,1.5,0.21666666666666667,TECHNICAL_ONLY_ABLATION,6.325,0.8377483443708609271523178808,WIN_TARGET_1_5R,QRP-MACRO-LIQUIDITY-REVERSAL-001,0,7.55,NORMALIZED_MEDIUM_COST,D1-20190815-BULLISH-M5-C2_FVG_BREAKER-FVG-002512-BREAKER-000281,1.0,2,7538.8,M5_C2_FVG_BREAKER,1.5,7552.675,M5
7541.35,7534.8,False,54,BREAKER,7540.8,7544.4,4,FVG-002512|BREAKER-000281,7540.8,7541.9,7545.85,7530.3,HYPOTHETICAL_SCENARIO_NOT_BROKER_FACT,2019-08-15 00:00:00,2019-08-16 08:45:00,BULLISH,2019-08-16 09:07:00,2019-08-16 09:08:00,7541.35,D1-20190815-BULLISH,STOP,7534.8,2019-08-16 10:01:00,MLR-TECH-ABL-001,2019-08-17 00:00:00,PREVIOUSLY_EXPOSED_WINDOW,C2_FVG_BREAKER,M1_STRICT_PENETRATION_NO_FAVORABLE_IMPROVEMENT,STRICT_M1_LIMIT_PENETRATION,FILLED,0,0.00,-6.55,-0.3350383631713554987212276215,0.8833333333333333,TECHNICAL_ONLY_ABLATION,-19.55,-1,LOSS_1R,QRP-MACRO-LIQUIDITY-REVERSAL-001,0,19.55,NORMALIZED_HIGH_COST,D1-20190815-BULLISH-M5-C2_FVG_BREAKER-FVG-002512-BREAKER-000281,3.0,6,7534.8,M5_C2_FVG_BREAKER,1.5,7570.675,M5
7866.35,7869.6,False,47,BREAKER,7866.1,7868.6,1.0,FVG-002710|BREAKER-000301,7866.1,7866.6,7865.60,7870.35,HYPOTHETICAL_SCENARIO_NOT_BROKER_FACT,2019-09-06 00:00:00,2019-09-09 02:10:00,BEARISH,2019-09-09 02:22:00,2019-09-09 02:23:00,7866.35,D1-20190906-BEARISH,STOP,7869.6,2019-09-09 03:09:00,MLR-TECH-ABL-001,2019-09-10 00:00:00,PREVIOUSLY_EXPOSED_WINDOW,C2_FVG_BREAKER,M1_STRICT_PENETRATION_NO_FAVORABLE_IMPROVEMENT,STRICT_M1_LIMIT_PENETRATION,FILLED,0,0,-3.25,-0.5652173913043478260869565217,0.7666666666666667,TECHNICAL_ONLY_ABLATION,-5.75,-1,LOSS_1R,QRP-MACRO-LIQUIDITY-REVERSAL-001,0,5.75,NORMALIZED_LOW_COST,D1-20190906-BEARISH-M5-C2_FVG_BREAKER-FVG-002710-BREAKER-000301,0.50,1,7869.6,M5_C2_FVG_BREAKER,1.5,7857.725,M5
7866.35,7870.6,False,47,BREAKER,7866.1,7868.6,2,FVG-002710|BREAKER-000301,7866.1,7866.6,7864.85,7872.1,HYPOTHETICAL_SCENARIO_NOT_BROKER_FACT,2019-09-06 00:00:00,2019-09-09 02:10:00,BEARISH,2019-09-09 02:22:00,2019-09-09 02:23:00,7866.35,D1-20190906-BEARISH,STOP,7870.6,2019-09-09 03:09:00,MLR-TECH-ABL-001,2019-09-10 00:00:00,PREVIOUSLY_EXPOSED_WINDOW,C2_FVG_BREAKER,M1_STRICT_PENETRATION_NO_FAVORABLE_IMPROVEMENT,STRICT_M1_LIMIT_PENETRATION,FILLED,0,0.0,-4.25,-0.4594594594594594594594594595,0.7666666666666667,TECHNICAL_ONLY_ABLATION,-9.25,-1,LOSS_1R,QRP-MACRO-LIQUIDITY-REVERSAL-001,0,9.25,NORMALIZED_MEDIUM_COST,D1-20190906-BEARISH-M5-C2_FVG_BREAKER-FVG-002710-BREAKER-000301,1.0,2,7870.6,M5_C2_FVG_BREAKER,1.5,7852.475,M5
7866.35,7874.6,False,76,BREAKER,7866.1,7868.6,4,FVG-002710|BREAKER-000301,7866.1,7866.6,7861.85,7879.1,HYPOTHETICAL_SCENARIO_NOT_BROKER_FACT,2019-09-06 00:00:00,2019-09-09 02:10:00,BEARISH,2019-09-09 02:22:00,2019-09-09 02:23:00,7866.35,D1-20190906-BEARISH,STOP,7874.6,2019-09-09 03:38:00,MLR-TECH-ABL-001,2019-09-10 00:00:00,PREVIOUSLY_EXPOSED_WINDOW,C2_FVG_BREAKER,M1_STRICT_PENETRATION_NO_FAVORABLE_IMPROVEMENT,STRICT_M1_LIMIT_PENETRATION,FILLED,0,0.00,-8.25,-0.3882352941176470588235294118,1.25,TECHNICAL_ONLY_ABLATION,-21.25,-1,LOSS_1R,QRP-MACRO-LIQUIDITY-REVERSAL-001,0,21.25,NORMALIZED_HIGH_COST,D1-20190906-BEARISH-M5-C2_FVG_BREAKER-FVG-002710-BREAKER-000301,3.0,6,7874.6,M5_C2_FVG_BREAKER,1.5,7834.475,M5
8316.900000000001,8297.4000000000025,False,46,BREAKER,8315.7,8326.4,1.0,FVG-002938|BREAKER-000324,8315.7,8318.1,8316.150000000001,8298.1500000000025,HYPOTHETICAL_SCENARIO_NOT_BROKER_FACT,2019-11-19 00:00:00,2019-11-20 19:10:00,BEARISH,2019-11-20 19:10:00,2019-11-20 19:11:00,8316.900000000001,D1-20191119-BEARISH,TARGET_1_5R,8297.4000000000025,2019-11-20 19:56:00,MLR-TECH-ABL-001,2019-11-21 00:00:00,PREVIOUSLY_EXPOSED_WINDOW,C2_FVG_BREAKER,M1_STRICT_PENETRATION_NO_FAVORABLE_IMPROVEMENT,STRICT_M1_LIMIT_PENETRATION,FILLED,0,0,19.4999999999985,1.5,0.75,TECHNICAL_ONLY_ABLATION,16.9999999999985,1.307692307692292899408284023,WIN_TARGET_1_5R,QRP-MACRO-LIQUIDITY-REVERSAL-001,0,12.999999999999,NORMALIZED_LOW_COST,D1-20191119-BEARISH-M5-C2_FVG_BREAKER-FVG-002938-BREAKER-000324,0.50,1,8327.4,M5_C2_FVG_BREAKER,1.5,8297.4000000000025,M5
8316.900000000001,8292.1500000000025,False,46,BREAKER,8315.7,8326.4,2,FVG-002938|BREAKER-000324,8315.7,8318.1,8315.400000000001,8293.6500000000025,HYPOTHETICAL_SCENARIO_NOT_BROKER_FACT,2019-11-19 00:00:00,2019-11-20 19:10:00,BEARISH,2019-11-20 19:10:00,2019-11-20 19:11:00,8316.900000000001,D1-20191119-BEARISH,TARGET_1_5R,8292.1500000000025,2019-11-20 19:56:00,MLR-TECH-ABL-001,2019-11-21 00:00:00,PREVIOUSLY_EXPOSED_WINDOW,C2_FVG_BREAKER,M1_STRICT_PENETRATION_NO_FAVORABLE_IMPROVEMENT,STRICT_M1_LIMIT_PENETRATION,FILLED,0,0.0,24.7499999999985,1.5,0.75,TECHNICAL_ONLY_ABLATION,19.7499999999985,1.196969696969678604224058768,WIN_TARGET_1_5R,QRP-MACRO-LIQUIDITY-REVERSAL-001,0,16.499999999999,NORMALIZED_MEDIUM_COST,D1-20191119-BEARISH-M5-C2_FVG_BREAKER-FVG-002938-BREAKER-000324,1.0,2,8328.4,M5_C2_FVG_BREAKER,1.5,8292.1500000000025,M5
8316.900000000001,8274.1500000000025,False,48,BREAKER,8315.7,8326.4,4,FVG-002938|BREAKER-000324,8315.7,8318.1,8312.400000000001,8278.6500000000025,HYPOTHETICAL_SCENARIO_NOT_BROKER_FACT,2019-11-19 00:00:00,2019-11-20 19:10:00,BEARISH,2019-11-20 19:10:00,2019-11-20 19:11:00,8316.900000000001,D1-20191119-BEARISH,TARGET_1_5R,8274.1500000000025,2019-11-20 19:58:00,MLR-TECH-ABL-001,2019-11-21 00:00:00,PREVIOUSLY_EXPOSED_WINDOW,C2_FVG_BREAKER,M1_STRICT_PENETRATION_NO_FAVORABLE_IMPROVEMENT,STRICT_M1_LIMIT_PENETRATION,FILLED,0,0.00,42.7499999999985,1.5,0.7833333333333333,TECHNICAL_ONLY_ABLATION,29.7499999999985,1.043859649122791012619267466,WIN_TARGET_1_5R,QRP-MACRO-LIQUIDITY-REVERSAL-001,0,28.499999999999,NORMALIZED_HIGH_COST,D1-20191119-BEARISH-M5-C2_FVG_BREAKER-FVG-002938-BREAKER-000324,3.0,6,8332.4,M5_C2_FVG_BREAKER,1.5,8274.1500000000025,M5
8303.55,8305.0,False,7,BREAKER,8302.6,8304.0,1.0,FVG-003114|BREAKER-000341,8303.3,8303.8,8302.80,8305.75,HYPOTHETICAL_SCENARIO_NOT_BROKER_FACT,2019-11-22 00:00:00,2019-11-25 06:30:00,BEARISH,2019-11-25 07:31:00,2019-11-25 07:32:00,8303.55,D1-20191122-BEARISH,STOP,8305.0,2019-11-25 07:38:00,MLR-TECH-ABL-001,2019-11-26 00:00:00,PREVIOUSLY_EXPOSED_WINDOW,C2_FVG_BREAKER,M1_STRICT_PENETRATION_NO_FAVORABLE_IMPROVEMENT,STRICT_M1_LIMIT_PENETRATION,FILLED,0,0,-1.45,-0.3670886075949367088607594937,0.1,TECHNICAL_ONLY_ABLATION,-3.95,-1,LOSS_1R,QRP-MACRO-LIQUIDITY-REVERSAL-001,0,3.95,NORMALIZED_LOW_COST,D1-20191122-BEARISH-M5-C2_FVG_BREAKER-FVG-003114-BREAKER-000341,0.50,1,8305.0,M5_C2_FVG_BREAKER,1.5,8297.625,M5
8303.55,8306.0,False,18,BREAKER,8302.6,8304.0,2,FVG-003114|BREAKER-000341,8303.3,8303.8,8302.05,8307.5,HYPOTHETICAL_SCENARIO_NOT_BROKER_FACT,2019-11-22 00:00:00,2019-11-25 06:30:00,BEARISH,2019-11-25 07:31:00,2019-11-25 07:32:00,8303.55,D1-20191122-BEARISH,STOP,8306.0,2019-11-25 07:49:00,MLR-TECH-ABL-001,2019-11-26 00:00:00,PREVIOUSLY_EXPOSED_WINDOW,C2_FVG_BREAKER,M1_STRICT_PENETRATION_NO_FAVORABLE_IMPROVEMENT,STRICT_M1_LIMIT_PENETRATION,FILLED,0,0.0,-2.45,-0.3288590604026845637583892617,0.2833333333333333,TECHNICAL_ONLY_ABLATION,-7.45,-1,LOSS_1R,QRP-MACRO-LIQUIDITY-REVERSAL-001,0,7.45,NORMALIZED_MEDIUM_COST,D1-20191122-BEARISH-M5-C2_FVG_BREAKER-FVG-003114-BREAKER-000341,1.0,2,8306.0,M5_C2_FVG_BREAKER,1.5,8292.375,M5
8303.55,8310.0,False,508,BREAKER,8302.6,8304.0,4,FVG-003114|BREAKER-000341,8303.3,8303.8,8299.05,8314.5,HYPOTHETICAL_SCENARIO_NOT_BROKER_FACT,2019-11-22 00:00:00,2019-11-25 06:30:00,BEARISH,2019-11-25 07:31:00,2019-11-25 07:32:00,8303.55,D1-20191122-BEARISH,STOP,8310.0,2019-11-25 15:59:00,MLR-TECH-ABL-001,2019-11-26 00:00:00,PREVIOUSLY_EXPOSED_WINDOW,C2_FVG_BREAKER,M1_STRICT_PENETRATION_NO_FAVORABLE_IMPROVEMENT,STRICT_M1_LIMIT_PENETRATION,FILLED,0,0.00,-6.45,-0.3316195372750642673521850900,8.45,TECHNICAL_ONLY_ABLATION,-19.45,-1,LOSS_1R,QRP-MACRO-LIQUIDITY-REVERSAL-001,0,19.45,NORMALIZED_HIGH_COST,D1-20191122-BEARISH-M5-C2_FVG_BREAKER-FVG-003114-BREAKER-000341,3.0,6,8310.0,M5_C2_FVG_BREAKER,1.5,8274.375,M5
8585.2,8587.7,False,8,BREAKER,8582.7,8586.7,1.0,FVG-003276|BREAKER-000359,8583.7,8586.7,8584.45,8588.45,HYPOTHETICAL_SCENARIO_NOT_BROKER_FACT,2019-12-13 00:00:00,2019-12-16 23:00:00,BEARISH,2019-12-16 23:30:00,2019-12-16 23:31:00,8585.2,D1-20191213-BEARISH,STOP,8587.7,2019-12-16 23:38:00,MLR-TECH-ABL-001,2019-12-17 00:00:00,PREVIOUSLY_EXPOSED_WINDOW,C2_FVG_BREAKER,M1_STRICT_PENETRATION_NO_FAVORABLE_IMPROVEMENT,STRICT_M1_LIMIT_PENETRATION,FILLED,0,0,-2.5,-0.5,0.11666666666666667,TECHNICAL_ONLY_ABLATION,-5.00,-1,LOSS_1R,QRP-MACRO-LIQUIDITY-REVERSAL-001,0,5.00,NORMALIZED_LOW_COST,D1-20191213-BEARISH-M5-C2_FVG_BREAKER-FVG-003276-BREAKER-000359,0.50,1,8587.7,M5_C2_FVG_BREAKER,1.5,8577.700,M5
8585.2,8588.7,False,20,BREAKER,8582.7,8586.7,2,FVG-003276|BREAKER-000359,8583.7,8586.7,8583.7,8590.2,HYPOTHETICAL_SCENARIO_NOT_BROKER_FACT,2019-12-13 00:00:00,2019-12-16 23:00:00,BEARISH,2019-12-16 23:30:00,2019-12-16 23:31:00,8585.2,D1-20191213-BEARISH,STOP,8588.7,2019-12-16 23:50:00,MLR-TECH-ABL-001,2019-12-17 00:00:00,PREVIOUSLY_EXPOSED_WINDOW,C2_FVG_BREAKER,M1_STRICT_PENETRATION_NO_FAVORABLE_IMPROVEMENT,STRICT_M1_LIMIT_PENETRATION,FILLED,0,0.0,-3.5,-0.4117647058823529411764705882,0.31666666666666665,TECHNICAL_ONLY_ABLATION,-8.5,-1,LOSS_1R,QRP-MACRO-LIQUIDITY-REVERSAL-001,0,8.5,NORMALIZED_MEDIUM_COST,D1-20191213-BEARISH-M5-C2_FVG_BREAKER-FVG-003276-BREAKER-000359,1.0,2,8588.7,M5_C2_FVG_BREAKER,1.5,8572.45,M5
8585.2,8584.5,False,29,BREAKER,8582.7,8586.7,4,FVG-003276|BREAKER-000359,8583.7,8586.7,8580.7,8589.0,HYPOTHETICAL_SCENARIO_NOT_BROKER_FACT,2019-12-13 00:00:00,2019-12-16 23:00:00,BEARISH,2019-12-16 23:30:00,2019-12-16 23:31:00,8585.2,D1-20191213-BEARISH,D1_CANDLE_3_EXPIRY,8584.5,2019-12-16 23:59:00,MLR-TECH-ABL-001,2019-12-17 00:00:00,PREVIOUSLY_EXPOSED_WINDOW,C2_FVG_BREAKER,M1_STRICT_PENETRATION_NO_FAVORABLE_IMPROVEMENT,STRICT_M1_LIMIT_PENETRATION,FILLED,0,0.00,0.7,0.03414634146341463414634146341,0.4666666666666667,TECHNICAL_ONLY_ABLATION,-12.30,-0.6,TIMEOUT,QRP-MACRO-LIQUIDITY-REVERSAL-001,0,20.5,NORMALIZED_HIGH_COST,D1-20191213-BEARISH-M5-C2_FVG_BREAKER-FVG-003276-BREAKER-000359,3.0,6,8592.7,M5_C2_FVG_BREAKER,1.5,8554.45,M5
8584.25,8586.1,False,3,BREAKER,8583.4,8585.1,1.0,FVG-003412|BREAKER-000371,8583.4,8585.1,8583.50,8586.85,HYPOTHETICAL_SCENARIO_NOT_BROKER_FACT,2019-12-17 00:00:00,2019-12-18 14:20:00,BEARISH,2019-12-18 14:23:00,2019-12-18 14:24:00,8584.25,D1-20191217-BEARISH,STOP,8586.1,2019-12-18 14:26:00,MLR-TECH-ABL-001,2019-12-19 00:00:00,PREVIOUSLY_EXPOSED_WINDOW,C2_FVG_BREAKER,M1_STRICT_PENETRATION_NO_FAVORABLE_IMPROVEMENT,STRICT_M1_LIMIT_PENETRATION,FILLED,0,0,-1.85,-0.4252873563218390804597701149,0.03333333333333333,TECHNICAL_ONLY_ABLATION,-4.35,-1,LOSS_1R,QRP-MACRO-LIQUIDITY-REVERSAL-001,0,4.35,NORMALIZED_LOW_COST,D1-20191217-BEARISH-M5-C2_FVG_BREAKER-FVG-003412-BREAKER-000371,0.50,1,8586.1,M5_C2_FVG_BREAKER,1.5,8577.725,M5
8584.25,8587.1,False,10,BREAKER,8583.4,8585.1,2,FVG-003412|BREAKER-000371,8583.4,8585.1,8582.75,8588.6,HYPOTHETICAL_SCENARIO_NOT_BROKER_FACT,2019-12-17 00:00:00,2019-12-18 14:20:00,BEARISH,2019-12-18 14:23:00,2019-12-18 14:24:00,8584.25,D1-20191217-BEARISH,STOP,8587.1,2019-12-18 14:33:00,MLR-TECH-ABL-001,2019-12-19 00:00:00,PREVIOUSLY_EXPOSED_WINDOW,C2_FVG_BREAKER,M1_STRICT_PENETRATION_NO_FAVORABLE_IMPROVEMENT,STRICT_M1_LIMIT_PENETRATION,FILLED,0,0.0,-2.85,-0.3630573248407643312101910828,0.15,TECHNICAL_ONLY_ABLATION,-7.85,-1,LOSS_1R,QRP-MACRO-LIQUIDITY-REVERSAL-001,0,7.85,NORMALIZED_MEDIUM_COST,D1-20191217-BEARISH-M5-C2_FVG_BREAKER-FVG-003412-BREAKER-000371,1.0,2,8587.1,M5_C2_FVG_BREAKER,1.5,8572.475,M5
8584.25,8591.1,False,63,BREAKER,8583.4,8585.1,4,FVG-003412|BREAKER-000371,8583.4,8585.1,8579.75,8595.6,HYPOTHETICAL_SCENARIO_NOT_BROKER_FACT,2019-12-17 00:00:00,2019-12-18 14:20:00,BEARISH,2019-12-18 14:23:00,2019-12-18 14:24:00,8584.25,D1-20191217-BEARISH,STOP,8591.1,2019-12-18 15:26:00,MLR-TECH-ABL-001,2019-12-19 00:00:00,PREVIOUSLY_EXPOSED_WINDOW,C2_FVG_BREAKER,M1_STRICT_PENETRATION_NO_FAVORABLE_IMPROVEMENT,STRICT_M1_LIMIT_PENETRATION,FILLED,0,0.00,-6.85,-0.3450881612090680100755667506,1.0333333333333334,TECHNICAL_ONLY_ABLATION,-19.85,-1,LOSS_1R,QRP-MACRO-LIQUIDITY-REVERSAL-001,0,19.85,NORMALIZED_HIGH_COST,D1-20191217-BEARISH-M5-C2_FVG_BREAKER-FVG-003412-BREAKER-000371,3.0,6,8591.1,M5_C2_FVG_BREAKER,1.5,8554.475,M5
8855.599999999999,8858.4,False,1,BREAKER,8854.8,8857.4,1.0,FVG-003540|BREAKER-000381,8854.8,8856.4,8854.849999999999,8859.15,HYPOTHETICAL_SCENARIO_NOT_BROKER_FACT,2020-01-07 00:00:00,2020-01-08 14:05:00,BEARISH,2020-01-08 14:06:00,2020-01-08 14:07:00,8855.599999999999,D1-20200107-BEARISH,ENTRY_BAR_STOP_ADVERSE,8858.4,2020-01-08 14:07:00,MLR-TECH-ABL-001,2020-01-09 00:00:00,PREVIOUSLY_EXPOSED_WINDOW,C2_FVG_BREAKER,M1_STRICT_PENETRATION_NO_FAVORABLE_IMPROVEMENT,STRICT_M1_LIMIT_PENETRATION,FILLED,0,0,-2.800000000001,-0.5283018867925418298326806525,0.0,TECHNICAL_ONLY_ABLATION,-5.300000000001,-1,LOSS_1R,QRP-MACRO-LIQUIDITY-REVERSAL-001,0,5.300000000001,NORMALIZED_LOW_COST,D1-20200107-BEARISH-M5-C2_FVG_BREAKER-FVG-003540-BREAKER-000381,0.50,1,8858.4,M5_C2_FVG_BREAKER,1.5,8847.6499999999975,M5
8855.599999999999,8859.4,False,1,BREAKER,8854.8,8857.4,2,FVG-003540|BREAKER-000381,8854.8,8856.4,8854.099999999999,8860.9,HYPOTHETICAL_SCENARIO_NOT_BROKER_FACT,2020-01-07 00:00:00,2020-01-08 14:05:00,BEARISH,2020-01-08 14:06:00,2020-01-08 14:07:00,8855.599999999999,D1-20200107-BEARISH,ENTRY_BAR_STOP_ADVERSE,8859.4,2020-01-08 14:07:00,MLR-TECH-ABL-001,2020-01-09 00:00:00,PREVIOUSLY_EXPOSED_WINDOW,C2_FVG_BREAKER,M1_STRICT_PENETRATION_NO_FAVORABLE_IMPROVEMENT,STRICT_M1_LIMIT_PENETRATION,FILLED,0,0.0,-3.800000000001,-0.4318181818182463842975206538,0.0,TECHNICAL_ONLY_ABLATION,-8.800000000001,-1,LOSS_1R,QRP-MACRO-LIQUIDITY-REVERSAL-001,0,8.800000000001,NORMALIZED_MEDIUM_COST,D1-20200107-BEARISH-M5-C2_FVG_BREAKER-FVG-003540-BREAKER-000381,1.0,2,8859.4,M5_C2_FVG_BREAKER,1.5,8842.3999999999975,M5
8855.599999999999,8863.4,False,50,BREAKER,8854.8,8857.4,4,FVG-003540|BREAKER-000381,8854.8,8856.4,8851.099999999999,8867.9,HYPOTHETICAL_SCENARIO_NOT_BROKER_FACT,2020-01-07 00:00:00,2020-01-08 14:05:00,BEARISH,2020-01-08 14:06:00,2020-01-08 14:07:00,8855.599999999999,D1-20200107-BEARISH,STOP,8863.4,2020-01-08 14:56:00,MLR-TECH-ABL-001,2020-01-09 00:00:00,PREVIOUSLY_EXPOSED_WINDOW,C2_FVG_BREAKER,M1_STRICT_PENETRATION_NO_FAVORABLE_IMPROVEMENT,STRICT_M1_LIMIT_PENETRATION,FILLED,0,0.00,-7.800000000001,-0.3750000000000300480769230755,0.8166666666666667,TECHNICAL_ONLY_ABLATION,-20.800000000001,-1,LOSS_1R,QRP-MACRO-LIQUIDITY-REVERSAL-001,0,20.800000000001,NORMALIZED_HIGH_COST,D1-20200107-BEARISH-M5-C2_FVG_BREAKER-FVG-003540-BREAKER-000381,3.0,6,8863.4,M5_C2_FVG_BREAKER,1.5,8824.3999999999975,M5
9035.05,9038.2,False,1,BREAKER,9034.9,9037.2,1.0,FVG-003723|BREAKER-000399,9034.9,9035.2,9034.30,9038.95,HYPOTHETICAL_SCENARIO_NOT_BROKER_FACT,2020-01-14 00:00:00,2020-01-15 10:20:00,BEARISH,2020-01-15 10:22:00,2020-01-15 10:23:00,9035.05,D1-20200114-BEARISH,ENTRY_BAR_STOP_ADVERSE,9038.2,2020-01-15 10:23:00,MLR-TECH-ABL-001,2020-01-16 00:00:00,PREVIOUSLY_EXPOSED_WINDOW,C2_FVG_BREAKER,M1_STRICT_PENETRATION_NO_FAVORABLE_IMPROVEMENT,STRICT_M1_LIMIT_PENETRATION,FILLED,0,0,-3.15,-0.5575221238938053097345132743,0.0,TECHNICAL_ONLY_ABLATION,-5.65,-1,LOSS_1R,QRP-MACRO-LIQUIDITY-REVERSAL-001,0,5.65,NORMALIZED_LOW_COST,D1-20200114-BEARISH-M5-C2_FVG_BREAKER-FVG-003723-BREAKER-000399,0.50,1,9038.2,M5_C2_FVG_BREAKER,1.5,9026.575,M5
9035.05,9039.2,False,10,BREAKER,9034.9,9037.2,2,FVG-003723|BREAKER-000399,9034.9,9035.2,9033.55,9040.7,HYPOTHETICAL_SCENARIO_NOT_BROKER_FACT,2020-01-14 00:00:00,2020-01-15 10:20:00,BEARISH,2020-01-15 10:22:00,2020-01-15 10:23:00,9035.05,D1-20200114-BEARISH,STOP,9039.2,2020-01-15 10:32:00,MLR-TECH-ABL-001,2020-01-16 00:00:00,PREVIOUSLY_EXPOSED_WINDOW,C2_FVG_BREAKER,M1_STRICT_PENETRATION_NO_FAVORABLE_IMPROVEMENT,STRICT_M1_LIMIT_PENETRATION,FILLED,0,0.0,-4.15,-0.4535519125683060109289617486,0.15,TECHNICAL_ONLY_ABLATION,-9.15,-1,LOSS_1R,QRP-MACRO-LIQUIDITY-REVERSAL-001,0,9.15,NORMALIZED_MEDIUM_COST,D1-20200114-BEARISH-M5-C2_FVG_BREAKER-FVG-003723-BREAKER-000399,1.0,2,9039.2,M5_C2_FVG_BREAKER,1.5,9021.325,M5
9035.05,9043.2,False,14,BREAKER,9034.9,9037.2,4,FVG-003723|BREAKER-000399,9034.9,9035.2,9030.55,9047.7,HYPOTHETICAL_SCENARIO_NOT_BROKER_FACT,2020-01-14 00:00:00,2020-01-15 10:20:00,BEARISH,2020-01-15 10:22:00,2020-01-15 10:23:00,9035.05,D1-20200114-BEARISH,STOP,9043.2,2020-01-15 10:36:00,MLR-TECH-ABL-001,2020-01-16 00:00:00,PREVIOUSLY_EXPOSED_WINDOW,C2_FVG_BREAKER,M1_STRICT_PENETRATION_NO_FAVORABLE_IMPROVEMENT,STRICT_M1_LIMIT_PENETRATION,FILLED,0,0.00,-8.15,-0.3853427895981087470449172577,0.21666666666666667,TECHNICAL_ONLY_ABLATION,-21.15,-1,LOSS_1R,QRP-MACRO-LIQUIDITY-REVERSAL-001,0,21.15,NORMALIZED_HIGH_COST,D1-20200114-BEARISH-M5-C2_FVG_BREAKER-FVG-003723-BREAKER-000399,3.0,6,9043.2,M5_C2_FVG_BREAKER,1.5,9003.325,M5
9037.900000000001,9026.8000000000025,False,23,BREAKER,9036.2,9041.8,1.0,FVG-003949|BREAKER-000420,9036.2,9039.6,9037.150000000001,9027.5500000000025,HYPOTHETICAL_SCENARIO_NOT_BROKER_FACT,2020-01-29 00:00:00,2020-01-30 12:30:00,BEARISH,2020-01-30 12:47:00,2020-01-30 12:48:00,9037.900000000001,D1-20200129-BEARISH,TARGET_1_5R,9026.8000000000025,2020-01-30 13:10:00,MLR-TECH-ABL-001,2020-01-31 00:00:00,PREVIOUSLY_EXPOSED_WINDOW,C2_FVG_BREAKER,M1_STRICT_PENETRATION_NO_FAVORABLE_IMPROVEMENT,STRICT_M1_LIMIT_PENETRATION,FILLED,0,0,11.0999999999985,1.5,0.36666666666666664,TECHNICAL_ONLY_ABLATION,8.5999999999985,1.162162162162116508400292178,WIN_TARGET_1_5R,QRP-MACRO-LIQUIDITY-REVERSAL-001,0,7.399999999999,NORMALIZED_LOW_COST,D1-20200129-BEARISH-M5-C2_FVG_BREAKER-FVG-003949-BREAKER-000420,0.50,1,9042.8,M5_C2_FVG_BREAKER,1.5,9026.8000000000025,M5
9037.900000000001,9021.5500000000025,False,28,BREAKER,9036.2,9041.8,2,FVG-003949|BREAKER-000420,9036.2,9039.6,9036.400000000001,9023.0500000000025,HYPOTHETICAL_SCENARIO_NOT_BROKER_FACT,2020-01-29 00:00:00,2020-01-30 12:30:00,BEARISH,2020-01-30 12:47:00,2020-01-30 12:48:00,9037.900000000001,D1-20200129-BEARISH,TARGET_1_5R,9021.5500000000025,2020-01-30 13:15:00,MLR-TECH-ABL-001,2020-01-31 00:00:00,PREVIOUSLY_EXPOSED_WINDOW,C2_FVG_BREAKER,M1_STRICT_PENETRATION_NO_FAVORABLE_IMPROVEMENT,STRICT_M1_LIMIT_PENETRATION,FILLED,0,0.0,16.3499999999985,1.5,0.45,TECHNICAL_ONLY_ABLATION,11.3499999999985,1.041284403669682686642538503,WIN_TARGET_1_5R,QRP-MACRO-LIQUIDITY-REVERSAL-001,0,10.899999999999,NORMALIZED_MEDIUM_COST,D1-20200129-BEARISH-M5-C2_FVG_BREAKER-FVG-003949-BREAKER-000420,1.0,2,9043.8,M5_C2_FVG_BREAKER,1.5,9021.5500000000025,M5
9037.900000000001,9047.8,False,160,BREAKER,9036.2,9041.8,4,FVG-003949|BREAKER-000420,9036.2,9039.6,9033.400000000001,9052.3,HYPOTHETICAL_SCENARIO_NOT_BROKER_FACT,2020-01-29 00:00:00,2020-01-30 12:30:00,BEARISH,2020-01-30 12:47:00,2020-01-30 12:48:00,9037.900000000001,D1-20200129-BEARISH,STOP,9047.8,2020-01-30 15:27:00,MLR-TECH-ABL-001,2020-01-31 00:00:00,PREVIOUSLY_EXPOSED_WINDOW,C2_FVG_BREAKER,M1_STRICT_PENETRATION_NO_FAVORABLE_IMPROVEMENT,STRICT_M1_LIMIT_PENETRATION,FILLED,0,0.00,-9.899999999999,-0.4323144104803245552144314552,2.65,TECHNICAL_ONLY_ABLATION,-22.899999999999,-1,LOSS_1R,QRP-MACRO-LIQUIDITY-REVERSAL-001,0,22.899999999999,NORMALIZED_HIGH_COST,D1-20200129-BEARISH-M5-C2_FVG_BREAKER-FVG-003949-BREAKER-000420,3.0,6,9047.8,M5_C2_FVG_BREAKER,1.5,9003.5500000000025,M5
9628.2,9631.0,False,3,BREAKER,9627.3,9630.0,1.0,FVG-004174|BREAKER-000437,9627.3,9629.1,9627.45,9631.75,HYPOTHETICAL_SCENARIO_NOT_BROKER_FACT,2020-02-13 00:00:00,2020-02-14 15:40:00,BEARISH,2020-02-14 16:33:00,2020-02-14 16:34:00,9628.2,D1-20200213-BEARISH,STOP,9631.0,2020-02-14 16:36:00,MLR-TECH-ABL-001,2020-02-15 00:00:00,PREVIOUSLY_EXPOSED_WINDOW,C2_FVG_BREAKER,M1_STRICT_PENETRATION_NO_FAVORABLE_IMPROVEMENT,STRICT_M1_LIMIT_PENETRATION,FILLED,0,0,-2.8,-0.5283018867924528301886792453,0.03333333333333333,TECHNICAL_ONLY_ABLATION,-5.30,-1,LOSS_1R,QRP-MACRO-LIQUIDITY-REVERSAL-001,0,5.30,NORMALIZED_LOW_COST,D1-20200213-BEARISH-M5-C2_FVG_BREAKER-FVG-004174-BREAKER-000437,0.50,1,9631.0,M5_C2_FVG_BREAKER,1.5,9620.250,M5
9628.2,9632.0,False,3,BREAKER,9627.3,9630.0,2,FVG-004174|BREAKER-000437,9627.3,9629.1,9626.7,9633.5,HYPOTHETICAL_SCENARIO_NOT_BROKER_FACT,2020-02-13 00:00:00,2020-02-14 15:40:00,BEARISH,2020-02-14 16:33:00,2020-02-14 16:34:00,9628.2,D1-20200213-BEARISH,STOP,9632.0,2020-02-14 16:36:00,MLR-TECH-ABL-001,2020-02-15 00:00:00,PREVIOUSLY_EXPOSED_WINDOW,C2_FVG_BREAKER,M1_STRICT_PENETRATION_NO_FAVORABLE_IMPROVEMENT,STRICT_M1_LIMIT_PENETRATION,FILLED,0,0.0,-3.8,-0.4318181818181818181818181818,0.03333333333333333,TECHNICAL_ONLY_ABLATION,-8.8,-1,LOSS_1R,QRP-MACRO-LIQUIDITY-REVERSAL-001,0,8.8,NORMALIZED_MEDIUM_COST,D1-20200213-BEARISH-M5-C2_FVG_BREAKER-FVG-004174-BREAKER-000437,1.0,2,9632.0,M5_C2_FVG_BREAKER,1.5,9615.00,M5
9628.2,9597.00,False,20,BREAKER,9627.3,9630.0,4,FVG-004174|BREAKER-000437,9627.3,9629.1,9623.7,9601.50,HYPOTHETICAL_SCENARIO_NOT_BROKER_FACT,2020-02-13 00:00:00,2020-02-14 15:40:00,BEARISH,2020-02-14 16:33:00,2020-02-14 16:34:00,9628.2,D1-20200213-BEARISH,TARGET_1_5R,9597.00,2020-02-14 16:53:00,MLR-TECH-ABL-001,2020-02-15 00:00:00,PREVIOUSLY_EXPOSED_WINDOW,C2_FVG_BREAKER,M1_STRICT_PENETRATION_NO_FAVORABLE_IMPROVEMENT,STRICT_M1_LIMIT_PENETRATION,FILLED,0,0.00,31.20,1.5,0.31666666666666665,TECHNICAL_ONLY_ABLATION,18.20,0.875,WIN_TARGET_1_5R,QRP-MACRO-LIQUIDITY-REVERSAL-001,0,20.8,NORMALIZED_HIGH_COST,D1-20200213-BEARISH-M5-C2_FVG_BREAKER-FVG-004174-BREAKER-000437,3.0,6,9636.0,M5_C2_FVG_BREAKER,1.5,9597.00,M5
,,False,0,BREAKER,7489.4,7508.9,0,FVG-004375|BREAKER-000463,7489.4,7498.7,,,HYPOTHETICAL_SCENARIO_NOT_BROKER_FACT,2020-04-02 00:00:00,2020-04-03 23:00:00,BULLISH,,,,D1-20200402-BULLISH,MIDPOINT_NOT_STRICTLY_PENETRATED,,,MLR-TECH-ABL-001,2020-04-04 00:00:00,PREVIOUSLY_EXPOSED_WINDOW,C2_FVG_BREAKER,M1_PATH,MIDPOINT_NOT_STRICTLY_PENETRATED,NO_FILL,0,0,,,,TECHNICAL_ONLY_ABLATION,,,NO_FILL,QRP-MACRO-LIQUIDITY-REVERSAL-001,0,,NORMALIZED_LOW_COST,D1-20200402-BULLISH-M5-C2_FVG_BREAKER-FVG-004375-BREAKER-000463,0,0,,M5_C2_FVG_BREAKER,1.5,,M5
,,False,0,BREAKER,7489.4,7508.9,0,FVG-004375|BREAKER-000463,7489.4,7498.7,,,HYPOTHETICAL_SCENARIO_NOT_BROKER_FACT,2020-04-02 00:00:00,2020-04-03 23:00:00,BULLISH,,,,D1-20200402-BULLISH,MIDPOINT_NOT_STRICTLY_PENETRATED,,,MLR-TECH-ABL-001,2020-04-04 00:00:00,PREVIOUSLY_EXPOSED_WINDOW,C2_FVG_BREAKER,M1_PATH,MIDPOINT_NOT_STRICTLY_PENETRATED,NO_FILL,0,0,,,,TECHNICAL_ONLY_ABLATION,,,NO_FILL,QRP-MACRO-LIQUIDITY-REVERSAL-001,0,,NORMALIZED_MEDIUM_COST,D1-20200402-BULLISH-M5-C2_FVG_BREAKER-FVG-004375-BREAKER-000463,0,0,,M5_C2_FVG_BREAKER,1.5,,M5
,,False,0,BREAKER,7489.4,7508.9,0,FVG-004375|BREAKER-000463,7489.4,7498.7,,,HYPOTHETICAL_SCENARIO_NOT_BROKER_FACT,2020-04-02 00:00:00,2020-04-03 23:00:00,BULLISH,,,,D1-20200402-BULLISH,MIDPOINT_NOT_STRICTLY_PENETRATED,,,MLR-TECH-ABL-001,2020-04-04 00:00:00,PREVIOUSLY_EXPOSED_WINDOW,C2_FVG_BREAKER,M1_PATH,MIDPOINT_NOT_STRICTLY_PENETRATED,NO_FILL,0,0,,,,TECHNICAL_ONLY_ABLATION,,,NO_FILL,QRP-MACRO-LIQUIDITY-REVERSAL-001,0,,NORMALIZED_HIGH_COST,D1-20200402-BULLISH-M5-C2_FVG_BREAKER-FVG-004375-BREAKER-000463,0,0,,M5_C2_FVG_BREAKER,1.5,,M5
8539.5,8547.6,False,8,BREAKER,8537.9,8546.6,1.0,FVG-004479|BREAKER-000478,8537.9,8541.1,8538.75,8548.35,HYPOTHETICAL_SCENARIO_NOT_BROKER_FACT,2020-04-23 00:00:00,2020-04-24 08:30:00,BEARISH,2020-04-24 08:30:00,2020-04-24 08:31:00,8539.5,D1-20200423-BEARISH,STOP,8547.6,2020-04-24 08:38:00,MLR-TECH-ABL-001,2020-04-25 00:00:00,PREVIOUSLY_EXPOSED_WINDOW,C2_FVG_BREAKER,M1_STRICT_PENETRATION_NO_FAVORABLE_IMPROVEMENT,STRICT_M1_LIMIT_PENETRATION,FILLED,0,0,-8.1,-0.7641509433962264150943396226,0.11666666666666667,TECHNICAL_ONLY_ABLATION,-10.60,-1,LOSS_1R,QRP-MACRO-LIQUIDITY-REVERSAL-001,0,10.60,NORMALIZED_LOW_COST,D1-20200423-BEARISH-M5-C2_FVG_BREAKER-FVG-004479-BREAKER-000478,0.50,1,8547.6,M5_C2_FVG_BREAKER,1.5,8523.600,M5
8539.5,8548.6,False,16,BREAKER,8537.9,8546.6,2,FVG-004479|BREAKER-000478,8537.9,8541.1,8538.0,8550.1,HYPOTHETICAL_SCENARIO_NOT_BROKER_FACT,2020-04-23 00:00:00,2020-04-24 08:30:00,BEARISH,2020-04-24 08:30:00,2020-04-24 08:31:00,8539.5,D1-20200423-BEARISH,STOP,8548.6,2020-04-24 08:46:00,MLR-TECH-ABL-001,2020-04-25 00:00:00,PREVIOUSLY_EXPOSED_WINDOW,C2_FVG_BREAKER,M1_STRICT_PENETRATION_NO_FAVORABLE_IMPROVEMENT,STRICT_M1_LIMIT_PENETRATION,FILLED,0,0.0,-9.1,-0.6453900709219858156028368794,0.25,TECHNICAL_ONLY_ABLATION,-14.1,-1,LOSS_1R,QRP-MACRO-LIQUIDITY-REVERSAL-001,0,14.1,NORMALIZED_MEDIUM_COST,D1-20200423-BEARISH-M5-C2_FVG_BREAKER-FVG-004479-BREAKER-000478,1.0,2,8548.6,M5_C2_FVG_BREAKER,1.5,8518.35,M5
8539.5,8552.6,False,48,BREAKER,8537.9,8546.6,4,FVG-004479|BREAKER-000478,8537.9,8541.1,8535.0,8557.1,HYPOTHETICAL_SCENARIO_NOT_BROKER_FACT,2020-04-23 00:00:00,2020-04-24 08:30:00,BEARISH,2020-04-24 08:30:00,2020-04-24 08:31:00,8539.5,D1-20200423-BEARISH,STOP,8552.6,2020-04-24 09:18:00,MLR-TECH-ABL-001,2020-04-25 00:00:00,PREVIOUSLY_EXPOSED_WINDOW,C2_FVG_BREAKER,M1_STRICT_PENETRATION_NO_FAVORABLE_IMPROVEMENT,STRICT_M1_LIMIT_PENETRATION,FILLED,0,0.00,-13.1,-0.5019157088122605363984674330,0.7833333333333333,TECHNICAL_ONLY_ABLATION,-26.10,-1.0,LOSS_1R,QRP-MACRO-LIQUIDITY-REVERSAL-001,0,26.1,NORMALIZED_HIGH_COST,D1-20200423-BEARISH-M5-C2_FVG_BREAKER-FVG-004479-BREAKER-000478,3.0,6,8552.6,M5_C2_FVG_BREAKER,1.5,8500.35,M5
9091.25,9093.1,False,1,BREAKER,9089.6,9092.1,1.0,FVG-004662|BREAKER-000503,9090.4,9092.1,9090.50,9093.85,HYPOTHETICAL_SCENARIO_NOT_BROKER_FACT,2020-05-06 00:00:00,2020-05-07 15:15:00,BEARISH,2020-05-07 15:16:00,2020-05-07 15:17:00,9091.25,D1-20200506-BEARISH,ENTRY_BAR_STOP_ADVERSE,9093.1,2020-05-07 15:17:00,MLR-TECH-ABL-001,2020-05-08 00:00:00,PREVIOUSLY_EXPOSED_WINDOW,C2_FVG_BREAKER,M1_STRICT_PENETRATION_NO_FAVORABLE_IMPROVEMENT,STRICT_M1_LIMIT_PENETRATION,FILLED,0,0,-1.85,-0.4252873563218390804597701149,0.0,TECHNICAL_ONLY_ABLATION,-4.35,-1,LOSS_1R,QRP-MACRO-LIQUIDITY-REVERSAL-001,0,4.35,NORMALIZED_LOW_COST,D1-20200506-BEARISH-M5-C2_FVG_BREAKER-FVG-004662-BREAKER-000503,0.50,1,9093.1,M5_C2_FVG_BREAKER,1.5,9084.725,M5
9091.25,9094.1,False,2,BREAKER,9089.6,9092.1,2,FVG-004662|BREAKER-000503,9090.4,9092.1,9089.75,9095.6,HYPOTHETICAL_SCENARIO_NOT_BROKER_FACT,2020-05-06 00:00:00,2020-05-07 15:15:00,BEARISH,2020-05-07 15:16:00,2020-05-07 15:17:00,9091.25,D1-20200506-BEARISH,STOP,9094.1,2020-05-07 15:18:00,MLR-TECH-ABL-001,2020-05-08 00:00:00,PREVIOUSLY_EXPOSED_WINDOW,C2_FVG_BREAKER,M1_STRICT_PENETRATION_NO_FAVORABLE_IMPROVEMENT,STRICT_M1_LIMIT_PENETRATION,FILLED,0,0.0,-2.85,-0.3630573248407643312101910828,0.016666666666666666,TECHNICAL_ONLY_ABLATION,-7.85,-1,LOSS_1R,QRP-MACRO-LIQUIDITY-REVERSAL-001,0,7.85,NORMALIZED_MEDIUM_COST,D1-20200506-BEARISH-M5-C2_FVG_BREAKER-FVG-004662-BREAKER-000503,1.0,2,9094.1,M5_C2_FVG_BREAKER,1.5,9079.475,M5
9091.25,9098.1,False,10,BREAKER,9089.6,9092.1,4,FVG-004662|BREAKER-000503,9090.4,9092.1,9086.75,9102.6,HYPOTHETICAL_SCENARIO_NOT_BROKER_FACT,2020-05-06 00:00:00,2020-05-07 15:15:00,BEARISH,2020-05-07 15:16:00,2020-05-07 15:17:00,9091.25,D1-20200506-BEARISH,STOP,9098.1,2020-05-07 15:26:00,MLR-TECH-ABL-001,2020-05-08 00:00:00,PREVIOUSLY_EXPOSED_WINDOW,C2_FVG_BREAKER,M1_STRICT_PENETRATION_NO_FAVORABLE_IMPROVEMENT,STRICT_M1_LIMIT_PENETRATION,FILLED,0,0.00,-6.85,-0.3450881612090680100755667506,0.15,TECHNICAL_ONLY_ABLATION,-19.85,-1,LOSS_1R,QRP-MACRO-LIQUIDITY-REVERSAL-001,0,19.85,NORMALIZED_HIGH_COST,D1-20200506-BEARISH-M5-C2_FVG_BREAKER-FVG-004662-BREAKER-000503,3.0,6,9098.1,M5_C2_FVG_BREAKER,1.5,9061.475,M5
10813.15,10818.5,False,1,BREAKER,10808.8,10817.5,1.0,FVG-004814|BREAKER-000525,10808.8,10817.5,10812.40,10819.25,HYPOTHETICAL_SCENARIO_NOT_BROKER_FACT,2020-07-21 00:00:00,2020-07-22 18:00:00,BEARISH,2020-07-22 18:00:00,2020-07-22 18:01:00,10813.15,D1-20200721-BEARISH,ENTRY_BAR_STOP_ADVERSE,10818.5,2020-07-22 18:01:00,MLR-TECH-ABL-001,2020-07-23 00:00:00,PREVIOUSLY_EXPOSED_WINDOW,C2_FVG_BREAKER,M1_STRICT_PENETRATION_NO_FAVORABLE_IMPROVEMENT,STRICT_M1_LIMIT_PENETRATION,FILLED,0,0,-5.35,-0.6815286624203821656050955414,0.0,TECHNICAL_ONLY_ABLATION,-7.85,-1,LOSS_1R,QRP-MACRO-LIQUIDITY-REVERSAL-001,0,7.85,NORMALIZED_LOW_COST,D1-20200721-BEARISH-M5-C2_FVG_BREAKER-FVG-004814-BREAKER-000525,0.50,1,10818.5,M5_C2_FVG_BREAKER,1.5,10801.375,M5
10813.15,10819.5,False,2,BREAKER,10808.8,10817.5,2,FVG-004814|BREAKER-000525,10808.8,10817.5,10811.65,10821.0,HYPOTHETICAL_SCENARIO_NOT_BROKER_FACT,2020-07-21 00:00:00,2020-07-22 18:00:00,BEARISH,2020-07-22 18:00:00,2020-07-22 18:01:00,10813.15,D1-20200721-BEARISH,STOP,10819.5,2020-07-22 18:02:00,MLR-TECH-ABL-001,2020-07-23 00:00:00,PREVIOUSLY_EXPOSED_WINDOW,C2_FVG_BREAKER,M1_STRICT_PENETRATION_NO_FAVORABLE_IMPROVEMENT,STRICT_M1_LIMIT_PENETRATION,FILLED,0,0.0,-6.35,-0.5594713656387665198237885463,0.016666666666666666,TECHNICAL_ONLY_ABLATION,-11.35,-1,LOSS_1R,QRP-MACRO-LIQUIDITY-REVERSAL-001,0,11.35,NORMALIZED_MEDIUM_COST,D1-20200721-BEARISH-M5-C2_FVG_BREAKER-FVG-004814-BREAKER-000525,1.0,2,10819.5,M5_C2_FVG_BREAKER,1.5,10796.125,M5
10813.15,10823.5,False,5,BREAKER,10808.8,10817.5,4,FVG-004814|BREAKER-000525,10808.8,10817.5,10808.65,10828.0,HYPOTHETICAL_SCENARIO_NOT_BROKER_FACT,2020-07-21 00:00:00,2020-07-22 18:00:00,BEARISH,2020-07-22 18:00:00,2020-07-22 18:01:00,10813.15,D1-20200721-BEARISH,STOP,10823.5,2020-07-22 18:05:00,MLR-TECH-ABL-001,2020-07-23 00:00:00,PREVIOUSLY_EXPOSED_WINDOW,C2_FVG_BREAKER,M1_STRICT_PENETRATION_NO_FAVORABLE_IMPROVEMENT,STRICT_M1_LIMIT_PENETRATION,FILLED,0,0.00,-10.35,-0.4432548179871520342612419700,0.06666666666666667,TECHNICAL_ONLY_ABLATION,-23.35,-1,LOSS_1R,QRP-MACRO-LIQUIDITY-REVERSAL-001,0,23.35,NORMALIZED_HIGH_COST,D1-20200721-BEARISH-M5-C2_FVG_BREAKER-FVG-004814-BREAKER-000525,3.0,6,10823.5,M5_C2_FVG_BREAKER,1.5,10778.125,M5
11159.45,11171.9,False,24,BREAKER,11149.7,11170.9,1.0,FVG-004966|BREAKER-000544,11153.3,11165.6,11158.70,11172.65,HYPOTHETICAL_SCENARIO_NOT_BROKER_FACT,2020-08-13 00:00:00,2020-08-14 13:15:00,BEARISH,2020-08-14 13:26:00,2020-08-14 13:27:00,11159.45,D1-20200813-BEARISH,STOP,11171.9,2020-08-14 13:50:00,MLR-TECH-ABL-001,2020-08-15 00:00:00,PREVIOUSLY_EXPOSED_WINDOW,C2_FVG_BREAKER,M1_STRICT_PENETRATION_NO_FAVORABLE_IMPROVEMENT,STRICT_M1_LIMIT_PENETRATION,FILLED,0,0,-12.45,-0.8327759197324414715719063545,0.38333333333333336,TECHNICAL_ONLY_ABLATION,-14.95,-1,LOSS_1R,QRP-MACRO-LIQUIDITY-REVERSAL-001,0,14.95,NORMALIZED_LOW_COST,D1-20200813-BEARISH-M5-C2_FVG_BREAKER-FVG-004966-BREAKER-000544,0.50,1,11171.9,M5_C2_FVG_BREAKER,1.5,11137.025,M5
11159.45,11172.9,False,24,BREAKER,11149.7,11170.9,2,FVG-004966|BREAKER-000544,11153.3,11165.6,11157.95,11174.4,HYPOTHETICAL_SCENARIO_NOT_BROKER_FACT,2020-08-13 00:00:00,2020-08-14 13:15:00,BEARISH,2020-08-14 13:26:00,2020-08-14 13:27:00,11159.45,D1-20200813-BEARISH,STOP,11172.9,2020-08-14 13:50:00,MLR-TECH-ABL-001,2020-08-15 00:00:00,PREVIOUSLY_EXPOSED_WINDOW,C2_FVG_BREAKER,M1_STRICT_PENETRATION_NO_FAVORABLE_IMPROVEMENT,STRICT_M1_LIMIT_PENETRATION,FILLED,0,0.0,-13.45,-0.7289972899728997289972899729,0.38333333333333336,TECHNICAL_ONLY_ABLATION,-18.45,-1,LOSS_1R,QRP-MACRO-LIQUIDITY-REVERSAL-001,0,18.45,NORMALIZED_MEDIUM_COST,D1-20200813-BEARISH-M5-C2_FVG_BREAKER-FVG-004966-BREAKER-000544,1.0,2,11172.9,M5_C2_FVG_BREAKER,1.5,11131.775,M5
11159.45,11176.9,False,25,BREAKER,11149.7,11170.9,4,FVG-004966|BREAKER-000544,11153.3,11165.6,11154.95,11181.4,HYPOTHETICAL_SCENARIO_NOT_BROKER_FACT,2020-08-13 00:00:00,2020-08-14 13:15:00,BEARISH,2020-08-14 13:26:00,2020-08-14 13:27:00,11159.45,D1-20200813-BEARISH,STOP,11176.9,2020-08-14 13:51:00,MLR-TECH-ABL-001,2020-08-15 00:00:00,PREVIOUSLY_EXPOSED_WINDOW,C2_FVG_BREAKER,M1_STRICT_PENETRATION_NO_FAVORABLE_IMPROVEMENT,STRICT_M1_LIMIT_PENETRATION,FILLED,0,0.00,-17.45,-0.5730706075533661740558292282,0.4,TECHNICAL_ONLY_ABLATION,-30.45,-1,LOSS_1R,QRP-MACRO-LIQUIDITY-REVERSAL-001,0,30.45,NORMALIZED_HIGH_COST,D1-20200813-BEARISH-M5-C2_FVG_BREAKER-FVG-004966-BREAKER-000544,3.0,6,11176.9,M5_C2_FVG_BREAKER,1.5,11113.775,M5
12141.099999999999,12130.2999999999975,False,30,BREAKER,12139.0,12144.8,1.0,FVG-005152|BREAKER-000564,12139.8,12142.4,12140.349999999999,12131.0499999999975,HYPOTHETICAL_SCENARIO_NOT_BROKER_FACT,2020-10-13 00:00:00,2020-10-14 08:30:00,BEARISH,2020-10-14 08:35:00,2020-10-14 08:36:00,12141.099999999999,D1-20201013-BEARISH,TARGET_1_5R,12130.2999999999975,2020-10-14 09:05:00,MLR-TECH-ABL-001,2020-10-15 00:00:00,PREVIOUSLY_EXPOSED_WINDOW,C2_FVG_BREAKER,M1_STRICT_PENETRATION_NO_FAVORABLE_IMPROVEMENT,STRICT_M1_LIMIT_PENETRATION,FILLED,0,0,10.8000000000015,1.5,0.48333333333333334,TECHNICAL_ONLY_ABLATION,8.3000000000015,1.152777777777826003086419746,WIN_TARGET_1_5R,QRP-MACRO-LIQUIDITY-REVERSAL-001,0,7.200000000001,NORMALIZED_LOW_COST,D1-20201013-BEARISH-M5-C2_FVG_BREAKER-FVG-005152-BREAKER-000564,0.50,1,12145.8,M5_C2_FVG_BREAKER,1.5,12130.2999999999975,M5
12141.099999999999,12146.8,False,43,BREAKER,12139.0,12144.8,2,FVG-005152|BREAKER-000564,12139.8,12142.4,12139.599999999999,12148.3,HYPOTHETICAL_SCENARIO_NOT_BROKER_FACT,2020-10-13 00:00:00,2020-10-14 08:30:00,BEARISH,2020-10-14 08:35:00,2020-10-14 08:36:00,12141.099999999999,D1-20201013-BEARISH,STOP,12146.8,2020-10-14 09:18:00,MLR-TECH-ABL-001,2020-10-15 00:00:00,PREVIOUSLY_EXPOSED_WINDOW,C2_FVG_BREAKER,M1_STRICT_PENETRATION_NO_FAVORABLE_IMPROVEMENT,STRICT_M1_LIMIT_PENETRATION,FILLED,0,0.0,-5.700000000001,-0.5327102803738754476373482359,0.7,TECHNICAL_ONLY_ABLATION,-10.700000000001,-1,LOSS_1R,QRP-MACRO-LIQUIDITY-REVERSAL-001,0,10.700000000001,NORMALIZED_MEDIUM_COST,D1-20201013-BEARISH-M5-C2_FVG_BREAKER-FVG-005152-BREAKER-000564,1.0,2,12146.8,M5_C2_FVG_BREAKER,1.5,12125.0499999999975,M5
12141.099999999999,12150.8,False,47,BREAKER,12139.0,12144.8,4,FVG-005152|BREAKER-000564,12139.8,12142.4,12136.599999999999,12155.3,HYPOTHETICAL_SCENARIO_NOT_BROKER_FACT,2020-10-13 00:00:00,2020-10-14 08:30:00,BEARISH,2020-10-14 08:35:00,2020-10-14 08:36:00,12141.099999999999,D1-20201013-BEARISH,STOP,12150.8,2020-10-14 09:22:00,MLR-TECH-ABL-001,2020-10-15 00:00:00,PREVIOUSLY_EXPOSED_WINDOW,C2_FVG_BREAKER,M1_STRICT_PENETRATION_NO_FAVORABLE_IMPROVEMENT,STRICT_M1_LIMIT_PENETRATION,FILLED,0,0.00,-9.700000000001,-0.4273127753304217042830250916,0.7666666666666667,TECHNICAL_ONLY_ABLATION,-22.700000000001,-1,LOSS_1R,QRP-MACRO-LIQUIDITY-REVERSAL-001,0,22.700000000001,NORMALIZED_HIGH_COST,D1-20201013-BEARISH-M5-C2_FVG_BREAKER-FVG-005152-BREAKER-000564,3.0,6,12150.8,M5_C2_FVG_BREAKER,1.5,12107.0499999999975,M5
11902.8,11910.9,False,7,BREAKER,11901.4,11909.9,1.0,FVG-005372|BREAKER-000592,11901.4,11904.2,11902.05,11911.65,HYPOTHETICAL_SCENARIO_NOT_BROKER_FACT,2020-11-12 00:00:00,2020-11-13 14:55:00,BEARISH,2020-11-13 15:01:00,2020-11-13 15:02:00,11902.8,D1-20201112-BEARISH,STOP,11910.9,2020-11-13 15:08:00,MLR-TECH-ABL-001,2020-11-14 00:00:00,PREVIOUSLY_EXPOSED_WINDOW,C2_FVG_BREAKER,M1_STRICT_PENETRATION_NO_FAVORABLE_IMPROVEMENT,STRICT_M1_LIMIT_PENETRATION,FILLED,0,0,-8.1,-0.7641509433962264150943396226,0.1,TECHNICAL_ONLY_ABLATION,-10.60,-1,LOSS_1R,QRP-MACRO-LIQUIDITY-REVERSAL-001,0,10.60,NORMALIZED_LOW_COST,D1-20201112-BEARISH-M5-C2_FVG_BREAKER-FVG-005372-BREAKER-000592,0.50,1,11910.9,M5_C2_FVG_BREAKER,1.5,11886.900,M5
11902.8,11911.9,False,28,BREAKER,11901.4,11909.9,2,FVG-005372|BREAKER-000592,11901.4,11904.2,11901.3,11913.4,HYPOTHETICAL_SCENARIO_NOT_BROKER_FACT,2020-11-12 00:00:00,2020-11-13 14:55:00,BEARISH,2020-11-13 15:01:00,2020-11-13 15:02:00,11902.8,D1-20201112-BEARISH,STOP,11911.9,2020-11-13 15:29:00,MLR-TECH-ABL-001,2020-11-14 00:00:00,PREVIOUSLY_EXPOSED_WINDOW,C2_FVG_BREAKER,M1_STRICT_PENETRATION_NO_FAVORABLE_IMPROVEMENT,STRICT_M1_LIMIT_PENETRATION,FILLED,0,0.0,-9.1,-0.6453900709219858156028368794,0.45,TECHNICAL_ONLY_ABLATION,-14.1,-1,LOSS_1R,QRP-MACRO-LIQUIDITY-REVERSAL-001,0,14.1,NORMALIZED_MEDIUM_COST,D1-20201112-BEARISH-M5-C2_FVG_BREAKER-FVG-005372-BREAKER-000592,1.0,2,11911.9,M5_C2_FVG_BREAKER,1.5,11881.65,M5
11902.8,11915.9,False,30,BREAKER,11901.4,11909.9,4,FVG-005372|BREAKER-000592,11901.4,11904.2,11898.3,11920.4,HYPOTHETICAL_SCENARIO_NOT_BROKER_FACT,2020-11-12 00:00:00,2020-11-13 14:55:00,BEARISH,2020-11-13 15:01:00,2020-11-13 15:02:00,11902.8,D1-20201112-BEARISH,STOP,11915.9,2020-11-13 15:31:00,MLR-TECH-ABL-001,2020-11-14 00:00:00,PREVIOUSLY_EXPOSED_WINDOW,C2_FVG_BREAKER,M1_STRICT_PENETRATION_NO_FAVORABLE_IMPROVEMENT,STRICT_M1_LIMIT_PENETRATION,FILLED,0,0.00,-13.1,-0.5019157088122605363984674330,0.48333333333333334,TECHNICAL_ONLY_ABLATION,-26.10,-1.0,LOSS_1R,QRP-MACRO-LIQUIDITY-REVERSAL-001,0,26.1,NORMALIZED_HIGH_COST,D1-20201112-BEARISH-M5-C2_FVG_BREAKER-FVG-005372-BREAKER-000592,3.0,6,11915.9,M5_C2_FVG_BREAKER,1.5,11863.65,M5
12818.55,12827.925,False,24,BREAKER,12815.8,12821.3,1.0,FVG-005857|BREAKER-000630,12815.8,12821.3,12819.30,12827.175,HYPOTHETICAL_SCENARIO_NOT_BROKER_FACT,2021-03-25 00:00:00,2021-03-26 05:10:00,BULLISH,2021-03-26 05:26:00,2021-03-26 05:27:00,12818.55,D1-20210325-BULLISH,TARGET_1_5R,12827.925,2021-03-26 05:50:00,MLR-TECH-ABL-001,2021-03-27 00:00:00,PREVIOUSLY_EXPOSED_WINDOW,C2_FVG_BREAKER,M1_STRICT_PENETRATION_NO_FAVORABLE_IMPROVEMENT,STRICT_M1_LIMIT_PENETRATION,FILLED,0,0,9.375,1.5,0.38333333333333336,TECHNICAL_ONLY_ABLATION,6.875,1.1,WIN_TARGET_1_5R,QRP-MACRO-LIQUIDITY-REVERSAL-001,0,6.25,NORMALIZED_LOW_COST,D1-20210325-BULLISH-M5-C2_FVG_BREAKER-FVG-005857-BREAKER-000630,0.50,1,12814.8,M5_C2_FVG_BREAKER,1.5,12827.925,M5
12818.55,12833.175,False,27,BREAKER,12815.8,12821.3,2,FVG-005857|BREAKER-000630,12815.8,12821.3,12820.05,12831.675,HYPOTHETICAL_SCENARIO_NOT_BROKER_FACT,2021-03-25 00:00:00,2021-03-26 05:10:00,BULLISH,2021-03-26 05:26:00,2021-03-26 05:27:00,12818.55,D1-20210325-BULLISH,TARGET_1_5R,12833.175,2021-03-26 05:53:00,MLR-TECH-ABL-001,2021-03-27 00:00:00,PREVIOUSLY_EXPOSED_WINDOW,C2_FVG_BREAKER,M1_STRICT_PENETRATION_NO_FAVORABLE_IMPROVEMENT,STRICT_M1_LIMIT_PENETRATION,FILLED,0,0.0,14.625,1.5,0.43333333333333335,TECHNICAL_ONLY_ABLATION,9.625,0.9871794871794871794871794872,WIN_TARGET_1_5R,QRP-MACRO-LIQUIDITY-REVERSAL-001,0,9.75,NORMALIZED_MEDIUM_COST,D1-20210325-BULLISH-M5-C2_FVG_BREAKER-FVG-005857-BREAKER-000630,1.0,2,12813.8,M5_C2_FVG_BREAKER,1.5,12833.175,M5
12818.55,12851.175,False,101,BREAKER,12815.8,12821.3,4,FVG-005857|BREAKER-000630,12815.8,12821.3,12823.05,12846.675,HYPOTHETICAL_SCENARIO_NOT_BROKER_FACT,2021-03-25 00:00:00,2021-03-26 05:10:00,BULLISH,2021-03-26 05:26:00,2021-03-26 05:27:00,12818.55,D1-20210325-BULLISH,TARGET_1_5R,12851.175,2021-03-26 07:07:00,MLR-TECH-ABL-001,2021-03-27 00:00:00,PREVIOUSLY_EXPOSED_WINDOW,C2_FVG_BREAKER,M1_STRICT_PENETRATION_NO_FAVORABLE_IMPROVEMENT,STRICT_M1_LIMIT_PENETRATION,FILLED,0,0.00,32.625,1.5,1.6666666666666667,TECHNICAL_ONLY_ABLATION,19.625,0.9022988505747126436781609195,WIN_TARGET_1_5R,QRP-MACRO-LIQUIDITY-REVERSAL-001,0,21.75,NORMALIZED_HIGH_COST,D1-20210325-BULLISH-M5-C2_FVG_BREAKER-FVG-005857-BREAKER-000630,3.0,6,12809.8,M5_C2_FVG_BREAKER,1.5,12851.175,M5
13815.05,13820.2,False,17,BREAKER,13813.7,13819.2,1.0,FVG-006077|BREAKER-000666,13813.7,13816.4,13814.30,13820.95,HYPOTHETICAL_SCENARIO_NOT_BROKER_FACT,2021-06-08 00:00:00,2021-06-09 05:30:00,BEARISH,2021-06-09 05:30:00,2021-06-09 05:31:00,13815.05,D1-20210608-BEARISH,STOP,13820.2,2021-06-09 05:47:00,MLR-TECH-ABL-001,2021-06-10 00:00:00,PREVIOUSLY_EXPOSED_WINDOW,C2_FVG_BREAKER,M1_STRICT_PENETRATION_NO_FAVORABLE_IMPROVEMENT,STRICT_M1_LIMIT_PENETRATION,FILLED,0,0,-5.15,-0.6732026143790849673202614379,0.26666666666666666,TECHNICAL_ONLY_ABLATION,-7.65,-1,LOSS_1R,QRP-MACRO-LIQUIDITY-REVERSAL-001,0,7.65,NORMALIZED_LOW_COST,D1-20210608-BEARISH-M5-C2_FVG_BREAKER-FVG-006077-BREAKER-000666,0.50,1,13820.2,M5_C2_FVG_BREAKER,1.5,13803.575,M5
13815.05,13821.2,False,18,BREAKER,13813.7,13819.2,2,FVG-006077|BREAKER-000666,13813.7,13816.4,13813.55,13822.7,HYPOTHETICAL_SCENARIO_NOT_BROKER_FACT,2021-06-08 00:00:00,2021-06-09 05:30:00,BEARISH,2021-06-09 05:30:00,2021-06-09 05:31:00,13815.05,D1-20210608-BEARISH,STOP,13821.2,2021-06-09 05:48:00,MLR-TECH-ABL-001,2021-06-10 00:00:00,PREVIOUSLY_EXPOSED_WINDOW,C2_FVG_BREAKER,M1_STRICT_PENETRATION_NO_FAVORABLE_IMPROVEMENT,STRICT_M1_LIMIT_PENETRATION,FILLED,0,0.0,-6.15,-0.5515695067264573991031390135,0.2833333333333333,TECHNICAL_ONLY_ABLATION,-11.15,-1,LOSS_1R,QRP-MACRO-LIQUIDITY-REVERSAL-001,0,11.15,NORMALIZED_MEDIUM_COST,D1-20210608-BEARISH-M5-C2_FVG_BREAKER-FVG-006077-BREAKER-000666,1.0,2,13821.2,M5_C2_FVG_BREAKER,1.5,13798.325,M5
13815.05,13825.2,False,30,BREAKER,13813.7,13819.2,4,FVG-006077|BREAKER-000666,13813.7,13816.4,13810.55,13829.7,HYPOTHETICAL_SCENARIO_NOT_BROKER_FACT,2021-06-08 00:00:00,2021-06-09 05:30:00,BEARISH,2021-06-09 05:30:00,2021-06-09 05:31:00,13815.05,D1-20210608-BEARISH,STOP,13825.2,2021-06-09 06:00:00,MLR-TECH-ABL-001,2021-06-10 00:00:00,PREVIOUSLY_EXPOSED_WINDOW,C2_FVG_BREAKER,M1_STRICT_PENETRATION_NO_FAVORABLE_IMPROVEMENT,STRICT_M1_LIMIT_PENETRATION,FILLED,0,0.00,-10.15,-0.4384449244060475161987041037,0.48333333333333334,TECHNICAL_ONLY_ABLATION,-23.15,-1,LOSS_1R,QRP-MACRO-LIQUIDITY-REVERSAL-001,0,23.15,NORMALIZED_HIGH_COST,D1-20210608-BEARISH-M5-C2_FVG_BREAKER-FVG-006077-BREAKER-000666,3.0,6,13825.2,M5_C2_FVG_BREAKER,1.5,13780.325,M5
,,False,0,BREAKER,15650.3,15669.5,0,FVG-006280|BREAKER-000697,15650.3,15664.9,,,HYPOTHETICAL_SCENARIO_NOT_BROKER_FACT,2021-08-31 00:00:00,2021-09-01 21:50:00,BEARISH,,,,D1-20210831-BEARISH,MIDPOINT_NOT_STRICTLY_PENETRATED,,,MLR-TECH-ABL-001,2021-09-02 00:00:00,PREVIOUSLY_EXPOSED_WINDOW,C2_FVG_BREAKER,M1_PATH,MIDPOINT_NOT_STRICTLY_PENETRATED,NO_FILL,0,0,,,,TECHNICAL_ONLY_ABLATION,,,NO_FILL,QRP-MACRO-LIQUIDITY-REVERSAL-001,0,,NORMALIZED_LOW_COST,D1-20210831-BEARISH-M5-C2_FVG_BREAKER-FVG-006280-BREAKER-000697,0,0,,M5_C2_FVG_BREAKER,1.5,,M5
,,False,0,BREAKER,15650.3,15669.5,0,FVG-006280|BREAKER-000697,15650.3,15664.9,,,HYPOTHETICAL_SCENARIO_NOT_BROKER_FACT,2021-08-31 00:00:00,2021-09-01 21:50:00,BEARISH,,,,D1-20210831-BEARISH,MIDPOINT_NOT_STRICTLY_PENETRATED,,,MLR-TECH-ABL-001,2021-09-02 00:00:00,PREVIOUSLY_EXPOSED_WINDOW,C2_FVG_BREAKER,M1_PATH,MIDPOINT_NOT_STRICTLY_PENETRATED,NO_FILL,0,0,,,,TECHNICAL_ONLY_ABLATION,,,NO_FILL,QRP-MACRO-LIQUIDITY-REVERSAL-001,0,,NORMALIZED_MEDIUM_COST,D1-20210831-BEARISH-M5-C2_FVG_BREAKER-FVG-006280-BREAKER-000697,0,0,,M5_C2_FVG_BREAKER,1.5,,M5
,,False,0,BREAKER,15650.3,15669.5,0,FVG-006280|BREAKER-000697,15650.3,15664.9,,,HYPOTHETICAL_SCENARIO_NOT_BROKER_FACT,2021-08-31 00:00:00,2021-09-01 21:50:00,BEARISH,,,,D1-20210831-BEARISH,MIDPOINT_NOT_STRICTLY_PENETRATED,,,MLR-TECH-ABL-001,2021-09-02 00:00:00,PREVIOUSLY_EXPOSED_WINDOW,C2_FVG_BREAKER,M1_PATH,MIDPOINT_NOT_STRICTLY_PENETRATED,NO_FILL,0,0,,,,TECHNICAL_ONLY_ABLATION,,,NO_FILL,QRP-MACRO-LIQUIDITY-REVERSAL-001,0,,NORMALIZED_HIGH_COST,D1-20210831-BEARISH-M5-C2_FVG_BREAKER-FVG-006280-BREAKER-000697,0,0,,M5_C2_FVG_BREAKER,1.5,,M5
15318.9,15301.7,False,34,BREAKER,15316.8,15332.3,1.0,FVG-006412|BREAKER-000703,15316.8,15321.0,15318.15,15302.45,HYPOTHETICAL_SCENARIO_NOT_BROKER_FACT,2021-09-16 00:00:00,2021-09-17 23:20:00,BEARISH,2021-09-17 23:21:00,2021-09-17 23:22:00,15318.9,D1-20210916-BEARISH,D1_CANDLE_3_EXPIRY,15301.7,2021-09-17 23:55:00,MLR-TECH-ABL-001,2021-09-18 00:00:00,PREVIOUSLY_EXPOSED_WINDOW,C2_FVG_BREAKER,M1_STRICT_PENETRATION_NO_FAVORABLE_IMPROVEMENT,STRICT_M1_LIMIT_PENETRATION,FILLED,0,0,17.2,1.017751479289940828402366864,0.55,TECHNICAL_ONLY_ABLATION,14.70,0.8698224852071005917159763314,TIMEOUT,QRP-MACRO-LIQUIDITY-REVERSAL-001,0,16.90,NORMALIZED_LOW_COST,D1-20210916-BEARISH-M5-C2_FVG_BREAKER-FVG-006412-BREAKER-000703,0.50,1,15333.3,M5_C2_FVG_BREAKER,1.5,15293.550,M5
15318.9,15301.7,False,34,BREAKER,15316.8,15332.3,2,FVG-006412|BREAKER-000703,15316.8,15321.0,15317.4,15303.2,HYPOTHETICAL_SCENARIO_NOT_BROKER_FACT,2021-09-16 00:00:00,2021-09-17 23:20:00,BEARISH,2021-09-17 23:21:00,2021-09-17 23:22:00,15318.9,D1-20210916-BEARISH,D1_CANDLE_3_EXPIRY,15301.7,2021-09-17 23:55:00,MLR-TECH-ABL-001,2021-09-18 00:00:00,PREVIOUSLY_EXPOSED_WINDOW,C2_FVG_BREAKER,M1_STRICT_PENETRATION_NO_FAVORABLE_IMPROVEMENT,STRICT_M1_LIMIT_PENETRATION,FILLED,0,0.0,17.2,0.8431372549019607843137254902,0.55,TECHNICAL_ONLY_ABLATION,12.2,0.5980392156862745098039215686,TIMEOUT,QRP-MACRO-LIQUIDITY-REVERSAL-001,0,20.4,NORMALIZED_MEDIUM_COST,D1-20210916-BEARISH-M5-C2_FVG_BREAKER-FVG-006412-BREAKER-000703,1.0,2,15334.3,M5_C2_FVG_BREAKER,1.5,15288.30,M5
15318.9,15301.7,False,34,BREAKER,15316.8,15332.3,4,FVG-006412|BREAKER-000703,15316.8,15321.0,15314.4,15306.2,HYPOTHETICAL_SCENARIO_NOT_BROKER_FACT,2021-09-16 00:00:00,2021-09-17 23:20:00,BEARISH,2021-09-17 23:21:00,2021-09-17 23:22:00,15318.9,D1-20210916-BEARISH,D1_CANDLE_3_EXPIRY,15301.7,2021-09-17 23:55:00,MLR-TECH-ABL-001,2021-09-18 00:00:00,PREVIOUSLY_EXPOSED_WINDOW,C2_FVG_BREAKER,M1_STRICT_PENETRATION_NO_FAVORABLE_IMPROVEMENT,STRICT_M1_LIMIT_PENETRATION,FILLED,0,0.00,17.2,0.5308641975308641975308641975,0.55,TECHNICAL_ONLY_ABLATION,4.20,0.1296296296296296296296296296,TIMEOUT,QRP-MACRO-LIQUIDITY-REVERSAL-001,0,32.4,NORMALIZED_HIGH_COST,D1-20210916-BEARISH-M5-C2_FVG_BREAKER-FVG-006412-BREAKER-000703,3.0,6,15338.3,M5_C2_FVG_BREAKER,1.5,15270.30,M5
16301.099999999999,16308.7,False,81,BREAKER,16299.9,16307.7,1.0,FVG-006520|BREAKER-000715,16299.9,16302.3,16300.349999999999,16309.45,HYPOTHETICAL_SCENARIO_NOT_BROKER_FACT,2021-11-05 00:00:00,2021-11-08 06:10:00,BEARISH,2021-11-08 06:15:00,2021-11-08 06:16:00,16301.099999999999,D1-20211105-BEARISH,STOP,16308.7,2021-11-08 07:36:00,MLR-TECH-ABL-001,2021-11-09 00:00:00,PREVIOUSLY_EXPOSED_WINDOW,C2_FVG_BREAKER,M1_STRICT_PENETRATION_NO_FAVORABLE_IMPROVEMENT,STRICT_M1_LIMIT_PENETRATION,FILLED,0,0,-7.600000000001,-0.7524752475247769826487599231,1.3333333333333333,TECHNICAL_ONLY_ABLATION,-10.100000000001,-1,LOSS_1R,QRP-MACRO-LIQUIDITY-REVERSAL-001,0,10.100000000001,NORMALIZED_LOW_COST,D1-20211105-BEARISH-M5-C2_FVG_BREAKER-FVG-006520-BREAKER-000715,0.50,1,16308.7,M5_C2_FVG_BREAKER,1.5,16285.9499999999975,M5
16301.099999999999,16309.7,False,81,BREAKER,16299.9,16307.7,2,FVG-006520|BREAKER-000715,16299.9,16302.3,16299.599999999999,16311.2,HYPOTHETICAL_SCENARIO_NOT_BROKER_FACT,2021-11-05 00:00:00,2021-11-08 06:10:00,BEARISH,2021-11-08 06:15:00,2021-11-08 06:16:00,16301.099999999999,D1-20211105-BEARISH,STOP,16309.7,2021-11-08 07:36:00,MLR-TECH-ABL-001,2021-11-09 00:00:00,PREVIOUSLY_EXPOSED_WINDOW,C2_FVG_BREAKER,M1_STRICT_PENETRATION_NO_FAVORABLE_IMPROVEMENT,STRICT_M1_LIMIT_PENETRATION,FILLED,0,0.0,-8.600000000001,-0.6323529411764976211072664340,1.3333333333333333,TECHNICAL_ONLY_ABLATION,-13.600000000001,-1,LOSS_1R,QRP-MACRO-LIQUIDITY-REVERSAL-001,0,13.600000000001,NORMALIZED_MEDIUM_COST,D1-20211105-BEARISH-M5-C2_FVG_BREAKER-FVG-006520-BREAKER-000715,1.0,2,16309.7,M5_C2_FVG_BREAKER,1.5,16280.6999999999975,M5
16301.099999999999,16313.7,False,82,BREAKER,16299.9,16307.7,4,FVG-006520|BREAKER-000715,16299.9,16302.3,16296.599999999999,16318.2,HYPOTHETICAL_SCENARIO_NOT_BROKER_FACT,2021-11-05 00:00:00,2021-11-08 06:10:00,BEARISH,2021-11-08 06:15:00,2021-11-08 06:16:00,16301.099999999999,D1-20211105-BEARISH,STOP,16313.7,2021-11-08 07:37:00,MLR-TECH-ABL-001,2021-11-09 00:00:00,PREVIOUSLY_EXPOSED_WINDOW,C2_FVG_BREAKER,M1_STRICT_PENETRATION_NO_FAVORABLE_IMPROVEMENT,STRICT_M1_LIMIT_PENETRATION,FILLED,0,0.00,-12.600000000001,-0.4921875000000198364257812492,1.35,TECHNICAL_ONLY_ABLATION,-25.600000000001,-1,LOSS_1R,QRP-MACRO-LIQUIDITY-REVERSAL-001,0,25.600000000001,NORMALIZED_HIGH_COST,D1-20211105-BEARISH-M5-C2_FVG_BREAKER-FVG-006520-BREAKER-000715,3.0,6,16313.7,M5_C2_FVG_BREAKER,1.5,16262.6999999999975,M5
16550.6,16544.150,False,8,BREAKER,16547.8,16551.4,1.0,FVG-006726|BREAKER-000739,16550.5,16550.7,16549.85,16544.900,HYPOTHETICAL_SCENARIO_NOT_BROKER_FACT,2021-12-28 00:00:00,2021-12-29 12:15:00,BEARISH,2021-12-29 12:46:00,2021-12-29 12:47:00,16550.6,D1-20211228-BEARISH,TARGET_1_5R,16544.150,2021-12-29 12:54:00,MLR-TECH-ABL-001,2021-12-30 00:00:00,PREVIOUSLY_EXPOSED_WINDOW,C2_FVG_BREAKER,M1_STRICT_PENETRATION_NO_FAVORABLE_IMPROVEMENT,STRICT_M1_LIMIT_PENETRATION,FILLED,0,0,6.450,1.5,0.11666666666666667,TECHNICAL_ONLY_ABLATION,3.950,0.9186046511627906976744186047,WIN_TARGET_1_5R,QRP-MACRO-LIQUIDITY-REVERSAL-001,0,4.30,NORMALIZED_LOW_COST,D1-20211228-BEARISH-M5-C2_FVG_BREAKER-FVG-006726-BREAKER-000739,0.50,1,16552.4,M5_C2_FVG_BREAKER,1.5,16544.150,M5
16550.6,16538.90,False,9,BREAKER,16547.8,16551.4,2,FVG-006726|BREAKER-000739,16550.5,16550.7,16549.1,16540.40,HYPOTHETICAL_SCENARIO_NOT_BROKER_FACT,2021-12-28 00:00:00,2021-12-29 12:15:00,BEARISH,2021-12-29 12:46:00,2021-12-29 12:47:00,16550.6,D1-20211228-BEARISH,TARGET_1_5R,16538.90,2021-12-29 12:55:00,MLR-TECH-ABL-001,2021-12-30 00:00:00,PREVIOUSLY_EXPOSED_WINDOW,C2_FVG_BREAKER,M1_STRICT_PENETRATION_NO_FAVORABLE_IMPROVEMENT,STRICT_M1_LIMIT_PENETRATION,FILLED,0,0.0,11.70,1.5,0.13333333333333333,TECHNICAL_ONLY_ABLATION,6.70,0.8589743589743589743589743590,WIN_TARGET_1_5R,QRP-MACRO-LIQUIDITY-REVERSAL-001,0,7.8,NORMALIZED_MEDIUM_COST,D1-20211228-BEARISH-M5-C2_FVG_BREAKER-FVG-006726-BREAKER-000739,1.0,2,16553.4,M5_C2_FVG_BREAKER,1.5,16538.90,M5
16550.6,16520.90,False,30,BREAKER,16547.8,16551.4,4,FVG-006726|BREAKER-000739,16550.5,16550.7,16546.1,16525.40,HYPOTHETICAL_SCENARIO_NOT_BROKER_FACT,2021-12-28 00:00:00,2021-12-29 12:15:00,BEARISH,2021-12-29 12:46:00,2021-12-29 12:47:00,16550.6,D1-20211228-BEARISH,TARGET_1_5R,16520.90,2021-12-29 13:16:00,MLR-TECH-ABL-001,2021-12-30 00:00:00,PREVIOUSLY_EXPOSED_WINDOW,C2_FVG_BREAKER,M1_STRICT_PENETRATION_NO_FAVORABLE_IMPROVEMENT,STRICT_M1_LIMIT_PENETRATION,FILLED,0,0.00,29.70,1.5,0.48333333333333334,TECHNICAL_ONLY_ABLATION,16.70,0.8434343434343434343434343434,WIN_TARGET_1_5R,QRP-MACRO-LIQUIDITY-REVERSAL-001,0,19.8,NORMALIZED_HIGH_COST,D1-20211228-BEARISH-M5-C2_FVG_BREAKER-FVG-006726-BREAKER-000739,3.0,6,16557.4,M5_C2_FVG_BREAKER,1.5,16520.90,M5
,,False,0,BREAKER,15542.2,15547.5,0,FVG-006903|BREAKER-000764,15542.2,15547.4,,,HYPOTHETICAL_SCENARIO_NOT_BROKER_FACT,2022-01-14 00:00:00,2022-01-17 10:15:00,BULLISH,,,,D1-20220114-BULLISH,MIDPOINT_NOT_STRICTLY_PENETRATED,,,MLR-TECH-ABL-001,2022-01-18 00:00:00,PREVIOUSLY_EXPOSED_WINDOW,C2_FVG_BREAKER,M1_PATH,MIDPOINT_NOT_STRICTLY_PENETRATED,NO_FILL,0,0,,,,TECHNICAL_ONLY_ABLATION,,,NO_FILL,QRP-MACRO-LIQUIDITY-REVERSAL-001,0,,NORMALIZED_LOW_COST,D1-20220114-BULLISH-M5-C2_FVG_BREAKER-FVG-006903-BREAKER-000764,0,0,,M5_C2_FVG_BREAKER,1.5,,M5
,,False,0,BREAKER,15542.2,15547.5,0,FVG-006903|BREAKER-000764,15542.2,15547.4,,,HYPOTHETICAL_SCENARIO_NOT_BROKER_FACT,2022-01-14 00:00:00,2022-01-17 10:15:00,BULLISH,,,,D1-20220114-BULLISH,MIDPOINT_NOT_STRICTLY_PENETRATED,,,MLR-TECH-ABL-001,2022-01-18 00:00:00,PREVIOUSLY_EXPOSED_WINDOW,C2_FVG_BREAKER,M1_PATH,MIDPOINT_NOT_STRICTLY_PENETRATED,NO_FILL,0,0,,,,TECHNICAL_ONLY_ABLATION,,,NO_FILL,QRP-MACRO-LIQUIDITY-REVERSAL-001,0,,NORMALIZED_MEDIUM_COST,D1-20220114-BULLISH-M5-C2_FVG_BREAKER-FVG-006903-BREAKER-000764,0,0,,M5_C2_FVG_BREAKER,1.5,,M5
,,False,0,BREAKER,15542.2,15547.5,0,FVG-006903|BREAKER-000764,15542.2,15547.4,,,HYPOTHETICAL_SCENARIO_NOT_BROKER_FACT,2022-01-14 00:00:00,2022-01-17 10:15:00,BULLISH,,,,D1-20220114-BULLISH,MIDPOINT_NOT_STRICTLY_PENETRATED,,,MLR-TECH-ABL-001,2022-01-18 00:00:00,PREVIOUSLY_EXPOSED_WINDOW,C2_FVG_BREAKER,M1_PATH,MIDPOINT_NOT_STRICTLY_PENETRATED,NO_FILL,0,0,,,,TECHNICAL_ONLY_ABLATION,,,NO_FILL,QRP-MACRO-LIQUIDITY-REVERSAL-001,0,,NORMALIZED_HIGH_COST,D1-20220114-BULLISH-M5-C2_FVG_BREAKER-FVG-006903-BREAKER-000764,0,0,,M5_C2_FVG_BREAKER,1.5,,M5
14338.85,14360.525,False,3,BREAKER,14327.9,14347.2,1.0,FVG-007016|BREAKER-000781,14338.7,14339.0,14339.60,14359.775,HYPOTHETICAL_SCENARIO_NOT_BROKER_FACT,2022-01-24 00:00:00,2022-01-25 12:05:00,BULLISH,2022-01-25 12:05:00,2022-01-25 12:06:00,14338.85,D1-20220124-BULLISH,TARGET_1_5R,14360.525,2022-01-25 12:08:00,MLR-TECH-ABL-001,2022-01-26 00:00:00,PREVIOUSLY_EXPOSED_WINDOW,C2_FVG_BREAKER,M1_STRICT_PENETRATION_NO_FAVORABLE_IMPROVEMENT,STRICT_M1_LIMIT_PENETRATION,FILLED,0,0,21.675,1.5,0.03333333333333333,TECHNICAL_ONLY_ABLATION,19.175,1.326989619377162629757785467,WIN_TARGET_1_5R,QRP-MACRO-LIQUIDITY-REVERSAL-001,0,14.45,NORMALIZED_LOW_COST,D1-20220124-BULLISH-M5-C2_FVG_BREAKER-FVG-007016-BREAKER-000781,0.50,1,14326.9,M5_C2_FVG_BREAKER,1.5,14360.525,M5
14338.85,14365.775,False,3,BREAKER,14327.9,14347.2,2,FVG-007016|BREAKER-000781,14338.7,14339.0,14340.35,14364.275,HYPOTHETICAL_SCENARIO_NOT_BROKER_FACT,2022-01-24 00:00:00,2022-01-25 12:05:00,BULLISH,2022-01-25 12:05:00,2022-01-25 12:06:00,14338.85,D1-20220124-BULLISH,TARGET_1_5R,14365.775,2022-01-25 12:08:00,MLR-TECH-ABL-001,2022-01-26 00:00:00,PREVIOUSLY_EXPOSED_WINDOW,C2_FVG_BREAKER,M1_STRICT_PENETRATION_NO_FAVORABLE_IMPROVEMENT,STRICT_M1_LIMIT_PENETRATION,FILLED,0,0.0,26.925,1.5,0.03333333333333333,TECHNICAL_ONLY_ABLATION,21.925,1.221448467966573816155988858,WIN_TARGET_1_5R,QRP-MACRO-LIQUIDITY-REVERSAL-001,0,17.95,NORMALIZED_MEDIUM_COST,D1-20220124-BULLISH-M5-C2_FVG_BREAKER-FVG-007016-BREAKER-000781,1.0,2,14325.9,M5_C2_FVG_BREAKER,1.5,14365.775,M5
14338.85,14383.775,False,15,BREAKER,14327.9,14347.2,4,FVG-007016|BREAKER-000781,14338.7,14339.0,14343.35,14379.275,HYPOTHETICAL_SCENARIO_NOT_BROKER_FACT,2022-01-24 00:00:00,2022-01-25 12:05:00,BULLISH,2022-01-25 12:05:00,2022-01-25 12:06:00,14338.85,D1-20220124-BULLISH,TARGET_1_5R,14383.775,2022-01-25 12:20:00,MLR-TECH-ABL-001,2022-01-26 00:00:00,PREVIOUSLY_EXPOSED_WINDOW,C2_FVG_BREAKER,M1_STRICT_PENETRATION_NO_FAVORABLE_IMPROVEMENT,STRICT_M1_LIMIT_PENETRATION,FILLED,0,0.00,44.925,1.5,0.23333333333333334,TECHNICAL_ONLY_ABLATION,31.925,1.065943238731218697829716194,WIN_TARGET_1_5R,QRP-MACRO-LIQUIDITY-REVERSAL-001,0,29.95,NORMALIZED_HIGH_COST,D1-20220124-BULLISH-M5-C2_FVG_BREAKER-FVG-007016-BREAKER-000781,3.0,6,14321.9,M5_C2_FVG_BREAKER,1.5,14383.775,M5
13077.85,13088.125,False,3,BREAKER,13074.5,13087.1,1.0,FVG-007311|BREAKER-000820,13074.5,13081.2,13078.60,13087.375,HYPOTHETICAL_SCENARIO_NOT_BROKER_FACT,2022-05-02 00:00:00,2022-05-03 10:15:00,BULLISH,2022-05-03 10:17:00,2022-05-03 10:18:00,13077.85,D1-20220502-BULLISH,TARGET_1_5R,13088.125,2022-05-03 10:20:00,MLR-TECH-ABL-001,2022-05-04 00:00:00,PREVIOUSLY_EXPOSED_WINDOW,C2_FVG_BREAKER,M1_STRICT_PENETRATION_NO_FAVORABLE_IMPROVEMENT,STRICT_M1_LIMIT_PENETRATION,FILLED,0,0,10.275,1.5,0.03333333333333333,TECHNICAL_ONLY_ABLATION,7.775,1.135036496350364963503649635,WIN_TARGET_1_5R,QRP-MACRO-LIQUIDITY-REVERSAL-001,0,6.85,NORMALIZED_LOW_COST,D1-20220502-BULLISH-M5-C2_FVG_BREAKER-FVG-007311-BREAKER-000820,0.50,1,13073.5,M5_C2_FVG_BREAKER,1.5,13088.125,M5
13077.85,13093.375,False,6,BREAKER,13074.5,13087.1,2,FVG-007311|BREAKER-000820,13074.5,13081.2,13079.35,13091.875,HYPOTHETICAL_SCENARIO_NOT_BROKER_FACT,2022-05-02 00:00:00,2022-05-03 10:15:00,BULLISH,2022-05-03 10:17:00,2022-05-03 10:18:00,13077.85,D1-20220502-BULLISH,TARGET_1_5R,13093.375,2022-05-03 10:23:00,MLR-TECH-ABL-001,2022-05-04 00:00:00,PREVIOUSLY_EXPOSED_WINDOW,C2_FVG_BREAKER,M1_STRICT_PENETRATION_NO_FAVORABLE_IMPROVEMENT,STRICT_M1_LIMIT_PENETRATION,FILLED,0,0.0,15.525,1.5,0.08333333333333333,TECHNICAL_ONLY_ABLATION,10.525,1.016908212560386473429951691,WIN_TARGET_1_5R,QRP-MACRO-LIQUIDITY-REVERSAL-001,0,10.35,NORMALIZED_MEDIUM_COST,D1-20220502-BULLISH-M5-C2_FVG_BREAKER-FVG-007311-BREAKER-000820,1.0,2,13072.5,M5_C2_FVG_BREAKER,1.5,13093.375,M5
13077.85,13068.5,False,29,BREAKER,13074.5,13087.1,4,FVG-007311|BREAKER-000820,13074.5,13081.2,13082.35,13064.0,HYPOTHETICAL_SCENARIO_NOT_BROKER_FACT,2022-05-02 00:00:00,2022-05-03 10:15:00,BULLISH,2022-05-03 10:17:00,2022-05-03 10:18:00,13077.85,D1-20220502-BULLISH,STOP,13068.5,2022-05-03 10:46:00,MLR-TECH-ABL-001,2022-05-04 00:00:00,PREVIOUSLY_EXPOSED_WINDOW,C2_FVG_BREAKER,M1_STRICT_PENETRATION_NO_FAVORABLE_IMPROVEMENT,STRICT_M1_LIMIT_PENETRATION,FILLED,0,0.00,-9.35,-0.4183445190156599552572706935,0.4666666666666667,TECHNICAL_ONLY_ABLATION,-22.35,-1,LOSS_1R,QRP-MACRO-LIQUIDITY-REVERSAL-001,0,22.35,NORMALIZED_HIGH_COST,D1-20220502-BULLISH-M5-C2_FVG_BREAKER-FVG-007311-BREAKER-000820,3.0,6,13068.5,M5_C2_FVG_BREAKER,1.5,13111.375,M5
12000.45,11999.4,True,2,BREAKER,12000.4,12010.5,1.0,FVG-007524|BREAKER-000846,12000.4,12000.5,12001.20,11998.65,HYPOTHETICAL_SCENARIO_NOT_BROKER_FACT,2022-05-19 00:00:00,2022-05-20 15:50:00,BULLISH,2022-05-20 16:31:00,2022-05-20 16:32:00,12000.45,D1-20220519-BULLISH,M1_DUAL_BARRIER_ADVERSE_FIRST,11999.4,2022-05-20 16:33:00,MLR-TECH-ABL-001,2022-05-21 00:00:00,PREVIOUSLY_EXPOSED_WINDOW,C2_FVG_BREAKER,M1_STRICT_PENETRATION_NO_FAVORABLE_IMPROVEMENT,STRICT_M1_LIMIT_PENETRATION,FILLED,0,0,-1.05,-0.2957746478873239436619718310,0.016666666666666666,TECHNICAL_ONLY_ABLATION,-3.55,-1,AMBIGUOUS_ADVERSE_FIRST,QRP-MACRO-LIQUIDITY-REVERSAL-001,0,3.55,NORMALIZED_LOW_COST,D1-20220519-BULLISH-M5-C2_FVG_BREAKER-FVG-007524-BREAKER-000846,0.50,1,11999.4,M5_C2_FVG_BREAKER,1.5,12005.775,M5
12000.45,11998.4,True,2,BREAKER,12000.4,12010.5,2,FVG-007524|BREAKER-000846,12000.4,12000.5,12001.95,11996.9,HYPOTHETICAL_SCENARIO_NOT_BROKER_FACT,2022-05-19 00:00:00,2022-05-20 15:50:00,BULLISH,2022-05-20 16:31:00,2022-05-20 16:32:00,12000.45,D1-20220519-BULLISH,M1_DUAL_BARRIER_ADVERSE_FIRST,11998.4,2022-05-20 16:33:00,MLR-TECH-ABL-001,2022-05-21 00:00:00,PREVIOUSLY_EXPOSED_WINDOW,C2_FVG_BREAKER,M1_STRICT_PENETRATION_NO_FAVORABLE_IMPROVEMENT,STRICT_M1_LIMIT_PENETRATION,FILLED,0,0.0,-2.05,-0.2907801418439716312056737589,0.016666666666666666,TECHNICAL_ONLY_ABLATION,-7.05,-1,AMBIGUOUS_ADVERSE_FIRST,QRP-MACRO-LIQUIDITY-REVERSAL-001,0,7.05,NORMALIZED_MEDIUM_COST,D1-20220519-BULLISH-M5-C2_FVG_BREAKER-FVG-007524-BREAKER-000846,1.0,2,11998.4,M5_C2_FVG_BREAKER,1.5,12011.025,M5
12000.45,11994.4,False,2,BREAKER,12000.4,12010.5,4,FVG-007524|BREAKER-000846,12000.4,12000.5,12004.95,11989.9,HYPOTHETICAL_SCENARIO_NOT_BROKER_FACT,2022-05-19 00:00:00,2022-05-20 15:50:00,BULLISH,2022-05-20 16:31:00,2022-05-20 16:32:00,12000.45,D1-20220519-BULLISH,STOP,11994.4,2022-05-20 16:33:00,MLR-TECH-ABL-001,2022-05-21 00:00:00,PREVIOUSLY_EXPOSED_WINDOW,C2_FVG_BREAKER,M1_STRICT_PENETRATION_NO_FAVORABLE_IMPROVEMENT,STRICT_M1_LIMIT_PENETRATION,FILLED,0,0.00,-6.05,-0.3175853018372703412073490814,0.016666666666666666,TECHNICAL_ONLY_ABLATION,-19.05,-1,LOSS_1R,QRP-MACRO-LIQUIDITY-REVERSAL-001,0,19.05,NORMALIZED_HIGH_COST,D1-20220519-BULLISH-M5-C2_FVG_BREAKER-FVG-007524-BREAKER-000846,3.0,6,11994.4,M5_C2_FVG_BREAKER,1.5,12029.025,M5
11366.0,11374.850,False,2,BREAKER,11363.6,11370.8,1.0,FVG-007743|BREAKER-000872,11363.6,11368.4,11366.75,11374.100,HYPOTHETICAL_SCENARIO_NOT_BROKER_FACT,2022-06-14 00:00:00,2022-06-15 09:00:00,BULLISH,2022-06-15 09:00:00,2022-06-15 09:01:00,11366.0,D1-20220614-BULLISH,TARGET_1_5R,11374.850,2022-06-15 09:02:00,MLR-TECH-ABL-001,2022-06-16 00:00:00,PREVIOUSLY_EXPOSED_WINDOW,C2_FVG_BREAKER,M1_STRICT_PENETRATION_NO_FAVORABLE_IMPROVEMENT,STRICT_M1_LIMIT_PENETRATION,FILLED,0,0,8.850,1.5,0.016666666666666666,TECHNICAL_ONLY_ABLATION,6.350,1.076271186440677966101694915,WIN_TARGET_1_5R,QRP-MACRO-LIQUIDITY-REVERSAL-001,0,5.90,NORMALIZED_LOW_COST,D1-20220614-BULLISH-M5-C2_FVG_BREAKER-FVG-007743-BREAKER-000872,0.50,1,11362.6,M5_C2_FVG_BREAKER,1.5,11374.850,M5
11366.0,11380.10,False,2,BREAKER,11363.6,11370.8,2,FVG-007743|BREAKER-000872,11363.6,11368.4,11367.5,11378.60,HYPOTHETICAL_SCENARIO_NOT_BROKER_FACT,2022-06-14 00:00:00,2022-06-15 09:00:00,BULLISH,2022-06-15 09:00:00,2022-06-15 09:01:00,11366.0,D1-20220614-BULLISH,TARGET_1_5R,11380.10,2022-06-15 09:02:00,MLR-TECH-ABL-001,2022-06-16 00:00:00,PREVIOUSLY_EXPOSED_WINDOW,C2_FVG_BREAKER,M1_STRICT_PENETRATION_NO_FAVORABLE_IMPROVEMENT,STRICT_M1_LIMIT_PENETRATION,FILLED,0,0.0,14.10,1.5,0.016666666666666666,TECHNICAL_ONLY_ABLATION,9.10,0.9680851063829787234042553191,WIN_TARGET_1_5R,QRP-MACRO-LIQUIDITY-REVERSAL-001,0,9.4,NORMALIZED_MEDIUM_COST,D1-20220614-BULLISH-M5-C2_FVG_BREAKER-FVG-007743-BREAKER-000872,1.0,2,11361.6,M5_C2_FVG_BREAKER,1.5,11380.10,M5
11366.0,11357.6,False,4,BREAKER,11363.6,11370.8,4,FVG-007743|BREAKER-000872,11363.6,11368.4,11370.5,11353.1,HYPOTHETICAL_SCENARIO_NOT_BROKER_FACT,2022-06-14 00:00:00,2022-06-15 09:00:00,BULLISH,2022-06-15 09:00:00,2022-06-15 09:01:00,11366.0,D1-20220614-BULLISH,STOP,11357.6,2022-06-15 09:04:00,MLR-TECH-ABL-001,2022-06-16 00:00:00,PREVIOUSLY_EXPOSED_WINDOW,C2_FVG_BREAKER,M1_STRICT_PENETRATION_NO_FAVORABLE_IMPROVEMENT,STRICT_M1_LIMIT_PENETRATION,FILLED,0,0.00,-8.4,-0.3925233644859813084112149533,0.05,TECHNICAL_ONLY_ABLATION,-21.40,-1.0,LOSS_1R,QRP-MACRO-LIQUIDITY-REVERSAL-001,0,21.4,NORMALIZED_HIGH_COST,D1-20220614-BULLISH-M5-C2_FVG_BREAKER-FVG-007743-BREAKER-000872,3.0,6,11357.6,M5_C2_FVG_BREAKER,1.5,11398.10,M5
,,False,0,BREAKER,11390.4,11436.2,0,FVG-007954|BREAKER-000893,11390.4,11392.6,,,HYPOTHETICAL_SCENARIO_NOT_BROKER_FACT,2022-06-29 00:00:00,2022-06-30 18:05:00,BULLISH,,,,D1-20220629-BULLISH,MIDPOINT_NOT_STRICTLY_PENETRATED,,,MLR-TECH-ABL-001,2022-07-01 00:00:00,PREVIOUSLY_EXPOSED_WINDOW,C2_FVG_BREAKER,M1_PATH,MIDPOINT_NOT_STRICTLY_PENETRATED,NO_FILL,0,0,,,,TECHNICAL_ONLY_ABLATION,,,NO_FILL,QRP-MACRO-LIQUIDITY-REVERSAL-001,0,,NORMALIZED_LOW_COST,D1-20220629-BULLISH-M5-C2_FVG_BREAKER-FVG-007954-BREAKER-000893,0,0,,M5_C2_FVG_BREAKER,1.5,,M5
,,False,0,BREAKER,11390.4,11436.2,0,FVG-007954|BREAKER-000893,11390.4,11392.6,,,HYPOTHETICAL_SCENARIO_NOT_BROKER_FACT,2022-06-29 00:00:00,2022-06-30 18:05:00,BULLISH,,,,D1-20220629-BULLISH,MIDPOINT_NOT_STRICTLY_PENETRATED,,,MLR-TECH-ABL-001,2022-07-01 00:00:00,PREVIOUSLY_EXPOSED_WINDOW,C2_FVG_BREAKER,M1_PATH,MIDPOINT_NOT_STRICTLY_PENETRATED,NO_FILL,0,0,,,,TECHNICAL_ONLY_ABLATION,,,NO_FILL,QRP-MACRO-LIQUIDITY-REVERSAL-001,0,,NORMALIZED_MEDIUM_COST,D1-20220629-BULLISH-M5-C2_FVG_BREAKER-FVG-007954-BREAKER-000893,0,0,,M5_C2_FVG_BREAKER,1.5,,M5
,,False,0,BREAKER,11390.4,11436.2,0,FVG-007954|BREAKER-000893,11390.4,11392.6,,,HYPOTHETICAL_SCENARIO_NOT_BROKER_FACT,2022-06-29 00:00:00,2022-06-30 18:05:00,BULLISH,,,,D1-20220629-BULLISH,MIDPOINT_NOT_STRICTLY_PENETRATED,,,MLR-TECH-ABL-001,2022-07-01 00:00:00,PREVIOUSLY_EXPOSED_WINDOW,C2_FVG_BREAKER,M1_PATH,MIDPOINT_NOT_STRICTLY_PENETRATED,NO_FILL,0,0,,,,TECHNICAL_ONLY_ABLATION,,,NO_FILL,QRP-MACRO-LIQUIDITY-REVERSAL-001,0,,NORMALIZED_HIGH_COST,D1-20220629-BULLISH-M5-C2_FVG_BREAKER-FVG-007954-BREAKER-000893,0,0,,M5_C2_FVG_BREAKER,1.5,,M5
13310.400000000001,13314.9,False,6,BREAKER,13309.7,13313.9,1.0,FVG-008134|BREAKER-000919,13309.7,13311.1,13309.650000000001,13315.65,HYPOTHETICAL_SCENARIO_NOT_BROKER_FACT,2022-08-11 00:00:00,2022-08-12 04:25:00,BEARISH,2022-08-12 04:25:00,2022-08-12 04:26:00,13310.400000000001,D1-20220811-BEARISH,STOP,13314.9,2022-08-12 04:31:00,MLR-TECH-ABL-001,2022-08-13 00:00:00,PREVIOUSLY_EXPOSED_WINDOW,C2_FVG_BREAKER,M1_STRICT_PENETRATION_NO_FAVORABLE_IMPROVEMENT,STRICT_M1_LIMIT_PENETRATION,FILLED,0,0,-4.499999999999,-0.6428571428570918367346938703,0.08333333333333333,TECHNICAL_ONLY_ABLATION,-6.999999999999,-1,LOSS_1R,QRP-MACRO-LIQUIDITY-REVERSAL-001,0,6.999999999999,NORMALIZED_LOW_COST,D1-20220811-BEARISH-M5-C2_FVG_BREAKER-FVG-008134-BREAKER-000919,0.50,1,13314.9,M5_C2_FVG_BREAKER,1.5,13299.9000000000025,M5
13310.400000000001,13315.9,False,6,BREAKER,13309.7,13313.9,2,FVG-008134|BREAKER-000919,13309.7,13311.1,13308.900000000001,13317.4,HYPOTHETICAL_SCENARIO_NOT_BROKER_FACT,2022-08-11 00:00:00,2022-08-12 04:25:00,BEARISH,2022-08-12 04:25:00,2022-08-12 04:26:00,13310.400000000001,D1-20220811-BEARISH,STOP,13315.9,2022-08-12 04:31:00,MLR-TECH-ABL-001,2022-08-13 00:00:00,PREVIOUSLY_EXPOSED_WINDOW,C2_FVG_BREAKER,M1_STRICT_PENETRATION_NO_FAVORABLE_IMPROVEMENT,STRICT_M1_LIMIT_PENETRATION,FILLED,0,0.0,-5.499999999999,-0.5238095238094784580498866170,0.08333333333333333,TECHNICAL_ONLY_ABLATION,-10.499999999999,-1,LOSS_1R,QRP-MACRO-LIQUIDITY-REVERSAL-001,0,10.499999999999,NORMALIZED_MEDIUM_COST,D1-20220811-BEARISH-M5-C2_FVG_BREAKER-FVG-008134-BREAKER-000919,1.0,2,13315.9,M5_C2_FVG_BREAKER,1.5,13294.6500000000025,M5
13310.400000000001,13319.9,False,86,BREAKER,13309.7,13313.9,4,FVG-008134|BREAKER-000919,13309.7,13311.1,13305.900000000001,13324.4,HYPOTHETICAL_SCENARIO_NOT_BROKER_FACT,2022-08-11 00:00:00,2022-08-12 04:25:00,BEARISH,2022-08-12 04:25:00,2022-08-12 04:26:00,13310.400000000001,D1-20220811-BEARISH,STOP,13319.9,2022-08-12 05:51:00,MLR-TECH-ABL-001,2022-08-13 00:00:00,PREVIOUSLY_EXPOSED_WINDOW,C2_FVG_BREAKER,M1_STRICT_PENETRATION_NO_FAVORABLE_IMPROVEMENT,STRICT_M1_LIMIT_PENETRATION,FILLED,0,0.00,-9.499999999999,-0.4222222222221965432098765421,1.4166666666666667,TECHNICAL_ONLY_ABLATION,-22.499999999999,-1,LOSS_1R,QRP-MACRO-LIQUIDITY-REVERSAL-001,0,22.499999999999,NORMALIZED_HIGH_COST,D1-20220811-BEARISH-M5-C2_FVG_BREAKER-FVG-008134-BREAKER-000919,3.0,6,13319.9,M5_C2_FVG_BREAKER,1.5,13276.6500000000025,M5
12138.349999999999,12132.0,False,2,BREAKER,12133.0,12140.8,1.0,FVG-008288|BREAKER-000938,12135.9,12140.8,12139.099999999999,12131.25,HYPOTHETICAL_SCENARIO_NOT_BROKER_FACT,2022-09-14 00:00:00,2022-09-15 13:30:00,BULLISH,2022-09-15 13:30:00,2022-09-15 13:31:00,12138.349999999999,D1-20220914-BULLISH,STOP,12132.0,2022-09-15 13:32:00,MLR-TECH-ABL-001,2022-09-16 00:00:00,PREVIOUSLY_EXPOSED_WINDOW,C2_FVG_BREAKER,M1_STRICT_PENETRATION_NO_FAVORABLE_IMPROVEMENT,STRICT_M1_LIMIT_PENETRATION,FILLED,0,0,-6.349999999999,-0.7175141242937533914264738704,0.016666666666666666,TECHNICAL_ONLY_ABLATION,-8.849999999999,-1,LOSS_1R,QRP-MACRO-LIQUIDITY-REVERSAL-001,0,8.849999999999,NORMALIZED_LOW_COST,D1-20220914-BULLISH-M5-C2_FVG_BREAKER-FVG-008288-BREAKER-000938,0.50,1,12132.0,M5_C2_FVG_BREAKER,1.5,12151.6249999999975,M5
12138.349999999999,12131.0,False,2,BREAKER,12133.0,12140.8,2,FVG-008288|BREAKER-000938,12135.9,12140.8,12139.849999999999,12129.5,HYPOTHETICAL_SCENARIO_NOT_BROKER_FACT,2022-09-14 00:00:00,2022-09-15 13:30:00,BULLISH,2022-09-15 13:30:00,2022-09-15 13:31:00,12138.349999999999,D1-20220914-BULLISH,STOP,12131.0,2022-09-15 13:32:00,MLR-TECH-ABL-001,2022-09-16 00:00:00,PREVIOUSLY_EXPOSED_WINDOW,C2_FVG_BREAKER,M1_STRICT_PENETRATION_NO_FAVORABLE_IMPROVEMENT,STRICT_M1_LIMIT_PENETRATION,FILLED,0,0.0,-7.349999999999,-0.5951417004048255175465914838,0.016666666666666666,TECHNICAL_ONLY_ABLATION,-12.349999999999,-1,LOSS_1R,QRP-MACRO-LIQUIDITY-REVERSAL-001,0,12.349999999999,NORMALIZED_MEDIUM_COST,D1-20220914-BULLISH-M5-C2_FVG_BREAKER-FVG-008288-BREAKER-000938,1.0,2,12131.0,M5_C2_FVG_BREAKER,1.5,12156.8749999999975,M5
12138.349999999999,12127.0,False,3,BREAKER,12133.0,12140.8,4,FVG-008288|BREAKER-000938,12135.9,12140.8,12142.849999999999,12122.5,HYPOTHETICAL_SCENARIO_NOT_BROKER_FACT,2022-09-14 00:00:00,2022-09-15 13:30:00,BULLISH,2022-09-15 13:30:00,2022-09-15 13:31:00,12138.349999999999,D1-20220914-BULLISH,STOP,12127.0,2022-09-15 13:33:00,MLR-TECH-ABL-001,2022-09-16 00:00:00,PREVIOUSLY_EXPOSED_WINDOW,C2_FVG_BREAKER,M1_STRICT_PENETRATION_NO_FAVORABLE_IMPROVEMENT,STRICT_M1_LIMIT_PENETRATION,FILLED,0,0.00,-11.349999999999,-0.4661190965092183211127929864,0.03333333333333333,TECHNICAL_ONLY_ABLATION,-24.349999999999,-1,LOSS_1R,QRP-MACRO-LIQUIDITY-REVERSAL-001,0,24.349999999999,NORMALIZED_HIGH_COST,D1-20220914-BULLISH-M5-C2_FVG_BREAKER-FVG-008288-BREAKER-000938,3.0,6,12127.0,M5_C2_FVG_BREAKER,1.5,12174.8749999999975,M5
11814.349999999999,11811.2,False,4,BREAKER,11812.2,11817.2,1.0,FVG-008395|BREAKER-000954,11813.9,11814.8,11815.099999999999,11810.45,HYPOTHETICAL_SCENARIO_NOT_BROKER_FACT,2022-09-16 00:00:00,2022-09-19 08:25:00,BULLISH,2022-09-19 08:25:00,2022-09-19 08:26:00,11814.349999999999,D1-20220916-BULLISH,STOP,11811.2,2022-09-19 08:29:00,MLR-TECH-ABL-001,2022-09-20 00:00:00,PREVIOUSLY_EXPOSED_WINDOW,C2_FVG_BREAKER,M1_STRICT_PENETRATION_NO_FAVORABLE_IMPROVEMENT,STRICT_M1_LIMIT_PENETRATION,FILLED,0,0,-3.149999999999,-0.5575221238937269950661758809,0.05,TECHNICAL_ONLY_ABLATION,-5.649999999999,-1,LOSS_1R,QRP-MACRO-LIQUIDITY-REVERSAL-001,0,5.649999999999,NORMALIZED_LOW_COST,D1-20220916-BULLISH-M5-C2_FVG_BREAKER-FVG-008395-BREAKER-000954,0.50,1,11811.2,M5_C2_FVG_BREAKER,1.5,11822.8249999999975,M5
11814.349999999999,11810.2,False,5,BREAKER,11812.2,11817.2,2,FVG-008395|BREAKER-000954,11813.9,11814.8,11815.849999999999,11808.7,HYPOTHETICAL_SCENARIO_NOT_BROKER_FACT,2022-09-16 00:00:00,2022-09-19 08:25:00,BULLISH,2022-09-19 08:25:00,2022-09-19 08:26:00,11814.349999999999,D1-20220916-BULLISH,STOP,11810.2,2022-09-19 08:30:00,MLR-TECH-ABL-001,2022-09-20 00:00:00,PREVIOUSLY_EXPOSED_WINDOW,C2_FVG_BREAKER,M1_STRICT_PENETRATION_NO_FAVORABLE_IMPROVEMENT,STRICT_M1_LIMIT_PENETRATION,FILLED,0,0.0,-4.149999999999,-0.4535519125682462898265101909,0.06666666666666667,TECHNICAL_ONLY_ABLATION,-9.149999999999,-1,LOSS_1R,QRP-MACRO-LIQUIDITY-REVERSAL-001,0,9.149999999999,NORMALIZED_MEDIUM_COST,D1-20220916-BULLISH-M5-C2_FVG_BREAKER-FVG-008395-BREAKER-000954,1.0,2,11810.2,M5_C2_FVG_BREAKER,1.5,11828.0749999999975,M5
11814.349999999999,11806.2,False,13,BREAKER,11812.2,11817.2,4,FVG-008395|BREAKER-000954,11813.9,11814.8,11818.849999999999,11801.7,HYPOTHETICAL_SCENARIO_NOT_BROKER_FACT,2022-09-16 00:00:00,2022-09-19 08:25:00,BULLISH,2022-09-19 08:25:00,2022-09-19 08:26:00,11814.349999999999,D1-20220916-BULLISH,STOP,11806.2,2022-09-19 08:38:00,MLR-TECH-ABL-001,2022-09-20 00:00:00,PREVIOUSLY_EXPOSED_WINDOW,C2_FVG_BREAKER,M1_STRICT_PENETRATION_NO_FAVORABLE_IMPROVEMENT,STRICT_M1_LIMIT_PENETRATION,FILLED,0,0.00,-8.149999999999,-0.3853427895980796852382788690,0.2,TECHNICAL_ONLY_ABLATION,-21.149999999999,-1,LOSS_1R,QRP-MACRO-LIQUIDITY-REVERSAL-001,0,21.149999999999,NORMALIZED_HIGH_COST,D1-20220916-BULLISH-M5-C2_FVG_BREAKER-FVG-008395-BREAKER-000954,3.0,6,11806.2,M5_C2_FVG_BREAKER,1.5,11846.0749999999975,M5
10974.55,10967.2,False,2,BREAKER,10968.2,10976.6,1.0,FVG-008611|BREAKER-000982,10974.0,10975.1,10975.30,10966.45,HYPOTHETICAL_SCENARIO_NOT_BROKER_FACT,2022-10-20 00:00:00,2022-10-21 03:50:00,BULLISH,2022-10-21 04:06:00,2022-10-21 04:07:00,10974.55,D1-20221020-BULLISH,STOP,10967.2,2022-10-21 04:08:00,MLR-TECH-ABL-001,2022-10-22 00:00:00,PREVIOUSLY_EXPOSED_WINDOW,C2_FVG_BREAKER,M1_STRICT_PENETRATION_NO_FAVORABLE_IMPROVEMENT,STRICT_M1_LIMIT_PENETRATION,FILLED,0,0,-7.35,-0.7461928934010152284263959391,0.016666666666666666,TECHNICAL_ONLY_ABLATION,-9.85,-1,LOSS_1R,QRP-MACRO-LIQUIDITY-REVERSAL-001,0,9.85,NORMALIZED_LOW_COST,D1-20221020-BULLISH-M5-C2_FVG_BREAKER-FVG-008611-BREAKER-000982,0.50,1,10967.2,M5_C2_FVG_BREAKER,1.5,10989.325,M5
10974.55,10994.575,False,77,BREAKER,10968.2,10976.6,2,FVG-008611|BREAKER-000982,10974.0,10975.1,10976.05,10993.075,HYPOTHETICAL_SCENARIO_NOT_BROKER_FACT,2022-10-20 00:00:00,2022-10-21 03:50:00,BULLISH,2022-10-21 04:06:00,2022-10-21 04:07:00,10974.55,D1-20221020-BULLISH,TARGET_1_5R,10994.575,2022-10-21 05:23:00,MLR-TECH-ABL-001,2022-10-22 00:00:00,PREVIOUSLY_EXPOSED_WINDOW,C2_FVG_BREAKER,M1_STRICT_PENETRATION_NO_FAVORABLE_IMPROVEMENT,STRICT_M1_LIMIT_PENETRATION,FILLED,0,0.0,20.025,1.5,1.2666666666666666,TECHNICAL_ONLY_ABLATION,15.025,1.125468164794007490636704120,WIN_TARGET_1_5R,QRP-MACRO-LIQUIDITY-REVERSAL-001,0,13.35,NORMALIZED_MEDIUM_COST,D1-20221020-BULLISH-M5-C2_FVG_BREAKER-FVG-008611-BREAKER-000982,1.0,2,10966.2,M5_C2_FVG_BREAKER,1.5,10994.575,M5
10974.55,11012.575,False,118,BREAKER,10968.2,10976.6,4,FVG-008611|BREAKER-000982,10974.0,10975.1,10979.05,11008.075,HYPOTHETICAL_SCENARIO_NOT_BROKER_FACT,2022-10-20 00:00:00,2022-10-21 03:50:00,BULLISH,2022-10-21 04:06:00,2022-10-21 04:07:00,10974.55,D1-20221020-BULLISH,TARGET_1_5R,11012.575,2022-10-21 06:04:00,MLR-TECH-ABL-001,2022-10-22 00:00:00,PREVIOUSLY_EXPOSED_WINDOW,C2_FVG_BREAKER,M1_STRICT_PENETRATION_NO_FAVORABLE_IMPROVEMENT,STRICT_M1_LIMIT_PENETRATION,FILLED,0,0.00,38.025,1.5,1.95,TECHNICAL_ONLY_ABLATION,25.025,0.9871794871794871794871794872,WIN_TARGET_1_5R,QRP-MACRO-LIQUIDITY-REVERSAL-001,0,25.35,NORMALIZED_HIGH_COST,D1-20221020-BULLISH-M5-C2_FVG_BREAKER-FVG-008611-BREAKER-000982,3.0,6,10962.2,M5_C2_FVG_BREAKER,1.5,11012.575,M5
11997.5,12000.1,False,9,BREAKER,11995.4,11999.1,1.0,FVG-008844|BREAKER-001005,11997.4,11997.6,11996.75,12000.85,HYPOTHETICAL_SCENARIO_NOT_BROKER_FACT,2022-12-01 00:00:00,2022-12-02 06:20:00,BEARISH,2022-12-02 06:21:00,2022-12-02 06:22:00,11997.5,D1-20221201-BEARISH,STOP,12000.1,2022-12-02 06:30:00,MLR-TECH-ABL-001,2022-12-03 00:00:00,PREVIOUSLY_EXPOSED_WINDOW,C2_FVG_BREAKER,M1_STRICT_PENETRATION_NO_FAVORABLE_IMPROVEMENT,STRICT_M1_LIMIT_PENETRATION,FILLED,0,0,-2.6,-0.5098039215686274509803921569,0.13333333333333333,TECHNICAL_ONLY_ABLATION,-5.10,-1,LOSS_1R,QRP-MACRO-LIQUIDITY-REVERSAL-001,0,5.10,NORMALIZED_LOW_COST,D1-20221201-BEARISH-M5-C2_FVG_BREAKER-FVG-008844-BREAKER-001005,0.50,1,12000.1,M5_C2_FVG_BREAKER,1.5,11989.850,M5
11997.5,12001.1,False,9,BREAKER,11995.4,11999.1,2,FVG-008844|BREAKER-001005,11997.4,11997.6,11996.0,12002.6,HYPOTHETICAL_SCENARIO_NOT_BROKER_FACT,2022-12-01 00:00:00,2022-12-02 06:20:00,BEARISH,2022-12-02 06:21:00,2022-12-02 06:22:00,11997.5,D1-20221201-BEARISH,STOP,12001.1,2022-12-02 06:30:00,MLR-TECH-ABL-001,2022-12-03 00:00:00,PREVIOUSLY_EXPOSED_WINDOW,C2_FVG_BREAKER,M1_STRICT_PENETRATION_NO_FAVORABLE_IMPROVEMENT,STRICT_M1_LIMIT_PENETRATION,FILLED,0,0.0,-3.6,-0.4186046511627906976744186047,0.13333333333333333,TECHNICAL_ONLY_ABLATION,-8.6,-1,LOSS_1R,QRP-MACRO-LIQUIDITY-REVERSAL-001,0,8.6,NORMALIZED_MEDIUM_COST,D1-20221201-BEARISH-M5-C2_FVG_BREAKER-FVG-008844-BREAKER-001005,1.0,2,12001.1,M5_C2_FVG_BREAKER,1.5,11984.60,M5
11997.5,12005.1,False,14,BREAKER,11995.4,11999.1,4,FVG-008844|BREAKER-001005,11997.4,11997.6,11993.0,12009.6,HYPOTHETICAL_SCENARIO_NOT_BROKER_FACT,2022-12-01 00:00:00,2022-12-02 06:20:00,BEARISH,2022-12-02 06:21:00,2022-12-02 06:22:00,11997.5,D1-20221201-BEARISH,STOP,12005.1,2022-12-02 06:35:00,MLR-TECH-ABL-001,2022-12-03 00:00:00,PREVIOUSLY_EXPOSED_WINDOW,C2_FVG_BREAKER,M1_STRICT_PENETRATION_NO_FAVORABLE_IMPROVEMENT,STRICT_M1_LIMIT_PENETRATION,FILLED,0,0.00,-7.6,-0.3689320388349514563106796117,0.21666666666666667,TECHNICAL_ONLY_ABLATION,-20.60,-1.0,LOSS_1R,QRP-MACRO-LIQUIDITY-REVERSAL-001,0,20.6,NORMALIZED_HIGH_COST,D1-20221201-BEARISH-M5-C2_FVG_BREAKER-FVG-008844-BREAKER-001005,3.0,6,12005.1,M5_C2_FVG_BREAKER,1.5,11966.60,M5
12340.85,12344.6,False,3,BREAKER,12339.0,12343.6,1.0,FVG-009023|BREAKER-001026,12340.1,12341.6,12340.10,12345.35,HYPOTHETICAL_SCENARIO_NOT_BROKER_FACT,2023-03-06 00:00:00,2023-03-07 08:05:00,BEARISH,2023-03-07 10:29:00,2023-03-07 10:30:00,12340.85,D1-20230306-BEARISH,STOP,12344.6,2023-03-07 10:32:00,MLR-TECH-ABL-001,2023-03-08 00:00:00,PREVIOUSLY_EXPOSED_WINDOW,C2_FVG_BREAKER,M1_STRICT_PENETRATION_NO_FAVORABLE_IMPROVEMENT,STRICT_M1_LIMIT_PENETRATION,FILLED,0,0,-3.75,-0.6,0.03333333333333333,TECHNICAL_ONLY_ABLATION,-6.25,-1,LOSS_1R,QRP-MACRO-LIQUIDITY-REVERSAL-001,0,6.25,NORMALIZED_LOW_COST,D1-20230306-BEARISH-M5-C2_FVG_BREAKER-FVG-009023-BREAKER-001026,0.50,1,12344.6,M5_C2_FVG_BREAKER,1.5,12331.475,M5
12340.85,12345.6,False,4,BREAKER,12339.0,12343.6,2,FVG-009023|BREAKER-001026,12340.1,12341.6,12339.35,12347.1,HYPOTHETICAL_SCENARIO_NOT_BROKER_FACT,2023-03-06 00:00:00,2023-03-07 08:05:00,BEARISH,2023-03-07 10:29:00,2023-03-07 10:30:00,12340.85,D1-20230306-BEARISH,STOP,12345.6,2023-03-07 10:33:00,MLR-TECH-ABL-001,2023-03-08 00:00:00,PREVIOUSLY_EXPOSED_WINDOW,C2_FVG_BREAKER,M1_STRICT_PENETRATION_NO_FAVORABLE_IMPROVEMENT,STRICT_M1_LIMIT_PENETRATION,FILLED,0,0.0,-4.75,-0.4871794871794871794871794872,0.05,TECHNICAL_ONLY_ABLATION,-9.75,-1,LOSS_1R,QRP-MACRO-LIQUIDITY-REVERSAL-001,0,9.75,NORMALIZED_MEDIUM_COST,D1-20230306-BEARISH-M5-C2_FVG_BREAKER-FVG-009023-BREAKER-001026,1.0,2,12345.6,M5_C2_FVG_BREAKER,1.5,12326.225,M5
12340.85,12349.6,False,35,BREAKER,12339.0,12343.6,4,FVG-009023|BREAKER-001026,12340.1,12341.6,12336.35,12354.1,HYPOTHETICAL_SCENARIO_NOT_BROKER_FACT,2023-03-06 00:00:00,2023-03-07 08:05:00,BEARISH,2023-03-07 10:29:00,2023-03-07 10:30:00,12340.85,D1-20230306-BEARISH,STOP,12349.6,2023-03-07 11:04:00,MLR-TECH-ABL-001,2023-03-08 00:00:00,PREVIOUSLY_EXPOSED_WINDOW,C2_FVG_BREAKER,M1_STRICT_PENETRATION_NO_FAVORABLE_IMPROVEMENT,STRICT_M1_LIMIT_PENETRATION,FILLED,0,0.00,-8.75,-0.4022988505747126436781609195,0.5666666666666667,TECHNICAL_ONLY_ABLATION,-21.75,-1,LOSS_1R,QRP-MACRO-LIQUIDITY-REVERSAL-001,0,21.75,NORMALIZED_HIGH_COST,D1-20230306-BEARISH-M5-C2_FVG_BREAKER-FVG-009023-BREAKER-001026,3.0,6,12349.6,M5_C2_FVG_BREAKER,1.5,12308.225,M5
12513.099999999999,12528.4,False,6,BREAKER,12509.4,12527.4,1.0,FVG-009213|BREAKER-001046,12509.4,12516.8,12512.349999999999,12529.15,HYPOTHETICAL_SCENARIO_NOT_BROKER_FACT,2023-03-17 00:00:00,2023-03-20 14:25:00,BEARISH,2023-03-20 14:25:00,2023-03-20 14:26:00,12513.099999999999,D1-20230317-BEARISH,STOP,12528.4,2023-03-20 14:31:00,MLR-TECH-ABL-001,2023-03-21 00:00:00,PREVIOUSLY_EXPOSED_WINDOW,C2_FVG_BREAKER,M1_STRICT_PENETRATION_NO_FAVORABLE_IMPROVEMENT,STRICT_M1_LIMIT_PENETRATION,FILLED,0,0,-15.300000000001,-0.8595505617977606994066405752,0.08333333333333333,TECHNICAL_ONLY_ABLATION,-17.800000000001,-1,LOSS_1R,QRP-MACRO-LIQUIDITY-REVERSAL-001,0,17.800000000001,NORMALIZED_LOW_COST,D1-20230317-BEARISH-M5-C2_FVG_BREAKER-FVG-009213-BREAKER-001046,0.50,1,12528.4,M5_C2_FVG_BREAKER,1.5,12486.3999999999975,M5
12513.099999999999,12529.4,False,6,BREAKER,12509.4,12527.4,2,FVG-009213|BREAKER-001046,12509.4,12516.8,12511.599999999999,12530.9,HYPOTHETICAL_SCENARIO_NOT_BROKER_FACT,2023-03-17 00:00:00,2023-03-20 14:25:00,BEARISH,2023-03-20 14:25:00,2023-03-20 14:26:00,12513.099999999999,D1-20230317-BEARISH,STOP,12529.4,2023-03-20 14:31:00,MLR-TECH-ABL-001,2023-03-21 00:00:00,PREVIOUSLY_EXPOSED_WINDOW,C2_FVG_BREAKER,M1_STRICT_PENETRATION_NO_FAVORABLE_IMPROVEMENT,STRICT_M1_LIMIT_PENETRATION,FILLED,0,0.0,-16.300000000001,-0.7652582159624523352950252370,0.08333333333333333,TECHNICAL_ONLY_ABLATION,-21.300000000001,-1,LOSS_1R,QRP-MACRO-LIQUIDITY-REVERSAL-001,0,21.300000000001,NORMALIZED_MEDIUM_COST,D1-20230317-BEARISH-M5-C2_FVG_BREAKER-FVG-009213-BREAKER-001046,1.0,2,12529.4,M5_C2_FVG_BREAKER,1.5,12481.1499999999975,M5
12513.099999999999,12533.4,False,7,BREAKER,12509.4,12527.4,4,FVG-009213|BREAKER-001046,12509.4,12516.8,12508.599999999999,12537.9,HYPOTHETICAL_SCENARIO_NOT_BROKER_FACT,2023-03-17 00:00:00,2023-03-20 14:25:00,BEARISH,2023-03-20 14:25:00,2023-03-20 14:26:00,12513.099999999999,D1-20230317-BEARISH,STOP,12533.4,2023-03-20 14:32:00,MLR-TECH-ABL-001,2023-03-21 00:00:00,PREVIOUSLY_EXPOSED_WINDOW,C2_FVG_BREAKER,M1_STRICT_PENETRATION_NO_FAVORABLE_IMPROVEMENT,STRICT_M1_LIMIT_PENETRATION,FILLED,0,0.00,-20.300000000001,-0.6096096096096213330447564678,0.1,TECHNICAL_ONLY_ABLATION,-33.300000000001,-1,LOSS_1R,QRP-MACRO-LIQUIDITY-REVERSAL-001,0,33.300000000001,NORMALIZED_HIGH_COST,D1-20230317-BEARISH-M5-C2_FVG_BREAKER-FVG-009213-BREAKER-001046,3.0,6,12533.4,M5_C2_FVG_BREAKER,1.5,12463.1499999999975,M5
13054.3,13056.1,False,18,BREAKER,13052.2,13055.1,1.0,FVG-009404|BREAKER-001071,13053.9,13054.7,13053.55,13056.85,HYPOTHETICAL_SCENARIO_NOT_BROKER_FACT,2023-04-10 00:00:00,2023-04-11 06:05:00,BEARISH,2023-04-11 06:05:00,2023-04-11 06:06:00,13054.3,D1-20230410-BEARISH,STOP,13056.1,2023-04-11 06:23:00,MLR-TECH-ABL-001,2023-04-12 00:00:00,PREVIOUSLY_EXPOSED_WINDOW,C2_FVG_BREAKER,M1_STRICT_PENETRATION_NO_FAVORABLE_IMPROVEMENT,STRICT_M1_LIMIT_PENETRATION,FILLED,0,0,-1.8,-0.4186046511627906976744186047,0.2833333333333333,TECHNICAL_ONLY_ABLATION,-4.30,-1,LOSS_1R,QRP-MACRO-LIQUIDITY-REVERSAL-001,0,4.30,NORMALIZED_LOW_COST,D1-20230410-BEARISH-M5-C2_FVG_BREAKER-FVG-009404-BREAKER-001071,0.50,1,13056.1,M5_C2_FVG_BREAKER,1.5,13047.850,M5
13054.3,13057.1,False,18,BREAKER,13052.2,13055.1,2,FVG-009404|BREAKER-001071,13053.9,13054.7,13052.8,13058.6,HYPOTHETICAL_SCENARIO_NOT_BROKER_FACT,2023-04-10 00:00:00,2023-04-11 06:05:00,BEARISH,2023-04-11 06:05:00,2023-04-11 06:06:00,13054.3,D1-20230410-BEARISH,STOP,13057.1,2023-04-11 06:23:00,MLR-TECH-ABL-001,2023-04-12 00:00:00,PREVIOUSLY_EXPOSED_WINDOW,C2_FVG_BREAKER,M1_STRICT_PENETRATION_NO_FAVORABLE_IMPROVEMENT,STRICT_M1_LIMIT_PENETRATION,FILLED,0,0.0,-2.8,-0.3589743589743589743589743590,0.2833333333333333,TECHNICAL_ONLY_ABLATION,-7.8,-1,LOSS_1R,QRP-MACRO-LIQUIDITY-REVERSAL-001,0,7.8,NORMALIZED_MEDIUM_COST,D1-20230410-BEARISH-M5-C2_FVG_BREAKER-FVG-009404-BREAKER-001071,1.0,2,13057.1,M5_C2_FVG_BREAKER,1.5,13042.60,M5
13054.3,13061.1,False,193,BREAKER,13052.2,13055.1,4,FVG-009404|BREAKER-001071,13053.9,13054.7,13049.8,13065.6,HYPOTHETICAL_SCENARIO_NOT_BROKER_FACT,2023-04-10 00:00:00,2023-04-11 06:05:00,BEARISH,2023-04-11 06:05:00,2023-04-11 06:06:00,13054.3,D1-20230410-BEARISH,STOP,13061.1,2023-04-11 09:18:00,MLR-TECH-ABL-001,2023-04-12 00:00:00,PREVIOUSLY_EXPOSED_WINDOW,C2_FVG_BREAKER,M1_STRICT_PENETRATION_NO_FAVORABLE_IMPROVEMENT,STRICT_M1_LIMIT_PENETRATION,FILLED,0,0.00,-6.8,-0.3434343434343434343434343434,3.2,TECHNICAL_ONLY_ABLATION,-19.80,-1.0,LOSS_1R,QRP-MACRO-LIQUIDITY-REVERSAL-001,0,19.8,NORMALIZED_HIGH_COST,D1-20230410-BEARISH-M5-C2_FVG_BREAKER-FVG-009404-BREAKER-001071,3.0,6,13061.1,M5_C2_FVG_BREAKER,1.5,13024.60,M5
13093.5,13079.400,False,26,BREAKER,13092.1,13099.4,1.0,FVG-009595|BREAKER-001093,13092.1,13094.9,13092.75,13080.150,HYPOTHETICAL_SCENARIO_NOT_BROKER_FACT,2023-04-14 00:00:00,2023-04-17 11:50:00,BEARISH,2023-04-17 11:50:00,2023-04-17 11:51:00,13093.5,D1-20230414-BEARISH,TARGET_1_5R,13079.400,2023-04-17 12:16:00,MLR-TECH-ABL-001,2023-04-18 00:00:00,PREVIOUSLY_EXPOSED_WINDOW,C2_FVG_BREAKER,M1_STRICT_PENETRATION_NO_FAVORABLE_IMPROVEMENT,STRICT_M1_LIMIT_PENETRATION,FILLED,0,0,14.100,1.5,0.4166666666666667,TECHNICAL_ONLY_ABLATION,11.600,1.234042553191489361702127660,WIN_TARGET_1_5R,QRP-MACRO-LIQUIDITY-REVERSAL-001,0,9.40,NORMALIZED_LOW_COST,D1-20230414-BEARISH-M5-C2_FVG_BREAKER-FVG-009595-BREAKER-001093,0.50,1,13100.4,M5_C2_FVG_BREAKER,1.5,13079.400,M5
13093.5,13074.15,False,27,BREAKER,13092.1,13099.4,2,FVG-009595|BREAKER-001093,13092.1,13094.9,13092.0,13075.65,HYPOTHETICAL_SCENARIO_NOT_BROKER_FACT,2023-04-14 00:00:00,2023-04-17 11:50:00,BEARISH,2023-04-17 11:50:00,2023-04-17 11:51:00,13093.5,D1-20230414-BEARISH,TARGET_1_5R,13074.15,2023-04-17 12:17:00,MLR-TECH-ABL-001,2023-04-18 00:00:00,PREVIOUSLY_EXPOSED_WINDOW,C2_FVG_BREAKER,M1_STRICT_PENETRATION_NO_FAVORABLE_IMPROVEMENT,STRICT_M1_LIMIT_PENETRATION,FILLED,0,0.0,19.35,1.5,0.43333333333333335,TECHNICAL_ONLY_ABLATION,14.35,1.112403100775193798449612403,WIN_TARGET_1_5R,QRP-MACRO-LIQUIDITY-REVERSAL-001,0,12.9,NORMALIZED_MEDIUM_COST,D1-20230414-BEARISH-M5-C2_FVG_BREAKER-FVG-009595-BREAKER-001093,1.0,2,13101.4,M5_C2_FVG_BREAKER,1.5,13074.15,M5
13093.5,13056.15,False,60,BREAKER,13092.1,13099.4,4,FVG-009595|BREAKER-001093,13092.1,13094.9,13089.0,13060.65,HYPOTHETICAL_SCENARIO_NOT_BROKER_FACT,2023-04-14 00:00:00,2023-04-17 11:50:00,BEARISH,2023-04-17 11:50:00,2023-04-17 11:51:00,13093.5,D1-20230414-BEARISH,TARGET_1_5R,13056.15,2023-04-17 12:50:00,MLR-TECH-ABL-001,2023-04-18 00:00:00,PREVIOUSLY_EXPOSED_WINDOW,C2_FVG_BREAKER,M1_STRICT_PENETRATION_NO_FAVORABLE_IMPROVEMENT,STRICT_M1_LIMIT_PENETRATION,FILLED,0,0.00,37.35,1.5,0.9833333333333333,TECHNICAL_ONLY_ABLATION,24.35,0.9779116465863453815261044177,WIN_TARGET_1_5R,QRP-MACRO-LIQUIDITY-REVERSAL-001,0,24.9,NORMALIZED_HIGH_COST,D1-20230414-BEARISH-M5-C2_FVG_BREAKER-FVG-009595-BREAKER-001093,3.0,6,13105.4,M5_C2_FVG_BREAKER,1.5,13056.15,M5
13238.75,13242.7,False,19,BREAKER,13238.4,13241.7,1.0,FVG-009763|BREAKER-001111,13238.4,13239.1,13238.00,13243.45,HYPOTHETICAL_SCENARIO_NOT_BROKER_FACT,2023-04-28 00:00:00,2023-05-01 11:15:00,BEARISH,2023-05-01 11:54:00,2023-05-01 11:55:00,13238.75,D1-20230428-BEARISH,STOP,13242.7,2023-05-01 12:13:00,MLR-TECH-ABL-001,2023-05-02 00:00:00,PREVIOUSLY_EXPOSED_WINDOW,C2_FVG_BREAKER,M1_STRICT_PENETRATION_NO_FAVORABLE_IMPROVEMENT,STRICT_M1_LIMIT_PENETRATION,FILLED,0,0,-3.95,-0.6124031007751937984496124031,0.3,TECHNICAL_ONLY_ABLATION,-6.45,-1,LOSS_1R,QRP-MACRO-LIQUIDITY-REVERSAL-001,0,6.45,NORMALIZED_LOW_COST,D1-20230428-BEARISH-M5-C2_FVG_BREAKER-FVG-009763-BREAKER-001111,0.50,1,13242.7,M5_C2_FVG_BREAKER,1.5,13229.075,M5
13238.75,13243.7,False,20,BREAKER,13238.4,13241.7,2,FVG-009763|BREAKER-001111,13238.4,13239.1,13237.25,13245.2,HYPOTHETICAL_SCENARIO_NOT_BROKER_FACT,2023-04-28 00:00:00,2023-05-01 11:15:00,BEARISH,2023-05-01 11:54:00,2023-05-01 11:55:00,13238.75,D1-20230428-BEARISH,STOP,13243.7,2023-05-01 12:14:00,MLR-TECH-ABL-001,2023-05-02 00:00:00,PREVIOUSLY_EXPOSED_WINDOW,C2_FVG_BREAKER,M1_STRICT_PENETRATION_NO_FAVORABLE_IMPROVEMENT,STRICT_M1_LIMIT_PENETRATION,FILLED,0,0.0,-4.95,-0.4974874371859296482412060302,0.31666666666666665,TECHNICAL_ONLY_ABLATION,-9.95,-1,LOSS_1R,QRP-MACRO-LIQUIDITY-REVERSAL-001,0,9.95,NORMALIZED_MEDIUM_COST,D1-20230428-BEARISH-M5-C2_FVG_BREAKER-FVG-009763-BREAKER-001111,1.0,2,13243.7,M5_C2_FVG_BREAKER,1.5,13223.825,M5
13238.75,13247.7,False,23,BREAKER,13238.4,13241.7,4,FVG-009763|BREAKER-001111,13238.4,13239.1,13234.25,13252.2,HYPOTHETICAL_SCENARIO_NOT_BROKER_FACT,2023-04-28 00:00:00,2023-05-01 11:15:00,BEARISH,2023-05-01 11:54:00,2023-05-01 11:55:00,13238.75,D1-20230428-BEARISH,STOP,13247.7,2023-05-01 12:17:00,MLR-TECH-ABL-001,2023-05-02 00:00:00,PREVIOUSLY_EXPOSED_WINDOW,C2_FVG_BREAKER,M1_STRICT_PENETRATION_NO_FAVORABLE_IMPROVEMENT,STRICT_M1_LIMIT_PENETRATION,FILLED,0,0.00,-8.95,-0.4077448747152619589977220957,0.36666666666666664,TECHNICAL_ONLY_ABLATION,-21.95,-1,LOSS_1R,QRP-MACRO-LIQUIDITY-REVERSAL-001,0,21.95,NORMALIZED_HIGH_COST,D1-20230428-BEARISH-M5-C2_FVG_BREAKER-FVG-009763-BREAKER-001111,3.0,6,13247.7,M5_C2_FVG_BREAKER,1.5,13205.825,M5
13231.5,13233.2,False,4,BREAKER,13227.9,13232.2,1.0,FVG-009952|BREAKER-001132,13230.8,13232.2,13230.75,13233.95,HYPOTHETICAL_SCENARIO_NOT_BROKER_FACT,2023-05-01 00:00:00,2023-05-02 13:10:00,BEARISH,2023-05-02 13:21:00,2023-05-02 13:22:00,13231.5,D1-20230501-BEARISH,STOP,13233.2,2023-05-02 13:25:00,MLR-TECH-ABL-001,2023-05-03 00:00:00,PREVIOUSLY_EXPOSED_WINDOW,C2_FVG_BREAKER,M1_STRICT_PENETRATION_NO_FAVORABLE_IMPROVEMENT,STRICT_M1_LIMIT_PENETRATION,FILLED,0,0,-1.7,-0.4047619047619047619047619048,0.05,TECHNICAL_ONLY_ABLATION,-4.20,-1,LOSS_1R,QRP-MACRO-LIQUIDITY-REVERSAL-001,0,4.20,NORMALIZED_LOW_COST,D1-20230501-BEARISH-M5-C2_FVG_BREAKER-FVG-009952-BREAKER-001132,0.50,1,13233.2,M5_C2_FVG_BREAKER,1.5,13225.200,M5
13231.5,13234.2,False,4,BREAKER,13227.9,13232.2,2,FVG-009952|BREAKER-001132,13230.8,13232.2,13230.0,13235.7,HYPOTHETICAL_SCENARIO_NOT_BROKER_FACT,2023-05-01 00:00:00,2023-05-02 13:10:00,BEARISH,2023-05-02 13:21:00,2023-05-02 13:22:00,13231.5,D1-20230501-BEARISH,STOP,13234.2,2023-05-02 13:25:00,MLR-TECH-ABL-001,2023-05-03 00:00:00,PREVIOUSLY_EXPOSED_WINDOW,C2_FVG_BREAKER,M1_STRICT_PENETRATION_NO_FAVORABLE_IMPROVEMENT,STRICT_M1_LIMIT_PENETRATION,FILLED,0,0.0,-2.7,-0.3506493506493506493506493506,0.05,TECHNICAL_ONLY_ABLATION,-7.7,-1,LOSS_1R,QRP-MACRO-LIQUIDITY-REVERSAL-001,0,7.7,NORMALIZED_MEDIUM_COST,D1-20230501-BEARISH-M5-C2_FVG_BREAKER-FVG-009952-BREAKER-001132,1.0,2,13234.2,M5_C2_FVG_BREAKER,1.5,13219.95,M5
13231.5,13238.2,False,29,BREAKER,13227.9,13232.2,4,FVG-009952|BREAKER-001132,13230.8,13232.2,13227.0,13242.7,HYPOTHETICAL_SCENARIO_NOT_BROKER_FACT,2023-05-01 00:00:00,2023-05-02 13:10:00,BEARISH,2023-05-02 13:21:00,2023-05-02 13:22:00,13231.5,D1-20230501-BEARISH,STOP,13238.2,2023-05-02 13:50:00,MLR-TECH-ABL-001,2023-05-03 00:00:00,PREVIOUSLY_EXPOSED_WINDOW,C2_FVG_BREAKER,M1_STRICT_PENETRATION_NO_FAVORABLE_IMPROVEMENT,STRICT_M1_LIMIT_PENETRATION,FILLED,0,0.00,-6.7,-0.3401015228426395939086294416,0.4666666666666667,TECHNICAL_ONLY_ABLATION,-19.70,-1.0,LOSS_1R,QRP-MACRO-LIQUIDITY-REVERSAL-001,0,19.7,NORMALIZED_HIGH_COST,D1-20230501-BEARISH-M5-C2_FVG_BREAKER-FVG-009952-BREAKER-001132,3.0,6,13238.2,M5_C2_FVG_BREAKER,1.5,13201.95,M5
14550.849999999999,14554.8,False,12,BREAKER,14547.9,14553.8,1.0,FVG-010061|BREAKER-001141,14550.4,14551.3,14550.099999999999,14555.55,HYPOTHETICAL_SCENARIO_NOT_BROKER_FACT,2023-06-05 00:00:00,2023-06-06 15:20:00,BEARISH,2023-06-06 16:12:00,2023-06-06 16:13:00,14550.849999999999,D1-20230605-BEARISH,STOP,14554.8,2023-06-06 16:24:00,MLR-TECH-ABL-001,2023-06-07 00:00:00,PREVIOUSLY_EXPOSED_WINDOW,C2_FVG_BREAKER,M1_STRICT_PENETRATION_NO_FAVORABLE_IMPROVEMENT,STRICT_M1_LIMIT_PENETRATION,FILLED,0,0,-3.950000000001,-0.6124031007752538909921278676,0.18333333333333332,TECHNICAL_ONLY_ABLATION,-6.450000000001,-1,LOSS_1R,QRP-MACRO-LIQUIDITY-REVERSAL-001,0,6.450000000001,NORMALIZED_LOW_COST,D1-20230605-BEARISH-M5-C2_FVG_BREAKER-FVG-010061-BREAKER-001141,0.50,1,14554.8,M5_C2_FVG_BREAKER,1.5,14541.1749999999975,M5
14550.849999999999,14555.8,False,12,BREAKER,14547.9,14553.8,2,FVG-010061|BREAKER-001141,14550.4,14551.3,14549.349999999999,14557.3,HYPOTHETICAL_SCENARIO_NOT_BROKER_FACT,2023-06-05 00:00:00,2023-06-06 15:20:00,BEARISH,2023-06-06 16:12:00,2023-06-06 16:13:00,14550.849999999999,D1-20230605-BEARISH,STOP,14555.8,2023-06-06 16:24:00,MLR-TECH-ABL-001,2023-06-07 00:00:00,PREVIOUSLY_EXPOSED_WINDOW,C2_FVG_BREAKER,M1_STRICT_PENETRATION_NO_FAVORABLE_IMPROVEMENT,STRICT_M1_LIMIT_PENETRATION,FILLED,0,0.0,-4.950000000001,-0.4974874371859801520163632181,0.18333333333333332,TECHNICAL_ONLY_ABLATION,-9.950000000001,-1,LOSS_1R,QRP-MACRO-LIQUIDITY-REVERSAL-001,0,9.950000000001,NORMALIZED_MEDIUM_COST,D1-20230605-BEARISH-M5-C2_FVG_BREAKER-FVG-010061-BREAKER-001141,1.0,2,14555.8,M5_C2_FVG_BREAKER,1.5,14535.9249999999975,M5
14550.849999999999,14517.9249999999975,False,19,BREAKER,14547.9,14553.8,4,FVG-010061|BREAKER-001141,14550.4,14551.3,14546.349999999999,14522.4249999999975,HYPOTHETICAL_SCENARIO_NOT_BROKER_FACT,2023-06-05 00:00:00,2023-06-06 15:20:00,BEARISH,2023-06-06 16:12:00,2023-06-06 16:13:00,14550.849999999999,D1-20230605-BEARISH,TARGET_1_5R,14517.9249999999975,2023-06-06 16:31:00,MLR-TECH-ABL-001,2023-06-07 00:00:00,PREVIOUSLY_EXPOSED_WINDOW,C2_FVG_BREAKER,M1_STRICT_PENETRATION_NO_FAVORABLE_IMPROVEMENT,STRICT_M1_LIMIT_PENETRATION,FILLED,0,0.00,32.9250000000015,1.5,0.3,TECHNICAL_ONLY_ABLATION,19.9250000000015,0.9077448747152889410079856360,WIN_TARGET_1_5R,QRP-MACRO-LIQUIDITY-REVERSAL-001,0,21.950000000001,NORMALIZED_HIGH_COST,D1-20230605-BEARISH-M5-C2_FVG_BREAKER-FVG-010061-BREAKER-001141,3.0,6,14559.8,M5_C2_FVG_BREAKER,1.5,14517.9249999999975,M5
15550.75,15554.2,False,30,BREAKER,15550.4,15553.2,1.0,FVG-010163|BREAKER-001153,15550.4,15551.1,15550.00,15554.95,HYPOTHETICAL_SCENARIO_NOT_BROKER_FACT,2023-07-14 00:00:00,2023-07-17 09:10:00,BEARISH,2023-07-17 09:10:00,2023-07-17 09:11:00,15550.75,D1-20230714-BEARISH,STOP,15554.2,2023-07-17 09:40:00,MLR-TECH-ABL-001,2023-07-18 00:00:00,PREVIOUSLY_EXPOSED_WINDOW,C2_FVG_BREAKER,M1_STRICT_PENETRATION_NO_FAVORABLE_IMPROVEMENT,STRICT_M1_LIMIT_PENETRATION,FILLED,0,0,-3.45,-0.5798319327731092436974789916,0.48333333333333334,TECHNICAL_ONLY_ABLATION,-5.95,-1,LOSS_1R,QRP-MACRO-LIQUIDITY-REVERSAL-001,0,5.95,NORMALIZED_LOW_COST,D1-20230714-BEARISH-M5-C2_FVG_BREAKER-FVG-010163-BREAKER-001153,0.50,1,15554.2,M5_C2_FVG_BREAKER,1.5,15541.825,M5
15550.75,15555.2,False,32,BREAKER,15550.4,15553.2,2,FVG-010163|BREAKER-001153,15550.4,15551.1,15549.25,15556.7,HYPOTHETICAL_SCENARIO_NOT_BROKER_FACT,2023-07-14 00:00:00,2023-07-17 09:10:00,BEARISH,2023-07-17 09:10:00,2023-07-17 09:11:00,15550.75,D1-20230714-BEARISH,STOP,15555.2,2023-07-17 09:42:00,MLR-TECH-ABL-001,2023-07-18 00:00:00,PREVIOUSLY_EXPOSED_WINDOW,C2_FVG_BREAKER,M1_STRICT_PENETRATION_NO_FAVORABLE_IMPROVEMENT,STRICT_M1_LIMIT_PENETRATION,FILLED,0,0.0,-4.45,-0.4708994708994708994708994709,0.5166666666666667,TECHNICAL_ONLY_ABLATION,-9.45,-1,LOSS_1R,QRP-MACRO-LIQUIDITY-REVERSAL-001,0,9.45,NORMALIZED_MEDIUM_COST,D1-20230714-BEARISH-M5-C2_FVG_BREAKER-FVG-010163-BREAKER-001153,1.0,2,15555.2,M5_C2_FVG_BREAKER,1.5,15536.575,M5
15550.75,15559.2,False,36,BREAKER,15550.4,15553.2,4,FVG-010163|BREAKER-001153,15550.4,15551.1,15546.25,15563.7,HYPOTHETICAL_SCENARIO_NOT_BROKER_FACT,2023-07-14 00:00:00,2023-07-17 09:10:00,BEARISH,2023-07-17 09:10:00,2023-07-17 09:11:00,15550.75,D1-20230714-BEARISH,STOP,15559.2,2023-07-17 09:46:00,MLR-TECH-ABL-001,2023-07-18 00:00:00,PREVIOUSLY_EXPOSED_WINDOW,C2_FVG_BREAKER,M1_STRICT_PENETRATION_NO_FAVORABLE_IMPROVEMENT,STRICT_M1_LIMIT_PENETRATION,FILLED,0,0.00,-8.45,-0.3939393939393939393939393939,0.5833333333333334,TECHNICAL_ONLY_ABLATION,-21.45,-1,LOSS_1R,QRP-MACRO-LIQUIDITY-REVERSAL-001,0,21.45,NORMALIZED_HIGH_COST,D1-20230714-BEARISH-M5-C2_FVG_BREAKER-FVG-010163-BREAKER-001153,3.0,6,15559.2,M5_C2_FVG_BREAKER,1.5,15518.575,M5
15709.7,15716.7,False,3,BREAKER,15709.0,15715.7,1.0,FVG-010388|BREAKER-001174,15709.0,15710.4,15708.95,15717.45,HYPOTHETICAL_SCENARIO_NOT_BROKER_FACT,2023-07-19 00:00:00,2023-07-20 16:00:00,BEARISH,2023-07-20 16:28:00,2023-07-20 16:29:00,15709.7,D1-20230719-BEARISH,STOP,15716.7,2023-07-20 16:31:00,MLR-TECH-ABL-001,2023-07-21 00:00:00,PREVIOUSLY_EXPOSED_WINDOW,C2_FVG_BREAKER,M1_STRICT_PENETRATION_NO_FAVORABLE_IMPROVEMENT,STRICT_M1_LIMIT_PENETRATION,FILLED,0,0,-7.0,-0.7368421052631578947368421053,0.03333333333333333,TECHNICAL_ONLY_ABLATION,-9.50,-1,LOSS_1R,QRP-MACRO-LIQUIDITY-REVERSAL-001,0,9.50,NORMALIZED_LOW_COST,D1-20230719-BEARISH-M5-C2_FVG_BREAKER-FVG-010388-BREAKER-001174,0.50,1,15716.7,M5_C2_FVG_BREAKER,1.5,15695.450,M5
15709.7,15717.7,False,3,BREAKER,15709.0,15715.7,2,FVG-010388|BREAKER-001174,15709.0,15710.4,15708.2,15719.2,HYPOTHETICAL_SCENARIO_NOT_BROKER_FACT,2023-07-19 00:00:00,2023-07-20 16:00:00,BEARISH,2023-07-20 16:28:00,2023-07-20 16:29:00,15709.7,D1-20230719-BEARISH,STOP,15717.7,2023-07-20 16:31:00,MLR-TECH-ABL-001,2023-07-21 00:00:00,PREVIOUSLY_EXPOSED_WINDOW,C2_FVG_BREAKER,M1_STRICT_PENETRATION_NO_FAVORABLE_IMPROVEMENT,STRICT_M1_LIMIT_PENETRATION,FILLED,0,0.0,-8.0,-0.6153846153846153846153846154,0.03333333333333333,TECHNICAL_ONLY_ABLATION,-13.0,-1,LOSS_1R,QRP-MACRO-LIQUIDITY-REVERSAL-001,0,13.0,NORMALIZED_MEDIUM_COST,D1-20230719-BEARISH-M5-C2_FVG_BREAKER-FVG-010388-BREAKER-001174,1.0,2,15717.7,M5_C2_FVG_BREAKER,1.5,15690.20,M5
15709.7,15721.7,False,3,BREAKER,15709.0,15715.7,4,FVG-010388|BREAKER-001174,15709.0,15710.4,15705.2,15726.2,HYPOTHETICAL_SCENARIO_NOT_BROKER_FACT,2023-07-19 00:00:00,2023-07-20 16:00:00,BEARISH,2023-07-20 16:28:00,2023-07-20 16:29:00,15709.7,D1-20230719-BEARISH,STOP,15721.7,2023-07-20 16:31:00,MLR-TECH-ABL-001,2023-07-21 00:00:00,PREVIOUSLY_EXPOSED_WINDOW,C2_FVG_BREAKER,M1_STRICT_PENETRATION_NO_FAVORABLE_IMPROVEMENT,STRICT_M1_LIMIT_PENETRATION,FILLED,0,0.00,-12.0,-0.48,0.03333333333333333,TECHNICAL_ONLY_ABLATION,-25.00,-1.0,LOSS_1R,QRP-MACRO-LIQUIDITY-REVERSAL-001,0,25.0,NORMALIZED_HIGH_COST,D1-20230719-BEARISH-M5-C2_FVG_BREAKER-FVG-010388-BREAKER-001174,3.0,6,15721.7,M5_C2_FVG_BREAKER,1.5,15672.20,M5
15769.95,15773.5,False,32,BREAKER,15769.1,15772.5,1.0,FVG-010612|BREAKER-001197,15769.1,15770.8,15769.20,15774.25,HYPOTHETICAL_SCENARIO_NOT_BROKER_FACT,2023-07-31 00:00:00,2023-08-01 07:00:00,BEARISH,2023-08-01 07:03:00,2023-08-01 07:04:00,15769.95,D1-20230731-BEARISH,STOP,15773.5,2023-08-01 07:35:00,MLR-TECH-ABL-001,2023-08-02 00:00:00,PREVIOUSLY_EXPOSED_WINDOW,C2_FVG_BREAKER,M1_STRICT_PENETRATION_NO_FAVORABLE_IMPROVEMENT,STRICT_M1_LIMIT_PENETRATION,FILLED,0,0,-3.55,-0.5867768595041322314049586777,0.5166666666666667,TECHNICAL_ONLY_ABLATION,-6.05,-1,LOSS_1R,QRP-MACRO-LIQUIDITY-REVERSAL-001,0,6.05,NORMALIZED_LOW_COST,D1-20230731-BEARISH-M5-C2_FVG_BREAKER-FVG-010612-BREAKER-001197,0.50,1,15773.5,M5_C2_FVG_BREAKER,1.5,15760.875,M5
15769.95,15774.5,False,33,BREAKER,15769.1,15772.5,2,FVG-010612|BREAKER-001197,15769.1,15770.8,15768.45,15776.0,HYPOTHETICAL_SCENARIO_NOT_BROKER_FACT,2023-07-31 00:00:00,2023-08-01 07:00:00,BEARISH,2023-08-01 07:03:00,2023-08-01 07:04:00,15769.95,D1-20230731-BEARISH,STOP,15774.5,2023-08-01 07:36:00,MLR-TECH-ABL-001,2023-08-02 00:00:00,PREVIOUSLY_EXPOSED_WINDOW,C2_FVG_BREAKER,M1_STRICT_PENETRATION_NO_FAVORABLE_IMPROVEMENT,STRICT_M1_LIMIT_PENETRATION,FILLED,0,0.0,-4.55,-0.4764397905759162303664921466,0.5333333333333333,TECHNICAL_ONLY_ABLATION,-9.55,-1,LOSS_1R,QRP-MACRO-LIQUIDITY-REVERSAL-001,0,9.55,NORMALIZED_MEDIUM_COST,D1-20230731-BEARISH-M5-C2_FVG_BREAKER-FVG-010612-BREAKER-001197,1.0,2,15774.5,M5_C2_FVG_BREAKER,1.5,15755.625,M5
15769.95,15737.625,False,184,BREAKER,15769.1,15772.5,4,FVG-010612|BREAKER-001197,15769.1,15770.8,15765.45,15742.125,HYPOTHETICAL_SCENARIO_NOT_BROKER_FACT,2023-07-31 00:00:00,2023-08-01 07:00:00,BEARISH,2023-08-01 07:03:00,2023-08-01 07:04:00,15769.95,D1-20230731-BEARISH,TARGET_1_5R,15737.625,2023-08-01 10:07:00,MLR-TECH-ABL-001,2023-08-02 00:00:00,PREVIOUSLY_EXPOSED_WINDOW,C2_FVG_BREAKER,M1_STRICT_PENETRATION_NO_FAVORABLE_IMPROVEMENT,STRICT_M1_LIMIT_PENETRATION,FILLED,0,0.00,32.325,1.5,3.05,TECHNICAL_ONLY_ABLATION,19.325,0.8967517401392111368909512761,WIN_TARGET_1_5R,QRP-MACRO-LIQUIDITY-REVERSAL-001,0,21.55,NORMALIZED_HIGH_COST,D1-20230731-BEARISH-M5-C2_FVG_BREAKER-FVG-010612-BREAKER-001197,3.0,6,15778.5,M5_C2_FVG_BREAKER,1.5,15737.625,M5
14551.3,14549.2,False,2,BREAKER,14550.2,14567.8,1.0,FVG-010969|BREAKER-001231,14550.2,14552.4,14552.05,14548.45,HYPOTHETICAL_SCENARIO_NOT_BROKER_FACT,2023-09-27 00:00:00,2023-09-28 15:10:00,BULLISH,2023-09-28 15:45:00,2023-09-28 15:46:00,14551.3,D1-20230927-BULLISH,STOP,14549.2,2023-09-28 15:47:00,MLR-TECH-ABL-001,2023-09-29 00:00:00,PREVIOUSLY_EXPOSED_WINDOW,C2_FVG_BREAKER,M1_STRICT_PENETRATION_NO_FAVORABLE_IMPROVEMENT,STRICT_M1_LIMIT_PENETRATION,FILLED,0,0,-2.1,-0.4565217391304347826086956522,0.016666666666666666,TECHNICAL_ONLY_ABLATION,-4.60,-1,LOSS_1R,QRP-MACRO-LIQUIDITY-REVERSAL-001,0,4.60,NORMALIZED_LOW_COST,D1-20230927-BULLISH-M5-C2_FVG_BREAKER-FVG-010969-BREAKER-001231,0.50,1,14549.2,M5_C2_FVG_BREAKER,1.5,14558.200,M5
14551.3,14548.2,False,2,BREAKER,14550.2,14567.8,2,FVG-010969|BREAKER-001231,14550.2,14552.4,14552.8,14546.7,HYPOTHETICAL_SCENARIO_NOT_BROKER_FACT,2023-09-27 00:00:00,2023-09-28 15:10:00,BULLISH,2023-09-28 15:45:00,2023-09-28 15:46:00,14551.3,D1-20230927-BULLISH,STOP,14548.2,2023-09-28 15:47:00,MLR-TECH-ABL-001,2023-09-29 00:00:00,PREVIOUSLY_EXPOSED_WINDOW,C2_FVG_BREAKER,M1_STRICT_PENETRATION_NO_FAVORABLE_IMPROVEMENT,STRICT_M1_LIMIT_PENETRATION,FILLED,0,0.0,-3.1,-0.3827160493827160493827160494,0.016666666666666666,TECHNICAL_ONLY_ABLATION,-8.1,-1,LOSS_1R,QRP-MACRO-LIQUIDITY-REVERSAL-001,0,8.1,NORMALIZED_MEDIUM_COST,D1-20230927-BULLISH-M5-C2_FVG_BREAKER-FVG-010969-BREAKER-001231,1.0,2,14548.2,M5_C2_FVG_BREAKER,1.5,14563.45,M5
14551.3,14544.2,False,2,BREAKER,14550.2,14567.8,4,FVG-010969|BREAKER-001231,14550.2,14552.4,14555.8,14539.7,HYPOTHETICAL_SCENARIO_NOT_BROKER_FACT,2023-09-27 00:00:00,2023-09-28 15:10:00,BULLISH,2023-09-28 15:45:00,2023-09-28 15:46:00,14551.3,D1-20230927-BULLISH,STOP,14544.2,2023-09-28 15:47:00,MLR-TECH-ABL-001,2023-09-29 00:00:00,PREVIOUSLY_EXPOSED_WINDOW,C2_FVG_BREAKER,M1_STRICT_PENETRATION_NO_FAVORABLE_IMPROVEMENT,STRICT_M1_LIMIT_PENETRATION,FILLED,0,0.00,-7.1,-0.3532338308457711442786069652,0.016666666666666666,TECHNICAL_ONLY_ABLATION,-20.10,-1.0,LOSS_1R,QRP-MACRO-LIQUIDITY-REVERSAL-001,0,20.1,NORMALIZED_HIGH_COST,D1-20230927-BULLISH-M5-C2_FVG_BREAKER-FVG-010969-BREAKER-001231,3.0,6,14544.2,M5_C2_FVG_BREAKER,1.5,14581.45,M5
15790.400000000001,15794.6,False,18,BREAKER,15790.0,15793.6,1.0,FVG-011097|BREAKER-001244,15790.2,15790.6,15789.650000000001,15795.35,HYPOTHETICAL_SCENARIO_NOT_BROKER_FACT,2023-11-15 00:00:00,2023-11-16 09:45:00,BEARISH,2023-11-16 09:45:00,2023-11-16 09:46:00,15790.400000000001,D1-20231115-BEARISH,STOP,15794.6,2023-11-16 10:03:00,MLR-TECH-ABL-001,2023-11-17 00:00:00,PREVIOUSLY_EXPOSED_WINDOW,C2_FVG_BREAKER,M1_STRICT_PENETRATION_NO_FAVORABLE_IMPROVEMENT,STRICT_M1_LIMIT_PENETRATION,FILLED,0,0,-4.199999999999,-0.6268656716417353530853196620,0.2833333333333333,TECHNICAL_ONLY_ABLATION,-6.699999999999,-1,LOSS_1R,QRP-MACRO-LIQUIDITY-REVERSAL-001,0,6.699999999999,NORMALIZED_LOW_COST,D1-20231115-BEARISH-M5-C2_FVG_BREAKER-FVG-011097-BREAKER-001244,0.50,1,15794.6,M5_C2_FVG_BREAKER,1.5,15780.3500000000025,M5
15790.400000000001,15795.6,False,21,BREAKER,15790.0,15793.6,2,FVG-011097|BREAKER-001244,15790.2,15790.6,15788.900000000001,15797.1,HYPOTHETICAL_SCENARIO_NOT_BROKER_FACT,2023-11-15 00:00:00,2023-11-16 09:45:00,BEARISH,2023-11-16 09:45:00,2023-11-16 09:46:00,15790.400000000001,D1-20231115-BEARISH,STOP,15795.6,2023-11-16 10:06:00,MLR-TECH-ABL-001,2023-11-17 00:00:00,PREVIOUSLY_EXPOSED_WINDOW,C2_FVG_BREAKER,M1_STRICT_PENETRATION_NO_FAVORABLE_IMPROVEMENT,STRICT_M1_LIMIT_PENETRATION,FILLED,0,0.0,-5.199999999999,-0.5098039215685793925413302529,0.3333333333333333,TECHNICAL_ONLY_ABLATION,-10.199999999999,-1,LOSS_1R,QRP-MACRO-LIQUIDITY-REVERSAL-001,0,10.199999999999,NORMALIZED_MEDIUM_COST,D1-20231115-BEARISH-M5-C2_FVG_BREAKER-FVG-011097-BREAKER-001244,1.0,2,15795.6,M5_C2_FVG_BREAKER,1.5,15775.1000000000025,M5
15790.400000000001,15799.6,False,23,BREAKER,15790.0,15793.6,4,FVG-011097|BREAKER-001244,15790.2,15790.6,15785.900000000001,15804.1,HYPOTHETICAL_SCENARIO_NOT_BROKER_FACT,2023-11-15 00:00:00,2023-11-16 09:45:00,BEARISH,2023-11-16 09:45:00,2023-11-16 09:46:00,15790.400000000001,D1-20231115-BEARISH,STOP,15799.6,2023-11-16 10:08:00,MLR-TECH-ABL-001,2023-11-17 00:00:00,PREVIOUSLY_EXPOSED_WINDOW,C2_FVG_BREAKER,M1_STRICT_PENETRATION_NO_FAVORABLE_IMPROVEMENT,STRICT_M1_LIMIT_PENETRATION,FILLED,0,0.00,-9.199999999999,-0.4144144144143880366853339814,0.36666666666666664,TECHNICAL_ONLY_ABLATION,-22.199999999999,-1,LOSS_1R,QRP-MACRO-LIQUIDITY-REVERSAL-001,0,22.199999999999,NORMALIZED_HIGH_COST,D1-20231115-BEARISH-M5-C2_FVG_BREAKER-FVG-011097-BREAKER-001244,3.0,6,15799.6,M5_C2_FVG_BREAKER,1.5,15757.1000000000025,M5
,,False,0,BREAKER,16014.3,16023.3,0,FVG-011285|BREAKER-001266,16014.9,16018.2,,,HYPOTHETICAL_SCENARIO_NOT_BROKER_FACT,2023-11-29 00:00:00,2023-11-30 16:15:00,BEARISH,,,,D1-20231129-BEARISH,MIDPOINT_NOT_STRICTLY_PENETRATED,,,MLR-TECH-ABL-001,2023-12-01 00:00:00,PREVIOUSLY_EXPOSED_WINDOW,C2_FVG_BREAKER,M1_PATH,MIDPOINT_NOT_STRICTLY_PENETRATED,NO_FILL,0,0,,,,TECHNICAL_ONLY_ABLATION,,,NO_FILL,QRP-MACRO-LIQUIDITY-REVERSAL-001,0,,NORMALIZED_LOW_COST,D1-20231129-BEARISH-M5-C2_FVG_BREAKER-FVG-011285-BREAKER-001266,0,0,,M5_C2_FVG_BREAKER,1.5,,M5
,,False,0,BREAKER,16014.3,16023.3,0,FVG-011285|BREAKER-001266,16014.9,16018.2,,,HYPOTHETICAL_SCENARIO_NOT_BROKER_FACT,2023-11-29 00:00:00,2023-11-30 16:15:00,BEARISH,,,,D1-20231129-BEARISH,MIDPOINT_NOT_STRICTLY_PENETRATED,,,MLR-TECH-ABL-001,2023-12-01 00:00:00,PREVIOUSLY_EXPOSED_WINDOW,C2_FVG_BREAKER,M1_PATH,MIDPOINT_NOT_STRICTLY_PENETRATED,NO_FILL,0,0,,,,TECHNICAL_ONLY_ABLATION,,,NO_FILL,QRP-MACRO-LIQUIDITY-REVERSAL-001,0,,NORMALIZED_MEDIUM_COST,D1-20231129-BEARISH-M5-C2_FVG_BREAKER-FVG-011285-BREAKER-001266,0,0,,M5_C2_FVG_BREAKER,1.5,,M5
,,False,0,BREAKER,16014.3,16023.3,0,FVG-011285|BREAKER-001266,16014.9,16018.2,,,HYPOTHETICAL_SCENARIO_NOT_BROKER_FACT,2023-11-29 00:00:00,2023-11-30 16:15:00,BEARISH,,,,D1-20231129-BEARISH,MIDPOINT_NOT_STRICTLY_PENETRATED,,,MLR-TECH-ABL-001,2023-12-01 00:00:00,PREVIOUSLY_EXPOSED_WINDOW,C2_FVG_BREAKER,M1_PATH,MIDPOINT_NOT_STRICTLY_PENETRATED,NO_FILL,0,0,,,,TECHNICAL_ONLY_ABLATION,,,NO_FILL,QRP-MACRO-LIQUIDITY-REVERSAL-001,0,,NORMALIZED_HIGH_COST,D1-20231129-BEARISH-M5-C2_FVG_BREAKER-FVG-011285-BREAKER-001266,0,0,,M5_C2_FVG_BREAKER,1.5,,M5
16549.199999999997,16550.3,False,1,BREAKER,16546.7,16549.3,1.0,FVG-011403|BREAKER-001278,16549.1,16549.3,16548.449999999997,16551.05,HYPOTHETICAL_SCENARIO_NOT_BROKER_FACT,2023-12-14 00:00:00,2023-12-15 02:55:00,BEARISH,2023-12-15 02:56:00,2023-12-15 02:57:00,16549.199999999997,D1-20231214-BEARISH,ENTRY_BAR_STOP_ADVERSE,16550.3,2023-12-15 02:57:00,MLR-TECH-ABL-001,2023-12-16 00:00:00,PREVIOUSLY_EXPOSED_WINDOW,C2_FVG_BREAKER,M1_STRICT_PENETRATION_NO_FAVORABLE_IMPROVEMENT,STRICT_M1_LIMIT_PENETRATION,FILLED,0,0,-1.100000000003,-0.3055555555561342592592587770,0.0,TECHNICAL_ONLY_ABLATION,-3.600000000003,-1,LOSS_1R,QRP-MACRO-LIQUIDITY-REVERSAL-001,0,3.600000000003,NORMALIZED_LOW_COST,D1-20231214-BEARISH-M5-C2_FVG_BREAKER-FVG-011403-BREAKER-001278,0.50,1,16550.3,M5_C2_FVG_BREAKER,1.5,16543.7999999999925,M5
16549.199999999997,16551.3,False,2,BREAKER,16546.7,16549.3,2,FVG-011403|BREAKER-001278,16549.1,16549.3,16547.699999999997,16552.8,HYPOTHETICAL_SCENARIO_NOT_BROKER_FACT,2023-12-14 00:00:00,2023-12-15 02:55:00,BEARISH,2023-12-15 02:56:00,2023-12-15 02:57:00,16549.199999999997,D1-20231214-BEARISH,STOP,16551.3,2023-12-15 02:58:00,MLR-TECH-ABL-001,2023-12-16 00:00:00,PREVIOUSLY_EXPOSED_WINDOW,C2_FVG_BREAKER,M1_STRICT_PENETRATION_NO_FAVORABLE_IMPROVEMENT,STRICT_M1_LIMIT_PENETRATION,FILLED,0,0.0,-2.100000000003,-0.2957746478876215036699066388,0.016666666666666666,TECHNICAL_ONLY_ABLATION,-7.100000000003,-1,LOSS_1R,QRP-MACRO-LIQUIDITY-REVERSAL-001,0,7.100000000003,NORMALIZED_MEDIUM_COST,D1-20231214-BEARISH-M5-C2_FVG_BREAKER-FVG-011403-BREAKER-001278,1.0,2,16551.3,M5_C2_FVG_BREAKER,1.5,16538.5499999999925,M5
16549.199999999997,16555.3,False,72,BREAKER,16546.7,16549.3,4,FVG-011403|BREAKER-001278,16549.1,16549.3,16544.699999999997,16559.8,HYPOTHETICAL_SCENARIO_NOT_BROKER_FACT,2023-12-14 00:00:00,2023-12-15 02:55:00,BEARISH,2023-12-15 02:56:00,2023-12-15 02:57:00,16549.199999999997,D1-20231214-BEARISH,STOP,16555.3,2023-12-15 04:08:00,MLR-TECH-ABL-001,2023-12-16 00:00:00,PREVIOUSLY_EXPOSED_WINDOW,C2_FVG_BREAKER,M1_STRICT_PENETRATION_NO_FAVORABLE_IMPROVEMENT,STRICT_M1_LIMIT_PENETRATION,FILLED,0,0.00,-6.100000000003,-0.3193717277487980044406677281,1.1833333333333333,TECHNICAL_ONLY_ABLATION,-19.100000000003,-1,LOSS_1R,QRP-MACRO-LIQUIDITY-REVERSAL-001,0,19.100000000003,NORMALIZED_HIGH_COST,D1-20231214-BEARISH-M5-C2_FVG_BREAKER-FVG-011403-BREAKER-001278,3.0,6,16555.3,M5_C2_FVG_BREAKER,1.5,16520.5499999999925,M5
17346.0,17353.5,False,29,BREAKER,17345.4,17352.5,1.0,FVG-011566|BREAKER-001304,17345.4,17346.6,17345.25,17354.25,HYPOTHETICAL_SCENARIO_NOT_BROKER_FACT,2024-01-22 00:00:00,2024-01-23 13:45:00,BEARISH,2024-01-23 13:45:00,2024-01-23 13:46:00,17346.0,D1-20240122-BEARISH,STOP,17353.5,2024-01-23 14:14:00,MLR-TECH-ABL-001,2024-01-24 00:00:00,PREVIOUSLY_EXPOSED_WINDOW,C2_FVG_BREAKER,M1_STRICT_PENETRATION_NO_FAVORABLE_IMPROVEMENT,STRICT_M1_LIMIT_PENETRATION,FILLED,0,0,-7.5,-0.75,0.4666666666666667,TECHNICAL_ONLY_ABLATION,-10.00,-1,LOSS_1R,QRP-MACRO-LIQUIDITY-REVERSAL-001,0,10.00,NORMALIZED_LOW_COST,D1-20240122-BEARISH-M5-C2_FVG_BREAKER-FVG-011566-BREAKER-001304,0.50,1,17353.5,M5_C2_FVG_BREAKER,1.5,17331.000,M5
17346.0,17354.5,False,55,BREAKER,17345.4,17352.5,2,FVG-011566|BREAKER-001304,17345.4,17346.6,17344.5,17356.0,HYPOTHETICAL_SCENARIO_NOT_BROKER_FACT,2024-01-22 00:00:00,2024-01-23 13:45:00,BEARISH,2024-01-23 13:45:00,2024-01-23 13:46:00,17346.0,D1-20240122-BEARISH,STOP,17354.5,2024-01-23 14:40:00,MLR-TECH-ABL-001,2024-01-24 00:00:00,PREVIOUSLY_EXPOSED_WINDOW,C2_FVG_BREAKER,M1_STRICT_PENETRATION_NO_FAVORABLE_IMPROVEMENT,STRICT_M1_LIMIT_PENETRATION,FILLED,0,0.0,-8.5,-0.6296296296296296296296296296,0.9,TECHNICAL_ONLY_ABLATION,-13.5,-1,LOSS_1R,QRP-MACRO-LIQUIDITY-REVERSAL-001,0,13.5,NORMALIZED_MEDIUM_COST,D1-20240122-BEARISH-M5-C2_FVG_BREAKER-FVG-011566-BREAKER-001304,1.0,2,17354.5,M5_C2_FVG_BREAKER,1.5,17325.75,M5
17346.0,17358.5,False,56,BREAKER,17345.4,17352.5,4,FVG-011566|BREAKER-001304,17345.4,17346.6,17341.5,17363.0,HYPOTHETICAL_SCENARIO_NOT_BROKER_FACT,2024-01-22 00:00:00,2024-01-23 13:45:00,BEARISH,2024-01-23 13:45:00,2024-01-23 13:46:00,17346.0,D1-20240122-BEARISH,STOP,17358.5,2024-01-23 14:41:00,MLR-TECH-ABL-001,2024-01-24 00:00:00,PREVIOUSLY_EXPOSED_WINDOW,C2_FVG_BREAKER,M1_STRICT_PENETRATION_NO_FAVORABLE_IMPROVEMENT,STRICT_M1_LIMIT_PENETRATION,FILLED,0,0.00,-12.5,-0.4901960784313725490196078431,0.9166666666666666,TECHNICAL_ONLY_ABLATION,-25.50,-1.0,LOSS_1R,QRP-MACRO-LIQUIDITY-REVERSAL-001,0,25.5,NORMALIZED_HIGH_COST,D1-20240122-BEARISH-M5-C2_FVG_BREAKER-FVG-011566-BREAKER-001304,3.0,6,17358.5,M5_C2_FVG_BREAKER,1.5,17307.75,M5
18081.05,18083.1,False,1,BREAKER,18079.8,18082.1,1.0,FVG-011717|BREAKER-001329,18080.0,18082.1,18080.30,18083.85,HYPOTHETICAL_SCENARIO_NOT_BROKER_FACT,2024-05-07 00:00:00,2024-05-08 14:05:00,BEARISH,2024-05-08 17:22:00,2024-05-08 17:23:00,18081.05,D1-20240507-BEARISH,ENTRY_BAR_STOP_ADVERSE,18083.1,2024-05-08 17:23:00,MLR-TECH-ABL-001,2024-05-09 00:00:00,PREVIOUSLY_EXPOSED_WINDOW,C2_FVG_BREAKER,M1_STRICT_PENETRATION_NO_FAVORABLE_IMPROVEMENT,STRICT_M1_LIMIT_PENETRATION,FILLED,0,0,-2.05,-0.4505494505494505494505494505,0.0,TECHNICAL_ONLY_ABLATION,-4.55,-1,LOSS_1R,QRP-MACRO-LIQUIDITY-REVERSAL-001,0,4.55,NORMALIZED_LOW_COST,D1-20240507-BEARISH-M5-C2_FVG_BREAKER-FVG-011717-BREAKER-001329,0.50,1,18083.1,M5_C2_FVG_BREAKER,1.5,18074.225,M5
18081.05,18084.1,False,1,BREAKER,18079.8,18082.1,2,FVG-011717|BREAKER-001329,18080.0,18082.1,18079.55,18085.6,HYPOTHETICAL_SCENARIO_NOT_BROKER_FACT,2024-05-07 00:00:00,2024-05-08 14:05:00,BEARISH,2024-05-08 17:22:00,2024-05-08 17:23:00,18081.05,D1-20240507-BEARISH,ENTRY_BAR_STOP_ADVERSE,18084.1,2024-05-08 17:23:00,MLR-TECH-ABL-001,2024-05-09 00:00:00,PREVIOUSLY_EXPOSED_WINDOW,C2_FVG_BREAKER,M1_STRICT_PENETRATION_NO_FAVORABLE_IMPROVEMENT,STRICT_M1_LIMIT_PENETRATION,FILLED,0,0.0,-3.05,-0.3788819875776397515527950311,0.0,TECHNICAL_ONLY_ABLATION,-8.05,-1,LOSS_1R,QRP-MACRO-LIQUIDITY-REVERSAL-001,0,8.05,NORMALIZED_MEDIUM_COST,D1-20240507-BEARISH-M5-C2_FVG_BREAKER-FVG-011717-BREAKER-001329,1.0,2,18084.1,M5_C2_FVG_BREAKER,1.5,18068.975,M5
18081.05,18088.1,False,1,BREAKER,18079.8,18082.1,4,FVG-011717|BREAKER-001329,18080.0,18082.1,18076.55,18092.6,HYPOTHETICAL_SCENARIO_NOT_BROKER_FACT,2024-05-07 00:00:00,2024-05-08 14:05:00,BEARISH,2024-05-08 17:22:00,2024-05-08 17:23:00,18081.05,D1-20240507-BEARISH,ENTRY_BAR_STOP_ADVERSE,18088.1,2024-05-08 17:23:00,MLR-TECH-ABL-001,2024-05-09 00:00:00,PREVIOUSLY_EXPOSED_WINDOW,C2_FVG_BREAKER,M1_STRICT_PENETRATION_NO_FAVORABLE_IMPROVEMENT,STRICT_M1_LIMIT_PENETRATION,FILLED,0,0.00,-7.05,-0.3516209476309226932668329177,0.0,TECHNICAL_ONLY_ABLATION,-20.05,-1,LOSS_1R,QRP-MACRO-LIQUIDITY-REVERSAL-001,0,20.05,NORMALIZED_HIGH_COST,D1-20240507-BEARISH-M5-C2_FVG_BREAKER-FVG-011717-BREAKER-001329,3.0,6,18088.1,M5_C2_FVG_BREAKER,1.5,18050.975,M5
18565.0,18567.0,True,1,BREAKER,18564.4,18566.0,1.0,FVG-011922|BREAKER-001353,18564.4,18565.6,18564.25,18567.75,HYPOTHETICAL_SCENARIO_NOT_BROKER_FACT,2024-05-16 00:00:00,2024-05-17 08:35:00,BEARISH,2024-05-17 08:35:00,2024-05-17 08:36:00,18565.0,D1-20240516-BEARISH,ENTRY_BAR_STOP_ADVERSE,18567.0,2024-05-17 08:36:00,MLR-TECH-ABL-001,2024-05-18 00:00:00,PREVIOUSLY_EXPOSED_WINDOW,C2_FVG_BREAKER,M1_STRICT_PENETRATION_NO_FAVORABLE_IMPROVEMENT,STRICT_M1_LIMIT_PENETRATION,FILLED,0,0,-2.0,-0.4444444444444444444444444444,0.0,TECHNICAL_ONLY_ABLATION,-4.50,-1,AMBIGUOUS_ADVERSE_FIRST,QRP-MACRO-LIQUIDITY-REVERSAL-001,0,4.50,NORMALIZED_LOW_COST,D1-20240516-BEARISH-M5-C2_FVG_BREAKER-FVG-011922-BREAKER-001353,0.50,1,18567.0,M5_C2_FVG_BREAKER,1.5,18558.250,M5
18565.0,18568.0,False,3,BREAKER,18564.4,18566.0,2,FVG-011922|BREAKER-001353,18564.4,18565.6,18563.5,18569.5,HYPOTHETICAL_SCENARIO_NOT_BROKER_FACT,2024-05-16 00:00:00,2024-05-17 08:35:00,BEARISH,2024-05-17 08:35:00,2024-05-17 08:36:00,18565.0,D1-20240516-BEARISH,STOP,18568.0,2024-05-17 08:38:00,MLR-TECH-ABL-001,2024-05-18 00:00:00,PREVIOUSLY_EXPOSED_WINDOW,C2_FVG_BREAKER,M1_STRICT_PENETRATION_NO_FAVORABLE_IMPROVEMENT,STRICT_M1_LIMIT_PENETRATION,FILLED,0,0.0,-3.0,-0.375,0.03333333333333333,TECHNICAL_ONLY_ABLATION,-8.0,-1,LOSS_1R,QRP-MACRO-LIQUIDITY-REVERSAL-001,0,8.0,NORMALIZED_MEDIUM_COST,D1-20240516-BEARISH-M5-C2_FVG_BREAKER-FVG-011922-BREAKER-001353,1.0,2,18568.0,M5_C2_FVG_BREAKER,1.5,18553.00,M5
18565.0,18572.0,False,20,BREAKER,18564.4,18566.0,4,FVG-011922|BREAKER-001353,18564.4,18565.6,18560.5,18576.5,HYPOTHETICAL_SCENARIO_NOT_BROKER_FACT,2024-05-16 00:00:00,2024-05-17 08:35:00,BEARISH,2024-05-17 08:35:00,2024-05-17 08:36:00,18565.0,D1-20240516-BEARISH,STOP,18572.0,2024-05-17 08:55:00,MLR-TECH-ABL-001,2024-05-18 00:00:00,PREVIOUSLY_EXPOSED_WINDOW,C2_FVG_BREAKER,M1_STRICT_PENETRATION_NO_FAVORABLE_IMPROVEMENT,STRICT_M1_LIMIT_PENETRATION,FILLED,0,0.00,-7.0,-0.35,0.31666666666666665,TECHNICAL_ONLY_ABLATION,-20.00,-1.0,LOSS_1R,QRP-MACRO-LIQUIDITY-REVERSAL-001,0,20.0,NORMALIZED_HIGH_COST,D1-20240516-BEARISH-M5-C2_FVG_BREAKER-FVG-011922-BREAKER-001353,3.0,6,18572.0,M5_C2_FVG_BREAKER,1.5,18535.00,M5
19928.9,19931.7,False,2,BREAKER,19927.4,19930.7,1.0,FVG-012091|BREAKER-001372,19928.4,19929.4,19928.15,19932.45,HYPOTHETICAL_SCENARIO_NOT_BROKER_FACT,2024-06-18 00:00:00,2024-06-19 03:30:00,BEARISH,2024-06-19 04:43:00,2024-06-19 04:44:00,19928.9,D1-20240618-BEARISH,STOP,19931.7,2024-06-19 04:45:00,MLR-TECH-ABL-001,2024-06-20 00:00:00,PREVIOUSLY_EXPOSED_WINDOW,C2_FVG_BREAKER,M1_STRICT_PENETRATION_NO_FAVORABLE_IMPROVEMENT,STRICT_M1_LIMIT_PENETRATION,FILLED,0,0,-2.8,-0.5283018867924528301886792453,0.016666666666666666,TECHNICAL_ONLY_ABLATION,-5.30,-1,LOSS_1R,QRP-MACRO-LIQUIDITY-REVERSAL-001,0,5.30,NORMALIZED_LOW_COST,D1-20240618-BEARISH-M5-C2_FVG_BREAKER-FVG-012091-BREAKER-001372,0.50,1,19931.7,M5_C2_FVG_BREAKER,1.5,19920.950,M5
19928.9,19932.7,False,3,BREAKER,19927.4,19930.7,2,FVG-012091|BREAKER-001372,19928.4,19929.4,19927.4,19934.2,HYPOTHETICAL_SCENARIO_NOT_BROKER_FACT,2024-06-18 00:00:00,2024-06-19 03:30:00,BEARISH,2024-06-19 04:43:00,2024-06-19 04:44:00,19928.9,D1-20240618-BEARISH,STOP,19932.7,2024-06-19 04:46:00,MLR-TECH-ABL-001,2024-06-20 00:00:00,PREVIOUSLY_EXPOSED_WINDOW,C2_FVG_BREAKER,M1_STRICT_PENETRATION_NO_FAVORABLE_IMPROVEMENT,STRICT_M1_LIMIT_PENETRATION,FILLED,0,0.0,-3.8,-0.4318181818181818181818181818,0.03333333333333333,TECHNICAL_ONLY_ABLATION,-8.8,-1,LOSS_1R,QRP-MACRO-LIQUIDITY-REVERSAL-001,0,8.8,NORMALIZED_MEDIUM_COST,D1-20240618-BEARISH-M5-C2_FVG_BREAKER-FVG-012091-BREAKER-001372,1.0,2,19932.7,M5_C2_FVG_BREAKER,1.5,19915.70,M5
19928.9,19936.7,False,51,BREAKER,19927.4,19930.7,4,FVG-012091|BREAKER-001372,19928.4,19929.4,19924.4,19941.2,HYPOTHETICAL_SCENARIO_NOT_BROKER_FACT,2024-06-18 00:00:00,2024-06-19 03:30:00,BEARISH,2024-06-19 04:43:00,2024-06-19 04:44:00,19928.9,D1-20240618-BEARISH,STOP,19936.7,2024-06-19 05:34:00,MLR-TECH-ABL-001,2024-06-20 00:00:00,PREVIOUSLY_EXPOSED_WINDOW,C2_FVG_BREAKER,M1_STRICT_PENETRATION_NO_FAVORABLE_IMPROVEMENT,STRICT_M1_LIMIT_PENETRATION,FILLED,0,0.00,-7.8,-0.375,0.8333333333333334,TECHNICAL_ONLY_ABLATION,-20.80,-1.0,LOSS_1R,QRP-MACRO-LIQUIDITY-REVERSAL-001,0,20.8,NORMALIZED_HIGH_COST,D1-20240618-BEARISH-M5-C2_FVG_BREAKER-FVG-012091-BREAKER-001372,3.0,6,19936.7,M5_C2_FVG_BREAKER,1.5,19897.70,M5
19718.949999999997,19722.1,False,2,BREAKER,19715.0,19721.1,1.0,FVG-012284|BREAKER-001389,19716.8,19721.1,19718.199999999997,19722.85,HYPOTHETICAL_SCENARIO_NOT_BROKER_FACT,2024-06-26 00:00:00,2024-06-27 14:10:00,BEARISH,2024-06-27 14:30:00,2024-06-27 14:31:00,19718.949999999997,D1-20240626-BEARISH,STOP,19722.1,2024-06-27 14:32:00,MLR-TECH-ABL-001,2024-06-28 00:00:00,PREVIOUSLY_EXPOSED_WINDOW,C2_FVG_BREAKER,M1_STRICT_PENETRATION_NO_FAVORABLE_IMPROVEMENT,STRICT_M1_LIMIT_PENETRATION,FILLED,0,0,-3.150000000003,-0.5575221238940402537395252884,0.016666666666666666,TECHNICAL_ONLY_ABLATION,-5.650000000003,-1,LOSS_1R,QRP-MACRO-LIQUIDITY-REVERSAL-001,0,5.650000000003,NORMALIZED_LOW_COST,D1-20240626-BEARISH-M5-C2_FVG_BREAKER-FVG-012284-BREAKER-001389,0.50,1,19722.1,M5_C2_FVG_BREAKER,1.5,19710.4749999999925,M5
19718.949999999997,19723.1,False,4,BREAKER,19715.0,19721.1,2,FVG-012284|BREAKER-001389,19716.8,19721.1,19717.449999999997,19724.6,HYPOTHETICAL_SCENARIO_NOT_BROKER_FACT,2024-06-26 00:00:00,2024-06-27 14:10:00,BEARISH,2024-06-27 14:30:00,2024-06-27 14:31:00,19718.949999999997,D1-20240626-BEARISH,STOP,19723.1,2024-06-27 14:34:00,MLR-TECH-ABL-001,2024-06-28 00:00:00,PREVIOUSLY_EXPOSED_WINDOW,C2_FVG_BREAKER,M1_STRICT_PENETRATION_NO_FAVORABLE_IMPROVEMENT,STRICT_M1_LIMIT_PENETRATION,FILLED,0,0.0,-4.150000000003,-0.4535519125684851742363163437,0.05,TECHNICAL_ONLY_ABLATION,-9.150000000003,-1,LOSS_1R,QRP-MACRO-LIQUIDITY-REVERSAL-001,0,9.150000000003,NORMALIZED_MEDIUM_COST,D1-20240626-BEARISH-M5-C2_FVG_BREAKER-FVG-012284-BREAKER-001389,1.0,2,19723.1,M5_C2_FVG_BREAKER,1.5,19705.2249999999925,M5
19718.949999999997,19727.1,False,32,BREAKER,19715.0,19721.1,4,FVG-012284|BREAKER-001389,19716.8,19721.1,19714.449999999997,19731.6,HYPOTHETICAL_SCENARIO_NOT_BROKER_FACT,2024-06-26 00:00:00,2024-06-27 14:10:00,BEARISH,2024-06-27 14:30:00,2024-06-27 14:31:00,19718.949999999997,D1-20240626-BEARISH,STOP,19727.1,2024-06-27 15:02:00,MLR-TECH-ABL-001,2024-06-28 00:00:00,PREVIOUSLY_EXPOSED_WINDOW,C2_FVG_BREAKER,M1_STRICT_PENETRATION_NO_FAVORABLE_IMPROVEMENT,STRICT_M1_LIMIT_PENETRATION,FILLED,0,0.00,-8.150000000003,-0.3853427895981959324648324072,0.5166666666666667,TECHNICAL_ONLY_ABLATION,-21.150000000003,-1,LOSS_1R,QRP-MACRO-LIQUIDITY-REVERSAL-001,0,21.150000000003,NORMALIZED_HIGH_COST,D1-20240626-BEARISH-M5-C2_FVG_BREAKER-FVG-012284-BREAKER-001389,3.0,6,19727.1,M5_C2_FVG_BREAKER,1.5,19687.2249999999925,M5
21205.95,21214.1,False,5,BREAKER,21204.0,21213.1,1.0,FVG-012479|BREAKER-001412,21204.0,21207.9,21205.20,21214.85,HYPOTHETICAL_SCENARIO_NOT_BROKER_FACT,2024-11-08 00:00:00,2024-11-11 11:05:00,BEARISH,2024-11-11 11:17:00,2024-11-11 11:18:00,21205.95,D1-20241108-BEARISH,STOP,21214.1,2024-11-11 11:22:00,MLR-TECH-ABL-001,2024-11-12 00:00:00,PREVIOUSLY_EXPOSED_WINDOW,C2_FVG_BREAKER,M1_STRICT_PENETRATION_NO_FAVORABLE_IMPROVEMENT,STRICT_M1_LIMIT_PENETRATION,FILLED,0,0,-8.15,-0.7652582159624413145539906103,0.06666666666666667,TECHNICAL_ONLY_ABLATION,-10.65,-1,LOSS_1R,QRP-MACRO-LIQUIDITY-REVERSAL-001,0,10.65,NORMALIZED_LOW_COST,D1-20241108-BEARISH-M5-C2_FVG_BREAKER-FVG-012479-BREAKER-001412,0.50,1,21214.1,M5_C2_FVG_BREAKER,1.5,21189.975,M5
21205.95,21184.725,False,74,BREAKER,21204.0,21213.1,2,FVG-012479|BREAKER-001412,21204.0,21207.9,21204.45,21186.225,HYPOTHETICAL_SCENARIO_NOT_BROKER_FACT,2024-11-08 00:00:00,2024-11-11 11:05:00,BEARISH,2024-11-11 11:17:00,2024-11-11 11:18:00,21205.95,D1-20241108-BEARISH,TARGET_1_5R,21184.725,2024-11-11 12:31:00,MLR-TECH-ABL-001,2024-11-12 00:00:00,PREVIOUSLY_EXPOSED_WINDOW,C2_FVG_BREAKER,M1_STRICT_PENETRATION_NO_FAVORABLE_IMPROVEMENT,STRICT_M1_LIMIT_PENETRATION,FILLED,0,0.0,21.225,1.5,1.2166666666666666,TECHNICAL_ONLY_ABLATION,16.225,1.146643109540636042402826855,WIN_TARGET_1_5R,QRP-MACRO-LIQUIDITY-REVERSAL-001,0,14.15,NORMALIZED_MEDIUM_COST,D1-20241108-BEARISH-M5-C2_FVG_BREAKER-FVG-012479-BREAKER-001412,1.0,2,21215.1,M5_C2_FVG_BREAKER,1.5,21184.725,M5
21205.95,21219.1,False,191,BREAKER,21204.0,21213.1,4,FVG-012479|BREAKER-001412,21204.0,21207.9,21201.45,21223.6,HYPOTHETICAL_SCENARIO_NOT_BROKER_FACT,2024-11-08 00:00:00,2024-11-11 11:05:00,BEARISH,2024-11-11 11:17:00,2024-11-11 11:18:00,21205.95,D1-20241108-BEARISH,STOP,21219.1,2024-11-11 14:28:00,MLR-TECH-ABL-001,2024-11-12 00:00:00,PREVIOUSLY_EXPOSED_WINDOW,C2_FVG_BREAKER,M1_STRICT_PENETRATION_NO_FAVORABLE_IMPROVEMENT,STRICT_M1_LIMIT_PENETRATION,FILLED,0,0.00,-13.15,-0.5028680688336520076481835564,3.1666666666666665,TECHNICAL_ONLY_ABLATION,-26.15,-1,LOSS_1R,QRP-MACRO-LIQUIDITY-REVERSAL-001,0,26.15,NORMALIZED_HIGH_COST,D1-20241108-BEARISH-M5-C2_FVG_BREAKER-FVG-012479-BREAKER-001412,3.0,6,21219.1,M5_C2_FVG_BREAKER,1.5,21166.725,M5
20628.15,20610.075,False,8,BREAKER,20615.9,20636.7,1.0,FVG-012665|BREAKER-001435,20622.5,20633.8,20627.40,20610.825,HYPOTHETICAL_SCENARIO_NOT_BROKER_FACT,2024-11-20 00:00:00,2024-11-21 02:40:00,BEARISH,2024-11-21 02:41:00,2024-11-21 02:42:00,20628.15,D1-20241120-BEARISH,TARGET_1_5R,20610.075,2024-11-21 02:49:00,MLR-TECH-ABL-001,2024-11-22 00:00:00,PREVIOUSLY_EXPOSED_WINDOW,C2_FVG_BREAKER,M1_STRICT_PENETRATION_NO_FAVORABLE_IMPROVEMENT,STRICT_M1_LIMIT_PENETRATION,FILLED,0,0,18.075,1.5,0.11666666666666667,TECHNICAL_ONLY_ABLATION,15.575,1.292531120331950207468879668,WIN_TARGET_1_5R,QRP-MACRO-LIQUIDITY-REVERSAL-001,0,12.05,NORMALIZED_LOW_COST,D1-20241120-BEARISH-M5-C2_FVG_BREAKER-FVG-012665-BREAKER-001435,0.50,1,20637.7,M5_C2_FVG_BREAKER,1.5,20610.075,M5
20628.15,20604.825,False,8,BREAKER,20615.9,20636.7,2,FVG-012665|BREAKER-001435,20622.5,20633.8,20626.65,20606.325,HYPOTHETICAL_SCENARIO_NOT_BROKER_FACT,2024-11-20 00:00:00,2024-11-21 02:40:00,BEARISH,2024-11-21 02:41:00,2024-11-21 02:42:00,20628.15,D1-20241120-BEARISH,TARGET_1_5R,20604.825,2024-11-21 02:49:00,MLR-TECH-ABL-001,2024-11-22 00:00:00,PREVIOUSLY_EXPOSED_WINDOW,C2_FVG_BREAKER,M1_STRICT_PENETRATION_NO_FAVORABLE_IMPROVEMENT,STRICT_M1_LIMIT_PENETRATION,FILLED,0,0.0,23.325,1.5,0.11666666666666667,TECHNICAL_ONLY_ABLATION,18.325,1.178456591639871382636655949,WIN_TARGET_1_5R,QRP-MACRO-LIQUIDITY-REVERSAL-001,0,15.55,NORMALIZED_MEDIUM_COST,D1-20241120-BEARISH-M5-C2_FVG_BREAKER-FVG-012665-BREAKER-001435,1.0,2,20638.7,M5_C2_FVG_BREAKER,1.5,20604.825,M5
20628.15,20586.825,False,10,BREAKER,20615.9,20636.7,4,FVG-012665|BREAKER-001435,20622.5,20633.8,20623.65,20591.325,HYPOTHETICAL_SCENARIO_NOT_BROKER_FACT,2024-11-20 00:00:00,2024-11-21 02:40:00,BEARISH,2024-11-21 02:41:00,2024-11-21 02:42:00,20628.15,D1-20241120-BEARISH,TARGET_1_5R,20586.825,2024-11-21 02:51:00,MLR-TECH-ABL-001,2024-11-22 00:00:00,PREVIOUSLY_EXPOSED_WINDOW,C2_FVG_BREAKER,M1_STRICT_PENETRATION_NO_FAVORABLE_IMPROVEMENT,STRICT_M1_LIMIT_PENETRATION,FILLED,0,0.00,41.325,1.5,0.15,TECHNICAL_ONLY_ABLATION,28.325,1.028130671506352087114337568,WIN_TARGET_1_5R,QRP-MACRO-LIQUIDITY-REVERSAL-001,0,27.55,NORMALIZED_HIGH_COST,D1-20241120-BEARISH-M5-C2_FVG_BREAKER-FVG-012665-BREAKER-001435,3.0,6,20642.7,M5_C2_FVG_BREAKER,1.5,20586.825,M5
21531.1,21533.7,True,1,BREAKER,21522.0,21532.7,1.0,FVG-012980|BREAKER-001475,21529.5,21532.7,21530.35,21534.45,HYPOTHETICAL_SCENARIO_NOT_BROKER_FACT,2025-01-29 00:00:00,2025-01-30 11:10:00,BEARISH,2025-01-30 16:47:00,2025-01-30 16:48:00,21531.1,D1-20250129-BEARISH,ENTRY_BAR_STOP_ADVERSE,21533.7,2025-01-30 16:48:00,MLR-TECH-ABL-001,2025-01-31 00:00:00,PREVIOUSLY_EXPOSED_WINDOW,C2_FVG_BREAKER,M1_STRICT_PENETRATION_NO_FAVORABLE_IMPROVEMENT,STRICT_M1_LIMIT_PENETRATION,FILLED,0,0,-2.6,-0.5098039215686274509803921569,0.0,TECHNICAL_ONLY_ABLATION,-5.10,-1,AMBIGUOUS_ADVERSE_FIRST,QRP-MACRO-LIQUIDITY-REVERSAL-001,0,5.10,NORMALIZED_LOW_COST,D1-20250129-BEARISH-M5-C2_FVG_BREAKER-FVG-012980-BREAKER-001475,0.50,1,21533.7,M5_C2_FVG_BREAKER,1.5,21523.450,M5
21531.1,21534.7,True,1,BREAKER,21522.0,21532.7,2,FVG-012980|BREAKER-001475,21529.5,21532.7,21529.6,21536.2,HYPOTHETICAL_SCENARIO_NOT_BROKER_FACT,2025-01-29 00:00:00,2025-01-30 11:10:00,BEARISH,2025-01-30 16:47:00,2025-01-30 16:48:00,21531.1,D1-20250129-BEARISH,ENTRY_BAR_STOP_ADVERSE,21534.7,2025-01-30 16:48:00,MLR-TECH-ABL-001,2025-01-31 00:00:00,PREVIOUSLY_EXPOSED_WINDOW,C2_FVG_BREAKER,M1_STRICT_PENETRATION_NO_FAVORABLE_IMPROVEMENT,STRICT_M1_LIMIT_PENETRATION,FILLED,0,0.0,-3.6,-0.4186046511627906976744186047,0.0,TECHNICAL_ONLY_ABLATION,-8.6,-1,AMBIGUOUS_ADVERSE_FIRST,QRP-MACRO-LIQUIDITY-REVERSAL-001,0,8.6,NORMALIZED_MEDIUM_COST,D1-20250129-BEARISH-M5-C2_FVG_BREAKER-FVG-012980-BREAKER-001475,1.0,2,21534.7,M5_C2_FVG_BREAKER,1.5,21518.20,M5
21531.1,21538.7,False,1,BREAKER,21522.0,21532.7,4,FVG-012980|BREAKER-001475,21529.5,21532.7,21526.6,21543.2,HYPOTHETICAL_SCENARIO_NOT_BROKER_FACT,2025-01-29 00:00:00,2025-01-30 11:10:00,BEARISH,2025-01-30 16:47:00,2025-01-30 16:48:00,21531.1,D1-20250129-BEARISH,ENTRY_BAR_STOP_ADVERSE,21538.7,2025-01-30 16:48:00,MLR-TECH-ABL-001,2025-01-31 00:00:00,PREVIOUSLY_EXPOSED_WINDOW,C2_FVG_BREAKER,M1_STRICT_PENETRATION_NO_FAVORABLE_IMPROVEMENT,STRICT_M1_LIMIT_PENETRATION,FILLED,0,0.00,-7.6,-0.3689320388349514563106796117,0.0,TECHNICAL_ONLY_ABLATION,-20.60,-1.0,LOSS_1R,QRP-MACRO-LIQUIDITY-REVERSAL-001,0,20.6,NORMALIZED_HIGH_COST,D1-20250129-BEARISH-M5-C2_FVG_BREAKER-FVG-012980-BREAKER-001475,3.0,6,21538.7,M5_C2_FVG_BREAKER,1.5,21500.20,M5
20502.25,20497.5,False,2,BREAKER,20498.5,20506.0,1.0,FVG-013124|BREAKER-001501,20498.5,20506.0,20503.00,20496.75,HYPOTHETICAL_SCENARIO_NOT_BROKER_FACT,2025-03-04 00:00:00,2025-03-05 08:00:00,BULLISH,2025-03-05 08:00:00,2025-03-05 08:01:00,20502.25,D1-20250304-BULLISH,STOP,20497.5,2025-03-05 08:02:00,MLR-TECH-ABL-001,2025-03-06 00:00:00,PREVIOUSLY_EXPOSED_WINDOW,C2_FVG_BREAKER,M1_STRICT_PENETRATION_NO_FAVORABLE_IMPROVEMENT,STRICT_M1_LIMIT_PENETRATION,FILLED,0,0,-4.75,-0.6551724137931034482758620690,0.016666666666666666,TECHNICAL_ONLY_ABLATION,-7.25,-1,LOSS_1R,QRP-MACRO-LIQUIDITY-REVERSAL-001,0,7.25,NORMALIZED_LOW_COST,D1-20250304-BULLISH-M5-C2_FVG_BREAKER-FVG-013124-BREAKER-001501,0.50,1,20497.5,M5_C2_FVG_BREAKER,1.5,20513.125,M5
20502.25,20518.375,False,14,BREAKER,20498.5,20506.0,2,FVG-013124|BREAKER-001501,20498.5,20506.0,20503.75,20516.875,HYPOTHETICAL_SCENARIO_NOT_BROKER_FACT,2025-03-04 00:00:00,2025-03-05 08:00:00,BULLISH,2025-03-05 08:00:00,2025-03-05 08:01:00,20502.25,D1-20250304-BULLISH,TARGET_1_5R,20518.375,2025-03-05 08:14:00,MLR-TECH-ABL-001,2025-03-06 00:00:00,PREVIOUSLY_EXPOSED_WINDOW,C2_FVG_BREAKER,M1_STRICT_PENETRATION_NO_FAVORABLE_IMPROVEMENT,STRICT_M1_LIMIT_PENETRATION,FILLED,0,0.0,16.125,1.5,0.21666666666666667,TECHNICAL_ONLY_ABLATION,11.125,1.034883720930232558139534884,WIN_TARGET_1_5R,QRP-MACRO-LIQUIDITY-REVERSAL-001,0,10.75,NORMALIZED_MEDIUM_COST,D1-20250304-BULLISH-M5-C2_FVG_BREAKER-FVG-013124-BREAKER-001501,1.0,2,20496.5,M5_C2_FVG_BREAKER,1.5,20518.375,M5
20502.25,20492.5,False,24,BREAKER,20498.5,20506.0,4,FVG-013124|BREAKER-001501,20498.5,20506.0,20506.75,20488.0,HYPOTHETICAL_SCENARIO_NOT_BROKER_FACT,2025-03-04 00:00:00,2025-03-05 08:00:00,BULLISH,2025-03-05 08:00:00,2025-03-05 08:01:00,20502.25,D1-20250304-BULLISH,STOP,20492.5,2025-03-05 08:24:00,MLR-TECH-ABL-001,2025-03-06 00:00:00,PREVIOUSLY_EXPOSED_WINDOW,C2_FVG_BREAKER,M1_STRICT_PENETRATION_NO_FAVORABLE_IMPROVEMENT,STRICT_M1_LIMIT_PENETRATION,FILLED,0,0.00,-9.75,-0.4285714285714285714285714286,0.38333333333333336,TECHNICAL_ONLY_ABLATION,-22.75,-1,LOSS_1R,QRP-MACRO-LIQUIDITY-REVERSAL-001,0,22.75,NORMALIZED_HIGH_COST,D1-20250304-BULLISH-M5-C2_FVG_BREAKER-FVG-013124-BREAKER-001501,3.0,6,20492.5,M5_C2_FVG_BREAKER,1.5,20536.375,M5
21312.15,21314.3,False,1,BREAKER,21311.0,21313.3,1.0,FVG-013333|BREAKER-001525,21311.0,21313.3,21311.40,21315.05,HYPOTHETICAL_SCENARIO_NOT_BROKER_FACT,2025-05-15 00:00:00,2025-05-16 05:25:00,BEARISH,2025-05-16 05:25:00,2025-05-16 05:26:00,21312.15,D1-20250515-BEARISH,ENTRY_BAR_STOP_ADVERSE,21314.3,2025-05-16 05:26:00,MLR-TECH-ABL-001,2025-05-17 00:00:00,PREVIOUSLY_EXPOSED_WINDOW,C2_FVG_BREAKER,M1_STRICT_PENETRATION_NO_FAVORABLE_IMPROVEMENT,STRICT_M1_LIMIT_PENETRATION,FILLED,0,0,-2.15,-0.4623655913978494623655913978,0.0,TECHNICAL_ONLY_ABLATION,-4.65,-1,LOSS_1R,QRP-MACRO-LIQUIDITY-REVERSAL-001,0,4.65,NORMALIZED_LOW_COST,D1-20250515-BEARISH-M5-C2_FVG_BREAKER-FVG-013333-BREAKER-001525,0.50,1,21314.3,M5_C2_FVG_BREAKER,1.5,21305.175,M5
21312.15,21315.3,False,1,BREAKER,21311.0,21313.3,2,FVG-013333|BREAKER-001525,21311.0,21313.3,21310.65,21316.8,HYPOTHETICAL_SCENARIO_NOT_BROKER_FACT,2025-05-15 00:00:00,2025-05-16 05:25:00,BEARISH,2025-05-16 05:25:00,2025-05-16 05:26:00,21312.15,D1-20250515-BEARISH,ENTRY_BAR_STOP_ADVERSE,21315.3,2025-05-16 05:26:00,MLR-TECH-ABL-001,2025-05-17 00:00:00,PREVIOUSLY_EXPOSED_WINDOW,C2_FVG_BREAKER,M1_STRICT_PENETRATION_NO_FAVORABLE_IMPROVEMENT,STRICT_M1_LIMIT_PENETRATION,FILLED,0,0.0,-3.15,-0.3865030674846625766871165644,0.0,TECHNICAL_ONLY_ABLATION,-8.15,-1,LOSS_1R,QRP-MACRO-LIQUIDITY-REVERSAL-001,0,8.15,NORMALIZED_MEDIUM_COST,D1-20250515-BEARISH-M5-C2_FVG_BREAKER-FVG-013333-BREAKER-001525,1.0,2,21315.3,M5_C2_FVG_BREAKER,1.5,21299.925,M5
21312.15,21319.3,False,6,BREAKER,21311.0,21313.3,4,FVG-013333|BREAKER-001525,21311.0,21313.3,21307.65,21323.8,HYPOTHETICAL_SCENARIO_NOT_BROKER_FACT,2025-05-15 00:00:00,2025-05-16 05:25:00,BEARISH,2025-05-16 05:25:00,2025-05-16 05:26:00,21312.15,D1-20250515-BEARISH,STOP,21319.3,2025-05-16 05:31:00,MLR-TECH-ABL-001,2025-05-17 00:00:00,PREVIOUSLY_EXPOSED_WINDOW,C2_FVG_BREAKER,M1_STRICT_PENETRATION_NO_FAVORABLE_IMPROVEMENT,STRICT_M1_LIMIT_PENETRATION,FILLED,0,0.00,-7.15,-0.3548387096774193548387096774,0.08333333333333333,TECHNICAL_ONLY_ABLATION,-20.15,-1,LOSS_1R,QRP-MACRO-LIQUIDITY-REVERSAL-001,0,20.15,NORMALIZED_HIGH_COST,D1-20250515-BEARISH-M5-C2_FVG_BREAKER-FVG-013333-BREAKER-001525,3.0,6,21319.3,M5_C2_FVG_BREAKER,1.5,21281.925,M5
21771.35,21784.1,True,1,BREAKER,21769.4,21783.1,1.0,FVG-013554|BREAKER-001556,21769.4,21773.3,21770.60,21784.85,HYPOTHETICAL_SCENARIO_NOT_BROKER_FACT,2025-06-04 00:00:00,2025-06-05 13:35:00,BEARISH,2025-06-05 15:49:00,2025-06-05 15:50:00,21771.35,D1-20250604-BEARISH,ENTRY_BAR_STOP_ADVERSE,21784.1,2025-06-05 15:50:00,MLR-TECH-ABL-001,2025-06-06 00:00:00,PREVIOUSLY_EXPOSED_WINDOW,C2_FVG_BREAKER,M1_STRICT_PENETRATION_NO_FAVORABLE_IMPROVEMENT,STRICT_M1_LIMIT_PENETRATION,FILLED,0,0,-12.75,-0.8360655737704918032786885246,0.0,TECHNICAL_ONLY_ABLATION,-15.25,-1,AMBIGUOUS_ADVERSE_FIRST,QRP-MACRO-LIQUIDITY-REVERSAL-001,0,15.25,NORMALIZED_LOW_COST,D1-20250604-BEARISH-M5-C2_FVG_BREAKER-FVG-013554-BREAKER-001556,0.50,1,21784.1,M5_C2_FVG_BREAKER,1.5,21748.475,M5
21771.35,21785.1,True,1,BREAKER,21769.4,21783.1,2,FVG-013554|BREAKER-001556,21769.4,21773.3,21769.85,21786.6,HYPOTHETICAL_SCENARIO_NOT_BROKER_FACT,2025-06-04 00:00:00,2025-06-05 13:35:00,BEARISH,2025-06-05 15:49:00,2025-06-05 15:50:00,21771.35,D1-20250604-BEARISH,ENTRY_BAR_STOP_ADVERSE,21785.1,2025-06-05 15:50:00,MLR-TECH-ABL-001,2025-06-06 00:00:00,PREVIOUSLY_EXPOSED_WINDOW,C2_FVG_BREAKER,M1_STRICT_PENETRATION_NO_FAVORABLE_IMPROVEMENT,STRICT_M1_LIMIT_PENETRATION,FILLED,0,0.0,-13.75,-0.7333333333333333333333333333,0.0,TECHNICAL_ONLY_ABLATION,-18.75,-1,AMBIGUOUS_ADVERSE_FIRST,QRP-MACRO-LIQUIDITY-REVERSAL-001,0,18.75,NORMALIZED_MEDIUM_COST,D1-20250604-BEARISH-M5-C2_FVG_BREAKER-FVG-013554-BREAKER-001556,1.0,2,21785.1,M5_C2_FVG_BREAKER,1.5,21743.225,M5
21771.35,21789.1,True,1,BREAKER,21769.4,21783.1,4,FVG-013554|BREAKER-001556,21769.4,21773.3,21766.85,21793.6,HYPOTHETICAL_SCENARIO_NOT_BROKER_FACT,2025-06-04 00:00:00,2025-06-05 13:35:00,BEARISH,2025-06-05 15:49:00,2025-06-05 15:50:00,21771.35,D1-20250604-BEARISH,ENTRY_BAR_STOP_ADVERSE,21789.1,2025-06-05 15:50:00,MLR-TECH-ABL-001,2025-06-06 00:00:00,PREVIOUSLY_EXPOSED_WINDOW,C2_FVG_BREAKER,M1_STRICT_PENETRATION_NO_FAVORABLE_IMPROVEMENT,STRICT_M1_LIMIT_PENETRATION,FILLED,0,0.00,-17.75,-0.5772357723577235772357723577,0.0,TECHNICAL_ONLY_ABLATION,-30.75,-1,AMBIGUOUS_ADVERSE_FIRST,QRP-MACRO-LIQUIDITY-REVERSAL-001,0,30.75,NORMALIZED_HIGH_COST,D1-20250604-BEARISH-M5-C2_FVG_BREAKER-FVG-013554-BREAKER-001556,3.0,6,21789.1,M5_C2_FVG_BREAKER,1.5,21725.225,M5
22860.3,22845.150,False,40,BREAKER,22859.3,22866.9,1.0,FVG-013947|BREAKER-001592,22859.3,22861.3,22859.55,22845.900,HYPOTHETICAL_SCENARIO_NOT_BROKER_FACT,2025-07-15 00:00:00,2025-07-16 08:15:00,BEARISH,2025-07-16 08:15:00,2025-07-16 08:16:00,22860.3,D1-20250715-BEARISH,TARGET_1_5R,22845.150,2025-07-16 08:55:00,MLR-TECH-ABL-001,2025-07-17 00:00:00,PREVIOUSLY_EXPOSED_WINDOW,C2_FVG_BREAKER,M1_STRICT_PENETRATION_NO_FAVORABLE_IMPROVEMENT,STRICT_M1_LIMIT_PENETRATION,FILLED,0,0,15.150,1.5,0.65,TECHNICAL_ONLY_ABLATION,12.650,1.252475247524752475247524752,WIN_TARGET_1_5R,QRP-MACRO-LIQUIDITY-REVERSAL-001,0,10.10,NORMALIZED_LOW_COST,D1-20250715-BEARISH-M5-C2_FVG_BREAKER-FVG-013947-BREAKER-001592,0.50,1,22867.9,M5_C2_FVG_BREAKER,1.5,22845.150,M5
22860.3,22839.90,False,41,BREAKER,22859.3,22866.9,2,FVG-013947|BREAKER-001592,22859.3,22861.3,22858.8,22841.40,HYPOTHETICAL_SCENARIO_NOT_BROKER_FACT,2025-07-15 00:00:00,2025-07-16 08:15:00,BEARISH,2025-07-16 08:15:00,2025-07-16 08:16:00,22860.3,D1-20250715-BEARISH,TARGET_1_5R,22839.90,2025-07-16 08:56:00,MLR-TECH-ABL-001,2025-07-17 00:00:00,PREVIOUSLY_EXPOSED_WINDOW,C2_FVG_BREAKER,M1_STRICT_PENETRATION_NO_FAVORABLE_IMPROVEMENT,STRICT_M1_LIMIT_PENETRATION,FILLED,0,0.0,20.40,1.5,0.6666666666666666,TECHNICAL_ONLY_ABLATION,15.40,1.132352941176470588235294118,WIN_TARGET_1_5R,QRP-MACRO-LIQUIDITY-REVERSAL-001,0,13.6,NORMALIZED_MEDIUM_COST,D1-20250715-BEARISH-M5-C2_FVG_BREAKER-FVG-013947-BREAKER-001592,1.0,2,22868.9,M5_C2_FVG_BREAKER,1.5,22839.90,M5
22860.3,22821.90,False,84,BREAKER,22859.3,22866.9,4,FVG-013947|BREAKER-001592,22859.3,22861.3,22855.8,22826.40,HYPOTHETICAL_SCENARIO_NOT_BROKER_FACT,2025-07-15 00:00:00,2025-07-16 08:15:00,BEARISH,2025-07-16 08:15:00,2025-07-16 08:16:00,22860.3,D1-20250715-BEARISH,TARGET_1_5R,22821.90,2025-07-16 09:39:00,MLR-TECH-ABL-001,2025-07-17 00:00:00,PREVIOUSLY_EXPOSED_WINDOW,C2_FVG_BREAKER,M1_STRICT_PENETRATION_NO_FAVORABLE_IMPROVEMENT,STRICT_M1_LIMIT_PENETRATION,FILLED,0,0.00,38.40,1.5,1.3833333333333333,TECHNICAL_ONLY_ABLATION,25.40,0.9921875,WIN_TARGET_1_5R,QRP-MACRO-LIQUIDITY-REVERSAL-001,0,25.6,NORMALIZED_HIGH_COST,D1-20250715-BEARISH-M5-C2_FVG_BREAKER-FVG-013947-BREAKER-001592,3.0,6,22872.9,M5_C2_FVG_BREAKER,1.5,22821.90,M5
23111.199999999997,23114.3,False,2,BREAKER,23108.8,23113.3,1.0,FVG-014138|BREAKER-001610,23110.3,23112.1,23110.449999999997,23115.05,HYPOTHETICAL_SCENARIO_NOT_BROKER_FACT,2025-07-18 00:00:00,2025-07-21 07:10:00,BEARISH,2025-07-21 07:10:00,2025-07-21 07:11:00,23111.199999999997,D1-20250718-BEARISH,STOP,23114.3,2025-07-21 07:12:00,MLR-TECH-ABL-001,2025-07-22 00:00:00,PREVIOUSLY_EXPOSED_WINDOW,C2_FVG_BREAKER,M1_STRICT_PENETRATION_NO_FAVORABLE_IMPROVEMENT,STRICT_M1_LIMIT_PENETRATION,FILLED,0,0,-3.100000000003,-0.5535714285716677295918366066,0.016666666666666666,TECHNICAL_ONLY_ABLATION,-5.600000000003,-1,LOSS_1R,QRP-MACRO-LIQUIDITY-REVERSAL-001,0,5.600000000003,NORMALIZED_LOW_COST,D1-20250718-BEARISH-M5-C2_FVG_BREAKER-FVG-014138-BREAKER-001610,0.50,1,23114.3,M5_C2_FVG_BREAKER,1.5,23102.7999999999925,M5
23111.199999999997,23115.3,False,3,BREAKER,23108.8,23113.3,2,FVG-014138|BREAKER-001610,23110.3,23112.1,23109.699999999997,23116.8,HYPOTHETICAL_SCENARIO_NOT_BROKER_FACT,2025-07-18 00:00:00,2025-07-21 07:10:00,BEARISH,2025-07-21 07:10:00,2025-07-21 07:11:00,23111.199999999997,D1-20250718-BEARISH,STOP,23115.3,2025-07-21 07:13:00,MLR-TECH-ABL-001,2025-07-22 00:00:00,PREVIOUSLY_EXPOSED_WINDOW,C2_FVG_BREAKER,M1_STRICT_PENETRATION_NO_FAVORABLE_IMPROVEMENT,STRICT_M1_LIMIT_PENETRATION,FILLED,0,0.0,-4.100000000003,-0.4505494505496316869943242972,0.03333333333333333,TECHNICAL_ONLY_ABLATION,-9.100000000003,-1,LOSS_1R,QRP-MACRO-LIQUIDITY-REVERSAL-001,0,9.100000000003,NORMALIZED_MEDIUM_COST,D1-20250718-BEARISH-M5-C2_FVG_BREAKER-FVG-014138-BREAKER-001610,1.0,2,23115.3,M5_C2_FVG_BREAKER,1.5,23097.5499999999925,M5
23111.199999999997,23119.3,False,17,BREAKER,23108.8,23113.3,4,FVG-014138|BREAKER-001610,23110.3,23112.1,23106.699999999997,23123.8,HYPOTHETICAL_SCENARIO_NOT_BROKER_FACT,2025-07-18 00:00:00,2025-07-21 07:10:00,BEARISH,2025-07-21 07:10:00,2025-07-21 07:11:00,23111.199999999997,D1-20250718-BEARISH,STOP,23119.3,2025-07-21 07:27:00,MLR-TECH-ABL-001,2025-07-22 00:00:00,PREVIOUSLY_EXPOSED_WINDOW,C2_FVG_BREAKER,M1_STRICT_PENETRATION_NO_FAVORABLE_IMPROVEMENT,STRICT_M1_LIMIT_PENETRATION,FILLED,0,0.00,-8.100000000003,-0.3838862559242582152242761718,0.26666666666666666,TECHNICAL_ONLY_ABLATION,-21.100000000003,-1,LOSS_1R,QRP-MACRO-LIQUIDITY-REVERSAL-001,0,21.100000000003,NORMALIZED_HIGH_COST,D1-20250718-BEARISH-M5-C2_FVG_BREAKER-FVG-014138-BREAKER-001610,3.0,6,23119.3,M5_C2_FVG_BREAKER,1.5,23079.5499999999925,M5
23849.95,23855.2,False,35,BREAKER,23846.4,23854.2,1.0,FVG-014345|BREAKER-001635,23849.7,23850.2,23849.20,23855.95,HYPOTHETICAL_SCENARIO_NOT_BROKER_FACT,2025-08-13 00:00:00,2025-08-14 07:05:00,BEARISH,2025-08-14 07:14:00,2025-08-14 07:15:00,23849.95,D1-20250813-BEARISH,STOP,23855.2,2025-08-14 07:49:00,MLR-TECH-ABL-001,2025-08-15 00:00:00,PREVIOUSLY_EXPOSED_WINDOW,C2_FVG_BREAKER,M1_STRICT_PENETRATION_NO_FAVORABLE_IMPROVEMENT,STRICT_M1_LIMIT_PENETRATION,FILLED,0,0,-5.25,-0.6774193548387096774193548387,0.5666666666666667,TECHNICAL_ONLY_ABLATION,-7.75,-1,LOSS_1R,QRP-MACRO-LIQUIDITY-REVERSAL-001,0,7.75,NORMALIZED_LOW_COST,D1-20250813-BEARISH-M5-C2_FVG_BREAKER-FVG-014345-BREAKER-001635,0.50,1,23855.2,M5_C2_FVG_BREAKER,1.5,23838.325,M5
23849.95,23833.075,False,95,BREAKER,23846.4,23854.2,2,FVG-014345|BREAKER-001635,23849.7,23850.2,23848.45,23834.575,HYPOTHETICAL_SCENARIO_NOT_BROKER_FACT,2025-08-13 00:00:00,2025-08-14 07:05:00,BEARISH,2025-08-14 07:14:00,2025-08-14 07:15:00,23849.95,D1-20250813-BEARISH,TARGET_1_5R,23833.075,2025-08-14 08:49:00,MLR-TECH-ABL-001,2025-08-15 00:00:00,PREVIOUSLY_EXPOSED_WINDOW,C2_FVG_BREAKER,M1_STRICT_PENETRATION_NO_FAVORABLE_IMPROVEMENT,STRICT_M1_LIMIT_PENETRATION,FILLED,0,0.0,16.875,1.5,1.5666666666666667,TECHNICAL_ONLY_ABLATION,11.875,1.055555555555555555555555556,WIN_TARGET_1_5R,QRP-MACRO-LIQUIDITY-REVERSAL-001,0,11.25,NORMALIZED_MEDIUM_COST,D1-20250813-BEARISH-M5-C2_FVG_BREAKER-FVG-014345-BREAKER-001635,1.0,2,23856.2,M5_C2_FVG_BREAKER,1.5,23833.075,M5
23849.95,23860.2,False,260,BREAKER,23846.4,23854.2,4,FVG-014345|BREAKER-001635,23849.7,23850.2,23845.45,23864.7,HYPOTHETICAL_SCENARIO_NOT_BROKER_FACT,2025-08-13 00:00:00,2025-08-14 07:05:00,BEARISH,2025-08-14 07:14:00,2025-08-14 07:15:00,23849.95,D1-20250813-BEARISH,STOP,23860.2,2025-08-14 11:34:00,MLR-TECH-ABL-001,2025-08-15 00:00:00,PREVIOUSLY_EXPOSED_WINDOW,C2_FVG_BREAKER,M1_STRICT_PENETRATION_NO_FAVORABLE_IMPROVEMENT,STRICT_M1_LIMIT_PENETRATION,FILLED,0,0.00,-10.25,-0.4408602150537634408602150538,4.316666666666666,TECHNICAL_ONLY_ABLATION,-23.25,-1,LOSS_1R,QRP-MACRO-LIQUIDITY-REVERSAL-001,0,23.25,NORMALIZED_HIGH_COST,D1-20250813-BEARISH-M5-C2_FVG_BREAKER-FVG-014345-BREAKER-001635,3.0,6,23860.2,M5_C2_FVG_BREAKER,1.5,23815.075,M5
25101.4,25110.7,False,6,BREAKER,25100.7,25109.7,1.0,FVG-014526|BREAKER-001668,25100.7,25102.1,25100.65,25111.45,HYPOTHETICAL_SCENARIO_NOT_BROKER_FACT,2025-10-21 00:00:00,2025-10-22 14:15:00,BEARISH,2025-10-22 14:15:00,2025-10-22 14:16:00,25101.4,D1-20251021-BEARISH,STOP,25110.7,2025-10-22 14:21:00,MLR-TECH-ABL-001,2025-10-23 00:00:00,PREVIOUSLY_EXPOSED_WINDOW,C2_FVG_BREAKER,M1_STRICT_PENETRATION_NO_FAVORABLE_IMPROVEMENT,STRICT_M1_LIMIT_PENETRATION,FILLED,0,0,-9.3,-0.7881355932203389830508474576,0.08333333333333333,TECHNICAL_ONLY_ABLATION,-11.80,-1,LOSS_1R,QRP-MACRO-LIQUIDITY-REVERSAL-001,0,11.80,NORMALIZED_LOW_COST,D1-20251021-BEARISH-M5-C2_FVG_BREAKER-FVG-014526-BREAKER-001668,0.50,1,25110.7,M5_C2_FVG_BREAKER,1.5,25083.700,M5
25101.4,25111.7,False,8,BREAKER,25100.7,25109.7,2,FVG-014526|BREAKER-001668,25100.7,25102.1,25099.9,25113.2,HYPOTHETICAL_SCENARIO_NOT_BROKER_FACT,2025-10-21 00:00:00,2025-10-22 14:15:00,BEARISH,2025-10-22 14:15:00,2025-10-22 14:16:00,25101.4,D1-20251021-BEARISH,STOP,25111.7,2025-10-22 14:23:00,MLR-TECH-ABL-001,2025-10-23 00:00:00,PREVIOUSLY_EXPOSED_WINDOW,C2_FVG_BREAKER,M1_STRICT_PENETRATION_NO_FAVORABLE_IMPROVEMENT,STRICT_M1_LIMIT_PENETRATION,FILLED,0,0.0,-10.3,-0.6732026143790849673202614379,0.11666666666666667,TECHNICAL_ONLY_ABLATION,-15.3,-1,LOSS_1R,QRP-MACRO-LIQUIDITY-REVERSAL-001,0,15.3,NORMALIZED_MEDIUM_COST,D1-20251021-BEARISH-M5-C2_FVG_BREAKER-FVG-014526-BREAKER-001668,1.0,2,25111.7,M5_C2_FVG_BREAKER,1.5,25078.45,M5
25101.4,25115.7,False,64,BREAKER,25100.7,25109.7,4,FVG-014526|BREAKER-001668,25100.7,25102.1,25096.9,25120.2,HYPOTHETICAL_SCENARIO_NOT_BROKER_FACT,2025-10-21 00:00:00,2025-10-22 14:15:00,BEARISH,2025-10-22 14:15:00,2025-10-22 14:16:00,25101.4,D1-20251021-BEARISH,STOP,25115.7,2025-10-22 15:19:00,MLR-TECH-ABL-001,2025-10-23 00:00:00,PREVIOUSLY_EXPOSED_WINDOW,C2_FVG_BREAKER,M1_STRICT_PENETRATION_NO_FAVORABLE_IMPROVEMENT,STRICT_M1_LIMIT_PENETRATION,FILLED,0,0.00,-14.3,-0.5238095238095238095238095238,1.05,TECHNICAL_ONLY_ABLATION,-27.30,-1.0,LOSS_1R,QRP-MACRO-LIQUIDITY-REVERSAL-001,0,27.3,NORMALIZED_HIGH_COST,D1-20251021-BEARISH-M5-C2_FVG_BREAKER-FVG-014526-BREAKER-001668,3.0,6,25115.7,M5_C2_FVG_BREAKER,1.5,25060.45,M5
25708.65,25717.0,True,1,BREAKER,25703.6,25716.0,1.0,FVG-014756|BREAKER-001684,25703.6,25713.7,25707.90,25717.75,HYPOTHETICAL_SCENARIO_NOT_BROKER_FACT,2026-01-12 00:00:00,2026-01-13 17:40:00,BEARISH,2026-01-13 17:54:00,2026-01-13 17:55:00,25708.65,D1-20260112-BEARISH,ENTRY_BAR_STOP_ADVERSE,25717.0,2026-01-13 17:55:00,MLR-TECH-ABL-001,2026-01-14 00:00:00,PREVIOUSLY_EXPOSED_WINDOW,C2_FVG_BREAKER,M1_STRICT_PENETRATION_NO_FAVORABLE_IMPROVEMENT,STRICT_M1_LIMIT_PENETRATION,FILLED,0,0,-8.35,-0.7695852534562211981566820276,0.0,TECHNICAL_ONLY_ABLATION,-10.85,-1,AMBIGUOUS_ADVERSE_FIRST,QRP-MACRO-LIQUIDITY-REVERSAL-001,0,10.85,NORMALIZED_LOW_COST,D1-20260112-BEARISH-M5-C2_FVG_BREAKER-FVG-014756-BREAKER-001684,0.50,1,25717.0,M5_C2_FVG_BREAKER,1.5,25692.375,M5
25708.65,25718.0,True,1,BREAKER,25703.6,25716.0,2,FVG-014756|BREAKER-001684,25703.6,25713.7,25707.15,25719.5,HYPOTHETICAL_SCENARIO_NOT_BROKER_FACT,2026-01-12 00:00:00,2026-01-13 17:40:00,BEARISH,2026-01-13 17:54:00,2026-01-13 17:55:00,25708.65,D1-20260112-BEARISH,ENTRY_BAR_STOP_ADVERSE,25718.0,2026-01-13 17:55:00,MLR-TECH-ABL-001,2026-01-14 00:00:00,PREVIOUSLY_EXPOSED_WINDOW,C2_FVG_BREAKER,M1_STRICT_PENETRATION_NO_FAVORABLE_IMPROVEMENT,STRICT_M1_LIMIT_PENETRATION,FILLED,0,0.0,-9.35,-0.6515679442508710801393728223,0.0,TECHNICAL_ONLY_ABLATION,-14.35,-1,AMBIGUOUS_ADVERSE_FIRST,QRP-MACRO-LIQUIDITY-REVERSAL-001,0,14.35,NORMALIZED_MEDIUM_COST,D1-20260112-BEARISH-M5-C2_FVG_BREAKER-FVG-014756-BREAKER-001684,1.0,2,25718.0,M5_C2_FVG_BREAKER,1.5,25687.125,M5
25708.65,25722.0,False,2,BREAKER,25703.6,25716.0,4,FVG-014756|BREAKER-001684,25703.6,25713.7,25704.15,25726.5,HYPOTHETICAL_SCENARIO_NOT_BROKER_FACT,2026-01-12 00:00:00,2026-01-13 17:40:00,BEARISH,2026-01-13 17:54:00,2026-01-13 17:55:00,25708.65,D1-20260112-BEARISH,STOP,25722.0,2026-01-13 17:56:00,MLR-TECH-ABL-001,2026-01-14 00:00:00,PREVIOUSLY_EXPOSED_WINDOW,C2_FVG_BREAKER,M1_STRICT_PENETRATION_NO_FAVORABLE_IMPROVEMENT,STRICT_M1_LIMIT_PENETRATION,FILLED,0,0.00,-13.35,-0.5066413662239089184060721063,0.016666666666666666,TECHNICAL_ONLY_ABLATION,-26.35,-1,LOSS_1R,QRP-MACRO-LIQUIDITY-REVERSAL-001,0,26.35,NORMALIZED_HIGH_COST,D1-20260112-BEARISH-M5-C2_FVG_BREAKER-FVG-014756-BREAKER-001684,3.0,6,25722.0,M5_C2_FVG_BREAKER,1.5,25669.125,M5
24624.2,24618.4,False,5,BREAKER,24619.4,24639.8,1.0,FVG-014976|BREAKER-001710,24619.4,24629.0,24624.95,24617.65,HYPOTHETICAL_SCENARIO_NOT_BROKER_FACT,2026-02-27 00:00:00,2026-03-02 12:45:00,BULLISH,2026-03-02 12:46:00,2026-03-02 12:47:00,24624.2,D1-20260227-BULLISH,STOP,24618.4,2026-03-02 12:51:00,MLR-TECH-ABL-001,2026-03-03 00:00:00,PREVIOUSLY_EXPOSED_WINDOW,C2_FVG_BREAKER,M1_STRICT_PENETRATION_NO_FAVORABLE_IMPROVEMENT,STRICT_M1_LIMIT_PENETRATION,FILLED,0,0,-5.8,-0.6987951807228915662650602410,0.06666666666666667,TECHNICAL_ONLY_ABLATION,-8.30,-1,LOSS_1R,QRP-MACRO-LIQUIDITY-REVERSAL-001,0,8.30,NORMALIZED_LOW_COST,D1-20260227-BULLISH-M5-C2_FVG_BREAKER-FVG-014976-BREAKER-001710,0.50,1,24618.4,M5_C2_FVG_BREAKER,1.5,24636.650,M5
24624.2,24617.4,False,5,BREAKER,24619.4,24639.8,2,FVG-014976|BREAKER-001710,24619.4,24629.0,24625.7,24615.9,HYPOTHETICAL_SCENARIO_NOT_BROKER_FACT,2026-02-27 00:00:00,2026-03-02 12:45:00,BULLISH,2026-03-02 12:46:00,2026-03-02 12:47:00,24624.2,D1-20260227-BULLISH,STOP,24617.4,2026-03-02 12:51:00,MLR-TECH-ABL-001,2026-03-03 00:00:00,PREVIOUSLY_EXPOSED_WINDOW,C2_FVG_BREAKER,M1_STRICT_PENETRATION_NO_FAVORABLE_IMPROVEMENT,STRICT_M1_LIMIT_PENETRATION,FILLED,0,0.0,-6.8,-0.5762711864406779661016949153,0.06666666666666667,TECHNICAL_ONLY_ABLATION,-11.8,-1,LOSS_1R,QRP-MACRO-LIQUIDITY-REVERSAL-001,0,11.8,NORMALIZED_MEDIUM_COST,D1-20260227-BULLISH-M5-C2_FVG_BREAKER-FVG-014976-BREAKER-001710,1.0,2,24617.4,M5_C2_FVG_BREAKER,1.5,24641.90,M5
24624.2,24613.4,False,10,BREAKER,24619.4,24639.8,4,FVG-014976|BREAKER-001710,24619.4,24629.0,24628.7,24608.9,HYPOTHETICAL_SCENARIO_NOT_BROKER_FACT,2026-02-27 00:00:00,2026-03-02 12:45:00,BULLISH,2026-03-02 12:46:00,2026-03-02 12:47:00,24624.2,D1-20260227-BULLISH,STOP,24613.4,2026-03-02 12:56:00,MLR-TECH-ABL-001,2026-03-03 00:00:00,PREVIOUSLY_EXPOSED_WINDOW,C2_FVG_BREAKER,M1_STRICT_PENETRATION_NO_FAVORABLE_IMPROVEMENT,STRICT_M1_LIMIT_PENETRATION,FILLED,0,0.00,-10.8,-0.4537815126050420168067226891,0.15,TECHNICAL_ONLY_ABLATION,-23.80,-1.0,LOSS_1R,QRP-MACRO-LIQUIDITY-REVERSAL-001,0,23.8,NORMALIZED_HIGH_COST,D1-20260227-BULLISH-M5-C2_FVG_BREAKER-FVG-014976-BREAKER-001710,3.0,6,24613.4,M5_C2_FVG_BREAKER,1.5,24659.90,M5
24399.5,24394.8,False,3,BREAKER,24395.8,24415.2,1.0,FVG-015141|BREAKER-001731,24395.8,24403.2,24400.25,24394.05,HYPOTHETICAL_SCENARIO_NOT_BROKER_FACT,2026-03-19 00:00:00,2026-03-20 03:20:00,BULLISH,2026-03-20 03:20:00,2026-03-20 03:21:00,24399.5,D1-20260319-BULLISH,STOP,24394.8,2026-03-20 03:23:00,MLR-TECH-ABL-001,2026-03-21 00:00:00,PREVIOUSLY_EXPOSED_WINDOW,C2_FVG_BREAKER,M1_STRICT_PENETRATION_NO_FAVORABLE_IMPROVEMENT,STRICT_M1_LIMIT_PENETRATION,FILLED,0,0,-4.7,-0.6527777777777777777777777778,0.03333333333333333,TECHNICAL_ONLY_ABLATION,-7.20,-1,LOSS_1R,QRP-MACRO-LIQUIDITY-REVERSAL-001,0,7.20,NORMALIZED_LOW_COST,D1-20260319-BULLISH-M5-C2_FVG_BREAKER-FVG-015141-BREAKER-001731,0.50,1,24394.8,M5_C2_FVG_BREAKER,1.5,24410.300,M5
24399.5,24393.8,False,3,BREAKER,24395.8,24415.2,2,FVG-015141|BREAKER-001731,24395.8,24403.2,24401.0,24392.3,HYPOTHETICAL_SCENARIO_NOT_BROKER_FACT,2026-03-19 00:00:00,2026-03-20 03:20:00,BULLISH,2026-03-20 03:20:00,2026-03-20 03:21:00,24399.5,D1-20260319-BULLISH,STOP,24393.8,2026-03-20 03:23:00,MLR-TECH-ABL-001,2026-03-21 00:00:00,PREVIOUSLY_EXPOSED_WINDOW,C2_FVG_BREAKER,M1_STRICT_PENETRATION_NO_FAVORABLE_IMPROVEMENT,STRICT_M1_LIMIT_PENETRATION,FILLED,0,0.0,-5.7,-0.5327102803738317757009345794,0.03333333333333333,TECHNICAL_ONLY_ABLATION,-10.7,-1,LOSS_1R,QRP-MACRO-LIQUIDITY-REVERSAL-001,0,10.7,NORMALIZED_MEDIUM_COST,D1-20260319-BULLISH-M5-C2_FVG_BREAKER-FVG-015141-BREAKER-001731,1.0,2,24393.8,M5_C2_FVG_BREAKER,1.5,24415.55,M5
24399.5,24389.8,False,3,BREAKER,24395.8,24415.2,4,FVG-015141|BREAKER-001731,24395.8,24403.2,24404.0,24385.3,HYPOTHETICAL_SCENARIO_NOT_BROKER_FACT,2026-03-19 00:00:00,2026-03-20 03:20:00,BULLISH,2026-03-20 03:20:00,2026-03-20 03:21:00,24399.5,D1-20260319-BULLISH,STOP,24389.8,2026-03-20 03:23:00,MLR-TECH-ABL-001,2026-03-21 00:00:00,PREVIOUSLY_EXPOSED_WINDOW,C2_FVG_BREAKER,M1_STRICT_PENETRATION_NO_FAVORABLE_IMPROVEMENT,STRICT_M1_LIMIT_PENETRATION,FILLED,0,0.00,-9.7,-0.4273127753303964757709251101,0.03333333333333333,TECHNICAL_ONLY_ABLATION,-22.70,-1.0,LOSS_1R,QRP-MACRO-LIQUIDITY-REVERSAL-001,0,22.7,NORMALIZED_HIGH_COST,D1-20260319-BULLISH-M5-C2_FVG_BREAKER-FVG-015141-BREAKER-001731,3.0,6,24389.8,M5_C2_FVG_BREAKER,1.5,24433.55,M5
26699.65,26707.8,False,15,BREAKER,26699.2,26706.8,1.0,FVG-015346|BREAKER-001755,26699.2,26700.1,26698.90,26708.55,HYPOTHETICAL_SCENARIO_NOT_BROKER_FACT,2026-04-21 00:00:00,2026-04-22 15:55:00,BEARISH,2026-04-22 15:55:00,2026-04-22 15:56:00,26699.65,D1-20260421-BEARISH,STOP,26707.8,2026-04-22 16:10:00,MLR-TECH-ABL-001,2026-04-23 00:00:00,PREVIOUSLY_EXPOSED_WINDOW,C2_FVG_BREAKER,M1_STRICT_PENETRATION_NO_FAVORABLE_IMPROVEMENT,STRICT_M1_LIMIT_PENETRATION,FILLED,0,0,-8.15,-0.7652582159624413145539906103,0.23333333333333334,TECHNICAL_ONLY_ABLATION,-10.65,-1,LOSS_1R,QRP-MACRO-LIQUIDITY-REVERSAL-001,0,10.65,NORMALIZED_LOW_COST,D1-20260421-BEARISH-M5-C2_FVG_BREAKER-FVG-015346-BREAKER-001755,0.50,1,26707.8,M5_C2_FVG_BREAKER,1.5,26683.675,M5
26699.65,26708.8,False,15,BREAKER,26699.2,26706.8,2,FVG-015346|BREAKER-001755,26699.2,26700.1,26698.15,26710.3,HYPOTHETICAL_SCENARIO_NOT_BROKER_FACT,2026-04-21 00:00:00,2026-04-22 15:55:00,BEARISH,2026-04-22 15:55:00,2026-04-22 15:56:00,26699.65,D1-20260421-BEARISH,STOP,26708.8,2026-04-22 16:10:00,MLR-TECH-ABL-001,2026-04-23 00:00:00,PREVIOUSLY_EXPOSED_WINDOW,C2_FVG_BREAKER,M1_STRICT_PENETRATION_NO_FAVORABLE_IMPROVEMENT,STRICT_M1_LIMIT_PENETRATION,FILLED,0,0.0,-9.15,-0.6466431095406360424028268551,0.23333333333333334,TECHNICAL_ONLY_ABLATION,-14.15,-1,LOSS_1R,QRP-MACRO-LIQUIDITY-REVERSAL-001,0,14.15,NORMALIZED_MEDIUM_COST,D1-20260421-BEARISH-M5-C2_FVG_BREAKER-FVG-015346-BREAKER-001755,1.0,2,26708.8,M5_C2_FVG_BREAKER,1.5,26678.425,M5
26699.65,26712.8,False,15,BREAKER,26699.2,26706.8,4,FVG-015346|BREAKER-001755,26699.2,26700.1,26695.15,26717.3,HYPOTHETICAL_SCENARIO_NOT_BROKER_FACT,2026-04-21 00:00:00,2026-04-22 15:55:00,BEARISH,2026-04-22 15:55:00,2026-04-22 15:56:00,26699.65,D1-20260421-BEARISH,STOP,26712.8,2026-04-22 16:10:00,MLR-TECH-ABL-001,2026-04-23 00:00:00,PREVIOUSLY_EXPOSED_WINDOW,C2_FVG_BREAKER,M1_STRICT_PENETRATION_NO_FAVORABLE_IMPROVEMENT,STRICT_M1_LIMIT_PENETRATION,FILLED,0,0.00,-13.15,-0.5028680688336520076481835564,0.23333333333333334,TECHNICAL_ONLY_ABLATION,-26.15,-1,LOSS_1R,QRP-MACRO-LIQUIDITY-REVERSAL-001,0,26.15,NORMALIZED_HIGH_COST,D1-20260421-BEARISH-M5-C2_FVG_BREAKER-FVG-015346-BREAKER-001755,3.0,6,26712.8,M5_C2_FVG_BREAKER,1.5,26660.425,M5
29884.85,29892.8,False,1,BREAKER,29883.9,29891.8,1.0,FVG-015510|BREAKER-001774,29883.9,29885.8,29884.10,29893.55,HYPOTHETICAL_SCENARIO_NOT_BROKER_FACT,2026-05-22 00:00:00,2026-05-25 17:55:00,BEARISH,2026-05-25 18:10:00,2026-05-25 18:11:00,29884.85,D1-20260522-BEARISH,ENTRY_BAR_STOP_ADVERSE,29892.8,2026-05-25 18:11:00,MLR-TECH-ABL-001,2026-05-26 00:00:00,PREVIOUSLY_EXPOSED_WINDOW,C2_FVG_BREAKER,M1_STRICT_PENETRATION_NO_FAVORABLE_IMPROVEMENT,STRICT_M1_LIMIT_PENETRATION,FILLED,0,0,-7.95,-0.7607655502392344497607655502,0.0,TECHNICAL_ONLY_ABLATION,-10.45,-1,LOSS_1R,QRP-MACRO-LIQUIDITY-REVERSAL-001,0,10.45,NORMALIZED_LOW_COST,D1-20260522-BEARISH-M5-C2_FVG_BREAKER-FVG-015510-BREAKER-001774,0.50,1,29892.8,M5_C2_FVG_BREAKER,1.5,29869.175,M5
29884.85,29893.8,False,1,BREAKER,29883.9,29891.8,2,FVG-015510|BREAKER-001774,29883.9,29885.8,29883.35,29895.3,HYPOTHETICAL_SCENARIO_NOT_BROKER_FACT,2026-05-22 00:00:00,2026-05-25 17:55:00,BEARISH,2026-05-25 18:10:00,2026-05-25 18:11:00,29884.85,D1-20260522-BEARISH,ENTRY_BAR_STOP_ADVERSE,29893.8,2026-05-25 18:11:00,MLR-TECH-ABL-001,2026-05-26 00:00:00,PREVIOUSLY_EXPOSED_WINDOW,C2_FVG_BREAKER,M1_STRICT_PENETRATION_NO_FAVORABLE_IMPROVEMENT,STRICT_M1_LIMIT_PENETRATION,FILLED,0,0.0,-8.95,-0.6415770609318996415770609319,0.0,TECHNICAL_ONLY_ABLATION,-13.95,-1,LOSS_1R,QRP-MACRO-LIQUIDITY-REVERSAL-001,0,13.95,NORMALIZED_MEDIUM_COST,D1-20260522-BEARISH-M5-C2_FVG_BREAKER-FVG-015510-BREAKER-001774,1.0,2,29893.8,M5_C2_FVG_BREAKER,1.5,29863.925,M5
29884.85,29897.8,False,1,BREAKER,29883.9,29891.8,4,FVG-015510|BREAKER-001774,29883.9,29885.8,29880.35,29902.3,HYPOTHETICAL_SCENARIO_NOT_BROKER_FACT,2026-05-22 00:00:00,2026-05-25 17:55:00,BEARISH,2026-05-25 18:10:00,2026-05-25 18:11:00,29884.85,D1-20260522-BEARISH,ENTRY_BAR_STOP_ADVERSE,29897.8,2026-05-25 18:11:00,MLR-TECH-ABL-001,2026-05-26 00:00:00,PREVIOUSLY_EXPOSED_WINDOW,C2_FVG_BREAKER,M1_STRICT_PENETRATION_NO_FAVORABLE_IMPROVEMENT,STRICT_M1_LIMIT_PENETRATION,FILLED,0,0.00,-12.95,-0.4990366088631984585741811175,0.0,TECHNICAL_ONLY_ABLATION,-25.95,-1,LOSS_1R,QRP-MACRO-LIQUIDITY-REVERSAL-001,0,25.95,NORMALIZED_HIGH_COST,D1-20260522-BEARISH-M5-C2_FVG_BREAKER-FVG-015510-BREAKER-001774,3.0,6,29897.8,M5_C2_FVG_BREAKER,1.5,29845.925,M5
