available_at,direction,event_id,lower,timeframe,upper,zone_type
2017-10-05 15:54:00,BEARISH,D1-20171004-BEARISH,6022.4,M1,6022.9,OB
2017-10-05 16:09:00,BEARISH,D1-20171004-BEARISH,6022.4,M1,6023.4,OB
2017-10-05 17:30:00,BEARISH,D1-20171004-BEARISH,6024.8,M1,6025.9,OB
2017-10-05 17:49:00,BEARISH,D1-20171004-BEARISH,6022.2,M1,6023.4,OB
2017-10-05 18:48:00,BEARISH,D1-20171004-BEARISH,6030.2,M1,6030.9,OB
2017-10-05 21:05:00,BEARISH,D1-20171004-BEARISH,6048.5,M1,6049.3,OB
2017-10-05 21:20:00,BEARISH,D1-20171004-BEARISH,6045.8,M1,6046.4,OB
2017-10-05 22:33:00,BEARISH,D1-20171004-BEARISH,6056.5,M1,6058.0,OB
2017-10-09 11:05:00,BEARISH,D1-20171006-BEARISH,6071.8,M5,6072.7,OB
2017-10-09 16:35:00,BEARISH,D1-20171006-BEARISH,6077.3,M5,6079.6,OB
2017-10-09 17:50:00,BEARISH,D1-20171006-BEARISH,6070.6,M5,6074.6,OB
2017-10-09 19:30:00,BEARISH,D1-20171006-BEARISH,6073.3,M5,6074.8,OB
2017-10-09 20:50:00,BEARISH,D1-20171006-BEARISH,6071.3,M5,6073.1,OB
2017-10-09 22:15:00,BEARISH,D1-20171006-BEARISH,6058.8,M5,6061.8,OB
2017-10-09 07:10:00,BEARISH,D1-20171006-BEARISH,6074.1,M1,6074.2,OB
2017-10-09 07:54:00,BEARISH,D1-20171006-BEARISH,6073.3,M1,6073.6,OB
2017-10-09 08:12:00,BEARISH,D1-20171006-BEARISH,6072.8,M1,6073.1,OB
2017-10-09 08:36:00,BEARISH,D1-20171006-BEARISH,6072.1,M1,6072.2,OB
2017-10-09 09:05:00,BEARISH,D1-20171006-BEARISH,6073.1,M1,6073.3,OB
2017-10-09 09:51:00,BEARISH,D1-20171006-BEARISH,6070.8,M1,6071.1,OB
2017-10-09 10:26:00,BEARISH,D1-20171006-BEARISH,6074.2,M1,6074.9,OB
2017-10-09 10:31:00,BEARISH,D1-20171006-BEARISH,6073.2,M1,6073.8,OB
2017-10-09 10:43:00,BEARISH,D1-20171006-BEARISH,6072.8,M1,6073.3,OB
2017-10-09 12:44:00,BEARISH,D1-20171006-BEARISH,6073.2,M1,6073.6,OB
2017-10-09 13:00:00,BEARISH,D1-20171006-BEARISH,6073.6,M1,6074.1,OB
2017-10-09 13:47:00,BEARISH,D1-20171006-BEARISH,6075.6,M1,6076.1,OB
2017-10-09 15:02:00,BEARISH,D1-20171006-BEARISH,6077.1,M1,6077.2,OB
2017-10-09 15:21:00,BEARISH,D1-20171006-BEARISH,6079.6,M1,6080.2,OB
2017-10-09 15:38:00,BEARISH,D1-20171006-BEARISH,6079.6,M1,6079.7,OB
2017-10-09 16:27:00,BEARISH,D1-20171006-BEARISH,6078.8,M1,6079.3,OB
2017-10-09 16:31:00,BEARISH,D1-20171006-BEARISH,6076.3,M1,6077.8,OB
2017-10-09 16:56:00,BEARISH,D1-20171006-BEARISH,6071.8,M1,6074.1,OB
2017-10-09 17:13:00,BEARISH,D1-20171006-BEARISH,6079.6,M1,6082.1,OB
2017-10-09 17:25:00,BEARISH,D1-20171006-BEARISH,6075.1,M1,6076.6,OB
2017-10-09 19:04:00,BEARISH,D1-20171006-BEARISH,6075.1,M1,6076.1,OB
2017-10-09 19:29:00,BEARISH,D1-20171006-BEARISH,6071.8,M1,6073.1,OB
2017-10-09 20:49:00,BEARISH,D1-20171006-BEARISH,6070.6,M1,6071.7,OB
2017-10-09 21:35:00,BEARISH,D1-20171006-BEARISH,6066.8,M1,6067.8,OB
2017-10-09 22:03:00,BEARISH,D1-20171006-BEARISH,6062.1,M1,6063.1,OB
2017-10-09 22:11:00,BEARISH,D1-20171006-BEARISH,6059.8,M1,6061.3,OB
2017-10-09 22:13:00,BEARISH,D1-20171006-BEARISH,6058.3,M1,6059.8,OB
2017-10-09 22:49:00,BEARISH,D1-20171006-BEARISH,6055.7,M1,6057.4,OB
2017-11-02 03:15:00,BEARISH,D1-20171101-BEARISH,6234.4,M15,6237.7,OB
2017-11-02 16:45:00,BEARISH,D1-20171101-BEARISH,6245.9,M15,6250.9,OB
2017-11-02 17:15:00,BEARISH,D1-20171101-BEARISH,6230.9,M15,6245.9,OB
2017-11-02 18:45:00,BEARISH,D1-20171101-BEARISH,6223.9,M15,6236.4,OB
2017-11-02 03:40:00,BEARISH,D1-20171101-BEARISH,6214.8,M5,6217.3,OB
2017-11-02 09:15:00,BEARISH,D1-20171101-BEARISH,6226.3,M5,6227.5,OB
2017-11-02 16:35:00,BEARISH,D1-20171101-BEARISH,6245.7,M5,6247.4,OB
2017-11-02 03:06:00,BEARISH,D1-20171101-BEARISH,6236.7,M1,6237.2,OB
2017-11-02 03:11:00,BEARISH,D1-20171101-BEARISH,6232.9,M1,6233.8,OB
2017-11-02 03:16:00,BEARISH,D1-20171101-BEARISH,6225.8,M1,6227.0,OB
2017-11-02 03:38:00,BEARISH,D1-20171101-BEARISH,6216.0,M1,6217.2,OB
2017-11-02 04:31:00,BEARISH,D1-20171101-BEARISH,6219.2,M1,6220.3,OB
2017-11-02 04:45:00,BEARISH,D1-20171101-BEARISH,6216.2,M1,6217.2,OB
2017-11-02 05:23:00,BEARISH,D1-20171101-BEARISH,6221.2,M1,6221.3,OB
2017-11-02 05:55:00,BEARISH,D1-20171101-BEARISH,6226.3,M1,6226.9,OB
2017-11-02 07:26:00,BEARISH,D1-20171101-BEARISH,6229.8,M1,6230.0,OB
2017-11-02 07:49:00,BEARISH,D1-20171101-BEARISH,6229.3,M1,6229.7,OB
2017-11-02 08:32:00,BEARISH,D1-20171101-BEARISH,6229.7,M1,6230.0,OB
2017-11-02 08:47:00,BEARISH,D1-20171101-BEARISH,6228.4,M1,6228.8,OB
2017-11-02 09:07:00,BEARISH,D1-20171101-BEARISH,6227.3,M1,6227.4,OB
2017-11-02 09:15:00,BEARISH,D1-20171101-BEARISH,6226.5,M1,6226.8,OB
2017-11-02 10:06:00,BEARISH,D1-20171101-BEARISH,6228.9,M1,6229.4,OB
2017-11-02 10:48:00,BEARISH,D1-20171101-BEARISH,6230.5,M1,6231.7,OB
2017-11-02 12:04:00,BEARISH,D1-20171101-BEARISH,6234.3,M1,6235.0,OB
2017-11-02 13:31:00,BEARISH,D1-20171101-BEARISH,6235.7,M1,6236.5,OB
2017-11-02 15:02:00,BEARISH,D1-20171101-BEARISH,6243.0,M1,6243.4,OB
2017-11-02 16:11:00,BEARISH,D1-20171101-BEARISH,6245.9,M1,6247.0,OB
2017-11-02 16:27:00,BEARISH,D1-20171101-BEARISH,6246.7,M1,6247.4,OB
2017-11-02 16:29:00,BEARISH,D1-20171101-BEARISH,6244.5,M1,6245.8,OB
2017-11-02 16:31:00,BEARISH,D1-20171101-BEARISH,6243.2,M1,6245.2,OB
2017-11-02 17:04:00,BEARISH,D1-20171101-BEARISH,6232.7,M1,6236.9,OB
2017-11-02 17:09:00,BEARISH,D1-20171101-BEARISH,6226.9,M1,6229.4,OB
2017-11-02 18:26:00,BEARISH,D1-20171101-BEARISH,6223.4,M1,6226.2,OB
2017-11-02 18:38:00,BEARISH,D1-20171101-BEARISH,6207.2,M1,6211.9,OB
2017-11-02 20:27:00,BEARISH,D1-20171101-BEARISH,6229.7,M1,6230.9,OB
2017-11-02 20:55:00,BEARISH,D1-20171101-BEARISH,6225.7,M1,6227.7,OB
2017-11-02 22:21:00,BEARISH,D1-20171101-BEARISH,6235.2,M1,6235.4,OB
2017-11-02 23:00:00,BEARISH,D1-20171101-BEARISH,6241.7,M1,6242.4,OB
2017-11-02 23:13:00,BEARISH,D1-20171101-BEARISH,6239.7,M1,6240.4,OB
2017-11-02 23:16:00,BEARISH,D1-20171101-BEARISH,6238.4,M1,6239.7,OB
2017-11-24 17:30:00,BEARISH,D1-20171123-BEARISH,6395.0,M5,6397.3,OB
2017-11-24 14:51:00,BEARISH,D1-20171123-BEARISH,6393.0,M1,6393.5,OB
2017-11-24 16:40:00,BEARISH,D1-20171123-BEARISH,6395.0,M1,6395.5,OB
2017-11-24 16:57:00,BEARISH,D1-20171123-BEARISH,6394.3,M1,6394.5,OB
2017-11-24 17:29:00,BEARISH,D1-20171123-BEARISH,6396.6,M1,6397.3,OB
2017-11-24 17:47:00,BEARISH,D1-20171123-BEARISH,6392.8,M1,6394.0,OB
2017-11-24 19:25:00,BEARISH,D1-20171123-BEARISH,6408.0,M1,6409.5,OB
2018-02-19 12:15:00,BEARISH,D1-20180216-BEARISH,6803.5,M15,6806.8,OB
2018-02-19 16:00:00,BEARISH,D1-20180216-BEARISH,6804.5,M15,6806.7,OB
2018-02-19 17:45:00,BEARISH,D1-20180216-BEARISH,6796.2,M15,6802.1,OB
2018-02-19 18:15:00,BEARISH,D1-20180216-BEARISH,6778.6,M15,6786.1,OB
2018-02-19 09:25:00,BEARISH,D1-20180216-BEARISH,6810.2,M5,6811.5,OB
2018-02-19 15:30:00,BEARISH,D1-20180216-BEARISH,6804.7,M5,6805.0,OB
2018-02-19 17:35:00,BEARISH,D1-20180216-BEARISH,6799.7,M5,6802.1,OB
2018-02-19 18:10:00,BEARISH,D1-20180216-BEARISH,6780.6,M5,6786.1,OB
2018-02-19 04:23:00,BEARISH,D1-20180216-BEARISH,6801.7,M1,6802.1,OB
2018-02-19 04:47:00,BEARISH,D1-20180216-BEARISH,6802.2,M1,6802.8,OB
2018-02-19 05:28:00,BEARISH,D1-20180216-BEARISH,6803.6,M1,6804.0,OB
2018-02-19 05:51:00,BEARISH,D1-20180216-BEARISH,6801.0,M1,6801.3,OB
2018-02-19 06:59:00,BEARISH,D1-20180216-BEARISH,6804.3,M1,6804.7,OB
2018-02-19 08:35:00,BEARISH,D1-20180216-BEARISH,6812.2,M1,6812.8,OB
2018-02-19 10:58:00,BEARISH,D1-20180216-BEARISH,6808.0,M1,6808.7,OB
2018-02-19 11:01:00,BEARISH,D1-20180216-BEARISH,6807.1,M1,6807.5,OB
2018-02-19 11:04:00,BEARISH,D1-20180216-BEARISH,6804.0,M1,6805.2,OB
2018-02-19 11:42:00,BEARISH,D1-20180216-BEARISH,6804.2,M1,6805.6,OB
2018-02-19 12:08:00,BEARISH,D1-20180216-BEARISH,6799.6,M1,6800.5,OB
2018-02-19 12:47:00,BEARISH,D1-20180216-BEARISH,6799.6,M1,6800.0,OB
2018-02-19 14:47:00,BEARISH,D1-20180216-BEARISH,6807.0,M1,6807.1,OB
2018-02-19 15:26:00,BEARISH,D1-20180216-BEARISH,6804.7,M1,6805.0,OB
2018-02-19 15:32:00,BEARISH,D1-20180216-BEARISH,6800.6,M1,6801.3,OB
2018-02-19 15:38:00,BEARISH,D1-20180216-BEARISH,6798.6,M1,6799.7,OB
2018-02-19 15:50:00,BEARISH,D1-20180216-BEARISH,6797.3,M1,6797.5,OB
2018-02-19 16:06:00,BEARISH,D1-20180216-BEARISH,6793.1,M1,6793.6,OB
2018-02-19 16:08:00,BEARISH,D1-20180216-BEARISH,6792.1,M1,6792.5,OB
2018-02-19 16:47:00,BEARISH,D1-20180216-BEARISH,6795.6,M1,6796.8,OB
2018-02-19 17:35:00,BEARISH,D1-20180216-BEARISH,6795.2,M1,6797.1,OB
2018-02-19 17:39:00,BEARISH,D1-20180216-BEARISH,6785.6,M1,6788.3,OB
2018-02-19 18:07:00,BEARISH,D1-20180216-BEARISH,6778.5,M1,6781.7,OB
2018-02-19 18:14:00,BEARISH,D1-20180216-BEARISH,6769.6,M1,6772.8,OB
2018-02-19 19:01:00,BEARISH,D1-20180216-BEARISH,6760.6,M1,6764.2,OB
2018-02-19 20:09:00,BEARISH,D1-20180216-BEARISH,6779.8,M1,6781.1,OB
2018-02-19 20:46:00,BEARISH,D1-20180216-BEARISH,6781.7,M1,6782.3,OB
2018-04-24 05:15:00,BULLISH,D1-20180423-BULLISH,6655.4,M15,6659.5,OB
2018-04-24 08:45:00,BULLISH,D1-20180423-BULLISH,6672.3,M15,6674.0,OB
2018-04-24 11:00:00,BULLISH,D1-20180423-BULLISH,6666.0,M15,6675.7,OB
2018-04-24 11:30:00,BULLISH,D1-20180423-BULLISH,6680.3,M15,6686.3,OB
2018-04-24 12:00:00,BULLISH,D1-20180423-BULLISH,6689.7,M15,6693.9,OB
2018-04-24 13:30:00,BULLISH,D1-20180423-BULLISH,6698.9,M15,6703.5,OB
2018-04-24 02:45:00,BULLISH,D1-20180423-BULLISH,6662.3,M5,6663.3,OB
2018-04-24 08:15:00,BULLISH,D1-20180423-BULLISH,6672.3,M5,6672.9,OB
2018-04-24 11:30:00,BULLISH,D1-20180423-BULLISH,6681.2,M5,6686.3,OB
2018-04-24 11:50:00,BULLISH,D1-20180423-BULLISH,6690.3,M5,6693.9,OB
2018-04-24 13:25:00,BULLISH,D1-20180423-BULLISH,6699.4,M5,6701.2,OB
2018-04-24 02:03:00,BULLISH,D1-20180423-BULLISH,6663.5,M1,6663.9,OB
2018-04-24 02:38:00,BULLISH,D1-20180423-BULLISH,6663.1,M1,6663.6,OB
2018-04-24 02:42:00,BULLISH,D1-20180423-BULLISH,6664.0,M1,6664.6,OB
2018-04-24 04:31:00,BULLISH,D1-20180423-BULLISH,6655.5,M1,6656.5,OB
2018-04-24 04:59:00,BULLISH,D1-20180423-BULLISH,6662.8,M1,6663.5,OB
2018-04-24 05:03:00,BULLISH,D1-20180423-BULLISH,6668.6,M1,6670.9,OB
2018-04-24 05:59:00,BULLISH,D1-20180423-BULLISH,6667.4,M1,6668.0,OB
2018-04-24 06:59:00,BULLISH,D1-20180423-BULLISH,6670.9,M1,6671.1,OB
2018-04-24 07:40:00,BULLISH,D1-20180423-BULLISH,6671.5,M1,6671.6,OB
2018-04-24 07:51:00,BULLISH,D1-20180423-BULLISH,6673.3,M1,6673.4,OB
2018-04-24 08:24:00,BULLISH,D1-20180423-BULLISH,6675.5,M1,6675.9,OB
2018-04-24 08:28:00,BULLISH,D1-20180423-BULLISH,6677.3,M1,6678.4,OB
2018-04-24 08:43:00,BULLISH,D1-20180423-BULLISH,6679.9,M1,6680.2,OB
2018-04-24 10:50:00,BULLISH,D1-20180423-BULLISH,6676.4,M1,6677.0,OB
2018-04-24 11:30:00,BULLISH,D1-20180423-BULLISH,6689.3,M1,6690.7,OB
2018-04-24 12:39:00,BULLISH,D1-20180423-BULLISH,6701.5,M1,6702.5,OB
2018-04-24 13:22:00,BULLISH,D1-20180423-BULLISH,6701.0,M1,6701.7,OB
2018-04-24 14:38:00,BULLISH,D1-20180423-BULLISH,6696.8,M1,6698.4,OB
2018-04-24 16:31:00,BULLISH,D1-20180423-BULLISH,6681.9,M1,6682.8,OB
2018-04-24 16:46:00,BULLISH,D1-20180423-BULLISH,6673.7,M1,6682.2,OB
2018-04-24 17:52:00,BULLISH,D1-20180423-BULLISH,6610.5,M1,6617.7,OB
2018-04-24 18:29:00,BULLISH,D1-20180423-BULLISH,6574.2,M1,6579.5,OB
2018-04-24 21:21:00,BULLISH,D1-20180423-BULLISH,6480.5,M1,6486.5,OB
2018-04-24 22:15:00,BULLISH,D1-20180423-BULLISH,6503.7,M1,6508.1,OB
2018-04-24 22:48:00,BULLISH,D1-20180423-BULLISH,6472.6,M1,6477.1,OB
2018-05-14 20:00:00,BEARISH,D1-20180511-BEARISH,6989.8,M15,6998.3,OB
2018-05-14 06:20:00,BEARISH,D1-20180511-BEARISH,6987.3,M5,6988.3,OB
2018-05-14 08:35:00,BEARISH,D1-20180511-BEARISH,6986.4,M5,6988.0,OB
2018-05-14 08:55:00,BEARISH,D1-20180511-BEARISH,6986.3,M5,6987.0,OB
2018-05-14 10:45:00,BEARISH,D1-20180511-BEARISH,6977.9,M5,6980.0,OB
2018-05-14 21:10:00,BEARISH,D1-20180511-BEARISH,6971.8,M5,6976.5,OB
2018-05-14 01:45:00,BEARISH,D1-20180511-BEARISH,6974.3,M1,6974.4,OB
2018-05-14 04:10:00,BEARISH,D1-20180511-BEARISH,6983.8,M1,6984.1,OB
2018-05-14 06:07:00,BEARISH,D1-20180511-BEARISH,6987.8,M1,6988.0,OB
2018-05-14 06:18:00,BEARISH,D1-20180511-BEARISH,6986.3,M1,6986.8,OB
2018-05-14 06:37:00,BEARISH,D1-20180511-BEARISH,6984.4,M1,6984.8,OB
2018-05-14 08:07:00,BEARISH,D1-20180511-BEARISH,6990.0,M1,6990.5,OB
2018-05-14 08:14:00,BEARISH,D1-20180511-BEARISH,6989.0,M1,6989.5,OB
2018-05-14 08:29:00,BEARISH,D1-20180511-BEARISH,6987.0,M1,6987.8,OB
2018-05-14 08:33:00,BEARISH,D1-20180511-BEARISH,6985.6,M1,6986.3,OB
2018-05-14 08:53:00,BEARISH,D1-20180511-BEARISH,6986.4,M1,6987.0,OB
2018-05-14 09:09:00,BEARISH,D1-20180511-BEARISH,6982.0,M1,6982.9,OB
2018-05-14 09:20:00,BEARISH,D1-20180511-BEARISH,6979.9,M1,6980.9,OB
2018-05-14 11:44:00,BEARISH,D1-20180511-BEARISH,6977.5,M1,6978.3,OB
2018-05-14 12:52:00,BEARISH,D1-20180511-BEARISH,6981.5,M1,6982.4,OB
2018-05-14 13:31:00,BEARISH,D1-20180511-BEARISH,6976.3,M1,6976.9,OB
2018-05-14 14:31:00,BEARISH,D1-20180511-BEARISH,6972.9,M1,6973.1,OB
2018-05-14 15:41:00,BEARISH,D1-20180511-BEARISH,6971.1,M1,6971.9,OB
2018-05-14 15:48:00,BEARISH,D1-20180511-BEARISH,6970.5,M1,6971.3,OB
2018-05-14 16:26:00,BEARISH,D1-20180511-BEARISH,6973.0,M1,6974.0,OB
2018-05-14 17:06:00,BEARISH,D1-20180511-BEARISH,6988.8,M1,6992.0,OB
2018-05-14 17:46:00,BEARISH,D1-20180511-BEARISH,7007.8,M1,7010.8,OB
2018-05-14 17:59:00,BEARISH,D1-20180511-BEARISH,7000.5,M1,7002.3,OB
2018-05-14 18:28:00,BEARISH,D1-20180511-BEARISH,6996.8,M1,6999.0,OB
2018-05-14 19:05:00,BEARISH,D1-20180511-BEARISH,6987.5,M1,6995.8,OB
2018-05-14 19:43:00,BEARISH,D1-20180511-BEARISH,6996.8,M1,6998.3,OB
2018-05-14 19:56:00,BEARISH,D1-20180511-BEARISH,6987.5,M1,6989.3,OB
2018-05-14 20:20:00,BEARISH,D1-20180511-BEARISH,6970.8,M1,6974.5,OB
2018-05-14 20:49:00,BEARISH,D1-20180511-BEARISH,6975.8,M1,6977.8,OB
2018-05-14 21:03:00,BEARISH,D1-20180511-BEARISH,6973.0,M1,6974.5,OB
2018-05-14 21:08:00,BEARISH,D1-20180511-BEARISH,6969.8,M1,6971.8,OB
2018-05-14 21:43:00,BEARISH,D1-20180511-BEARISH,6971.5,M1,6974.0,OB
2018-05-14 22:07:00,BEARISH,D1-20180511-BEARISH,6972.8,M1,6973.8,OB
2018-05-14 22:41:00,BEARISH,D1-20180511-BEARISH,6968.3,M1,6969.8,OB
2018-05-14 22:46:00,BEARISH,D1-20180511-BEARISH,6966.3,M1,6968.3,OB
2018-06-14 06:00:00,BEARISH,D1-20180613-BEARISH,7210.0,M15,7213.6,OB
2018-06-14 02:25:00,BEARISH,D1-20180613-BEARISH,7216.1,M5,7216.8,OB
2018-06-14 05:45:00,BEARISH,D1-20180613-BEARISH,7210.0,M5,7211.6,OB
2018-06-14 08:05:00,BEARISH,D1-20180613-BEARISH,7205.5,M5,7206.3,OB
2018-06-14 08:35:00,BEARISH,D1-20180613-BEARISH,7200.5,M5,7201.7,OB
2018-06-14 09:00:00,BEARISH,D1-20180613-BEARISH,7191.2,M5,7194.2,OB
2018-06-14 12:50:00,BEARISH,D1-20180613-BEARISH,7197.7,M5,7200.7,OB
2018-06-14 22:00:00,BEARISH,D1-20180613-BEARISH,7277.1,M5,7281.1,OB
2018-06-14 02:28:00,BEARISH,D1-20180613-BEARISH,7212.5,M1,7212.7,OB
2018-06-14 02:32:00,BEARISH,D1-20180613-BEARISH,7211.6,M1,7212.1,OB
2018-06-14 02:42:00,BEARISH,D1-20180613-BEARISH,7210.1,M1,7210.3,OB
2018-06-14 03:03:00,BEARISH,D1-20180613-BEARISH,7211.5,M1,7212.0,OB
2018-06-14 04:31:00,BEARISH,D1-20180613-BEARISH,7216.7,M1,7217.7,OB
2018-06-14 05:01:00,BEARISH,D1-20180613-BEARISH,7214.2,M1,7214.7,OB
2018-06-14 05:45:00,BEARISH,D1-20180613-BEARISH,7209.5,M1,7210.2,OB
2018-06-14 05:52:00,BEARISH,D1-20180613-BEARISH,7207.5,M1,7208.2,OB
2018-06-14 05:55:00,BEARISH,D1-20180613-BEARISH,7205.2,M1,7207.2,OB
2018-06-14 05:58:00,BEARISH,D1-20180613-BEARISH,7203.5,M1,7204.2,OB
2018-06-14 07:25:00,BEARISH,D1-20180613-BEARISH,7206.5,M1,7206.7,OB
2018-06-14 08:02:00,BEARISH,D1-20180613-BEARISH,7204.0,M1,7205.2,OB
2018-06-14 08:05:00,BEARISH,D1-20180613-BEARISH,7202.0,M1,7202.5,OB
2018-06-14 08:31:00,BEARISH,D1-20180613-BEARISH,7199.3,M1,7200.0,OB
2018-06-14 08:40:00,BEARISH,D1-20180613-BEARISH,7191.9,M1,7192.9,OB
2018-06-14 09:34:00,BEARISH,D1-20180613-BEARISH,7192.5,M1,7193.0,OB
2018-06-14 11:13:00,BEARISH,D1-20180613-BEARISH,7192.6,M1,7193.6,OB
2018-06-14 12:20:00,BEARISH,D1-20180613-BEARISH,7201.6,M1,7202.2,OB
2018-06-14 13:28:00,BEARISH,D1-20180613-BEARISH,7202.5,M1,7204.0,OB
2018-06-14 14:13:00,BEARISH,D1-20180613-BEARISH,7203.0,M1,7203.7,OB
2018-06-14 15:45:00,BEARISH,D1-20180613-BEARISH,7235.5,M1,7236.5,OB
2018-06-14 16:55:00,BEARISH,D1-20180613-BEARISH,7254.1,M1,7259.6,OB
2018-06-14 17:58:00,BEARISH,D1-20180613-BEARISH,7266.1,M1,7269.6,OB
2018-06-14 18:01:00,BEARISH,D1-20180613-BEARISH,7259.9,M1,7265.1,OB
2018-06-14 18:50:00,BEARISH,D1-20180613-BEARISH,7281.8,M1,7283.9,OB
2018-06-14 19:45:00,BEARISH,D1-20180613-BEARISH,7280.4,M1,7281.4,OB
2018-06-14 20:59:00,BEARISH,D1-20180613-BEARISH,7290.9,M1,7292.1,OB
2018-06-14 21:18:00,BEARISH,D1-20180613-BEARISH,7286.9,M1,7287.6,OB
2018-06-14 21:35:00,BEARISH,D1-20180613-BEARISH,7281.9,M1,7283.9,OB
2018-06-14 21:55:00,BEARISH,D1-20180613-BEARISH,7277.6,M1,7279.2,OB
2018-06-14 21:58:00,BEARISH,D1-20180613-BEARISH,7275.2,M1,7276.6,OB
2018-06-14 22:51:00,BEARISH,D1-20180613-BEARISH,7288.4,M1,7290.0,OB
2018-06-14 23:16:00,BEARISH,D1-20180613-BEARISH,7289.9,M1,7290.9,OB
2018-07-19 07:15:00,BEARISH,D1-20180718-BEARISH,7392.1,M15,7394.4,OB
2018-07-19 13:15:00,BEARISH,D1-20180718-BEARISH,7375.4,M15,7379.3,OB
2018-07-19 03:05:00,BEARISH,D1-20180718-BEARISH,7390.9,M5,7393.8,OB
2018-07-19 06:15:00,BEARISH,D1-20180718-BEARISH,7397.4,M5,7398.7,OB
2018-07-19 09:35:00,BEARISH,D1-20180718-BEARISH,7385.1,M5,7386.6,OB
2018-07-19 13:15:00,BEARISH,D1-20180718-BEARISH,7368.9,M5,7371.4,OB
2018-07-19 15:05:00,BEARISH,D1-20180718-BEARISH,7361.8,M5,7363.6,OB
2018-07-19 16:55:00,BEARISH,D1-20180718-BEARISH,7377.6,M5,7386.3,OB
2018-07-19 19:45:00,BEARISH,D1-20180718-BEARISH,7360.6,M5,7364.6,OB
2018-07-19 22:15:00,BEARISH,D1-20180718-BEARISH,7357.1,M5,7360.2,OB
2018-07-19 02:28:00,BEARISH,D1-20180718-BEARISH,7391.2,M1,7391.6,OB
2018-07-19 03:01:00,BEARISH,D1-20180718-BEARISH,7391.9,M1,7392.3,OB
2018-07-19 03:04:00,BEARISH,D1-20180718-BEARISH,7390.7,M1,7391.7,OB
2018-07-19 06:09:00,BEARISH,D1-20180718-BEARISH,7397.8,M1,7398.6,OB
2018-07-19 06:13:00,BEARISH,D1-20180718-BEARISH,7395.6,M1,7396.7,OB
2018-07-19 07:15:00,BEARISH,D1-20180718-BEARISH,7388.9,M1,7390.1,OB
2018-07-19 07:59:00,BEARISH,D1-20180718-BEARISH,7387.2,M1,7387.3,OB
2018-07-19 08:04:00,BEARISH,D1-20180718-BEARISH,7386.7,M1,7387.3,OB
2018-07-19 08:51:00,BEARISH,D1-20180718-BEARISH,7388.2,M1,7389.2,OB
2018-07-19 09:32:00,BEARISH,D1-20180718-BEARISH,7383.3,M1,7384.4,OB
2018-07-19 09:35:00,BEARISH,D1-20180718-BEARISH,7381.6,M1,7382.5,OB
2018-07-19 10:03:00,BEARISH,D1-20180718-BEARISH,7379.7,M1,7381.6,OB
2018-07-19 10:11:00,BEARISH,D1-20180718-BEARISH,7378.1,M1,7379.8,OB
2018-07-19 10:26:00,BEARISH,D1-20180718-BEARISH,7381.6,M1,7382.7,OB
2018-07-19 12:00:00,BEARISH,D1-20180718-BEARISH,7379.2,M1,7379.8,OB
2018-07-19 12:34:00,BEARISH,D1-20180718-BEARISH,7378.6,M1,7379.2,OB
2018-07-19 12:43:00,BEARISH,D1-20180718-BEARISH,7374.3,M1,7374.9,OB
2018-07-19 12:52:00,BEARISH,D1-20180718-BEARISH,7372.6,M1,7373.1,OB
2018-07-19 13:11:00,BEARISH,D1-20180718-BEARISH,7367.2,M1,7368.1,OB
2018-07-19 13:15:00,BEARISH,D1-20180718-BEARISH,7365.6,M1,7366.8,OB
2018-07-19 13:23:00,BEARISH,D1-20180718-BEARISH,7361.3,M1,7362.9,OB
2018-07-19 14:45:00,BEARISH,D1-20180718-BEARISH,7366.3,M1,7366.8,OB
2018-07-19 14:59:00,BEARISH,D1-20180718-BEARISH,7362.2,M1,7363.1,OB
2018-07-19 15:52:00,BEARISH,D1-20180718-BEARISH,7366.3,M1,7367.3,OB
2018-07-19 16:49:00,BEARISH,D1-20180718-BEARISH,7376.1,M1,7380.1,OB
2018-07-19 17:31:00,BEARISH,D1-20180718-BEARISH,7355.6,M1,7360.3,OB
2018-07-19 19:08:00,BEARISH,D1-20180718-BEARISH,7369.6,M1,7371.8,OB
2018-07-19 19:15:00,BEARISH,D1-20180718-BEARISH,7366.3,M1,7368.1,OB
2018-07-19 19:25:00,BEARISH,D1-20180718-BEARISH,7363.1,M1,7365.1,OB
2018-07-19 19:41:00,BEARISH,D1-20180718-BEARISH,7362.3,M1,7363.8,OB
2018-07-19 19:46:00,BEARISH,D1-20180718-BEARISH,7354.1,M1,7357.1,OB
2018-07-19 20:51:00,BEARISH,D1-20180718-BEARISH,7369.1,M1,7370.6,OB
2018-07-19 21:12:00,BEARISH,D1-20180718-BEARISH,7370.9,M1,7373.0,OB
2018-07-19 21:38:00,BEARISH,D1-20180718-BEARISH,7362.5,M1,7364.4,OB
2018-07-19 21:52:00,BEARISH,D1-20180718-BEARISH,7356.6,M1,7358.1,OB
2018-07-19 22:14:00,BEARISH,D1-20180718-BEARISH,7350.6,M1,7352.5,OB
2018-08-09 22:30:00,BEARISH,D1-20180808-BEARISH,7487.3,M15,7492.8,OB
2018-08-09 13:55:00,BEARISH,D1-20180808-BEARISH,7469.0,M5,7470.4,OB
2018-08-09 14:40:00,BEARISH,D1-20180808-BEARISH,7465.9,M5,7469.0,OB
2018-08-09 16:35:00,BEARISH,D1-20180808-BEARISH,7467.5,M5,7468.8,OB
2018-08-09 18:50:00,BEARISH,D1-20180808-BEARISH,7482.6,M5,7487.4,OB
2018-08-09 22:15:00,BEARISH,D1-20180808-BEARISH,7486.3,M5,7488.4,OB
2018-08-09 22:35:00,BEARISH,D1-20180808-BEARISH,7479.3,M5,7483.8,OB
2018-08-09 22:50:00,BEARISH,D1-20180808-BEARISH,7473.8,M5,7478.7,OB
2018-08-09 23:55:00,BEARISH,D1-20180808-BEARISH,7465.3,M5,7465.9,OB
2018-08-09 13:53:00,BEARISH,D1-20180808-BEARISH,7469.6,M1,7470.4,OB
2018-08-09 14:37:00,BEARISH,D1-20180808-BEARISH,7465.0,M1,7465.4,OB
2018-08-09 15:37:00,BEARISH,D1-20180808-BEARISH,7466.3,M1,7467.4,OB
2018-08-09 16:35:00,BEARISH,D1-20180808-BEARISH,7471.1,M1,7475.5,OB
2018-08-09 20:08:00,BEARISH,D1-20180808-BEARISH,7484.8,M1,7485.9,OB
2018-08-09 21:16:00,BEARISH,D1-20180808-BEARISH,7494.6,M1,7495.9,OB
2018-08-09 21:57:00,BEARISH,D1-20180808-BEARISH,7490.5,M1,7491.5,OB
2018-08-09 22:09:00,BEARISH,D1-20180808-BEARISH,7487.8,M1,7488.5,OB
2018-08-09 22:14:00,BEARISH,D1-20180808-BEARISH,7483.5,M1,7485.5,OB
2018-08-09 22:30:00,BEARISH,D1-20180808-BEARISH,7479.6,M1,7481.3,OB
2018-08-09 22:34:00,BEARISH,D1-20180808-BEARISH,7477.5,M1,7479.8,OB
2018-08-09 22:49:00,BEARISH,D1-20180808-BEARISH,7473.3,M1,7474.5,OB
2018-08-09 23:16:00,BEARISH,D1-20180808-BEARISH,7465.5,M1,7467.3,OB
2018-08-09 23:52:00,BEARISH,D1-20180808-BEARISH,7462.7,M1,7463.6,OB
2018-08-09 23:56:00,BEARISH,D1-20180808-BEARISH,7459.0,M1,7460.9,OB
2018-08-24 20:15:00,BEARISH,D1-20180823-BEARISH,7480.3,M5,7483.9,OB
2018-08-24 12:11:00,BEARISH,D1-20180823-BEARISH,7430.8,M1,7431.4,OB
2018-08-24 13:40:00,BEARISH,D1-20180823-BEARISH,7437.0,M1,7438.0,OB
2018-08-24 14:48:00,BEARISH,D1-20180823-BEARISH,7435.8,M1,7436.5,OB
2018-08-24 15:54:00,BEARISH,D1-20180823-BEARISH,7436.9,M1,7437.8,OB
2018-08-24 18:01:00,BEARISH,D1-20180823-BEARISH,7479.5,M1,7481.3,OB
2018-08-24 18:23:00,BEARISH,D1-20180823-BEARISH,7481.5,M1,7483.3,OB
2018-08-24 20:02:00,BEARISH,D1-20180823-BEARISH,7482.3,M1,7483.9,OB
2018-08-24 20:13:00,BEARISH,D1-20180823-BEARISH,7478.5,M1,7479.5,OB
2018-08-24 21:26:00,BEARISH,D1-20180823-BEARISH,7480.6,M1,7481.9,OB
2018-08-24 22:09:00,BEARISH,D1-20180823-BEARISH,7481.3,M1,7482.3,OB
2018-09-17 01:30:00,BEARISH,D1-20180914-BEARISH,7539.9,M15,7544.2,OB
2018-09-17 16:45:00,BEARISH,D1-20180914-BEARISH,7526.6,M15,7532.2,OB
2018-09-17 17:15:00,BEARISH,D1-20180914-BEARISH,7491.2,M15,7507.7,OB
2018-09-17 01:35:00,BEARISH,D1-20180914-BEARISH,7531.3,M5,7533.7,OB
2018-09-17 08:05:00,BEARISH,D1-20180914-BEARISH,7532.5,M5,7533.1,OB
2018-09-17 14:35:00,BEARISH,D1-20180914-BEARISH,7532.3,M5,7534.2,OB
2018-09-17 16:40:00,BEARISH,D1-20180914-BEARISH,7529.3,M5,7532.2,OB
2018-09-17 17:10:00,BEARISH,D1-20180914-BEARISH,7491.2,M5,7504.2,OB
2018-09-17 01:01:00,BEARISH,D1-20180914-BEARISH,7539.8,M1,7540.6,OB
2018-09-17 01:25:00,BEARISH,D1-20180914-BEARISH,7532.8,M1,7533.0,OB
2018-09-17 01:29:00,BEARISH,D1-20180914-BEARISH,7527.8,M1,7528.9,OB
2018-09-17 01:33:00,BEARISH,D1-20180914-BEARISH,7526.8,M1,7527.8,OB
2018-09-17 01:39:00,BEARISH,D1-20180914-BEARISH,7525.8,M1,7526.6,OB
2018-09-17 02:53:00,BEARISH,D1-20180914-BEARISH,7532.4,M1,7532.9,OB
2018-09-17 02:57:00,BEARISH,D1-20180914-BEARISH,7529.9,M1,7530.9,OB
2018-09-17 03:22:00,BEARISH,D1-20180914-BEARISH,7527.6,M1,7528.1,OB
2018-09-17 04:53:00,BEARISH,D1-20180914-BEARISH,7532.7,M1,7535.3,OB
2018-09-17 04:59:00,BEARISH,D1-20180914-BEARISH,7531.6,M1,7533.8,OB
2018-09-17 06:24:00,BEARISH,D1-20180914-BEARISH,7532.4,M1,7533.3,OB
2018-09-17 07:16:00,BEARISH,D1-20180914-BEARISH,7534.1,M1,7534.2,OB
2018-09-17 07:20:00,BEARISH,D1-20180914-BEARISH,7533.3,M1,7533.7,OB
2018-09-17 07:58:00,BEARISH,D1-20180914-BEARISH,7531.3,M1,7531.6,OB
2018-09-17 08:01:00,BEARISH,D1-20180914-BEARISH,7530.3,M1,7530.6,OB
2018-09-17 08:34:00,BEARISH,D1-20180914-BEARISH,7528.7,M1,7528.9,OB
2018-09-17 09:14:00,BEARISH,D1-20180914-BEARISH,7530.3,M1,7531.1,OB
2018-09-17 09:20:00,BEARISH,D1-20180914-BEARISH,7528.1,M1,7529.1,OB
2018-09-17 09:32:00,BEARISH,D1-20180914-BEARISH,7528.7,M1,7530.1,OB
2018-09-17 10:02:00,BEARISH,D1-20180914-BEARISH,7526.6,M1,7528.1,OB
2018-09-17 12:20:00,BEARISH,D1-20180914-BEARISH,7539.5,M1,7540.2,OB
2018-09-17 13:18:00,BEARISH,D1-20180914-BEARISH,7531.3,M1,7532.3,OB
2018-09-17 13:23:00,BEARISH,D1-20180914-BEARISH,7529.7,M1,7530.1,OB
2018-09-17 14:32:00,BEARISH,D1-20180914-BEARISH,7532.3,M1,7533.7,OB
2018-09-17 15:18:00,BEARISH,D1-20180914-BEARISH,7529.1,M1,7529.8,OB
2018-09-17 15:27:00,BEARISH,D1-20180914-BEARISH,7528.7,M1,7529.1,OB
2018-09-17 16:31:00,BEARISH,D1-20180914-BEARISH,7530.1,M1,7532.0,OB
2018-09-17 16:36:00,BEARISH,D1-20180914-BEARISH,7526.6,M1,7538.2,OB
2018-09-17 17:02:00,BEARISH,D1-20180914-BEARISH,7501.0,M1,7503.5,OB
2018-09-17 17:08:00,BEARISH,D1-20180914-BEARISH,7484.6,M1,7490.6,OB
2018-09-17 17:50:00,BEARISH,D1-20180914-BEARISH,7472.8,M1,7478.5,OB
2018-09-17 18:21:00,BEARISH,D1-20180914-BEARISH,7476.8,M1,7479.0,OB
2018-09-17 19:33:00,BEARISH,D1-20180914-BEARISH,7488.9,M1,7491.2,OB
2018-09-17 20:15:00,BEARISH,D1-20180914-BEARISH,7482.3,M1,7483.3,OB
2018-09-17 20:29:00,BEARISH,D1-20180914-BEARISH,7477.1,M1,7478.5,OB
2018-09-17 20:31:00,BEARISH,D1-20180914-BEARISH,7473.0,M1,7475.3,OB
2018-09-17 21:28:00,BEARISH,D1-20180914-BEARISH,7482.3,M1,7485.0,OB
2018-09-17 21:47:00,BEARISH,D1-20180914-BEARISH,7479.1,M1,7480.0,OB
2018-09-17 21:58:00,BEARISH,D1-20180914-BEARISH,7476.1,M1,7478.0,OB
2018-09-17 22:07:00,BEARISH,D1-20180914-BEARISH,7467.0,M1,7469.1,OB
2018-09-17 22:19:00,BEARISH,D1-20180914-BEARISH,7458.3,M1,7462.5,OB
2018-09-17 23:57:00,BEARISH,D1-20180914-BEARISH,7437.0,M1,7437.6,OB
2019-02-20 12:00:00,BEARISH,D1-20190219-BEARISH,7056.9,M15,7064.6,OB
2019-02-20 19:30:00,BEARISH,D1-20190219-BEARISH,7079.9,M15,7088.6,OB
2019-02-20 05:40:00,BEARISH,D1-20190219-BEARISH,7064.9,M5,7066.1,OB
2019-02-20 11:35:00,BEARISH,D1-20190219-BEARISH,7057.8,M5,7061.1,OB
2019-02-20 19:30:00,BEARISH,D1-20190219-BEARISH,7066.3,M5,7070.1,OB
2019-02-20 21:20:00,BEARISH,D1-20190219-BEARISH,7051.9,M5,7080.1,OB
2019-02-20 01:01:00,BEARISH,D1-20190219-BEARISH,7060.8,M1,7061.3,OB
2019-02-20 01:52:00,BEARISH,D1-20190219-BEARISH,7060.9,M1,7061.4,OB
2019-02-20 02:18:00,BEARISH,D1-20190219-BEARISH,7062.3,M1,7063.4,OB
2019-02-20 02:22:00,BEARISH,D1-20190219-BEARISH,7060.9,M1,7061.9,OB
2019-02-20 02:31:00,BEARISH,D1-20190219-BEARISH,7059.1,M1,7059.9,OB
2019-02-20 05:05:00,BEARISH,D1-20190219-BEARISH,7067.9,M1,7068.6,OB
2019-02-20 05:30:00,BEARISH,D1-20190219-BEARISH,7065.4,M1,7066.4,OB
2019-02-20 05:39:00,BEARISH,D1-20190219-BEARISH,7062.6,M1,7063.1,OB
2019-02-20 06:17:00,BEARISH,D1-20190219-BEARISH,7055.6,M1,7056.6,OB
2019-02-20 08:43:00,BEARISH,D1-20190219-BEARISH,7065.4,M1,7066.0,OB
2019-02-20 08:49:00,BEARISH,D1-20190219-BEARISH,7063.4,M1,7064.1,OB
2019-02-20 09:59:00,BEARISH,D1-20190219-BEARISH,7059.6,M1,7060.6,OB
2019-02-20 10:59:00,BEARISH,D1-20190219-BEARISH,7060.3,M1,7061.6,OB
2019-02-20 11:19:00,BEARISH,D1-20190219-BEARISH,7061.6,M1,7063.4,OB
2019-02-20 11:31:00,BEARISH,D1-20190219-BEARISH,7059.1,M1,7060.6,OB
2019-02-20 11:46:00,BEARISH,D1-20190219-BEARISH,7052.8,M1,7054.3,OB
2019-02-20 12:00:00,BEARISH,D1-20190219-BEARISH,7053.3,M1,7054.4,OB
2019-02-20 13:26:00,BEARISH,D1-20190219-BEARISH,7055.8,M1,7056.4,OB
2019-02-20 15:05:00,BEARISH,D1-20190219-BEARISH,7061.1,M1,7062.4,OB
2019-02-20 15:11:00,BEARISH,D1-20190219-BEARISH,7057.8,M1,7058.6,OB
2019-02-20 17:14:00,BEARISH,D1-20190219-BEARISH,7079.3,M1,7080.9,OB
2019-02-20 18:04:00,BEARISH,D1-20190219-BEARISH,7085.1,M1,7086.6,OB
2019-02-20 18:24:00,BEARISH,D1-20190219-BEARISH,7083.3,M1,7084.9,OB
2019-02-20 18:59:00,BEARISH,D1-20190219-BEARISH,7084.0,M1,7085.1,OB
2019-02-20 19:06:00,BEARISH,D1-20190219-BEARISH,7080.9,M1,7082.4,OB
2019-02-20 19:23:00,BEARISH,D1-20190219-BEARISH,7066.3,M1,7069.1,OB
2019-02-20 19:27:00,BEARISH,D1-20190219-BEARISH,7059.4,M1,7061.1,OB
2019-02-20 19:50:00,BEARISH,D1-20190219-BEARISH,7046.6,M1,7048.3,OB
2019-02-20 19:55:00,BEARISH,D1-20190219-BEARISH,7040.1,M1,7041.8,OB
2019-02-20 21:02:00,BEARISH,D1-20190219-BEARISH,7063.3,M1,7067.3,OB
2019-02-20 21:20:00,BEARISH,D1-20190219-BEARISH,7048.1,M1,7052.6,OB
2019-02-20 22:56:00,BEARISH,D1-20190219-BEARISH,7055.4,M1,7059.4,OB
2019-02-20 23:58:00,BEARISH,D1-20190219-BEARISH,7063.4,M1,7064.2,OB
2019-04-12 16:35:00,BEARISH,D1-20190411-BEARISH,7625.5,M5,7628.8,OB
2019-04-12 17:45:00,BEARISH,D1-20190411-BEARISH,7622.3,M5,7627.5,OB
2019-04-12 08:35:00,BEARISH,D1-20190411-BEARISH,7599.3,M1,7599.6,OB
2019-04-12 09:59:00,BEARISH,D1-20190411-BEARISH,7597.3,M1,7598.0,OB
2019-04-12 13:00:00,BEARISH,D1-20190411-BEARISH,7623.8,M1,7624.3,OB
2019-04-12 13:34:00,BEARISH,D1-20190411-BEARISH,7626.3,M1,7627.6,OB
2019-04-12 13:46:00,BEARISH,D1-20190411-BEARISH,7624.8,M1,7626.2,OB
2019-04-12 14:31:00,BEARISH,D1-20190411-BEARISH,7630.3,M1,7631.1,OB
2019-04-12 14:54:00,BEARISH,D1-20190411-BEARISH,7627.8,M1,7628.8,OB
2019-04-12 15:27:00,BEARISH,D1-20190411-BEARISH,7639.3,M1,7641.0,OB
2019-04-12 15:39:00,BEARISH,D1-20190411-BEARISH,7633.3,M1,7634.3,OB
2019-04-12 15:54:00,BEARISH,D1-20190411-BEARISH,7631.8,M1,7633.6,OB
2019-04-12 16:06:00,BEARISH,D1-20190411-BEARISH,7631.0,M1,7632.1,OB
2019-04-12 16:29:00,BEARISH,D1-20190411-BEARISH,7628.3,M1,7628.8,OB
2019-04-12 16:31:00,BEARISH,D1-20190411-BEARISH,7624.5,M1,7627.3,OB
2019-04-12 16:48:00,BEARISH,D1-20190411-BEARISH,7620.5,M1,7623.6,OB
2019-04-12 18:18:00,BEARISH,D1-20190411-BEARISH,7602.8,M1,7604.0,OB
2019-04-12 18:46:00,BEARISH,D1-20190411-BEARISH,7610.1,M1,7612.0,OB
2019-04-12 20:35:00,BEARISH,D1-20190411-BEARISH,7617.3,M1,7617.8,OB
2019-04-12 20:42:00,BEARISH,D1-20190411-BEARISH,7614.3,M1,7615.3,OB
2019-04-12 21:34:00,BEARISH,D1-20190411-BEARISH,7623.3,M1,7624.5,OB
2019-04-12 22:21:00,BEARISH,D1-20190411-BEARISH,7621.5,M1,7622.5,OB
2019-04-12 22:52:00,BEARISH,D1-20190411-BEARISH,7624.3,M1,7625.6,OB
2019-07-12 17:45:00,BEARISH,D1-20190711-BEARISH,7911.3,M15,7927.0,OB
2019-07-12 09:35:00,BEARISH,D1-20190711-BEARISH,7912.6,M5,7913.9,OB
2019-07-12 13:50:00,BEARISH,D1-20190711-BEARISH,7919.8,M5,7923.0,OB
2019-07-12 15:35:00,BEARISH,D1-20190711-BEARISH,7915.0,M5,7919.6,OB
2019-07-12 22:15:00,BEARISH,D1-20190711-BEARISH,7931.6,M5,7934.0,OB
2019-07-12 08:48:00,BEARISH,D1-20190711-BEARISH,7913.0,M1,7914.1,OB
2019-07-12 09:32:00,BEARISH,D1-20190711-BEARISH,7912.3,M1,7912.9,OB
2019-07-12 09:34:00,BEARISH,D1-20190711-BEARISH,7909.9,M1,7912.1,OB
2019-07-12 10:17:00,BEARISH,D1-20190711-BEARISH,7905.1,M1,7906.1,OB
2019-07-12 10:49:00,BEARISH,D1-20190711-BEARISH,7908.3,M1,7910.4,OB
2019-07-12 13:49:00,BEARISH,D1-20190711-BEARISH,7923.3,M1,7924.0,OB
2019-07-12 15:03:00,BEARISH,D1-20190711-BEARISH,7913.6,M1,7914.6,OB
2019-07-12 15:33:00,BEARISH,D1-20190711-BEARISH,7915.1,M1,7916.6,OB
2019-07-12 16:29:00,BEARISH,D1-20190711-BEARISH,7908.9,M1,7910.0,OB
2019-07-12 17:12:00,BEARISH,D1-20190711-BEARISH,7921.0,M1,7924.5,OB
2019-07-12 17:39:00,BEARISH,D1-20190711-BEARISH,7908.2,M1,7910.9,OB
2019-07-12 17:45:00,BEARISH,D1-20190711-BEARISH,7904.6,M1,7906.1,OB
2019-07-12 20:07:00,BEARISH,D1-20190711-BEARISH,7933.0,M1,7934.0,OB
2019-07-12 22:14:00,BEARISH,D1-20190711-BEARISH,7929.1,M1,7929.8,OB
2019-07-12 23:09:00,BEARISH,D1-20190711-BEARISH,7939.1,M1,7940.3,OB
2019-08-16 04:00:00,BULLISH,D1-20190815-BULLISH,7503.5,M15,7508.1,OB
2019-08-16 08:45:00,BULLISH,D1-20190815-BULLISH,7530.1,M15,7536.2,OB
2019-08-16 11:45:00,BULLISH,D1-20190815-BULLISH,7557.6,M15,7566.3,OB
2019-08-16 03:50:00,BULLISH,D1-20190815-BULLISH,7503.5,M5,7507.3,OB
2019-08-16 06:25:00,BULLISH,D1-20190815-BULLISH,7536.0,M5,7538.2,OB
2019-08-16 08:35:00,BULLISH,D1-20190815-BULLISH,7538.5,M5,7542.7,OB
2019-08-16 08:55:00,BULLISH,D1-20190815-BULLISH,7545.3,M5,7548.9,OB
2019-08-16 10:35:00,BULLISH,D1-20190815-BULLISH,7541.5,M5,7547.1,OB
2019-08-16 11:35:00,BULLISH,D1-20190815-BULLISH,7561.3,M5,7566.3,OB
2019-08-16 17:25:00,BULLISH,D1-20190815-BULLISH,7559.1,M5,7569.1,OB
2019-08-16 01:22:00,BULLISH,D1-20190815-BULLISH,7501.1,M1,7503.1,OB
2019-08-16 01:56:00,BULLISH,D1-20190815-BULLISH,7509.9,M1,7510.7,OB
2019-08-16 02:35:00,BULLISH,D1-20190815-BULLISH,7512.1,M1,7512.9,OB
2019-08-16 03:46:00,BULLISH,D1-20190815-BULLISH,7503.5,M1,7505.2,OB
2019-08-16 04:10:00,BULLISH,D1-20190815-BULLISH,7526.4,M1,7528.2,OB
2019-08-16 04:19:00,BULLISH,D1-20190815-BULLISH,7528.4,M1,7530.4,OB
2019-08-16 05:06:00,BULLISH,D1-20190815-BULLISH,7530.1,M1,7531.4,OB
2019-08-16 05:13:00,BULLISH,D1-20190815-BULLISH,7534.1,M1,7535.9,OB
2019-08-16 06:21:00,BULLISH,D1-20190815-BULLISH,7537.0,M1,7537.9,OB
2019-08-16 06:24:00,BULLISH,D1-20190815-BULLISH,7539.1,M1,7541.7,OB
2019-08-16 06:49:00,BULLISH,D1-20190815-BULLISH,7541.6,M1,7543.1,OB
2019-08-16 08:10:00,BULLISH,D1-20190815-BULLISH,7532.5,M1,7534.7,OB
2019-08-16 08:33:00,BULLISH,D1-20190815-BULLISH,7542.0,M1,7542.9,OB
2019-08-16 08:48:00,BULLISH,D1-20190815-BULLISH,7548.6,M1,7549.2,OB
2019-08-16 08:52:00,BULLISH,D1-20190815-BULLISH,7550.0,M1,7552.2,OB
2019-08-16 09:18:00,BULLISH,D1-20190815-BULLISH,7542.6,M1,7546.4,OB
2019-08-16 10:13:00,BULLISH,D1-20190815-BULLISH,7536.0,M1,7540.2,OB
2019-08-16 10:24:00,BULLISH,D1-20190815-BULLISH,7544.0,M1,7546.2,OB
2019-08-16 10:29:00,BULLISH,D1-20190815-BULLISH,7547.3,M1,7549.6,OB
2019-08-16 10:33:00,BULLISH,D1-20190815-BULLISH,7552.0,M1,7553.9,OB
2019-08-16 11:05:00,BULLISH,D1-20190815-BULLISH,7551.3,M1,7554.6,OB
2019-08-16 11:35:00,BULLISH,D1-20190815-BULLISH,7564.9,M1,7566.0,OB
2019-08-16 11:57:00,BULLISH,D1-20190815-BULLISH,7579.4,M1,7581.7,OB
2019-08-16 12:08:00,BULLISH,D1-20190815-BULLISH,7584.3,M1,7586.6,OB
2019-08-16 13:20:00,BULLISH,D1-20190815-BULLISH,7578.3,M1,7582.0,OB
2019-08-16 13:43:00,BULLISH,D1-20190815-BULLISH,7578.6,M1,7579.8,OB
2019-08-16 13:51:00,BULLISH,D1-20190815-BULLISH,7582.6,M1,7584.2,OB
2019-08-16 15:21:00,BULLISH,D1-20190815-BULLISH,7568.1,M1,7571.4,OB
2019-08-16 15:53:00,BULLISH,D1-20190815-BULLISH,7560.4,M1,7564.2,OB
2019-08-16 16:29:00,BULLISH,D1-20190815-BULLISH,7538.1,M1,7544.1,OB
2019-08-16 17:21:00,BULLISH,D1-20190815-BULLISH,7559.6,M1,7566.1,OB
2019-08-16 17:43:00,BULLISH,D1-20190815-BULLISH,7583.6,M1,7588.4,OB
2019-08-16 17:48:00,BULLISH,D1-20190815-BULLISH,7594.1,M1,7597.9,OB
2019-08-16 17:56:00,BULLISH,D1-20190815-BULLISH,7602.2,M1,7603.9,OB
2019-08-16 19:45:00,BULLISH,D1-20190815-BULLISH,7599.0,M1,7601.4,OB
2019-08-16 21:49:00,BULLISH,D1-20190815-BULLISH,7597.4,M1,7599.2,OB
2019-08-16 22:42:00,BULLISH,D1-20190815-BULLISH,7600.6,M1,7602.2,OB
2019-08-16 22:54:00,BULLISH,D1-20190815-BULLISH,7601.4,M1,7606.0,OB
2019-09-09 17:00:00,BEARISH,D1-20190906-BEARISH,7876.4,M15,7885.3,OB
2019-09-09 19:15:00,BEARISH,D1-20190906-BEARISH,7864.6,M15,7872.4,OB
2019-09-09 02:05:00,BEARISH,D1-20190906-BEARISH,7867.8,M5,7868.7,OB
2019-09-09 03:05:00,BEARISH,D1-20190906-BEARISH,7865.6,M5,7868.0,OB
2019-09-09 04:50:00,BEARISH,D1-20190906-BEARISH,7880.3,M5,7884.7,OB
2019-09-09 08:50:00,BEARISH,D1-20190906-BEARISH,7875.5,M5,7877.4,OB
2019-09-09 16:35:00,BEARISH,D1-20190906-BEARISH,7877.9,M5,7880.4,OB
2019-09-09 17:00:00,BEARISH,D1-20190906-BEARISH,7861.3,M5,7874.1,OB
2019-09-09 19:10:00,BEARISH,D1-20190906-BEARISH,7859.8,M5,7864.1,OB
2019-09-09 19:35:00,BEARISH,D1-20190906-BEARISH,7833.6,M5,7837.0,OB
2019-09-09 01:28:00,BEARISH,D1-20190906-BEARISH,7870.9,M1,7871.9,OB
2019-09-09 02:09:00,BEARISH,D1-20190906-BEARISH,7864.8,M1,7865.8,OB
2019-09-09 02:29:00,BEARISH,D1-20190906-BEARISH,7866.1,M1,7866.9,OB
2019-09-09 02:33:00,BEARISH,D1-20190906-BEARISH,7864.8,M1,7865.9,OB
2019-09-09 03:02:00,BEARISH,D1-20190906-BEARISH,7863.6,M1,7866.2,OB
2019-09-09 04:47:00,BEARISH,D1-20190906-BEARISH,7881.6,M1,7884.1,OB
2019-09-09 07:31:00,BEARISH,D1-20190906-BEARISH,7873.8,M1,7874.2,OB
2019-09-09 08:48:00,BEARISH,D1-20190906-BEARISH,7873.9,M1,7874.9,OB
2019-09-09 09:12:00,BEARISH,D1-20190906-BEARISH,7870.1,M1,7870.9,OB
2019-09-09 10:52:00,BEARISH,D1-20190906-BEARISH,7873.1,M1,7873.6,OB
2019-09-09 11:16:00,BEARISH,D1-20190906-BEARISH,7868.6,M1,7869.3,OB
2019-09-09 13:31:00,BEARISH,D1-20190906-BEARISH,7879.3,M1,7879.7,OB
2019-09-09 14:06:00,BEARISH,D1-20190906-BEARISH,7873.8,M1,7874.5,OB
2019-09-09 14:46:00,BEARISH,D1-20190906-BEARISH,7871.8,M1,7874.1,OB
2019-09-09 16:20:00,BEARISH,D1-20190906-BEARISH,7881.6,M1,7883.1,OB
2019-09-09 16:32:00,BEARISH,D1-20190906-BEARISH,7878.4,M1,7879.9,OB
2019-09-09 16:57:00,BEARISH,D1-20190906-BEARISH,7860.8,M1,7863.3,OB
2019-09-09 17:22:00,BEARISH,D1-20190906-BEARISH,7856.4,M1,7858.1,OB
2019-09-09 18:43:00,BEARISH,D1-20190906-BEARISH,7866.6,M1,7869.1,OB
2019-09-09 19:03:00,BEARISH,D1-20190906-BEARISH,7861.6,M1,7863.1,OB
2019-09-09 19:08:00,BEARISH,D1-20190906-BEARISH,7857.4,M1,7859.1,OB
2019-09-09 19:27:00,BEARISH,D1-20190906-BEARISH,7833.6,M1,7835.6,OB
2019-09-09 19:36:00,BEARISH,D1-20190906-BEARISH,7818.3,M1,7823.9,OB
2019-09-09 20:22:00,BEARISH,D1-20190906-BEARISH,7826.9,M1,7829.4,OB
2019-09-09 22:31:00,BEARISH,D1-20190906-BEARISH,7824.4,M1,7826.1,OB
2019-11-20 03:30:00,BEARISH,D1-20191119-BEARISH,8318.4,M15,8322.1,OB
2019-11-20 20:00:00,BEARISH,D1-20191119-BEARISH,8313.9,M15,8323.2,OB
2019-11-20 01:05:00,BEARISH,D1-20191119-BEARISH,8333.8,M5,8335.3,OB
2019-11-20 03:25:00,BEARISH,D1-20191119-BEARISH,8314.4,M5,8317.4,OB
2019-11-20 11:05:00,BEARISH,D1-20191119-BEARISH,8295.1,M5,8298.9,OB
2019-11-20 12:15:00,BEARISH,D1-20191119-BEARISH,8300.7,M5,8303.1,OB
2019-11-20 13:10:00,BEARISH,D1-20191119-BEARISH,8296.2,M5,8298.4,OB
2019-11-20 15:50:00,BEARISH,D1-20191119-BEARISH,8305.4,M5,8309.4,OB
2019-11-20 18:35:00,BEARISH,D1-20191119-BEARISH,8326.7,M5,8331.4,OB
2019-11-20 19:55:00,BEARISH,D1-20191119-BEARISH,8316.7,M5,8322.4,OB
2019-11-20 01:01:00,BEARISH,D1-20191119-BEARISH,8334.3,M1,8334.8,OB
2019-11-20 01:25:00,BEARISH,D1-20191119-BEARISH,8318.6,M1,8318.8,OB
2019-11-20 02:59:00,BEARISH,D1-20191119-BEARISH,8321.3,M1,8321.6,OB
2019-11-20 03:04:00,BEARISH,D1-20191119-BEARISH,8319.4,M1,8320.3,OB
2019-11-20 03:11:00,BEARISH,D1-20191119-BEARISH,8316.1,M1,8316.9,OB
2019-11-20 03:30:00,BEARISH,D1-20191119-BEARISH,8303.5,M1,8305.9,OB
2019-11-20 03:53:00,BEARISH,D1-20191119-BEARISH,8302.0,M1,8303.4,OB
2019-11-20 04:04:00,BEARISH,D1-20191119-BEARISH,8298.1,M1,8299.4,OB
2019-11-20 05:59:00,BEARISH,D1-20191119-BEARISH,8305.3,M1,8305.8,OB
2019-11-20 06:19:00,BEARISH,D1-20191119-BEARISH,8305.9,M1,8306.5,OB
2019-11-20 07:27:00,BEARISH,D1-20191119-BEARISH,8312.1,M1,8312.5,OB
2019-11-20 09:41:00,BEARISH,D1-20191119-BEARISH,8318.9,M1,8319.4,OB
2019-11-20 10:01:00,BEARISH,D1-20191119-BEARISH,8307.8,M1,8310.1,OB
2019-11-20 10:12:00,BEARISH,D1-20191119-BEARISH,8299.8,M1,8303.1,OB
2019-11-20 10:54:00,BEARISH,D1-20191119-BEARISH,8296.5,M1,8299.1,OB
2019-11-20 12:08:00,BEARISH,D1-20191119-BEARISH,8301.2,M1,8302.0,OB
2019-11-20 12:13:00,BEARISH,D1-20191119-BEARISH,8297.2,M1,8298.6,OB
2019-11-20 13:09:00,BEARISH,D1-20191119-BEARISH,8296.7,M1,8297.4,OB
2019-11-20 13:24:00,BEARISH,D1-20191119-BEARISH,8289.2,M1,8291.7,OB
2019-11-20 14:44:00,BEARISH,D1-20191119-BEARISH,8307.7,M1,8309.4,OB
2019-11-20 15:03:00,BEARISH,D1-20191119-BEARISH,8303.7,M1,8304.7,OB
2019-11-20 16:44:00,BEARISH,D1-20191119-BEARISH,8318.9,M1,8324.2,OB
2019-11-20 17:25:00,BEARISH,D1-20191119-BEARISH,8320.2,M1,8323.2,OB
2019-11-20 18:08:00,BEARISH,D1-20191119-BEARISH,8335.7,M1,8339.4,OB
2019-11-20 18:11:00,BEARISH,D1-20191119-BEARISH,8330.2,M1,8332.7,OB
2019-11-20 18:30:00,BEARISH,D1-20191119-BEARISH,8329.2,M1,8330.4,OB
2019-11-20 18:47:00,BEARISH,D1-20191119-BEARISH,8319.7,M1,8321.9,OB
2019-11-20 19:04:00,BEARISH,D1-20191119-BEARISH,8314.2,M1,8316.4,OB
2019-11-20 19:52:00,BEARISH,D1-20191119-BEARISH,8317.2,M1,8319.4,OB
2019-11-20 19:57:00,BEARISH,D1-20191119-BEARISH,8306.2,M1,8309.2,OB
2019-11-20 20:11:00,BEARISH,D1-20191119-BEARISH,8252.9,M1,8258.7,OB
2019-11-20 21:48:00,BEARISH,D1-20191119-BEARISH,8273.2,M1,8277.7,OB
2019-11-20 22:29:00,BEARISH,D1-20191119-BEARISH,8267.2,M1,8268.7,OB
2019-11-25 04:40:00,BEARISH,D1-20191122-BEARISH,8308.5,M5,8310.0,OB
2019-11-25 06:25:00,BEARISH,D1-20191122-BEARISH,8305.5,M5,8306.6,OB
2019-11-25 09:25:00,BEARISH,D1-20191122-BEARISH,8304.1,M5,8305.6,OB
2019-11-25 14:20:00,BEARISH,D1-20191122-BEARISH,8303.6,M5,8306.1,OB
2019-11-25 01:38:00,BEARISH,D1-20191122-BEARISH,8297.1,M1,8297.9,OB
2019-11-25 03:33:00,BEARISH,D1-20191122-BEARISH,8308.8,M1,8309.6,OB
2019-11-25 05:57:00,BEARISH,D1-20191122-BEARISH,8304.6,M1,8304.9,OB
2019-11-25 06:17:00,BEARISH,D1-20191122-BEARISH,8305.6,M1,8306.0,OB
2019-11-25 06:23:00,BEARISH,D1-20191122-BEARISH,8303.8,M1,8304.1,OB
2019-11-25 07:14:00,BEARISH,D1-20191122-BEARISH,8301.6,M1,8301.9,OB
2019-11-25 08:41:00,BEARISH,D1-20191122-BEARISH,8305.6,M1,8305.9,OB
2019-11-25 09:17:00,BEARISH,D1-20191122-BEARISH,8304.6,M1,8305.4,OB
2019-11-25 09:25:00,BEARISH,D1-20191122-BEARISH,8302.8,M1,8303.4,OB
2019-11-25 09:56:00,BEARISH,D1-20191122-BEARISH,8303.6,M1,8304.4,OB
2019-11-25 10:25:00,BEARISH,D1-20191122-BEARISH,8305.4,M1,8306.3,OB
2019-11-25 11:43:00,BEARISH,D1-20191122-BEARISH,8305.4,M1,8305.9,OB
2019-11-25 13:27:00,BEARISH,D1-20191122-BEARISH,8303.6,M1,8303.9,OB
2019-11-25 14:40:00,BEARISH,D1-20191122-BEARISH,8300.1,M1,8300.9,OB
2019-11-25 15:08:00,BEARISH,D1-20191122-BEARISH,8299.9,M1,8300.3,OB
2019-11-25 16:29:00,BEARISH,D1-20191122-BEARISH,8307.8,M1,8309.3,OB
2019-11-25 18:07:00,BEARISH,D1-20191122-BEARISH,8359.7,M1,8360.7,OB
2019-11-25 18:33:00,BEARISH,D1-20191122-BEARISH,8358.9,M1,8360.1,OB
2019-11-25 20:46:00,BEARISH,D1-20191122-BEARISH,8360.1,M1,8360.9,OB
2019-11-25 21:36:00,BEARISH,D1-20191122-BEARISH,8359.6,M1,8360.4,OB
2019-11-25 21:47:00,BEARISH,D1-20191122-BEARISH,8357.7,M1,8358.7,OB
2019-11-25 21:51:00,BEARISH,D1-20191122-BEARISH,8357.1,M1,8358.3,OB
2019-11-25 22:51:00,BEARISH,D1-20191122-BEARISH,8365.8,M1,8367.7,OB
2019-11-25 23:57:00,BEARISH,D1-20191122-BEARISH,8371.1,M1,8371.4,OB
2019-12-16 06:40:00,BEARISH,D1-20191213-BEARISH,8524.6,M5,8525.4,OB
2019-12-16 12:20:00,BEARISH,D1-20191213-BEARISH,8530.1,M5,8531.7,OB
2019-12-16 03:57:00,BEARISH,D1-20191213-BEARISH,8520.9,M1,8521.7,OB
2019-12-16 04:39:00,BEARISH,D1-20191213-BEARISH,8524.2,M1,8525.1,OB
2019-12-16 06:34:00,BEARISH,D1-20191213-BEARISH,8524.9,M1,8526.2,OB
2019-12-16 06:39:00,BEARISH,D1-20191213-BEARISH,8523.9,M1,8524.2,OB
2019-12-16 07:47:00,BEARISH,D1-20191213-BEARISH,8523.4,M1,8523.6,OB
2019-12-16 07:59:00,BEARISH,D1-20191213-BEARISH,8521.4,M1,8521.7,OB
2019-12-16 08:36:00,BEARISH,D1-20191213-BEARISH,8524.4,M1,8524.7,OB
2019-12-16 13:27:00,BEARISH,D1-20191213-BEARISH,8534.1,M1,8535.0,OB
2019-12-16 19:09:00,BEARISH,D1-20191213-BEARISH,8591.2,M1,8592.2,OB
2019-12-16 20:11:00,BEARISH,D1-20191213-BEARISH,8589.0,M1,8590.0,OB
2019-12-16 20:23:00,BEARISH,D1-20191213-BEARISH,8587.9,M1,8588.6,OB
2019-12-16 21:06:00,BEARISH,D1-20191213-BEARISH,8591.7,M1,8593.1,OB
2019-12-16 21:29:00,BEARISH,D1-20191213-BEARISH,8586.5,M1,8587.7,OB
2019-12-16 21:54:00,BEARISH,D1-20191213-BEARISH,8584.9,M1,8585.7,OB
2019-12-16 23:58:00,BEARISH,D1-20191213-BEARISH,8587.2,M1,8587.7,OB
2019-12-18 08:15:00,BEARISH,D1-20191217-BEARISH,8578.9,M15,8581.9,OB
2019-12-18 08:05:00,BEARISH,D1-20191217-BEARISH,8580.2,M5,8581.5,OB
2019-12-18 14:15:00,BEARISH,D1-20191217-BEARISH,8585.2,M5,8587.1,OB
2019-12-18 22:35:00,BEARISH,D1-20191217-BEARISH,8605.7,M5,8609.2,OB
2019-12-18 22:55:00,BEARISH,D1-20191217-BEARISH,8602.2,M5,8605.4,OB
2019-12-18 08:01:00,BEARISH,D1-20191217-BEARISH,8580.7,M1,8581.5,OB
2019-12-18 08:16:00,BEARISH,D1-20191217-BEARISH,8576.4,M1,8576.9,OB
2019-12-18 09:11:00,BEARISH,D1-20191217-BEARISH,8575.9,M1,8576.2,OB
2019-12-18 10:00:00,BEARISH,D1-20191217-BEARISH,8577.6,M1,8578.7,OB
2019-12-18 10:39:00,BEARISH,D1-20191217-BEARISH,8583.6,M1,8584.3,OB
2019-12-18 13:01:00,BEARISH,D1-20191217-BEARISH,8589.9,M1,8590.2,OB
2019-12-18 14:15:00,BEARISH,D1-20191217-BEARISH,8585.1,M1,8585.4,OB
2019-12-18 15:01:00,BEARISH,D1-20191217-BEARISH,8588.5,M1,8589.0,OB
2019-12-18 15:03:00,BEARISH,D1-20191217-BEARISH,8587.6,M1,8588.2,OB
2019-12-18 15:59:00,BEARISH,D1-20191217-BEARISH,8589.2,M1,8590.2,OB
2019-12-18 18:08:00,BEARISH,D1-20191217-BEARISH,8600.9,M1,8601.9,OB
2019-12-18 19:11:00,BEARISH,D1-20191217-BEARISH,8609.0,M1,8610.2,OB
2019-12-18 19:36:00,BEARISH,D1-20191217-BEARISH,8609.6,M1,8610.2,OB
2019-12-18 20:39:00,BEARISH,D1-20191217-BEARISH,8605.7,M1,8606.2,OB
2019-12-18 21:03:00,BEARISH,D1-20191217-BEARISH,8608.1,M1,8609.2,OB
2019-12-18 22:02:00,BEARISH,D1-20191217-BEARISH,8611.5,M1,8612.7,OB
2019-12-18 22:31:00,BEARISH,D1-20191217-BEARISH,8605.7,M1,8606.5,OB
2019-12-18 22:55:00,BEARISH,D1-20191217-BEARISH,8600.0,M1,8601.7,OB
2019-12-18 23:00:00,BEARISH,D1-20191217-BEARISH,8594.7,M1,8596.2,OB
2020-01-08 01:30:00,BEARISH,D1-20200107-BEARISH,8820.1,M15,8833.0,OB
2020-01-08 02:45:00,BEARISH,D1-20200107-BEARISH,8712.3,M15,8752.8,OB
2020-01-08 23:00:00,BEARISH,D1-20200107-BEARISH,8945.1,M15,8956.0,OB
2020-01-08 01:20:00,BEARISH,D1-20200107-BEARISH,8823.2,M5,8831.9,OB
2020-01-08 01:40:00,BEARISH,D1-20200107-BEARISH,8754.5,M5,8771.2,OB
2020-01-08 17:50:00,BEARISH,D1-20200107-BEARISH,8862.2,M5,8869.0,OB
2020-01-08 01:18:00,BEARISH,D1-20200107-BEARISH,8815.3,M1,8818.1,OB
2020-01-08 02:11:00,BEARISH,D1-20200107-BEARISH,8726.8,M1,8732.6,OB
2020-01-08 02:26:00,BEARISH,D1-20200107-BEARISH,8706.0,M1,8711.3,OB
2020-01-08 02:31:00,BEARISH,D1-20200107-BEARISH,8696.8,M1,8700.7,OB
2020-01-08 03:29:00,BEARISH,D1-20200107-BEARISH,8703.8,M1,8706.8,OB
2020-01-08 05:28:00,BEARISH,D1-20200107-BEARISH,8803.2,M1,8805.3,OB
2020-01-08 06:43:00,BEARISH,D1-20200107-BEARISH,8800.2,M1,8801.5,OB
2020-01-08 06:46:00,BEARISH,D1-20200107-BEARISH,8798.9,M1,8800.0,OB
2020-01-08 07:30:00,BEARISH,D1-20200107-BEARISH,8797.5,M1,8799.2,OB
2020-01-08 11:16:00,BEARISH,D1-20200107-BEARISH,8823.7,M1,8827.2,OB
2020-01-08 13:53:00,BEARISH,D1-20200107-BEARISH,8861.0,M1,8863.1,OB
2020-01-08 13:59:00,BEARISH,D1-20200107-BEARISH,8859.6,M1,8862.9,OB
2020-01-08 15:38:00,BEARISH,D1-20200107-BEARISH,8865.0,M1,8867.0,OB
2020-01-08 15:49:00,BEARISH,D1-20200107-BEARISH,8855.9,M1,8858.2,OB
2020-01-08 15:54:00,BEARISH,D1-20200107-BEARISH,8850.2,M1,8852.2,OB
2020-01-08 16:17:00,BEARISH,D1-20200107-BEARISH,8852.5,M1,8853.7,OB
2020-01-08 16:29:00,BEARISH,D1-20200107-BEARISH,8847.9,M1,8849.7,OB
2020-01-08 17:49:00,BEARISH,D1-20200107-BEARISH,8856.7,M1,8859.7,OB
2020-01-08 19:14:00,BEARISH,D1-20200107-BEARISH,8916.2,M1,8918.7,OB
2020-01-08 20:12:00,BEARISH,D1-20200107-BEARISH,8922.0,M1,8925.5,OB
2020-01-08 20:18:00,BEARISH,D1-20200107-BEARISH,8920.9,M1,8922.7,OB
2020-01-08 20:54:00,BEARISH,D1-20200107-BEARISH,8923.7,M1,8925.9,OB
2020-01-08 21:30:00,BEARISH,D1-20200107-BEARISH,8928.7,M1,8930.6,OB
2020-01-08 22:37:00,BEARISH,D1-20200107-BEARISH,8951.9,M1,8954.2,OB
2020-01-08 22:42:00,BEARISH,D1-20200107-BEARISH,8949.5,M1,8951.7,OB
2020-01-08 22:47:00,BEARISH,D1-20200107-BEARISH,8945.2,M1,8947.4,OB
2020-01-08 22:50:00,BEARISH,D1-20200107-BEARISH,8931.6,M1,8942.0,OB
2020-01-08 22:54:00,BEARISH,D1-20200107-BEARISH,8920.5,M1,8927.6,OB
2020-01-15 01:35:00,BEARISH,D1-20200114-BEARISH,9038.6,M5,9040.7,OB
2020-01-15 02:05:00,BEARISH,D1-20200114-BEARISH,9024.4,M5,9027.0,OB
2020-01-15 10:15:00,BEARISH,D1-20200114-BEARISH,9039.2,M5,9047.0,OB
2020-01-15 15:40:00,BEARISH,D1-20200114-BEARISH,9052.2,M5,9055.2,OB
2020-01-15 20:55:00,BEARISH,D1-20200114-BEARISH,9045.7,M5,9050.6,OB
2020-01-15 01:01:00,BEARISH,D1-20200114-BEARISH,9050.0,M1,9050.5,OB
2020-01-15 01:27:00,BEARISH,D1-20200114-BEARISH,9040.1,M1,9040.6,OB
2020-01-15 01:34:00,BEARISH,D1-20200114-BEARISH,9036.0,M1,9038.0,OB
2020-01-15 01:47:00,BEARISH,D1-20200114-BEARISH,9030.1,M1,9032.8,OB
2020-01-15 02:46:00,BEARISH,D1-20200114-BEARISH,9027.1,M1,9028.2,OB
2020-01-15 02:59:00,BEARISH,D1-20200114-BEARISH,9023.5,M1,9024.4,OB
2020-01-15 03:17:00,BEARISH,D1-20200114-BEARISH,9030.2,M1,9031.7,OB
2020-01-15 03:49:00,BEARISH,D1-20200114-BEARISH,9040.7,M1,9041.7,OB
2020-01-15 04:03:00,BEARISH,D1-20200114-BEARISH,9036.5,M1,9038.4,OB
2020-01-15 04:19:00,BEARISH,D1-20200114-BEARISH,9025.7,M1,9027.0,OB
2020-01-15 04:30:00,BEARISH,D1-20200114-BEARISH,9021.7,M1,9024.1,OB
2020-01-15 05:22:00,BEARISH,D1-20200114-BEARISH,9020.2,M1,9021.5,OB
2020-01-15 05:53:00,BEARISH,D1-20200114-BEARISH,9024.0,M1,9025.0,OB
2020-01-15 06:31:00,BEARISH,D1-20200114-BEARISH,9023.9,M1,9024.4,OB
2020-01-15 06:50:00,BEARISH,D1-20200114-BEARISH,9023.1,M1,9023.6,OB
2020-01-15 07:29:00,BEARISH,D1-20200114-BEARISH,9022.0,M1,9023.9,OB
2020-01-15 09:47:00,BEARISH,D1-20200114-BEARISH,9042.1,M1,9042.5,OB
2020-01-15 10:53:00,BEARISH,D1-20200114-BEARISH,9041.0,M1,9041.6,OB
2020-01-15 11:29:00,BEARISH,D1-20200114-BEARISH,9035.9,M1,9036.9,OB
2020-01-15 12:48:00,BEARISH,D1-20200114-BEARISH,9042.9,M1,9043.9,OB
2020-01-15 12:50:00,BEARISH,D1-20200114-BEARISH,9041.4,M1,9042.4,OB
2020-01-15 15:20:00,BEARISH,D1-20200114-BEARISH,9057.9,M1,9058.6,OB
2020-01-15 15:33:00,BEARISH,D1-20200114-BEARISH,9055.9,M1,9057.9,OB
2020-01-15 15:40:00,BEARISH,D1-20200114-BEARISH,9050.1,M1,9051.2,OB
2020-01-15 15:56:00,BEARISH,D1-20200114-BEARISH,9035.7,M1,9040.7,OB
2020-01-15 16:28:00,BEARISH,D1-20200114-BEARISH,9040.9,M1,9042.1,OB
2020-01-15 18:02:00,BEARISH,D1-20200114-BEARISH,9079.7,M1,9082.2,OB
2020-01-15 18:11:00,BEARISH,D1-20200114-BEARISH,9067.3,M1,9070.3,OB
2020-01-15 18:59:00,BEARISH,D1-20200114-BEARISH,9066.3,M1,9069.1,OB
2020-01-15 19:32:00,BEARISH,D1-20200114-BEARISH,9067.6,M1,9069.6,OB
2020-01-15 19:53:00,BEARISH,D1-20200114-BEARISH,9059.7,M1,9062.6,OB
2020-01-15 20:01:00,BEARISH,D1-20200114-BEARISH,9052.9,M1,9054.8,OB
2020-01-15 20:34:00,BEARISH,D1-20200114-BEARISH,9052.7,M1,9054.9,OB
2020-01-15 21:50:00,BEARISH,D1-20200114-BEARISH,9059.3,M1,9061.8,OB
2020-01-15 21:58:00,BEARISH,D1-20200114-BEARISH,9055.8,M1,9058.3,OB
2020-01-15 22:10:00,BEARISH,D1-20200114-BEARISH,9039.0,M1,9041.8,OB
2020-01-15 22:28:00,BEARISH,D1-20200114-BEARISH,9029.2,M1,9032.3,OB
2020-01-30 04:30:00,BEARISH,D1-20200129-BEARISH,9090.6,M15,9105.0,OB
2020-01-30 18:00:00,BEARISH,D1-20200129-BEARISH,9072.4,M15,9101.3,OB
2020-01-30 02:25:00,BEARISH,D1-20200129-BEARISH,9108.3,M5,9114.0,OB
2020-01-30 03:15:00,BEARISH,D1-20200129-BEARISH,9094.6,M5,9102.3,OB
2020-01-30 09:05:00,BEARISH,D1-20200129-BEARISH,9036.7,M5,9041.4,OB
2020-01-30 17:40:00,BEARISH,D1-20200129-BEARISH,9066.3,M5,9077.3,OB
2020-01-30 19:30:00,BEARISH,D1-20200129-BEARISH,9065.6,M5,9072.3,OB
2020-01-30 19:40:00,BEARISH,D1-20200129-BEARISH,9046.0,M5,9053.8,OB
2020-01-30 01:35:00,BEARISH,D1-20200129-BEARISH,9123.7,M1,9125.5,OB
2020-01-30 01:47:00,BEARISH,D1-20200129-BEARISH,9122.6,M1,9124.1,OB
2020-01-30 01:49:00,BEARISH,D1-20200129-BEARISH,9120.5,M1,9121.6,OB
2020-01-30 02:19:00,BEARISH,D1-20200129-BEARISH,9111.9,M1,9113.3,OB
2020-01-30 02:24:00,BEARISH,D1-20200129-BEARISH,9107.3,M1,9109.6,OB
2020-01-30 03:00:00,BEARISH,D1-20200129-BEARISH,9098.1,M1,9099.0,OB
2020-01-30 03:13:00,BEARISH,D1-20200129-BEARISH,9093.8,M1,9097.5,OB
2020-01-30 04:47:00,BEARISH,D1-20200129-BEARISH,9068.3,M1,9071.6,OB
2020-01-30 05:46:00,BEARISH,D1-20200129-BEARISH,9058.5,M1,9059.8,OB
2020-01-30 05:51:00,BEARISH,D1-20200129-BEARISH,9055.0,M1,9057.5,OB
2020-01-30 07:04:00,BEARISH,D1-20200129-BEARISH,9049.4,M1,9052.9,OB
2020-01-30 07:09:00,BEARISH,D1-20200129-BEARISH,9045.2,M1,9049.8,OB
2020-01-30 07:35:00,BEARISH,D1-20200129-BEARISH,9045.6,M1,9049.1,OB
2020-01-30 08:31:00,BEARISH,D1-20200129-BEARISH,9047.1,M1,9049.1,OB
2020-01-30 09:01:00,BEARISH,D1-20200129-BEARISH,9039.6,M1,9042.3,OB
2020-01-30 09:05:00,BEARISH,D1-20200129-BEARISH,9025.9,M1,9032.0,OB
2020-01-30 10:20:00,BEARISH,D1-20200129-BEARISH,9018.7,M1,9021.3,OB
2020-01-30 11:32:00,BEARISH,D1-20200129-BEARISH,9054.9,M1,9056.7,OB
2020-01-30 11:43:00,BEARISH,D1-20200129-BEARISH,9047.4,M1,9049.9,OB
2020-01-30 12:02:00,BEARISH,D1-20200129-BEARISH,9043.1,M1,9044.7,OB
2020-01-30 12:31:00,BEARISH,D1-20200129-BEARISH,9036.9,M1,9038.1,OB
2020-01-30 13:09:00,BEARISH,D1-20200129-BEARISH,9032.7,M1,9034.8,OB
2020-01-30 13:16:00,BEARISH,D1-20200129-BEARISH,9022.6,M1,9026.9,OB
2020-01-30 14:24:00,BEARISH,D1-20200129-BEARISH,9036.5,M1,9038.9,OB
2020-01-30 14:31:00,BEARISH,D1-20200129-BEARISH,9033.1,M1,9036.0,OB
2020-01-30 16:17:00,BEARISH,D1-20200129-BEARISH,9053.5,M1,9056.7,OB
2020-01-30 17:33:00,BEARISH,D1-20200129-BEARISH,9073.6,M1,9077.3,OB
2020-01-30 17:46:00,BEARISH,D1-20200129-BEARISH,9040.0,M1,9045.5,OB
2020-01-30 19:38:00,BEARISH,D1-20200129-BEARISH,9046.5,M1,9051.8,OB
2020-01-30 20:20:00,BEARISH,D1-20200129-BEARISH,9040.2,M1,9045.3,OB
2020-01-30 20:51:00,BEARISH,D1-20200129-BEARISH,9048.9,M1,9051.4,OB
2020-01-30 21:44:00,BEARISH,D1-20200129-BEARISH,9076.8,M1,9108.9,OB
2020-02-14 15:45:00,BEARISH,D1-20200213-BEARISH,9635.4,M15,9641.4,OB
2020-02-14 07:35:00,BEARISH,D1-20200213-BEARISH,9637.3,M5,9639.0,OB
2020-02-14 08:10:00,BEARISH,D1-20200213-BEARISH,9632.0,M5,9634.6,OB
2020-02-14 11:00:00,BEARISH,D1-20200213-BEARISH,9629.1,M5,9630.4,OB
2020-02-14 15:40:00,BEARISH,D1-20200213-BEARISH,9630.4,M5,9635.8,OB
2020-02-14 21:20:00,BEARISH,D1-20200213-BEARISH,9597.5,M5,9603.4,OB
2020-02-14 01:15:00,BEARISH,D1-20200213-BEARISH,9609.0,M1,9611.2,OB
2020-02-14 01:18:00,BEARISH,D1-20200213-BEARISH,9606.4,M1,9608.4,OB
2020-02-14 01:44:00,BEARISH,D1-20200213-BEARISH,9609.8,M1,9610.9,OB
2020-02-14 02:20:00,BEARISH,D1-20200213-BEARISH,9599.8,M1,9602.9,OB
2020-02-14 03:16:00,BEARISH,D1-20200213-BEARISH,9610.5,M1,9613.2,OB
2020-02-14 04:10:00,BEARISH,D1-20200213-BEARISH,9621.6,M1,9622.7,OB
2020-02-14 05:36:00,BEARISH,D1-20200213-BEARISH,9644.5,M1,9646.1,OB
2020-02-14 05:54:00,BEARISH,D1-20200213-BEARISH,9641.3,M1,9642.1,OB
2020-02-14 06:21:00,BEARISH,D1-20200213-BEARISH,9636.6,M1,9637.3,OB
2020-02-14 06:56:00,BEARISH,D1-20200213-BEARISH,9640.4,M1,9640.9,OB
2020-02-14 06:59:00,BEARISH,D1-20200213-BEARISH,9639.3,M1,9640.4,OB
2020-02-14 07:28:00,BEARISH,D1-20200213-BEARISH,9637.9,M1,9638.7,OB
2020-02-14 08:07:00,BEARISH,D1-20200213-BEARISH,9630.8,M1,9631.8,OB
2020-02-14 08:23:00,BEARISH,D1-20200213-BEARISH,9628.4,M1,9629.3,OB
2020-02-14 08:28:00,BEARISH,D1-20200213-BEARISH,9626.2,M1,9626.8,OB
2020-02-14 09:01:00,BEARISH,D1-20200213-BEARISH,9630.8,M1,9632.0,OB
2020-02-14 09:56:00,BEARISH,D1-20200213-BEARISH,9633.8,M1,9635.2,OB
2020-02-14 10:57:00,BEARISH,D1-20200213-BEARISH,9629.1,M1,9630.2,OB
2020-02-14 11:02:00,BEARISH,D1-20200213-BEARISH,9624.3,M1,9625.6,OB
2020-02-14 12:27:00,BEARISH,D1-20200213-BEARISH,9630.0,M1,9631.0,OB
2020-02-14 13:13:00,BEARISH,D1-20200213-BEARISH,9629.5,M1,9630.4,OB
2020-02-14 15:19:00,BEARISH,D1-20200213-BEARISH,9634.1,M1,9635.5,OB
2020-02-14 15:31:00,BEARISH,D1-20200213-BEARISH,9632.8,M1,9635.8,OB
2020-02-14 15:36:00,BEARISH,D1-20200213-BEARISH,9628.5,M1,9630.3,OB
2020-02-14 15:46:00,BEARISH,D1-20200213-BEARISH,9620.2,M1,9621.4,OB
2020-02-14 16:15:00,BEARISH,D1-20200213-BEARISH,9614.7,M1,9616.3,OB
2020-02-14 17:13:00,BEARISH,D1-20200213-BEARISH,9598.9,M1,9604.3,OB
2020-02-14 18:26:00,BEARISH,D1-20200213-BEARISH,9628.7,M1,9631.1,OB
2020-02-14 18:50:00,BEARISH,D1-20200213-BEARISH,9623.1,M1,9624.9,OB
2020-02-14 19:05:00,BEARISH,D1-20200213-BEARISH,9619.2,M1,9620.1,OB
2020-02-14 19:07:00,BEARISH,D1-20200213-BEARISH,9614.9,M1,9616.8,OB
2020-02-14 19:14:00,BEARISH,D1-20200213-BEARISH,9609.9,M1,9611.8,OB
2020-02-14 19:53:00,BEARISH,D1-20200213-BEARISH,9598.7,M1,9603.6,OB
2020-02-14 19:57:00,BEARISH,D1-20200213-BEARISH,9594.3,M1,9596.4,OB
2020-02-14 20:54:00,BEARISH,D1-20200213-BEARISH,9598.1,M1,9599.8,OB
2020-02-14 21:14:00,BEARISH,D1-20200213-BEARISH,9602.7,M1,9604.2,OB
2020-02-14 22:13:00,BEARISH,D1-20200213-BEARISH,9601.2,M1,9603.9,OB
2020-02-14 22:18:00,BEARISH,D1-20200213-BEARISH,9597.2,M1,9599.3,OB
2020-04-03 13:35:00,BULLISH,D1-20200402-BULLISH,7539.1,M5,7544.9,OB
2020-04-03 14:50:00,BULLISH,D1-20200402-BULLISH,7567.9,M5,7577.1,OB
2020-04-03 21:30:00,BULLISH,D1-20200402-BULLISH,7431.4,M5,7446.2,OB
2020-04-03 22:00:00,BULLISH,D1-20200402-BULLISH,7447.6,M5,7474.9,OB
2020-04-03 22:55:00,BULLISH,D1-20200402-BULLISH,7443.4,M5,7468.9,OB
2020-04-03 12:01:00,BULLISH,D1-20200402-BULLISH,7537.9,M1,7540.9,OB
2020-04-03 13:08:00,BULLISH,D1-20200402-BULLISH,7548.7,M1,7555.2,OB
2020-04-03 13:32:00,BULLISH,D1-20200402-BULLISH,7539.1,M1,7543.1,OB
2020-04-03 13:48:00,BULLISH,D1-20200402-BULLISH,7541.9,M1,7548.4,OB
2020-04-03 14:03:00,BULLISH,D1-20200402-BULLISH,7552.6,M1,7557.2,OB
2020-04-03 14:57:00,BULLISH,D1-20200402-BULLISH,7599.4,M1,7609.2,OB
2020-04-03 16:02:00,BULLISH,D1-20200402-BULLISH,7589.9,M1,7597.4,OB
2020-04-03 16:28:00,BULLISH,D1-20200402-BULLISH,7604.2,M1,7609.9,OB
2020-04-03 16:41:00,BULLISH,D1-20200402-BULLISH,7608.4,M1,7623.4,OB
2020-04-03 18:39:00,BULLISH,D1-20200402-BULLISH,7528.6,M1,7538.4,OB
2020-04-03 19:44:00,BULLISH,D1-20200402-BULLISH,7491.1,M1,7499.1,OB
2020-04-03 21:26:00,BULLISH,D1-20200402-BULLISH,7442.4,M1,7449.7,OB
2020-04-03 21:29:00,BULLISH,D1-20200402-BULLISH,7454.4,M1,7460.9,OB
2020-04-03 22:02:00,BULLISH,D1-20200402-BULLISH,7493.9,M1,7502.4,OB
2020-04-03 22:51:00,BULLISH,D1-20200402-BULLISH,7489.1,M1,7502.4,OB
2020-04-24 01:40:00,BEARISH,D1-20200423-BEARISH,8570.9,M5,8581.1,OB
2020-04-24 03:15:00,BEARISH,D1-20200423-BEARISH,8554.6,M5,8572.6,OB
2020-04-24 04:30:00,BEARISH,D1-20200423-BEARISH,8541.1,M5,8548.1,OB
2020-04-24 16:50:00,BEARISH,D1-20200423-BEARISH,8624.4,M5,8649.9,OB
2020-04-24 01:01:00,BEARISH,D1-20200423-BEARISH,8610.8,M1,8613.1,OB
2020-04-24 01:38:00,BEARISH,D1-20200423-BEARISH,8577.8,M1,8579.9,OB
2020-04-24 02:11:00,BEARISH,D1-20200423-BEARISH,8556.4,M1,8559.4,OB
2020-04-24 02:42:00,BEARISH,D1-20200423-BEARISH,8558.4,M1,8561.4,OB
2020-04-24 03:12:00,BEARISH,D1-20200423-BEARISH,8548.8,M1,8555.1,OB
2020-04-24 03:34:00,BEARISH,D1-20200423-BEARISH,8535.1,M1,8539.6,OB
2020-04-24 04:17:00,BEARISH,D1-20200423-BEARISH,8542.8,M1,8546.6,OB
2020-04-24 04:23:00,BEARISH,D1-20200423-BEARISH,8532.1,M1,8535.4,OB
2020-04-24 04:27:00,BEARISH,D1-20200423-BEARISH,8519.3,M1,8521.1,OB
2020-04-24 04:33:00,BEARISH,D1-20200423-BEARISH,8516.8,M1,8522.4,OB
2020-04-24 04:56:00,BEARISH,D1-20200423-BEARISH,8530.4,M1,8533.6,OB
2020-04-24 05:27:00,BEARISH,D1-20200423-BEARISH,8542.9,M1,8545.4,OB
2020-04-24 06:17:00,BEARISH,D1-20200423-BEARISH,8552.1,M1,8554.4,OB
2020-04-24 07:40:00,BEARISH,D1-20200423-BEARISH,8554.8,M1,8555.6,OB
2020-04-24 07:45:00,BEARISH,D1-20200423-BEARISH,8549.4,M1,8550.9,OB
2020-04-24 08:01:00,BEARISH,D1-20200423-BEARISH,8544.6,M1,8546.4,OB
2020-04-24 08:06:00,BEARISH,D1-20200423-BEARISH,8529.3,M1,8531.8,OB
2020-04-24 08:09:00,BEARISH,D1-20200423-BEARISH,8521.4,M1,8526.1,OB
2020-04-24 09:05:00,BEARISH,D1-20200423-BEARISH,8537.3,M1,8543.6,OB
2020-04-24 14:51:00,BEARISH,D1-20200423-BEARISH,8646.4,M1,8649.4,OB
2020-04-24 14:59:00,BEARISH,D1-20200423-BEARISH,8641.1,M1,8644.4,OB
2020-04-24 15:04:00,BEARISH,D1-20200423-BEARISH,8644.9,M1,8648.4,OB
2020-04-24 16:08:00,BEARISH,D1-20200423-BEARISH,8666.6,M1,8670.9,OB
2020-04-24 16:18:00,BEARISH,D1-20200423-BEARISH,8659.6,M1,8662.6,OB
2020-04-24 16:48:00,BEARISH,D1-20200423-BEARISH,8628.9,M1,8641.2,OB
2020-04-24 17:56:00,BEARISH,D1-20200423-BEARISH,8658.4,M1,8663.4,OB
2020-04-24 18:04:00,BEARISH,D1-20200423-BEARISH,8639.9,M1,8647.2,OB
2020-04-24 18:30:00,BEARISH,D1-20200423-BEARISH,8653.4,M1,8657.7,OB
2020-04-24 18:33:00,BEARISH,D1-20200423-BEARISH,8642.6,M1,8652.4,OB
2020-04-24 19:21:00,BEARISH,D1-20200423-BEARISH,8669.9,M1,8674.2,OB
2020-04-24 20:11:00,BEARISH,D1-20200423-BEARISH,8688.6,M1,8693.7,OB
2020-04-24 22:52:00,BEARISH,D1-20200423-BEARISH,8773.1,M1,8780.1,OB
2020-05-07 14:05:00,BEARISH,D1-20200506-BEARISH,9085.3,M5,9090.4,OB
2020-05-07 15:35:00,BEARISH,D1-20200506-BEARISH,9092.1,M5,9097.1,OB
2020-05-07 17:50:00,BEARISH,D1-20200506-BEARISH,9063.1,M5,9083.6,OB
2020-05-07 21:25:00,BEARISH,D1-20200506-BEARISH,9108.1,M5,9118.9,OB
2020-05-07 01:18:00,BEARISH,D1-20200506-BEARISH,8973.6,M1,8975.4,OB
2020-05-07 02:30:00,BEARISH,D1-20200506-BEARISH,8956.3,M1,8958.9,OB
2020-05-07 03:53:00,BEARISH,D1-20200506-BEARISH,8992.6,M1,8995.6,OB
2020-05-07 04:46:00,BEARISH,D1-20200506-BEARISH,9003.4,M1,9006.9,OB
2020-05-07 05:18:00,BEARISH,D1-20200506-BEARISH,8990.3,M1,8993.1,OB
2020-05-07 06:21:00,BEARISH,D1-20200506-BEARISH,9025.8,M1,9028.6,OB
2020-05-07 07:50:00,BEARISH,D1-20200506-BEARISH,9035.1,M1,9036.1,OB
2020-05-07 08:09:00,BEARISH,D1-20200506-BEARISH,9029.1,M1,9033.1,OB
2020-05-07 08:45:00,BEARISH,D1-20200506-BEARISH,9025.6,M1,9027.9,OB
2020-05-07 08:51:00,BEARISH,D1-20200506-BEARISH,9025.1,M1,9028.4,OB
2020-05-07 10:57:00,BEARISH,D1-20200506-BEARISH,9077.9,M1,9080.1,OB
2020-05-07 13:01:00,BEARISH,D1-20200506-BEARISH,9105.3,M1,9106.3,OB
2020-05-07 13:29:00,BEARISH,D1-20200506-BEARISH,9100.6,M1,9103.1,OB
2020-05-07 13:41:00,BEARISH,D1-20200506-BEARISH,9094.6,M1,9097.1,OB
2020-05-07 14:01:00,BEARISH,D1-20200506-BEARISH,9085.1,M1,9088.1,OB
2020-05-07 14:26:00,BEARISH,D1-20200506-BEARISH,9080.6,M1,9081.9,OB
2020-05-07 15:06:00,BEARISH,D1-20200506-BEARISH,9097.8,M1,9099.9,OB
2020-05-07 15:29:00,BEARISH,D1-20200506-BEARISH,9093.6,M1,9098.6,OB
2020-05-07 16:08:00,BEARISH,D1-20200506-BEARISH,9098.1,M1,9103.3,OB
2020-05-07 17:08:00,BEARISH,D1-20200506-BEARISH,9075.3,M1,9085.1,OB
2020-05-07 17:13:00,BEARISH,D1-20200506-BEARISH,9070.6,M1,9077.1,OB
2020-05-07 18:22:00,BEARISH,D1-20200506-BEARISH,9082.8,M1,9090.1,OB
2020-05-07 21:21:00,BEARISH,D1-20200506-BEARISH,9108.8,M1,9111.9,OB
2020-05-07 22:01:00,BEARISH,D1-20200506-BEARISH,9104.3,M1,9107.1,OB
2020-07-22 10:45:00,BEARISH,D1-20200721-BEARISH,10870.7,M15,10878.3,OB
2020-07-22 09:30:00,BEARISH,D1-20200721-BEARISH,10869.0,M5,10874.2,OB
2020-07-22 10:35:00,BEARISH,D1-20200721-BEARISH,10872.0,M5,10886.3,OB
2020-07-22 11:40:00,BEARISH,D1-20200721-BEARISH,10816.5,M5,10829.5,OB
2020-07-22 17:50:00,BEARISH,D1-20200721-BEARISH,10853.0,M5,10870.0,OB
2020-07-22 18:15:00,BEARISH,D1-20200721-BEARISH,10806.0,M5,10826.4,OB
2020-07-22 20:55:00,BEARISH,D1-20200721-BEARISH,10820.7,M5,10829.7,OB
2020-07-22 23:05:00,BEARISH,D1-20200721-BEARISH,10858.5,M5,10876.0,OB
2020-07-22 08:01:00,BEARISH,D1-20200721-BEARISH,10864.7,M1,10867.3,OB
2020-07-22 09:27:00,BEARISH,D1-20200721-BEARISH,10863.2,M1,10867.3,OB
2020-07-22 10:17:00,BEARISH,D1-20200721-BEARISH,10874.8,M1,10876.7,OB
2020-07-22 10:35:00,BEARISH,D1-20200721-BEARISH,10873.5,M1,10875.3,OB
2020-07-22 10:38:00,BEARISH,D1-20200721-BEARISH,10856.5,M1,10863.1,OB
2020-07-22 10:47:00,BEARISH,D1-20200721-BEARISH,10826.7,M1,10834.0,OB
2020-07-22 10:53:00,BEARISH,D1-20200721-BEARISH,10828.2,M1,10834.5,OB
2020-07-22 11:36:00,BEARISH,D1-20200721-BEARISH,10818.0,M1,10822.8,OB
2020-07-22 13:53:00,BEARISH,D1-20200721-BEARISH,10869.8,M1,10872.0,OB
2020-07-22 14:59:00,BEARISH,D1-20200721-BEARISH,10880.8,M1,10885.5,OB
2020-07-22 15:38:00,BEARISH,D1-20200721-BEARISH,10876.0,M1,10878.8,OB
2020-07-22 15:42:00,BEARISH,D1-20200721-BEARISH,10866.2,M1,10872.5,OB
2020-07-22 17:09:00,BEARISH,D1-20200721-BEARISH,10896.1,M1,10909.0,OB
2020-07-22 17:14:00,BEARISH,D1-20200721-BEARISH,10889.5,M1,10901.2,OB
2020-07-22 17:31:00,BEARISH,D1-20200721-BEARISH,10864.8,M1,10875.2,OB
2020-07-22 17:48:00,BEARISH,D1-20200721-BEARISH,10844.3,M1,10851.3,OB
2020-07-22 18:14:00,BEARISH,D1-20200721-BEARISH,10805.1,M1,10809.8,OB
2020-07-22 19:24:00,BEARISH,D1-20200721-BEARISH,10863.5,M1,10866.3,OB
2020-07-22 19:41:00,BEARISH,D1-20200721-BEARISH,10851.3,M1,10855.7,OB
2020-07-22 20:03:00,BEARISH,D1-20200721-BEARISH,10839.0,M1,10842.3,OB
2020-07-22 20:33:00,BEARISH,D1-20200721-BEARISH,10829.5,M1,10834.2,OB
2020-07-22 21:49:00,BEARISH,D1-20200721-BEARISH,10832.3,M1,10836.8,OB
2020-07-22 22:28:00,BEARISH,D1-20200721-BEARISH,10850.8,M1,10857.0,OB
2020-07-22 23:01:00,BEARISH,D1-20200721-BEARISH,10865.7,M1,10875.2,OB
2020-07-22 23:14:00,BEARISH,D1-20200721-BEARISH,10829.2,M1,10835.8,OB
2020-08-14 10:15:00,BEARISH,D1-20200813-BEARISH,11224.8,M15,11236.1,OB
2020-08-14 11:00:00,BEARISH,D1-20200813-BEARISH,11193.3,M15,11204.6,OB
2020-08-14 17:30:00,BEARISH,D1-20200813-BEARISH,11162.0,M15,11210.6,OB
2020-08-14 10:05:00,BEARISH,D1-20200813-BEARISH,11231.8,M5,11237.6,OB
2020-08-14 13:10:00,BEARISH,D1-20200813-BEARISH,11167.0,M5,11171.6,OB
2020-08-14 16:35:00,BEARISH,D1-20200813-BEARISH,11192.6,M5,11199.8,OB
2020-08-14 01:50:00,BEARISH,D1-20200813-BEARISH,11195.1,M1,11195.8,OB
2020-08-14 03:02:00,BEARISH,D1-20200813-BEARISH,11208.0,M1,11210.1,OB
2020-08-14 03:21:00,BEARISH,D1-20200813-BEARISH,11213.3,M1,11214.1,OB
2020-08-14 03:44:00,BEARISH,D1-20200813-BEARISH,11203.6,M1,11205.8,OB
2020-08-14 04:12:00,BEARISH,D1-20200813-BEARISH,11203.0,M1,11205.1,OB
2020-08-14 04:17:00,BEARISH,D1-20200813-BEARISH,11203.3,M1,11206.6,OB
2020-08-14 05:35:00,BEARISH,D1-20200813-BEARISH,11211.3,M1,11213.5,OB
2020-08-14 05:46:00,BEARISH,D1-20200813-BEARISH,11209.5,M1,11211.6,OB
2020-08-14 06:06:00,BEARISH,D1-20200813-BEARISH,11203.6,M1,11204.8,OB
2020-08-14 07:52:00,BEARISH,D1-20200813-BEARISH,11208.6,M1,11209.5,OB
2020-08-14 08:20:00,BEARISH,D1-20200813-BEARISH,11210.5,M1,11211.1,OB
2020-08-14 10:00:00,BEARISH,D1-20200813-BEARISH,11226.0,M1,11228.6,OB
2020-08-14 10:06:00,BEARISH,D1-20200813-BEARISH,11207.8,M1,11211.6,OB
2020-08-14 10:31:00,BEARISH,D1-20200813-BEARISH,11201.5,M1,11203.6,OB
2020-08-14 10:45:00,BEARISH,D1-20200813-BEARISH,11191.3,M1,11195.1,OB
2020-08-14 11:10:00,BEARISH,D1-20200813-BEARISH,11170.3,M1,11174.8,OB
2020-08-14 12:04:00,BEARISH,D1-20200813-BEARISH,11160.0,M1,11163.6,OB
2020-08-14 14:49:00,BEARISH,D1-20200813-BEARISH,11213.0,M1,11214.5,OB
2020-08-14 15:08:00,BEARISH,D1-20200813-BEARISH,11206.5,M1,11208.8,OB
2020-08-14 15:31:00,BEARISH,D1-20200813-BEARISH,11209.3,M1,11212.0,OB
2020-08-14 16:03:00,BEARISH,D1-20200813-BEARISH,11198.8,M1,11203.3,OB
2020-08-14 16:07:00,BEARISH,D1-20200813-BEARISH,11192.1,M1,11198.5,OB
2020-08-14 16:26:00,BEARISH,D1-20200813-BEARISH,11195.0,M1,11198.1,OB
2020-08-14 16:32:00,BEARISH,D1-20200813-BEARISH,11188.8,M1,11195.6,OB
2020-08-14 16:47:00,BEARISH,D1-20200813-BEARISH,11196.8,M1,11205.8,OB
2020-08-14 16:51:00,BEARISH,D1-20200813-BEARISH,11160.8,M1,11170.0,OB
2020-08-14 17:14:00,BEARISH,D1-20200813-BEARISH,11157.6,M1,11169.1,OB
2020-08-14 17:56:00,BEARISH,D1-20200813-BEARISH,11140.5,M1,11146.3,OB
2020-08-14 20:05:00,BEARISH,D1-20200813-BEARISH,11167.5,M1,11174.6,OB
2020-08-14 21:19:00,BEARISH,D1-20200813-BEARISH,11157.0,M1,11161.1,OB
2020-08-14 21:26:00,BEARISH,D1-20200813-BEARISH,11147.8,M1,11153.6,OB
2020-10-14 13:15:00,BEARISH,D1-20201013-BEARISH,12130.5,M15,12144.9,OB
2020-10-14 19:00:00,BEARISH,D1-20201013-BEARISH,12074.1,M15,12112.3,OB
2020-10-14 04:25:00,BEARISH,D1-20201013-BEARISH,12142.4,M5,12151.6,OB
2020-10-14 09:05:00,BEARISH,D1-20201013-BEARISH,12139.4,M5,12143.1,OB
2020-10-14 12:40:00,BEARISH,D1-20201013-BEARISH,12136.4,M5,12144.9,OB
2020-10-14 13:10:00,BEARISH,D1-20201013-BEARISH,12120.3,M5,12131.2,OB
2020-10-14 19:20:00,BEARISH,D1-20201013-BEARISH,11975.7,M5,11997.6,OB
2020-10-14 23:00:00,BEARISH,D1-20201013-BEARISH,12016.3,M5,12036.1,OB
2020-10-14 01:34:00,BEARISH,D1-20201013-BEARISH,12105.3,M1,12107.4,OB
2020-10-14 03:02:00,BEARISH,D1-20201013-BEARISH,12121.2,M1,12128.3,OB
2020-10-14 04:19:00,BEARISH,D1-20201013-BEARISH,12148.5,M1,12156.4,OB
2020-10-14 05:33:00,BEARISH,D1-20201013-BEARISH,12158.3,M1,12161.3,OB
2020-10-14 05:37:00,BEARISH,D1-20201013-BEARISH,12155.3,M1,12158.0,OB
2020-10-14 05:42:00,BEARISH,D1-20201013-BEARISH,12150.0,M1,12152.4,OB
2020-10-14 06:59:00,BEARISH,D1-20201013-BEARISH,12167.0,M1,12168.1,OB
2020-10-14 07:31:00,BEARISH,D1-20201013-BEARISH,12174.0,M1,12174.9,OB
2020-10-14 07:41:00,BEARISH,D1-20201013-BEARISH,12163.0,M1,12164.6,OB
2020-10-14 07:50:00,BEARISH,D1-20201013-BEARISH,12156.5,M1,12159.2,OB
2020-10-14 08:28:00,BEARISH,D1-20201013-BEARISH,12138.8,M1,12141.6,OB
2020-10-14 09:05:00,BEARISH,D1-20201013-BEARISH,12135.4,M1,12138.4,OB
2020-10-14 10:08:00,BEARISH,D1-20201013-BEARISH,12159.2,M1,12164.7,OB
2020-10-14 10:13:00,BEARISH,D1-20201013-BEARISH,12156.9,M1,12162.8,OB
2020-10-14 10:17:00,BEARISH,D1-20201013-BEARISH,12148.4,M1,12155.0,OB
2020-10-14 10:52:00,BEARISH,D1-20201013-BEARISH,12155.3,M1,12160.8,OB
2020-10-14 11:18:00,BEARISH,D1-20201013-BEARISH,12167.3,M1,12169.5,OB
2020-10-14 11:37:00,BEARISH,D1-20201013-BEARISH,12153.9,M1,12158.8,OB
2020-10-14 12:09:00,BEARISH,D1-20201013-BEARISH,12145.6,M1,12149.1,OB
2020-10-14 12:34:00,BEARISH,D1-20201013-BEARISH,12131.2,M1,12136.9,OB
2020-10-14 12:58:00,BEARISH,D1-20201013-BEARISH,12123.7,M1,12131.8,OB
2020-10-14 15:15:00,BEARISH,D1-20201013-BEARISH,12129.5,M1,12134.6,OB
2020-10-14 15:28:00,BEARISH,D1-20201013-BEARISH,12133.0,M1,12138.2,OB
2020-10-14 15:34:00,BEARISH,D1-20201013-BEARISH,12127.0,M1,12130.0,OB
2020-10-14 15:48:00,BEARISH,D1-20201013-BEARISH,12120.7,M1,12123.4,OB
2020-10-14 16:31:00,BEARISH,D1-20201013-BEARISH,12116.4,M1,12122.4,OB
2020-10-14 17:26:00,BEARISH,D1-20201013-BEARISH,12082.8,M1,12092.8,OB
2020-10-14 18:03:00,BEARISH,D1-20201013-BEARISH,12090.8,M1,12100.0,OB
2020-10-14 18:21:00,BEARISH,D1-20201013-BEARISH,12087.2,M1,12093.3,OB
2020-10-14 18:46:00,BEARISH,D1-20201013-BEARISH,12059.8,M1,12066.5,OB
2020-10-14 18:52:00,BEARISH,D1-20201013-BEARISH,12023.3,M1,12028.0,OB
2020-10-14 18:55:00,BEARISH,D1-20201013-BEARISH,12007.0,M1,12016.5,OB
2020-10-14 18:59:00,BEARISH,D1-20201013-BEARISH,11996.9,M1,12004.8,OB
2020-10-14 19:19:00,BEARISH,D1-20201013-BEARISH,11964.9,M1,11974.4,OB
2020-10-14 19:39:00,BEARISH,D1-20201013-BEARISH,11943.4,M1,11958.6,OB
2020-10-14 22:48:00,BEARISH,D1-20201013-BEARISH,12029.4,M1,12036.1,OB
2020-10-14 22:56:00,BEARISH,D1-20201013-BEARISH,12013.6,M1,12024.4,OB
2020-10-14 23:56:00,BEARISH,D1-20201013-BEARISH,11961.7,M1,11962.6,OB
2020-11-13 03:35:00,BEARISH,D1-20201112-BEARISH,11838.2,M5,11846.0,OB
2020-11-13 13:50:00,BEARISH,D1-20201112-BEARISH,11907.0,M5,11916.8,OB
2020-11-13 17:10:00,BEARISH,D1-20201112-BEARISH,11885.4,M5,11910.2,OB
2020-11-13 01:01:00,BEARISH,D1-20201112-BEARISH,11866.0,M1,11868.0,OB
2020-11-13 01:15:00,BEARISH,D1-20201112-BEARISH,11864.0,M1,11868.0,OB
2020-11-13 01:39:00,BEARISH,D1-20201112-BEARISH,11864.0,M1,11867.2,OB
2020-11-13 03:31:00,BEARISH,D1-20201112-BEARISH,11840.1,M1,11846.0,OB
2020-11-13 03:39:00,BEARISH,D1-20201112-BEARISH,11822.6,M1,11828.8,OB
2020-11-13 04:05:00,BEARISH,D1-20201112-BEARISH,11816.4,M1,11820.8,OB
2020-11-13 05:19:00,BEARISH,D1-20201112-BEARISH,11847.1,M1,11849.0,OB
2020-11-13 05:26:00,BEARISH,D1-20201112-BEARISH,11842.0,M1,11843.4,OB
2020-11-13 07:33:00,BEARISH,D1-20201112-BEARISH,11858.6,M1,11861.3,OB
2020-11-13 08:01:00,BEARISH,D1-20201112-BEARISH,11857.3,M1,11859.8,OB
2020-11-13 09:36:00,BEARISH,D1-20201112-BEARISH,11890.3,M1,11894.1,OB
2020-11-13 10:42:00,BEARISH,D1-20201112-BEARISH,11905.8,M1,11909.8,OB
2020-11-13 13:45:00,BEARISH,D1-20201112-BEARISH,11910.2,M1,11913.2,OB
2020-11-13 14:40:00,BEARISH,D1-20201112-BEARISH,11917.7,M1,11919.3,OB
2020-11-13 14:46:00,BEARISH,D1-20201112-BEARISH,11913.6,M1,11918.0,OB
2020-11-13 15:20:00,BEARISH,D1-20201112-BEARISH,11904.0,M1,11907.8,OB
2020-11-13 16:49:00,BEARISH,D1-20201112-BEARISH,11917.8,M1,11924.3,OB
2020-11-13 17:11:00,BEARISH,D1-20201112-BEARISH,11872.5,M1,11884.5,OB
2020-11-13 17:53:00,BEARISH,D1-20201112-BEARISH,11851.6,M1,11860.2,OB
2020-11-13 17:57:00,BEARISH,D1-20201112-BEARISH,11834.2,M1,11843.8,OB
2020-11-13 20:21:00,BEARISH,D1-20201112-BEARISH,11894.3,M1,11901.4,OB
2020-11-13 21:12:00,BEARISH,D1-20201112-BEARISH,11870.5,M1,11877.2,OB
2020-11-13 22:18:00,BEARISH,D1-20201112-BEARISH,11903.3,M1,11908.8,OB
2020-11-27 18:45:00,BEARISH,D1-20201126-BEARISH,12287.9,M5,12297.4,OB
2020-11-27 01:33:00,BEARISH,D1-20201126-BEARISH,12161.7,M1,12164.3,OB
2020-11-27 01:38:00,BEARISH,D1-20201126-BEARISH,12156.3,M1,12156.9,OB
2020-11-27 01:59:00,BEARISH,D1-20201126-BEARISH,12156.8,M1,12159.4,OB
2020-11-27 03:04:00,BEARISH,D1-20201126-BEARISH,12160.2,M1,12161.3,OB
2020-11-27 03:09:00,BEARISH,D1-20201126-BEARISH,12158.3,M1,12160.3,OB
2020-11-27 03:19:00,BEARISH,D1-20201126-BEARISH,12156.3,M1,12157.9,OB
2020-11-27 04:07:00,BEARISH,D1-20201126-BEARISH,12145.4,M1,12146.9,OB
2020-11-27 04:36:00,BEARISH,D1-20201126-BEARISH,12148.9,M1,12150.1,OB
2020-11-27 04:53:00,BEARISH,D1-20201126-BEARISH,12148.9,M1,12151.6,OB
2020-11-27 06:20:00,BEARISH,D1-20201126-BEARISH,12162.2,M1,12162.9,OB
2020-11-27 09:01:00,BEARISH,D1-20201126-BEARISH,12188.6,M1,12189.1,OB
2020-11-27 09:24:00,BEARISH,D1-20201126-BEARISH,12189.4,M1,12190.9,OB
2020-11-27 09:56:00,BEARISH,D1-20201126-BEARISH,12188.1,M1,12189.6,OB
2020-11-27 10:22:00,BEARISH,D1-20201126-BEARISH,12189.7,M1,12191.8,OB
2020-11-27 11:06:00,BEARISH,D1-20201126-BEARISH,12201.7,M1,12206.4,OB
2020-11-27 12:16:00,BEARISH,D1-20201126-BEARISH,12189.2,M1,12190.9,OB
2020-11-27 13:19:00,BEARISH,D1-20201126-BEARISH,12195.1,M1,12196.2,OB
2020-11-27 13:53:00,BEARISH,D1-20201126-BEARISH,12196.4,M1,12197.1,OB
2020-11-27 14:21:00,BEARISH,D1-20201126-BEARISH,12196.2,M1,12197.1,OB
2020-11-27 14:58:00,BEARISH,D1-20201126-BEARISH,12200.6,M1,12202.6,OB
2020-11-27 16:00:00,BEARISH,D1-20201126-BEARISH,12234.2,M1,12236.4,OB
2020-11-27 16:28:00,BEARISH,D1-20201126-BEARISH,12234.8,M1,12236.7,OB
2020-11-27 18:21:00,BEARISH,D1-20201126-BEARISH,12292.6,M1,12296.9,OB
2020-11-27 18:46:00,BEARISH,D1-20201126-BEARISH,12276.1,M1,12280.4,OB
2020-11-27 19:21:00,BEARISH,D1-20201126-BEARISH,12251.1,M1,12256.6,OB
2020-11-27 19:45:00,BEARISH,D1-20201126-BEARISH,12252.7,M1,12255.8,OB
2020-12-21 09:30:00,BEARISH,D1-20201218-BEARISH,12742.6,M15,12751.8,OB
2020-12-21 17:15:00,BEARISH,D1-20201218-BEARISH,12575.8,M15,12650.1,OB
2020-12-21 08:05:00,BEARISH,D1-20201218-BEARISH,12762.3,M5,12775.5,OB
2020-12-21 09:05:00,BEARISH,D1-20201218-BEARISH,12743.2,M5,12751.8,OB
2020-12-21 09:30:00,BEARISH,D1-20201218-BEARISH,12724.5,M5,12737.7,OB
2020-12-21 11:35:00,BEARISH,D1-20201218-BEARISH,12704.1,M5,12716.8,OB
2020-12-21 11:50:00,BEARISH,D1-20201218-BEARISH,12683.1,M5,12693.4,OB
2020-12-21 12:25:00,BEARISH,D1-20201218-BEARISH,12588.2,M5,12603.0,OB
2020-12-21 17:05:00,BEARISH,D1-20201218-BEARISH,12566.6,M5,12593.5,OB
2020-12-21 22:10:00,BEARISH,D1-20201218-BEARISH,12686.1,M5,12695.2,OB
2020-12-21 22:35:00,BEARISH,D1-20201218-BEARISH,12665.3,M5,12674.0,OB
2020-12-21 04:39:00,BEARISH,D1-20201218-BEARISH,12745.6,M1,12746.8,OB
2020-12-21 06:30:00,BEARISH,D1-20201218-BEARISH,12752.4,M1,12754.0,OB
2020-12-21 06:40:00,BEARISH,D1-20201218-BEARISH,12750.7,M1,12751.5,OB
2020-12-21 08:01:00,BEARISH,D1-20201218-BEARISH,12762.6,M1,12764.2,OB
2020-12-21 08:40:00,BEARISH,D1-20201218-BEARISH,12757.9,M1,12759.1,OB
2020-12-21 09:05:00,BEARISH,D1-20201218-BEARISH,12738.8,M1,12741.7,OB
2020-12-21 09:10:00,BEARISH,D1-20201218-BEARISH,12733.8,M1,12736.4,OB
2020-12-21 10:23:00,BEARISH,D1-20201218-BEARISH,12740.7,M1,12743.3,OB
2020-12-21 10:30:00,BEARISH,D1-20201218-BEARISH,12727.0,M1,12731.8,OB
2020-12-21 10:49:00,BEARISH,D1-20201218-BEARISH,12728.7,M1,12734.3,OB
2020-12-21 10:56:00,BEARISH,D1-20201218-BEARISH,12722.0,M1,12725.5,OB
2020-12-21 11:12:00,BEARISH,D1-20201218-BEARISH,12718.5,M1,12720.4,OB
2020-12-21 11:32:00,BEARISH,D1-20201218-BEARISH,12701.8,M1,12705.8,OB
2020-12-21 12:07:00,BEARISH,D1-20201218-BEARISH,12617.8,M1,12628.4,OB
2020-12-21 12:22:00,BEARISH,D1-20201218-BEARISH,12587.7,M1,12596.5,OB
2020-12-21 12:53:00,BEARISH,D1-20201218-BEARISH,12502.4,M1,12516.8,OB
2020-12-21 13:28:00,BEARISH,D1-20201218-BEARISH,12541.6,M1,12546.7,OB
2020-12-21 14:25:00,BEARISH,D1-20201218-BEARISH,12585.0,M1,12589.2,OB
2020-12-21 14:53:00,BEARISH,D1-20201218-BEARISH,12586.6,M1,12593.4,OB
2020-12-21 15:01:00,BEARISH,D1-20201218-BEARISH,12581.6,M1,12585.1,OB
2020-12-21 16:49:00,BEARISH,D1-20201218-BEARISH,12603.2,M1,12617.3,OB
2020-12-21 17:04:00,BEARISH,D1-20201218-BEARISH,12577.8,M1,12588.9,OB
2020-12-21 17:38:00,BEARISH,D1-20201218-BEARISH,12501.5,M1,12512.0,OB
2020-12-21 19:15:00,BEARISH,D1-20201218-BEARISH,12599.1,M1,12602.4,OB
2020-12-21 20:48:00,BEARISH,D1-20201218-BEARISH,12688.2,M1,12695.0,OB
2020-12-21 21:09:00,BEARISH,D1-20201218-BEARISH,12684.3,M1,12688.0,OB
2020-12-21 21:59:00,BEARISH,D1-20201218-BEARISH,12691.3,M1,12695.8,OB
2020-12-21 22:08:00,BEARISH,D1-20201218-BEARISH,12682.5,M1,12687.3,OB
2020-12-21 22:31:00,BEARISH,D1-20201218-BEARISH,12669.4,M1,12675.4,OB
2020-12-21 22:51:00,BEARISH,D1-20201218-BEARISH,12663.1,M1,12669.0,OB
2021-03-26 16:45:00,BULLISH,D1-20210325-BULLISH,12748.0,M15,12767.2,OB
2021-03-26 02:20:00,BULLISH,D1-20210325-BULLISH,12792.3,M5,12798.4,OB
2021-03-26 03:10:00,BULLISH,D1-20210325-BULLISH,12812.3,M5,12818.3,OB
2021-03-26 04:35:00,BULLISH,D1-20210325-BULLISH,12794.2,M5,12801.0,OB
2021-03-26 09:00:00,BULLISH,D1-20210325-BULLISH,12863.1,M5,12865.8,OB
2021-03-26 16:35:00,BULLISH,D1-20210325-BULLISH,12771.6,M5,12781.9,OB
2021-03-26 19:40:00,BULLISH,D1-20210325-BULLISH,12821.8,M5,12838.5,OB
2021-03-26 22:20:00,BULLISH,D1-20210325-BULLISH,12795.7,M5,12811.7,OB
2021-03-26 22:40:00,BULLISH,D1-20210325-BULLISH,12829.6,M5,12845.1,OB
2021-03-26 02:20:00,BULLISH,D1-20210325-BULLISH,12808.0,M1,12810.9,OB
2021-03-26 03:08:00,BULLISH,D1-20210325-BULLISH,12812.1,M1,12815.8,OB
2021-03-26 04:32:00,BULLISH,D1-20210325-BULLISH,12798.3,M1,12800.9,OB
2021-03-26 04:35:00,BULLISH,D1-20210325-BULLISH,12804.5,M1,12806.7,OB
2021-03-26 04:58:00,BULLISH,D1-20210325-BULLISH,12815.8,M1,12818.0,OB
2021-03-26 05:51:00,BULLISH,D1-20210325-BULLISH,12825.1,M1,12826.8,OB
2021-03-26 08:36:00,BULLISH,D1-20210325-BULLISH,12858.0,M1,12860.0,OB
2021-03-26 08:57:00,BULLISH,D1-20210325-BULLISH,12863.6,M1,12864.8,OB
2021-03-26 09:06:00,BULLISH,D1-20210325-BULLISH,12878.5,M1,12882.1,OB
2021-03-26 09:58:00,BULLISH,D1-20210325-BULLISH,12872.9,M1,12874.5,OB
2021-03-26 11:37:00,BULLISH,D1-20210325-BULLISH,12828.8,M1,12832.9,OB
2021-03-26 12:29:00,BULLISH,D1-20210325-BULLISH,12807.3,M1,12810.5,OB
2021-03-26 12:36:00,BULLISH,D1-20210325-BULLISH,12814.1,M1,12816.7,OB
2021-03-26 13:10:00,BULLISH,D1-20210325-BULLISH,12827.6,M1,12829.7,OB
2021-03-26 15:44:00,BULLISH,D1-20210325-BULLISH,12738.0,M1,12745.1,OB
2021-03-26 16:01:00,BULLISH,D1-20210325-BULLISH,12748.0,M1,12753.5,OB
2021-03-26 17:03:00,BULLISH,D1-20210325-BULLISH,12803.9,M1,12829.2,OB
2021-03-26 18:06:00,BULLISH,D1-20210325-BULLISH,12814.1,M1,12821.8,OB
2021-03-26 18:34:00,BULLISH,D1-20210325-BULLISH,12778.8,M1,12786.4,OB
2021-03-26 19:15:00,BULLISH,D1-20210325-BULLISH,12828.9,M1,12836.9,OB
2021-03-26 19:35:00,BULLISH,D1-20210325-BULLISH,12837.6,M1,12845.6,OB
2021-03-26 19:50:00,BULLISH,D1-20210325-BULLISH,12847.1,M1,12857.5,OB
2021-03-26 20:13:00,BULLISH,D1-20210325-BULLISH,12848.2,M1,12856.7,OB
2021-03-26 20:23:00,BULLISH,D1-20210325-BULLISH,12857.1,M1,12870.7,OB
2021-03-26 21:27:00,BULLISH,D1-20210325-BULLISH,12741.5,M1,12748.3,OB
2021-03-26 21:53:00,BULLISH,D1-20210325-BULLISH,12717.2,M1,12726.4,OB
2021-03-26 22:13:00,BULLISH,D1-20210325-BULLISH,12795.7,M1,12809.5,OB
2021-03-26 22:19:00,BULLISH,D1-20210325-BULLISH,12815.2,M1,12823.0,OB
2021-03-26 22:55:00,BULLISH,D1-20210325-BULLISH,12893.4,M1,12898.7,OB
2021-06-09 03:05:00,BEARISH,D1-20210608-BEARISH,13817.1,M5,13822.5,OB
2021-06-09 04:30:00,BEARISH,D1-20210608-BEARISH,13823.7,M5,13826.2,OB
2021-06-09 08:40:00,BEARISH,D1-20210608-BEARISH,13820.8,M5,13824.1,OB
2021-06-09 12:10:00,BEARISH,D1-20210608-BEARISH,13831.8,M5,13835.0,OB
2021-06-09 14:35:00,BEARISH,D1-20210608-BEARISH,13850.9,M5,13863.3,OB
2021-06-09 22:30:00,BEARISH,D1-20210608-BEARISH,13836.9,M5,13843.8,OB
2021-06-09 04:07:00,BEARISH,D1-20210608-BEARISH,13827.0,M1,13828.2,OB
2021-06-09 04:23:00,BEARISH,D1-20210608-BEARISH,13822.9,M1,13824.6,OB
2021-06-09 05:16:00,BEARISH,D1-20210608-BEARISH,13817.0,M1,13818.2,OB
2021-06-09 06:21:00,BEARISH,D1-20210608-BEARISH,13825.1,M1,13826.7,OB
2021-06-09 06:51:00,BEARISH,D1-20210608-BEARISH,13822.2,M1,13822.9,OB
2021-06-09 07:19:00,BEARISH,D1-20210608-BEARISH,13820.5,M1,13821.4,OB
2021-06-09 08:03:00,BEARISH,D1-20210608-BEARISH,13815.7,M1,13816.9,OB
2021-06-09 08:34:00,BEARISH,D1-20210608-BEARISH,13819.3,M1,13820.9,OB
2021-06-09 10:03:00,BEARISH,D1-20210608-BEARISH,13821.6,M1,13825.3,OB
2021-06-09 10:13:00,BEARISH,D1-20210608-BEARISH,13817.0,M1,13819.8,OB
2021-06-09 10:56:00,BEARISH,D1-20210608-BEARISH,13824.7,M1,13825.9,OB
2021-06-09 12:07:00,BEARISH,D1-20210608-BEARISH,13832.0,M1,13834.9,OB
2021-06-09 12:14:00,BEARISH,D1-20210608-BEARISH,13824.9,M1,13828.4,OB
2021-06-09 12:46:00,BEARISH,D1-20210608-BEARISH,13823.8,M1,13826.3,OB
2021-06-09 14:31:00,BEARISH,D1-20210608-BEARISH,13855.4,M1,13859.2,OB
2021-06-09 15:18:00,BEARISH,D1-20210608-BEARISH,13855.8,M1,13858.0,OB
2021-06-09 15:24:00,BEARISH,D1-20210608-BEARISH,13847.8,M1,13851.5,OB
2021-06-09 16:51:00,BEARISH,D1-20210608-BEARISH,13891.8,M1,13901.8,OB
2021-06-09 18:54:00,BEARISH,D1-20210608-BEARISH,13843.0,M1,13846.9,OB
2021-06-09 20:31:00,BEARISH,D1-20210608-BEARISH,13869.2,M1,13871.4,OB
2021-06-09 20:42:00,BEARISH,D1-20210608-BEARISH,13865.0,M1,13869.3,OB
2021-06-09 21:10:00,BEARISH,D1-20210608-BEARISH,13864.8,M1,13867.7,OB
2021-06-09 22:27:00,BEARISH,D1-20210608-BEARISH,13832.3,M1,13837.5,OB
2021-06-09 23:48:00,BEARISH,D1-20210608-BEARISH,13812.2,M1,13813.1,OB
2021-09-01 16:10:00,BEARISH,D1-20210831-BEARISH,15632.6,M5,15636.4,OB
2021-09-01 21:25:00,BEARISH,D1-20210831-BEARISH,15676.2,M5,15680.4,OB
2021-09-01 12:08:00,BEARISH,D1-20210831-BEARISH,15604.1,M1,15606.2,OB
2021-09-01 12:12:00,BEARISH,D1-20210831-BEARISH,15598.6,M1,15602.1,OB
2021-09-01 12:46:00,BEARISH,D1-20210831-BEARISH,15608.8,M1,15610.1,OB
2021-09-01 15:47:00,BEARISH,D1-20210831-BEARISH,15637.4,M1,15639.4,OB
2021-09-01 16:05:00,BEARISH,D1-20210831-BEARISH,15633.3,M1,15636.1,OB
2021-09-01 16:07:00,BEARISH,D1-20210831-BEARISH,15626.8,M1,15629.0,OB
2021-09-01 16:57:00,BEARISH,D1-20210831-BEARISH,15690.6,M1,15694.3,OB
2021-09-01 17:54:00,BEARISH,D1-20210831-BEARISH,15681.8,M1,15688.4,OB
2021-09-01 18:03:00,BEARISH,D1-20210831-BEARISH,15676.8,M1,15679.3,OB
2021-09-01 19:43:00,BEARISH,D1-20210831-BEARISH,15678.9,M1,15680.5,OB
2021-09-01 20:12:00,BEARISH,D1-20210831-BEARISH,15681.5,M1,15682.5,OB
2021-09-01 20:28:00,BEARISH,D1-20210831-BEARISH,15684.2,M1,15686.7,OB
2021-09-01 20:41:00,BEARISH,D1-20210831-BEARISH,15686.1,M1,15687.4,OB
2021-09-01 20:54:00,BEARISH,D1-20210831-BEARISH,15682.1,M1,15683.6,OB
2021-09-01 21:07:00,BEARISH,D1-20210831-BEARISH,15680.3,M1,15681.8,OB
2021-09-01 21:30:00,BEARISH,D1-20210831-BEARISH,15668.1,M1,15670.3,OB
2021-09-01 21:32:00,BEARISH,D1-20210831-BEARISH,15664.4,M1,15667.9,OB
2021-09-01 22:07:00,BEARISH,D1-20210831-BEARISH,15641.1,M1,15647.0,OB
2021-09-01 22:27:00,BEARISH,D1-20210831-BEARISH,15653.0,M1,15655.0,OB
2021-09-01 22:44:00,BEARISH,D1-20210831-BEARISH,15625.5,M1,15629.9,OB
2021-09-01 22:55:00,BEARISH,D1-20210831-BEARISH,15619.2,M1,15623.7,OB
2021-09-01 23:41:00,BEARISH,D1-20210831-BEARISH,15613.1,M1,15613.6,OB
2021-09-01 23:50:00,BEARISH,D1-20210831-BEARISH,15610.2,M1,15613.0,OB
2021-09-17 12:15:00,BEARISH,D1-20210916-BEARISH,15508.0,M15,15514.0,OB
2021-09-17 12:15:00,BEARISH,D1-20210916-BEARISH,15509.4,M5,15514.0,OB
2021-09-17 12:45:00,BEARISH,D1-20210916-BEARISH,15489.6,M5,15495.3,OB
2021-09-17 16:35:00,BEARISH,D1-20210916-BEARISH,15497.6,M5,15504.2,OB
2021-09-17 20:50:00,BEARISH,D1-20210916-BEARISH,15327.0,M5,15339.6,OB
2021-09-17 23:40:00,BEARISH,D1-20210916-BEARISH,15316.0,M5,15322.3,OB
2021-09-17 12:44:00,BEARISH,D1-20210916-BEARISH,15488.6,M1,15490.2,OB
2021-09-17 13:23:00,BEARISH,D1-20210916-BEARISH,15486.6,M1,15489.0,OB
2021-09-17 15:43:00,BEARISH,D1-20210916-BEARISH,15513.9,M1,15517.2,OB
2021-09-17 15:55:00,BEARISH,D1-20210916-BEARISH,15507.7,M1,15509.5,OB
2021-09-17 16:01:00,BEARISH,D1-20210916-BEARISH,15506.8,M1,15510.1,OB
2021-09-17 16:10:00,BEARISH,D1-20210916-BEARISH,15503.0,M1,15507.7,OB
2021-09-17 16:29:00,BEARISH,D1-20210916-BEARISH,15502.1,M1,15510.0,OB
2021-09-17 16:36:00,BEARISH,D1-20210916-BEARISH,15448.8,M1,15472.9,OB
2021-09-17 17:37:00,BEARISH,D1-20210916-BEARISH,15383.0,M1,15393.6,OB
2021-09-17 20:02:00,BEARISH,D1-20210916-BEARISH,15359.6,M1,15364.5,OB
2021-09-17 20:24:00,BEARISH,D1-20210916-BEARISH,15336.1,M1,15340.1,OB
2021-11-08 22:45:00,BEARISH,D1-20211105-BEARISH,16365.7,M15,16378.5,OB
2021-11-08 01:05:00,BEARISH,D1-20211105-BEARISH,16350.4,M5,16353.7,OB
2021-11-08 03:55:00,BEARISH,D1-20211105-BEARISH,16310.2,M5,16320.6,OB
2021-11-08 08:45:00,BEARISH,D1-20211105-BEARISH,16304.7,M5,16311.0,OB
2021-11-08 17:45:00,BEARISH,D1-20211105-BEARISH,16345.3,M5,16368.2,OB
2021-11-08 21:30:00,BEARISH,D1-20211105-BEARISH,16369.2,M5,16390.1,OB
2021-11-08 01:01:00,BEARISH,D1-20211105-BEARISH,16352.7,M1,16353.7,OB
2021-11-08 01:52:00,BEARISH,D1-20211105-BEARISH,16337.4,M1,16341.6,OB
2021-11-08 02:04:00,BEARISH,D1-20211105-BEARISH,16319.3,M1,16325.1,OB
2021-11-08 02:30:00,BEARISH,D1-20211105-BEARISH,16318.3,M1,16319.6,OB
2021-11-08 02:49:00,BEARISH,D1-20211105-BEARISH,16304.8,M1,16310.6,OB
2021-11-08 03:23:00,BEARISH,D1-20211105-BEARISH,16305.9,M1,16308.8,OB
2021-11-08 03:27:00,BEARISH,D1-20211105-BEARISH,16300.1,M1,16302.2,OB
2021-11-08 03:52:00,BEARISH,D1-20211105-BEARISH,16306.8,M1,16310.7,OB
2021-11-08 04:50:00,BEARISH,D1-20211105-BEARISH,16290.3,M1,16294.2,OB
2021-11-08 06:43:00,BEARISH,D1-20211105-BEARISH,16298.6,M1,16298.7,OB
2021-11-08 06:46:00,BEARISH,D1-20211105-BEARISH,16295.3,M1,16297.6,OB
2021-11-08 06:51:00,BEARISH,D1-20211105-BEARISH,16292.5,M1,16293.4,OB
2021-11-08 08:30:00,BEARISH,D1-20211105-BEARISH,16312.0,M1,16314.9,OB
2021-11-08 08:40:00,BEARISH,D1-20211105-BEARISH,16301.9,M1,16303.1,OB
2021-11-08 08:44:00,BEARISH,D1-20211105-BEARISH,16298.7,M1,16302.0,OB
2021-11-08 09:45:00,BEARISH,D1-20211105-BEARISH,16308.5,M1,16310.2,OB
2021-11-08 09:52:00,BEARISH,D1-20211105-BEARISH,16304.6,M1,16306.9,OB
2021-11-08 12:50:00,BEARISH,D1-20211105-BEARISH,16351.4,M1,16353.0,OB
2021-11-08 14:01:00,BEARISH,D1-20211105-BEARISH,16362.8,M1,16364.5,OB
2021-11-08 14:45:00,BEARISH,D1-20211105-BEARISH,16356.6,M1,16361.2,OB
2021-11-08 14:56:00,BEARISH,D1-20211105-BEARISH,16347.5,M1,16350.0,OB
2021-11-08 16:01:00,BEARISH,D1-20211105-BEARISH,16361.4,M1,16363.0,OB
2021-11-08 17:29:00,BEARISH,D1-20211105-BEARISH,16359.5,M1,16364.8,OB
2021-11-08 17:39:00,BEARISH,D1-20211105-BEARISH,16348.5,M1,16359.2,OB
2021-11-08 18:50:00,BEARISH,D1-20211105-BEARISH,16355.1,M1,16359.1,OB
2021-11-08 18:53:00,BEARISH,D1-20211105-BEARISH,16342.6,M1,16347.5,OB
2021-11-08 19:04:00,BEARISH,D1-20211105-BEARISH,16340.4,M1,16345.6,OB
2021-11-08 20:35:00,BEARISH,D1-20211105-BEARISH,16365.1,M1,16370.1,OB
2021-11-08 21:27:00,BEARISH,D1-20211105-BEARISH,16363.5,M1,16368.2,OB
2021-11-08 21:30:00,BEARISH,D1-20211105-BEARISH,16355.6,M1,16358.7,OB
2021-11-08 22:28:00,BEARISH,D1-20211105-BEARISH,16365.3,M1,16367.5,OB
2021-11-08 22:42:00,BEARISH,D1-20211105-BEARISH,16352.4,M1,16356.2,OB
2021-11-08 22:46:00,BEARISH,D1-20211105-BEARISH,16335.6,M1,16340.8,OB
2021-11-08 23:36:00,BEARISH,D1-20211105-BEARISH,16333.4,M1,16335.2,OB
2021-12-29 04:00:00,BEARISH,D1-20211228-BEARISH,16543.7,M15,16553.2,OB
2021-12-29 13:15:00,BEARISH,D1-20211228-BEARISH,16540.1,M15,16549.0,OB
2021-12-29 17:15:00,BEARISH,D1-20211228-BEARISH,16479.4,M15,16532.5,OB
2021-12-29 03:35:00,BEARISH,D1-20211228-BEARISH,16539.6,M5,16544.6,OB
2021-12-29 04:00:00,BEARISH,D1-20211228-BEARISH,16518.7,M5,16526.8,OB
2021-12-29 07:30:00,BEARISH,D1-20211228-BEARISH,16538.7,M5,16544.0,OB
2021-12-29 10:05:00,BEARISH,D1-20211228-BEARISH,16557.7,M5,16563.1,OB
2021-12-29 12:55:00,BEARISH,D1-20211228-BEARISH,16547.2,M5,16551.9,OB
2021-12-29 13:10:00,BEARISH,D1-20211228-BEARISH,16536.9,M5,16546.0,OB
2021-12-29 14:10:00,BEARISH,D1-20211228-BEARISH,16519.2,M5,16527.2,OB
2021-12-29 15:25:00,BEARISH,D1-20211228-BEARISH,16506.2,M5,16510.5,OB
2021-12-29 17:15:00,BEARISH,D1-20211228-BEARISH,16477.2,M5,16501.7,OB
2021-12-29 02:04:00,BEARISH,D1-20211228-BEARISH,16540.0,M1,16548.0,OB
2021-12-29 03:15:00,BEARISH,D1-20211228-BEARISH,16550.6,M1,16553.2,OB
2021-12-29 06:14:00,BEARISH,D1-20211228-BEARISH,16539.8,M1,16541.0,OB
2021-12-29 07:01:00,BEARISH,D1-20211228-BEARISH,16542.4,M1,16544.0,OB
2021-12-29 07:29:00,BEARISH,D1-20211228-BEARISH,16539.6,M1,16540.8,OB
2021-12-29 08:03:00,BEARISH,D1-20211228-BEARISH,16550.0,M1,16552.5,OB
2021-12-29 08:15:00,BEARISH,D1-20211228-BEARISH,16544.4,M1,16548.1,OB
2021-12-29 10:01:00,BEARISH,D1-20211228-BEARISH,16558.9,M1,16563.1,OB
2021-12-29 12:10:00,BEARISH,D1-20211228-BEARISH,16555.8,M1,16557.3,OB
2021-12-29 12:53:00,BEARISH,D1-20211228-BEARISH,16547.7,M1,16549.1,OB
2021-12-29 13:08:00,BEARISH,D1-20211228-BEARISH,16534.5,M1,16536.1,OB
2021-12-29 14:07:00,BEARISH,D1-20211228-BEARISH,16518.8,M1,16522.2,OB
2021-12-29 14:55:00,BEARISH,D1-20211228-BEARISH,16515.1,M1,16516.2,OB
2021-12-29 15:04:00,BEARISH,D1-20211228-BEARISH,16502.3,M1,16507.2,OB
2021-12-29 15:24:00,BEARISH,D1-20211228-BEARISH,16502.1,M1,16504.7,OB
2021-12-29 15:27:00,BEARISH,D1-20211228-BEARISH,16491.4,M1,16496.1,OB
2021-12-29 15:40:00,BEARISH,D1-20211228-BEARISH,16480.6,M1,16486.2,OB
2021-12-29 17:12:00,BEARISH,D1-20211228-BEARISH,16486.6,M1,16501.7,OB
2021-12-29 17:17:00,BEARISH,D1-20211228-BEARISH,16424.5,M1,16443.4,OB
2021-12-29 18:55:00,BEARISH,D1-20211228-BEARISH,16446.6,M1,16453.7,OB
2021-12-29 22:02:00,BEARISH,D1-20211228-BEARISH,16499.5,M1,16502.4,OB
2021-12-29 23:00:00,BEARISH,D1-20211228-BEARISH,16500.2,M1,16505.0,OB
2022-01-17 11:30:00,BULLISH,D1-20220114-BULLISH,15585.3,M15,15598.6,OB
2022-01-17 08:15:00,BULLISH,D1-20220114-BULLISH,15528.5,M5,15539.0,OB
2022-01-17 10:45:00,BULLISH,D1-20220114-BULLISH,15571.7,M5,15581.5,OB
2022-01-17 11:20:00,BULLISH,D1-20220114-BULLISH,15585.8,M5,15593.0,OB
2022-01-17 08:07:00,BULLISH,D1-20220114-BULLISH,15528.6,M1,15533.5,OB
2022-01-17 08:36:00,BULLISH,D1-20220114-BULLISH,15563.0,M1,15566.3,OB
2022-01-17 09:23:00,BULLISH,D1-20220114-BULLISH,15556.4,M1,15560.2,OB
2022-01-17 09:40:00,BULLISH,D1-20220114-BULLISH,15571.8,M1,15576.1,OB
2022-01-17 10:36:00,BULLISH,D1-20220114-BULLISH,15574.1,M1,15578.0,OB
2022-01-17 11:20:00,BULLISH,D1-20220114-BULLISH,15596.2,M1,15600.2,OB
2022-01-17 11:30:00,BULLISH,D1-20220114-BULLISH,15611.2,M1,15615.6,OB
2022-01-17 12:09:00,BULLISH,D1-20220114-BULLISH,15623.3,M1,15626.1,OB
2022-01-17 12:17:00,BULLISH,D1-20220114-BULLISH,15629.6,M1,15632.8,OB
2022-01-17 13:17:00,BULLISH,D1-20220114-BULLISH,15623.2,M1,15625.1,OB
2022-01-17 13:52:00,BULLISH,D1-20220114-BULLISH,15621.0,M1,15623.8,OB
2022-01-17 14:04:00,BULLISH,D1-20220114-BULLISH,15628.6,M1,15631.8,OB
2022-01-17 15:15:00,BULLISH,D1-20220114-BULLISH,15622.3,M1,15624.2,OB
2022-01-17 16:31:00,BULLISH,D1-20220114-BULLISH,15605.6,M1,15607.6,OB
2022-01-17 18:23:00,BULLISH,D1-20220114-BULLISH,15588.3,M1,15590.2,OB
2022-01-25 11:25:00,BULLISH,D1-20220124-BULLISH,14229.9,M5,14263.7,OB
2022-01-25 20:35:00,BULLISH,D1-20220124-BULLISH,14116.7,M5,14138.7,OB
2022-01-25 21:00:00,BULLISH,D1-20220124-BULLISH,14188.6,M5,14221.4,OB
2022-01-25 21:20:00,BULLISH,D1-20220124-BULLISH,14226.3,M5,14261.0,OB
2022-01-25 08:01:00,BULLISH,D1-20220124-BULLISH,14323.2,M1,14334.7,OB
2022-01-25 08:20:00,BULLISH,D1-20220124-BULLISH,14306.6,M1,14314.9,OB
2022-01-25 08:49:00,BULLISH,D1-20220124-BULLISH,14304.6,M1,14315.9,OB
2022-01-25 09:41:00,BULLISH,D1-20220124-BULLISH,14216.8,M1,14228.7,OB
2022-01-25 10:15:00,BULLISH,D1-20220124-BULLISH,14230.3,M1,14246.5,OB
2022-01-25 10:51:00,BULLISH,D1-20220124-BULLISH,14253.0,M1,14261.8,OB
2022-01-25 11:17:00,BULLISH,D1-20220124-BULLISH,14237.5,M1,14247.9,OB
2022-01-25 11:22:00,BULLISH,D1-20220124-BULLISH,14253.7,M1,14264.4,OB
2022-01-25 11:46:00,BULLISH,D1-20220124-BULLISH,14321.1,M1,14338.1,OB
2022-01-25 11:56:00,BULLISH,D1-20220124-BULLISH,14361.3,M1,14372.3,OB
2022-01-25 13:04:00,BULLISH,D1-20220124-BULLISH,14276.4,M1,14293.0,OB
2022-01-25 13:57:00,BULLISH,D1-20220124-BULLISH,14233.1,M1,14241.5,OB
2022-01-25 17:15:00,BULLISH,D1-20220124-BULLISH,14058.1,M1,14080.6,OB
2022-01-25 18:20:00,BULLISH,D1-20220124-BULLISH,14101.4,M1,14124.3,OB
2022-01-25 19:06:00,BULLISH,D1-20220124-BULLISH,14049.2,M1,14063.2,OB
2022-01-25 20:27:00,BULLISH,D1-20220124-BULLISH,14117.5,M1,14137.0,OB
2022-01-25 20:50:00,BULLISH,D1-20220124-BULLISH,14190.4,M1,14217.5,OB
2022-01-25 21:00:00,BULLISH,D1-20220124-BULLISH,14248.0,M1,14261.0,OB
2022-01-25 21:13:00,BULLISH,D1-20220124-BULLISH,14236.3,M1,14258.1,OB
2022-01-25 21:41:00,BULLISH,D1-20220124-BULLISH,14292.5,M1,14310.9,OB
2022-01-25 21:44:00,BULLISH,D1-20220124-BULLISH,14327.5,M1,14340.6,OB
2022-04-26 04:05:00,BULLISH,D1-20220425-BULLISH,13521.4,M5,13527.0,OB
2022-04-26 05:45:00,BULLISH,D1-20220425-BULLISH,13541.2,M5,13546.3,OB
2022-04-26 12:00:00,BULLISH,D1-20220425-BULLISH,13492.6,M5,13502.9,OB
2022-04-26 20:00:00,BULLISH,D1-20220425-BULLISH,13157.3,M5,13179.0,OB
2022-04-26 01:51:00,BULLISH,D1-20220425-BULLISH,13512.9,M1,13514.4,OB
2022-04-26 02:14:00,BULLISH,D1-20220425-BULLISH,13523.4,M1,13525.0,OB
2022-04-26 03:23:00,BULLISH,D1-20220425-BULLISH,13510.6,M1,13512.5,OB
2022-04-26 03:45:00,BULLISH,D1-20220425-BULLISH,13518.6,M1,13518.9,OB
2022-04-26 03:58:00,BULLISH,D1-20220425-BULLISH,13525.2,M1,13526.8,OB
2022-04-26 05:07:00,BULLISH,D1-20220425-BULLISH,13526.9,M1,13530.1,OB
2022-04-26 05:38:00,BULLISH,D1-20220425-BULLISH,13541.9,M1,13543.3,OB
2022-04-26 05:43:00,BULLISH,D1-20220425-BULLISH,13542.2,M1,13547.4,OB
2022-04-26 06:03:00,BULLISH,D1-20220425-BULLISH,13559.1,M1,13561.6,OB
2022-04-26 07:41:00,BULLISH,D1-20220425-BULLISH,13561.7,M1,13563.0,OB
2022-04-26 07:54:00,BULLISH,D1-20220425-BULLISH,13565.0,M1,13566.2,OB
2022-04-26 08:53:00,BULLISH,D1-20220425-BULLISH,13557.7,M1,13561.1,OB
2022-04-26 11:11:00,BULLISH,D1-20220425-BULLISH,13465.0,M1,13472.4,OB
2022-04-26 11:16:00,BULLISH,D1-20220425-BULLISH,13477.5,M1,13483.2,OB
2022-04-26 11:58:00,BULLISH,D1-20220425-BULLISH,13493.8,M1,13498.3,OB
2022-04-26 12:34:00,BULLISH,D1-20220425-BULLISH,13503.9,M1,13508.2,OB
2022-04-26 14:14:00,BULLISH,D1-20220425-BULLISH,13460.6,M1,13465.8,OB
2022-04-26 14:47:00,BULLISH,D1-20220425-BULLISH,13463.2,M1,13469.1,OB
2022-04-26 14:51:00,BULLISH,D1-20220425-BULLISH,13473.2,M1,13477.7,OB
2022-04-26 15:00:00,BULLISH,D1-20220425-BULLISH,13475.0,M1,13480.1,OB
2022-04-26 15:27:00,BULLISH,D1-20220425-BULLISH,13476.3,M1,13485.3,OB
2022-04-26 15:55:00,BULLISH,D1-20220425-BULLISH,13452.1,M1,13459.3,OB
2022-04-26 18:23:00,BULLISH,D1-20220425-BULLISH,13109.9,M1,13123.1,OB
2022-04-26 19:10:00,BULLISH,D1-20220425-BULLISH,13115.2,M1,13124.3,OB
2022-04-26 19:24:00,BULLISH,D1-20220425-BULLISH,13161.6,M1,13171.1,OB
2022-04-26 19:28:00,BULLISH,D1-20220425-BULLISH,13177.7,M1,13187.4,OB
2022-04-26 19:58:00,BULLISH,D1-20220425-BULLISH,13165.0,M1,13176.1,OB
2022-04-26 20:42:00,BULLISH,D1-20220425-BULLISH,13101.9,M1,13109.3,OB
2022-04-26 21:16:00,BULLISH,D1-20220425-BULLISH,13127.5,M1,13139.4,OB
2022-04-26 21:22:00,BULLISH,D1-20220425-BULLISH,13138.9,M1,13155.5,OB
2022-04-26 21:56:00,BULLISH,D1-20220425-BULLISH,13159.0,M1,13171.4,OB
2022-05-03 05:15:00,BULLISH,D1-20220502-BULLISH,13072.3,M15,13087.0,OB
2022-05-03 03:35:00,BULLISH,D1-20220502-BULLISH,13049.1,M5,13058.8,OB
2022-05-03 05:50:00,BULLISH,D1-20220502-BULLISH,13138.6,M5,13143.4,OB
2022-05-03 10:55:00,BULLISH,D1-20220502-BULLISH,13060.3,M5,13082.4,OB
2022-05-03 17:00:00,BULLISH,D1-20220502-BULLISH,12970.0,M5,13018.7,OB
2022-05-03 01:52:00,BULLISH,D1-20220502-BULLISH,13030.4,M1,13031.6,OB
2022-05-03 02:01:00,BULLISH,D1-20220502-BULLISH,13033.6,M1,13035.6,OB
2022-05-03 02:22:00,BULLISH,D1-20220502-BULLISH,13049.7,M1,13050.7,OB
2022-05-03 02:58:00,BULLISH,D1-20220502-BULLISH,13041.7,M1,13043.6,OB
2022-05-03 03:33:00,BULLISH,D1-20220502-BULLISH,13057.3,M1,13062.1,OB
2022-05-03 03:44:00,BULLISH,D1-20220502-BULLISH,13084.7,M1,13087.6,OB
2022-05-03 04:31:00,BULLISH,D1-20220502-BULLISH,13075.1,M1,13078.5,OB
2022-05-03 04:48:00,BULLISH,D1-20220502-BULLISH,13072.3,M1,13076.1,OB
2022-05-03 04:51:00,BULLISH,D1-20220502-BULLISH,13092.9,M1,13097.6,OB
2022-05-03 05:01:00,BULLISH,D1-20220502-BULLISH,13110.5,M1,13115.9,OB
2022-05-03 05:03:00,BULLISH,D1-20220502-BULLISH,13122.3,M1,13126.6,OB
2022-05-03 05:44:00,BULLISH,D1-20220502-BULLISH,13146.0,M1,13147.8,OB
2022-05-03 05:49:00,BULLISH,D1-20220502-BULLISH,13150.3,M1,13155.1,OB
2022-05-03 06:14:00,BULLISH,D1-20220502-BULLISH,13149.1,M1,13151.6,OB
2022-05-03 07:33:00,BULLISH,D1-20220502-BULLISH,13127.3,M1,13131.6,OB
2022-05-03 07:36:00,BULLISH,D1-20220502-BULLISH,13133.4,M1,13136.6,OB
2022-05-03 08:14:00,BULLISH,D1-20220502-BULLISH,13122.6,M1,13125.4,OB
2022-05-03 09:19:00,BULLISH,D1-20220502-BULLISH,13074.6,M1,13083.4,OB
2022-05-03 10:55:00,BULLISH,D1-20220502-BULLISH,13082.1,M1,13092.4,OB
2022-05-03 11:03:00,BULLISH,D1-20220502-BULLISH,13086.1,M1,13091.5,OB
2022-05-03 12:44:00,BULLISH,D1-20220502-BULLISH,13064.9,M1,13069.0,OB
2022-05-03 14:29:00,BULLISH,D1-20220502-BULLISH,13014.7,M1,13020.6,OB
2022-05-03 15:16:00,BULLISH,D1-20220502-BULLISH,13075.8,M1,13081.9,OB
2022-05-03 15:34:00,BULLISH,D1-20220502-BULLISH,13065.3,M1,13074.2,OB
2022-05-03 15:44:00,BULLISH,D1-20220502-BULLISH,13102.7,M1,13107.6,OB
2022-05-03 17:01:00,BULLISH,D1-20220502-BULLISH,13067.5,M1,13085.3,OB
2022-05-03 17:33:00,BULLISH,D1-20220502-BULLISH,13034.2,M1,13064.5,OB
2022-05-03 18:08:00,BULLISH,D1-20220502-BULLISH,13052.6,M1,13077.6,OB
2022-05-03 20:13:00,BULLISH,D1-20220502-BULLISH,13098.4,M1,13113.6,OB
2022-05-03 21:33:00,BULLISH,D1-20220502-BULLISH,13033.3,M1,13043.5,OB
2022-05-03 21:36:00,BULLISH,D1-20220502-BULLISH,13046.1,M1,13060.8,OB
2022-05-03 23:05:00,BULLISH,D1-20220502-BULLISH,13087.5,M1,13095.5,OB
2022-05-03 23:56:00,BULLISH,D1-20220502-BULLISH,13105.3,M1,13108.6,OB
2022-05-20 10:45:00,BULLISH,D1-20220519-BULLISH,11961.1,M15,11988.3,OB
2022-05-20 11:45:00,BULLISH,D1-20220519-BULLISH,12027.3,M15,12054.9,OB
2022-05-20 22:45:00,BULLISH,D1-20220519-BULLISH,11545.5,M15,11613.4,OB
2022-05-20 03:10:00,BULLISH,D1-20220519-BULLISH,11925.5,M5,11932.9,OB
2022-05-20 08:55:00,BULLISH,D1-20220519-BULLISH,11995.6,M5,12004.7,OB
2022-05-20 10:40:00,BULLISH,D1-20220519-BULLISH,12003.2,M5,12018.7,OB
2022-05-20 14:55:00,BULLISH,D1-20220519-BULLISH,12045.1,M5,12052.7,OB
2022-05-20 01:07:00,BULLISH,D1-20220519-BULLISH,11908.4,M1,11912.2,OB
2022-05-20 01:51:00,BULLISH,D1-20220519-BULLISH,11900.3,M1,11903.2,OB
2022-05-20 02:05:00,BULLISH,D1-20220519-BULLISH,11902.2,M1,11905.7,OB
2022-05-20 02:28:00,BULLISH,D1-20220519-BULLISH,11897.3,M1,11898.8,OB
2022-05-20 02:50:00,BULLISH,D1-20220519-BULLISH,11919.0,M1,11921.7,OB
2022-05-20 03:08:00,BULLISH,D1-20220519-BULLISH,11936.8,M1,11943.8,OB
2022-05-20 03:39:00,BULLISH,D1-20220519-BULLISH,11963.1,M1,11967.8,OB
2022-05-20 04:11:00,BULLISH,D1-20220519-BULLISH,11951.7,M1,11954.2,OB
2022-05-20 04:20:00,BULLISH,D1-20220519-BULLISH,11956.6,M1,11961.0,OB
2022-05-20 04:26:00,BULLISH,D1-20220519-BULLISH,11978.0,M1,11982.0,OB
2022-05-20 05:46:00,BULLISH,D1-20220519-BULLISH,11977.5,M1,11979.0,OB
2022-05-20 05:48:00,BULLISH,D1-20220519-BULLISH,11983.6,M1,11985.9,OB
2022-05-20 07:04:00,BULLISH,D1-20220519-BULLISH,11974.0,M1,11978.7,OB
2022-05-20 07:26:00,BULLISH,D1-20220519-BULLISH,11995.0,M1,11998.0,OB
2022-05-20 08:00:00,BULLISH,D1-20220519-BULLISH,11999.6,M1,12002.1,OB
2022-05-20 08:41:00,BULLISH,D1-20220519-BULLISH,11998.0,M1,12001.6,OB
2022-05-20 08:52:00,BULLISH,D1-20220519-BULLISH,11997.4,M1,12000.8,OB
2022-05-20 10:34:00,BULLISH,D1-20220519-BULLISH,12002.8,M1,12014.1,OB
2022-05-20 11:29:00,BULLISH,D1-20220519-BULLISH,12046.3,M1,12050.2,OB
2022-05-20 12:14:00,BULLISH,D1-20220519-BULLISH,12068.7,M1,12074.6,OB
2022-05-20 14:50:00,BULLISH,D1-20220519-BULLISH,12049.4,M1,12052.8,OB
2022-05-20 15:38:00,BULLISH,D1-20220519-BULLISH,12040.1,M1,12045.6,OB
2022-05-20 16:43:00,BULLISH,D1-20220519-BULLISH,11979.0,M1,12000.3,OB
2022-05-20 17:29:00,BULLISH,D1-20220519-BULLISH,11899.5,M1,11918.5,OB
2022-05-20 18:27:00,BULLISH,D1-20220519-BULLISH,11712.6,M1,11724.0,OB
2022-05-20 20:32:00,BULLISH,D1-20220519-BULLISH,11494.9,M1,11503.0,OB
2022-05-20 20:34:00,BULLISH,D1-20220519-BULLISH,11524.7,M1,11540.5,OB
2022-05-20 20:47:00,BULLISH,D1-20220519-BULLISH,11577.3,M1,11589.9,OB
2022-05-20 22:34:00,BULLISH,D1-20220519-BULLISH,11646.1,M1,11660.3,OB
2022-05-20 22:42:00,BULLISH,D1-20220519-BULLISH,11717.9,M1,11752.0,OB
2022-06-15 03:00:00,BULLISH,D1-20220614-BULLISH,11329.0,M15,11348.2,OB
2022-06-15 14:30:00,BULLISH,D1-20220614-BULLISH,11379.9,M15,11392.7,OB
2022-06-15 16:00:00,BULLISH,D1-20220614-BULLISH,11401.5,M15,11426.8,OB
2022-06-15 21:45:00,BULLISH,D1-20220614-BULLISH,11420.1,M15,11524.4,OB
2022-06-15 08:50:00,BULLISH,D1-20220614-BULLISH,11328.8,M5,11339.9,OB
2022-06-15 15:50:00,BULLISH,D1-20220614-BULLISH,11422.6,M5,11437.6,OB
2022-06-15 21:00:00,BULLISH,D1-20220614-BULLISH,11490.5,M5,11508.7,OB
2022-06-15 21:45:00,BULLISH,D1-20220614-BULLISH,11339.4,M5,11452.8,OB
2022-06-15 01:01:00,BULLISH,D1-20220614-BULLISH,11322.9,M1,11325.3,OB
2022-06-15 01:13:00,BULLISH,D1-20220614-BULLISH,11333.4,M1,11337.9,OB
2022-06-15 02:24:00,BULLISH,D1-20220614-BULLISH,11332.1,M1,11334.4,OB
2022-06-15 02:45:00,BULLISH,D1-20220614-BULLISH,11354.5,M1,11357.3,OB
2022-06-15 04:04:00,BULLISH,D1-20220614-BULLISH,11368.3,M1,11371.8,OB
2022-06-15 04:25:00,BULLISH,D1-20220614-BULLISH,11381.7,M1,11386.0,OB
2022-06-15 06:07:00,BULLISH,D1-20220614-BULLISH,11399.0,M1,11400.8,OB
2022-06-15 08:45:00,BULLISH,D1-20220614-BULLISH,11332.4,M1,11337.0,OB
2022-06-15 08:48:00,BULLISH,D1-20220614-BULLISH,11343.0,M1,11347.3,OB
2022-06-15 08:54:00,BULLISH,D1-20220614-BULLISH,11357.6,M1,11363.9,OB
2022-06-15 09:22:00,BULLISH,D1-20220614-BULLISH,11375.6,M1,11380.6,OB
2022-06-15 10:36:00,BULLISH,D1-20220614-BULLISH,11352.8,M1,11370.5,OB
2022-06-15 11:08:00,BULLISH,D1-20220614-BULLISH,11372.3,M1,11379.2,OB
2022-06-15 12:18:00,BULLISH,D1-20220614-BULLISH,11367.4,M1,11373.2,OB
2022-06-15 12:44:00,BULLISH,D1-20220614-BULLISH,11375.1,M1,11380.7,OB
2022-06-15 13:00:00,BULLISH,D1-20220614-BULLISH,11377.5,M1,11383.2,OB
2022-06-15 14:15:00,BULLISH,D1-20220614-BULLISH,11380.2,M1,11384.5,OB
2022-06-15 14:31:00,BULLISH,D1-20220614-BULLISH,11415.9,M1,11421.4,OB
2022-06-15 14:53:00,BULLISH,D1-20220614-BULLISH,11416.3,M1,11419.6,OB
2022-06-15 15:32:00,BULLISH,D1-20220614-BULLISH,11409.1,M1,11418.0,OB
2022-06-15 15:50:00,BULLISH,D1-20220614-BULLISH,11440.8,M1,11450.8,OB
2022-06-15 16:42:00,BULLISH,D1-20220614-BULLISH,11451.6,M1,11473.7,OB
2022-06-15 18:57:00,BULLISH,D1-20220614-BULLISH,11470.4,M1,11484.0,OB
2022-06-15 19:16:00,BULLISH,D1-20220614-BULLISH,11506.7,M1,11512.1,OB
2022-06-15 20:12:00,BULLISH,D1-20220614-BULLISH,11464.3,M1,11471.7,OB
2022-06-15 20:28:00,BULLISH,D1-20220614-BULLISH,11488.6,M1,11495.9,OB
2022-06-15 20:56:00,BULLISH,D1-20220614-BULLISH,11497.8,M1,11507.7,OB
2022-06-15 21:18:00,BULLISH,D1-20220614-BULLISH,11435.5,M1,11460.2,OB
2022-06-15 22:22:00,BULLISH,D1-20220614-BULLISH,11560.9,M1,11595.1,OB
2022-06-15 22:33:00,BULLISH,D1-20220614-BULLISH,11677.5,M1,11700.3,OB
2022-06-15 23:35:00,BULLISH,D1-20220614-BULLISH,11569.2,M1,11572.8,OB
2022-06-15 23:45:00,BULLISH,D1-20220614-BULLISH,11587.3,M1,11589.3,OB
2022-06-15 23:50:00,BULLISH,D1-20220614-BULLISH,11584.2,M1,11587.2,OB
2022-06-30 05:30:00,BULLISH,D1-20220629-BULLISH,11613.8,M5,11619.6,OB
2022-06-30 15:35:00,BULLISH,D1-20220629-BULLISH,11472.7,M5,11486.2,OB
2022-06-30 18:00:00,BULLISH,D1-20220629-BULLISH,11380.7,M5,11404.0,OB
2022-06-30 18:30:00,BULLISH,D1-20220629-BULLISH,11466.9,M5,11490.9,OB
2022-06-30 19:25:00,BULLISH,D1-20220629-BULLISH,11516.0,M5,11557.2,OB
2022-06-30 01:29:00,BULLISH,D1-20220629-BULLISH,11653.2,M1,11654.1,OB
2022-06-30 01:51:00,BULLISH,D1-20220629-BULLISH,11649.4,M1,11651.6,OB
2022-06-30 02:46:00,BULLISH,D1-20220629-BULLISH,11642.6,M1,11644.2,OB
2022-06-30 03:43:00,BULLISH,D1-20220629-BULLISH,11639.7,M1,11645.9,OB
2022-06-30 04:31:00,BULLISH,D1-20220629-BULLISH,11601.3,M1,11604.6,OB
2022-06-30 05:23:00,BULLISH,D1-20220629-BULLISH,11616.7,M1,11620.3,OB
2022-06-30 05:28:00,BULLISH,D1-20220629-BULLISH,11622.1,M1,11625.3,OB
2022-06-30 05:57:00,BULLISH,D1-20220629-BULLISH,11621.7,M1,11626.3,OB
2022-06-30 07:14:00,BULLISH,D1-20220629-BULLISH,11612.7,M1,11614.6,OB
2022-06-30 08:58:00,BULLISH,D1-20220629-BULLISH,11549.6,M1,11556.4,OB
2022-06-30 09:57:00,BULLISH,D1-20220629-BULLISH,11472.7,M1,11479.4,OB
2022-06-30 10:49:00,BULLISH,D1-20220629-BULLISH,11489.1,M1,11498.4,OB
2022-06-30 11:05:00,BULLISH,D1-20220629-BULLISH,11508.1,M1,11514.4,OB
2022-06-30 11:39:00,BULLISH,D1-20220629-BULLISH,11481.6,M1,11487.6,OB
2022-06-30 11:43:00,BULLISH,D1-20220629-BULLISH,11493.8,M1,11508.4,OB
2022-06-30 12:58:00,BULLISH,D1-20220629-BULLISH,11448.7,M1,11450.2,OB
2022-06-30 13:25:00,BULLISH,D1-20220629-BULLISH,11463.1,M1,11465.3,OB
2022-06-30 14:28:00,BULLISH,D1-20220629-BULLISH,11470.6,M1,11475.2,OB
2022-06-30 15:31:00,BULLISH,D1-20220629-BULLISH,11472.7,M1,11482.1,OB
2022-06-30 16:17:00,BULLISH,D1-20220629-BULLISH,11500.8,M1,11507.3,OB
2022-06-30 17:54:00,BULLISH,D1-20220629-BULLISH,11395.4,M1,11407.6,OB
2022-06-30 18:00:00,BULLISH,D1-20220629-BULLISH,11427.9,M1,11439.7,OB
2022-06-30 18:24:00,BULLISH,D1-20220629-BULLISH,11494.8,M1,11508.9,OB
2022-06-30 18:27:00,BULLISH,D1-20220629-BULLISH,11520.5,M1,11531.4,OB
2022-06-30 18:59:00,BULLISH,D1-20220629-BULLISH,11548.9,M1,11563.6,OB
2022-06-30 19:20:00,BULLISH,D1-20220629-BULLISH,11523.7,M1,11535.4,OB
2022-06-30 19:25:00,BULLISH,D1-20220629-BULLISH,11559.2,M1,11570.5,OB
2022-06-30 20:41:00,BULLISH,D1-20220629-BULLISH,11586.9,M1,11598.1,OB
2022-06-30 22:26:00,BULLISH,D1-20220629-BULLISH,11460.1,M1,11472.5,OB
2022-06-30 22:33:00,BULLISH,D1-20220629-BULLISH,11518.0,M1,11531.5,OB
2022-08-12 03:40:00,BEARISH,D1-20220811-BEARISH,13312.1,M5,13318.0,OB
2022-08-12 10:05:00,BEARISH,D1-20220811-BEARISH,13331.7,M5,13340.9,OB
2022-08-12 13:10:00,BEARISH,D1-20220811-BEARISH,13370.4,M5,13380.8,OB
2022-08-12 14:05:00,BEARISH,D1-20220811-BEARISH,13349.5,M5,13356.2,OB
2022-08-12 01:01:00,BEARISH,D1-20220811-BEARISH,13324.7,M1,13326.3,OB
2022-08-12 01:43:00,BEARISH,D1-20220811-BEARISH,13303.2,M1,13305.2,OB
2022-08-12 02:44:00,BEARISH,D1-20220811-BEARISH,13312.8,M1,13313.9,OB
2022-08-12 03:37:00,BEARISH,D1-20220811-BEARISH,13308.9,M1,13313.2,OB
2022-08-12 04:59:00,BEARISH,D1-20220811-BEARISH,13303.7,M1,13305.7,OB
2022-08-12 05:30:00,BEARISH,D1-20220811-BEARISH,13310.1,M1,13312.5,OB
2022-08-12 07:34:00,BEARISH,D1-20220811-BEARISH,13320.6,M1,13321.3,OB
2022-08-12 07:56:00,BEARISH,D1-20220811-BEARISH,13323.7,M1,13325.2,OB
2022-08-12 08:19:00,BEARISH,D1-20220811-BEARISH,13326.2,M1,13328.3,OB
2022-08-12 09:23:00,BEARISH,D1-20220811-BEARISH,13335.2,M1,13337.2,OB
2022-08-12 10:02:00,BEARISH,D1-20220811-BEARISH,13337.7,M1,13340.5,OB
2022-08-12 11:55:00,BEARISH,D1-20220811-BEARISH,13376.3,M1,13380.0,OB
2022-08-12 11:58:00,BEARISH,D1-20220811-BEARISH,13370.1,M1,13372.7,OB
2022-08-12 12:07:00,BEARISH,D1-20220811-BEARISH,13365.0,M1,13369.4,OB
2022-08-12 13:57:00,BEARISH,D1-20220811-BEARISH,13353.5,M1,13356.2,OB
2022-08-12 14:23:00,BEARISH,D1-20220811-BEARISH,13332.7,M1,13335.8,OB
2022-08-12 15:44:00,BEARISH,D1-20220811-BEARISH,13371.4,M1,13373.4,OB
2022-08-12 16:34:00,BEARISH,D1-20220811-BEARISH,13378.9,M1,13394.3,OB
2022-08-12 17:41:00,BEARISH,D1-20220811-BEARISH,13401.4,M1,13414.5,OB
2022-08-12 17:49:00,BEARISH,D1-20220811-BEARISH,13383.3,M1,13393.3,OB
2022-08-12 18:52:00,BEARISH,D1-20220811-BEARISH,13450.1,M1,13455.6,OB
2022-08-12 20:33:00,BEARISH,D1-20220811-BEARISH,13481.6,M1,13487.2,OB
2022-08-12 22:46:00,BEARISH,D1-20220811-BEARISH,13544.2,M1,13547.7,OB
2022-09-15 12:35:00,BULLISH,D1-20220914-BULLISH,12131.1,M5,12135.9,OB
2022-09-15 16:50:00,BULLISH,D1-20220914-BULLISH,12033.0,M5,12066.8,OB
2022-09-15 20:05:00,BULLISH,D1-20220914-BULLISH,11979.0,M5,11989.9,OB
2022-09-15 12:31:00,BULLISH,D1-20220914-BULLISH,12131.4,M1,12133.8,OB
2022-09-15 12:35:00,BULLISH,D1-20220914-BULLISH,12141.3,M1,12143.3,OB
2022-09-15 14:14:00,BULLISH,D1-20220914-BULLISH,12099.2,M1,12102.4,OB
2022-09-15 14:24:00,BULLISH,D1-20220914-BULLISH,12115.2,M1,12118.7,OB
2022-09-15 14:28:00,BULLISH,D1-20220914-BULLISH,12121.3,M1,12124.8,OB
2022-09-15 15:31:00,BULLISH,D1-20220914-BULLISH,12073.8,M1,12081.8,OB
2022-09-15 16:41:00,BULLISH,D1-20220914-BULLISH,12035.5,M1,12054.5,OB
2022-09-15 16:50:00,BULLISH,D1-20220914-BULLISH,12073.1,M1,12093.6,OB
2022-09-15 17:01:00,BULLISH,D1-20220914-BULLISH,12118.0,M1,12127.0,OB
2022-09-15 18:20:00,BULLISH,D1-20220914-BULLISH,11918.8,M1,11927.7,OB
2022-09-15 18:23:00,BULLISH,D1-20220914-BULLISH,11941.7,M1,11951.4,OB
2022-09-15 19:42:00,BULLISH,D1-20220914-BULLISH,11965.4,M1,11969.9,OB
2022-09-15 20:00:00,BULLISH,D1-20220914-BULLISH,11979.6,M1,11986.7,OB
2022-09-19 15:45:00,BULLISH,D1-20220916-BULLISH,11732.7,M15,11755.9,OB
2022-09-19 16:45:00,BULLISH,D1-20220916-BULLISH,11742.6,M15,11781.6,OB
2022-09-19 17:45:00,BULLISH,D1-20220916-BULLISH,11799.1,M15,11854.1,OB
2022-09-19 08:20:00,BULLISH,D1-20220916-BULLISH,11805.1,M5,11810.8,OB
2022-09-19 16:35:00,BULLISH,D1-20220916-BULLISH,11742.6,M5,11765.7,OB
2022-09-19 17:45:00,BULLISH,D1-20220916-BULLISH,11821.6,M5,11852.2,OB
2022-09-19 19:40:00,BULLISH,D1-20220916-BULLISH,11801.2,M5,11822.6,OB
2022-09-19 22:05:00,BULLISH,D1-20220916-BULLISH,11845.3,M5,11859.3,OB
2022-09-19 01:34:00,BULLISH,D1-20220916-BULLISH,11818.8,M1,11822.2,OB
2022-09-19 01:41:00,BULLISH,D1-20220916-BULLISH,11825.2,M1,11828.4,OB
2022-09-19 01:46:00,BULLISH,D1-20220916-BULLISH,11837.7,M1,11842.3,OB
2022-09-19 01:50:00,BULLISH,D1-20220916-BULLISH,11845.7,M1,11849.5,OB
2022-09-19 02:04:00,BULLISH,D1-20220916-BULLISH,11844.8,M1,11846.9,OB
2022-09-19 02:22:00,BULLISH,D1-20220916-BULLISH,11860.1,M1,11861.6,OB
2022-09-19 02:45:00,BULLISH,D1-20220916-BULLISH,11855.5,M1,11860.0,OB
2022-09-19 03:27:00,BULLISH,D1-20220916-BULLISH,11865.7,M1,11869.4,OB
2022-09-19 04:06:00,BULLISH,D1-20220916-BULLISH,11863.8,M1,11868.7,OB
2022-09-19 04:43:00,BULLISH,D1-20220916-BULLISH,11847.6,M1,11852.3,OB
2022-09-19 07:00:00,BULLISH,D1-20220916-BULLISH,11808.6,M1,11809.9,OB
2022-09-19 07:36:00,BULLISH,D1-20220916-BULLISH,11811.8,M1,11813.2,OB
2022-09-19 08:19:00,BULLISH,D1-20220916-BULLISH,11810.7,M1,11812.5,OB
2022-09-19 09:27:00,BULLISH,D1-20220916-BULLISH,11773.9,M1,11776.1,OB
2022-09-19 09:35:00,BULLISH,D1-20220916-BULLISH,11770.8,M1,11775.4,OB
2022-09-19 10:00:00,BULLISH,D1-20220916-BULLISH,11779.7,M1,11784.2,OB
2022-09-19 10:42:00,BULLISH,D1-20220916-BULLISH,11760.4,M1,11765.1,OB
2022-09-19 11:26:00,BULLISH,D1-20220916-BULLISH,11771.8,M1,11776.4,OB
2022-09-19 12:53:00,BULLISH,D1-20220916-BULLISH,11733.9,M1,11737.6,OB
2022-09-19 13:23:00,BULLISH,D1-20220916-BULLISH,11724.6,M1,11727.9,OB
2022-09-19 13:26:00,BULLISH,D1-20220916-BULLISH,11730.7,M1,11734.2,OB
2022-09-19 13:45:00,BULLISH,D1-20220916-BULLISH,11736.8,M1,11739.4,OB
2022-09-19 13:50:00,BULLISH,D1-20220916-BULLISH,11748.8,M1,11751.4,OB
2022-09-19 14:01:00,BULLISH,D1-20220916-BULLISH,11752.8,M1,11755.6,OB
2022-09-19 14:36:00,BULLISH,D1-20220916-BULLISH,11738.4,M1,11745.4,OB
2022-09-19 14:53:00,BULLISH,D1-20220916-BULLISH,11742.4,M1,11747.7,OB
2022-09-19 15:07:00,BULLISH,D1-20220916-BULLISH,11739.4,M1,11744.2,OB
2022-09-19 15:36:00,BULLISH,D1-20220916-BULLISH,11754.2,M1,11759.2,OB
2022-09-19 15:40:00,BULLISH,D1-20220916-BULLISH,11768.6,M1,11771.8,OB
2022-09-19 15:51:00,BULLISH,D1-20220916-BULLISH,11781.8,M1,11786.1,OB
2022-09-19 16:32:00,BULLISH,D1-20220916-BULLISH,11742.6,M1,11754.1,OB
2022-09-19 16:42:00,BULLISH,D1-20220916-BULLISH,11786.3,M1,11796.8,OB
2022-09-19 17:13:00,BULLISH,D1-20220916-BULLISH,11811.7,M1,11825.8,OB
2022-09-19 19:36:00,BULLISH,D1-20220916-BULLISH,11817.9,M1,11829.1,OB
2022-09-19 19:52:00,BULLISH,D1-20220916-BULLISH,11847.8,M1,11853.7,OB
2022-09-19 21:18:00,BULLISH,D1-20220916-BULLISH,11837.1,M1,11842.8,OB
2022-09-19 21:32:00,BULLISH,D1-20220916-BULLISH,11845.3,M1,11850.9,OB
2022-09-19 21:39:00,BULLISH,D1-20220916-BULLISH,11855.8,M1,11864.1,OB
2022-09-19 22:01:00,BULLISH,D1-20220916-BULLISH,11870.1,M1,11876.1,OB
2022-09-19 22:11:00,BULLISH,D1-20220916-BULLISH,11906.1,M1,11914.8,OB
2022-09-19 23:44:00,BULLISH,D1-20220916-BULLISH,11976.9,M1,11978.3,OB
2022-10-21 10:30:00,BULLISH,D1-20221020-BULLISH,10961.2,M15,10994.3,OB
2022-10-21 22:30:00,BULLISH,D1-20221020-BULLISH,11242.4,M15,11268.2,OB
2022-10-21 03:45:00,BULLISH,D1-20221020-BULLISH,10944.3,M5,10958.0,OB
2022-10-21 05:25:00,BULLISH,D1-20221020-BULLISH,10974.7,M5,10982.2,OB
2022-10-21 06:05:00,BULLISH,D1-20221020-BULLISH,10996.2,M5,10999.7,OB
2022-10-21 09:10:00,BULLISH,D1-20221020-BULLISH,10970.3,M5,10976.2,OB
2022-10-21 09:50:00,BULLISH,D1-20221020-BULLISH,10969.0,M5,10985.9,OB
2022-10-21 10:25:00,BULLISH,D1-20221020-BULLISH,10966.8,M5,10981.1,OB
2022-10-21 12:55:00,BULLISH,D1-20221020-BULLISH,10932.0,M5,10941.3,OB
2022-10-21 14:25:00,BULLISH,D1-20221020-BULLISH,10944.2,M5,10956.7,OB
2022-10-21 16:05:00,BULLISH,D1-20221020-BULLISH,10893.3,M5,10911.4,OB
2022-10-21 22:20:00,BULLISH,D1-20221020-BULLISH,11263.0,M5,11276.7,OB
2022-10-21 02:02:00,BULLISH,D1-20221020-BULLISH,10972.0,M1,10974.2,OB
2022-10-21 02:32:00,BULLISH,D1-20221020-BULLISH,10954.0,M1,10957.7,OB
2022-10-21 02:40:00,BULLISH,D1-20221020-BULLISH,10961.5,M1,10965.4,OB
2022-10-21 02:57:00,BULLISH,D1-20221020-BULLISH,10967.7,M1,10970.3,OB
2022-10-21 03:44:00,BULLISH,D1-20221020-BULLISH,10968.1,M1,10973.0,OB
2022-10-21 03:53:00,BULLISH,D1-20221020-BULLISH,10979.0,M1,10983.4,OB
2022-10-21 04:16:00,BULLISH,D1-20221020-BULLISH,10970.3,M1,10974.1,OB
2022-10-21 04:39:00,BULLISH,D1-20221020-BULLISH,10974.2,M1,10978.2,OB
2022-10-21 05:47:00,BULLISH,D1-20221020-BULLISH,10998.5,M1,11000.7,OB
2022-10-21 06:01:00,BULLISH,D1-20221020-BULLISH,10998.6,M1,11002.9,OB
2022-10-21 06:04:00,BULLISH,D1-20221020-BULLISH,11004.5,M1,11007.5,OB
2022-10-21 07:22:00,BULLISH,D1-20221020-BULLISH,10971.6,M1,10975.1,OB
2022-10-21 08:38:00,BULLISH,D1-20221020-BULLISH,10962.6,M1,10965.6,OB
2022-10-21 08:47:00,BULLISH,D1-20221020-BULLISH,10966.8,M1,10971.0,OB
2022-10-21 09:32:00,BULLISH,D1-20221020-BULLISH,10972.5,M1,10976.7,OB
2022-10-21 10:17:00,BULLISH,D1-20221020-BULLISH,10966.8,M1,10978.3,OB
2022-10-21 12:55:00,BULLISH,D1-20221020-BULLISH,10944.9,M1,10950.6,OB
2022-10-21 13:53:00,BULLISH,D1-20221020-BULLISH,10940.6,M1,10945.3,OB
2022-10-21 14:22:00,BULLISH,D1-20221020-BULLISH,10959.2,M1,10965.7,OB
2022-10-21 15:58:00,BULLISH,D1-20221020-BULLISH,10901.1,M1,10908.2,OB
2022-10-21 16:01:00,BULLISH,D1-20221020-BULLISH,10932.2,M1,10943.9,OB
2022-10-21 16:33:00,BULLISH,D1-20221020-BULLISH,10975.8,M1,11007.1,OB
2022-10-21 16:45:00,BULLISH,D1-20221020-BULLISH,10977.4,M1,11005.6,OB
2022-10-21 16:54:00,BULLISH,D1-20221020-BULLISH,11021.5,M1,11052.5,OB
2022-10-21 18:31:00,BULLISH,D1-20221020-BULLISH,11066.2,M1,11083.6,OB
2022-10-21 19:38:00,BULLISH,D1-20221020-BULLISH,11159.4,M1,11167.4,OB
2022-10-21 20:32:00,BULLISH,D1-20221020-BULLISH,11196.8,M1,11205.1,OB
2022-10-21 22:05:00,BULLISH,D1-20221020-BULLISH,11251.3,M1,11260.6,OB
2022-10-21 22:26:00,BULLISH,D1-20221020-BULLISH,11293.6,M1,11301.0,OB
2022-10-21 23:28:00,BULLISH,D1-20221020-BULLISH,11319.3,M1,11320.5,OB
2022-12-02 15:45:00,BEARISH,D1-20221201-BEARISH,12028.1,M15,12038.1,OB
2022-12-02 02:05:00,BEARISH,D1-20221201-BEARISH,12018.6,M5,12022.8,OB
2022-12-02 13:10:00,BEARISH,D1-20221201-BEARISH,12034.8,M5,12040.4,OB
2022-12-02 14:05:00,BEARISH,D1-20221201-BEARISH,12019.1,M5,12025.7,OB
2022-12-02 15:25:00,BEARISH,D1-20221201-BEARISH,12034.4,M5,12049.4,OB
2022-12-02 20:10:00,BEARISH,D1-20221201-BEARISH,11907.7,M5,11917.6,OB
2022-12-02 02:15:00,BEARISH,D1-20221201-BEARISH,12002.6,M1,12004.5,OB
2022-12-02 03:23:00,BEARISH,D1-20221201-BEARISH,11994.5,M1,11996.1,OB
2022-12-02 03:36:00,BEARISH,D1-20221201-BEARISH,11993.7,M1,11997.2,OB
2022-12-02 03:46:00,BEARISH,D1-20221201-BEARISH,11985.6,M1,11989.1,OB
2022-12-02 06:02:00,BEARISH,D1-20221201-BEARISH,12003.4,M1,12004.1,OB
2022-12-02 07:04:00,BEARISH,D1-20221201-BEARISH,12004.9,M1,12007.2,OB
2022-12-02 07:08:00,BEARISH,D1-20221201-BEARISH,12003.5,M1,12005.2,OB
2022-12-02 07:25:00,BEARISH,D1-20221201-BEARISH,12004.1,M1,12006.9,OB
2022-12-02 07:32:00,BEARISH,D1-20221201-BEARISH,11999.5,M1,12001.1,OB
2022-12-02 10:00:00,BEARISH,D1-20221201-BEARISH,12010.5,M1,12013.9,OB
2022-12-02 11:09:00,BEARISH,D1-20221201-BEARISH,12024.2,M1,12029.5,OB
2022-12-02 13:07:00,BEARISH,D1-20221201-BEARISH,12031.5,M1,12032.9,OB
2022-12-02 14:01:00,BEARISH,D1-20221201-BEARISH,12021.0,M1,12023.3,OB
2022-12-02 15:03:00,BEARISH,D1-20221201-BEARISH,12035.6,M1,12038.1,OB
2022-12-02 15:26:00,BEARISH,D1-20221201-BEARISH,12020.7,M1,12023.7,OB
2022-12-02 15:31:00,BEARISH,D1-20221201-BEARISH,12013.9,M1,12021.4,OB
2022-12-02 17:29:00,BEARISH,D1-20221201-BEARISH,11907.1,M1,11916.6,OB
2022-12-02 18:01:00,BEARISH,D1-20221201-BEARISH,11885.3,M1,11892.8,OB
2022-12-02 19:00:00,BEARISH,D1-20221201-BEARISH,11936.1,M1,11946.7,OB
2022-12-02 19:38:00,BEARISH,D1-20221201-BEARISH,11922.2,M1,11928.7,OB
2022-12-02 19:59:00,BEARISH,D1-20221201-BEARISH,11912.2,M1,11917.3,OB
2022-12-02 20:06:00,BEARISH,D1-20221201-BEARISH,11908.2,M1,11913.5,OB
2022-12-02 20:57:00,BEARISH,D1-20221201-BEARISH,11924.5,M1,11928.6,OB
2022-12-02 22:25:00,BEARISH,D1-20221201-BEARISH,12010.1,M1,12017.6,OB
2022-12-02 22:28:00,BEARISH,D1-20221201-BEARISH,11997.9,M1,12003.8,OB
2022-12-02 22:34:00,BEARISH,D1-20221201-BEARISH,11989.9,M1,11995.7,OB
2022-12-02 23:29:00,BEARISH,D1-20221201-BEARISH,11976.9,M1,11980.9,OB
2023-03-07 16:15:00,BEARISH,D1-20230306-BEARISH,12332.5,M15,12346.5,OB
2023-03-07 17:15:00,BEARISH,D1-20230306-BEARISH,12296.8,M15,12344.3,OB
2023-03-07 08:15:00,BEARISH,D1-20230306-BEARISH,12338.3,M5,12342.2,OB
2023-03-07 13:25:00,BEARISH,D1-20230306-BEARISH,12344.6,M5,12353.0,OB
2023-03-07 14:25:00,BEARISH,D1-20230306-BEARISH,12334.8,M5,12340.3,OB
2023-03-07 16:00:00,BEARISH,D1-20230306-BEARISH,12335.8,M5,12344.4,OB
2023-03-07 17:05:00,BEARISH,D1-20230306-BEARISH,12323.5,M5,12345.7,OB
2023-03-07 20:45:00,BEARISH,D1-20230306-BEARISH,12205.3,M5,12221.4,OB
2023-03-07 08:14:00,BEARISH,D1-20230306-BEARISH,12335.4,M1,12338.2,OB
2023-03-07 08:24:00,BEARISH,D1-20230306-BEARISH,12329.0,M1,12330.7,OB
2023-03-07 09:02:00,BEARISH,D1-20230306-BEARISH,12324.0,M1,12327.5,OB
2023-03-07 11:20:00,BEARISH,D1-20230306-BEARISH,12353.8,M1,12359.6,OB
2023-03-07 11:58:00,BEARISH,D1-20230306-BEARISH,12336.1,M1,12337.5,OB
2023-03-07 13:55:00,BEARISH,D1-20230306-BEARISH,12335.7,M1,12337.0,OB
2023-03-07 14:24:00,BEARISH,D1-20230306-BEARISH,12333.4,M1,12334.9,OB
2023-03-07 15:51:00,BEARISH,D1-20230306-BEARISH,12335.3,M1,12337.5,OB
2023-03-07 16:21:00,BEARISH,D1-20230306-BEARISH,12312.6,M1,12316.6,OB
2023-03-07 17:01:00,BEARISH,D1-20230306-BEARISH,12319.1,M1,12323.2,OB
2023-03-07 17:08:00,BEARISH,D1-20230306-BEARISH,12210.1,M1,12223.4,OB
2023-03-07 17:45:00,BEARISH,D1-20230306-BEARISH,12251.8,M1,12262.3,OB
2023-03-07 18:16:00,BEARISH,D1-20230306-BEARISH,12217.2,M1,12226.5,OB
2023-03-07 18:57:00,BEARISH,D1-20230306-BEARISH,12222.4,M1,12229.5,OB
2023-03-07 20:06:00,BEARISH,D1-20230306-BEARISH,12235.6,M1,12246.4,OB
2023-03-07 20:40:00,BEARISH,D1-20230306-BEARISH,12211.1,M1,12216.6,OB
2023-03-07 21:23:00,BEARISH,D1-20230306-BEARISH,12179.4,M1,12184.8,OB
2023-03-07 21:44:00,BEARISH,D1-20230306-BEARISH,12150.9,M1,12154.2,OB
2023-03-07 22:28:00,BEARISH,D1-20230306-BEARISH,12149.9,M1,12153.6,OB
2023-03-07 23:42:00,BEARISH,D1-20230306-BEARISH,12166.6,M1,12168.3,OB
2023-03-07 23:50:00,BEARISH,D1-20230306-BEARISH,12167.7,M1,12170.9,OB
2023-03-20 09:30:00,BEARISH,D1-20230317-BEARISH,12524.1,M15,12534.4,OB
2023-03-20 16:45:00,BEARISH,D1-20230317-BEARISH,12529.2,M15,12559.4,OB
2023-03-20 04:40:00,BEARISH,D1-20230317-BEARISH,12563.6,M5,12572.3,OB
2023-03-20 06:35:00,BEARISH,D1-20230317-BEARISH,12550.3,M5,12560.1,OB
2023-03-20 07:40:00,BEARISH,D1-20230317-BEARISH,12546.4,M5,12550.8,OB
2023-03-20 09:25:00,BEARISH,D1-20230317-BEARISH,12525.8,M5,12533.7,OB
2023-03-20 11:20:00,BEARISH,D1-20230317-BEARISH,12463.6,M5,12481.9,OB
2023-03-20 14:45:00,BEARISH,D1-20230317-BEARISH,12513.8,M5,12524.6,OB
2023-03-20 16:35:00,BEARISH,D1-20230317-BEARISH,12501.3,M5,12514.3,OB
2023-03-20 18:55:00,BEARISH,D1-20230317-BEARISH,12540.0,M5,12551.8,OB
2023-03-20 01:19:00,BEARISH,D1-20230317-BEARISH,12571.5,M1,12575.0,OB
2023-03-20 01:55:00,BEARISH,D1-20230317-BEARISH,12584.6,M1,12587.4,OB
2023-03-20 03:48:00,BEARISH,D1-20230317-BEARISH,12589.3,M1,12590.5,OB
2023-03-20 04:02:00,BEARISH,D1-20230317-BEARISH,12581.0,M1,12585.5,OB
2023-03-20 04:37:00,BEARISH,D1-20230317-BEARISH,12567.1,M1,12569.5,OB
2023-03-20 04:41:00,BEARISH,D1-20230317-BEARISH,12554.3,M1,12560.8,OB
2023-03-20 04:52:00,BEARISH,D1-20230317-BEARISH,12548.0,M1,12553.2,OB
2023-03-20 06:05:00,BEARISH,D1-20230317-BEARISH,12563.2,M1,12565.4,OB
2023-03-20 06:29:00,BEARISH,D1-20230317-BEARISH,12554.4,M1,12557.7,OB
2023-03-20 06:57:00,BEARISH,D1-20230317-BEARISH,12545.9,M1,12547.9,OB
2023-03-20 08:40:00,BEARISH,D1-20230317-BEARISH,12539.4,M1,12541.1,OB
2023-03-20 08:50:00,BEARISH,D1-20230317-BEARISH,12533.2,M1,12534.4,OB
2023-03-20 08:55:00,BEARISH,D1-20230317-BEARISH,12526.7,M1,12528.8,OB
2023-03-20 09:18:00,BEARISH,D1-20230317-BEARISH,12528.2,M1,12530.7,OB
2023-03-20 09:22:00,BEARISH,D1-20230317-BEARISH,12517.9,M1,12523.9,OB
2023-03-20 09:30:00,BEARISH,D1-20230317-BEARISH,12491.2,M1,12497.8,OB
2023-03-20 09:40:00,BEARISH,D1-20230317-BEARISH,12475.0,M1,12480.5,OB
2023-03-20 09:50:00,BEARISH,D1-20230317-BEARISH,12438.7,M1,12443.7,OB
2023-03-20 10:33:00,BEARISH,D1-20230317-BEARISH,12447.9,M1,12453.9,OB
2023-03-20 13:51:00,BEARISH,D1-20230317-BEARISH,12533.4,M1,12538.3,OB
2023-03-20 14:06:00,BEARISH,D1-20230317-BEARISH,12522.6,M1,12534.2,OB
2023-03-20 14:21:00,BEARISH,D1-20230317-BEARISH,12501.9,M1,12504.6,OB
2023-03-20 14:35:00,BEARISH,D1-20230317-BEARISH,12529.3,M1,12535.8,OB
2023-03-20 15:09:00,BEARISH,D1-20230317-BEARISH,12498.9,M1,12501.8,OB
2023-03-20 16:02:00,BEARISH,D1-20230317-BEARISH,12538.2,M1,12545.6,OB
2023-03-20 16:15:00,BEARISH,D1-20230317-BEARISH,12528.4,M1,12534.9,OB
2023-03-20 16:20:00,BEARISH,D1-20230317-BEARISH,12522.4,M1,12526.4,OB
2023-03-20 16:32:00,BEARISH,D1-20230317-BEARISH,12489.1,M1,12504.4,OB
2023-03-20 16:35:00,BEARISH,D1-20230317-BEARISH,12476.6,M1,12496.9,OB
2023-03-20 17:39:00,BEARISH,D1-20230317-BEARISH,12489.6,M1,12497.1,OB
2023-03-20 18:58:00,BEARISH,D1-20230317-BEARISH,12505.2,M1,12512.2,OB
2023-03-20 19:09:00,BEARISH,D1-20230317-BEARISH,12491.8,M1,12500.7,OB
2023-03-20 21:01:00,BEARISH,D1-20230317-BEARISH,12533.2,M1,12541.1,OB
2023-03-20 22:22:00,BEARISH,D1-20230317-BEARISH,12533.3,M1,12542.4,OB
2023-04-11 16:45:00,BEARISH,D1-20230410-BEARISH,13037.3,M15,13052.6,OB
2023-04-11 07:55:00,BEARISH,D1-20230410-BEARISH,13044.1,M5,13046.5,OB
2023-04-11 13:40:00,BEARISH,D1-20230410-BEARISH,13087.4,M5,13095.3,OB
2023-04-11 14:10:00,BEARISH,D1-20230410-BEARISH,13063.5,M5,13069.8,OB
2023-04-11 17:15:00,BEARISH,D1-20230410-BEARISH,12992.5,M5,13010.6,OB
2023-04-11 04:33:00,BEARISH,D1-20230410-BEARISH,13049.4,M1,13053.1,OB
2023-04-11 05:56:00,BEARISH,D1-20230410-BEARISH,13056.4,M1,13057.7,OB
2023-04-11 06:56:00,BEARISH,D1-20230410-BEARISH,13042.6,M1,13044.6,OB
2023-04-11 07:48:00,BEARISH,D1-20230410-BEARISH,13044.3,M1,13045.9,OB
2023-04-11 11:27:00,BEARISH,D1-20230410-BEARISH,13069.5,M1,13070.9,OB
2023-04-11 11:43:00,BEARISH,D1-20230410-BEARISH,13069.0,M1,13070.4,OB
2023-04-11 13:13:00,BEARISH,D1-20230410-BEARISH,13091.1,M1,13092.8,OB
2023-04-11 13:32:00,BEARISH,D1-20230410-BEARISH,13089.5,M1,13091.0,OB
2023-04-11 13:50:00,BEARISH,D1-20230410-BEARISH,13071.3,M1,13072.9,OB
2023-04-11 14:06:00,BEARISH,D1-20230410-BEARISH,13065.2,M1,13067.6,OB
2023-04-11 14:30:00,BEARISH,D1-20230410-BEARISH,13033.2,M1,13035.2,OB
2023-04-11 14:38:00,BEARISH,D1-20230410-BEARISH,13026.7,M1,13028.6,OB
2023-04-11 15:51:00,BEARISH,D1-20230410-BEARISH,13045.3,M1,13046.3,OB
2023-04-11 15:56:00,BEARISH,D1-20230410-BEARISH,13038.4,M1,13040.6,OB
2023-04-11 15:59:00,BEARISH,D1-20230410-BEARISH,13031.9,M1,13033.9,OB
2023-04-11 16:03:00,BEARISH,D1-20230410-BEARISH,13027.3,M1,13029.0,OB
2023-04-11 16:31:00,BEARISH,D1-20230410-BEARISH,13042.8,M1,13049.3,OB
2023-04-11 17:13:00,BEARISH,D1-20230410-BEARISH,12990.0,M1,12997.8,OB
2023-04-11 17:18:00,BEARISH,D1-20230410-BEARISH,12974.7,M1,12983.1,OB
2023-04-11 17:36:00,BEARISH,D1-20230410-BEARISH,12985.0,M1,12992.7,OB
2023-04-11 17:45:00,BEARISH,D1-20230410-BEARISH,12973.1,M1,12983.1,OB
2023-04-11 18:27:00,BEARISH,D1-20230410-BEARISH,12981.6,M1,12985.3,OB
2023-04-11 18:36:00,BEARISH,D1-20230410-BEARISH,12968.5,M1,12972.6,OB
2023-04-11 20:15:00,BEARISH,D1-20230410-BEARISH,12981.5,M1,12984.4,OB
2023-04-11 22:07:00,BEARISH,D1-20230410-BEARISH,13011.1,M1,13015.2,OB
2023-04-11 22:26:00,BEARISH,D1-20230410-BEARISH,13019.4,M1,13023.5,OB
2023-04-11 22:36:00,BEARISH,D1-20230410-BEARISH,13008.9,M1,13011.9,OB
2023-04-11 23:40:00,BEARISH,D1-20230410-BEARISH,12975.1,M1,12976.3,OB
2023-04-11 23:50:00,BEARISH,D1-20230410-BEARISH,12973.9,M1,12975.0,OB
2023-04-17 09:25:00,BEARISH,D1-20230414-BEARISH,13089.8,M5,13101.2,OB
2023-04-17 12:20:00,BEARISH,D1-20230414-BEARISH,13086.7,M5,13091.4,OB
2023-04-17 12:45:00,BEARISH,D1-20230414-BEARISH,13075.8,M5,13081.9,OB
2023-04-17 17:40:00,BEARISH,D1-20230414-BEARISH,13076.1,M5,13092.9,OB
2023-04-17 06:17:00,BEARISH,D1-20230414-BEARISH,13081.7,M1,13082.6,OB
2023-04-17 07:21:00,BEARISH,D1-20230414-BEARISH,13078.9,M1,13079.8,OB
2023-04-17 07:54:00,BEARISH,D1-20230414-BEARISH,13080.8,M1,13081.6,OB
2023-04-17 09:17:00,BEARISH,D1-20230414-BEARISH,13094.4,M1,13096.7,OB
2023-04-17 09:25:00,BEARISH,D1-20230414-BEARISH,13088.2,M1,13089.8,OB
2023-04-17 10:15:00,BEARISH,D1-20230414-BEARISH,13100.6,M1,13105.4,OB
2023-04-17 11:08:00,BEARISH,D1-20230414-BEARISH,13106.1,M1,13110.1,OB
2023-04-17 11:22:00,BEARISH,D1-20230414-BEARISH,13097.8,M1,13101.3,OB
2023-04-17 11:33:00,BEARISH,D1-20230414-BEARISH,13095.9,M1,13097.8,OB
2023-04-17 11:37:00,BEARISH,D1-20230414-BEARISH,13089.8,M1,13092.3,OB
2023-04-17 12:08:00,BEARISH,D1-20230414-BEARISH,13086.7,M1,13091.4,OB
2023-04-17 12:16:00,BEARISH,D1-20230414-BEARISH,13081.8,M1,13083.9,OB
2023-04-17 12:41:00,BEARISH,D1-20230414-BEARISH,13076.1,M1,13078.9,OB
2023-04-17 14:20:00,BEARISH,D1-20230414-BEARISH,13099.1,M1,13101.3,OB
2023-04-17 15:31:00,BEARISH,D1-20230414-BEARISH,13084.8,M1,13088.7,OB
2023-04-17 15:32:00,BEARISH,D1-20230414-BEARISH,13074.4,M1,13085.4,OB
2023-04-17 16:18:00,BEARISH,D1-20230414-BEARISH,13072.1,M1,13075.8,OB
2023-04-17 16:31:00,BEARISH,D1-20230414-BEARISH,13063.1,M1,13067.1,OB
2023-04-17 17:39:00,BEARISH,D1-20230414-BEARISH,13048.1,M1,13058.5,OB
2023-04-17 18:29:00,BEARISH,D1-20230414-BEARISH,13042.9,M1,13052.2,OB
2023-04-17 20:51:00,BEARISH,D1-20230414-BEARISH,13013.5,M1,13019.6,OB
2023-04-17 20:56:00,BEARISH,D1-20230414-BEARISH,13010.1,M1,13013.2,OB
2023-04-17 23:15:00,BEARISH,D1-20230414-BEARISH,13090.9,M1,13093.5,OB
2023-04-17 23:37:00,BEARISH,D1-20230414-BEARISH,13089.7,M1,13090.6,OB
2023-05-01 11:15:00,BEARISH,D1-20230428-BEARISH,13257.4,M15,13262.2,OB
2023-05-01 01:05:00,BEARISH,D1-20230428-BEARISH,13249.7,M5,13252.7,OB
2023-05-01 03:20:00,BEARISH,D1-20230428-BEARISH,13231.8,M5,13237.1,OB
2023-05-01 11:05:00,BEARISH,D1-20230428-BEARISH,13259.6,M5,13262.2,OB
2023-05-01 13:25:00,BEARISH,D1-20230428-BEARISH,13243.6,M5,13251.7,OB
2023-05-01 14:50:00,BEARISH,D1-20230428-BEARISH,13234.3,M5,13239.8,OB
2023-05-01 01:01:00,BEARISH,D1-20230428-BEARISH,13250.4,M1,13252.7,OB
2023-05-01 01:23:00,BEARISH,D1-20230428-BEARISH,13238.8,M1,13243.7,OB
2023-05-01 01:38:00,BEARISH,D1-20230428-BEARISH,13240.3,M1,13243.7,OB
2023-05-01 01:48:00,BEARISH,D1-20230428-BEARISH,13233.9,M1,13234.6,OB
2023-05-01 02:32:00,BEARISH,D1-20230428-BEARISH,13240.2,M1,13241.8,OB
2023-05-01 02:37:00,BEARISH,D1-20230428-BEARISH,13236.6,M1,13237.3,OB
2023-05-01 02:41:00,BEARISH,D1-20230428-BEARISH,13232.1,M1,13233.2,OB
2023-05-01 09:03:00,BEARISH,D1-20230428-BEARISH,13258.1,M1,13263.4,OB
2023-05-01 10:02:00,BEARISH,D1-20230428-BEARISH,13276.7,M1,13278.8,OB
2023-05-01 10:23:00,BEARISH,D1-20230428-BEARISH,13275.7,M1,13276.3,OB
2023-05-01 10:28:00,BEARISH,D1-20230428-BEARISH,13271.1,M1,13274.2,OB
2023-05-01 10:34:00,BEARISH,D1-20230428-BEARISH,13269.2,M1,13271.2,OB
2023-05-01 10:36:00,BEARISH,D1-20230428-BEARISH,13265.7,M1,13268.7,OB
2023-05-01 11:01:00,BEARISH,D1-20230428-BEARISH,13260.1,M1,13260.9,OB
2023-05-01 11:05:00,BEARISH,D1-20230428-BEARISH,13254.1,M1,13256.9,OB
2023-05-01 11:08:00,BEARISH,D1-20230428-BEARISH,13249.6,M1,13251.8,OB
2023-05-01 11:10:00,BEARISH,D1-20230428-BEARISH,13240.3,M1,13242.7,OB
2023-05-01 11:21:00,BEARISH,D1-20230428-BEARISH,13228.4,M1,13232.1,OB
2023-05-01 11:33:00,BEARISH,D1-20230428-BEARISH,13229.4,M1,13231.6,OB
2023-05-01 12:44:00,BEARISH,D1-20230428-BEARISH,13246.2,M1,13247.7,OB
2023-05-01 13:19:00,BEARISH,D1-20230428-BEARISH,13248.2,M1,13249.9,OB
2023-05-01 13:41:00,BEARISH,D1-20230428-BEARISH,13235.1,M1,13236.6,OB
2023-05-01 14:04:00,BEARISH,D1-20230428-BEARISH,13236.9,M1,13239.9,OB
2023-05-01 14:42:00,BEARISH,D1-20230428-BEARISH,13238.1,M1,13239.8,OB
2023-05-01 14:48:00,BEARISH,D1-20230428-BEARISH,13232.7,M1,13234.3,OB
2023-05-01 15:15:00,BEARISH,D1-20230428-BEARISH,13223.9,M1,13227.8,OB
2023-05-01 16:09:00,BEARISH,D1-20230428-BEARISH,13224.1,M1,13226.9,OB
2023-05-01 17:01:00,BEARISH,D1-20230428-BEARISH,13231.2,M1,13235.8,OB
2023-05-01 18:14:00,BEARISH,D1-20230428-BEARISH,13235.2,M1,13241.8,OB
2023-05-01 21:25:00,BEARISH,D1-20230428-BEARISH,13258.3,M1,13261.5,OB
2023-05-01 21:33:00,BEARISH,D1-20230428-BEARISH,13245.1,M1,13251.2,OB
2023-05-01 23:38:00,BEARISH,D1-20230428-BEARISH,13224.4,M1,13226.3,OB
2023-05-01 23:46:00,BEARISH,D1-20230428-BEARISH,13217.9,M1,13219.9,OB
2023-05-02 17:15:00,BEARISH,D1-20230501-BEARISH,13207.2,M15,13231.9,OB
2023-05-02 17:40:00,BEARISH,D1-20230501-BEARISH,13126.7,M5,13152.4,OB
2023-05-02 21:15:00,BEARISH,D1-20230501-BEARISH,13121.6,M5,13131.0,OB
2023-05-02 12:14:00,BEARISH,D1-20230501-BEARISH,13228.9,M1,13231.4,OB
2023-05-02 13:01:00,BEARISH,D1-20230501-BEARISH,13236.9,M1,13239.2,OB
2023-05-02 14:50:00,BEARISH,D1-20230501-BEARISH,13227.8,M1,13229.3,OB
2023-05-02 15:02:00,BEARISH,D1-20230501-BEARISH,13225.3,M1,13226.6,OB
2023-05-02 16:31:00,BEARISH,D1-20230501-BEARISH,13224.7,M1,13228.1,OB
2023-05-02 17:23:00,BEARISH,D1-20230501-BEARISH,13158.7,M1,13165.9,OB
2023-05-02 17:37:00,BEARISH,D1-20230501-BEARISH,13114.8,M1,13126.5,OB
2023-05-02 17:54:00,BEARISH,D1-20230501-BEARISH,13089.0,M1,13098.0,OB
2023-05-02 18:03:00,BEARISH,D1-20230501-BEARISH,13068.0,M1,13074.8,OB
2023-05-02 18:52:00,BEARISH,D1-20230501-BEARISH,13076.5,M1,13083.6,OB
2023-05-02 21:02:00,BEARISH,D1-20230501-BEARISH,13132.5,M1,13135.5,OB
2023-05-02 21:14:00,BEARISH,D1-20230501-BEARISH,13125.3,M1,13129.8,OB
2023-05-02 22:05:00,BEARISH,D1-20230501-BEARISH,13130.1,M1,13136.4,OB
2023-05-02 22:32:00,BEARISH,D1-20230501-BEARISH,13125.2,M1,13131.0,OB
2023-05-02 22:46:00,BEARISH,D1-20230501-BEARISH,13112.6,M1,13119.9,OB
2023-05-02 23:16:00,BEARISH,D1-20230501-BEARISH,13109.6,M1,13111.7,OB
2023-06-06 16:45:00,BEARISH,D1-20230605-BEARISH,14541.6,M15,14551.8,OB
2023-06-06 20:00:00,BEARISH,D1-20230605-BEARISH,14555.6,M15,14571.8,OB
2023-06-06 13:05:00,BEARISH,D1-20230605-BEARISH,14551.3,M5,14553.5,OB
2023-06-06 15:15:00,BEARISH,D1-20230605-BEARISH,14553.7,M5,14562.9,OB
2023-06-06 16:30:00,BEARISH,D1-20230605-BEARISH,14549.0,M5,14555.8,OB
2023-06-06 19:40:00,BEARISH,D1-20230605-BEARISH,14561.1,M5,14571.1,OB
2023-06-06 12:17:00,BEARISH,D1-20230605-BEARISH,14552.8,M1,14554.8,OB
2023-06-06 13:03:00,BEARISH,D1-20230605-BEARISH,14547.5,M1,14550.4,OB
2023-06-06 13:07:00,BEARISH,D1-20230605-BEARISH,14540.7,M1,14543.2,OB
2023-06-06 15:11:00,BEARISH,D1-20230605-BEARISH,14558.2,M1,14559.9,OB
2023-06-06 16:26:00,BEARISH,D1-20230605-BEARISH,14554.1,M1,14555.7,OB
2023-06-06 19:37:00,BEARISH,D1-20230605-BEARISH,14566.0,M1,14571.1,OB
2023-06-06 19:58:00,BEARISH,D1-20230605-BEARISH,14521.1,M1,14526.7,OB
2023-06-06 20:56:00,BEARISH,D1-20230605-BEARISH,14525.1,M1,14531.9,OB
2023-06-06 22:41:00,BEARISH,D1-20230605-BEARISH,14546.6,M1,14551.7,OB
2023-07-17 13:00:00,BEARISH,D1-20230714-BEARISH,15566.1,M15,15578.1,OB
2023-07-17 02:20:00,BEARISH,D1-20230714-BEARISH,15544.4,M5,15547.8,OB
2023-07-17 12:50:00,BEARISH,D1-20230714-BEARISH,15567.8,M5,15575.6,OB
2023-07-17 01:01:00,BEARISH,D1-20230714-BEARISH,15560.0,M1,15562.4,OB
2023-07-17 01:44:00,BEARISH,D1-20230714-BEARISH,15551.6,M1,15553.5,OB
2023-07-17 02:11:00,BEARISH,D1-20230714-BEARISH,15543.9,M1,15544.5,OB
2023-07-17 02:17:00,BEARISH,D1-20230714-BEARISH,15542.8,M1,15543.5,OB
2023-07-17 05:01:00,BEARISH,D1-20230714-BEARISH,15543.9,M1,15544.8,OB
2023-07-17 05:58:00,BEARISH,D1-20230714-BEARISH,15547.7,M1,15548.9,OB
2023-07-17 09:13:00,BEARISH,D1-20230714-BEARISH,15550.4,M1,15552.4,OB
2023-07-17 11:31:00,BEARISH,D1-20230714-BEARISH,15590.1,M1,15591.2,OB
2023-07-17 11:42:00,BEARISH,D1-20230714-BEARISH,15587.7,M1,15588.4,OB
2023-07-17 12:06:00,BEARISH,D1-20230714-BEARISH,15575.2,M1,15576.6,OB
2023-07-17 12:43:00,BEARISH,D1-20230714-BEARISH,15570.7,M1,15573.3,OB
2023-07-17 12:48:00,BEARISH,D1-20230714-BEARISH,15566.7,M1,15569.1,OB
2023-07-17 13:16:00,BEARISH,D1-20230714-BEARISH,15552.8,M1,15555.9,OB
2023-07-17 14:00:00,BEARISH,D1-20230714-BEARISH,15556.2,M1,15558.4,OB
2023-07-17 14:52:00,BEARISH,D1-20230714-BEARISH,15559.3,M1,15561.6,OB
2023-07-17 16:45:00,BEARISH,D1-20230714-BEARISH,15630.1,M1,15640.8,OB
2023-07-17 19:17:00,BEARISH,D1-20230714-BEARISH,15660.9,M1,15664.8,OB
2023-07-17 19:27:00,BEARISH,D1-20230714-BEARISH,15645.8,M1,15653.1,OB
2023-07-17 21:34:00,BEARISH,D1-20230714-BEARISH,15695.9,M1,15700.1,OB
2023-07-20 01:15:00,BEARISH,D1-20230719-BEARISH,15807.5,M15,15816.2,OB
2023-07-20 09:30:00,BEARISH,D1-20230719-BEARISH,15763.3,M15,15769.1,OB
2023-07-20 15:45:00,BEARISH,D1-20230719-BEARISH,15726.4,M15,15740.2,OB
2023-07-20 17:30:00,BEARISH,D1-20230719-BEARISH,15703.7,M15,15764.3,OB
2023-07-20 22:15:00,BEARISH,D1-20230719-BEARISH,15493.8,M15,15515.5,OB
2023-07-20 01:05:00,BEARISH,D1-20230719-BEARISH,15810.0,M5,15813.0,OB
2023-07-20 09:15:00,BEARISH,D1-20230719-BEARISH,15767.7,M5,15774.7,OB
2023-07-20 09:35:00,BEARISH,D1-20230719-BEARISH,15748.0,M5,15753.2,OB
2023-07-20 11:15:00,BEARISH,D1-20230719-BEARISH,15717.8,M5,15730.9,OB
2023-07-20 15:45:00,BEARISH,D1-20230719-BEARISH,15714.8,M5,15726.4,OB
2023-07-20 17:25:00,BEARISH,D1-20230719-BEARISH,15669.4,M5,15708.0,OB
2023-07-20 19:25:00,BEARISH,D1-20230719-BEARISH,15635.4,M5,15652.8,OB
2023-07-20 21:05:00,BEARISH,D1-20230719-BEARISH,15573.7,M5,15586.7,OB
2023-07-20 21:20:00,BEARISH,D1-20230719-BEARISH,15549.7,M5,15564.7,OB
2023-07-20 01:04:00,BEARISH,D1-20230719-BEARISH,15790.3,M1,15794.9,OB
2023-07-20 01:10:00,BEARISH,D1-20230719-BEARISH,15784.8,M1,15788.6,OB
2023-07-20 01:22:00,BEARISH,D1-20230719-BEARISH,15728.3,M1,15738.2,OB
2023-07-20 02:12:00,BEARISH,D1-20230719-BEARISH,15726.9,M1,15728.2,OB
2023-07-20 02:37:00,BEARISH,D1-20230719-BEARISH,15728.5,M1,15729.7,OB
2023-07-20 03:27:00,BEARISH,D1-20230719-BEARISH,15738.7,M1,15740.8,OB
2023-07-20 05:50:00,BEARISH,D1-20230719-BEARISH,15746.2,M1,15747.4,OB
2023-07-20 09:10:00,BEARISH,D1-20230719-BEARISH,15769.8,M1,15772.5,OB
2023-07-20 09:18:00,BEARISH,D1-20230719-BEARISH,15751.3,M1,15754.9,OB
2023-07-20 09:42:00,BEARISH,D1-20230719-BEARISH,15735.2,M1,15737.6,OB
2023-07-20 09:49:00,BEARISH,D1-20230719-BEARISH,15726.5,M1,15729.8,OB
2023-07-20 10:25:00,BEARISH,D1-20230719-BEARISH,15724.3,M1,15728.4,OB
2023-07-20 11:12:00,BEARISH,D1-20230719-BEARISH,15721.3,M1,15724.5,OB
2023-07-20 11:15:00,BEARISH,D1-20230719-BEARISH,15713.8,M1,15716.1,OB
2023-07-20 11:31:00,BEARISH,D1-20230719-BEARISH,15701.2,M1,15706.0,OB
2023-07-20 11:46:00,BEARISH,D1-20230719-BEARISH,15704.5,M1,15706.8,OB
2023-07-20 12:37:00,BEARISH,D1-20230719-BEARISH,15705.5,M1,15707.1,OB
2023-07-20 12:41:00,BEARISH,D1-20230719-BEARISH,15697.8,M1,15700.1,OB
2023-07-20 14:21:00,BEARISH,D1-20230719-BEARISH,15715.7,M1,15720.2,OB
2023-07-20 15:23:00,BEARISH,D1-20230719-BEARISH,15728.4,M1,15729.9,OB
2023-07-20 15:31:00,BEARISH,D1-20230719-BEARISH,15728.1,M1,15729.7,OB
2023-07-20 15:40:00,BEARISH,D1-20230719-BEARISH,15717.6,M1,15722.5,OB
2023-07-20 15:44:00,BEARISH,D1-20230719-BEARISH,15706.3,M1,15711.4,OB
2023-07-20 17:06:00,BEARISH,D1-20230719-BEARISH,15709.4,M1,15721.1,OB
2023-07-20 17:20:00,BEARISH,D1-20230719-BEARISH,15676.3,M1,15683.6,OB
2023-07-20 19:20:00,BEARISH,D1-20230719-BEARISH,15652.2,M1,15660.4,OB
2023-07-20 19:25:00,BEARISH,D1-20230719-BEARISH,15621.0,M1,15629.3,OB
2023-07-20 19:30:00,BEARISH,D1-20230719-BEARISH,15604.2,M1,15610.3,OB
2023-07-20 19:35:00,BEARISH,D1-20230719-BEARISH,15589.5,M1,15596.7,OB
2023-07-20 20:56:00,BEARISH,D1-20230719-BEARISH,15584.0,M1,15589.3,OB
2023-07-20 21:01:00,BEARISH,D1-20230719-BEARISH,15571.4,M1,15574.6,OB
2023-07-20 21:16:00,BEARISH,D1-20230719-BEARISH,15549.4,M1,15553.9,OB
2023-07-20 21:27:00,BEARISH,D1-20230719-BEARISH,15520.0,M1,15524.4,OB
2023-07-20 21:44:00,BEARISH,D1-20230719-BEARISH,15505.3,M1,15512.2,OB
2023-07-20 22:06:00,BEARISH,D1-20230719-BEARISH,15483.0,M1,15491.5,OB
2023-07-20 22:14:00,BEARISH,D1-20230719-BEARISH,15470.7,M1,15476.7,OB
2023-07-20 22:18:00,BEARISH,D1-20230719-BEARISH,15455.5,M1,15463.1,OB
2023-08-01 08:45:00,BEARISH,D1-20230731-BEARISH,15767.7,M15,15772.3,OB
2023-08-01 10:15:00,BEARISH,D1-20230731-BEARISH,15749.8,M15,15755.5,OB
2023-08-01 11:30:00,BEARISH,D1-20230731-BEARISH,15730.9,M15,15743.2,OB
2023-08-01 14:45:00,BEARISH,D1-20230731-BEARISH,15717.7,M15,15727.9,OB
2023-08-01 06:40:00,BEARISH,D1-20230731-BEARISH,15770.8,M5,15772.7,OB
2023-08-01 08:10:00,BEARISH,D1-20230731-BEARISH,15768.3,M5,15772.3,OB
2023-08-01 08:45:00,BEARISH,D1-20230731-BEARISH,15762.6,M5,15765.5,OB
2023-08-01 09:10:00,BEARISH,D1-20230731-BEARISH,15757.9,M5,15760.7,OB
2023-08-01 10:00:00,BEARISH,D1-20230731-BEARISH,15751.1,M5,15754.4,OB
2023-08-01 14:30:00,BEARISH,D1-20230731-BEARISH,15715.3,M5,15720.5,OB
2023-08-01 15:30:00,BEARISH,D1-20230731-BEARISH,15678.7,M5,15687.8,OB
2023-08-01 17:20:00,BEARISH,D1-20230731-BEARISH,15675.5,M5,15705.9,OB
2023-08-01 20:40:00,BEARISH,D1-20230731-BEARISH,15721.1,M5,15733.2,OB
2023-08-01 23:10:00,BEARISH,D1-20230731-BEARISH,15729.0,M5,15741.2,OB
2023-08-01 04:38:00,BEARISH,D1-20230731-BEARISH,15773.3,M1,15776.1,OB
2023-08-01 05:11:00,BEARISH,D1-20230731-BEARISH,15778.8,M1,15780.2,OB
2023-08-01 05:47:00,BEARISH,D1-20230731-BEARISH,15774.3,M1,15776.1,OB
2023-08-01 06:27:00,BEARISH,D1-20230731-BEARISH,15771.5,M1,15772.6,OB
2023-08-01 08:10:00,BEARISH,D1-20230731-BEARISH,15766.0,M1,15767.5,OB
2023-08-01 08:19:00,BEARISH,D1-20230731-BEARISH,15763.3,M1,15765.4,OB
2023-08-01 09:08:00,BEARISH,D1-20230731-BEARISH,15755.2,M1,15756.0,OB
2023-08-01 09:49:00,BEARISH,D1-20230731-BEARISH,15753.5,M1,15754.5,OB
2023-08-01 10:04:00,BEARISH,D1-20230731-BEARISH,15746.2,M1,15749.1,OB
2023-08-01 10:07:00,BEARISH,D1-20230731-BEARISH,15741.1,M1,15744.6,OB
2023-08-01 10:50:00,BEARISH,D1-20230731-BEARISH,15740.7,M1,15743.7,OB
2023-08-01 10:56:00,BEARISH,D1-20230731-BEARISH,15731.7,M1,15735.4,OB
2023-08-01 11:09:00,BEARISH,D1-20230731-BEARISH,15727.1,M1,15729.5,OB
2023-08-01 11:30:00,BEARISH,D1-20230731-BEARISH,15715.5,M1,15719.0,OB
2023-08-01 12:02:00,BEARISH,D1-20230731-BEARISH,15711.8,M1,15715.2,OB
2023-08-01 12:15:00,BEARISH,D1-20230731-BEARISH,15708.1,M1,15710.4,OB
2023-08-01 12:35:00,BEARISH,D1-20230731-BEARISH,15698.1,M1,15700.6,OB
2023-08-01 13:34:00,BEARISH,D1-20230731-BEARISH,15712.0,M1,15715.5,OB
2023-08-01 14:15:00,BEARISH,D1-20230731-BEARISH,15720.8,M1,15724.6,OB
2023-08-01 14:21:00,BEARISH,D1-20230731-BEARISH,15719.0,M1,15720.3,OB
2023-08-01 14:26:00,BEARISH,D1-20230731-BEARISH,15713.3,M1,15715.6,OB
2023-08-01 14:29:00,BEARISH,D1-20230731-BEARISH,15708.1,M1,15711.1,OB
2023-08-01 14:41:00,BEARISH,D1-20230731-BEARISH,15691.9,M1,15695.8,OB
2023-08-01 15:00:00,BEARISH,D1-20230731-BEARISH,15675.9,M1,15679.2,OB
2023-08-01 15:29:00,BEARISH,D1-20230731-BEARISH,15676.9,M1,15679.5,OB
2023-08-01 18:04:00,BEARISH,D1-20230731-BEARISH,15720.3,M1,15728.9,OB
2023-08-01 18:45:00,BEARISH,D1-20230731-BEARISH,15719.2,M1,15725.7,OB
2023-08-01 19:20:00,BEARISH,D1-20230731-BEARISH,15721.0,M1,15726.5,OB
2023-08-01 19:28:00,BEARISH,D1-20230731-BEARISH,15702.7,M1,15709.5,OB
2023-08-01 19:31:00,BEARISH,D1-20230731-BEARISH,15696.5,M1,15705.2,OB
2023-08-01 20:20:00,BEARISH,D1-20230731-BEARISH,15729.9,M1,15733.3,OB
2023-08-01 20:38:00,BEARISH,D1-20230731-BEARISH,15713.0,M1,15717.4,OB
2023-08-01 21:27:00,BEARISH,D1-20230731-BEARISH,15738.4,M1,15743.7,OB
2023-08-01 23:12:00,BEARISH,D1-20230731-BEARISH,15710.6,M1,15713.3,OB
2023-08-01 23:49:00,BEARISH,D1-20230731-BEARISH,15721.1,M1,15723.3,OB
2023-09-04 17:45:00,BEARISH,D1-20230901-BEARISH,15541.6,M15,15553.7,OB
2023-09-04 14:30:00,BEARISH,D1-20230901-BEARISH,15536.7,M5,15541.1,OB
2023-09-04 17:40:00,BEARISH,D1-20230901-BEARISH,15523.8,M5,15531.7,OB
2023-09-04 18:00:00,BEARISH,D1-20230901-BEARISH,15511.6,M5,15516.7,OB
2023-09-04 01:09:00,BEARISH,D1-20230901-BEARISH,15483.9,M1,15486.8,OB
2023-09-04 01:17:00,BEARISH,D1-20230901-BEARISH,15477.6,M1,15480.1,OB
2023-09-04 03:04:00,BEARISH,D1-20230901-BEARISH,15489.3,M1,15494.1,OB
2023-09-04 04:16:00,BEARISH,D1-20230901-BEARISH,15498.8,M1,15500.1,OB
2023-09-04 04:39:00,BEARISH,D1-20230901-BEARISH,15497.7,M1,15500.2,OB
2023-09-04 06:06:00,BEARISH,D1-20230901-BEARISH,15510.9,M1,15511.9,OB
2023-09-04 06:38:00,BEARISH,D1-20230901-BEARISH,15508.3,M1,15510.1,OB
2023-09-04 07:13:00,BEARISH,D1-20230901-BEARISH,15506.8,M1,15507.4,OB
2023-09-04 07:33:00,BEARISH,D1-20230901-BEARISH,15506.8,M1,15508.3,OB
2023-09-04 07:47:00,BEARISH,D1-20230901-BEARISH,15506.1,M1,15506.9,OB
2023-09-04 08:04:00,BEARISH,D1-20230901-BEARISH,15505.1,M1,15506.6,OB
2023-09-04 08:38:00,BEARISH,D1-20230901-BEARISH,15515.3,M1,15516.7,OB
2023-09-04 09:01:00,BEARISH,D1-20230901-BEARISH,15515.2,M1,15519.4,OB
2023-09-04 09:43:00,BEARISH,D1-20230901-BEARISH,15520.1,M1,15521.6,OB
2023-09-04 10:15:00,BEARISH,D1-20230901-BEARISH,15523.9,M1,15527.8,OB
2023-09-04 11:33:00,BEARISH,D1-20230901-BEARISH,15537.7,M1,15538.9,OB
2023-09-04 11:37:00,BEARISH,D1-20230901-BEARISH,15532.7,M1,15534.7,OB
2023-09-04 11:42:00,BEARISH,D1-20230901-BEARISH,15529.8,M1,15531.3,OB
2023-09-04 13:24:00,BEARISH,D1-20230901-BEARISH,15536.9,M1,15539.4,OB
2023-09-04 14:26:00,BEARISH,D1-20230901-BEARISH,15536.6,M1,15537.8,OB
2023-09-04 15:13:00,BEARISH,D1-20230901-BEARISH,15533.6,M1,15535.2,OB
2023-09-04 16:08:00,BEARISH,D1-20230901-BEARISH,15525.9,M1,15527.8,OB
2023-09-04 17:04:00,BEARISH,D1-20230901-BEARISH,15550.3,M1,15554.2,OB
2023-09-04 17:36:00,BEARISH,D1-20230901-BEARISH,15516.2,M1,15517.8,OB
2023-09-04 18:21:00,BEARISH,D1-20230901-BEARISH,15503.3,M1,15505.3,OB
2023-09-04 19:30:00,BEARISH,D1-20230901-BEARISH,15502.9,M1,15504.9,OB
2023-09-04 19:46:00,BEARISH,D1-20230901-BEARISH,15506.8,M1,15507.6,OB
2023-09-04 19:52:00,BEARISH,D1-20230901-BEARISH,15506.1,M1,15507.4,OB
2023-09-28 18:45:00,BULLISH,D1-20230927-BULLISH,14603.4,M15,14637.3,OB
2023-09-28 12:55:00,BULLISH,D1-20230927-BULLISH,14529.1,M5,14538.1,OB
2023-09-28 15:35:00,BULLISH,D1-20230927-BULLISH,14572.0,M5,14588.2,OB
2023-09-28 16:55:00,BULLISH,D1-20230927-BULLISH,14502.1,M5,14541.6,OB
2023-09-28 17:50:00,BULLISH,D1-20230927-BULLISH,14527.6,M5,14574.2,OB
2023-09-28 18:25:00,BULLISH,D1-20230927-BULLISH,14612.0,M5,14629.5,OB
2023-09-28 12:42:00,BULLISH,D1-20230927-BULLISH,14531.0,M1,14536.5,OB
2023-09-28 12:49:00,BULLISH,D1-20230927-BULLISH,14554.5,M1,14557.9,OB
2023-09-28 12:51:00,BULLISH,D1-20230927-BULLISH,14562.8,M1,14566.1,OB
2023-09-28 13:37:00,BULLISH,D1-20230927-BULLISH,14567.1,M1,14569.8,OB
2023-09-28 14:57:00,BULLISH,D1-20230927-BULLISH,14531.3,M1,14536.5,OB
2023-09-28 15:02:00,BULLISH,D1-20230927-BULLISH,14544.0,M1,14546.2,OB
2023-09-28 15:19:00,BULLISH,D1-20230927-BULLISH,14566.6,M1,14570.8,OB
2023-09-28 15:31:00,BULLISH,D1-20230927-BULLISH,14576.5,M1,14580.0,OB
2023-09-28 16:35:00,BULLISH,D1-20230927-BULLISH,14514.6,M1,14530.9,OB
2023-09-28 17:01:00,BULLISH,D1-20230927-BULLISH,14571.4,M1,14584.8,OB
2023-09-28 17:44:00,BULLISH,D1-20230927-BULLISH,14560.6,M1,14576.5,OB
2023-09-28 18:24:00,BULLISH,D1-20230927-BULLISH,14621.6,M1,14633.7,OB
2023-09-28 18:31:00,BULLISH,D1-20230927-BULLISH,14665.9,M1,14669.5,OB
2023-09-28 18:43:00,BULLISH,D1-20230927-BULLISH,14698.3,M1,14705.7,OB
2023-09-28 18:55:00,BULLISH,D1-20230927-BULLISH,14733.9,M1,14739.7,OB
2023-09-28 19:18:00,BULLISH,D1-20230927-BULLISH,14749.0,M1,14754.5,OB
2023-09-28 19:27:00,BULLISH,D1-20230927-BULLISH,14753.9,M1,14758.9,OB
2023-09-28 20:23:00,BULLISH,D1-20230927-BULLISH,14726.8,M1,14733.8,OB
2023-09-28 21:15:00,BULLISH,D1-20230927-BULLISH,14687.1,M1,14694.5,OB
2023-09-28 22:17:00,BULLISH,D1-20230927-BULLISH,14707.3,M1,14716.7,OB
2023-09-28 23:36:00,BULLISH,D1-20230927-BULLISH,14714.2,M1,14715.1,OB
2023-09-28 23:50:00,BULLISH,D1-20230927-BULLISH,14722.3,M1,14724.0,OB
2023-11-16 14:15:00,BEARISH,D1-20231115-BEARISH,15784.9,M15,15795.6,OB
2023-11-16 04:00:00,BEARISH,D1-20231115-BEARISH,15785.0,M5,15790.2,OB
2023-11-16 13:40:00,BEARISH,D1-20231115-BEARISH,15797.8,M5,15802.3,OB
2023-11-16 14:10:00,BEARISH,D1-20231115-BEARISH,15788.1,M5,15795.6,OB
2023-11-16 01:14:00,BEARISH,D1-20231115-BEARISH,15783.8,M1,15786.8,OB
2023-11-16 02:29:00,BEARISH,D1-20231115-BEARISH,15804.4,M1,15805.5,OB
2023-11-16 02:41:00,BEARISH,D1-20231115-BEARISH,15804.4,M1,15806.3,OB
2023-11-16 03:12:00,BEARISH,D1-20231115-BEARISH,15793.3,M1,15795.0,OB
2023-11-16 03:37:00,BEARISH,D1-20231115-BEARISH,15792.8,M1,15795.2,OB
2023-11-16 03:49:00,BEARISH,D1-20231115-BEARISH,15787.3,M1,15788.9,OB
2023-11-16 03:58:00,BEARISH,D1-20231115-BEARISH,15778.2,M1,15779.9,OB
2023-11-16 08:47:00,BEARISH,D1-20231115-BEARISH,15798.2,M1,15799.4,OB
2023-11-16 09:37:00,BEARISH,D1-20231115-BEARISH,15793.1,M1,15795.1,OB
2023-11-16 10:31:00,BEARISH,D1-20231115-BEARISH,15797.6,M1,15799.6,OB
2023-11-16 10:43:00,BEARISH,D1-20231115-BEARISH,15796.1,M1,15798.8,OB
2023-11-16 11:31:00,BEARISH,D1-20231115-BEARISH,15798.6,M1,15801.3,OB
2023-11-16 11:40:00,BEARISH,D1-20231115-BEARISH,15794.8,M1,15797.8,OB
2023-11-16 13:12:00,BEARISH,D1-20231115-BEARISH,15797.6,M1,15800.3,OB
2023-11-16 13:36:00,BEARISH,D1-20231115-BEARISH,15798.2,M1,15800.1,OB
2023-11-16 13:44:00,BEARISH,D1-20231115-BEARISH,15790.3,M1,15792.2,OB
2023-11-16 14:04:00,BEARISH,D1-20231115-BEARISH,15790.3,M1,15794.6,OB
2023-11-16 14:08:00,BEARISH,D1-20231115-BEARISH,15780.1,M1,15783.7,OB
2023-11-16 14:55:00,BEARISH,D1-20231115-BEARISH,15775.6,M1,15777.8,OB
2023-11-16 15:01:00,BEARISH,D1-20231115-BEARISH,15769.6,M1,15773.1,OB
2023-11-16 15:15:00,BEARISH,D1-20231115-BEARISH,15764.1,M1,15769.6,OB
2023-11-16 16:05:00,BEARISH,D1-20231115-BEARISH,15807.6,M1,15813.1,OB
2023-11-16 16:18:00,BEARISH,D1-20231115-BEARISH,15795.6,M1,15799.9,OB
2023-11-16 17:35:00,BEARISH,D1-20231115-BEARISH,15814.2,M1,15819.7,OB
2023-11-16 17:42:00,BEARISH,D1-20231115-BEARISH,15774.2,M1,15783.4,OB
2023-11-16 18:17:00,BEARISH,D1-20231115-BEARISH,15771.1,M1,15783.4,OB
2023-11-16 18:36:00,BEARISH,D1-20231115-BEARISH,15751.0,M1,15759.0,OB
2023-11-16 20:10:00,BEARISH,D1-20231115-BEARISH,15808.0,M1,15814.0,OB
2023-11-16 20:23:00,BEARISH,D1-20231115-BEARISH,15793.3,M1,15799.9,OB
2023-11-16 20:49:00,BEARISH,D1-20231115-BEARISH,15781.4,M1,15787.5,OB
2023-11-30 16:15:00,BEARISH,D1-20231129-BEARISH,16035.6,M15,16047.4,OB
2023-11-30 15:55:00,BEARISH,D1-20231129-BEARISH,16034.2,M5,16047.7,OB
2023-11-30 16:40:00,BEARISH,D1-20231129-BEARISH,15977.4,M5,16015.9,OB
2023-11-30 17:05:00,BEARISH,D1-20231129-BEARISH,15926.3,M5,15950.8,OB
2023-11-30 17:50:00,BEARISH,D1-20231129-BEARISH,15904.9,M5,15932.3,OB
2023-11-30 20:10:00,BEARISH,D1-20231129-BEARISH,15863.3,M5,15872.8,OB
2023-11-30 13:02:00,BEARISH,D1-20231129-BEARISH,16026.6,M1,16027.6,OB
2023-11-30 13:17:00,BEARISH,D1-20231129-BEARISH,16027.1,M1,16028.8,OB
2023-11-30 15:02:00,BEARISH,D1-20231129-BEARISH,16037.1,M1,16039.9,OB
2023-11-30 15:23:00,BEARISH,D1-20231129-BEARISH,16042.4,M1,16044.2,OB
2023-11-30 15:35:00,BEARISH,D1-20231129-BEARISH,16037.7,M1,16052.4,OB
2023-11-30 16:01:00,BEARISH,D1-20231129-BEARISH,16013.9,M1,16017.8,OB
2023-11-30 16:29:00,BEARISH,D1-20231129-BEARISH,16008.7,M1,16013.7,OB
2023-11-30 16:39:00,BEARISH,D1-20231129-BEARISH,15979.7,M1,15995.7,OB
2023-11-30 16:47:00,BEARISH,D1-20231129-BEARISH,15935.4,M1,15949.2,OB
2023-11-30 17:01:00,BEARISH,D1-20231129-BEARISH,15939.6,M1,15948.8,OB
2023-11-30 17:27:00,BEARISH,D1-20231129-BEARISH,15942.6,M1,15954.2,OB
2023-11-30 17:38:00,BEARISH,D1-20231129-BEARISH,15916.8,M1,15924.4,OB
2023-11-30 18:10:00,BEARISH,D1-20231129-BEARISH,15877.3,M1,15882.7,OB
2023-11-30 18:48:00,BEARISH,D1-20231129-BEARISH,15850.3,M1,15856.4,OB
2023-11-30 20:31:00,BEARISH,D1-20231129-BEARISH,15839.8,M1,15843.4,OB
2023-11-30 22:03:00,BEARISH,D1-20231129-BEARISH,15888.0,M1,15894.0,OB
2023-11-30 22:07:00,BEARISH,D1-20231129-BEARISH,15877.9,M1,15883.1,OB
2023-11-30 22:27:00,BEARISH,D1-20231129-BEARISH,15848.4,M1,15851.6,OB
2023-11-30 23:46:00,BEARISH,D1-20231129-BEARISH,15930.3,M1,15931.7,OB
2023-11-30 23:58:00,BEARISH,D1-20231129-BEARISH,15926.3,M1,15928.2,OB
2023-12-15 15:45:00,BEARISH,D1-20231214-BEARISH,16580.7,M15,16592.8,OB
2023-12-15 20:00:00,BEARISH,D1-20231214-BEARISH,16628.9,M15,16655.1,OB
2023-12-15 01:10:00,BEARISH,D1-20231214-BEARISH,16529.4,M5,16532.9,OB
2023-12-15 12:45:00,BEARISH,D1-20231214-BEARISH,16593.2,M5,16599.3,OB
2023-12-15 14:50:00,BEARISH,D1-20231214-BEARISH,16595.8,M5,16601.4,OB
2023-12-15 15:40:00,BEARISH,D1-20231214-BEARISH,16583.2,M5,16592.8,OB
2023-12-15 19:40:00,BEARISH,D1-20231214-BEARISH,16645.6,M5,16655.1,OB
2023-12-15 20:00:00,BEARISH,D1-20231214-BEARISH,16616.8,M5,16626.8,OB
2023-12-15 20:45:00,BEARISH,D1-20231214-BEARISH,16617.3,M5,16628.2,OB
2023-12-15 02:18:00,BEARISH,D1-20231214-BEARISH,16559.1,M1,16561.8,OB
2023-12-15 03:07:00,BEARISH,D1-20231214-BEARISH,16543.2,M1,16545.8,OB
2023-12-15 04:35:00,BEARISH,D1-20231214-BEARISH,16558.6,M1,16560.3,OB
2023-12-15 04:39:00,BEARISH,D1-20231214-BEARISH,16555.8,M1,16557.7,OB
2023-12-15 06:24:00,BEARISH,D1-20231214-BEARISH,16566.4,M1,16567.2,OB
2023-12-15 08:46:00,BEARISH,D1-20231214-BEARISH,16561.3,M1,16562.1,OB
2023-12-15 11:33:00,BEARISH,D1-20231214-BEARISH,16593.3,M1,16595.1,OB
2023-12-15 12:41:00,BEARISH,D1-20231214-BEARISH,16589.6,M1,16592.6,OB
2023-12-15 14:45:00,BEARISH,D1-20231214-BEARISH,16596.9,M1,16598.4,OB
2023-12-15 14:50:00,BEARISH,D1-20231214-BEARISH,16592.3,M1,16594.3,OB
2023-12-15 14:53:00,BEARISH,D1-20231214-BEARISH,16587.1,M1,16589.8,OB
2023-12-15 15:35:00,BEARISH,D1-20231214-BEARISH,16595.2,M1,16600.1,OB
2023-12-15 15:40:00,BEARISH,D1-20231214-BEARISH,16573.3,M1,16580.9,OB
2023-12-15 15:43:00,BEARISH,D1-20231214-BEARISH,16559.1,M1,16567.3,OB
2023-12-15 16:26:00,BEARISH,D1-20231214-BEARISH,16597.2,M1,16602.8,OB
2023-12-15 16:29:00,BEARISH,D1-20231214-BEARISH,16577.9,M1,16587.6,OB
2023-12-15 17:45:00,BEARISH,D1-20231214-BEARISH,16647.5,M1,16653.2,OB
2023-12-15 18:07:00,BEARISH,D1-20231214-BEARISH,16648.9,M1,16652.7,OB
2023-12-15 18:41:00,BEARISH,D1-20231214-BEARISH,16667.6,M1,16672.8,OB
2023-12-15 19:38:00,BEARISH,D1-20231214-BEARISH,16632.4,M1,16639.8,OB
2023-12-15 19:48:00,BEARISH,D1-20231214-BEARISH,16619.8,M1,16624.8,OB
2023-12-15 20:37:00,BEARISH,D1-20231214-BEARISH,16620.3,M1,16624.6,OB
2023-12-15 23:00:00,BEARISH,D1-20231214-BEARISH,16625.4,M1,16633.7,OB
2024-01-23 10:30:00,BEARISH,D1-20240122-BEARISH,17346.3,M15,17353.2,OB
2024-01-23 10:15:00,BEARISH,D1-20240122-BEARISH,17346.6,M5,17355.1,OB
2024-01-23 12:10:00,BEARISH,D1-20240122-BEARISH,17336.1,M5,17339.2,OB
2024-01-23 16:35:00,BEARISH,D1-20240122-BEARISH,17349.6,M5,17366.9,OB
2024-01-23 08:32:00,BEARISH,D1-20240122-BEARISH,17348.4,M1,17349.4,OB
2024-01-23 09:35:00,BEARISH,D1-20240122-BEARISH,17353.7,M1,17356.6,OB
2024-01-23 09:49:00,BEARISH,D1-20240122-BEARISH,17349.7,M1,17351.8,OB
2024-01-23 10:03:00,BEARISH,D1-20240122-BEARISH,17350.7,M1,17353.2,OB
2024-01-23 10:12:00,BEARISH,D1-20240122-BEARISH,17350.5,M1,17353.9,OB
2024-01-23 10:18:00,BEARISH,D1-20240122-BEARISH,17336.2,M1,17339.4,OB
2024-01-23 10:22:00,BEARISH,D1-20240122-BEARISH,17321.8,M1,17326.1,OB
2024-01-23 10:41:00,BEARISH,D1-20240122-BEARISH,17310.1,M1,17312.7,OB
2024-01-23 11:28:00,BEARISH,D1-20240122-BEARISH,17336.4,M1,17339.3,OB
2024-01-23 14:47:00,BEARISH,D1-20240122-BEARISH,17348.8,M1,17350.9,OB
2024-01-23 15:58:00,BEARISH,D1-20240122-BEARISH,17379.4,M1,17382.3,OB
2024-01-23 16:09:00,BEARISH,D1-20240122-BEARISH,17371.1,M1,17374.6,OB
2024-01-23 16:32:00,BEARISH,D1-20240122-BEARISH,17358.5,M1,17366.2,OB
2024-01-23 17:03:00,BEARISH,D1-20240122-BEARISH,17348.3,M1,17358.6,OB
2024-01-23 18:15:00,BEARISH,D1-20240122-BEARISH,17345.7,M1,17354.0,OB
2024-01-23 19:23:00,BEARISH,D1-20240122-BEARISH,17327.6,M1,17332.6,OB
2024-01-23 20:33:00,BEARISH,D1-20240122-BEARISH,17350.7,M1,17353.3,OB
2024-01-23 20:39:00,BEARISH,D1-20240122-BEARISH,17342.4,M1,17347.1,OB
2024-05-08 14:15:00,BEARISH,D1-20240507-BEARISH,18079.2,M15,18095.0,OB
2024-05-08 15:15:00,BEARISH,D1-20240507-BEARISH,18042.8,M15,18057.8,OB
2024-05-08 01:10:00,BEARISH,D1-20240507-BEARISH,18087.7,M5,18093.1,OB
2024-05-08 14:05:00,BEARISH,D1-20240507-BEARISH,18084.1,M5,18088.7,OB
2024-05-08 15:40:00,BEARISH,D1-20240507-BEARISH,17993.0,M5,17999.5,OB
2024-05-08 23:15:00,BEARISH,D1-20240507-BEARISH,18077.6,M5,18096.0,OB
2024-05-08 01:01:00,BEARISH,D1-20240507-BEARISH,18090.3,M1,18091.5,OB
2024-05-08 01:09:00,BEARISH,D1-20240507-BEARISH,18084.2,M1,18086.2,OB
2024-05-08 02:04:00,BEARISH,D1-20240507-BEARISH,18095.2,M1,18096.1,OB
2024-05-08 02:26:00,BEARISH,D1-20240507-BEARISH,18097.9,M1,18098.9,OB
2024-05-08 03:34:00,BEARISH,D1-20240507-BEARISH,18101.0,M1,18102.0,OB
2024-05-08 04:21:00,BEARISH,D1-20240507-BEARISH,18104.4,M1,18105.4,OB
2024-05-08 05:18:00,BEARISH,D1-20240507-BEARISH,18098.1,M1,18098.8,OB
2024-05-08 05:34:00,BEARISH,D1-20240507-BEARISH,18096.1,M1,18097.1,OB
2024-05-08 05:43:00,BEARISH,D1-20240507-BEARISH,18090.9,M1,18092.0,OB
2024-05-08 06:24:00,BEARISH,D1-20240507-BEARISH,18092.2,M1,18093.1,OB
2024-05-08 07:18:00,BEARISH,D1-20240507-BEARISH,18087.9,M1,18088.7,OB
2024-05-08 07:24:00,BEARISH,D1-20240507-BEARISH,18086.5,M1,18087.0,OB
2024-05-08 07:57:00,BEARISH,D1-20240507-BEARISH,18082.6,M1,18083.1,OB
2024-05-08 08:02:00,BEARISH,D1-20240507-BEARISH,18079.0,M1,18081.0,OB
2024-05-08 09:20:00,BEARISH,D1-20240507-BEARISH,18087.9,M1,18088.6,OB
2024-05-08 10:53:00,BEARISH,D1-20240507-BEARISH,18100.3,M1,18101.5,OB
2024-05-08 11:07:00,BEARISH,D1-20240507-BEARISH,18091.8,M1,18094.2,OB
2024-05-08 11:37:00,BEARISH,D1-20240507-BEARISH,18101.3,M1,18103.6,OB
2024-05-08 12:17:00,BEARISH,D1-20240507-BEARISH,18091.7,M1,18093.0,OB
2024-05-08 12:58:00,BEARISH,D1-20240507-BEARISH,18094.7,M1,18095.6,OB
2024-05-08 13:01:00,BEARISH,D1-20240507-BEARISH,18089.6,M1,18090.4,OB
2024-05-08 13:35:00,BEARISH,D1-20240507-BEARISH,18090.5,M1,18092.3,OB
2024-05-08 13:57:00,BEARISH,D1-20240507-BEARISH,18085.2,M1,18088.6,OB
2024-05-08 14:00:00,BEARISH,D1-20240507-BEARISH,18082.4,M1,18086.7,OB
2024-05-08 14:09:00,BEARISH,D1-20240507-BEARISH,18069.7,M1,18072.0,OB
2024-05-08 14:19:00,BEARISH,D1-20240507-BEARISH,18060.8,M1,18064.9,OB
2024-05-08 14:39:00,BEARISH,D1-20240507-BEARISH,18054.0,M1,18055.9,OB
2024-05-08 14:56:00,BEARISH,D1-20240507-BEARISH,18056.8,M1,18063.0,OB
2024-05-08 15:10:00,BEARISH,D1-20240507-BEARISH,18038.8,M1,18044.1,OB
2024-05-08 15:19:00,BEARISH,D1-20240507-BEARISH,18007.3,M1,18013.4,OB
2024-05-08 15:38:00,BEARISH,D1-20240507-BEARISH,17993.4,M1,17996.6,OB
2024-05-08 18:16:00,BEARISH,D1-20240507-BEARISH,18089.0,M1,18094.4,OB
2024-05-08 19:12:00,BEARISH,D1-20240507-BEARISH,18070.1,M1,18074.7,OB
2024-05-08 19:36:00,BEARISH,D1-20240507-BEARISH,18075.5,M1,18079.4,OB
2024-05-08 20:02:00,BEARISH,D1-20240507-BEARISH,18060.8,M1,18067.5,OB
2024-05-08 21:42:00,BEARISH,D1-20240507-BEARISH,18079.3,M1,18084.6,OB
2024-05-08 21:59:00,BEARISH,D1-20240507-BEARISH,18073.1,M1,18078.6,OB
2024-05-08 23:01:00,BEARISH,D1-20240507-BEARISH,18090.4,M1,18096.0,OB
2024-05-08 23:07:00,BEARISH,D1-20240507-BEARISH,18072.1,M1,18074.1,OB
2024-05-08 23:34:00,BEARISH,D1-20240507-BEARISH,18058.2,M1,18059.0,OB
2024-05-17 11:15:00,BEARISH,D1-20240516-BEARISH,18554.4,M15,18566.7,OB
2024-05-17 16:30:00,BEARISH,D1-20240516-BEARISH,18585.0,M15,18595.1,OB
2024-05-17 21:15:00,BEARISH,D1-20240516-BEARISH,18521.3,M15,18543.9,OB
2024-05-17 05:35:00,BEARISH,D1-20240516-BEARISH,18565.6,M5,18567.9,OB
2024-05-17 05:55:00,BEARISH,D1-20240516-BEARISH,18561.6,M5,18564.8,OB
2024-05-17 08:30:00,BEARISH,D1-20240516-BEARISH,18569.1,M5,18572.4,OB
2024-05-17 16:30:00,BEARISH,D1-20240516-BEARISH,18580.5,M5,18586.8,OB
2024-05-17 21:15:00,BEARISH,D1-20240516-BEARISH,18505.5,M5,18519.9,OB
2024-05-17 01:34:00,BEARISH,D1-20240516-BEARISH,18554.6,M1,18555.3,OB
2024-05-17 02:09:00,BEARISH,D1-20240516-BEARISH,18557.6,M1,18560.4,OB
2024-05-17 02:49:00,BEARISH,D1-20240516-BEARISH,18559.8,M1,18561.4,OB
2024-05-17 05:29:00,BEARISH,D1-20240516-BEARISH,18564.9,M1,18565.6,OB
2024-05-17 05:53:00,BEARISH,D1-20240516-BEARISH,18561.2,M1,18562.7,OB
2024-05-17 07:06:00,BEARISH,D1-20240516-BEARISH,18558.4,M1,18558.8,OB
2024-05-17 08:29:00,BEARISH,D1-20240516-BEARISH,18567.3,M1,18568.2,OB
2024-05-17 09:42:00,BEARISH,D1-20240516-BEARISH,18576.1,M1,18577.5,OB
2024-05-17 09:59:00,BEARISH,D1-20240516-BEARISH,18571.6,M1,18572.7,OB
2024-05-17 10:07:00,BEARISH,D1-20240516-BEARISH,18568.9,M1,18571.0,OB
2024-05-17 10:22:00,BEARISH,D1-20240516-BEARISH,18564.8,M1,18567.0,OB
2024-05-17 10:35:00,BEARISH,D1-20240516-BEARISH,18563.3,M1,18565.6,OB
2024-05-17 11:04:00,BEARISH,D1-20240516-BEARISH,18554.6,M1,18557.6,OB
2024-05-17 13:08:00,BEARISH,D1-20240516-BEARISH,18564.6,M1,18566.0,OB
2024-05-17 14:55:00,BEARISH,D1-20240516-BEARISH,18580.8,M1,18582.1,OB
2024-05-17 16:35:00,BEARISH,D1-20240516-BEARISH,18562.0,M1,18571.3,OB
2024-05-17 16:58:00,BEARISH,D1-20240516-BEARISH,18544.4,M1,18552.9,OB
2024-05-17 17:53:00,BEARISH,D1-20240516-BEARISH,18587.0,M1,18590.2,OB
2024-05-17 19:23:00,BEARISH,D1-20240516-BEARISH,18556.5,M1,18559.2,OB
2024-05-17 19:32:00,BEARISH,D1-20240516-BEARISH,18551.5,M1,18555.4,OB
2024-05-17 20:20:00,BEARISH,D1-20240516-BEARISH,18538.8,M1,18542.7,OB
2024-05-17 20:35:00,BEARISH,D1-20240516-BEARISH,18535.1,M1,18539.9,OB
2024-05-17 21:01:00,BEARISH,D1-20240516-BEARISH,18525.5,M1,18528.1,OB
2024-05-17 21:05:00,BEARISH,D1-20240516-BEARISH,18515.5,M1,18521.5,OB
2024-05-17 21:14:00,BEARISH,D1-20240516-BEARISH,18502.3,M1,18511.9,OB
2024-05-17 22:50:00,BEARISH,D1-20240516-BEARISH,18536.8,M1,18540.5,OB
2024-06-19 19:10:00,BEARISH,D1-20240618-BEARISH,19954.9,M5,19957.9,OB
2024-06-19 02:02:00,BEARISH,D1-20240618-BEARISH,19940.2,M1,19940.9,OB
2024-06-19 02:17:00,BEARISH,D1-20240618-BEARISH,19936.6,M1,19937.9,OB
2024-06-19 02:27:00,BEARISH,D1-20240618-BEARISH,19933.5,M1,19934.5,OB
2024-06-19 02:33:00,BEARISH,D1-20240618-BEARISH,19932.2,M1,19932.9,OB
2024-06-19 03:01:00,BEARISH,D1-20240618-BEARISH,19935.9,M1,19936.7,OB
2024-06-19 03:59:00,BEARISH,D1-20240618-BEARISH,19926.4,M1,19927.9,OB
2024-06-19 04:55:00,BEARISH,D1-20240618-BEARISH,19928.6,M1,19929.5,OB
2024-06-19 05:46:00,BEARISH,D1-20240618-BEARISH,19935.9,M1,19936.8,OB
2024-06-19 05:58:00,BEARISH,D1-20240618-BEARISH,19934.7,M1,19935.3,OB
2024-06-19 06:46:00,BEARISH,D1-20240618-BEARISH,19933.3,M1,19934.0,OB
2024-06-19 07:34:00,BEARISH,D1-20240618-BEARISH,19931.2,M1,19931.7,OB
2024-06-19 07:45:00,BEARISH,D1-20240618-BEARISH,19928.3,M1,19928.6,OB
2024-06-19 08:28:00,BEARISH,D1-20240618-BEARISH,19930.6,M1,19931.3,OB
2024-06-19 09:05:00,BEARISH,D1-20240618-BEARISH,19937.6,M1,19939.9,OB
2024-06-19 09:25:00,BEARISH,D1-20240618-BEARISH,19938.5,M1,19940.1,OB
2024-06-19 10:03:00,BEARISH,D1-20240618-BEARISH,19947.9,M1,19950.7,OB
2024-06-19 11:17:00,BEARISH,D1-20240618-BEARISH,19946.5,M1,19947.9,OB
2024-06-19 12:42:00,BEARISH,D1-20240618-BEARISH,19946.8,M1,19948.3,OB
2024-06-19 14:43:00,BEARISH,D1-20240618-BEARISH,19955.0,M1,19956.3,OB
2024-06-19 14:49:00,BEARISH,D1-20240618-BEARISH,19953.4,M1,19954.4,OB
2024-06-19 15:17:00,BEARISH,D1-20240618-BEARISH,19947.8,M1,19948.9,OB
2024-06-19 16:23:00,BEARISH,D1-20240618-BEARISH,19959.8,M1,19960.9,OB
2024-06-19 16:37:00,BEARISH,D1-20240618-BEARISH,19957.7,M1,19960.3,OB
2024-06-19 18:54:00,BEARISH,D1-20240618-BEARISH,19958.3,M1,19958.9,OB
2024-06-19 19:07:00,BEARISH,D1-20240618-BEARISH,19956.1,M1,19956.9,OB
2024-06-19 19:11:00,BEARISH,D1-20240618-BEARISH,19949.2,M1,19950.2,OB
2024-06-19 19:51:00,BEARISH,D1-20240618-BEARISH,19949.9,M1,19951.2,OB
2024-06-27 01:35:00,BEARISH,D1-20240626-BEARISH,19687.3,M5,19691.1,OB
2024-06-27 03:40:00,BEARISH,D1-20240626-BEARISH,19648.0,M5,19652.3,OB
2024-06-27 06:50:00,BEARISH,D1-20240626-BEARISH,19667.9,M5,19670.6,OB
2024-06-27 10:55:00,BEARISH,D1-20240626-BEARISH,19704.5,M5,19710.2,OB
2024-06-27 18:35:00,BEARISH,D1-20240626-BEARISH,19755.4,M5,19773.2,OB
2024-06-27 21:05:00,BEARISH,D1-20240626-BEARISH,19791.3,M5,19802.7,OB
2024-06-27 22:55:00,BEARISH,D1-20240626-BEARISH,19781.6,M5,19793.1,OB
2024-06-27 01:15:00,BEARISH,D1-20240626-BEARISH,19691.8,M1,19696.9,OB
2024-06-27 01:25:00,BEARISH,D1-20240626-BEARISH,19689.8,M1,19692.5,OB
2024-06-27 01:30:00,BEARISH,D1-20240626-BEARISH,19679.7,M1,19683.3,OB
2024-06-27 01:35:00,BEARISH,D1-20240626-BEARISH,19678.3,M1,19679.3,OB
2024-06-27 02:06:00,BEARISH,D1-20240626-BEARISH,19667.1,M1,19670.3,OB
2024-06-27 02:18:00,BEARISH,D1-20240626-BEARISH,19658.3,M1,19662.3,OB
2024-06-27 03:03:00,BEARISH,D1-20240626-BEARISH,19653.8,M1,19657.8,OB
2024-06-27 03:08:00,BEARISH,D1-20240626-BEARISH,19656.1,M1,19658.7,OB
2024-06-27 03:39:00,BEARISH,D1-20240626-BEARISH,19649.7,M1,19650.7,OB
2024-06-27 03:47:00,BEARISH,D1-20240626-BEARISH,19632.8,M1,19635.4,OB
2024-06-27 04:23:00,BEARISH,D1-20240626-BEARISH,19645.5,M1,19647.3,OB
2024-06-27 06:04:00,BEARISH,D1-20240626-BEARISH,19666.0,M1,19667.2,OB
2024-06-27 09:26:00,BEARISH,D1-20240626-BEARISH,19702.5,M1,19704.4,OB
2024-06-27 10:34:00,BEARISH,D1-20240626-BEARISH,19710.8,M1,19713.8,OB
2024-06-27 10:42:00,BEARISH,D1-20240626-BEARISH,19708.9,M1,19710.2,OB
2024-06-27 10:49:00,BEARISH,D1-20240626-BEARISH,19701.6,M1,19704.1,OB
2024-06-27 10:59:00,BEARISH,D1-20240626-BEARISH,19693.4,M1,19695.1,OB
2024-06-27 11:52:00,BEARISH,D1-20240626-BEARISH,19696.5,M1,19700.0,OB
2024-06-27 12:07:00,BEARISH,D1-20240626-BEARISH,19701.3,M1,19704.2,OB
2024-06-27 13:53:00,BEARISH,D1-20240626-BEARISH,19726.0,M1,19727.3,OB
2024-06-27 14:02:00,BEARISH,D1-20240626-BEARISH,19723.3,M1,19726.0,OB
2024-06-27 14:06:00,BEARISH,D1-20240626-BEARISH,19717.0,M1,19720.1,OB
2024-06-27 14:11:00,BEARISH,D1-20240626-BEARISH,19713.2,M1,19716.8,OB
2024-06-27 14:40:00,BEARISH,D1-20240626-BEARISH,19722.6,M1,19724.3,OB
2024-06-27 15:00:00,BEARISH,D1-20240626-BEARISH,19722.2,M1,19724.3,OB
2024-06-27 16:13:00,BEARISH,D1-20240626-BEARISH,19739.6,M1,19745.2,OB
2024-06-27 17:46:00,BEARISH,D1-20240626-BEARISH,19800.4,M1,19807.1,OB
2024-06-27 17:51:00,BEARISH,D1-20240626-BEARISH,19768.3,M1,19787.1,OB
2024-06-27 18:29:00,BEARISH,D1-20240626-BEARISH,19754.1,M1,19763.7,OB
2024-06-27 20:00:00,BEARISH,D1-20240626-BEARISH,19778.8,M1,19782.0,OB
2024-06-27 21:00:00,BEARISH,D1-20240626-BEARISH,19784.7,M1,19791.8,OB
2024-06-27 21:19:00,BEARISH,D1-20240626-BEARISH,19756.4,M1,19764.2,OB
2024-06-27 22:49:00,BEARISH,D1-20240626-BEARISH,19778.4,M1,19783.6,OB
2024-11-11 16:45:00,BEARISH,D1-20241108-BEARISH,21194.9,M15,21212.4,OB
2024-11-11 20:15:00,BEARISH,D1-20241108-BEARISH,21070.8,M15,21095.9,OB
2024-11-11 02:40:00,BEARISH,D1-20241108-BEARISH,21202.9,M5,21208.4,OB
2024-11-11 03:10:00,BEARISH,D1-20241108-BEARISH,21181.8,M5,21189.8,OB
2024-11-11 09:05:00,BEARISH,D1-20241108-BEARISH,21196.4,M5,21200.7,OB
2024-11-11 10:55:00,BEARISH,D1-20241108-BEARISH,21221.0,M5,21229.0,OB
2024-11-11 16:35:00,BEARISH,D1-20241108-BEARISH,21195.8,M5,21203.6,OB
2024-11-11 20:05:00,BEARISH,D1-20241108-BEARISH,21065.3,M5,21087.5,OB
2024-11-11 02:45:00,BEARISH,D1-20241108-BEARISH,21191.8,M1,21193.8,OB
2024-11-11 03:05:00,BEARISH,D1-20241108-BEARISH,21187.4,M1,21189.7,OB
2024-11-11 03:10:00,BEARISH,D1-20241108-BEARISH,21174.9,M1,21177.7,OB
2024-11-11 04:31:00,BEARISH,D1-20241108-BEARISH,21179.0,M1,21180.7,OB
2024-11-11 04:46:00,BEARISH,D1-20241108-BEARISH,21177.0,M1,21179.5,OB
2024-11-11 05:03:00,BEARISH,D1-20241108-BEARISH,21176.7,M1,21177.8,OB
2024-11-11 06:40:00,BEARISH,D1-20241108-BEARISH,21189.9,M1,21191.2,OB
2024-11-11 07:31:00,BEARISH,D1-20241108-BEARISH,21205.2,M1,21207.0,OB
2024-11-11 08:05:00,BEARISH,D1-20241108-BEARISH,21197.4,M1,21198.4,OB
2024-11-11 09:03:00,BEARISH,D1-20241108-BEARISH,21194.5,M1,21195.5,OB
2024-11-11 10:45:00,BEARISH,D1-20241108-BEARISH,21220.8,M1,21222.8,OB
2024-11-11 10:54:00,BEARISH,D1-20241108-BEARISH,21208.4,M1,21212.0,OB
2024-11-11 10:57:00,BEARISH,D1-20241108-BEARISH,21198.3,M1,21200.8,OB
2024-11-11 11:59:00,BEARISH,D1-20241108-BEARISH,21202.8,M1,21207.0,OB
2024-11-11 12:31:00,BEARISH,D1-20241108-BEARISH,21192.5,M1,21195.0,OB
2024-11-11 12:47:00,BEARISH,D1-20241108-BEARISH,21191.0,M1,21193.9,OB
2024-11-11 13:42:00,BEARISH,D1-20241108-BEARISH,21196.6,M1,21198.3,OB
2024-11-11 15:16:00,BEARISH,D1-20241108-BEARISH,21234.1,M1,21238.4,OB
2024-11-11 15:27:00,BEARISH,D1-20241108-BEARISH,21216.4,M1,21219.0,OB
2024-11-11 15:36:00,BEARISH,D1-20241108-BEARISH,21210.9,M1,21215.8,OB
2024-11-11 16:11:00,BEARISH,D1-20241108-BEARISH,21210.4,M1,21212.9,OB
2024-11-11 16:31:00,BEARISH,D1-20241108-BEARISH,21192.4,M1,21198.9,OB
2024-11-11 16:33:00,BEARISH,D1-20241108-BEARISH,21179.3,M1,21192.8,OB
2024-11-11 16:39:00,BEARISH,D1-20241108-BEARISH,21177.2,M1,21191.2,OB
2024-11-11 16:44:00,BEARISH,D1-20241108-BEARISH,21147.9,M1,21167.0,OB
2024-11-11 18:07:00,BEARISH,D1-20241108-BEARISH,21132.0,M1,21137.0,OB
2024-11-11 21:12:00,BEARISH,D1-20241108-BEARISH,21085.3,M1,21090.0,OB
2024-11-11 22:47:00,BEARISH,D1-20241108-BEARISH,21102.9,M1,21109.0,OB
2024-11-11 23:15:00,BEARISH,D1-20241108-BEARISH,21137.8,M1,21140.0,OB
2024-11-21 09:30:00,BEARISH,D1-20241120-BEARISH,20617.0,M15,20652.4,OB
2024-11-21 16:45:00,BEARISH,D1-20241120-BEARISH,20773.3,M15,20806.6,OB
2024-11-21 02:35:00,BEARISH,D1-20241120-BEARISH,20634.8,M5,20643.4,OB
2024-11-21 02:50:00,BEARISH,D1-20241120-BEARISH,20618.0,M5,20634.8,OB
2024-11-21 07:40:00,BEARISH,D1-20241120-BEARISH,20622.3,M5,20631.9,OB
2024-11-21 11:10:00,BEARISH,D1-20241120-BEARISH,20588.8,M5,20609.1,OB
2024-11-21 16:35:00,BEARISH,D1-20241120-BEARISH,20795.0,M5,20813.1,OB
2024-11-21 17:05:00,BEARISH,D1-20241120-BEARISH,20622.3,M5,20707.8,OB
2024-11-21 17:30:00,BEARISH,D1-20241120-BEARISH,20600.4,M5,20643.4,OB
2024-11-21 01:13:00,BEARISH,D1-20241120-BEARISH,20656.4,M1,20658.8,OB
2024-11-21 02:02:00,BEARISH,D1-20241120-BEARISH,20680.7,M1,20685.7,OB
2024-11-21 02:15:00,BEARISH,D1-20241120-BEARISH,20646.3,M1,20652.2,OB
2024-11-21 02:30:00,BEARISH,D1-20241120-BEARISH,20629.2,M1,20632.3,OB
2024-11-21 03:15:00,BEARISH,D1-20241120-BEARISH,20577.3,M1,20583.7,OB
2024-11-21 03:39:00,BEARISH,D1-20241120-BEARISH,20592.4,M1,20596.2,OB
2024-11-21 04:44:00,BEARISH,D1-20241120-BEARISH,20577.4,M1,20581.2,OB
2024-11-21 05:41:00,BEARISH,D1-20241120-BEARISH,20610.5,M1,20613.9,OB
2024-11-21 06:01:00,BEARISH,D1-20241120-BEARISH,20580.4,M1,20583.8,OB
2024-11-21 07:32:00,BEARISH,D1-20241120-BEARISH,20624.5,M1,20627.4,OB
2024-11-21 07:36:00,BEARISH,D1-20241120-BEARISH,20619.3,M1,20622.4,OB
2024-11-21 07:42:00,BEARISH,D1-20241120-BEARISH,20598.7,M1,20602.4,OB
2024-11-21 09:23:00,BEARISH,D1-20241120-BEARISH,20628.5,M1,20632.4,OB
2024-11-21 09:27:00,BEARISH,D1-20241120-BEARISH,20623.3,M1,20626.9,OB
2024-11-21 10:18:00,BEARISH,D1-20241120-BEARISH,20600.8,M1,20610.6,OB
2024-11-21 11:01:00,BEARISH,D1-20241120-BEARISH,20608.4,M1,20615.5,OB
2024-11-21 11:10:00,BEARISH,D1-20241120-BEARISH,20573.8,M1,20581.8,OB
2024-11-21 12:48:00,BEARISH,D1-20241120-BEARISH,20610.5,M1,20613.8,OB
2024-11-21 13:32:00,BEARISH,D1-20241120-BEARISH,20654.3,M1,20662.4,OB
2024-11-21 14:53:00,BEARISH,D1-20241120-BEARISH,20700.3,M1,20706.9,OB
2024-11-21 15:47:00,BEARISH,D1-20241120-BEARISH,20783.6,M1,20790.1,OB
2024-11-21 16:34:00,BEARISH,D1-20241120-BEARISH,20784.5,M1,20830.3,OB
2024-11-21 16:58:00,BEARISH,D1-20241120-BEARISH,20631.9,M1,20659.0,OB
2024-11-21 17:24:00,BEARISH,D1-20241120-BEARISH,20616.9,M1,20631.7,OB
2024-11-21 18:37:00,BEARISH,D1-20241120-BEARISH,20709.9,M1,20718.9,OB
2024-11-21 19:05:00,BEARISH,D1-20241120-BEARISH,20652.2,M1,20665.4,OB
2024-11-21 20:39:00,BEARISH,D1-20241120-BEARISH,20785.2,M1,20794.4,OB
2024-11-21 21:08:00,BEARISH,D1-20241120-BEARISH,20773.5,M1,20781.5,OB
2024-12-06 12:15:00,BEARISH,D1-20241205-BEARISH,21433.7,M15,21442.5,OB
2024-12-06 21:15:00,BEARISH,D1-20241205-BEARISH,21612.4,M5,21624.4,OB
2024-12-06 12:07:00,BEARISH,D1-20241205-BEARISH,21433.5,M1,21436.9,OB
2024-12-06 12:15:00,BEARISH,D1-20241205-BEARISH,21430.5,M1,21432.1,OB
2024-12-06 12:45:00,BEARISH,D1-20241205-BEARISH,21437.1,M1,21439.2,OB
2024-12-06 12:59:00,BEARISH,D1-20241205-BEARISH,21427.5,M1,21428.9,OB
2024-12-06 13:21:00,BEARISH,D1-20241205-BEARISH,21421.9,M1,21423.2,OB
2024-12-06 13:35:00,BEARISH,D1-20241205-BEARISH,21418.9,M1,21422.6,OB
2024-12-06 13:43:00,BEARISH,D1-20241205-BEARISH,21418.7,M1,21420.6,OB
2024-12-06 15:22:00,BEARISH,D1-20241205-BEARISH,21441.5,M1,21444.4,OB
2024-12-06 17:52:00,BEARISH,D1-20241205-BEARISH,21581.0,M1,21592.1,OB
2024-12-06 18:09:00,BEARISH,D1-20241205-BEARISH,21590.6,M1,21598.8,OB
2024-12-06 18:47:00,BEARISH,D1-20241205-BEARISH,21586.4,M1,21594.9,OB
2024-12-06 19:05:00,BEARISH,D1-20241205-BEARISH,21576.9,M1,21581.8,OB
2024-12-06 19:43:00,BEARISH,D1-20241205-BEARISH,21584.1,M1,21588.5,OB
2024-12-06 20:31:00,BEARISH,D1-20241205-BEARISH,21625.6,M1,21629.6,OB
2024-12-06 20:36:00,BEARISH,D1-20241205-BEARISH,21614.1,M1,21618.4,OB
2024-12-06 21:03:00,BEARISH,D1-20241205-BEARISH,21620.3,M1,21624.4,OB
2024-12-06 21:11:00,BEARISH,D1-20241205-BEARISH,21601.4,M1,21604.6,OB
2024-12-06 21:16:00,BEARISH,D1-20241205-BEARISH,21590.6,M1,21594.6,OB
2024-12-06 21:31:00,BEARISH,D1-20241205-BEARISH,21589.4,M1,21592.6,OB
2024-12-06 22:01:00,BEARISH,D1-20241205-BEARISH,21602.6,M1,21607.6,OB
2024-12-06 22:50:00,BEARISH,D1-20241205-BEARISH,21614.9,M1,21618.5,OB
2024-12-06 23:21:00,BEARISH,D1-20241205-BEARISH,21613.1,M1,21614.8,OB
2024-12-06 23:46:00,BEARISH,D1-20241205-BEARISH,21597.4,M1,21599.6,OB
2025-01-30 17:30:00,BEARISH,D1-20250129-BEARISH,21486.6,M15,21594.4,OB
2025-01-30 18:15:00,BEARISH,D1-20250129-BEARISH,21349.6,M15,21438.2,OB
2025-01-30 09:05:00,BEARISH,D1-20250129-BEARISH,21479.4,M5,21488.8,OB
2025-01-30 11:05:00,BEARISH,D1-20250129-BEARISH,21542.7,M5,21549.0,OB
2025-01-30 11:35:00,BEARISH,D1-20250129-BEARISH,21514.7,M5,21527.4,OB
2025-01-30 14:15:00,BEARISH,D1-20250129-BEARISH,21480.7,M5,21491.8,OB
2025-01-30 18:00:00,BEARISH,D1-20250129-BEARISH,21393.6,M5,21430.3,OB
2025-01-30 22:40:00,BEARISH,D1-20250129-BEARISH,21529.4,M5,21545.8,OB
2025-01-30 08:09:00,BEARISH,D1-20250129-BEARISH,21505.1,M1,21508.3,OB
2025-01-30 08:26:00,BEARISH,D1-20250129-BEARISH,21494.3,M1,21495.8,OB
2025-01-30 09:01:00,BEARISH,D1-20250129-BEARISH,21487.6,M1,21488.9,OB
2025-01-30 11:01:00,BEARISH,D1-20250129-BEARISH,21544.7,M1,21549.0,OB
2025-01-30 11:34:00,BEARISH,D1-20250129-BEARISH,21508.2,M1,21514.7,OB
2025-01-30 11:53:00,BEARISH,D1-20250129-BEARISH,21492.9,M1,21498.0,OB
2025-01-30 12:18:00,BEARISH,D1-20250129-BEARISH,21479.4,M1,21487.4,OB
2025-01-30 13:44:00,BEARISH,D1-20250129-BEARISH,21509.3,M1,21513.7,OB
2025-01-30 13:47:00,BEARISH,D1-20250129-BEARISH,21498.4,M1,21502.4,OB
2025-01-30 13:52:00,BEARISH,D1-20250129-BEARISH,21495.9,M1,21499.7,OB
2025-01-30 14:02:00,BEARISH,D1-20250129-BEARISH,21480.7,M1,21489.7,OB
2025-01-30 14:16:00,BEARISH,D1-20250129-BEARISH,21461.2,M1,21466.9,OB
2025-01-30 16:59:00,BEARISH,D1-20250129-BEARISH,21559.6,M1,21575.4,OB
2025-01-30 17:03:00,BEARISH,D1-20250129-BEARISH,21490.8,M1,21505.4,OB
2025-01-30 17:30:00,BEARISH,D1-20250129-BEARISH,21404.1,M1,21423.2,OB
2025-01-30 18:15:00,BEARISH,D1-20250129-BEARISH,21301.6,M1,21319.4,OB
2025-01-30 19:14:00,BEARISH,D1-20250129-BEARISH,21423.9,M1,21436.9,OB
2025-01-30 19:27:00,BEARISH,D1-20250129-BEARISH,21382.6,M1,21394.2,OB
2025-01-30 20:29:00,BEARISH,D1-20250129-BEARISH,21409.9,M1,21418.9,OB
2025-01-30 22:37:00,BEARISH,D1-20250129-BEARISH,21526.4,M1,21533.2,OB
2025-03-05 10:30:00,BULLISH,D1-20250304-BULLISH,20467.0,M15,20498.3,OB
2025-03-05 11:45:00,BULLISH,D1-20250304-BULLISH,20490.1,M15,20516.7,OB
2025-03-05 21:15:00,BULLISH,D1-20250304-BULLISH,20401.9,M15,20479.4,OB
2025-03-05 05:15:00,BULLISH,D1-20250304-BULLISH,20427.6,M5,20458.4,OB
2025-03-05 10:20:00,BULLISH,D1-20250304-BULLISH,20467.6,M5,20490.6,OB
2025-03-05 10:30:00,BULLISH,D1-20250304-BULLISH,20511.5,M5,20531.1,OB
2025-03-05 11:30:00,BULLISH,D1-20250304-BULLISH,20504.1,M5,20523.5,OB
2025-03-05 19:30:00,BULLISH,D1-20250304-BULLISH,20313.1,M5,20353.4,OB
2025-03-05 20:00:00,BULLISH,D1-20250304-BULLISH,20394.6,M5,20450.5,OB
2025-03-05 21:00:00,BULLISH,D1-20250304-BULLISH,20423.1,M5,20468.1,OB
2025-03-05 01:04:00,BULLISH,D1-20250304-BULLISH,20491.0,M1,20500.7,OB
2025-03-05 01:28:00,BULLISH,D1-20250304-BULLISH,20510.6,M1,20513.9,OB
2025-03-05 02:59:00,BULLISH,D1-20250304-BULLISH,20472.5,M1,20480.7,OB
2025-03-05 04:52:00,BULLISH,D1-20250304-BULLISH,20440.0,M1,20446.0,OB
2025-03-05 05:08:00,BULLISH,D1-20250304-BULLISH,20435.2,M1,20445.5,OB
2025-03-05 05:48:00,BULLISH,D1-20250304-BULLISH,20452.9,M1,20468.4,OB
2025-03-05 05:56:00,BULLISH,D1-20250304-BULLISH,20484.5,M1,20491.0,OB
2025-03-05 06:10:00,BULLISH,D1-20250304-BULLISH,20500.9,M1,20506.4,OB
2025-03-05 07:03:00,BULLISH,D1-20250304-BULLISH,20488.2,M1,20492.4,OB
2025-03-05 07:38:00,BULLISH,D1-20250304-BULLISH,20470.1,M1,20478.2,OB
2025-03-05 08:13:00,BULLISH,D1-20250304-BULLISH,20502.2,M1,20506.2,OB
2025-03-05 08:42:00,BULLISH,D1-20250304-BULLISH,20481.2,M1,20489.9,OB
2025-03-05 09:02:00,BULLISH,D1-20250304-BULLISH,20500.4,M1,20504.0,OB
2025-03-05 10:13:00,BULLISH,D1-20250304-BULLISH,20467.6,M1,20479.2,OB
2025-03-05 10:16:00,BULLISH,D1-20250304-BULLISH,20485.8,M1,20490.0,OB
2025-03-05 10:27:00,BULLISH,D1-20250304-BULLISH,20511.5,M1,20518.1,OB
2025-03-05 11:21:00,BULLISH,D1-20250304-BULLISH,20504.1,M1,20510.7,OB
2025-03-05 11:45:00,BULLISH,D1-20250304-BULLISH,20553.7,M1,20558.3,OB
2025-03-05 12:37:00,BULLISH,D1-20250304-BULLISH,20505.7,M1,20512.1,OB
2025-03-05 17:01:00,BULLISH,D1-20250304-BULLISH,20271.6,M1,20296.1,OB
2025-03-05 19:23:00,BULLISH,D1-20250304-BULLISH,20349.4,M1,20370.6,OB
2025-03-05 21:07:00,BULLISH,D1-20250304-BULLISH,20554.0,M1,20569.6,OB
2025-03-05 21:10:00,BULLISH,D1-20250304-BULLISH,20598.6,M1,20613.4,OB
2025-03-05 21:49:00,BULLISH,D1-20250304-BULLISH,20583.4,M1,20598.6,OB
2025-03-05 22:03:00,BULLISH,D1-20250304-BULLISH,20600.0,M1,20621.6,OB
2025-03-05 22:09:00,BULLISH,D1-20250304-BULLISH,20640.4,M1,20656.4,OB
2025-05-16 04:00:00,BEARISH,D1-20250515-BEARISH,21330.8,M15,21355.5,OB
2025-05-16 17:45:00,BEARISH,D1-20250515-BEARISH,21314.1,M15,21368.0,OB
2025-05-17 00:00:00,BEARISH,D1-20250515-BEARISH,21410.1,M15,21425.1,OB
2025-05-16 03:50:00,BEARISH,D1-20250515-BEARISH,21322.2,M5,21327.2,OB
2025-05-16 07:55:00,BEARISH,D1-20250515-BEARISH,21329.5,M5,21334.2,OB
2025-05-16 09:30:00,BEARISH,D1-20250515-BEARISH,21317.1,M5,21329.7,OB
2025-05-16 09:50:00,BEARISH,D1-20250515-BEARISH,21301.3,M5,21309.3,OB
2025-05-16 22:40:00,BEARISH,D1-20250515-BEARISH,21407.6,M5,21417.6,OB
2025-05-16 23:50:00,BEARISH,D1-20250515-BEARISH,21420.6,M5,21423.8,OB
2025-05-16 01:01:00,BEARISH,D1-20250515-BEARISH,21321.1,M1,21323.7,OB
2025-05-16 02:00:00,BEARISH,D1-20250515-BEARISH,21308.5,M1,21310.1,OB
2025-05-16 03:39:00,BEARISH,D1-20250515-BEARISH,21325.2,M1,21329.3,OB
2025-05-16 03:46:00,BEARISH,D1-20250515-BEARISH,21323.7,M1,21327.0,OB
2025-05-16 05:50:00,BEARISH,D1-20250515-BEARISH,21321.2,M1,21323.7,OB
2025-05-16 07:21:00,BEARISH,D1-20250515-BEARISH,21331.3,M1,21332.5,OB
2025-05-16 07:48:00,BEARISH,D1-20250515-BEARISH,21332.3,M1,21333.2,OB
2025-05-16 07:53:00,BEARISH,D1-20250515-BEARISH,21330.5,M1,21334.2,OB
2025-05-16 08:31:00,BEARISH,D1-20250515-BEARISH,21321.7,M1,21323.2,OB
2025-05-16 09:27:00,BEARISH,D1-20250515-BEARISH,21321.7,M1,21324.3,OB
2025-05-16 09:52:00,BEARISH,D1-20250515-BEARISH,21291.8,M1,21297.8,OB
2025-05-16 11:40:00,BEARISH,D1-20250515-BEARISH,21385.3,M1,21396.8,OB
2025-05-16 12:04:00,BEARISH,D1-20250515-BEARISH,21381.9,M1,21388.6,OB
2025-05-16 13:01:00,BEARISH,D1-20250515-BEARISH,21364.1,M1,21368.8,OB
2025-05-16 15:32:00,BEARISH,D1-20250515-BEARISH,21415.8,M1,21419.3,OB
2025-05-16 15:35:00,BEARISH,D1-20250515-BEARISH,21397.2,M1,21403.1,OB
2025-05-16 15:53:00,BEARISH,D1-20250515-BEARISH,21372.3,M1,21377.8,OB
2025-05-16 16:26:00,BEARISH,D1-20250515-BEARISH,21393.3,M1,21398.8,OB
2025-05-16 16:31:00,BEARISH,D1-20250515-BEARISH,21385.1,M1,21424.1,OB
2025-05-16 17:01:00,BEARISH,D1-20250515-BEARISH,21348.7,M1,21360.2,OB
2025-05-16 17:29:00,BEARISH,D1-20250515-BEARISH,21362.6,M1,21371.6,OB
2025-05-16 19:35:00,BEARISH,D1-20250515-BEARISH,21360.8,M1,21366.3,OB
2025-05-16 19:50:00,BEARISH,D1-20250515-BEARISH,21348.8,M1,21353.2,OB
2025-05-16 20:51:00,BEARISH,D1-20250515-BEARISH,21372.6,M1,21379.3,OB
2025-05-16 22:34:00,BEARISH,D1-20250515-BEARISH,21408.3,M1,21413.6,OB
2025-05-16 23:39:00,BEARISH,D1-20250515-BEARISH,21423.3,M1,21424.1,OB
2025-05-16 23:43:00,BEARISH,D1-20250515-BEARISH,21418.6,M1,21421.0,OB
2025-05-16 23:47:00,BEARISH,D1-20250515-BEARISH,21414.2,M1,21418.0,OB
2025-05-16 23:51:00,BEARISH,D1-20250515-BEARISH,21376.0,M1,21381.5,OB
2025-06-05 22:30:00,BEARISH,D1-20250604-BEARISH,21656.0,M15,21706.1,OB
2025-06-05 08:05:00,BEARISH,D1-20250604-BEARISH,21714.5,M5,21717.3,OB
2025-06-05 13:45:00,BEARISH,D1-20250604-BEARISH,21759.4,M5,21771.8,OB
2025-06-05 16:40:00,BEARISH,D1-20250604-BEARISH,21767.1,M5,21784.6,OB
2025-06-05 19:15:00,BEARISH,D1-20250604-BEARISH,21873.1,M5,21895.7,OB
2025-06-05 19:45:00,BEARISH,D1-20250604-BEARISH,21809.6,M5,21836.7,OB
2025-06-05 01:01:00,BEARISH,D1-20250604-BEARISH,21711.5,M1,21716.5,OB
2025-06-05 01:43:00,BEARISH,D1-20250604-BEARISH,21730.7,M1,21733.7,OB
2025-06-05 02:08:00,BEARISH,D1-20250604-BEARISH,21720.1,M1,21722.1,OB
2025-06-05 02:20:00,BEARISH,D1-20250604-BEARISH,21716.1,M1,21717.6,OB
2025-06-05 02:43:00,BEARISH,D1-20250604-BEARISH,21711.1,M1,21713.0,OB
2025-06-05 03:42:00,BEARISH,D1-20250604-BEARISH,21729.6,M1,21732.7,OB
2025-06-05 03:49:00,BEARISH,D1-20250604-BEARISH,21724.8,M1,21728.1,OB
2025-06-05 04:26:00,BEARISH,D1-20250604-BEARISH,21707.1,M1,21708.5,OB
2025-06-05 05:09:00,BEARISH,D1-20250604-BEARISH,21720.1,M1,21722.6,OB
2025-06-05 07:08:00,BEARISH,D1-20250604-BEARISH,21716.8,M1,21718.0,OB
2025-06-05 07:33:00,BEARISH,D1-20250604-BEARISH,21716.8,M1,21720.3,OB
2025-06-05 07:55:00,BEARISH,D1-20250604-BEARISH,21717.0,M1,21718.7,OB
2025-06-05 08:02:00,BEARISH,D1-20250604-BEARISH,21716.6,M1,21717.2,OB
2025-06-05 08:08:00,BEARISH,D1-20250604-BEARISH,21697.0,M1,21702.2,OB
2025-06-05 08:49:00,BEARISH,D1-20250604-BEARISH,21699.8,M1,21701.1,OB
2025-06-05 09:02:00,BEARISH,D1-20250604-BEARISH,21699.2,M1,21703.5,OB
2025-06-05 09:48:00,BEARISH,D1-20250604-BEARISH,21702.4,M1,21704.9,OB
2025-06-05 11:39:00,BEARISH,D1-20250604-BEARISH,21804.4,M1,21808.4,OB
2025-06-05 11:45:00,BEARISH,D1-20250604-BEARISH,21793.7,M1,21797.2,OB
2025-06-05 11:52:00,BEARISH,D1-20250604-BEARISH,21774.3,M1,21776.9,OB
2025-06-05 12:52:00,BEARISH,D1-20250604-BEARISH,21751.6,M1,21754.4,OB
2025-06-05 13:42:00,BEARISH,D1-20250604-BEARISH,21754.9,M1,21758.7,OB
2025-06-05 14:13:00,BEARISH,D1-20250604-BEARISH,21728.4,M1,21737.7,OB
2025-06-05 15:31:00,BEARISH,D1-20250604-BEARISH,21734.3,M1,21739.7,OB
2025-06-05 15:49:00,BEARISH,D1-20250604-BEARISH,21730.8,M1,21736.2,OB
2025-06-05 16:40:00,BEARISH,D1-20250604-BEARISH,21749.8,M1,21766.3,OB
2025-06-05 16:46:00,BEARISH,D1-20250604-BEARISH,21739.3,M1,21755.3,OB
2025-06-05 17:33:00,BEARISH,D1-20250604-BEARISH,21760.3,M1,21771.6,OB
2025-06-05 18:47:00,BEARISH,D1-20250604-BEARISH,21884.5,M1,21896.0,OB
2025-06-05 19:09:00,BEARISH,D1-20250604-BEARISH,21881.0,M1,21886.2,OB
2025-06-05 19:53:00,BEARISH,D1-20250604-BEARISH,21677.1,M1,21709.3,OB
2025-06-05 20:47:00,BEARISH,D1-20250604-BEARISH,21745.2,M1,21755.2,OB
2025-06-05 20:56:00,BEARISH,D1-20250604-BEARISH,21726.0,M1,21738.5,OB
2025-06-05 21:04:00,BEARISH,D1-20250604-BEARISH,21692.2,M1,21706.5,OB
2025-06-05 21:16:00,BEARISH,D1-20250604-BEARISH,21654.3,M1,21668.0,OB
2025-06-05 22:04:00,BEARISH,D1-20250604-BEARISH,21652.5,M1,21663.1,OB
2025-06-05 22:14:00,BEARISH,D1-20250604-BEARISH,21638.7,M1,21653.7,OB
2025-06-10 07:30:00,BEARISH,D1-20250609-BEARISH,21912.3,M15,21922.3,OB
2025-06-10 08:30:00,BEARISH,D1-20250609-BEARISH,21894.3,M15,21908.0,OB
2025-06-10 10:45:00,BEARISH,D1-20250609-BEARISH,21772.1,M15,21803.9,OB
2025-06-10 03:05:00,BEARISH,D1-20250609-BEARISH,21809.6,M5,21814.9,OB
2025-06-10 05:30:00,BEARISH,D1-20250609-BEARISH,21936.8,M5,21943.0,OB
2025-06-10 06:10:00,BEARISH,D1-20250609-BEARISH,21929.0,M5,21938.6,OB
2025-06-10 07:25:00,BEARISH,D1-20250609-BEARISH,21904.8,M5,21914.5,OB
2025-06-10 08:20:00,BEARISH,D1-20250609-BEARISH,21895.0,M5,21908.0,OB
2025-06-10 10:40:00,BEARISH,D1-20250609-BEARISH,21787.0,M5,21802.2,OB
2025-06-10 14:10:00,BEARISH,D1-20250609-BEARISH,21808.4,M5,21822.1,OB
2025-06-10 18:35:00,BEARISH,D1-20250609-BEARISH,21843.1,M5,21855.8,OB
2025-06-10 20:35:00,BEARISH,D1-20250609-BEARISH,21884.4,M5,21894.9,OB
2025-06-10 21:05:00,BEARISH,D1-20250609-BEARISH,21856.8,M5,21868.4,OB
2025-06-10 01:29:00,BEARISH,D1-20250609-BEARISH,21815.8,M1,21817.1,OB
2025-06-10 01:51:00,BEARISH,D1-20250609-BEARISH,21804.0,M1,21805.1,OB
2025-06-10 03:01:00,BEARISH,D1-20250609-BEARISH,21810.6,M1,21811.9,OB
2025-06-10 05:28:00,BEARISH,D1-20250609-BEARISH,21933.3,M1,21935.3,OB
2025-06-10 06:59:00,BEARISH,D1-20250609-BEARISH,21918.0,M1,21918.8,OB
2025-06-10 07:04:00,BEARISH,D1-20250609-BEARISH,21917.0,M1,21918.9,OB
2025-06-10 07:22:00,BEARISH,D1-20250609-BEARISH,21906.6,M1,21908.8,OB
2025-06-10 07:54:00,BEARISH,D1-20250609-BEARISH,21900.3,M1,21900.9,OB
2025-06-10 08:17:00,BEARISH,D1-20250609-BEARISH,21896.4,M1,21898.8,OB
2025-06-10 08:27:00,BEARISH,D1-20250609-BEARISH,21796.6,M1,21816.4,OB
2025-06-10 09:53:00,BEARISH,D1-20250609-BEARISH,21796.0,M1,21802.0,OB
2025-06-10 10:29:00,BEARISH,D1-20250609-BEARISH,21798.7,M1,21803.9,OB
2025-06-10 10:38:00,BEARISH,D1-20250609-BEARISH,21769.4,M1,21777.1,OB
2025-06-10 10:45:00,BEARISH,D1-20250609-BEARISH,21745.4,M1,21756.6,OB
2025-06-10 11:13:00,BEARISH,D1-20250609-BEARISH,21783.4,M1,21787.9,OB
2025-06-10 14:08:00,BEARISH,D1-20250609-BEARISH,21819.9,M1,21822.7,OB
2025-06-10 15:52:00,BEARISH,D1-20250609-BEARISH,21840.1,M1,21843.7,OB
2025-06-10 16:16:00,BEARISH,D1-20250609-BEARISH,21832.5,M1,21835.9,OB
2025-06-10 16:26:00,BEARISH,D1-20250609-BEARISH,21828.7,M1,21831.5,OB
2025-06-10 17:56:00,BEARISH,D1-20250609-BEARISH,21850.0,M1,21854.6,OB
2025-06-10 18:01:00,BEARISH,D1-20250609-BEARISH,21839.9,M1,21845.6,OB
2025-06-10 18:24:00,BEARISH,D1-20250609-BEARISH,21848.1,M1,21851.8,OB
2025-06-10 18:31:00,BEARISH,D1-20250609-BEARISH,21835.5,M1,21839.6,OB
2025-06-10 20:41:00,BEARISH,D1-20250609-BEARISH,21856.6,M1,21861.6,OB
2025-06-10 21:01:00,BEARISH,D1-20250609-BEARISH,21852.5,M1,21856.4,OB
2025-06-10 22:17:00,BEARISH,D1-20250609-BEARISH,21960.9,M1,21966.3,OB
2025-06-10 22:31:00,BEARISH,D1-20250609-BEARISH,21941.5,M1,21946.9,OB
2025-06-10 22:54:00,BEARISH,D1-20250609-BEARISH,21922.5,M1,21928.1,OB
2025-07-16 17:00:00,BEARISH,D1-20250715-BEARISH,22907.7,M15,22922.2,OB
2025-07-16 01:35:00,BEARISH,D1-20250715-BEARISH,22851.1,M5,22861.9,OB
2025-07-16 08:55:00,BEARISH,D1-20250715-BEARISH,22857.6,M5,22862.6,OB
2025-07-16 09:35:00,BEARISH,D1-20250715-BEARISH,22841.4,M5,22849.5,OB
2025-07-16 16:35:00,BEARISH,D1-20250715-BEARISH,22910.7,M5,22922.2,OB
2025-07-16 16:55:00,BEARISH,D1-20250715-BEARISH,22858.9,M5,22894.3,OB
2025-07-16 18:20:00,BEARISH,D1-20250715-BEARISH,22858.1,M5,22886.9,OB
2025-07-16 02:21:00,BEARISH,D1-20250715-BEARISH,22843.2,M1,22845.6,OB
2025-07-16 03:03:00,BEARISH,D1-20250715-BEARISH,22857.8,M1,22862.4,OB
2025-07-16 03:06:00,BEARISH,D1-20250715-BEARISH,22846.2,M1,22851.8,OB
2025-07-16 04:24:00,BEARISH,D1-20250715-BEARISH,22872.2,M1,22874.2,OB
2025-07-16 05:12:00,BEARISH,D1-20250715-BEARISH,22871.2,M1,22872.8,OB
2025-07-16 05:41:00,BEARISH,D1-20250715-BEARISH,22863.1,M1,22865.2,OB
2025-07-16 06:46:00,BEARISH,D1-20250715-BEARISH,22865.6,M1,22867.4,OB
2025-07-16 06:56:00,BEARISH,D1-20250715-BEARISH,22866.6,M1,22869.3,OB
2025-07-16 07:18:00,BEARISH,D1-20250715-BEARISH,22872.9,M1,22875.4,OB
2025-07-16 07:22:00,BEARISH,D1-20250715-BEARISH,22869.8,M1,22871.3,OB
2025-07-16 07:51:00,BEARISH,D1-20250715-BEARISH,22864.8,M1,22865.9,OB
2025-07-16 08:04:00,BEARISH,D1-20250715-BEARISH,22869.1,M1,22881.1,OB
2025-07-16 08:54:00,BEARISH,D1-20250715-BEARISH,22856.4,M1,22859.7,OB
2025-07-16 09:31:00,BEARISH,D1-20250715-BEARISH,22840.0,M1,22843.3,OB
2025-07-16 09:34:00,BEARISH,D1-20250715-BEARISH,22833.0,M1,22836.5,OB
2025-07-16 11:03:00,BEARISH,D1-20250715-BEARISH,22826.0,M1,22833.3,OB
2025-07-16 12:25:00,BEARISH,D1-20250715-BEARISH,22833.0,M1,22835.9,OB
2025-07-16 14:28:00,BEARISH,D1-20250715-BEARISH,22856.7,M1,22863.7,OB
2025-07-16 15:03:00,BEARISH,D1-20250715-BEARISH,22862.7,M1,22864.5,OB
2025-07-16 16:03:00,BEARISH,D1-20250715-BEARISH,22915.4,M1,22917.8,OB
2025-07-16 16:32:00,BEARISH,D1-20250715-BEARISH,22914.2,M1,22918.5,OB
2025-07-16 16:50:00,BEARISH,D1-20250715-BEARISH,22857.9,M1,22867.2,OB
2025-07-16 17:07:00,BEARISH,D1-20250715-BEARISH,22815.4,M1,22824.7,OB
2025-07-16 17:55:00,BEARISH,D1-20250715-BEARISH,22863.3,M1,22877.2,OB
2025-07-16 18:17:00,BEARISH,D1-20250715-BEARISH,22876.8,M1,22886.9,OB
2025-07-16 20:30:00,BEARISH,D1-20250715-BEARISH,22894.4,M1,22900.7,OB
2025-07-16 22:51:00,BEARISH,D1-20250715-BEARISH,22936.2,M1,22939.7,OB
2025-07-16 23:01:00,BEARISH,D1-20250715-BEARISH,22927.2,M1,22934.8,OB
2025-07-21 16:00:00,BEARISH,D1-20250718-BEARISH,23129.0,M15,23135.5,OB
2025-07-21 22:15:00,BEARISH,D1-20250718-BEARISH,23263.7,M15,23275.2,OB
2025-07-21 05:40:00,BEARISH,D1-20250718-BEARISH,23124.9,M5,23127.4,OB
2025-07-21 06:45:00,BEARISH,D1-20250718-BEARISH,23112.1,M5,23113.7,OB
2025-07-21 14:15:00,BEARISH,D1-20250718-BEARISH,23142.9,M5,23151.9,OB
2025-07-21 15:45:00,BEARISH,D1-20250718-BEARISH,23133.4,M5,23137.3,OB
2025-07-21 22:50:00,BEARISH,D1-20250718-BEARISH,23223.2,M5,23234.2,OB
2025-07-21 01:19:00,BEARISH,D1-20250718-BEARISH,23073.6,M1,23075.2,OB
2025-07-21 03:27:00,BEARISH,D1-20250718-BEARISH,23116.4,M1,23117.1,OB
2025-07-21 03:59:00,BEARISH,D1-20250718-BEARISH,23111.9,M1,23113.3,OB
2025-07-21 04:28:00,BEARISH,D1-20250718-BEARISH,23130.4,M1,23133.3,OB
2025-07-21 05:32:00,BEARISH,D1-20250718-BEARISH,23126.7,M1,23128.6,OB
2025-07-21 05:36:00,BEARISH,D1-20250718-BEARISH,23120.7,M1,23122.2,OB
2025-07-21 06:32:00,BEARISH,D1-20250718-BEARISH,23112.1,M1,23113.1,OB
2025-07-21 06:41:00,BEARISH,D1-20250718-BEARISH,23108.9,M1,23110.3,OB
2025-07-21 08:54:00,BEARISH,D1-20250718-BEARISH,23129.4,M1,23130.4,OB
2025-07-21 09:45:00,BEARISH,D1-20250718-BEARISH,23148.2,M1,23150.4,OB
2025-07-21 09:55:00,BEARISH,D1-20250718-BEARISH,23141.8,M1,23144.3,OB
2025-07-21 09:59:00,BEARISH,D1-20250718-BEARISH,23135.3,M1,23136.8,OB
2025-07-21 11:03:00,BEARISH,D1-20250718-BEARISH,23153.9,M1,23160.8,OB
2025-07-21 11:16:00,BEARISH,D1-20250718-BEARISH,23153.3,M1,23155.7,OB
2025-07-21 11:44:00,BEARISH,D1-20250718-BEARISH,23147.7,M1,23148.5,OB
2025-07-21 12:33:00,BEARISH,D1-20250718-BEARISH,23152.8,M1,23154.4,OB
2025-07-21 13:51:00,BEARISH,D1-20250718-BEARISH,23148.8,M1,23151.0,OB
2025-07-21 14:10:00,BEARISH,D1-20250718-BEARISH,23144.5,M1,23146.9,OB
2025-07-21 14:51:00,BEARISH,D1-20250718-BEARISH,23139.8,M1,23140.5,OB
2025-07-21 15:08:00,BEARISH,D1-20250718-BEARISH,23136.4,M1,23139.5,OB
2025-07-21 15:39:00,BEARISH,D1-20250718-BEARISH,23134.0,M1,23139.8,OB
2025-07-21 15:42:00,BEARISH,D1-20250718-BEARISH,23130.5,M1,23133.0,OB
2025-07-21 15:54:00,BEARISH,D1-20250718-BEARISH,23122.8,M1,23125.7,OB
2025-07-21 17:41:00,BEARISH,D1-20250718-BEARISH,23270.2,M1,23273.3,OB
2025-07-21 18:55:00,BEARISH,D1-20250718-BEARISH,23257.8,M1,23260.7,OB
2025-07-21 18:57:00,BEARISH,D1-20250718-BEARISH,23251.2,M1,23256.6,OB
2025-07-21 19:01:00,BEARISH,D1-20250718-BEARISH,23241.4,M1,23245.9,OB
2025-07-21 19:18:00,BEARISH,D1-20250718-BEARISH,23235.4,M1,23237.8,OB
2025-07-21 20:39:00,BEARISH,D1-20250718-BEARISH,23274.7,M1,23277.2,OB
2025-07-21 22:07:00,BEARISH,D1-20250718-BEARISH,23244.4,M1,23248.1,OB
2025-07-21 22:11:00,BEARISH,D1-20250718-BEARISH,23236.7,M1,23245.2,OB
2025-07-21 22:56:00,BEARISH,D1-20250718-BEARISH,23205.4,M1,23211.9,OB
2025-07-21 23:27:00,BEARISH,D1-20250718-BEARISH,23208.2,M1,23211.1,OB
2025-08-14 15:45:00,BEARISH,D1-20250813-BEARISH,23865.7,M15,23882.9,OB
2025-08-14 23:15:00,BEARISH,D1-20250813-BEARISH,23840.9,M15,23867.4,OB
2025-08-14 04:05:00,BEARISH,D1-20250813-BEARISH,23851.4,M5,23857.9,OB
2025-08-14 08:45:00,BEARISH,D1-20250813-BEARISH,23846.2,M5,23850.8,OB
2025-08-14 15:35:00,BEARISH,D1-20250813-BEARISH,23877.8,M5,23884.9,OB
2025-08-14 21:15:00,BEARISH,D1-20250813-BEARISH,23866.4,M5,23887.2,OB
2025-08-14 23:05:00,BEARISH,D1-20250813-BEARISH,23860.9,M5,23878.7,OB
2025-08-14 04:05:00,BEARISH,D1-20250813-BEARISH,23850.7,M1,23853.4,OB
2025-08-14 04:43:00,BEARISH,D1-20250813-BEARISH,23842.9,M1,23844.6,OB
2025-08-14 06:12:00,BEARISH,D1-20250813-BEARISH,23857.3,M1,23858.7,OB
2025-08-14 06:56:00,BEARISH,D1-20250813-BEARISH,23846.4,M1,23848.4,OB
2025-08-14 08:08:00,BEARISH,D1-20250813-BEARISH,23852.4,M1,23854.2,OB
2025-08-14 08:26:00,BEARISH,D1-20250813-BEARISH,23845.2,M1,23846.8,OB
2025-08-14 08:45:00,BEARISH,D1-20250813-BEARISH,23841.8,M1,23843.4,OB
2025-08-14 08:50:00,BEARISH,D1-20250813-BEARISH,23833.7,M1,23836.1,OB
2025-08-14 10:49:00,BEARISH,D1-20250813-BEARISH,23845.7,M1,23847.9,OB
2025-08-14 11:37:00,BEARISH,D1-20250813-BEARISH,23858.9,M1,23862.2,OB
2025-08-14 11:54:00,BEARISH,D1-20250813-BEARISH,23845.0,M1,23846.3,OB
2025-08-14 12:04:00,BEARISH,D1-20250813-BEARISH,23843.0,M1,23846.9,OB
2025-08-14 12:44:00,BEARISH,D1-20250813-BEARISH,23852.7,M1,23855.5,OB
2025-08-14 13:10:00,BEARISH,D1-20250813-BEARISH,23844.7,M1,23846.9,OB
2025-08-14 13:44:00,BEARISH,D1-20250813-BEARISH,23853.2,M1,23854.8,OB
2025-08-14 13:50:00,BEARISH,D1-20250813-BEARISH,23849.3,M1,23850.5,OB
2025-08-14 15:31:00,BEARISH,D1-20250813-BEARISH,23872.9,M1,23876.9,OB
2025-08-14 15:35:00,BEARISH,D1-20250813-BEARISH,23771.4,M1,23795.5,OB
2025-08-14 18:21:00,BEARISH,D1-20250813-BEARISH,23857.9,M1,23865.6,OB
2025-08-14 19:12:00,BEARISH,D1-20250813-BEARISH,23818.6,M1,23825.6,OB
2025-08-14 19:43:00,BEARISH,D1-20250813-BEARISH,23825.6,M1,23833.2,OB
2025-08-14 20:41:00,BEARISH,D1-20250813-BEARISH,23877.1,M1,23881.8,OB
2025-08-14 21:15:00,BEARISH,D1-20250813-BEARISH,23840.8,M1,23850.9,OB
2025-08-14 23:00:00,BEARISH,D1-20250813-BEARISH,23857.1,M1,23867.9,OB
2025-10-22 10:15:00,BEARISH,D1-20251021-BEARISH,25160.7,M15,25190.7,OB
2025-10-22 11:15:00,BEARISH,D1-20251021-BEARISH,25147.3,M15,25157.3,OB
2025-10-22 19:45:00,BEARISH,D1-20251021-BEARISH,24915.0,M15,24985.1,OB
2025-10-22 20:45:00,BEARISH,D1-20251021-BEARISH,24806.6,M15,24888.6,OB
2025-10-22 02:10:00,BEARISH,D1-20251021-BEARISH,25116.4,M5,25126.4,OB
2025-10-22 06:10:00,BEARISH,D1-20251021-BEARISH,25123.9,M5,25128.1,OB
2025-10-22 08:30:00,BEARISH,D1-20251021-BEARISH,25174.6,M5,25179.6,OB
2025-10-22 08:45:00,BEARISH,D1-20251021-BEARISH,25162.9,M5,25170.6,OB
2025-10-22 14:40:00,BEARISH,D1-20251021-BEARISH,25100.1,M5,25114.5,OB
2025-10-22 16:35:00,BEARISH,D1-20251021-BEARISH,25124.6,M5,25132.1,OB
2025-10-22 17:30:00,BEARISH,D1-20251021-BEARISH,25047.7,M5,25099.0,OB
2025-10-22 20:45:00,BEARISH,D1-20251021-BEARISH,24741.1,M5,24776.9,OB
2025-10-22 02:02:00,BEARISH,D1-20251021-BEARISH,25123.0,M1,25125.0,OB
2025-10-22 02:48:00,BEARISH,D1-20251021-BEARISH,25104.1,M1,25107.7,OB
2025-10-22 03:09:00,BEARISH,D1-20251021-BEARISH,25104.1,M1,25108.4,OB
2025-10-22 04:02:00,BEARISH,D1-20251021-BEARISH,25080.6,M1,25083.4,OB
2025-10-22 04:39:00,BEARISH,D1-20251021-BEARISH,25100.4,M1,25104.1,OB
2025-10-22 06:19:00,BEARISH,D1-20251021-BEARISH,25113.4,M1,25116.1,OB
2025-10-22 08:27:00,BEARISH,D1-20251021-BEARISH,25170.0,M1,25171.6,OB
2025-10-22 09:01:00,BEARISH,D1-20251021-BEARISH,25161.5,M1,25164.6,OB
2025-10-22 09:31:00,BEARISH,D1-20251021-BEARISH,25178.2,M1,25182.5,OB
2025-10-22 10:13:00,BEARISH,D1-20251021-BEARISH,25142.0,M1,25147.7,OB
2025-10-22 11:02:00,BEARISH,D1-20251021-BEARISH,25150.2,M1,25153.2,OB
2025-10-22 11:09:00,BEARISH,D1-20251021-BEARISH,25143.2,M1,25147.2,OB
2025-10-22 11:16:00,BEARISH,D1-20251021-BEARISH,25120.5,M1,25123.2,OB
2025-10-22 12:06:00,BEARISH,D1-20251021-BEARISH,25108.5,M1,25113.0,OB
2025-10-22 12:18:00,BEARISH,D1-20251021-BEARISH,25096.5,M1,25101.7,OB
2025-10-22 12:45:00,BEARISH,D1-20251021-BEARISH,25116.7,M1,25119.3,OB
2025-10-22 13:59:00,BEARISH,D1-20251021-BEARISH,25145.5,M1,25150.2,OB
2025-10-22 14:03:00,BEARISH,D1-20251021-BEARISH,25137.7,M1,25144.6,OB
2025-10-22 14:08:00,BEARISH,D1-20251021-BEARISH,25116.5,M1,25122.0,OB
2025-10-22 15:31:00,BEARISH,D1-20251021-BEARISH,25106.2,M1,25109.0,OB
2025-10-22 16:02:00,BEARISH,D1-20251021-BEARISH,25114.1,M1,25116.8,OB
2025-10-22 16:28:00,BEARISH,D1-20251021-BEARISH,25125.1,M1,25128.3,OB
2025-10-22 16:34:00,BEARISH,D1-20251021-BEARISH,25066.1,M1,25078.0,OB
2025-10-22 17:15:00,BEARISH,D1-20251021-BEARISH,25083.4,M1,25097.0,OB
2025-10-22 17:28:00,BEARISH,D1-20251021-BEARISH,25045.5,M1,25061.5,OB
2025-10-22 19:31:00,BEARISH,D1-20251021-BEARISH,24876.5,M1,24890.0,OB
2025-10-22 20:14:00,BEARISH,D1-20251021-BEARISH,24831.6,M1,24841.9,OB
2025-10-22 20:43:00,BEARISH,D1-20251021-BEARISH,24703.5,M1,24716.9,OB
2025-10-22 21:15:00,BEARISH,D1-20251021-BEARISH,24735.1,M1,24749.9,OB
2025-10-22 23:28:00,BEARISH,D1-20251021-BEARISH,24888.5,M1,24893.6,OB
2026-01-13 17:30:00,BEARISH,D1-20260112-BEARISH,25762.4,M15,25873.4,OB
2026-01-13 01:50:00,BEARISH,D1-20260112-BEARISH,25753.2,M5,25760.3,OB
2026-01-13 03:40:00,BEARISH,D1-20260112-BEARISH,25704.2,M5,25711.8,OB
2026-01-13 05:05:00,BEARISH,D1-20260112-BEARISH,25715.5,M5,25720.5,OB
2026-01-13 10:15:00,BEARISH,D1-20260112-BEARISH,25743.8,M5,25752.1,OB
2026-01-13 10:35:00,BEARISH,D1-20260112-BEARISH,25741.8,M5,25751.6,OB
2026-01-13 11:45:00,BEARISH,D1-20260112-BEARISH,25751.8,M5,25757.9,OB
2026-01-13 12:10:00,BEARISH,D1-20260112-BEARISH,25736.3,M5,25745.5,OB
2026-01-13 13:35:00,BEARISH,D1-20260112-BEARISH,25715.9,M5,25724.6,OB
2026-01-13 15:00:00,BEARISH,D1-20260112-BEARISH,25744.5,M5,25749.4,OB
2026-01-13 17:25:00,BEARISH,D1-20260112-BEARISH,25727.9,M5,25753.9,OB
2026-01-13 20:00:00,BEARISH,D1-20260112-BEARISH,25751.5,M5,25777.2,OB
2026-01-13 22:35:00,BEARISH,D1-20260112-BEARISH,25670.7,M5,25682.4,OB
2026-01-13 01:29:00,BEARISH,D1-20260112-BEARISH,25764.3,M1,25766.3,OB
2026-01-13 01:41:00,BEARISH,D1-20260112-BEARISH,25757.3,M1,25760.0,OB
2026-01-13 03:34:00,BEARISH,D1-20260112-BEARISH,25703.2,M1,25707.7,OB
2026-01-13 04:53:00,BEARISH,D1-20260112-BEARISH,25715.8,M1,25719.4,OB
2026-01-13 05:01:00,BEARISH,D1-20260112-BEARISH,25706.8,M1,25709.5,OB
2026-01-13 05:33:00,BEARISH,D1-20260112-BEARISH,25714.5,M1,25717.0,OB
2026-01-13 06:46:00,BEARISH,D1-20260112-BEARISH,25704.8,M1,25707.2,OB
2026-01-13 08:41:00,BEARISH,D1-20260112-BEARISH,25748.9,M1,25752.3,OB
2026-01-13 10:12:00,BEARISH,D1-20260112-BEARISH,25743.8,M1,25747.4,OB
2026-01-13 10:33:00,BEARISH,D1-20260112-BEARISH,25746.8,M1,25752.8,OB
2026-01-13 11:36:00,BEARISH,D1-20260112-BEARISH,25754.5,M1,25757.9,OB
2026-01-13 12:05:00,BEARISH,D1-20260112-BEARISH,25739.1,M1,25743.6,OB
2026-01-13 12:14:00,BEARISH,D1-20260112-BEARISH,25721.9,M1,25727.6,OB
2026-01-13 13:31:00,BEARISH,D1-20260112-BEARISH,25717.6,M1,25720.1,OB
2026-01-13 14:55:00,BEARISH,D1-20260112-BEARISH,25739.3,M1,25743.4,OB
2026-01-13 15:53:00,BEARISH,D1-20260112-BEARISH,25800.0,M1,25810.3,OB
2026-01-13 16:29:00,BEARISH,D1-20260112-BEARISH,25824.0,M1,25830.9,OB
2026-01-13 17:03:00,BEARISH,D1-20260112-BEARISH,25772.9,M1,25800.3,OB
2026-01-13 17:50:00,BEARISH,D1-20260112-BEARISH,25667.9,M1,25680.2,OB
2026-01-13 19:16:00,BEARISH,D1-20260112-BEARISH,25828.8,M1,25835.0,OB
2026-01-13 19:45:00,BEARISH,D1-20260112-BEARISH,25773.7,M1,25784.9,OB
2026-01-13 19:52:00,BEARISH,D1-20260112-BEARISH,25765.5,M1,25777.2,OB
2026-01-13 19:58:00,BEARISH,D1-20260112-BEARISH,25722.2,M1,25733.4,OB
2026-01-13 20:45:00,BEARISH,D1-20260112-BEARISH,25707.7,M1,25717.9,OB
2026-01-13 20:51:00,BEARISH,D1-20260112-BEARISH,25700.4,M1,25709.2,OB
2026-01-13 23:43:00,BEARISH,D1-20260112-BEARISH,25736.5,M1,25739.2,OB
2026-03-02 16:45:00,BULLISH,D1-20260227-BULLISH,24556.9,M15,24635.6,OB
2026-03-02 11:10:00,BULLISH,D1-20260227-BULLISH,24519.9,M5,24539.9,OB
2026-03-02 12:05:00,BULLISH,D1-20260227-BULLISH,24573.2,M5,24593.2,OB
2026-03-02 13:50:00,BULLISH,D1-20260227-BULLISH,24627.4,M5,24649.5,OB
2026-03-02 16:35:00,BULLISH,D1-20260227-BULLISH,24579.4,M5,24596.5,OB
2026-03-02 18:45:00,BULLISH,D1-20260227-BULLISH,24813.8,M5,24887.0,OB
2026-03-02 21:15:00,BULLISH,D1-20260227-BULLISH,24929.9,M5,24954.8,OB
2026-03-02 03:09:00,BULLISH,D1-20260227-BULLISH,24763.5,M1,24774.4,OB
2026-03-02 05:20:00,BULLISH,D1-20260227-BULLISH,24769.4,M1,24774.8,OB
2026-03-02 06:17:00,BULLISH,D1-20260227-BULLISH,24754.0,M1,24757.6,OB
2026-03-02 09:23:00,BULLISH,D1-20260227-BULLISH,24494.2,M1,24510.0,OB
2026-03-02 10:51:00,BULLISH,D1-20260227-BULLISH,24507.0,M1,24518.9,OB
2026-03-02 12:03:00,BULLISH,D1-20260227-BULLISH,24589.1,M1,24598.0,OB
2026-03-02 13:32:00,BULLISH,D1-20260227-BULLISH,24615.1,M1,24622.0,OB
2026-03-02 13:46:00,BULLISH,D1-20260227-BULLISH,24630.7,M1,24639.6,OB
2026-03-02 14:47:00,BULLISH,D1-20260227-BULLISH,24600.0,M1,24607.5,OB
2026-03-02 15:21:00,BULLISH,D1-20260227-BULLISH,24606.6,M1,24619.1,OB
2026-03-02 16:25:00,BULLISH,D1-20260227-BULLISH,24580.1,M1,24587.0,OB
2026-03-02 16:29:00,BULLISH,D1-20260227-BULLISH,24577.6,M1,24587.0,OB
2026-03-02 17:39:00,BULLISH,D1-20260227-BULLISH,24804.8,M1,24833.5,OB
2026-03-02 18:06:00,BULLISH,D1-20260227-BULLISH,24860.0,M1,24873.5,OB
2026-03-02 18:10:00,BULLISH,D1-20260227-BULLISH,24892.8,M1,24912.4,OB
2026-03-02 18:37:00,BULLISH,D1-20260227-BULLISH,24822.3,M1,24836.0,OB
2026-03-02 19:16:00,BULLISH,D1-20260227-BULLISH,24972.0,M1,24985.5,OB
2026-03-02 19:52:00,BULLISH,D1-20260227-BULLISH,25001.0,M1,25011.8,OB
2026-03-02 21:10:00,BULLISH,D1-20260227-BULLISH,24957.1,M1,24966.1,OB
2026-03-02 21:17:00,BULLISH,D1-20260227-BULLISH,25005.9,M1,25014.1,OB
2026-03-21 00:00:00,BULLISH,D1-20260319-BULLISH,23906.2,M15,23927.3,OB
2026-03-20 02:10:00,BULLISH,D1-20260319-BULLISH,24402.5,M5,24412.2,OB
2026-03-20 04:35:00,BULLISH,D1-20260319-BULLISH,24373.2,M5,24396.3,OB
2026-03-20 10:50:00,BULLISH,D1-20260319-BULLISH,24352.5,M5,24363.5,OB
2026-03-20 11:15:00,BULLISH,D1-20260319-BULLISH,24356.3,M5,24375.5,OB
2026-03-20 14:10:00,BULLISH,D1-20260319-BULLISH,24176.5,M5,24195.9,OB
2026-03-20 23:00:00,BULLISH,D1-20260319-BULLISH,23797.7,M5,23835.5,OB
2026-03-20 23:40:00,BULLISH,D1-20260319-BULLISH,23906.2,M5,23917.3,OB
2026-03-20 01:01:00,BULLISH,D1-20260319-BULLISH,24395.8,M1,24398.6,OB
2026-03-20 01:20:00,BULLISH,D1-20260319-BULLISH,24395.7,M1,24403.7,OB
2026-03-20 02:00:00,BULLISH,D1-20260319-BULLISH,24408.4,M1,24410.3,OB
2026-03-20 02:09:00,BULLISH,D1-20260319-BULLISH,24425.3,M1,24428.2,OB
2026-03-20 02:47:00,BULLISH,D1-20260319-BULLISH,24386.5,M1,24391.7,OB
2026-03-20 03:11:00,BULLISH,D1-20260319-BULLISH,24380.9,M1,24387.4,OB
2026-03-20 04:35:00,BULLISH,D1-20260319-BULLISH,24403.4,M1,24407.3,OB
2026-03-20 04:39:00,BULLISH,D1-20260319-BULLISH,24411.4,M1,24418.3,OB
2026-03-20 05:07:00,BULLISH,D1-20260319-BULLISH,24393.0,M1,24398.5,OB
2026-03-20 06:31:00,BULLISH,D1-20260319-BULLISH,24380.3,M1,24385.7,OB
2026-03-20 07:03:00,BULLISH,D1-20260319-BULLISH,24391.3,M1,24394.2,OB
2026-03-20 07:30:00,BULLISH,D1-20260319-BULLISH,24374.3,M1,24376.3,OB
2026-03-20 08:16:00,BULLISH,D1-20260319-BULLISH,24341.9,M1,24347.7,OB
2026-03-20 08:22:00,BULLISH,D1-20260319-BULLISH,24355.0,M1,24358.5,OB
2026-03-20 08:27:00,BULLISH,D1-20260319-BULLISH,24366.0,M1,24369.8,OB
2026-03-20 10:16:00,BULLISH,D1-20260319-BULLISH,24288.6,M1,24296.4,OB
2026-03-20 10:22:00,BULLISH,D1-20260319-BULLISH,24315.3,M1,24324.3,OB
2026-03-20 10:42:00,BULLISH,D1-20260319-BULLISH,24352.5,M1,24355.8,OB
2026-03-20 10:45:00,BULLISH,D1-20260319-BULLISH,24366.4,M1,24372.0,OB
2026-03-20 11:35:00,BULLISH,D1-20260319-BULLISH,24339.6,M1,24367.6,OB
2026-03-20 13:38:00,BULLISH,D1-20260319-BULLISH,24166.3,M1,24176.1,OB
2026-03-20 14:04:00,BULLISH,D1-20260319-BULLISH,24181.0,M1,24205.3,OB
2026-03-20 15:01:00,BULLISH,D1-20260319-BULLISH,24220.8,M1,24228.0,OB
2026-03-20 15:10:00,BULLISH,D1-20260319-BULLISH,24239.9,M1,24248.4,OB
2026-03-20 15:29:00,BULLISH,D1-20260319-BULLISH,24241.0,M1,24247.4,OB
2026-03-20 15:51:00,BULLISH,D1-20260319-BULLISH,24231.4,M1,24240.3,OB
2026-03-20 16:22:00,BULLISH,D1-20260319-BULLISH,24248.3,M1,24259.4,OB
2026-03-20 16:26:00,BULLISH,D1-20260319-BULLISH,24265.8,M1,24271.8,OB
2026-03-20 18:01:00,BULLISH,D1-20260319-BULLISH,24044.7,M1,24053.7,OB
2026-03-20 18:24:00,BULLISH,D1-20260319-BULLISH,24031.9,M1,24042.8,OB
2026-03-20 19:20:00,BULLISH,D1-20260319-BULLISH,24095.3,M1,24108.9,OB
2026-03-20 19:57:00,BULLISH,D1-20260319-BULLISH,24038.8,M1,24048.4,OB
2026-03-20 22:45:00,BULLISH,D1-20260319-BULLISH,23794.7,M1,23811.7,OB
2026-03-20 22:56:00,BULLISH,D1-20260319-BULLISH,23833.5,M1,23851.4,OB
2026-03-20 23:33:00,BULLISH,D1-20260319-BULLISH,23911.8,M1,23915.5,OB
2026-04-22 07:55:00,BEARISH,D1-20260421-BEARISH,26664.7,M5,26670.1,OB
2026-04-22 11:25:00,BEARISH,D1-20260421-BEARISH,26696.8,M5,26710.7,OB
2026-04-22 15:50:00,BEARISH,D1-20260421-BEARISH,26725.8,M5,26745.3,OB
2026-04-22 01:32:00,BEARISH,D1-20260421-BEARISH,26620.3,M1,26625.5,OB
2026-04-22 01:52:00,BEARISH,D1-20260421-BEARISH,26616.1,M1,26618.3,OB
2026-04-22 02:21:00,BEARISH,D1-20260421-BEARISH,26620.1,M1,26622.6,OB
2026-04-22 02:32:00,BEARISH,D1-20260421-BEARISH,26616.2,M1,26618.5,OB
2026-04-22 04:20:00,BEARISH,D1-20260421-BEARISH,26668.8,M1,26673.8,OB
2026-04-22 06:39:00,BEARISH,D1-20260421-BEARISH,26688.1,M1,26689.8,OB
2026-04-22 06:54:00,BEARISH,D1-20260421-BEARISH,26682.1,M1,26684.5,OB
2026-04-22 07:31:00,BEARISH,D1-20260421-BEARISH,26667.5,M1,26669.2,OB
2026-04-22 07:52:00,BEARISH,D1-20260421-BEARISH,26667.3,M1,26669.1,OB
2026-04-22 09:01:00,BEARISH,D1-20260421-BEARISH,26701.3,M1,26703.8,OB
2026-04-22 09:08:00,BEARISH,D1-20260421-BEARISH,26692.8,M1,26697.6,OB
2026-04-22 09:18:00,BEARISH,D1-20260421-BEARISH,26677.7,M1,26681.9,OB
2026-04-22 10:18:00,BEARISH,D1-20260421-BEARISH,26709.9,M1,26716.3,OB
2026-04-22 11:10:00,BEARISH,D1-20260421-BEARISH,26704.9,M1,26709.2,OB
2026-04-22 11:22:00,BEARISH,D1-20260421-BEARISH,26695.6,M1,26701.4,OB
2026-04-22 11:34:00,BEARISH,D1-20260421-BEARISH,26681.7,M1,26688.3,OB
2026-04-22 12:51:00,BEARISH,D1-20260421-BEARISH,26725.2,M1,26727.1,OB
2026-04-22 12:54:00,BEARISH,D1-20260421-BEARISH,26713.7,M1,26721.1,OB
2026-04-22 14:44:00,BEARISH,D1-20260421-BEARISH,26687.7,M1,26691.8,OB
2026-04-22 15:31:00,BEARISH,D1-20260421-BEARISH,26741.9,M1,26758.8,OB
2026-04-22 15:36:00,BEARISH,D1-20260421-BEARISH,26736.1,M1,26745.3,OB
2026-04-22 15:49:00,BEARISH,D1-20260421-BEARISH,26712.7,M1,26717.4,OB
2026-04-22 17:53:00,BEARISH,D1-20260421-BEARISH,26843.0,M1,26858.2,OB
2026-04-22 18:44:00,BEARISH,D1-20260421-BEARISH,26864.0,M1,26873.3,OB
2026-04-22 18:59:00,BEARISH,D1-20260421-BEARISH,26862.1,M1,26872.5,OB
2026-04-22 19:20:00,BEARISH,D1-20260421-BEARISH,26860.0,M1,26870.2,OB
2026-04-22 19:31:00,BEARISH,D1-20260421-BEARISH,26851.3,M1,26859.0,OB
2026-04-22 20:47:00,BEARISH,D1-20260421-BEARISH,26909.2,M1,26912.2,OB
2026-04-22 22:01:00,BEARISH,D1-20260421-BEARISH,26881.7,M1,26886.7,OB
2026-05-25 17:45:00,BEARISH,D1-20260522-BEARISH,29915.8,M15,29939.1,OB
2026-05-25 17:35:00,BEARISH,D1-20260522-BEARISH,29893.1,M5,29902.7,OB
2026-05-25 12:24:00,BEARISH,D1-20260522-BEARISH,29909.3,M1,29912.7,OB
2026-05-25 12:37:00,BEARISH,D1-20260522-BEARISH,29914.7,M1,29918.0,OB
2026-05-25 13:04:00,BEARISH,D1-20260522-BEARISH,29897.7,M1,29901.8,OB
2026-05-25 14:50:00,BEARISH,D1-20260522-BEARISH,29924.3,M1,29929.9,OB
2026-05-25 15:15:00,BEARISH,D1-20260522-BEARISH,29914.7,M1,29917.5,OB
2026-05-25 15:34:00,BEARISH,D1-20260522-BEARISH,29909.3,M1,29912.9,OB
2026-05-25 17:07:00,BEARISH,D1-20260522-BEARISH,29929.7,M1,29934.2,OB
2026-05-25 17:10:00,BEARISH,D1-20260522-BEARISH,29918.6,M1,29921.2,OB
2026-05-25 17:15:00,BEARISH,D1-20260522-BEARISH,29906.2,M1,29915.4,OB
2026-05-25 17:33:00,BEARISH,D1-20260522-BEARISH,29883.6,M1,29889.9,OB
2026-05-25 17:43:00,BEARISH,D1-20260522-BEARISH,29870.6,M1,29874.3,OB
2026-05-25 18:24:00,BEARISH,D1-20260522-BEARISH,29904.8,M1,29908.3,OB
2026-05-25 18:55:00,BEARISH,D1-20260522-BEARISH,29871.1,M1,29875.1,OB
2026-05-25 19:21:00,BEARISH,D1-20260522-BEARISH,29875.7,M1,29878.7,OB
