actionable_time,block_reason,d1_body_ratio,d1_candle1_start,d1_candle2_start,d1_confirmation_time,d1_sweep,direction,event_id,expiry_time,full_strategy_eligible,h4_confirmation_time,h4_sweep,higher_timeframe_data_complete,macro_certified,trend_context
,BLOCKED_BY_UNCERTIFIED_MACRO_BIAS,0.27639751552794056,2017-09-21 00:00:00,2017-09-22 00:00:00,2017-09-23 00:00:00,True,BULLISH,D1-20170922-BULLISH,2017-09-26 00:00:00,False,,False,True,False,False
,BLOCKED_BY_UNCERTIFIED_MACRO_BIAS,,2017-09-28 00:00:00,2017-09-29 00:00:00,2017-09-30 00:00:00,False,BEARISH,D1-20170929-BEARISH,2017-10-03 00:00:00,False,,False,True,False,True
,BLOCKED_BY_UNCERTIFIED_MACRO_BIAS,,2017-09-29 00:00:00,2017-10-02 00:00:00,2017-10-03 00:00:00,False,BEARISH,D1-20171002-BEARISH,2017-10-04 00:00:00,False,,False,True,False,True
,BLOCKED_BY_UNCERTIFIED_MACRO_BIAS,,2017-10-02 00:00:00,2017-10-03 00:00:00,2017-10-04 00:00:00,False,BEARISH,D1-20171003-BEARISH,2017-10-05 00:00:00,False,,False,True,False,True
2017-10-05 12:00:00,BLOCKED_BY_UNCERTIFIED_MACRO_BIAS,0.4918032786885319,2017-10-03 00:00:00,2017-10-04 00:00:00,2017-10-05 00:00:00,True,BEARISH,D1-20171004-BEARISH,2017-10-06 00:00:00,False,2017-10-05 12:00:00,True,True,False,True
,BLOCKED_BY_UNCERTIFIED_MACRO_BIAS,,2017-10-04 00:00:00,2017-10-05 00:00:00,2017-10-06 00:00:00,False,BEARISH,D1-20171005-BEARISH,2017-10-07 00:00:00,False,,False,True,False,True
2017-10-07 00:00:00,BLOCKED_BY_UNCERTIFIED_MACRO_BIAS,0.041308089500854066,2017-10-05 00:00:00,2017-10-06 00:00:00,2017-10-07 00:00:00,True,BEARISH,D1-20171006-BEARISH,2017-10-10 00:00:00,False,2017-10-07 00:00:00,True,True,False,True
,BLOCKED_BY_UNCERTIFIED_MACRO_BIAS,,2017-10-06 00:00:00,2017-10-09 00:00:00,2017-10-10 00:00:00,False,BEARISH,D1-20171009-BEARISH,2017-10-11 00:00:00,False,,False,True,False,True
,BLOCKED_BY_UNCERTIFIED_MACRO_BIAS,,2017-10-09 00:00:00,2017-10-10 00:00:00,2017-10-11 00:00:00,False,BEARISH,D1-20171010-BEARISH,2017-10-12 00:00:00,False,,False,True,False,True
,BLOCKED_BY_UNCERTIFIED_MACRO_BIAS,,2017-10-10 00:00:00,2017-10-11 00:00:00,2017-10-12 00:00:00,False,BEARISH,D1-20171011-BEARISH,2017-10-13 00:00:00,False,,False,True,False,True
,BLOCKED_BY_UNCERTIFIED_MACRO_BIAS,0.4534883720930386,2017-10-11 00:00:00,2017-10-12 00:00:00,2017-10-13 00:00:00,True,BEARISH,D1-20171012-BEARISH,2017-10-14 00:00:00,False,,False,True,False,True
,BLOCKED_BY_UNCERTIFIED_MACRO_BIAS,,2017-10-12 00:00:00,2017-10-13 00:00:00,2017-10-14 00:00:00,False,BEARISH,D1-20171013-BEARISH,2017-10-17 00:00:00,False,,False,True,False,True
,BLOCKED_BY_UNCERTIFIED_MACRO_BIAS,,2017-10-13 00:00:00,2017-10-16 00:00:00,2017-10-17 00:00:00,False,BEARISH,D1-20171016-BEARISH,2017-10-18 00:00:00,False,,False,True,False,True
,BLOCKED_BY_UNCERTIFIED_MACRO_BIAS,,2017-10-16 00:00:00,2017-10-17 00:00:00,2017-10-18 00:00:00,False,BEARISH,D1-20171017-BEARISH,2017-10-19 00:00:00,False,,False,True,False,True
,BLOCKED_BY_UNCERTIFIED_MACRO_BIAS,,2017-10-17 00:00:00,2017-10-18 00:00:00,2017-10-19 00:00:00,False,BEARISH,D1-20171018-BEARISH,2017-10-20 00:00:00,False,,False,True,False,True
,BLOCKED_BY_UNCERTIFIED_MACRO_BIAS,,2017-10-18 00:00:00,2017-10-19 00:00:00,2017-10-20 00:00:00,False,BEARISH,D1-20171019-BEARISH,2017-10-21 00:00:00,False,,False,True,False,True
,BLOCKED_BY_UNCERTIFIED_MACRO_BIAS,,2017-10-19 00:00:00,2017-10-20 00:00:00,2017-10-21 00:00:00,False,BEARISH,D1-20171020-BEARISH,2017-10-24 00:00:00,False,,False,True,False,True
,BLOCKED_BY_UNCERTIFIED_MACRO_BIAS,,2017-10-20 00:00:00,2017-10-23 00:00:00,2017-10-24 00:00:00,False,BEARISH,D1-20171023-BEARISH,2017-10-25 00:00:00,False,,False,True,False,True
,BLOCKED_BY_UNCERTIFIED_MACRO_BIAS,0.27684964200475665,2017-10-23 00:00:00,2017-10-24 00:00:00,2017-10-25 00:00:00,True,BULLISH,D1-20171024-BULLISH,2017-10-26 00:00:00,False,,False,True,False,False
,BLOCKED_BY_UNCERTIFIED_MACRO_BIAS,,2017-10-23 00:00:00,2017-10-24 00:00:00,2017-10-25 00:00:00,False,BEARISH,D1-20171024-BEARISH,2017-10-26 00:00:00,False,,False,True,False,True
,BLOCKED_BY_UNCERTIFIED_MACRO_BIAS,,2017-10-24 00:00:00,2017-10-25 00:00:00,2017-10-26 00:00:00,False,BEARISH,D1-20171025-BEARISH,2017-10-27 00:00:00,False,,False,True,False,True
,BLOCKED_BY_UNCERTIFIED_MACRO_BIAS,,2017-10-25 00:00:00,2017-10-26 00:00:00,2017-10-27 00:00:00,False,BEARISH,D1-20171026-BEARISH,2017-10-28 00:00:00,False,,False,True,False,True
,BLOCKED_BY_UNCERTIFIED_MACRO_BIAS,,2017-10-26 00:00:00,2017-10-27 00:00:00,2017-10-28 00:00:00,False,BEARISH,D1-20171027-BEARISH,2017-10-31 00:00:00,False,,False,True,False,True
,BLOCKED_BY_UNCERTIFIED_MACRO_BIAS,0.10583657587548921,2017-10-27 00:00:00,2017-10-30 00:00:00,2017-10-31 00:00:00,True,BEARISH,D1-20171030-BEARISH,2017-11-01 00:00:00,False,,False,True,False,True
,BLOCKED_BY_UNCERTIFIED_MACRO_BIAS,,2017-10-30 00:00:00,2017-10-31 00:00:00,2017-11-01 00:00:00,False,BEARISH,D1-20171031-BEARISH,2017-11-02 00:00:00,False,,False,True,False,True
2017-11-02 00:00:00,BLOCKED_BY_UNCERTIFIED_MACRO_BIAS,0.34146341463413893,2017-10-31 00:00:00,2017-11-01 00:00:00,2017-11-02 00:00:00,True,BEARISH,D1-20171101-BEARISH,2017-11-03 00:00:00,False,2017-11-01 16:00:00,True,True,False,True
,BLOCKED_BY_UNCERTIFIED_MACRO_BIAS,,2017-11-01 00:00:00,2017-11-02 00:00:00,2017-11-03 00:00:00,False,BEARISH,D1-20171102-BEARISH,2017-11-04 00:00:00,False,,False,True,False,True
,BLOCKED_BY_UNCERTIFIED_MACRO_BIAS,,2017-11-02 00:00:00,2017-11-03 00:00:00,2017-11-04 00:00:00,False,BEARISH,D1-20171103-BEARISH,2017-11-07 00:00:00,False,,False,True,False,True
,BLOCKED_BY_UNCERTIFIED_MACRO_BIAS,,2017-11-03 00:00:00,2017-11-06 00:00:00,2017-11-07 00:00:00,False,BEARISH,D1-20171106-BEARISH,2017-11-08 00:00:00,False,,False,True,False,True
,BLOCKED_BY_UNCERTIFIED_MACRO_BIAS,0.23809523809524197,2017-11-06 00:00:00,2017-11-07 00:00:00,2017-11-08 00:00:00,True,BEARISH,D1-20171107-BEARISH,2017-11-09 00:00:00,False,,False,True,False,True
,BLOCKED_BY_UNCERTIFIED_MACRO_BIAS,,2017-11-07 00:00:00,2017-11-08 00:00:00,2017-11-09 00:00:00,False,BEARISH,D1-20171108-BEARISH,2017-11-10 00:00:00,False,,False,True,False,True
,BLOCKED_BY_UNCERTIFIED_MACRO_BIAS,,2017-11-08 00:00:00,2017-11-09 00:00:00,2017-11-10 00:00:00,False,BEARISH,D1-20171109-BEARISH,2017-11-11 00:00:00,False,,False,True,False,True
,BLOCKED_BY_UNCERTIFIED_MACRO_BIAS,,2017-11-09 00:00:00,2017-11-10 00:00:00,2017-11-11 00:00:00,False,BEARISH,D1-20171110-BEARISH,2017-11-14 00:00:00,False,,False,True,False,True
,BLOCKED_BY_UNCERTIFIED_MACRO_BIAS,,2017-11-10 00:00:00,2017-11-13 00:00:00,2017-11-14 00:00:00,False,BEARISH,D1-20171113-BEARISH,2017-11-15 00:00:00,False,,False,True,False,True
,BLOCKED_BY_UNCERTIFIED_MACRO_BIAS,,2017-11-13 00:00:00,2017-11-14 00:00:00,2017-11-15 00:00:00,False,BEARISH,D1-20171114-BEARISH,2017-11-16 00:00:00,False,,False,True,False,True
,BLOCKED_BY_UNCERTIFIED_MACRO_BIAS,,2017-11-14 00:00:00,2017-11-15 00:00:00,2017-11-16 00:00:00,False,BEARISH,D1-20171115-BEARISH,2017-11-17 00:00:00,False,,False,True,False,True
,BLOCKED_BY_UNCERTIFIED_MACRO_BIAS,,2017-11-15 00:00:00,2017-11-16 00:00:00,2017-11-17 00:00:00,False,BEARISH,D1-20171116-BEARISH,2017-11-18 00:00:00,False,,False,True,False,True
,BLOCKED_BY_UNCERTIFIED_MACRO_BIAS,,2017-11-16 00:00:00,2017-11-17 00:00:00,2017-11-18 00:00:00,False,BEARISH,D1-20171117-BEARISH,2017-11-21 00:00:00,False,,False,True,False,True
,BLOCKED_BY_UNCERTIFIED_MACRO_BIAS,0.051886792452847795,2017-11-17 00:00:00,2017-11-20 00:00:00,2017-11-21 00:00:00,True,BULLISH,D1-20171120-BULLISH,2017-11-22 00:00:00,False,,False,True,False,False
,BLOCKED_BY_UNCERTIFIED_MACRO_BIAS,,2017-11-17 00:00:00,2017-11-20 00:00:00,2017-11-21 00:00:00,False,BEARISH,D1-20171120-BEARISH,2017-11-22 00:00:00,False,,False,True,False,True
,BLOCKED_BY_UNCERTIFIED_MACRO_BIAS,,2017-11-20 00:00:00,2017-11-21 00:00:00,2017-11-22 00:00:00,False,BEARISH,D1-20171121-BEARISH,2017-11-23 00:00:00,False,,False,True,False,True
,BLOCKED_BY_UNCERTIFIED_MACRO_BIAS,,2017-11-21 00:00:00,2017-11-22 00:00:00,2017-11-23 00:00:00,False,BEARISH,D1-20171122-BEARISH,2017-11-24 00:00:00,False,,False,True,False,True
2017-11-24 12:00:00,BLOCKED_BY_UNCERTIFIED_MACRO_BIAS,0.17355371900821415,2017-11-22 00:00:00,2017-11-23 00:00:00,2017-11-24 00:00:00,True,BEARISH,D1-20171123-BEARISH,2017-11-25 00:00:00,False,2017-11-24 12:00:00,True,True,False,True
,BLOCKED_BY_UNCERTIFIED_MACRO_BIAS,,2017-11-23 00:00:00,2017-11-24 00:00:00,2017-11-25 00:00:00,False,BEARISH,D1-20171124-BEARISH,2017-11-28 00:00:00,False,,False,True,False,True
,BLOCKED_BY_UNCERTIFIED_MACRO_BIAS,0.059405940594035034,2017-11-24 00:00:00,2017-11-27 00:00:00,2017-11-28 00:00:00,True,BEARISH,D1-20171127-BEARISH,2017-11-29 00:00:00,False,,False,True,False,True
,BLOCKED_BY_UNCERTIFIED_MACRO_BIAS,,2017-11-27 00:00:00,2017-11-28 00:00:00,2017-11-29 00:00:00,False,BEARISH,D1-20171128-BEARISH,2017-11-30 00:00:00,False,,False,True,False,True
,BLOCKED_BY_UNCERTIFIED_MACRO_BIAS,,2017-11-29 00:00:00,2017-11-30 00:00:00,2017-12-01 00:00:00,False,BEARISH,D1-20171130-BEARISH,2017-12-02 00:00:00,False,,False,True,False,True
,BLOCKED_BY_UNCERTIFIED_MACRO_BIAS,,2017-11-30 00:00:00,2017-12-01 00:00:00,2017-12-02 00:00:00,False,BEARISH,D1-20171201-BEARISH,2017-12-05 00:00:00,False,,False,True,False,True
,BLOCKED_BY_UNCERTIFIED_MACRO_BIAS,0.0852649006622455,2017-12-04 00:00:00,2017-12-05 00:00:00,2017-12-06 00:00:00,True,BULLISH,D1-20171205-BULLISH,2017-12-07 00:00:00,False,,False,True,False,False
,BLOCKED_BY_UNCERTIFIED_MACRO_BIAS,,2017-12-06 00:00:00,2017-12-07 00:00:00,2017-12-08 00:00:00,False,BEARISH,D1-20171207-BEARISH,2017-12-09 00:00:00,False,,False,True,False,True
,BLOCKED_BY_UNCERTIFIED_MACRO_BIAS,,2017-12-07 00:00:00,2017-12-08 00:00:00,2017-12-09 00:00:00,False,BEARISH,D1-20171208-BEARISH,2017-12-12 00:00:00,False,,False,True,False,True
,BLOCKED_BY_UNCERTIFIED_MACRO_BIAS,,2017-12-08 00:00:00,2017-12-11 00:00:00,2017-12-12 00:00:00,False,BEARISH,D1-20171211-BEARISH,2017-12-13 00:00:00,False,,False,True,False,True
,BLOCKED_BY_UNCERTIFIED_MACRO_BIAS,0.4876404494382186,2017-12-11 00:00:00,2017-12-12 00:00:00,2017-12-13 00:00:00,True,BEARISH,D1-20171212-BEARISH,2017-12-14 00:00:00,False,,False,True,False,True
,BLOCKED_BY_UNCERTIFIED_MACRO_BIAS,,2017-12-12 00:00:00,2017-12-13 00:00:00,2017-12-14 00:00:00,False,BEARISH,D1-20171213-BEARISH,2017-12-15 00:00:00,False,,False,True,False,True
,BLOCKED_BY_UNCERTIFIED_MACRO_BIAS,0.37096774193545073,2017-12-13 00:00:00,2017-12-14 00:00:00,2017-12-15 00:00:00,True,BEARISH,D1-20171214-BEARISH,2017-12-16 00:00:00,False,,False,True,False,True
,BLOCKED_BY_UNCERTIFIED_MACRO_BIAS,,2017-12-14 00:00:00,2017-12-15 00:00:00,2017-12-16 00:00:00,False,BEARISH,D1-20171215-BEARISH,2017-12-19 00:00:00,False,,False,True,False,True
,BLOCKED_BY_UNCERTIFIED_MACRO_BIAS,,2017-12-15 00:00:00,2017-12-18 00:00:00,2017-12-19 00:00:00,False,BEARISH,D1-20171218-BEARISH,2017-12-20 00:00:00,False,,False,True,False,True
,BLOCKED_BY_UNCERTIFIED_MACRO_BIAS,,2017-12-18 00:00:00,2017-12-19 00:00:00,2017-12-20 00:00:00,False,BEARISH,D1-20171219-BEARISH,2017-12-21 00:00:00,False,,False,True,False,True
,BLOCKED_BY_UNCERTIFIED_MACRO_BIAS,0.32231404958677023,2017-12-19 00:00:00,2017-12-20 00:00:00,2017-12-21 00:00:00,True,BULLISH,D1-20171220-BULLISH,2017-12-22 00:00:00,False,,False,True,False,False
,BLOCKED_BY_UNCERTIFIED_MACRO_BIAS,,2017-12-19 00:00:00,2017-12-20 00:00:00,2017-12-21 00:00:00,False,BEARISH,D1-20171220-BEARISH,2017-12-22 00:00:00,False,,False,True,False,True
,BLOCKED_BY_UNCERTIFIED_MACRO_BIAS,,2017-12-20 00:00:00,2017-12-21 00:00:00,2017-12-22 00:00:00,False,BEARISH,D1-20171221-BEARISH,2017-12-23 00:00:00,False,,False,True,False,True
,BLOCKED_BY_UNCERTIFIED_MACRO_BIAS,,2017-12-21 00:00:00,2017-12-22 00:00:00,2017-12-23 00:00:00,False,BEARISH,D1-20171222-BEARISH,2017-12-27 00:00:00,False,,False,True,False,True
,BLOCKED_BY_UNCERTIFIED_MACRO_BIAS,,2017-12-22 00:00:00,2017-12-26 00:00:00,2017-12-27 00:00:00,False,BEARISH,D1-20171226-BEARISH,2017-12-28 00:00:00,False,,False,True,False,True
,BLOCKED_BY_UNCERTIFIED_MACRO_BIAS,,2017-12-26 00:00:00,2017-12-27 00:00:00,2017-12-28 00:00:00,False,BEARISH,D1-20171227-BEARISH,2017-12-29 00:00:00,False,,False,True,False,True
,BLOCKED_BY_UNCERTIFIED_MACRO_BIAS,,2017-12-27 00:00:00,2017-12-28 00:00:00,2017-12-29 00:00:00,False,BEARISH,D1-20171228-BEARISH,2017-12-30 00:00:00,False,,False,True,False,True
,BLOCKED_BY_UNCERTIFIED_MACRO_BIAS,,2017-12-29 00:00:00,2018-01-02 00:00:00,2018-01-03 00:00:00,False,BEARISH,D1-20180102-BEARISH,2018-01-04 00:00:00,False,,False,True,False,True
,BLOCKED_BY_UNCERTIFIED_MACRO_BIAS,,2018-01-02 00:00:00,2018-01-03 00:00:00,2018-01-04 00:00:00,False,BEARISH,D1-20180103-BEARISH,2018-01-05 00:00:00,False,,False,True,False,True
,BLOCKED_BY_UNCERTIFIED_MACRO_BIAS,,2018-01-03 00:00:00,2018-01-04 00:00:00,2018-01-05 00:00:00,False,BEARISH,D1-20180104-BEARISH,2018-01-06 00:00:00,False,,False,True,False,True
,BLOCKED_BY_UNCERTIFIED_MACRO_BIAS,,2018-01-04 00:00:00,2018-01-05 00:00:00,2018-01-06 00:00:00,False,BEARISH,D1-20180105-BEARISH,2018-01-09 00:00:00,False,,False,True,False,True
,BLOCKED_BY_UNCERTIFIED_MACRO_BIAS,,2018-01-05 00:00:00,2018-01-08 00:00:00,2018-01-09 00:00:00,False,BEARISH,D1-20180108-BEARISH,2018-01-10 00:00:00,False,,False,True,False,True
,BLOCKED_BY_UNCERTIFIED_MACRO_BIAS,0.037234042553181454,2018-01-08 00:00:00,2018-01-09 00:00:00,2018-01-10 00:00:00,True,BEARISH,D1-20180109-BEARISH,2018-01-11 00:00:00,False,,False,True,False,True
,BLOCKED_BY_UNCERTIFIED_MACRO_BIAS,,2018-01-09 00:00:00,2018-01-10 00:00:00,2018-01-11 00:00:00,False,BEARISH,D1-20180110-BEARISH,2018-01-12 00:00:00,False,,False,True,False,True
,BLOCKED_BY_UNCERTIFIED_MACRO_BIAS,,2018-01-10 00:00:00,2018-01-11 00:00:00,2018-01-12 00:00:00,False,BEARISH,D1-20180111-BEARISH,2018-01-13 00:00:00,False,,False,True,False,True
,BLOCKED_BY_UNCERTIFIED_MACRO_BIAS,,2018-01-11 00:00:00,2018-01-12 00:00:00,2018-01-13 00:00:00,False,BEARISH,D1-20180112-BEARISH,2018-01-16 00:00:00,False,,False,True,False,True
,BLOCKED_BY_UNCERTIFIED_MACRO_BIAS,,2018-01-12 00:00:00,2018-01-15 00:00:00,2018-01-16 00:00:00,False,BEARISH,D1-20180115-BEARISH,2018-01-17 00:00:00,False,,False,True,False,True
,BLOCKED_BY_UNCERTIFIED_MACRO_BIAS,,2018-01-15 00:00:00,2018-01-16 00:00:00,2018-01-17 00:00:00,False,BEARISH,D1-20180116-BEARISH,2018-01-18 00:00:00,False,,False,True,False,True
,BLOCKED_BY_UNCERTIFIED_MACRO_BIAS,,2018-01-16 00:00:00,2018-01-17 00:00:00,2018-01-18 00:00:00,False,BEARISH,D1-20180117-BEARISH,2018-01-19 00:00:00,False,,False,True,False,True
,BLOCKED_BY_UNCERTIFIED_MACRO_BIAS,0.11363636363636324,2018-01-17 00:00:00,2018-01-18 00:00:00,2018-01-19 00:00:00,True,BEARISH,D1-20180118-BEARISH,2018-01-20 00:00:00,False,,False,True,False,True
,BLOCKED_BY_UNCERTIFIED_MACRO_BIAS,,2018-01-18 00:00:00,2018-01-19 00:00:00,2018-01-20 00:00:00,False,BEARISH,D1-20180119-BEARISH,2018-01-23 00:00:00,False,,False,True,False,True
,BLOCKED_BY_UNCERTIFIED_MACRO_BIAS,,2018-01-19 00:00:00,2018-01-22 00:00:00,2018-01-23 00:00:00,False,BEARISH,D1-20180122-BEARISH,2018-01-24 00:00:00,False,,False,True,False,True
,BLOCKED_BY_UNCERTIFIED_MACRO_BIAS,,2018-01-22 00:00:00,2018-01-23 00:00:00,2018-01-24 00:00:00,False,BEARISH,D1-20180123-BEARISH,2018-01-25 00:00:00,False,,False,True,False,True
,BLOCKED_BY_UNCERTIFIED_MACRO_BIAS,,2018-01-23 00:00:00,2018-01-24 00:00:00,2018-01-25 00:00:00,False,BEARISH,D1-20180124-BEARISH,2018-01-26 00:00:00,False,,False,True,False,True
,BLOCKED_BY_UNCERTIFIED_MACRO_BIAS,,2018-01-24 00:00:00,2018-01-25 00:00:00,2018-01-26 00:00:00,False,BEARISH,D1-20180125-BEARISH,2018-01-27 00:00:00,False,,False,True,False,True
,BLOCKED_BY_UNCERTIFIED_MACRO_BIAS,,2018-01-25 00:00:00,2018-01-26 00:00:00,2018-01-27 00:00:00,False,BEARISH,D1-20180126-BEARISH,2018-01-30 00:00:00,False,,False,True,False,True
,BLOCKED_BY_UNCERTIFIED_MACRO_BIAS,0.33715596330274883,2018-01-26 00:00:00,2018-01-29 00:00:00,2018-01-30 00:00:00,True,BEARISH,D1-20180129-BEARISH,2018-01-31 00:00:00,False,,False,True,False,True
,BLOCKED_BY_UNCERTIFIED_MACRO_BIAS,,2018-01-29 00:00:00,2018-01-30 00:00:00,2018-01-31 00:00:00,False,BEARISH,D1-20180130-BEARISH,2018-02-01 00:00:00,False,,False,True,False,True
,BLOCKED_BY_UNCERTIFIED_MACRO_BIAS,,2018-01-30 00:00:00,2018-01-31 00:00:00,2018-02-01 00:00:00,False,BEARISH,D1-20180131-BEARISH,2018-02-02 00:00:00,False,,False,True,False,True
,BLOCKED_BY_UNCERTIFIED_MACRO_BIAS,,2018-01-31 00:00:00,2018-02-01 00:00:00,2018-02-02 00:00:00,False,BEARISH,D1-20180201-BEARISH,2018-02-03 00:00:00,False,,False,True,False,True
,BLOCKED_BY_UNCERTIFIED_MACRO_BIAS,0.3189944134078182,2018-02-06 00:00:00,2018-02-07 00:00:00,2018-02-08 00:00:00,True,BEARISH,D1-20180207-BEARISH,2018-02-09 00:00:00,False,,False,True,False,False
,BLOCKED_BY_UNCERTIFIED_MACRO_BIAS,0.4686513306269762,2018-02-08 00:00:00,2018-02-09 00:00:00,2018-02-10 00:00:00,True,BULLISH,D1-20180209-BULLISH,2018-02-13 00:00:00,False,,False,True,False,False
,BLOCKED_BY_UNCERTIFIED_MACRO_BIAS,0.3753056234718907,2018-02-12 00:00:00,2018-02-13 00:00:00,2018-02-14 00:00:00,True,BEARISH,D1-20180213-BEARISH,2018-02-15 00:00:00,False,,False,True,False,False
,BLOCKED_BY_UNCERTIFIED_MACRO_BIAS,,2018-02-13 00:00:00,2018-02-14 00:00:00,2018-02-15 00:00:00,False,BEARISH,D1-20180214-BEARISH,2018-02-16 00:00:00,False,,False,True,False,True
,BLOCKED_BY_UNCERTIFIED_MACRO_BIAS,,2018-02-14 00:00:00,2018-02-15 00:00:00,2018-02-16 00:00:00,False,BEARISH,D1-20180215-BEARISH,2018-02-17 00:00:00,False,,False,True,False,True
2018-02-17 00:00:00,BLOCKED_BY_UNCERTIFIED_MACRO_BIAS,0.23876651982379174,2018-02-15 00:00:00,2018-02-16 00:00:00,2018-02-17 00:00:00,True,BEARISH,D1-20180216-BEARISH,2018-02-20 00:00:00,False,2018-02-16 08:00:00,True,True,False,True
,BLOCKED_BY_UNCERTIFIED_MACRO_BIAS,0.26937269372694034,2018-02-16 00:00:00,2018-02-19 00:00:00,2018-02-20 00:00:00,True,BULLISH,D1-20180219-BULLISH,2018-02-21 00:00:00,False,,False,True,False,False
,BLOCKED_BY_UNCERTIFIED_MACRO_BIAS,,2018-02-16 00:00:00,2018-02-19 00:00:00,2018-02-20 00:00:00,False,BEARISH,D1-20180219-BEARISH,2018-02-21 00:00:00,False,,False,True,False,True
,BLOCKED_BY_UNCERTIFIED_MACRO_BIAS,0.1095890410959126,2018-02-19 00:00:00,2018-02-20 00:00:00,2018-02-21 00:00:00,True,BULLISH,D1-20180220-BULLISH,2018-02-22 00:00:00,False,,False,True,False,False
,BLOCKED_BY_UNCERTIFIED_MACRO_BIAS,,2018-02-19 00:00:00,2018-02-20 00:00:00,2018-02-21 00:00:00,False,BEARISH,D1-20180220-BEARISH,2018-02-22 00:00:00,False,,False,True,False,True
,BLOCKED_BY_UNCERTIFIED_MACRO_BIAS,,2018-02-20 00:00:00,2018-02-21 00:00:00,2018-02-22 00:00:00,False,BEARISH,D1-20180221-BEARISH,2018-02-23 00:00:00,False,,False,True,False,True
,BLOCKED_BY_UNCERTIFIED_MACRO_BIAS,,2018-02-21 00:00:00,2018-02-22 00:00:00,2018-02-23 00:00:00,False,BEARISH,D1-20180222-BEARISH,2018-02-24 00:00:00,False,,False,True,False,True
,BLOCKED_BY_UNCERTIFIED_MACRO_BIAS,,2018-02-22 00:00:00,2018-02-23 00:00:00,2018-02-24 00:00:00,False,BEARISH,D1-20180223-BEARISH,2018-02-27 00:00:00,False,,False,True,False,True
,BLOCKED_BY_UNCERTIFIED_MACRO_BIAS,,2018-02-23 00:00:00,2018-02-26 00:00:00,2018-02-27 00:00:00,False,BEARISH,D1-20180226-BEARISH,2018-02-28 00:00:00,False,,False,True,False,True
,BLOCKED_BY_UNCERTIFIED_MACRO_BIAS,,2018-02-26 00:00:00,2018-02-27 00:00:00,2018-02-28 00:00:00,False,BEARISH,D1-20180227-BEARISH,2018-03-01 00:00:00,False,,False,True,False,True
,BLOCKED_BY_UNCERTIFIED_MACRO_BIAS,,2018-02-27 00:00:00,2018-02-28 00:00:00,2018-03-01 00:00:00,False,BEARISH,D1-20180228-BEARISH,2018-03-02 00:00:00,False,,False,True,False,True
,BLOCKED_BY_UNCERTIFIED_MACRO_BIAS,,2018-03-01 00:00:00,2018-03-02 00:00:00,2018-03-03 00:00:00,False,BEARISH,D1-20180302-BEARISH,2018-03-06 00:00:00,False,,False,True,False,True
,BLOCKED_BY_UNCERTIFIED_MACRO_BIAS,,2018-03-02 00:00:00,2018-03-05 00:00:00,2018-03-06 00:00:00,False,BEARISH,D1-20180305-BEARISH,2018-03-07 00:00:00,False,,False,True,False,True
,BLOCKED_BY_UNCERTIFIED_MACRO_BIAS,,2018-03-05 00:00:00,2018-03-06 00:00:00,2018-03-07 00:00:00,False,BEARISH,D1-20180306-BEARISH,2018-03-08 00:00:00,False,,False,True,False,True
,BLOCKED_BY_UNCERTIFIED_MACRO_BIAS,,2018-03-06 00:00:00,2018-03-07 00:00:00,2018-03-08 00:00:00,False,BEARISH,D1-20180307-BEARISH,2018-03-09 00:00:00,False,,False,True,False,True
,BLOCKED_BY_UNCERTIFIED_MACRO_BIAS,,2018-03-07 00:00:00,2018-03-08 00:00:00,2018-03-09 00:00:00,False,BEARISH,D1-20180308-BEARISH,2018-03-10 00:00:00,False,,False,True,False,True
,BLOCKED_BY_UNCERTIFIED_MACRO_BIAS,,2018-03-08 00:00:00,2018-03-09 00:00:00,2018-03-10 00:00:00,False,BEARISH,D1-20180309-BEARISH,2018-03-13 00:00:00,False,,False,True,False,True
,BLOCKED_BY_UNCERTIFIED_MACRO_BIAS,,2018-03-09 00:00:00,2018-03-12 00:00:00,2018-03-13 00:00:00,False,BEARISH,D1-20180312-BEARISH,2018-03-14 00:00:00,False,,False,True,False,True
,BLOCKED_BY_UNCERTIFIED_MACRO_BIAS,,2018-03-12 00:00:00,2018-03-13 00:00:00,2018-03-14 00:00:00,False,BEARISH,D1-20180313-BEARISH,2018-03-15 00:00:00,False,,False,True,False,True
,BLOCKED_BY_UNCERTIFIED_MACRO_BIAS,0.10290827740493026,2018-03-13 00:00:00,2018-03-14 00:00:00,2018-03-15 00:00:00,True,BULLISH,D1-20180314-BULLISH,2018-03-16 00:00:00,False,,False,True,False,False
,BLOCKED_BY_UNCERTIFIED_MACRO_BIAS,,2018-03-13 00:00:00,2018-03-14 00:00:00,2018-03-15 00:00:00,False,BEARISH,D1-20180314-BEARISH,2018-03-16 00:00:00,False,,False,True,False,True
,BLOCKED_BY_UNCERTIFIED_MACRO_BIAS,,2018-03-14 00:00:00,2018-03-15 00:00:00,2018-03-16 00:00:00,False,BEARISH,D1-20180315-BEARISH,2018-03-17 00:00:00,False,,False,True,False,True
,BLOCKED_BY_UNCERTIFIED_MACRO_BIAS,,2018-03-15 00:00:00,2018-03-16 00:00:00,2018-03-17 00:00:00,False,BEARISH,D1-20180316-BEARISH,2018-03-20 00:00:00,False,,False,True,False,True
,BLOCKED_BY_UNCERTIFIED_MACRO_BIAS,0.23501303214595784,2018-03-27 00:00:00,2018-03-28 00:00:00,2018-03-29 00:00:00,True,BULLISH,D1-20180328-BULLISH,2018-03-30 00:00:00,False,,False,True,False,False
,BLOCKED_BY_UNCERTIFIED_MACRO_BIAS,,2018-03-29 00:00:00,2018-04-02 00:00:00,2018-04-03 00:00:00,False,BULLISH,D1-20180402-BULLISH,2018-04-04 00:00:00,False,,False,True,False,True
,BLOCKED_BY_UNCERTIFIED_MACRO_BIAS,,2018-04-02 00:00:00,2018-04-03 00:00:00,2018-04-04 00:00:00,False,BULLISH,D1-20180403-BULLISH,2018-04-05 00:00:00,False,,False,True,False,True
,BLOCKED_BY_UNCERTIFIED_MACRO_BIAS,,2018-04-03 00:00:00,2018-04-04 00:00:00,2018-04-05 00:00:00,False,BULLISH,D1-20180404-BULLISH,2018-04-06 00:00:00,False,,False,True,False,True
,BLOCKED_BY_UNCERTIFIED_MACRO_BIAS,,2018-04-04 00:00:00,2018-04-05 00:00:00,2018-04-06 00:00:00,False,BULLISH,D1-20180405-BULLISH,2018-04-07 00:00:00,False,,False,True,False,True
,BLOCKED_BY_UNCERTIFIED_MACRO_BIAS,,2018-04-05 00:00:00,2018-04-06 00:00:00,2018-04-07 00:00:00,False,BULLISH,D1-20180406-BULLISH,2018-04-10 00:00:00,False,,False,True,False,True
,BLOCKED_BY_UNCERTIFIED_MACRO_BIAS,,2018-04-06 00:00:00,2018-04-09 00:00:00,2018-04-10 00:00:00,False,BULLISH,D1-20180409-BULLISH,2018-04-11 00:00:00,False,,False,True,False,True
,BLOCKED_BY_UNCERTIFIED_MACRO_BIAS,,2018-04-09 00:00:00,2018-04-10 00:00:00,2018-04-11 00:00:00,False,BULLISH,D1-20180410-BULLISH,2018-04-12 00:00:00,False,,False,True,False,True
,BLOCKED_BY_UNCERTIFIED_MACRO_BIAS,,2018-04-10 00:00:00,2018-04-11 00:00:00,2018-04-12 00:00:00,False,BULLISH,D1-20180411-BULLISH,2018-04-13 00:00:00,False,,False,True,False,True
,BLOCKED_BY_UNCERTIFIED_MACRO_BIAS,0.20274170274170483,2018-04-10 00:00:00,2018-04-11 00:00:00,2018-04-12 00:00:00,True,BEARISH,D1-20180411-BEARISH,2018-04-13 00:00:00,False,,False,True,False,False
,BLOCKED_BY_UNCERTIFIED_MACRO_BIAS,,2018-04-12 00:00:00,2018-04-13 00:00:00,2018-04-14 00:00:00,False,BULLISH,D1-20180413-BULLISH,2018-04-17 00:00:00,False,,False,True,False,True
,BLOCKED_BY_UNCERTIFIED_MACRO_BIAS,0.2699167657550502,2018-04-12 00:00:00,2018-04-13 00:00:00,2018-04-14 00:00:00,True,BEARISH,D1-20180413-BEARISH,2018-04-17 00:00:00,False,,False,True,False,False
,BLOCKED_BY_UNCERTIFIED_MACRO_BIAS,,2018-04-19 00:00:00,2018-04-20 00:00:00,2018-04-21 00:00:00,False,BULLISH,D1-20180420-BULLISH,2018-04-24 00:00:00,False,,False,True,False,True
2018-04-24 00:00:00,BLOCKED_BY_UNCERTIFIED_MACRO_BIAS,0.4414141414141396,2018-04-20 00:00:00,2018-04-23 00:00:00,2018-04-24 00:00:00,True,BULLISH,D1-20180423-BULLISH,2018-04-25 00:00:00,False,2018-04-23 08:00:00,True,True,False,True
,BLOCKED_BY_UNCERTIFIED_MACRO_BIAS,,2018-04-23 00:00:00,2018-04-24 00:00:00,2018-04-25 00:00:00,False,BULLISH,D1-20180424-BULLISH,2018-04-26 00:00:00,False,,False,True,False,True
,BLOCKED_BY_UNCERTIFIED_MACRO_BIAS,0.3682611996962799,2018-04-24 00:00:00,2018-04-25 00:00:00,2018-04-26 00:00:00,True,BULLISH,D1-20180425-BULLISH,2018-04-27 00:00:00,False,,False,True,False,True
,BLOCKED_BY_UNCERTIFIED_MACRO_BIAS,0.4529147982062758,2018-04-26 00:00:00,2018-04-27 00:00:00,2018-04-28 00:00:00,True,BEARISH,D1-20180427-BEARISH,2018-05-01 00:00:00,False,,False,True,False,False
,BLOCKED_BY_UNCERTIFIED_MACRO_BIAS,,2018-04-27 00:00:00,2018-04-30 00:00:00,2018-05-01 00:00:00,False,BULLISH,D1-20180430-BULLISH,2018-05-02 00:00:00,False,,False,True,False,True
,BLOCKED_BY_UNCERTIFIED_MACRO_BIAS,,2018-05-01 00:00:00,2018-05-02 00:00:00,2018-05-03 00:00:00,False,BULLISH,D1-20180502-BULLISH,2018-05-04 00:00:00,False,,False,True,False,True
,BLOCKED_BY_UNCERTIFIED_MACRO_BIAS,0.47820823244552374,2018-05-02 00:00:00,2018-05-03 00:00:00,2018-05-04 00:00:00,True,BULLISH,D1-20180503-BULLISH,2018-05-05 00:00:00,False,,False,True,False,False
,BLOCKED_BY_UNCERTIFIED_MACRO_BIAS,,2018-05-07 00:00:00,2018-05-08 00:00:00,2018-05-09 00:00:00,False,BEARISH,D1-20180508-BEARISH,2018-05-10 00:00:00,False,,False,True,False,True
,BLOCKED_BY_UNCERTIFIED_MACRO_BIAS,,2018-05-08 00:00:00,2018-05-09 00:00:00,2018-05-10 00:00:00,False,BEARISH,D1-20180509-BEARISH,2018-05-11 00:00:00,False,,False,True,False,True
,BLOCKED_BY_UNCERTIFIED_MACRO_BIAS,,2018-05-09 00:00:00,2018-05-10 00:00:00,2018-05-11 00:00:00,False,BEARISH,D1-20180510-BEARISH,2018-05-12 00:00:00,False,,False,True,False,True
2018-05-12 00:00:00,BLOCKED_BY_UNCERTIFIED_MACRO_BIAS,0.18339100346021622,2018-05-10 00:00:00,2018-05-11 00:00:00,2018-05-12 00:00:00,True,BEARISH,D1-20180511-BEARISH,2018-05-15 00:00:00,False,2018-05-11 08:00:00,True,True,False,True
,BLOCKED_BY_UNCERTIFIED_MACRO_BIAS,0.13207547169816017,2018-05-11 00:00:00,2018-05-14 00:00:00,2018-05-15 00:00:00,True,BEARISH,D1-20180514-BEARISH,2018-05-16 00:00:00,False,,False,True,False,True
,BLOCKED_BY_UNCERTIFIED_MACRO_BIAS,,2018-05-14 00:00:00,2018-05-15 00:00:00,2018-05-16 00:00:00,False,BEARISH,D1-20180515-BEARISH,2018-05-17 00:00:00,False,,False,True,False,True
,BLOCKED_BY_UNCERTIFIED_MACRO_BIAS,,2018-05-15 00:00:00,2018-05-16 00:00:00,2018-05-17 00:00:00,False,BEARISH,D1-20180516-BEARISH,2018-05-18 00:00:00,False,,False,True,False,True
,BLOCKED_BY_UNCERTIFIED_MACRO_BIAS,,2018-05-16 00:00:00,2018-05-17 00:00:00,2018-05-18 00:00:00,False,BEARISH,D1-20180517-BEARISH,2018-05-19 00:00:00,False,,False,True,False,True
,BLOCKED_BY_UNCERTIFIED_MACRO_BIAS,,2018-05-17 00:00:00,2018-05-18 00:00:00,2018-05-19 00:00:00,False,BEARISH,D1-20180518-BEARISH,2018-05-22 00:00:00,False,,False,True,False,True
,BLOCKED_BY_UNCERTIFIED_MACRO_BIAS,,2018-05-18 00:00:00,2018-05-21 00:00:00,2018-05-22 00:00:00,False,BEARISH,D1-20180521-BEARISH,2018-05-23 00:00:00,False,,False,True,False,True
,BLOCKED_BY_UNCERTIFIED_MACRO_BIAS,,2018-05-21 00:00:00,2018-05-22 00:00:00,2018-05-23 00:00:00,False,BEARISH,D1-20180522-BEARISH,2018-05-24 00:00:00,False,,False,True,False,True
,BLOCKED_BY_UNCERTIFIED_MACRO_BIAS,,2018-05-22 00:00:00,2018-05-23 00:00:00,2018-05-24 00:00:00,False,BEARISH,D1-20180523-BEARISH,2018-05-25 00:00:00,False,,False,True,False,True
,BLOCKED_BY_UNCERTIFIED_MACRO_BIAS,0.02568807339448874,2018-05-23 00:00:00,2018-05-24 00:00:00,2018-05-25 00:00:00,True,BEARISH,D1-20180524-BEARISH,2018-05-26 00:00:00,False,,False,True,False,True
,BLOCKED_BY_UNCERTIFIED_MACRO_BIAS,,2018-05-24 00:00:00,2018-05-25 00:00:00,2018-05-26 00:00:00,False,BEARISH,D1-20180525-BEARISH,2018-05-29 00:00:00,False,,False,True,False,True
,BLOCKED_BY_UNCERTIFIED_MACRO_BIAS,,2018-05-25 00:00:00,2018-05-28 00:00:00,2018-05-29 00:00:00,False,BEARISH,D1-20180528-BEARISH,2018-05-30 00:00:00,False,,False,True,False,True
,BLOCKED_BY_UNCERTIFIED_MACRO_BIAS,,2018-05-28 00:00:00,2018-05-29 00:00:00,2018-05-30 00:00:00,False,BEARISH,D1-20180529-BEARISH,2018-05-31 00:00:00,False,,False,True,False,True
,BLOCKED_BY_UNCERTIFIED_MACRO_BIAS,,2018-05-29 00:00:00,2018-05-30 00:00:00,2018-05-31 00:00:00,False,BEARISH,D1-20180530-BEARISH,2018-06-01 00:00:00,False,,False,True,False,True
,BLOCKED_BY_UNCERTIFIED_MACRO_BIAS,0.10512820512819114,2018-05-30 00:00:00,2018-05-31 00:00:00,2018-06-01 00:00:00,True,BEARISH,D1-20180531-BEARISH,2018-06-02 00:00:00,False,,False,True,False,True
,BLOCKED_BY_UNCERTIFIED_MACRO_BIAS,,2018-05-31 00:00:00,2018-06-01 00:00:00,2018-06-02 00:00:00,False,BEARISH,D1-20180601-BEARISH,2018-06-05 00:00:00,False,,False,True,False,True
,BLOCKED_BY_UNCERTIFIED_MACRO_BIAS,,2018-06-01 00:00:00,2018-06-04 00:00:00,2018-06-05 00:00:00,False,BEARISH,D1-20180604-BEARISH,2018-06-06 00:00:00,False,,False,True,False,True
,BLOCKED_BY_UNCERTIFIED_MACRO_BIAS,,2018-06-04 00:00:00,2018-06-05 00:00:00,2018-06-06 00:00:00,False,BEARISH,D1-20180605-BEARISH,2018-06-07 00:00:00,False,,False,True,False,True
,BLOCKED_BY_UNCERTIFIED_MACRO_BIAS,,2018-06-05 00:00:00,2018-06-06 00:00:00,2018-06-07 00:00:00,False,BEARISH,D1-20180606-BEARISH,2018-06-08 00:00:00,False,,False,True,False,True
,BLOCKED_BY_UNCERTIFIED_MACRO_BIAS,,2018-06-06 00:00:00,2018-06-07 00:00:00,2018-06-08 00:00:00,False,BEARISH,D1-20180607-BEARISH,2018-06-09 00:00:00,False,,False,True,False,True
,BLOCKED_BY_UNCERTIFIED_MACRO_BIAS,0.16569200779727036,2018-06-07 00:00:00,2018-06-08 00:00:00,2018-06-09 00:00:00,True,BULLISH,D1-20180608-BULLISH,2018-06-12 00:00:00,False,,False,True,False,False
,BLOCKED_BY_UNCERTIFIED_MACRO_BIAS,,2018-06-07 00:00:00,2018-06-08 00:00:00,2018-06-09 00:00:00,False,BEARISH,D1-20180608-BEARISH,2018-06-12 00:00:00,False,,False,True,False,True
,BLOCKED_BY_UNCERTIFIED_MACRO_BIAS,,2018-06-08 00:00:00,2018-06-11 00:00:00,2018-06-12 00:00:00,False,BEARISH,D1-20180611-BEARISH,2018-06-13 00:00:00,False,,False,True,False,True
,BLOCKED_BY_UNCERTIFIED_MACRO_BIAS,,2018-06-11 00:00:00,2018-06-12 00:00:00,2018-06-13 00:00:00,False,BEARISH,D1-20180612-BEARISH,2018-06-14 00:00:00,False,,False,True,False,True
2018-06-14 00:00:00,BLOCKED_BY_UNCERTIFIED_MACRO_BIAS,0.11818181818181818,2018-06-12 00:00:00,2018-06-13 00:00:00,2018-06-14 00:00:00,True,BEARISH,D1-20180613-BEARISH,2018-06-15 00:00:00,False,2018-06-13 08:00:00,True,True,False,True
,BLOCKED_BY_UNCERTIFIED_MACRO_BIAS,,2018-06-13 00:00:00,2018-06-14 00:00:00,2018-06-15 00:00:00,False,BEARISH,D1-20180614-BEARISH,2018-06-16 00:00:00,False,,False,True,False,True
,BLOCKED_BY_UNCERTIFIED_MACRO_BIAS,,2018-06-14 00:00:00,2018-06-15 00:00:00,2018-06-16 00:00:00,False,BEARISH,D1-20180615-BEARISH,2018-06-19 00:00:00,False,,False,True,False,True
,BLOCKED_BY_UNCERTIFIED_MACRO_BIAS,0.10344827586209329,2018-06-15 00:00:00,2018-06-18 00:00:00,2018-06-19 00:00:00,True,BULLISH,D1-20180618-BULLISH,2018-06-20 00:00:00,False,,False,True,False,False
,BLOCKED_BY_UNCERTIFIED_MACRO_BIAS,,2018-06-15 00:00:00,2018-06-18 00:00:00,2018-06-19 00:00:00,False,BEARISH,D1-20180618-BEARISH,2018-06-20 00:00:00,False,,False,True,False,True
,BLOCKED_BY_UNCERTIFIED_MACRO_BIAS,,2018-06-18 00:00:00,2018-06-19 00:00:00,2018-06-20 00:00:00,False,BEARISH,D1-20180619-BEARISH,2018-06-21 00:00:00,False,,False,True,False,True
,BLOCKED_BY_UNCERTIFIED_MACRO_BIAS,,2018-06-19 00:00:00,2018-06-20 00:00:00,2018-06-21 00:00:00,False,BEARISH,D1-20180620-BEARISH,2018-06-22 00:00:00,False,,False,True,False,True
,BLOCKED_BY_UNCERTIFIED_MACRO_BIAS,,2018-06-20 00:00:00,2018-06-21 00:00:00,2018-06-22 00:00:00,False,BEARISH,D1-20180621-BEARISH,2018-06-23 00:00:00,False,,False,True,False,True
,BLOCKED_BY_UNCERTIFIED_MACRO_BIAS,,2018-06-21 00:00:00,2018-06-22 00:00:00,2018-06-23 00:00:00,False,BEARISH,D1-20180622-BEARISH,2018-06-26 00:00:00,False,,False,True,False,True
,BLOCKED_BY_UNCERTIFIED_MACRO_BIAS,0.21704180064308745,2018-06-28 00:00:00,2018-06-29 00:00:00,2018-06-30 00:00:00,True,BEARISH,D1-20180629-BEARISH,2018-07-03 00:00:00,False,,False,True,False,False
,BLOCKED_BY_UNCERTIFIED_MACRO_BIAS,0.29316338354577204,2018-07-03 00:00:00,2018-07-04 00:00:00,2018-07-05 00:00:00,True,BULLISH,D1-20180704-BULLISH,2018-07-06 00:00:00,False,,False,True,False,False
,BLOCKED_BY_UNCERTIFIED_MACRO_BIAS,,2018-07-04 00:00:00,2018-07-05 00:00:00,2018-07-06 00:00:00,False,BEARISH,D1-20180705-BEARISH,2018-07-07 00:00:00,False,,False,True,False,True
,BLOCKED_BY_UNCERTIFIED_MACRO_BIAS,,2018-07-05 00:00:00,2018-07-06 00:00:00,2018-07-07 00:00:00,False,BEARISH,D1-20180706-BEARISH,2018-07-10 00:00:00,False,,False,True,False,True
,BLOCKED_BY_UNCERTIFIED_MACRO_BIAS,,2018-07-06 00:00:00,2018-07-09 00:00:00,2018-07-10 00:00:00,False,BEARISH,D1-20180709-BEARISH,2018-07-11 00:00:00,False,,False,True,False,True
,BLOCKED_BY_UNCERTIFIED_MACRO_BIAS,0.3484848484848536,2018-07-09 00:00:00,2018-07-10 00:00:00,2018-07-11 00:00:00,True,BEARISH,D1-20180710-BEARISH,2018-07-12 00:00:00,False,,False,True,False,True
,BLOCKED_BY_UNCERTIFIED_MACRO_BIAS,,2018-07-10 00:00:00,2018-07-11 00:00:00,2018-07-12 00:00:00,False,BEARISH,D1-20180711-BEARISH,2018-07-13 00:00:00,False,,False,True,False,True
,BLOCKED_BY_UNCERTIFIED_MACRO_BIAS,,2018-07-11 00:00:00,2018-07-12 00:00:00,2018-07-13 00:00:00,False,BEARISH,D1-20180712-BEARISH,2018-07-14 00:00:00,False,,False,True,False,True
,BLOCKED_BY_UNCERTIFIED_MACRO_BIAS,,2018-07-12 00:00:00,2018-07-13 00:00:00,2018-07-14 00:00:00,False,BEARISH,D1-20180713-BEARISH,2018-07-17 00:00:00,False,,False,True,False,True
,BLOCKED_BY_UNCERTIFIED_MACRO_BIAS,,2018-07-13 00:00:00,2018-07-16 00:00:00,2018-07-17 00:00:00,False,BEARISH,D1-20180716-BEARISH,2018-07-18 00:00:00,False,,False,True,False,True
,BLOCKED_BY_UNCERTIFIED_MACRO_BIAS,,2018-07-16 00:00:00,2018-07-17 00:00:00,2018-07-18 00:00:00,False,BEARISH,D1-20180717-BEARISH,2018-07-19 00:00:00,False,,False,True,False,True
2018-07-19 00:00:00,BLOCKED_BY_UNCERTIFIED_MACRO_BIAS,0.2073515551366646,2018-07-17 00:00:00,2018-07-18 00:00:00,2018-07-19 00:00:00,True,BEARISH,D1-20180718-BEARISH,2018-07-20 00:00:00,False,2018-07-18 08:00:00,True,True,False,True
,BLOCKED_BY_UNCERTIFIED_MACRO_BIAS,,2018-07-18 00:00:00,2018-07-19 00:00:00,2018-07-20 00:00:00,False,BEARISH,D1-20180719-BEARISH,2018-07-21 00:00:00,False,,False,True,False,True
,BLOCKED_BY_UNCERTIFIED_MACRO_BIAS,0.3821428571428506,2018-07-19 00:00:00,2018-07-20 00:00:00,2018-07-21 00:00:00,True,BULLISH,D1-20180720-BULLISH,2018-07-24 00:00:00,False,,False,True,False,False
,BLOCKED_BY_UNCERTIFIED_MACRO_BIAS,,2018-07-19 00:00:00,2018-07-20 00:00:00,2018-07-21 00:00:00,False,BEARISH,D1-20180720-BEARISH,2018-07-24 00:00:00,False,,False,True,False,True
,BLOCKED_BY_UNCERTIFIED_MACRO_BIAS,,2018-07-20 00:00:00,2018-07-23 00:00:00,2018-07-24 00:00:00,False,BEARISH,D1-20180723-BEARISH,2018-07-25 00:00:00,False,,False,True,False,True
,BLOCKED_BY_UNCERTIFIED_MACRO_BIAS,0.0587121212121279,2018-07-23 00:00:00,2018-07-24 00:00:00,2018-07-25 00:00:00,True,BEARISH,D1-20180724-BEARISH,2018-07-26 00:00:00,False,,False,True,False,True
,BLOCKED_BY_UNCERTIFIED_MACRO_BIAS,,2018-07-24 00:00:00,2018-07-25 00:00:00,2018-07-26 00:00:00,False,BEARISH,D1-20180725-BEARISH,2018-07-27 00:00:00,False,,False,True,False,True
,BLOCKED_BY_UNCERTIFIED_MACRO_BIAS,,2018-07-25 00:00:00,2018-07-26 00:00:00,2018-07-27 00:00:00,False,BEARISH,D1-20180726-BEARISH,2018-07-28 00:00:00,False,,False,True,False,True
,BLOCKED_BY_UNCERTIFIED_MACRO_BIAS,0.032000000000002075,2018-07-31 00:00:00,2018-08-01 00:00:00,2018-08-02 00:00:00,True,BEARISH,D1-20180801-BEARISH,2018-08-03 00:00:00,False,,False,True,False,False
,BLOCKED_BY_UNCERTIFIED_MACRO_BIAS,,2018-08-01 00:00:00,2018-08-02 00:00:00,2018-08-03 00:00:00,False,BEARISH,D1-20180802-BEARISH,2018-08-04 00:00:00,False,,False,True,False,True
,BLOCKED_BY_UNCERTIFIED_MACRO_BIAS,,2018-08-02 00:00:00,2018-08-03 00:00:00,2018-08-04 00:00:00,False,BEARISH,D1-20180803-BEARISH,2018-08-07 00:00:00,False,,False,True,False,True
,BLOCKED_BY_UNCERTIFIED_MACRO_BIAS,,2018-08-03 00:00:00,2018-08-06 00:00:00,2018-08-07 00:00:00,False,BEARISH,D1-20180806-BEARISH,2018-08-08 00:00:00,False,,False,True,False,True
,BLOCKED_BY_UNCERTIFIED_MACRO_BIAS,,2018-08-06 00:00:00,2018-08-07 00:00:00,2018-08-08 00:00:00,False,BEARISH,D1-20180807-BEARISH,2018-08-09 00:00:00,False,,False,True,False,True
2018-08-09 12:00:00,BLOCKED_BY_UNCERTIFIED_MACRO_BIAS,0.35658914728682806,2018-08-07 00:00:00,2018-08-08 00:00:00,2018-08-09 00:00:00,True,BEARISH,D1-20180808-BEARISH,2018-08-10 00:00:00,False,2018-08-09 12:00:00,True,True,False,True
,BLOCKED_BY_UNCERTIFIED_MACRO_BIAS,,2018-08-08 00:00:00,2018-08-09 00:00:00,2018-08-10 00:00:00,False,BEARISH,D1-20180809-BEARISH,2018-08-11 00:00:00,False,,False,True,False,True
,BLOCKED_BY_UNCERTIFIED_MACRO_BIAS,,2018-08-09 00:00:00,2018-08-10 00:00:00,2018-08-11 00:00:00,False,BEARISH,D1-20180810-BEARISH,2018-08-14 00:00:00,False,,False,True,False,True
,BLOCKED_BY_UNCERTIFIED_MACRO_BIAS,0.10687022900765161,2018-08-10 00:00:00,2018-08-13 00:00:00,2018-08-14 00:00:00,True,BULLISH,D1-20180813-BULLISH,2018-08-15 00:00:00,False,,False,True,False,False
,BLOCKED_BY_UNCERTIFIED_MACRO_BIAS,,2018-08-10 00:00:00,2018-08-13 00:00:00,2018-08-14 00:00:00,False,BEARISH,D1-20180813-BEARISH,2018-08-15 00:00:00,False,,False,True,False,True
,BLOCKED_BY_UNCERTIFIED_MACRO_BIAS,,2018-08-13 00:00:00,2018-08-14 00:00:00,2018-08-15 00:00:00,False,BEARISH,D1-20180814-BEARISH,2018-08-16 00:00:00,False,,False,True,False,True
,BLOCKED_BY_UNCERTIFIED_MACRO_BIAS,,2018-08-16 00:00:00,2018-08-17 00:00:00,2018-08-18 00:00:00,False,BEARISH,D1-20180817-BEARISH,2018-08-21 00:00:00,False,,False,True,False,True
,BLOCKED_BY_UNCERTIFIED_MACRO_BIAS,,2018-08-21 00:00:00,2018-08-22 00:00:00,2018-08-23 00:00:00,False,BEARISH,D1-20180822-BEARISH,2018-08-24 00:00:00,False,,False,True,False,True
2018-08-24 12:00:00,BLOCKED_BY_UNCERTIFIED_MACRO_BIAS,0.1391437308868565,2018-08-22 00:00:00,2018-08-23 00:00:00,2018-08-24 00:00:00,True,BEARISH,D1-20180823-BEARISH,2018-08-25 00:00:00,False,2018-08-24 12:00:00,True,True,False,True
,BLOCKED_BY_UNCERTIFIED_MACRO_BIAS,,2018-08-23 00:00:00,2018-08-24 00:00:00,2018-08-25 00:00:00,False,BEARISH,D1-20180824-BEARISH,2018-08-28 00:00:00,False,,False,True,False,True
,BLOCKED_BY_UNCERTIFIED_MACRO_BIAS,,2018-08-24 00:00:00,2018-08-27 00:00:00,2018-08-28 00:00:00,False,BEARISH,D1-20180827-BEARISH,2018-08-29 00:00:00,False,,False,True,False,True
,BLOCKED_BY_UNCERTIFIED_MACRO_BIAS,,2018-08-27 00:00:00,2018-08-28 00:00:00,2018-08-29 00:00:00,False,BEARISH,D1-20180828-BEARISH,2018-08-30 00:00:00,False,,False,True,False,True
,BLOCKED_BY_UNCERTIFIED_MACRO_BIAS,,2018-08-28 00:00:00,2018-08-29 00:00:00,2018-08-30 00:00:00,False,BEARISH,D1-20180829-BEARISH,2018-08-31 00:00:00,False,,False,True,False,True
,BLOCKED_BY_UNCERTIFIED_MACRO_BIAS,0.3035143769968063,2018-08-29 00:00:00,2018-08-30 00:00:00,2018-08-31 00:00:00,True,BEARISH,D1-20180830-BEARISH,2018-09-01 00:00:00,False,,False,True,False,True
,BLOCKED_BY_UNCERTIFIED_MACRO_BIAS,,2018-08-30 00:00:00,2018-08-31 00:00:00,2018-09-01 00:00:00,False,BEARISH,D1-20180831-BEARISH,2018-09-04 00:00:00,False,,False,True,False,True
,BLOCKED_BY_UNCERTIFIED_MACRO_BIAS,,2018-08-31 00:00:00,2018-09-03 00:00:00,2018-09-04 00:00:00,False,BEARISH,D1-20180903-BEARISH,2018-09-05 00:00:00,False,,False,True,False,True
,BLOCKED_BY_UNCERTIFIED_MACRO_BIAS,,2018-09-03 00:00:00,2018-09-04 00:00:00,2018-09-05 00:00:00,False,BEARISH,D1-20180904-BEARISH,2018-09-06 00:00:00,False,,False,True,False,True
,BLOCKED_BY_UNCERTIFIED_MACRO_BIAS,,2018-09-04 00:00:00,2018-09-05 00:00:00,2018-09-06 00:00:00,False,BEARISH,D1-20180905-BEARISH,2018-09-07 00:00:00,False,,False,True,False,True
,BLOCKED_BY_UNCERTIFIED_MACRO_BIAS,0.29833546734954464,2018-09-06 00:00:00,2018-09-07 00:00:00,2018-09-08 00:00:00,True,BULLISH,D1-20180907-BULLISH,2018-09-11 00:00:00,False,,False,True,False,False
,BLOCKED_BY_UNCERTIFIED_MACRO_BIAS,,2018-09-10 00:00:00,2018-09-11 00:00:00,2018-09-12 00:00:00,False,BEARISH,D1-20180911-BEARISH,2018-09-13 00:00:00,False,,False,True,False,True
,BLOCKED_BY_UNCERTIFIED_MACRO_BIAS,,2018-09-12 00:00:00,2018-09-13 00:00:00,2018-09-14 00:00:00,False,BEARISH,D1-20180913-BEARISH,2018-09-15 00:00:00,False,,False,True,False,True
2018-09-15 00:00:00,BLOCKED_BY_UNCERTIFIED_MACRO_BIAS,0.23487544483986184,2018-09-13 00:00:00,2018-09-14 00:00:00,2018-09-15 00:00:00,True,BEARISH,D1-20180914-BEARISH,2018-09-18 00:00:00,False,2018-09-14 08:00:00,True,True,False,True
,BLOCKED_BY_UNCERTIFIED_MACRO_BIAS,,2018-09-17 00:00:00,2018-09-18 00:00:00,2018-09-19 00:00:00,False,BEARISH,D1-20180918-BEARISH,2018-09-20 00:00:00,False,,False,True,False,True
,BLOCKED_BY_UNCERTIFIED_MACRO_BIAS,,2018-09-18 00:00:00,2018-09-19 00:00:00,2018-09-20 00:00:00,False,BEARISH,D1-20180919-BEARISH,2018-09-21 00:00:00,False,,False,True,False,True
,BLOCKED_BY_UNCERTIFIED_MACRO_BIAS,,2018-09-19 00:00:00,2018-09-20 00:00:00,2018-09-21 00:00:00,False,BEARISH,D1-20180920-BEARISH,2018-09-22 00:00:00,False,,False,True,False,True
,BLOCKED_BY_UNCERTIFIED_MACRO_BIAS,,2018-09-20 00:00:00,2018-09-21 00:00:00,2018-09-22 00:00:00,False,BEARISH,D1-20180921-BEARISH,2018-09-25 00:00:00,False,,False,True,False,True
,BLOCKED_BY_UNCERTIFIED_MACRO_BIAS,,2018-09-21 00:00:00,2018-09-24 00:00:00,2018-09-25 00:00:00,False,BEARISH,D1-20180924-BEARISH,2018-09-26 00:00:00,False,,False,True,False,True
,BLOCKED_BY_UNCERTIFIED_MACRO_BIAS,,2018-09-24 00:00:00,2018-09-25 00:00:00,2018-09-26 00:00:00,False,BEARISH,D1-20180925-BEARISH,2018-09-27 00:00:00,False,,False,True,False,True
,BLOCKED_BY_UNCERTIFIED_MACRO_BIAS,,2018-09-25 00:00:00,2018-09-26 00:00:00,2018-09-27 00:00:00,False,BEARISH,D1-20180926-BEARISH,2018-09-28 00:00:00,False,,False,True,False,True
,BLOCKED_BY_UNCERTIFIED_MACRO_BIAS,,2018-09-26 00:00:00,2018-09-27 00:00:00,2018-09-28 00:00:00,False,BEARISH,D1-20180927-BEARISH,2018-09-29 00:00:00,False,,False,True,False,True
,BLOCKED_BY_UNCERTIFIED_MACRO_BIAS,,2018-09-27 00:00:00,2018-09-28 00:00:00,2018-09-29 00:00:00,False,BEARISH,D1-20180928-BEARISH,2018-10-02 00:00:00,False,,False,True,False,True
,BLOCKED_BY_UNCERTIFIED_MACRO_BIAS,,2018-09-28 00:00:00,2018-10-01 00:00:00,2018-10-02 00:00:00,False,BEARISH,D1-20181001-BEARISH,2018-10-03 00:00:00,False,,False,True,False,True
,BLOCKED_BY_UNCERTIFIED_MACRO_BIAS,,2018-10-01 00:00:00,2018-10-02 00:00:00,2018-10-03 00:00:00,False,BEARISH,D1-20181002-BEARISH,2018-10-04 00:00:00,False,,False,True,False,True
,BLOCKED_BY_UNCERTIFIED_MACRO_BIAS,,2018-10-02 00:00:00,2018-10-03 00:00:00,2018-10-04 00:00:00,False,BEARISH,D1-20181003-BEARISH,2018-10-05 00:00:00,False,,False,True,False,True
,BLOCKED_BY_UNCERTIFIED_MACRO_BIAS,0.11313494099538313,2018-10-10 00:00:00,2018-10-11 00:00:00,2018-10-12 00:00:00,True,BULLISH,D1-20181011-BULLISH,2018-10-13 00:00:00,False,,False,True,False,True
,BLOCKED_BY_UNCERTIFIED_MACRO_BIAS,,2018-10-11 00:00:00,2018-10-12 00:00:00,2018-10-13 00:00:00,False,BULLISH,D1-20181012-BULLISH,2018-10-16 00:00:00,False,,False,True,False,True
,BLOCKED_BY_UNCERTIFIED_MACRO_BIAS,,2018-10-12 00:00:00,2018-10-15 00:00:00,2018-10-16 00:00:00,False,BULLISH,D1-20181015-BULLISH,2018-10-17 00:00:00,False,,False,True,False,True
,BLOCKED_BY_UNCERTIFIED_MACRO_BIAS,,2018-10-15 00:00:00,2018-10-16 00:00:00,2018-10-17 00:00:00,False,BULLISH,D1-20181016-BULLISH,2018-10-18 00:00:00,False,,False,True,False,True
,BLOCKED_BY_UNCERTIFIED_MACRO_BIAS,,2018-10-16 00:00:00,2018-10-17 00:00:00,2018-10-18 00:00:00,False,BULLISH,D1-20181017-BULLISH,2018-10-19 00:00:00,False,,False,True,False,True
,BLOCKED_BY_UNCERTIFIED_MACRO_BIAS,0.10080350620890956,2018-10-16 00:00:00,2018-10-17 00:00:00,2018-10-18 00:00:00,True,BEARISH,D1-20181017-BEARISH,2018-10-19 00:00:00,False,,False,True,False,False
,BLOCKED_BY_UNCERTIFIED_MACRO_BIAS,,2018-10-17 00:00:00,2018-10-18 00:00:00,2018-10-19 00:00:00,False,BULLISH,D1-20181018-BULLISH,2018-10-20 00:00:00,False,,False,True,False,True
,BLOCKED_BY_UNCERTIFIED_MACRO_BIAS,0.3207292370020249,2018-10-18 00:00:00,2018-10-19 00:00:00,2018-10-20 00:00:00,True,BULLISH,D1-20181019-BULLISH,2018-10-23 00:00:00,False,,False,True,False,True
,BLOCKED_BY_UNCERTIFIED_MACRO_BIAS,,2018-10-19 00:00:00,2018-10-22 00:00:00,2018-10-23 00:00:00,False,BULLISH,D1-20181022-BULLISH,2018-10-24 00:00:00,False,,False,True,False,True
,BLOCKED_BY_UNCERTIFIED_MACRO_BIAS,,2018-10-22 00:00:00,2018-10-23 00:00:00,2018-10-24 00:00:00,False,BULLISH,D1-20181023-BULLISH,2018-10-25 00:00:00,False,,False,True,False,True
,BLOCKED_BY_UNCERTIFIED_MACRO_BIAS,,2018-10-23 00:00:00,2018-10-24 00:00:00,2018-10-25 00:00:00,False,BULLISH,D1-20181024-BULLISH,2018-10-26 00:00:00,False,,False,True,False,True
,BLOCKED_BY_UNCERTIFIED_MACRO_BIAS,,2018-10-24 00:00:00,2018-10-25 00:00:00,2018-10-26 00:00:00,False,BULLISH,D1-20181025-BULLISH,2018-10-27 00:00:00,False,,False,True,False,True
,BLOCKED_BY_UNCERTIFIED_MACRO_BIAS,,2018-10-25 00:00:00,2018-10-26 00:00:00,2018-10-27 00:00:00,False,BULLISH,D1-20181026-BULLISH,2018-10-30 00:00:00,False,,False,True,False,True
,BLOCKED_BY_UNCERTIFIED_MACRO_BIAS,,2018-10-26 00:00:00,2018-10-29 00:00:00,2018-10-30 00:00:00,False,BULLISH,D1-20181029-BULLISH,2018-10-31 00:00:00,False,,False,True,False,True
,BLOCKED_BY_UNCERTIFIED_MACRO_BIAS,,2018-10-29 00:00:00,2018-10-30 00:00:00,2018-10-31 00:00:00,False,BULLISH,D1-20181030-BULLISH,2018-11-01 00:00:00,False,,False,True,False,True
,BLOCKED_BY_UNCERTIFIED_MACRO_BIAS,,2018-10-30 00:00:00,2018-10-31 00:00:00,2018-11-01 00:00:00,False,BULLISH,D1-20181031-BULLISH,2018-11-02 00:00:00,False,,False,True,False,True
,BLOCKED_BY_UNCERTIFIED_MACRO_BIAS,,2018-10-31 00:00:00,2018-11-01 00:00:00,2018-11-02 00:00:00,False,BULLISH,D1-20181101-BULLISH,2018-11-03 00:00:00,False,,False,True,False,True
,BLOCKED_BY_UNCERTIFIED_MACRO_BIAS,,2018-11-01 00:00:00,2018-11-02 00:00:00,2018-11-03 00:00:00,False,BULLISH,D1-20181102-BULLISH,2018-11-06 00:00:00,False,,False,True,False,True
,BLOCKED_BY_UNCERTIFIED_MACRO_BIAS,0.018433179723499407,2018-11-01 00:00:00,2018-11-02 00:00:00,2018-11-03 00:00:00,True,BEARISH,D1-20181102-BEARISH,2018-11-06 00:00:00,False,,False,True,False,False
,BLOCKED_BY_UNCERTIFIED_MACRO_BIAS,,2018-11-02 00:00:00,2018-11-05 00:00:00,2018-11-06 00:00:00,False,BULLISH,D1-20181105-BULLISH,2018-11-07 00:00:00,False,,False,True,False,True
,BLOCKED_BY_UNCERTIFIED_MACRO_BIAS,,2018-11-05 00:00:00,2018-11-06 00:00:00,2018-11-07 00:00:00,False,BULLISH,D1-20181106-BULLISH,2018-11-08 00:00:00,False,,False,True,False,True
,BLOCKED_BY_UNCERTIFIED_MACRO_BIAS,0.28884652049570736,2018-11-07 00:00:00,2018-11-08 00:00:00,2018-11-09 00:00:00,True,BEARISH,D1-20181108-BEARISH,2018-11-10 00:00:00,False,,False,True,False,False
,BLOCKED_BY_UNCERTIFIED_MACRO_BIAS,,2018-11-08 00:00:00,2018-11-09 00:00:00,2018-11-10 00:00:00,False,BULLISH,D1-20181109-BULLISH,2018-11-13 00:00:00,False,,False,True,False,True
,BLOCKED_BY_UNCERTIFIED_MACRO_BIAS,,2018-11-09 00:00:00,2018-11-12 00:00:00,2018-11-13 00:00:00,False,BULLISH,D1-20181112-BULLISH,2018-11-14 00:00:00,False,,False,True,False,True
,BLOCKED_BY_UNCERTIFIED_MACRO_BIAS,0.07859078590785908,2018-11-12 00:00:00,2018-11-13 00:00:00,2018-11-14 00:00:00,True,BULLISH,D1-20181113-BULLISH,2018-11-15 00:00:00,False,,False,True,False,True
,BLOCKED_BY_UNCERTIFIED_MACRO_BIAS,,2018-11-13 00:00:00,2018-11-14 00:00:00,2018-11-15 00:00:00,False,BULLISH,D1-20181114-BULLISH,2018-11-16 00:00:00,False,,False,True,False,True
,BLOCKED_BY_UNCERTIFIED_MACRO_BIAS,,2018-11-14 00:00:00,2018-11-15 00:00:00,2018-11-16 00:00:00,False,BULLISH,D1-20181115-BULLISH,2018-11-17 00:00:00,False,,False,True,False,True
,BLOCKED_BY_UNCERTIFIED_MACRO_BIAS,,2018-11-15 00:00:00,2018-11-16 00:00:00,2018-11-17 00:00:00,False,BULLISH,D1-20181116-BULLISH,2018-11-20 00:00:00,False,,False,True,False,True
,BLOCKED_BY_UNCERTIFIED_MACRO_BIAS,,2018-11-16 00:00:00,2018-11-19 00:00:00,2018-11-20 00:00:00,False,BULLISH,D1-20181119-BULLISH,2018-11-21 00:00:00,False,,False,True,False,True
,BLOCKED_BY_UNCERTIFIED_MACRO_BIAS,,2018-11-19 00:00:00,2018-11-20 00:00:00,2018-11-21 00:00:00,False,BULLISH,D1-20181120-BULLISH,2018-11-22 00:00:00,False,,False,True,False,True
,BLOCKED_BY_UNCERTIFIED_MACRO_BIAS,,2018-11-20 00:00:00,2018-11-21 00:00:00,2018-11-22 00:00:00,False,BULLISH,D1-20181121-BULLISH,2018-11-23 00:00:00,False,,False,True,False,True
,BLOCKED_BY_UNCERTIFIED_MACRO_BIAS,,2018-11-21 00:00:00,2018-11-22 00:00:00,2018-11-23 00:00:00,False,BULLISH,D1-20181122-BULLISH,2018-11-24 00:00:00,False,,False,True,False,True
,BLOCKED_BY_UNCERTIFIED_MACRO_BIAS,0.14897260273972385,2018-11-22 00:00:00,2018-11-23 00:00:00,2018-11-24 00:00:00,True,BULLISH,D1-20181123-BULLISH,2018-11-27 00:00:00,False,,False,True,False,True
,BLOCKED_BY_UNCERTIFIED_MACRO_BIAS,,2018-11-23 00:00:00,2018-11-26 00:00:00,2018-11-27 00:00:00,False,BULLISH,D1-20181126-BULLISH,2018-11-28 00:00:00,False,,False,True,False,True
,BLOCKED_BY_UNCERTIFIED_MACRO_BIAS,,2018-11-26 00:00:00,2018-11-27 00:00:00,2018-11-28 00:00:00,False,BULLISH,D1-20181127-BULLISH,2018-11-29 00:00:00,False,,False,True,False,True
,BLOCKED_BY_UNCERTIFIED_MACRO_BIAS,0.0005216484089742508,2018-11-28 00:00:00,2018-11-29 00:00:00,2018-11-30 00:00:00,True,BEARISH,D1-20181129-BEARISH,2018-12-01 00:00:00,False,,False,True,False,False
,BLOCKED_BY_UNCERTIFIED_MACRO_BIAS,,2018-12-03 00:00:00,2018-12-04 00:00:00,2018-12-05 00:00:00,False,BULLISH,D1-20181204-BULLISH,2018-12-06 00:00:00,False,,False,True,False,True
,BLOCKED_BY_UNCERTIFIED_MACRO_BIAS,,2018-12-05 00:00:00,2018-12-06 00:00:00,2018-12-07 00:00:00,False,BULLISH,D1-20181206-BULLISH,2018-12-08 00:00:00,False,,False,True,False,True
,BLOCKED_BY_UNCERTIFIED_MACRO_BIAS,,2018-12-06 00:00:00,2018-12-07 00:00:00,2018-12-08 00:00:00,False,BULLISH,D1-20181207-BULLISH,2018-12-11 00:00:00,False,,False,True,False,True
,BLOCKED_BY_UNCERTIFIED_MACRO_BIAS,,2018-12-07 00:00:00,2018-12-10 00:00:00,2018-12-11 00:00:00,False,BULLISH,D1-20181210-BULLISH,2018-12-12 00:00:00,False,,False,True,False,True
,BLOCKED_BY_UNCERTIFIED_MACRO_BIAS,,2018-12-10 00:00:00,2018-12-11 00:00:00,2018-12-12 00:00:00,False,BULLISH,D1-20181211-BULLISH,2018-12-13 00:00:00,False,,False,True,False,True
,BLOCKED_BY_UNCERTIFIED_MACRO_BIAS,0.07379375591296305,2018-12-10 00:00:00,2018-12-11 00:00:00,2018-12-12 00:00:00,True,BEARISH,D1-20181211-BEARISH,2018-12-13 00:00:00,False,,False,True,False,False
,BLOCKED_BY_UNCERTIFIED_MACRO_BIAS,,2018-12-11 00:00:00,2018-12-12 00:00:00,2018-12-13 00:00:00,False,BULLISH,D1-20181212-BULLISH,2018-12-14 00:00:00,False,,False,True,False,True
,BLOCKED_BY_UNCERTIFIED_MACRO_BIAS,,2018-12-12 00:00:00,2018-12-13 00:00:00,2018-12-14 00:00:00,False,BULLISH,D1-20181213-BULLISH,2018-12-15 00:00:00,False,,False,True,False,True
,BLOCKED_BY_UNCERTIFIED_MACRO_BIAS,,2018-12-13 00:00:00,2018-12-14 00:00:00,2018-12-15 00:00:00,False,BULLISH,D1-20181214-BULLISH,2018-12-18 00:00:00,False,,False,True,False,True
,BLOCKED_BY_UNCERTIFIED_MACRO_BIAS,,2018-12-14 00:00:00,2018-12-17 00:00:00,2018-12-18 00:00:00,False,BULLISH,D1-20181217-BULLISH,2018-12-19 00:00:00,False,,False,True,False,True
,BLOCKED_BY_UNCERTIFIED_MACRO_BIAS,,2018-12-17 00:00:00,2018-12-18 00:00:00,2018-12-19 00:00:00,False,BULLISH,D1-20181218-BULLISH,2018-12-20 00:00:00,False,,False,True,False,True
,BLOCKED_BY_UNCERTIFIED_MACRO_BIAS,,2018-12-18 00:00:00,2018-12-19 00:00:00,2018-12-20 00:00:00,False,BULLISH,D1-20181219-BULLISH,2018-12-21 00:00:00,False,,False,True,False,True
,BLOCKED_BY_UNCERTIFIED_MACRO_BIAS,0.22057460611677723,2018-12-19 00:00:00,2018-12-20 00:00:00,2018-12-21 00:00:00,True,BULLISH,D1-20181220-BULLISH,2018-12-22 00:00:00,False,,False,True,False,True
,BLOCKED_BY_UNCERTIFIED_MACRO_BIAS,,2018-12-20 00:00:00,2018-12-21 00:00:00,2018-12-22 00:00:00,False,BULLISH,D1-20181221-BULLISH,2018-12-25 00:00:00,False,,False,True,False,True
,BLOCKED_BY_UNCERTIFIED_MACRO_BIAS,,2018-12-21 00:00:00,2018-12-24 00:00:00,2018-12-25 00:00:00,False,BULLISH,D1-20181224-BULLISH,2018-12-28 00:00:00,False,,False,True,False,True
,BLOCKED_BY_UNCERTIFIED_MACRO_BIAS,,2018-12-24 00:00:00,2018-12-27 00:00:00,2018-12-28 00:00:00,False,BULLISH,D1-20181227-BULLISH,2018-12-29 00:00:00,False,,False,True,False,True
,BLOCKED_BY_UNCERTIFIED_MACRO_BIAS,,2018-12-27 00:00:00,2018-12-28 00:00:00,2018-12-29 00:00:00,False,BULLISH,D1-20181228-BULLISH,2019-01-01 00:00:00,False,,False,True,False,True
,BLOCKED_BY_UNCERTIFIED_MACRO_BIAS,0.48076923076923356,2018-12-27 00:00:00,2018-12-28 00:00:00,2018-12-29 00:00:00,True,BEARISH,D1-20181228-BEARISH,2019-01-01 00:00:00,False,,False,True,False,False
,BLOCKED_BY_UNCERTIFIED_MACRO_BIAS,,2018-12-28 00:00:00,2018-12-31 00:00:00,2019-01-01 00:00:00,False,BULLISH,D1-20181231-BULLISH,2019-01-03 00:00:00,False,,False,True,False,True
,BLOCKED_BY_UNCERTIFIED_MACRO_BIAS,,2018-12-31 00:00:00,2019-01-02 00:00:00,2019-01-03 00:00:00,False,BULLISH,D1-20190102-BULLISH,2019-01-04 00:00:00,False,,False,True,False,True
,BLOCKED_BY_UNCERTIFIED_MACRO_BIAS,,2019-01-02 00:00:00,2019-01-03 00:00:00,2019-01-04 00:00:00,False,BULLISH,D1-20190103-BULLISH,2019-01-05 00:00:00,False,,False,True,False,True
,BLOCKED_BY_UNCERTIFIED_MACRO_BIAS,0.01564828614009215,2019-01-15 00:00:00,2019-01-16 00:00:00,2019-01-17 00:00:00,True,BEARISH,D1-20190116-BEARISH,2019-01-18 00:00:00,False,,False,True,False,False
,BLOCKED_BY_UNCERTIFIED_MACRO_BIAS,0.25235602094241216,2019-01-22 00:00:00,2019-01-23 00:00:00,2019-01-24 00:00:00,True,BULLISH,D1-20190123-BULLISH,2019-01-25 00:00:00,False,,False,True,False,False
,BLOCKED_BY_UNCERTIFIED_MACRO_BIAS,0.1401752190237765,2019-01-28 00:00:00,2019-01-29 00:00:00,2019-01-30 00:00:00,True,BULLISH,D1-20190129-BULLISH,2019-01-31 00:00:00,False,,False,True,False,False
,BLOCKED_BY_UNCERTIFIED_MACRO_BIAS,,2019-01-31 00:00:00,2019-02-01 00:00:00,2019-02-02 00:00:00,False,BEARISH,D1-20190201-BEARISH,2019-02-05 00:00:00,False,,False,True,False,True
,BLOCKED_BY_UNCERTIFIED_MACRO_BIAS,,2019-02-01 00:00:00,2019-02-04 00:00:00,2019-02-05 00:00:00,False,BEARISH,D1-20190204-BEARISH,2019-02-06 00:00:00,False,,False,True,False,True
,BLOCKED_BY_UNCERTIFIED_MACRO_BIAS,,2019-02-04 00:00:00,2019-02-05 00:00:00,2019-02-06 00:00:00,False,BEARISH,D1-20190205-BEARISH,2019-02-07 00:00:00,False,,False,True,False,True
,BLOCKED_BY_UNCERTIFIED_MACRO_BIAS,0.2177121771217685,2019-02-05 00:00:00,2019-02-06 00:00:00,2019-02-07 00:00:00,True,BEARISH,D1-20190206-BEARISH,2019-02-08 00:00:00,False,,False,True,False,True
,BLOCKED_BY_UNCERTIFIED_MACRO_BIAS,,2019-02-06 00:00:00,2019-02-07 00:00:00,2019-02-08 00:00:00,False,BEARISH,D1-20190207-BEARISH,2019-02-09 00:00:00,False,,False,True,False,True
,BLOCKED_BY_UNCERTIFIED_MACRO_BIAS,0.36226415094339853,2019-02-07 00:00:00,2019-02-08 00:00:00,2019-02-09 00:00:00,True,BULLISH,D1-20190208-BULLISH,2019-02-12 00:00:00,False,,False,True,False,False
,BLOCKED_BY_UNCERTIFIED_MACRO_BIAS,,2019-02-07 00:00:00,2019-02-08 00:00:00,2019-02-09 00:00:00,False,BEARISH,D1-20190208-BEARISH,2019-02-12 00:00:00,False,,False,True,False,True
,BLOCKED_BY_UNCERTIFIED_MACRO_BIAS,0.4652777777777938,2019-02-08 00:00:00,2019-02-11 00:00:00,2019-02-12 00:00:00,True,BEARISH,D1-20190211-BEARISH,2019-02-13 00:00:00,False,,False,True,False,True
,BLOCKED_BY_UNCERTIFIED_MACRO_BIAS,,2019-02-11 00:00:00,2019-02-12 00:00:00,2019-02-13 00:00:00,False,BEARISH,D1-20190212-BEARISH,2019-02-14 00:00:00,False,,False,True,False,True
,BLOCKED_BY_UNCERTIFIED_MACRO_BIAS,0.0797227036395134,2019-02-12 00:00:00,2019-02-13 00:00:00,2019-02-14 00:00:00,True,BEARISH,D1-20190213-BEARISH,2019-02-15 00:00:00,False,,False,True,False,True
,BLOCKED_BY_UNCERTIFIED_MACRO_BIAS,,2019-02-13 00:00:00,2019-02-14 00:00:00,2019-02-15 00:00:00,False,BEARISH,D1-20190214-BEARISH,2019-02-16 00:00:00,False,,False,True,False,True
,BLOCKED_BY_UNCERTIFIED_MACRO_BIAS,,2019-02-14 00:00:00,2019-02-15 00:00:00,2019-02-16 00:00:00,False,BEARISH,D1-20190215-BEARISH,2019-02-19 00:00:00,False,,False,True,False,True
,BLOCKED_BY_UNCERTIFIED_MACRO_BIAS,,2019-02-15 00:00:00,2019-02-18 00:00:00,2019-02-19 00:00:00,False,BEARISH,D1-20190218-BEARISH,2019-02-20 00:00:00,False,,False,True,False,True
2019-02-20 00:00:00,BLOCKED_BY_UNCERTIFIED_MACRO_BIAS,0.2650000000000091,2019-02-18 00:00:00,2019-02-19 00:00:00,2019-02-20 00:00:00,True,BEARISH,D1-20190219-BEARISH,2019-02-21 00:00:00,False,2019-02-20 00:00:00,True,True,False,True
,BLOCKED_BY_UNCERTIFIED_MACRO_BIAS,,2019-02-19 00:00:00,2019-02-20 00:00:00,2019-02-21 00:00:00,False,BEARISH,D1-20190220-BEARISH,2019-02-22 00:00:00,False,,False,True,False,True
,BLOCKED_BY_UNCERTIFIED_MACRO_BIAS,,2019-02-20 00:00:00,2019-02-21 00:00:00,2019-02-22 00:00:00,False,BEARISH,D1-20190221-BEARISH,2019-02-23 00:00:00,False,,False,True,False,True
,BLOCKED_BY_UNCERTIFIED_MACRO_BIAS,,2019-02-21 00:00:00,2019-02-22 00:00:00,2019-02-23 00:00:00,False,BEARISH,D1-20190222-BEARISH,2019-02-26 00:00:00,False,,False,True,False,True
,BLOCKED_BY_UNCERTIFIED_MACRO_BIAS,,2019-02-22 00:00:00,2019-02-25 00:00:00,2019-02-26 00:00:00,False,BEARISH,D1-20190225-BEARISH,2019-02-27 00:00:00,False,,False,True,False,True
,BLOCKED_BY_UNCERTIFIED_MACRO_BIAS,,2019-02-25 00:00:00,2019-02-26 00:00:00,2019-02-27 00:00:00,False,BEARISH,D1-20190226-BEARISH,2019-02-28 00:00:00,False,,False,True,False,True
,BLOCKED_BY_UNCERTIFIED_MACRO_BIAS,,2019-02-26 00:00:00,2019-02-27 00:00:00,2019-02-28 00:00:00,False,BEARISH,D1-20190227-BEARISH,2019-03-01 00:00:00,False,,False,True,False,True
,BLOCKED_BY_UNCERTIFIED_MACRO_BIAS,,2019-02-27 00:00:00,2019-02-28 00:00:00,2019-03-01 00:00:00,False,BEARISH,D1-20190228-BEARISH,2019-03-02 00:00:00,False,,False,True,False,True
,BLOCKED_BY_UNCERTIFIED_MACRO_BIAS,,2019-02-28 00:00:00,2019-03-01 00:00:00,2019-03-02 00:00:00,False,BEARISH,D1-20190301-BEARISH,2019-03-05 00:00:00,False,,False,True,False,True
,BLOCKED_BY_UNCERTIFIED_MACRO_BIAS,,2019-03-01 00:00:00,2019-03-04 00:00:00,2019-03-05 00:00:00,False,BEARISH,D1-20190304-BEARISH,2019-03-06 00:00:00,False,,False,True,False,True
,BLOCKED_BY_UNCERTIFIED_MACRO_BIAS,,2019-03-04 00:00:00,2019-03-05 00:00:00,2019-03-06 00:00:00,False,BEARISH,D1-20190305-BEARISH,2019-03-07 00:00:00,False,,False,True,False,True
,BLOCKED_BY_UNCERTIFIED_MACRO_BIAS,,2019-03-05 00:00:00,2019-03-06 00:00:00,2019-03-07 00:00:00,False,BEARISH,D1-20190306-BEARISH,2019-03-08 00:00:00,False,,False,True,False,True
,BLOCKED_BY_UNCERTIFIED_MACRO_BIAS,0.08217446270543578,2019-03-07 00:00:00,2019-03-08 00:00:00,2019-03-09 00:00:00,True,BULLISH,D1-20190308-BULLISH,2019-03-12 00:00:00,False,,False,True,False,False
,BLOCKED_BY_UNCERTIFIED_MACRO_BIAS,,2019-03-08 00:00:00,2019-03-11 00:00:00,2019-03-12 00:00:00,False,BEARISH,D1-20190311-BEARISH,2019-03-13 00:00:00,False,,False,True,False,True
,BLOCKED_BY_UNCERTIFIED_MACRO_BIAS,,2019-03-11 00:00:00,2019-03-12 00:00:00,2019-03-13 00:00:00,False,BEARISH,D1-20190312-BEARISH,2019-03-14 00:00:00,False,,False,True,False,True
,BLOCKED_BY_UNCERTIFIED_MACRO_BIAS,,2019-03-12 00:00:00,2019-03-13 00:00:00,2019-03-14 00:00:00,False,BEARISH,D1-20190313-BEARISH,2019-03-15 00:00:00,False,,False,True,False,True
,BLOCKED_BY_UNCERTIFIED_MACRO_BIAS,,2019-03-13 00:00:00,2019-03-14 00:00:00,2019-03-15 00:00:00,False,BEARISH,D1-20190314-BEARISH,2019-03-16 00:00:00,False,,False,True,False,True
,BLOCKED_BY_UNCERTIFIED_MACRO_BIAS,,2019-03-14 00:00:00,2019-03-15 00:00:00,2019-03-16 00:00:00,False,BEARISH,D1-20190315-BEARISH,2019-03-19 00:00:00,False,,False,True,False,True
,BLOCKED_BY_UNCERTIFIED_MACRO_BIAS,,2019-03-15 00:00:00,2019-03-18 00:00:00,2019-03-19 00:00:00,False,BEARISH,D1-20190318-BEARISH,2019-03-20 00:00:00,False,,False,True,False,True
,BLOCKED_BY_UNCERTIFIED_MACRO_BIAS,,2019-03-18 00:00:00,2019-03-19 00:00:00,2019-03-20 00:00:00,False,BEARISH,D1-20190319-BEARISH,2019-03-21 00:00:00,False,,False,True,False,True
,BLOCKED_BY_UNCERTIFIED_MACRO_BIAS,,2019-03-19 00:00:00,2019-03-20 00:00:00,2019-03-21 00:00:00,False,BEARISH,D1-20190320-BEARISH,2019-03-22 00:00:00,False,,False,True,False,True
,BLOCKED_BY_UNCERTIFIED_MACRO_BIAS,,2019-03-20 00:00:00,2019-03-21 00:00:00,2019-03-22 00:00:00,False,BEARISH,D1-20190321-BEARISH,2019-03-23 00:00:00,False,,False,True,False,True
,BLOCKED_BY_UNCERTIFIED_MACRO_BIAS,,2019-03-21 00:00:00,2019-03-22 00:00:00,2019-03-23 00:00:00,False,BEARISH,D1-20190322-BEARISH,2019-03-26 00:00:00,False,,False,True,False,True
,BLOCKED_BY_UNCERTIFIED_MACRO_BIAS,0.08843537414966109,2019-03-22 00:00:00,2019-03-25 00:00:00,2019-03-26 00:00:00,True,BULLISH,D1-20190325-BULLISH,2019-03-27 00:00:00,False,,False,True,False,False
,BLOCKED_BY_UNCERTIFIED_MACRO_BIAS,,2019-03-22 00:00:00,2019-03-25 00:00:00,2019-03-26 00:00:00,False,BEARISH,D1-20190325-BEARISH,2019-03-27 00:00:00,False,,False,True,False,True
,BLOCKED_BY_UNCERTIFIED_MACRO_BIAS,,2019-03-25 00:00:00,2019-03-26 00:00:00,2019-03-27 00:00:00,False,BEARISH,D1-20190326-BEARISH,2019-03-28 00:00:00,False,,False,True,False,True
,BLOCKED_BY_UNCERTIFIED_MACRO_BIAS,,2019-03-26 00:00:00,2019-03-27 00:00:00,2019-03-28 00:00:00,False,BEARISH,D1-20190327-BEARISH,2019-03-29 00:00:00,False,,False,True,False,True
,BLOCKED_BY_UNCERTIFIED_MACRO_BIAS,,2019-03-27 00:00:00,2019-03-28 00:00:00,2019-03-29 00:00:00,False,BEARISH,D1-20190328-BEARISH,2019-03-30 00:00:00,False,,False,True,False,True
,BLOCKED_BY_UNCERTIFIED_MACRO_BIAS,,2019-03-28 00:00:00,2019-03-29 00:00:00,2019-03-30 00:00:00,False,BEARISH,D1-20190329-BEARISH,2019-04-02 00:00:00,False,,False,True,False,True
,BLOCKED_BY_UNCERTIFIED_MACRO_BIAS,,2019-03-29 00:00:00,2019-04-01 00:00:00,2019-04-02 00:00:00,False,BEARISH,D1-20190401-BEARISH,2019-04-03 00:00:00,False,,False,True,False,True
,BLOCKED_BY_UNCERTIFIED_MACRO_BIAS,,2019-04-01 00:00:00,2019-04-02 00:00:00,2019-04-03 00:00:00,False,BEARISH,D1-20190402-BEARISH,2019-04-04 00:00:00,False,,False,True,False,True
,BLOCKED_BY_UNCERTIFIED_MACRO_BIAS,,2019-04-02 00:00:00,2019-04-03 00:00:00,2019-04-04 00:00:00,False,BEARISH,D1-20190403-BEARISH,2019-04-05 00:00:00,False,,False,True,False,True
,BLOCKED_BY_UNCERTIFIED_MACRO_BIAS,,2019-04-03 00:00:00,2019-04-04 00:00:00,2019-04-05 00:00:00,False,BEARISH,D1-20190404-BEARISH,2019-04-06 00:00:00,False,,False,True,False,True
,BLOCKED_BY_UNCERTIFIED_MACRO_BIAS,,2019-04-04 00:00:00,2019-04-05 00:00:00,2019-04-06 00:00:00,False,BEARISH,D1-20190405-BEARISH,2019-04-09 00:00:00,False,,False,True,False,True
,BLOCKED_BY_UNCERTIFIED_MACRO_BIAS,,2019-04-05 00:00:00,2019-04-08 00:00:00,2019-04-09 00:00:00,False,BEARISH,D1-20190408-BEARISH,2019-04-10 00:00:00,False,,False,True,False,True
,BLOCKED_BY_UNCERTIFIED_MACRO_BIAS,,2019-04-08 00:00:00,2019-04-09 00:00:00,2019-04-10 00:00:00,False,BEARISH,D1-20190409-BEARISH,2019-04-11 00:00:00,False,,False,True,False,True
,BLOCKED_BY_UNCERTIFIED_MACRO_BIAS,,2019-04-09 00:00:00,2019-04-10 00:00:00,2019-04-11 00:00:00,False,BEARISH,D1-20190410-BEARISH,2019-04-12 00:00:00,False,,False,True,False,True
2019-04-12 08:00:00,BLOCKED_BY_UNCERTIFIED_MACRO_BIAS,0.3414211438474849,2019-04-10 00:00:00,2019-04-11 00:00:00,2019-04-12 00:00:00,True,BEARISH,D1-20190411-BEARISH,2019-04-13 00:00:00,False,2019-04-12 08:00:00,True,True,False,True
,BLOCKED_BY_UNCERTIFIED_MACRO_BIAS,,2019-04-11 00:00:00,2019-04-12 00:00:00,2019-04-13 00:00:00,False,BEARISH,D1-20190412-BEARISH,2019-04-16 00:00:00,False,,False,True,False,True
,BLOCKED_BY_UNCERTIFIED_MACRO_BIAS,,2019-04-12 00:00:00,2019-04-15 00:00:00,2019-04-16 00:00:00,False,BEARISH,D1-20190415-BEARISH,2019-04-17 00:00:00,False,,False,True,False,True
,BLOCKED_BY_UNCERTIFIED_MACRO_BIAS,,2019-04-15 00:00:00,2019-04-16 00:00:00,2019-04-17 00:00:00,False,BEARISH,D1-20190416-BEARISH,2019-04-18 00:00:00,False,,False,True,False,True
,BLOCKED_BY_UNCERTIFIED_MACRO_BIAS,,2019-04-16 00:00:00,2019-04-17 00:00:00,2019-04-18 00:00:00,False,BEARISH,D1-20190417-BEARISH,2019-04-19 00:00:00,False,,False,True,False,True
,BLOCKED_BY_UNCERTIFIED_MACRO_BIAS,,2019-04-17 00:00:00,2019-04-18 00:00:00,2019-04-19 00:00:00,False,BEARISH,D1-20190418-BEARISH,2019-04-23 00:00:00,False,,False,True,False,True
,BLOCKED_BY_UNCERTIFIED_MACRO_BIAS,,2019-04-18 00:00:00,2019-04-22 00:00:00,2019-04-23 00:00:00,False,BEARISH,D1-20190422-BEARISH,2019-04-24 00:00:00,False,,False,True,False,True
,BLOCKED_BY_UNCERTIFIED_MACRO_BIAS,,2019-04-22 00:00:00,2019-04-23 00:00:00,2019-04-24 00:00:00,False,BEARISH,D1-20190423-BEARISH,2019-04-25 00:00:00,False,,False,True,False,True
,BLOCKED_BY_UNCERTIFIED_MACRO_BIAS,0.112315270935957,2019-04-23 00:00:00,2019-04-24 00:00:00,2019-04-25 00:00:00,True,BEARISH,D1-20190424-BEARISH,2019-04-26 00:00:00,False,,False,True,False,True
,BLOCKED_BY_UNCERTIFIED_MACRO_BIAS,,2019-04-24 00:00:00,2019-04-25 00:00:00,2019-04-26 00:00:00,False,BEARISH,D1-20190425-BEARISH,2019-04-27 00:00:00,False,,False,True,False,True
,BLOCKED_BY_UNCERTIFIED_MACRO_BIAS,,2019-04-25 00:00:00,2019-04-26 00:00:00,2019-04-27 00:00:00,False,BEARISH,D1-20190426-BEARISH,2019-04-30 00:00:00,False,,False,True,False,True
,BLOCKED_BY_UNCERTIFIED_MACRO_BIAS,,2019-04-26 00:00:00,2019-04-29 00:00:00,2019-04-30 00:00:00,False,BEARISH,D1-20190429-BEARISH,2019-05-01 00:00:00,False,,False,True,False,True
,BLOCKED_BY_UNCERTIFIED_MACRO_BIAS,,2019-04-29 00:00:00,2019-04-30 00:00:00,2019-05-01 00:00:00,False,BEARISH,D1-20190430-BEARISH,2019-05-02 00:00:00,False,,False,True,False,True
,BLOCKED_BY_UNCERTIFIED_MACRO_BIAS,,2019-04-30 00:00:00,2019-05-01 00:00:00,2019-05-02 00:00:00,False,BEARISH,D1-20190501-BEARISH,2019-05-03 00:00:00,False,,False,True,False,True
,BLOCKED_BY_UNCERTIFIED_MACRO_BIAS,0.02759889604415805,2019-05-01 00:00:00,2019-05-02 00:00:00,2019-05-03 00:00:00,True,BULLISH,D1-20190502-BULLISH,2019-05-04 00:00:00,False,,False,True,False,False
,BLOCKED_BY_UNCERTIFIED_MACRO_BIAS,,2019-05-01 00:00:00,2019-05-02 00:00:00,2019-05-03 00:00:00,False,BEARISH,D1-20190502-BEARISH,2019-05-04 00:00:00,False,,False,True,False,True
,BLOCKED_BY_UNCERTIFIED_MACRO_BIAS,,2019-05-02 00:00:00,2019-05-03 00:00:00,2019-05-04 00:00:00,False,BEARISH,D1-20190503-BEARISH,2019-05-07 00:00:00,False,,False,True,False,True
,BLOCKED_BY_UNCERTIFIED_MACRO_BIAS,,2019-05-03 00:00:00,2019-05-06 00:00:00,2019-05-07 00:00:00,False,BEARISH,D1-20190506-BEARISH,2019-05-08 00:00:00,False,,False,True,False,True
,BLOCKED_BY_UNCERTIFIED_MACRO_BIAS,,2019-05-28 00:00:00,2019-05-29 00:00:00,2019-05-30 00:00:00,False,BULLISH,D1-20190529-BULLISH,2019-05-31 00:00:00,False,,False,True,False,True
,BLOCKED_BY_UNCERTIFIED_MACRO_BIAS,,2019-05-29 00:00:00,2019-05-30 00:00:00,2019-05-31 00:00:00,False,BULLISH,D1-20190530-BULLISH,2019-06-01 00:00:00,False,,False,True,False,True
,BLOCKED_BY_UNCERTIFIED_MACRO_BIAS,,2019-05-30 00:00:00,2019-05-31 00:00:00,2019-06-01 00:00:00,False,BULLISH,D1-20190531-BULLISH,2019-06-04 00:00:00,False,,False,True,False,True
,BLOCKED_BY_UNCERTIFIED_MACRO_BIAS,,2019-05-31 00:00:00,2019-06-03 00:00:00,2019-06-04 00:00:00,False,BULLISH,D1-20190603-BULLISH,2019-06-05 00:00:00,False,,False,True,False,True
,BLOCKED_BY_UNCERTIFIED_MACRO_BIAS,,2019-06-03 00:00:00,2019-06-04 00:00:00,2019-06-05 00:00:00,False,BULLISH,D1-20190604-BULLISH,2019-06-06 00:00:00,False,,False,True,False,True
,BLOCKED_BY_UNCERTIFIED_MACRO_BIAS,,2019-06-04 00:00:00,2019-06-05 00:00:00,2019-06-06 00:00:00,False,BULLISH,D1-20190605-BULLISH,2019-06-07 00:00:00,False,,False,True,False,True
,BLOCKED_BY_UNCERTIFIED_MACRO_BIAS,,2019-06-05 00:00:00,2019-06-06 00:00:00,2019-06-07 00:00:00,False,BULLISH,D1-20190606-BULLISH,2019-06-08 00:00:00,False,,False,True,False,True
,BLOCKED_BY_UNCERTIFIED_MACRO_BIAS,0.21088435374149897,2019-06-10 00:00:00,2019-06-11 00:00:00,2019-06-12 00:00:00,True,BEARISH,D1-20190611-BEARISH,2019-06-13 00:00:00,False,,False,True,False,False
,BLOCKED_BY_UNCERTIFIED_MACRO_BIAS,,2019-06-17 00:00:00,2019-06-18 00:00:00,2019-06-19 00:00:00,False,BEARISH,D1-20190618-BEARISH,2019-06-20 00:00:00,False,,False,True,False,True
,BLOCKED_BY_UNCERTIFIED_MACRO_BIAS,,2019-06-18 00:00:00,2019-06-19 00:00:00,2019-06-20 00:00:00,False,BEARISH,D1-20190619-BEARISH,2019-06-21 00:00:00,False,,False,True,False,True
,BLOCKED_BY_UNCERTIFIED_MACRO_BIAS,,2019-06-19 00:00:00,2019-06-20 00:00:00,2019-06-21 00:00:00,False,BEARISH,D1-20190620-BEARISH,2019-06-22 00:00:00,False,,False,True,False,True
,BLOCKED_BY_UNCERTIFIED_MACRO_BIAS,,2019-06-20 00:00:00,2019-06-21 00:00:00,2019-06-22 00:00:00,False,BEARISH,D1-20190621-BEARISH,2019-06-25 00:00:00,False,,False,True,False,True
,BLOCKED_BY_UNCERTIFIED_MACRO_BIAS,,2019-06-21 00:00:00,2019-06-24 00:00:00,2019-06-25 00:00:00,False,BEARISH,D1-20190624-BEARISH,2019-06-26 00:00:00,False,,False,True,False,True
,BLOCKED_BY_UNCERTIFIED_MACRO_BIAS,,2019-06-24 00:00:00,2019-06-25 00:00:00,2019-06-26 00:00:00,False,BEARISH,D1-20190625-BEARISH,2019-06-27 00:00:00,False,,False,True,False,True
,BLOCKED_BY_UNCERTIFIED_MACRO_BIAS,,2019-06-25 00:00:00,2019-06-26 00:00:00,2019-06-27 00:00:00,False,BEARISH,D1-20190626-BEARISH,2019-06-28 00:00:00,False,,False,True,False,True
,BLOCKED_BY_UNCERTIFIED_MACRO_BIAS,,2019-06-26 00:00:00,2019-06-27 00:00:00,2019-06-28 00:00:00,False,BEARISH,D1-20190627-BEARISH,2019-06-29 00:00:00,False,,False,True,False,True
,BLOCKED_BY_UNCERTIFIED_MACRO_BIAS,,2019-06-27 00:00:00,2019-06-28 00:00:00,2019-06-29 00:00:00,False,BEARISH,D1-20190628-BEARISH,2019-07-02 00:00:00,False,,False,True,False,True
,BLOCKED_BY_UNCERTIFIED_MACRO_BIAS,,2019-06-28 00:00:00,2019-07-01 00:00:00,2019-07-02 00:00:00,False,BEARISH,D1-20190701-BEARISH,2019-07-03 00:00:00,False,,False,True,False,True
,BLOCKED_BY_UNCERTIFIED_MACRO_BIAS,,2019-07-01 00:00:00,2019-07-02 00:00:00,2019-07-03 00:00:00,False,BEARISH,D1-20190702-BEARISH,2019-07-04 00:00:00,False,,False,True,False,True
,BLOCKED_BY_UNCERTIFIED_MACRO_BIAS,,2019-07-02 00:00:00,2019-07-03 00:00:00,2019-07-04 00:00:00,False,BEARISH,D1-20190703-BEARISH,2019-07-05 00:00:00,False,,False,True,False,True
,BLOCKED_BY_UNCERTIFIED_MACRO_BIAS,,2019-07-03 00:00:00,2019-07-04 00:00:00,2019-07-05 00:00:00,False,BEARISH,D1-20190704-BEARISH,2019-07-06 00:00:00,False,,False,True,False,True
,BLOCKED_BY_UNCERTIFIED_MACRO_BIAS,,2019-07-04 00:00:00,2019-07-05 00:00:00,2019-07-06 00:00:00,False,BEARISH,D1-20190705-BEARISH,2019-07-09 00:00:00,False,,False,True,False,True
,BLOCKED_BY_UNCERTIFIED_MACRO_BIAS,,2019-07-05 00:00:00,2019-07-08 00:00:00,2019-07-09 00:00:00,False,BEARISH,D1-20190708-BEARISH,2019-07-10 00:00:00,False,,False,True,False,True
,BLOCKED_BY_UNCERTIFIED_MACRO_BIAS,,2019-07-08 00:00:00,2019-07-09 00:00:00,2019-07-10 00:00:00,False,BEARISH,D1-20190709-BEARISH,2019-07-11 00:00:00,False,,False,True,False,True
,BLOCKED_BY_UNCERTIFIED_MACRO_BIAS,,2019-07-09 00:00:00,2019-07-10 00:00:00,2019-07-11 00:00:00,False,BEARISH,D1-20190710-BEARISH,2019-07-12 00:00:00,False,,False,True,False,True
2019-07-12 08:00:00,BLOCKED_BY_UNCERTIFIED_MACRO_BIAS,0.10259740259740968,2019-07-10 00:00:00,2019-07-11 00:00:00,2019-07-12 00:00:00,True,BEARISH,D1-20190711-BEARISH,2019-07-13 00:00:00,False,2019-07-12 08:00:00,True,True,False,True
,BLOCKED_BY_UNCERTIFIED_MACRO_BIAS,,2019-07-11 00:00:00,2019-07-12 00:00:00,2019-07-13 00:00:00,False,BEARISH,D1-20190712-BEARISH,2019-07-16 00:00:00,False,,False,True,False,True
,BLOCKED_BY_UNCERTIFIED_MACRO_BIAS,,2019-07-12 00:00:00,2019-07-15 00:00:00,2019-07-16 00:00:00,False,BEARISH,D1-20190715-BEARISH,2019-07-17 00:00:00,False,,False,True,False,True
,BLOCKED_BY_UNCERTIFIED_MACRO_BIAS,,2019-07-15 00:00:00,2019-07-16 00:00:00,2019-07-17 00:00:00,False,BEARISH,D1-20190716-BEARISH,2019-07-18 00:00:00,False,,False,True,False,True
,BLOCKED_BY_UNCERTIFIED_MACRO_BIAS,,2019-07-16 00:00:00,2019-07-17 00:00:00,2019-07-18 00:00:00,False,BEARISH,D1-20190717-BEARISH,2019-07-19 00:00:00,False,,False,True,False,True
,BLOCKED_BY_UNCERTIFIED_MACRO_BIAS,,2019-07-17 00:00:00,2019-07-18 00:00:00,2019-07-19 00:00:00,False,BEARISH,D1-20190718-BEARISH,2019-07-20 00:00:00,False,,False,True,False,True
,BLOCKED_BY_UNCERTIFIED_MACRO_BIAS,,2019-07-18 00:00:00,2019-07-19 00:00:00,2019-07-20 00:00:00,False,BEARISH,D1-20190719-BEARISH,2019-07-23 00:00:00,False,,False,True,False,True
,BLOCKED_BY_UNCERTIFIED_MACRO_BIAS,,2019-07-19 00:00:00,2019-07-22 00:00:00,2019-07-23 00:00:00,False,BEARISH,D1-20190722-BEARISH,2019-07-24 00:00:00,False,,False,True,False,True
,BLOCKED_BY_UNCERTIFIED_MACRO_BIAS,,2019-07-22 00:00:00,2019-07-23 00:00:00,2019-07-24 00:00:00,False,BEARISH,D1-20190723-BEARISH,2019-07-25 00:00:00,False,,False,True,False,True
,BLOCKED_BY_UNCERTIFIED_MACRO_BIAS,,2019-07-23 00:00:00,2019-07-24 00:00:00,2019-07-25 00:00:00,False,BEARISH,D1-20190724-BEARISH,2019-07-26 00:00:00,False,,False,True,False,True
,BLOCKED_BY_UNCERTIFIED_MACRO_BIAS,,2019-07-24 00:00:00,2019-07-25 00:00:00,2019-07-26 00:00:00,False,BEARISH,D1-20190725-BEARISH,2019-07-27 00:00:00,False,,False,True,False,True
,BLOCKED_BY_UNCERTIFIED_MACRO_BIAS,,2019-07-25 00:00:00,2019-07-26 00:00:00,2019-07-27 00:00:00,False,BEARISH,D1-20190726-BEARISH,2019-07-30 00:00:00,False,,False,True,False,True
,BLOCKED_BY_UNCERTIFIED_MACRO_BIAS,,2019-07-26 00:00:00,2019-07-29 00:00:00,2019-07-30 00:00:00,False,BEARISH,D1-20190729-BEARISH,2019-07-31 00:00:00,False,,False,True,False,True
,BLOCKED_BY_UNCERTIFIED_MACRO_BIAS,,2019-07-29 00:00:00,2019-07-30 00:00:00,2019-07-31 00:00:00,False,BEARISH,D1-20190730-BEARISH,2019-08-01 00:00:00,False,,False,True,False,True
,BLOCKED_BY_UNCERTIFIED_MACRO_BIAS,0.27876397107166795,2019-07-31 00:00:00,2019-08-01 00:00:00,2019-08-02 00:00:00,True,BULLISH,D1-20190801-BULLISH,2019-08-03 00:00:00,False,,False,True,False,False
,BLOCKED_BY_UNCERTIFIED_MACRO_BIAS,,2019-08-12 00:00:00,2019-08-13 00:00:00,2019-08-14 00:00:00,False,BEARISH,D1-20190813-BEARISH,2019-08-15 00:00:00,False,,False,True,False,True
2019-08-16 00:00:00,BLOCKED_BY_UNCERTIFIED_MACRO_BIAS,0.14350112697220077,2019-08-14 00:00:00,2019-08-15 00:00:00,2019-08-16 00:00:00,True,BULLISH,D1-20190815-BULLISH,2019-08-17 00:00:00,False,2019-08-16 00:00:00,True,True,False,True
,BLOCKED_BY_UNCERTIFIED_MACRO_BIAS,,2019-08-15 00:00:00,2019-08-16 00:00:00,2019-08-17 00:00:00,False,BULLISH,D1-20190816-BULLISH,2019-08-20 00:00:00,False,,False,True,False,True
,BLOCKED_BY_UNCERTIFIED_MACRO_BIAS,,2019-08-19 00:00:00,2019-08-20 00:00:00,2019-08-21 00:00:00,False,BULLISH,D1-20190820-BULLISH,2019-08-22 00:00:00,False,,False,True,False,True
,BLOCKED_BY_UNCERTIFIED_MACRO_BIAS,0.43666026871401226,2019-08-21 00:00:00,2019-08-22 00:00:00,2019-08-23 00:00:00,True,BEARISH,D1-20190822-BEARISH,2019-08-24 00:00:00,False,,False,True,False,False
,BLOCKED_BY_UNCERTIFIED_MACRO_BIAS,,2019-08-22 00:00:00,2019-08-23 00:00:00,2019-08-24 00:00:00,False,BULLISH,D1-20190823-BULLISH,2019-08-27 00:00:00,False,,False,True,False,True
,BLOCKED_BY_UNCERTIFIED_MACRO_BIAS,,2019-08-23 00:00:00,2019-08-26 00:00:00,2019-08-27 00:00:00,False,BULLISH,D1-20190826-BULLISH,2019-08-28 00:00:00,False,,False,True,False,True
,BLOCKED_BY_UNCERTIFIED_MACRO_BIAS,,2019-08-26 00:00:00,2019-08-27 00:00:00,2019-08-28 00:00:00,False,BULLISH,D1-20190827-BULLISH,2019-08-29 00:00:00,False,,False,True,False,True
,BLOCKED_BY_UNCERTIFIED_MACRO_BIAS,0.13352112676056235,2019-08-26 00:00:00,2019-08-27 00:00:00,2019-08-28 00:00:00,True,BEARISH,D1-20190827-BEARISH,2019-08-29 00:00:00,False,,False,True,False,False
,BLOCKED_BY_UNCERTIFIED_MACRO_BIAS,,2019-08-27 00:00:00,2019-08-28 00:00:00,2019-08-29 00:00:00,False,BULLISH,D1-20190828-BULLISH,2019-08-30 00:00:00,False,,False,True,False,True
,BLOCKED_BY_UNCERTIFIED_MACRO_BIAS,0.2767191383595741,2019-08-29 00:00:00,2019-08-30 00:00:00,2019-08-31 00:00:00,True,BEARISH,D1-20190830-BEARISH,2019-09-03 00:00:00,False,,False,True,False,False
,BLOCKED_BY_UNCERTIFIED_MACRO_BIAS,,2019-08-30 00:00:00,2019-09-02 00:00:00,2019-09-03 00:00:00,False,BULLISH,D1-20190902-BULLISH,2019-09-04 00:00:00,False,,False,True,False,True
,BLOCKED_BY_UNCERTIFIED_MACRO_BIAS,,2019-09-02 00:00:00,2019-09-03 00:00:00,2019-09-04 00:00:00,False,BULLISH,D1-20190903-BULLISH,2019-09-05 00:00:00,False,,False,True,False,True
2019-09-07 00:00:00,BLOCKED_BY_UNCERTIFIED_MACRO_BIAS,0.068832173240523,2019-09-05 00:00:00,2019-09-06 00:00:00,2019-09-07 00:00:00,True,BEARISH,D1-20190906-BEARISH,2019-09-10 00:00:00,False,2019-09-06 16:00:00,True,True,False,True
,BLOCKED_BY_UNCERTIFIED_MACRO_BIAS,,2019-09-06 00:00:00,2019-09-09 00:00:00,2019-09-10 00:00:00,False,BEARISH,D1-20190909-BEARISH,2019-09-11 00:00:00,False,,False,True,False,True
,BLOCKED_BY_UNCERTIFIED_MACRO_BIAS,,2019-09-09 00:00:00,2019-09-10 00:00:00,2019-09-11 00:00:00,False,BEARISH,D1-20190910-BEARISH,2019-09-12 00:00:00,False,,False,True,False,True
,BLOCKED_BY_UNCERTIFIED_MACRO_BIAS,,2019-09-10 00:00:00,2019-09-11 00:00:00,2019-09-12 00:00:00,False,BEARISH,D1-20190911-BEARISH,2019-09-13 00:00:00,False,,False,True,False,True
,BLOCKED_BY_UNCERTIFIED_MACRO_BIAS,,2019-09-11 00:00:00,2019-09-12 00:00:00,2019-09-13 00:00:00,False,BEARISH,D1-20190912-BEARISH,2019-09-14 00:00:00,False,,False,True,False,True
,BLOCKED_BY_UNCERTIFIED_MACRO_BIAS,,2019-09-12 00:00:00,2019-09-13 00:00:00,2019-09-14 00:00:00,False,BEARISH,D1-20190913-BEARISH,2019-09-17 00:00:00,False,,False,True,False,True
,BLOCKED_BY_UNCERTIFIED_MACRO_BIAS,,2019-09-13 00:00:00,2019-09-16 00:00:00,2019-09-17 00:00:00,False,BEARISH,D1-20190916-BEARISH,2019-09-18 00:00:00,False,,False,True,False,True
,BLOCKED_BY_UNCERTIFIED_MACRO_BIAS,,2019-09-16 00:00:00,2019-09-17 00:00:00,2019-09-18 00:00:00,False,BEARISH,D1-20190917-BEARISH,2019-09-19 00:00:00,False,,False,True,False,True
,BLOCKED_BY_UNCERTIFIED_MACRO_BIAS,,2019-09-17 00:00:00,2019-09-18 00:00:00,2019-09-19 00:00:00,False,BEARISH,D1-20190918-BEARISH,2019-09-20 00:00:00,False,,False,True,False,True
,BLOCKED_BY_UNCERTIFIED_MACRO_BIAS,,2019-09-18 00:00:00,2019-09-19 00:00:00,2019-09-20 00:00:00,False,BEARISH,D1-20190919-BEARISH,2019-09-21 00:00:00,False,,False,True,False,True
,BLOCKED_BY_UNCERTIFIED_MACRO_BIAS,,2019-09-19 00:00:00,2019-09-20 00:00:00,2019-09-21 00:00:00,False,BEARISH,D1-20190920-BEARISH,2019-09-24 00:00:00,False,,False,True,False,True
,BLOCKED_BY_UNCERTIFIED_MACRO_BIAS,0.09423503325942369,2019-09-20 00:00:00,2019-09-23 00:00:00,2019-09-24 00:00:00,True,BULLISH,D1-20190923-BULLISH,2019-09-25 00:00:00,False,,False,True,False,False
,BLOCKED_BY_UNCERTIFIED_MACRO_BIAS,,2019-09-20 00:00:00,2019-09-23 00:00:00,2019-09-24 00:00:00,False,BEARISH,D1-20190923-BEARISH,2019-09-25 00:00:00,False,,False,True,False,True
,BLOCKED_BY_UNCERTIFIED_MACRO_BIAS,,2019-09-24 00:00:00,2019-09-25 00:00:00,2019-09-26 00:00:00,False,BEARISH,D1-20190925-BEARISH,2019-09-27 00:00:00,False,,False,True,False,True
,BLOCKED_BY_UNCERTIFIED_MACRO_BIAS,,2019-10-03 00:00:00,2019-10-04 00:00:00,2019-10-05 00:00:00,False,BEARISH,D1-20191004-BEARISH,2019-10-08 00:00:00,False,,False,True,False,True
,BLOCKED_BY_UNCERTIFIED_MACRO_BIAS,0.20614389652384832,2019-10-04 00:00:00,2019-10-07 00:00:00,2019-10-08 00:00:00,True,BEARISH,D1-20191007-BEARISH,2019-10-09 00:00:00,False,,False,True,False,False
,BLOCKED_BY_UNCERTIFIED_MACRO_BIAS,,2019-10-07 00:00:00,2019-10-08 00:00:00,2019-10-09 00:00:00,False,BULLISH,D1-20191008-BULLISH,2019-10-10 00:00:00,False,,False,True,False,True
,BLOCKED_BY_UNCERTIFIED_MACRO_BIAS,,2019-10-08 00:00:00,2019-10-09 00:00:00,2019-10-10 00:00:00,False,BULLISH,D1-20191009-BULLISH,2019-10-11 00:00:00,False,,False,True,False,True
,BLOCKED_BY_UNCERTIFIED_MACRO_BIAS,,2019-10-09 00:00:00,2019-10-10 00:00:00,2019-10-11 00:00:00,False,BEARISH,D1-20191010-BEARISH,2019-10-12 00:00:00,False,,False,True,False,True
,BLOCKED_BY_UNCERTIFIED_MACRO_BIAS,,2019-10-10 00:00:00,2019-10-11 00:00:00,2019-10-12 00:00:00,False,BEARISH,D1-20191011-BEARISH,2019-10-15 00:00:00,False,,False,True,False,True
,BLOCKED_BY_UNCERTIFIED_MACRO_BIAS,,2019-10-11 00:00:00,2019-10-14 00:00:00,2019-10-15 00:00:00,False,BEARISH,D1-20191014-BEARISH,2019-10-16 00:00:00,False,,False,True,False,True
,BLOCKED_BY_UNCERTIFIED_MACRO_BIAS,,2019-10-14 00:00:00,2019-10-15 00:00:00,2019-10-16 00:00:00,False,BEARISH,D1-20191015-BEARISH,2019-10-17 00:00:00,False,,False,True,False,True
,BLOCKED_BY_UNCERTIFIED_MACRO_BIAS,,2019-10-15 00:00:00,2019-10-16 00:00:00,2019-10-17 00:00:00,False,BEARISH,D1-20191016-BEARISH,2019-10-18 00:00:00,False,,False,True,False,True
,BLOCKED_BY_UNCERTIFIED_MACRO_BIAS,,2019-10-16 00:00:00,2019-10-17 00:00:00,2019-10-18 00:00:00,False,BEARISH,D1-20191017-BEARISH,2019-10-19 00:00:00,False,,False,True,False,True
,BLOCKED_BY_UNCERTIFIED_MACRO_BIAS,,2019-10-17 00:00:00,2019-10-18 00:00:00,2019-10-19 00:00:00,False,BEARISH,D1-20191018-BEARISH,2019-10-22 00:00:00,False,,False,True,False,True
,BLOCKED_BY_UNCERTIFIED_MACRO_BIAS,,2019-10-18 00:00:00,2019-10-21 00:00:00,2019-10-22 00:00:00,False,BEARISH,D1-20191021-BEARISH,2019-10-23 00:00:00,False,,False,True,False,True
,BLOCKED_BY_UNCERTIFIED_MACRO_BIAS,,2019-10-21 00:00:00,2019-10-22 00:00:00,2019-10-23 00:00:00,False,BEARISH,D1-20191022-BEARISH,2019-10-24 00:00:00,False,,False,True,False,True
,BLOCKED_BY_UNCERTIFIED_MACRO_BIAS,,2019-10-22 00:00:00,2019-10-23 00:00:00,2019-10-24 00:00:00,False,BEARISH,D1-20191023-BEARISH,2019-10-25 00:00:00,False,,False,True,False,True
,BLOCKED_BY_UNCERTIFIED_MACRO_BIAS,,2019-10-23 00:00:00,2019-10-24 00:00:00,2019-10-25 00:00:00,False,BEARISH,D1-20191024-BEARISH,2019-10-26 00:00:00,False,,False,True,False,True
,BLOCKED_BY_UNCERTIFIED_MACRO_BIAS,,2019-10-24 00:00:00,2019-10-25 00:00:00,2019-10-26 00:00:00,False,BEARISH,D1-20191025-BEARISH,2019-10-29 00:00:00,False,,False,True,False,True
,BLOCKED_BY_UNCERTIFIED_MACRO_BIAS,,2019-10-25 00:00:00,2019-10-28 00:00:00,2019-10-29 00:00:00,False,BEARISH,D1-20191028-BEARISH,2019-10-30 00:00:00,False,,False,True,False,True
,BLOCKED_BY_UNCERTIFIED_MACRO_BIAS,,2019-10-28 00:00:00,2019-10-29 00:00:00,2019-10-30 00:00:00,False,BEARISH,D1-20191029-BEARISH,2019-10-31 00:00:00,False,,False,True,False,True
,BLOCKED_BY_UNCERTIFIED_MACRO_BIAS,,2019-10-29 00:00:00,2019-10-30 00:00:00,2019-10-31 00:00:00,False,BEARISH,D1-20191030-BEARISH,2019-11-01 00:00:00,False,,False,True,False,True
,BLOCKED_BY_UNCERTIFIED_MACRO_BIAS,,2019-10-30 00:00:00,2019-10-31 00:00:00,2019-11-01 00:00:00,False,BEARISH,D1-20191031-BEARISH,2019-11-02 00:00:00,False,,False,True,False,True
,BLOCKED_BY_UNCERTIFIED_MACRO_BIAS,,2019-10-31 00:00:00,2019-11-01 00:00:00,2019-11-02 00:00:00,False,BEARISH,D1-20191101-BEARISH,2019-11-05 00:00:00,False,,False,True,False,True
,BLOCKED_BY_UNCERTIFIED_MACRO_BIAS,,2019-11-01 00:00:00,2019-11-04 00:00:00,2019-11-05 00:00:00,False,BEARISH,D1-20191104-BEARISH,2019-11-06 00:00:00,False,,False,True,False,True
,BLOCKED_BY_UNCERTIFIED_MACRO_BIAS,0.18947368421052993,2019-11-04 00:00:00,2019-11-05 00:00:00,2019-11-06 00:00:00,True,BEARISH,D1-20191105-BEARISH,2019-11-07 00:00:00,False,,False,True,False,True
,BLOCKED_BY_UNCERTIFIED_MACRO_BIAS,0.5,2019-11-05 00:00:00,2019-11-06 00:00:00,2019-11-07 00:00:00,True,BULLISH,D1-20191106-BULLISH,2019-11-08 00:00:00,False,,False,True,False,False
,BLOCKED_BY_UNCERTIFIED_MACRO_BIAS,,2019-11-05 00:00:00,2019-11-06 00:00:00,2019-11-07 00:00:00,False,BEARISH,D1-20191106-BEARISH,2019-11-08 00:00:00,False,,False,True,False,True
,BLOCKED_BY_UNCERTIFIED_MACRO_BIAS,,2019-11-06 00:00:00,2019-11-07 00:00:00,2019-11-08 00:00:00,False,BEARISH,D1-20191107-BEARISH,2019-11-09 00:00:00,False,,False,True,False,True
,BLOCKED_BY_UNCERTIFIED_MACRO_BIAS,,2019-11-07 00:00:00,2019-11-08 00:00:00,2019-11-09 00:00:00,False,BEARISH,D1-20191108-BEARISH,2019-11-12 00:00:00,False,,False,True,False,True
,BLOCKED_BY_UNCERTIFIED_MACRO_BIAS,,2019-11-08 00:00:00,2019-11-11 00:00:00,2019-11-12 00:00:00,False,BEARISH,D1-20191111-BEARISH,2019-11-13 00:00:00,False,,False,True,False,True
,BLOCKED_BY_UNCERTIFIED_MACRO_BIAS,,2019-11-11 00:00:00,2019-11-12 00:00:00,2019-11-13 00:00:00,False,BEARISH,D1-20191112-BEARISH,2019-11-14 00:00:00,False,,False,True,False,True
,BLOCKED_BY_UNCERTIFIED_MACRO_BIAS,,2019-11-12 00:00:00,2019-11-13 00:00:00,2019-11-14 00:00:00,False,BEARISH,D1-20191113-BEARISH,2019-11-15 00:00:00,False,,False,True,False,True
,BLOCKED_BY_UNCERTIFIED_MACRO_BIAS,,2019-11-13 00:00:00,2019-11-14 00:00:00,2019-11-15 00:00:00,False,BEARISH,D1-20191114-BEARISH,2019-11-16 00:00:00,False,,False,True,False,True
,BLOCKED_BY_UNCERTIFIED_MACRO_BIAS,,2019-11-14 00:00:00,2019-11-15 00:00:00,2019-11-16 00:00:00,False,BEARISH,D1-20191115-BEARISH,2019-11-19 00:00:00,False,,False,True,False,True
,BLOCKED_BY_UNCERTIFIED_MACRO_BIAS,,2019-11-15 00:00:00,2019-11-18 00:00:00,2019-11-19 00:00:00,False,BEARISH,D1-20191118-BEARISH,2019-11-20 00:00:00,False,,False,True,False,True
2019-11-20 00:00:00,BLOCKED_BY_UNCERTIFIED_MACRO_BIAS,0.1565656565656807,2019-11-18 00:00:00,2019-11-19 00:00:00,2019-11-20 00:00:00,True,BEARISH,D1-20191119-BEARISH,2019-11-21 00:00:00,False,2019-11-19 16:00:00,True,True,False,True
,BLOCKED_BY_UNCERTIFIED_MACRO_BIAS,,2019-11-19 00:00:00,2019-11-20 00:00:00,2019-11-21 00:00:00,False,BEARISH,D1-20191120-BEARISH,2019-11-22 00:00:00,False,,False,True,False,True
,BLOCKED_BY_UNCERTIFIED_MACRO_BIAS,,2019-11-20 00:00:00,2019-11-21 00:00:00,2019-11-22 00:00:00,False,BEARISH,D1-20191121-BEARISH,2019-11-23 00:00:00,False,,False,True,False,True
2019-11-23 00:00:00,BLOCKED_BY_UNCERTIFIED_MACRO_BIAS,0.11363636363636632,2019-11-21 00:00:00,2019-11-22 00:00:00,2019-11-23 00:00:00,True,BEARISH,D1-20191122-BEARISH,2019-11-26 00:00:00,False,2019-11-22 08:00:00,True,True,False,True
,BLOCKED_BY_UNCERTIFIED_MACRO_BIAS,,2019-11-22 00:00:00,2019-11-25 00:00:00,2019-11-26 00:00:00,False,BEARISH,D1-20191125-BEARISH,2019-11-27 00:00:00,False,,False,True,False,True
,BLOCKED_BY_UNCERTIFIED_MACRO_BIAS,,2019-11-25 00:00:00,2019-11-26 00:00:00,2019-11-27 00:00:00,False,BEARISH,D1-20191126-BEARISH,2019-11-28 00:00:00,False,,False,True,False,True
,BLOCKED_BY_UNCERTIFIED_MACRO_BIAS,,2019-11-26 00:00:00,2019-11-27 00:00:00,2019-11-28 00:00:00,False,BEARISH,D1-20191127-BEARISH,2019-11-29 00:00:00,False,,False,True,False,True
,BLOCKED_BY_UNCERTIFIED_MACRO_BIAS,,2019-11-27 00:00:00,2019-11-28 00:00:00,2019-11-29 00:00:00,False,BEARISH,D1-20191128-BEARISH,2019-11-30 00:00:00,False,,False,True,False,True
,BLOCKED_BY_UNCERTIFIED_MACRO_BIAS,,2019-11-28 00:00:00,2019-11-29 00:00:00,2019-11-30 00:00:00,False,BEARISH,D1-20191129-BEARISH,2019-12-03 00:00:00,False,,False,True,False,True
,BLOCKED_BY_UNCERTIFIED_MACRO_BIAS,,2019-11-29 00:00:00,2019-12-02 00:00:00,2019-12-03 00:00:00,False,BEARISH,D1-20191202-BEARISH,2019-12-04 00:00:00,False,,False,True,False,True
,BLOCKED_BY_UNCERTIFIED_MACRO_BIAS,,2019-12-03 00:00:00,2019-12-04 00:00:00,2019-12-05 00:00:00,False,BEARISH,D1-20191204-BEARISH,2019-12-06 00:00:00,False,,False,True,False,True
,BLOCKED_BY_UNCERTIFIED_MACRO_BIAS,0.3080459770114859,2019-12-04 00:00:00,2019-12-05 00:00:00,2019-12-06 00:00:00,True,BEARISH,D1-20191205-BEARISH,2019-12-07 00:00:00,False,,False,True,False,True
,BLOCKED_BY_UNCERTIFIED_MACRO_BIAS,,2019-12-05 00:00:00,2019-12-06 00:00:00,2019-12-07 00:00:00,False,BEARISH,D1-20191206-BEARISH,2019-12-10 00:00:00,False,,False,True,False,True
,BLOCKED_BY_UNCERTIFIED_MACRO_BIAS,,2019-12-06 00:00:00,2019-12-09 00:00:00,2019-12-10 00:00:00,False,BEARISH,D1-20191209-BEARISH,2019-12-11 00:00:00,False,,False,True,False,True
,BLOCKED_BY_UNCERTIFIED_MACRO_BIAS,0.2455830388692821,2019-12-09 00:00:00,2019-12-10 00:00:00,2019-12-11 00:00:00,True,BULLISH,D1-20191210-BULLISH,2019-12-12 00:00:00,False,,False,True,False,False
,BLOCKED_BY_UNCERTIFIED_MACRO_BIAS,,2019-12-09 00:00:00,2019-12-10 00:00:00,2019-12-11 00:00:00,False,BEARISH,D1-20191210-BEARISH,2019-12-12 00:00:00,False,,False,True,False,True
,BLOCKED_BY_UNCERTIFIED_MACRO_BIAS,,2019-12-10 00:00:00,2019-12-11 00:00:00,2019-12-12 00:00:00,False,BEARISH,D1-20191211-BEARISH,2019-12-13 00:00:00,False,,False,True,False,True
,BLOCKED_BY_UNCERTIFIED_MACRO_BIAS,,2019-12-11 00:00:00,2019-12-12 00:00:00,2019-12-13 00:00:00,False,BEARISH,D1-20191212-BEARISH,2019-12-14 00:00:00,False,,False,True,False,True
2019-12-14 00:00:00,BLOCKED_BY_UNCERTIFIED_MACRO_BIAS,0.09422492401217016,2019-12-12 00:00:00,2019-12-13 00:00:00,2019-12-14 00:00:00,True,BEARISH,D1-20191213-BEARISH,2019-12-17 00:00:00,False,2019-12-13 08:00:00,True,True,False,True
,BLOCKED_BY_UNCERTIFIED_MACRO_BIAS,,2019-12-13 00:00:00,2019-12-16 00:00:00,2019-12-17 00:00:00,False,BEARISH,D1-20191216-BEARISH,2019-12-18 00:00:00,False,,False,True,False,True
2019-12-18 08:00:00,BLOCKED_BY_UNCERTIFIED_MACRO_BIAS,0.04403409090907047,2019-12-16 00:00:00,2019-12-17 00:00:00,2019-12-18 00:00:00,True,BEARISH,D1-20191217-BEARISH,2019-12-19 00:00:00,False,2019-12-18 08:00:00,True,True,False,True
,BLOCKED_BY_UNCERTIFIED_MACRO_BIAS,,2019-12-17 00:00:00,2019-12-18 00:00:00,2019-12-19 00:00:00,False,BEARISH,D1-20191218-BEARISH,2019-12-20 00:00:00,False,,False,True,False,True
,BLOCKED_BY_UNCERTIFIED_MACRO_BIAS,,2019-12-18 00:00:00,2019-12-19 00:00:00,2019-12-20 00:00:00,False,BEARISH,D1-20191219-BEARISH,2019-12-21 00:00:00,False,,False,True,False,True
,BLOCKED_BY_UNCERTIFIED_MACRO_BIAS,,2019-12-19 00:00:00,2019-12-20 00:00:00,2019-12-21 00:00:00,False,BEARISH,D1-20191220-BEARISH,2019-12-24 00:00:00,False,,False,True,False,True
,BLOCKED_BY_UNCERTIFIED_MACRO_BIAS,,2019-12-20 00:00:00,2019-12-23 00:00:00,2019-12-24 00:00:00,False,BEARISH,D1-20191223-BEARISH,2019-12-25 00:00:00,False,,False,True,False,True
,BLOCKED_BY_UNCERTIFIED_MACRO_BIAS,,2019-12-23 00:00:00,2019-12-24 00:00:00,2019-12-25 00:00:00,False,BEARISH,D1-20191224-BEARISH,2019-12-28 00:00:00,False,,False,True,False,True
,BLOCKED_BY_UNCERTIFIED_MACRO_BIAS,,2019-12-24 00:00:00,2019-12-27 00:00:00,2019-12-28 00:00:00,False,BEARISH,D1-20191227-BEARISH,2019-12-31 00:00:00,False,,False,True,False,True
,BLOCKED_BY_UNCERTIFIED_MACRO_BIAS,,2019-12-27 00:00:00,2019-12-30 00:00:00,2019-12-31 00:00:00,False,BEARISH,D1-20191230-BEARISH,2020-01-01 00:00:00,False,,False,True,False,True
,BLOCKED_BY_UNCERTIFIED_MACRO_BIAS,,2019-12-30 00:00:00,2019-12-31 00:00:00,2020-01-01 00:00:00,False,BEARISH,D1-20191231-BEARISH,2020-01-03 00:00:00,False,,False,True,False,True
,BLOCKED_BY_UNCERTIFIED_MACRO_BIAS,,2019-12-31 00:00:00,2020-01-02 00:00:00,2020-01-03 00:00:00,False,BEARISH,D1-20200102-BEARISH,2020-01-04 00:00:00,False,,False,True,False,True
,BLOCKED_BY_UNCERTIFIED_MACRO_BIAS,,2020-01-02 00:00:00,2020-01-03 00:00:00,2020-01-04 00:00:00,False,BEARISH,D1-20200103-BEARISH,2020-01-07 00:00:00,False,,False,True,False,True
,BLOCKED_BY_UNCERTIFIED_MACRO_BIAS,,2020-01-03 00:00:00,2020-01-06 00:00:00,2020-01-07 00:00:00,False,BEARISH,D1-20200106-BEARISH,2020-01-08 00:00:00,False,,False,True,False,True
2020-01-08 00:00:00,BLOCKED_BY_UNCERTIFIED_MACRO_BIAS,0.10919540229885058,2020-01-06 00:00:00,2020-01-07 00:00:00,2020-01-08 00:00:00,True,BEARISH,D1-20200107-BEARISH,2020-01-09 00:00:00,False,2020-01-07 08:00:00,True,True,False,True
,BLOCKED_BY_UNCERTIFIED_MACRO_BIAS,,2020-01-07 00:00:00,2020-01-08 00:00:00,2020-01-09 00:00:00,False,BEARISH,D1-20200108-BEARISH,2020-01-10 00:00:00,False,,False,True,False,True
,BLOCKED_BY_UNCERTIFIED_MACRO_BIAS,,2020-01-08 00:00:00,2020-01-09 00:00:00,2020-01-10 00:00:00,False,BEARISH,D1-20200109-BEARISH,2020-01-11 00:00:00,False,,False,True,False,True
,BLOCKED_BY_UNCERTIFIED_MACRO_BIAS,,2020-01-09 00:00:00,2020-01-10 00:00:00,2020-01-11 00:00:00,False,BEARISH,D1-20200110-BEARISH,2020-01-14 00:00:00,False,,False,True,False,True
,BLOCKED_BY_UNCERTIFIED_MACRO_BIAS,,2020-01-10 00:00:00,2020-01-13 00:00:00,2020-01-14 00:00:00,False,BEARISH,D1-20200113-BEARISH,2020-01-15 00:00:00,False,,False,True,False,True
2020-01-15 00:00:00,BLOCKED_BY_UNCERTIFIED_MACRO_BIAS,0.25815738963532886,2020-01-13 00:00:00,2020-01-14 00:00:00,2020-01-15 00:00:00,True,BEARISH,D1-20200114-BEARISH,2020-01-16 00:00:00,False,2020-01-14 16:00:00,True,True,False,True
,BLOCKED_BY_UNCERTIFIED_MACRO_BIAS,0.09293680297397267,2020-01-14 00:00:00,2020-01-15 00:00:00,2020-01-16 00:00:00,True,BULLISH,D1-20200115-BULLISH,2020-01-17 00:00:00,False,,False,True,False,False
,BLOCKED_BY_UNCERTIFIED_MACRO_BIAS,,2020-01-14 00:00:00,2020-01-15 00:00:00,2020-01-16 00:00:00,False,BEARISH,D1-20200115-BEARISH,2020-01-17 00:00:00,False,,False,True,False,True
,BLOCKED_BY_UNCERTIFIED_MACRO_BIAS,,2020-01-15 00:00:00,2020-01-16 00:00:00,2020-01-17 00:00:00,False,BEARISH,D1-20200116-BEARISH,2020-01-18 00:00:00,False,,False,True,False,True
,BLOCKED_BY_UNCERTIFIED_MACRO_BIAS,,2020-01-16 00:00:00,2020-01-17 00:00:00,2020-01-18 00:00:00,False,BEARISH,D1-20200117-BEARISH,2020-01-21 00:00:00,False,,False,True,False,True
,BLOCKED_BY_UNCERTIFIED_MACRO_BIAS,,2020-01-17 00:00:00,2020-01-20 00:00:00,2020-01-21 00:00:00,False,BEARISH,D1-20200120-BEARISH,2020-01-22 00:00:00,False,,False,True,False,True
,BLOCKED_BY_UNCERTIFIED_MACRO_BIAS,,2020-01-20 00:00:00,2020-01-21 00:00:00,2020-01-22 00:00:00,False,BEARISH,D1-20200121-BEARISH,2020-01-23 00:00:00,False,,False,True,False,True
,BLOCKED_BY_UNCERTIFIED_MACRO_BIAS,,2020-01-21 00:00:00,2020-01-22 00:00:00,2020-01-23 00:00:00,False,BEARISH,D1-20200122-BEARISH,2020-01-24 00:00:00,False,,False,True,False,True
,BLOCKED_BY_UNCERTIFIED_MACRO_BIAS,,2020-01-22 00:00:00,2020-01-23 00:00:00,2020-01-24 00:00:00,False,BEARISH,D1-20200123-BEARISH,2020-01-25 00:00:00,False,,False,True,False,True
,BLOCKED_BY_UNCERTIFIED_MACRO_BIAS,,2020-01-23 00:00:00,2020-01-24 00:00:00,2020-01-25 00:00:00,False,BEARISH,D1-20200124-BEARISH,2020-01-28 00:00:00,False,,False,True,False,True
,BLOCKED_BY_UNCERTIFIED_MACRO_BIAS,,2020-01-27 00:00:00,2020-01-28 00:00:00,2020-01-29 00:00:00,False,BEARISH,D1-20200128-BEARISH,2020-01-30 00:00:00,False,,False,True,False,True
2020-01-30 00:00:00,BLOCKED_BY_UNCERTIFIED_MACRO_BIAS,0.11070998796630298,2020-01-28 00:00:00,2020-01-29 00:00:00,2020-01-30 00:00:00,True,BEARISH,D1-20200129-BEARISH,2020-01-31 00:00:00,False,2020-01-29 08:00:00,True,True,False,True
,BLOCKED_BY_UNCERTIFIED_MACRO_BIAS,,2020-01-29 00:00:00,2020-01-30 00:00:00,2020-01-31 00:00:00,False,BEARISH,D1-20200130-BEARISH,2020-02-01 00:00:00,False,,False,True,False,True
,BLOCKED_BY_UNCERTIFIED_MACRO_BIAS,,2020-01-31 00:00:00,2020-02-03 00:00:00,2020-02-04 00:00:00,False,BEARISH,D1-20200203-BEARISH,2020-02-05 00:00:00,False,,False,True,False,True
,BLOCKED_BY_UNCERTIFIED_MACRO_BIAS,,2020-02-03 00:00:00,2020-02-04 00:00:00,2020-02-05 00:00:00,False,BEARISH,D1-20200204-BEARISH,2020-02-06 00:00:00,False,,False,True,False,True
,BLOCKED_BY_UNCERTIFIED_MACRO_BIAS,,2020-02-04 00:00:00,2020-02-05 00:00:00,2020-02-06 00:00:00,False,BEARISH,D1-20200205-BEARISH,2020-02-07 00:00:00,False,,False,True,False,True
,BLOCKED_BY_UNCERTIFIED_MACRO_BIAS,,2020-02-05 00:00:00,2020-02-06 00:00:00,2020-02-07 00:00:00,False,BEARISH,D1-20200206-BEARISH,2020-02-08 00:00:00,False,,False,True,False,True
,BLOCKED_BY_UNCERTIFIED_MACRO_BIAS,,2020-02-06 00:00:00,2020-02-07 00:00:00,2020-02-08 00:00:00,False,BEARISH,D1-20200207-BEARISH,2020-02-11 00:00:00,False,,False,True,False,True
,BLOCKED_BY_UNCERTIFIED_MACRO_BIAS,,2020-02-07 00:00:00,2020-02-10 00:00:00,2020-02-11 00:00:00,False,BEARISH,D1-20200210-BEARISH,2020-02-12 00:00:00,False,,False,True,False,True
,BLOCKED_BY_UNCERTIFIED_MACRO_BIAS,,2020-02-10 00:00:00,2020-02-11 00:00:00,2020-02-12 00:00:00,False,BEARISH,D1-20200211-BEARISH,2020-02-13 00:00:00,False,,False,True,False,True
,BLOCKED_BY_UNCERTIFIED_MACRO_BIAS,,2020-02-11 00:00:00,2020-02-12 00:00:00,2020-02-13 00:00:00,False,BEARISH,D1-20200212-BEARISH,2020-02-14 00:00:00,False,,False,True,False,True
2020-02-14 00:00:00,BLOCKED_BY_UNCERTIFIED_MACRO_BIAS,0.08656036446469734,2020-02-12 00:00:00,2020-02-13 00:00:00,2020-02-14 00:00:00,True,BEARISH,D1-20200213-BEARISH,2020-02-15 00:00:00,False,2020-02-14 00:00:00,True,True,False,True
,BLOCKED_BY_UNCERTIFIED_MACRO_BIAS,,2020-02-13 00:00:00,2020-02-14 00:00:00,2020-02-15 00:00:00,False,BEARISH,D1-20200214-BEARISH,2020-02-18 00:00:00,False,,False,True,False,True
,BLOCKED_BY_UNCERTIFIED_MACRO_BIAS,,2020-02-14 00:00:00,2020-02-17 00:00:00,2020-02-18 00:00:00,False,BEARISH,D1-20200217-BEARISH,2020-02-19 00:00:00,False,,False,True,False,True
,BLOCKED_BY_UNCERTIFIED_MACRO_BIAS,,2020-02-17 00:00:00,2020-02-18 00:00:00,2020-02-19 00:00:00,False,BEARISH,D1-20200218-BEARISH,2020-02-20 00:00:00,False,,False,True,False,True
,BLOCKED_BY_UNCERTIFIED_MACRO_BIAS,,2020-02-18 00:00:00,2020-02-19 00:00:00,2020-02-20 00:00:00,False,BEARISH,D1-20200219-BEARISH,2020-02-21 00:00:00,False,,False,True,False,True
,BLOCKED_BY_UNCERTIFIED_MACRO_BIAS,,2020-02-19 00:00:00,2020-02-20 00:00:00,2020-02-21 00:00:00,False,BEARISH,D1-20200220-BEARISH,2020-02-22 00:00:00,False,,False,True,False,True
,BLOCKED_BY_UNCERTIFIED_MACRO_BIAS,,2020-02-20 00:00:00,2020-02-21 00:00:00,2020-02-22 00:00:00,False,BEARISH,D1-20200221-BEARISH,2020-02-25 00:00:00,False,,False,True,False,True
,BLOCKED_BY_UNCERTIFIED_MACRO_BIAS,0.28751210067763566,2020-02-25 00:00:00,2020-02-26 00:00:00,2020-02-27 00:00:00,True,BULLISH,D1-20200226-BULLISH,2020-02-28 00:00:00,False,,False,True,False,False
,BLOCKED_BY_UNCERTIFIED_MACRO_BIAS,0.45949895615866465,2020-02-27 00:00:00,2020-02-28 00:00:00,2020-02-29 00:00:00,True,BULLISH,D1-20200228-BULLISH,2020-03-03 00:00:00,False,,False,True,False,False
,BLOCKED_BY_UNCERTIFIED_MACRO_BIAS,,2020-03-05 00:00:00,2020-03-06 00:00:00,2020-03-07 00:00:00,False,BULLISH,D1-20200306-BULLISH,2020-03-10 00:00:00,False,,False,True,False,True
,BLOCKED_BY_UNCERTIFIED_MACRO_BIAS,,2020-03-06 00:00:00,2020-03-09 00:00:00,2020-03-10 00:00:00,False,BULLISH,D1-20200309-BULLISH,2020-03-11 00:00:00,False,,False,True,False,True
,BLOCKED_BY_UNCERTIFIED_MACRO_BIAS,,2020-03-09 00:00:00,2020-03-10 00:00:00,2020-03-11 00:00:00,False,BULLISH,D1-20200310-BULLISH,2020-03-12 00:00:00,False,,False,True,False,True
,BLOCKED_BY_UNCERTIFIED_MACRO_BIAS,,2020-03-10 00:00:00,2020-03-11 00:00:00,2020-03-12 00:00:00,False,BULLISH,D1-20200311-BULLISH,2020-03-13 00:00:00,False,,False,True,False,True
,BLOCKED_BY_UNCERTIFIED_MACRO_BIAS,,2020-03-11 00:00:00,2020-03-12 00:00:00,2020-03-13 00:00:00,False,BULLISH,D1-20200312-BULLISH,2020-03-14 00:00:00,False,,False,True,False,True
,BLOCKED_BY_UNCERTIFIED_MACRO_BIAS,,2020-03-12 00:00:00,2020-03-13 00:00:00,2020-03-14 00:00:00,False,BULLISH,D1-20200313-BULLISH,2020-03-17 00:00:00,False,,False,True,False,True
,BLOCKED_BY_UNCERTIFIED_MACRO_BIAS,,2020-03-13 00:00:00,2020-03-16 00:00:00,2020-03-17 00:00:00,False,BULLISH,D1-20200316-BULLISH,2020-03-18 00:00:00,False,,False,True,False,True
,BLOCKED_BY_UNCERTIFIED_MACRO_BIAS,,2020-03-16 00:00:00,2020-03-17 00:00:00,2020-03-18 00:00:00,False,BULLISH,D1-20200317-BULLISH,2020-03-19 00:00:00,False,,False,True,False,True
,BLOCKED_BY_UNCERTIFIED_MACRO_BIAS,,2020-03-17 00:00:00,2020-03-18 00:00:00,2020-03-19 00:00:00,False,BULLISH,D1-20200318-BULLISH,2020-03-20 00:00:00,False,,False,True,False,True
,BLOCKED_BY_UNCERTIFIED_MACRO_BIAS,,2020-03-18 00:00:00,2020-03-19 00:00:00,2020-03-20 00:00:00,False,BULLISH,D1-20200319-BULLISH,2020-03-21 00:00:00,False,,False,True,False,True
,BLOCKED_BY_UNCERTIFIED_MACRO_BIAS,,2020-03-19 00:00:00,2020-03-20 00:00:00,2020-03-21 00:00:00,False,BULLISH,D1-20200320-BULLISH,2020-03-24 00:00:00,False,,False,True,False,True
,BLOCKED_BY_UNCERTIFIED_MACRO_BIAS,,2020-03-20 00:00:00,2020-03-23 00:00:00,2020-03-24 00:00:00,False,BULLISH,D1-20200323-BULLISH,2020-03-25 00:00:00,False,,False,True,False,True
,BLOCKED_BY_UNCERTIFIED_MACRO_BIAS,,2020-03-23 00:00:00,2020-03-24 00:00:00,2020-03-25 00:00:00,False,BULLISH,D1-20200324-BULLISH,2020-03-26 00:00:00,False,,False,True,False,True
,BLOCKED_BY_UNCERTIFIED_MACRO_BIAS,,2020-03-24 00:00:00,2020-03-25 00:00:00,2020-03-26 00:00:00,False,BULLISH,D1-20200325-BULLISH,2020-03-27 00:00:00,False,,False,True,False,True
,BLOCKED_BY_UNCERTIFIED_MACRO_BIAS,0.09816779170684772,2020-03-24 00:00:00,2020-03-25 00:00:00,2020-03-26 00:00:00,True,BEARISH,D1-20200325-BEARISH,2020-03-27 00:00:00,False,,False,True,False,False
,BLOCKED_BY_UNCERTIFIED_MACRO_BIAS,,2020-03-26 00:00:00,2020-03-27 00:00:00,2020-03-28 00:00:00,False,BULLISH,D1-20200327-BULLISH,2020-03-31 00:00:00,False,,False,True,False,True
,BLOCKED_BY_UNCERTIFIED_MACRO_BIAS,,2020-03-30 00:00:00,2020-03-31 00:00:00,2020-04-01 00:00:00,False,BULLISH,D1-20200331-BULLISH,2020-04-02 00:00:00,False,,False,True,False,True
,BLOCKED_BY_UNCERTIFIED_MACRO_BIAS,0.15687613843351472,2020-03-30 00:00:00,2020-03-31 00:00:00,2020-04-01 00:00:00,True,BEARISH,D1-20200331-BEARISH,2020-04-02 00:00:00,False,,False,True,False,False
,BLOCKED_BY_UNCERTIFIED_MACRO_BIAS,,2020-03-31 00:00:00,2020-04-01 00:00:00,2020-04-02 00:00:00,False,BULLISH,D1-20200401-BULLISH,2020-04-03 00:00:00,False,,False,True,False,True
2020-04-03 12:00:00,BLOCKED_BY_UNCERTIFIED_MACRO_BIAS,0.47717983651225915,2020-04-01 00:00:00,2020-04-02 00:00:00,2020-04-03 00:00:00,True,BULLISH,D1-20200402-BULLISH,2020-04-04 00:00:00,False,2020-04-03 12:00:00,True,True,False,True
,BLOCKED_BY_UNCERTIFIED_MACRO_BIAS,,2020-04-02 00:00:00,2020-04-03 00:00:00,2020-04-04 00:00:00,False,BULLISH,D1-20200403-BULLISH,2020-04-07 00:00:00,False,,False,True,False,True
,BLOCKED_BY_UNCERTIFIED_MACRO_BIAS,0.06072289156626681,2020-04-06 00:00:00,2020-04-07 00:00:00,2020-04-08 00:00:00,True,BEARISH,D1-20200407-BEARISH,2020-04-09 00:00:00,False,,False,True,False,False
,BLOCKED_BY_UNCERTIFIED_MACRO_BIAS,0.24974874371858863,2020-04-08 00:00:00,2020-04-09 00:00:00,2020-04-10 00:00:00,True,BEARISH,D1-20200409-BEARISH,2020-04-14 00:00:00,False,,False,True,False,False
,BLOCKED_BY_UNCERTIFIED_MACRO_BIAS,0.34647188533627615,2020-04-14 00:00:00,2020-04-15 00:00:00,2020-04-16 00:00:00,True,BEARISH,D1-20200415-BEARISH,2020-04-17 00:00:00,False,,False,True,False,False
,BLOCKED_BY_UNCERTIFIED_MACRO_BIAS,0.3862252663622511,2020-04-16 00:00:00,2020-04-17 00:00:00,2020-04-18 00:00:00,True,BEARISH,D1-20200417-BEARISH,2020-04-21 00:00:00,False,,False,True,False,False
2020-04-24 00:00:00,BLOCKED_BY_UNCERTIFIED_MACRO_BIAS,0.148429035752987,2020-04-22 00:00:00,2020-04-23 00:00:00,2020-04-24 00:00:00,True,BEARISH,D1-20200423-BEARISH,2020-04-25 00:00:00,False,2020-04-23 12:00:00,True,True,False,True
,BLOCKED_BY_UNCERTIFIED_MACRO_BIAS,,2020-04-23 00:00:00,2020-04-24 00:00:00,2020-04-25 00:00:00,False,BEARISH,D1-20200424-BEARISH,2020-04-28 00:00:00,False,,False,True,False,True
,BLOCKED_BY_UNCERTIFIED_MACRO_BIAS,,2020-04-24 00:00:00,2020-04-27 00:00:00,2020-04-28 00:00:00,False,BEARISH,D1-20200427-BEARISH,2020-04-29 00:00:00,False,,False,True,False,True
,BLOCKED_BY_UNCERTIFIED_MACRO_BIAS,,2020-04-27 00:00:00,2020-04-28 00:00:00,2020-04-29 00:00:00,False,BEARISH,D1-20200428-BEARISH,2020-04-30 00:00:00,False,,False,True,False,True
,BLOCKED_BY_UNCERTIFIED_MACRO_BIAS,,2020-04-28 00:00:00,2020-04-29 00:00:00,2020-04-30 00:00:00,False,BEARISH,D1-20200429-BEARISH,2020-05-01 00:00:00,False,,False,True,False,True
,BLOCKED_BY_UNCERTIFIED_MACRO_BIAS,,2020-04-29 00:00:00,2020-04-30 00:00:00,2020-05-01 00:00:00,False,BEARISH,D1-20200430-BEARISH,2020-05-02 00:00:00,False,,False,True,False,True
,BLOCKED_BY_UNCERTIFIED_MACRO_BIAS,,2020-04-30 00:00:00,2020-05-01 00:00:00,2020-05-02 00:00:00,False,BEARISH,D1-20200501-BEARISH,2020-05-05 00:00:00,False,,False,True,False,True
,BLOCKED_BY_UNCERTIFIED_MACRO_BIAS,,2020-05-01 00:00:00,2020-05-04 00:00:00,2020-05-05 00:00:00,False,BEARISH,D1-20200504-BEARISH,2020-05-06 00:00:00,False,,False,True,False,True
,BLOCKED_BY_UNCERTIFIED_MACRO_BIAS,,2020-05-04 00:00:00,2020-05-05 00:00:00,2020-05-06 00:00:00,False,BEARISH,D1-20200505-BEARISH,2020-05-07 00:00:00,False,,False,True,False,True
2020-05-07 00:00:00,BLOCKED_BY_UNCERTIFIED_MACRO_BIAS,0.19983619983619627,2020-05-05 00:00:00,2020-05-06 00:00:00,2020-05-07 00:00:00,True,BEARISH,D1-20200506-BEARISH,2020-05-08 00:00:00,False,2020-05-06 16:00:00,True,True,False,True
,BLOCKED_BY_UNCERTIFIED_MACRO_BIAS,,2020-05-06 00:00:00,2020-05-07 00:00:00,2020-05-08 00:00:00,False,BEARISH,D1-20200507-BEARISH,2020-05-09 00:00:00,False,,False,True,False,True
,BLOCKED_BY_UNCERTIFIED_MACRO_BIAS,,2020-05-07 00:00:00,2020-05-08 00:00:00,2020-05-09 00:00:00,False,BEARISH,D1-20200508-BEARISH,2020-05-12 00:00:00,False,,False,True,False,True
,BLOCKED_BY_UNCERTIFIED_MACRO_BIAS,,2020-05-08 00:00:00,2020-05-11 00:00:00,2020-05-12 00:00:00,False,BEARISH,D1-20200511-BEARISH,2020-05-13 00:00:00,False,,False,True,False,True
,BLOCKED_BY_UNCERTIFIED_MACRO_BIAS,,2020-05-11 00:00:00,2020-05-12 00:00:00,2020-05-13 00:00:00,False,BEARISH,D1-20200512-BEARISH,2020-05-14 00:00:00,False,,False,True,False,True
,BLOCKED_BY_UNCERTIFIED_MACRO_BIAS,,2020-05-12 00:00:00,2020-05-13 00:00:00,2020-05-14 00:00:00,False,BEARISH,D1-20200513-BEARISH,2020-05-15 00:00:00,False,,False,True,False,True
,BLOCKED_BY_UNCERTIFIED_MACRO_BIAS,,2020-05-13 00:00:00,2020-05-14 00:00:00,2020-05-15 00:00:00,False,BEARISH,D1-20200514-BEARISH,2020-05-16 00:00:00,False,,False,True,False,True
,BLOCKED_BY_UNCERTIFIED_MACRO_BIAS,,2020-05-14 00:00:00,2020-05-15 00:00:00,2020-05-16 00:00:00,False,BEARISH,D1-20200515-BEARISH,2020-05-19 00:00:00,False,,False,True,False,True
,BLOCKED_BY_UNCERTIFIED_MACRO_BIAS,,2020-05-15 00:00:00,2020-05-18 00:00:00,2020-05-19 00:00:00,False,BEARISH,D1-20200518-BEARISH,2020-05-20 00:00:00,False,,False,True,False,True
,BLOCKED_BY_UNCERTIFIED_MACRO_BIAS,0.11640498105035262,2020-05-18 00:00:00,2020-05-19 00:00:00,2020-05-20 00:00:00,True,BEARISH,D1-20200519-BEARISH,2020-05-21 00:00:00,False,,False,True,False,True
,BLOCKED_BY_UNCERTIFIED_MACRO_BIAS,,2020-05-19 00:00:00,2020-05-20 00:00:00,2020-05-21 00:00:00,False,BEARISH,D1-20200520-BEARISH,2020-05-22 00:00:00,False,,False,True,False,True
,BLOCKED_BY_UNCERTIFIED_MACRO_BIAS,,2020-05-20 00:00:00,2020-05-21 00:00:00,2020-05-22 00:00:00,False,BEARISH,D1-20200521-BEARISH,2020-05-23 00:00:00,False,,False,True,False,True
,BLOCKED_BY_UNCERTIFIED_MACRO_BIAS,0.4603746397694462,2020-05-21 00:00:00,2020-05-22 00:00:00,2020-05-23 00:00:00,True,BULLISH,D1-20200522-BULLISH,2020-05-26 00:00:00,False,,False,True,False,False
,BLOCKED_BY_UNCERTIFIED_MACRO_BIAS,,2020-05-21 00:00:00,2020-05-22 00:00:00,2020-05-23 00:00:00,False,BEARISH,D1-20200522-BEARISH,2020-05-26 00:00:00,False,,False,True,False,True
,BLOCKED_BY_UNCERTIFIED_MACRO_BIAS,,2020-05-22 00:00:00,2020-05-25 00:00:00,2020-05-26 00:00:00,False,BEARISH,D1-20200525-BEARISH,2020-05-27 00:00:00,False,,False,True,False,True
,BLOCKED_BY_UNCERTIFIED_MACRO_BIAS,,2020-05-25 00:00:00,2020-05-26 00:00:00,2020-05-27 00:00:00,False,BEARISH,D1-20200526-BEARISH,2020-05-28 00:00:00,False,,False,True,False,True
,BLOCKED_BY_UNCERTIFIED_MACRO_BIAS,0.27226463104326093,2020-05-26 00:00:00,2020-05-27 00:00:00,2020-05-28 00:00:00,True,BULLISH,D1-20200527-BULLISH,2020-05-29 00:00:00,False,,False,True,False,False
,BLOCKED_BY_UNCERTIFIED_MACRO_BIAS,,2020-05-26 00:00:00,2020-05-27 00:00:00,2020-05-28 00:00:00,False,BEARISH,D1-20200527-BEARISH,2020-05-29 00:00:00,False,,False,True,False,True
,BLOCKED_BY_UNCERTIFIED_MACRO_BIAS,,2020-05-27 00:00:00,2020-05-28 00:00:00,2020-05-29 00:00:00,False,BEARISH,D1-20200528-BEARISH,2020-05-30 00:00:00,False,,False,True,False,True
,BLOCKED_BY_UNCERTIFIED_MACRO_BIAS,,2020-05-28 00:00:00,2020-05-29 00:00:00,2020-05-30 00:00:00,False,BEARISH,D1-20200529-BEARISH,2020-06-02 00:00:00,False,,False,True,False,True
,BLOCKED_BY_UNCERTIFIED_MACRO_BIAS,,2020-05-29 00:00:00,2020-06-01 00:00:00,2020-06-02 00:00:00,False,BEARISH,D1-20200601-BEARISH,2020-06-03 00:00:00,False,,False,True,False,True
,BLOCKED_BY_UNCERTIFIED_MACRO_BIAS,,2020-06-01 00:00:00,2020-06-02 00:00:00,2020-06-03 00:00:00,False,BEARISH,D1-20200602-BEARISH,2020-06-04 00:00:00,False,,False,True,False,True
,BLOCKED_BY_UNCERTIFIED_MACRO_BIAS,,2020-06-02 00:00:00,2020-06-03 00:00:00,2020-06-04 00:00:00,False,BEARISH,D1-20200603-BEARISH,2020-06-05 00:00:00,False,,False,True,False,True
,BLOCKED_BY_UNCERTIFIED_MACRO_BIAS,,2020-06-03 00:00:00,2020-06-04 00:00:00,2020-06-05 00:00:00,False,BEARISH,D1-20200604-BEARISH,2020-06-06 00:00:00,False,,False,True,False,True
,BLOCKED_BY_UNCERTIFIED_MACRO_BIAS,,2020-06-04 00:00:00,2020-06-05 00:00:00,2020-06-06 00:00:00,False,BEARISH,D1-20200605-BEARISH,2020-06-09 00:00:00,False,,False,True,False,True
,BLOCKED_BY_UNCERTIFIED_MACRO_BIAS,,2020-06-05 00:00:00,2020-06-08 00:00:00,2020-06-09 00:00:00,False,BEARISH,D1-20200608-BEARISH,2020-06-10 00:00:00,False,,False,True,False,True
,BLOCKED_BY_UNCERTIFIED_MACRO_BIAS,,2020-06-08 00:00:00,2020-06-09 00:00:00,2020-06-10 00:00:00,False,BEARISH,D1-20200609-BEARISH,2020-06-11 00:00:00,False,,False,True,False,True
,BLOCKED_BY_UNCERTIFIED_MACRO_BIAS,,2020-06-09 00:00:00,2020-06-10 00:00:00,2020-06-11 00:00:00,False,BEARISH,D1-20200610-BEARISH,2020-06-12 00:00:00,False,,False,True,False,True
,BLOCKED_BY_UNCERTIFIED_MACRO_BIAS,,2020-06-10 00:00:00,2020-06-11 00:00:00,2020-06-12 00:00:00,False,BEARISH,D1-20200611-BEARISH,2020-06-13 00:00:00,False,,False,True,False,True
,BLOCKED_BY_UNCERTIFIED_MACRO_BIAS,0.09615802040373171,2020-06-11 00:00:00,2020-06-12 00:00:00,2020-06-13 00:00:00,True,BULLISH,D1-20200612-BULLISH,2020-06-16 00:00:00,False,,False,True,False,False
,BLOCKED_BY_UNCERTIFIED_MACRO_BIAS,,2020-06-11 00:00:00,2020-06-12 00:00:00,2020-06-13 00:00:00,False,BEARISH,D1-20200612-BEARISH,2020-06-16 00:00:00,False,,False,True,False,True
,BLOCKED_BY_UNCERTIFIED_MACRO_BIAS,,2020-06-12 00:00:00,2020-06-15 00:00:00,2020-06-16 00:00:00,False,BEARISH,D1-20200615-BEARISH,2020-06-17 00:00:00,False,,False,True,False,True
,BLOCKED_BY_UNCERTIFIED_MACRO_BIAS,,2020-06-15 00:00:00,2020-06-16 00:00:00,2020-06-17 00:00:00,False,BEARISH,D1-20200616-BEARISH,2020-06-18 00:00:00,False,,False,True,False,True
,BLOCKED_BY_UNCERTIFIED_MACRO_BIAS,0.2088805503439632,2020-06-16 00:00:00,2020-06-17 00:00:00,2020-06-18 00:00:00,True,BEARISH,D1-20200617-BEARISH,2020-06-19 00:00:00,False,,False,True,False,True
,BLOCKED_BY_UNCERTIFIED_MACRO_BIAS,,2020-06-17 00:00:00,2020-06-18 00:00:00,2020-06-19 00:00:00,False,BEARISH,D1-20200618-BEARISH,2020-06-20 00:00:00,False,,False,True,False,True
,BLOCKED_BY_UNCERTIFIED_MACRO_BIAS,,2020-06-18 00:00:00,2020-06-19 00:00:00,2020-06-20 00:00:00,False,BEARISH,D1-20200619-BEARISH,2020-06-23 00:00:00,False,,False,True,False,True
,BLOCKED_BY_UNCERTIFIED_MACRO_BIAS,,2020-06-19 00:00:00,2020-06-22 00:00:00,2020-06-23 00:00:00,False,BEARISH,D1-20200622-BEARISH,2020-06-24 00:00:00,False,,False,True,False,True
,BLOCKED_BY_UNCERTIFIED_MACRO_BIAS,,2020-06-22 00:00:00,2020-06-23 00:00:00,2020-06-24 00:00:00,False,BEARISH,D1-20200623-BEARISH,2020-06-25 00:00:00,False,,False,True,False,True
,BLOCKED_BY_UNCERTIFIED_MACRO_BIAS,,2020-06-23 00:00:00,2020-06-24 00:00:00,2020-06-25 00:00:00,False,BEARISH,D1-20200624-BEARISH,2020-06-26 00:00:00,False,,False,True,False,True
,BLOCKED_BY_UNCERTIFIED_MACRO_BIAS,,2020-06-24 00:00:00,2020-06-25 00:00:00,2020-06-26 00:00:00,False,BEARISH,D1-20200625-BEARISH,2020-06-27 00:00:00,False,,False,True,False,True
,BLOCKED_BY_UNCERTIFIED_MACRO_BIAS,,2020-06-25 00:00:00,2020-06-26 00:00:00,2020-06-27 00:00:00,False,BEARISH,D1-20200626-BEARISH,2020-06-30 00:00:00,False,,False,True,False,True
,BLOCKED_BY_UNCERTIFIED_MACRO_BIAS,,2020-06-26 00:00:00,2020-06-29 00:00:00,2020-06-30 00:00:00,False,BEARISH,D1-20200629-BEARISH,2020-07-01 00:00:00,False,,False,True,False,True
,BLOCKED_BY_UNCERTIFIED_MACRO_BIAS,,2020-06-29 00:00:00,2020-06-30 00:00:00,2020-07-01 00:00:00,False,BEARISH,D1-20200630-BEARISH,2020-07-02 00:00:00,False,,False,True,False,True
,BLOCKED_BY_UNCERTIFIED_MACRO_BIAS,,2020-06-30 00:00:00,2020-07-01 00:00:00,2020-07-02 00:00:00,False,BEARISH,D1-20200701-BEARISH,2020-07-03 00:00:00,False,,False,True,False,True
,BLOCKED_BY_UNCERTIFIED_MACRO_BIAS,,2020-07-01 00:00:00,2020-07-02 00:00:00,2020-07-03 00:00:00,False,BEARISH,D1-20200702-BEARISH,2020-07-04 00:00:00,False,,False,True,False,True
,BLOCKED_BY_UNCERTIFIED_MACRO_BIAS,,2020-07-02 00:00:00,2020-07-03 00:00:00,2020-07-04 00:00:00,False,BEARISH,D1-20200703-BEARISH,2020-07-07 00:00:00,False,,False,True,False,True
,BLOCKED_BY_UNCERTIFIED_MACRO_BIAS,,2020-07-03 00:00:00,2020-07-06 00:00:00,2020-07-07 00:00:00,False,BEARISH,D1-20200706-BEARISH,2020-07-08 00:00:00,False,,False,True,False,True
,BLOCKED_BY_UNCERTIFIED_MACRO_BIAS,0.2977190876350581,2020-07-06 00:00:00,2020-07-07 00:00:00,2020-07-08 00:00:00,True,BEARISH,D1-20200707-BEARISH,2020-07-09 00:00:00,False,,False,True,False,True
,BLOCKED_BY_UNCERTIFIED_MACRO_BIAS,,2020-07-07 00:00:00,2020-07-08 00:00:00,2020-07-09 00:00:00,False,BEARISH,D1-20200708-BEARISH,2020-07-10 00:00:00,False,,False,True,False,True
,BLOCKED_BY_UNCERTIFIED_MACRO_BIAS,,2020-07-08 00:00:00,2020-07-09 00:00:00,2020-07-10 00:00:00,False,BEARISH,D1-20200709-BEARISH,2020-07-11 00:00:00,False,,False,True,False,True
,BLOCKED_BY_UNCERTIFIED_MACRO_BIAS,,2020-07-09 00:00:00,2020-07-10 00:00:00,2020-07-11 00:00:00,False,BEARISH,D1-20200710-BEARISH,2020-07-14 00:00:00,False,,False,True,False,True
,BLOCKED_BY_UNCERTIFIED_MACRO_BIAS,,2020-07-10 00:00:00,2020-07-13 00:00:00,2020-07-14 00:00:00,False,BEARISH,D1-20200713-BEARISH,2020-07-15 00:00:00,False,,False,True,False,True
,BLOCKED_BY_UNCERTIFIED_MACRO_BIAS,0.16748166259168878,2020-07-13 00:00:00,2020-07-14 00:00:00,2020-07-15 00:00:00,True,BULLISH,D1-20200714-BULLISH,2020-07-16 00:00:00,False,,False,True,False,False
,BLOCKED_BY_UNCERTIFIED_MACRO_BIAS,,2020-07-13 00:00:00,2020-07-14 00:00:00,2020-07-15 00:00:00,False,BEARISH,D1-20200714-BEARISH,2020-07-16 00:00:00,False,,False,True,False,True
,BLOCKED_BY_UNCERTIFIED_MACRO_BIAS,,2020-07-14 00:00:00,2020-07-15 00:00:00,2020-07-16 00:00:00,False,BEARISH,D1-20200715-BEARISH,2020-07-17 00:00:00,False,,False,True,False,True
,BLOCKED_BY_UNCERTIFIED_MACRO_BIAS,,2020-07-15 00:00:00,2020-07-16 00:00:00,2020-07-17 00:00:00,False,BEARISH,D1-20200716-BEARISH,2020-07-18 00:00:00,False,,False,True,False,True
,BLOCKED_BY_UNCERTIFIED_MACRO_BIAS,,2020-07-16 00:00:00,2020-07-17 00:00:00,2020-07-18 00:00:00,False,BEARISH,D1-20200717-BEARISH,2020-07-21 00:00:00,False,,False,True,False,True
,BLOCKED_BY_UNCERTIFIED_MACRO_BIAS,,2020-07-17 00:00:00,2020-07-20 00:00:00,2020-07-21 00:00:00,False,BEARISH,D1-20200720-BEARISH,2020-07-22 00:00:00,False,,False,True,False,True
2020-07-22 08:00:00,BLOCKED_BY_UNCERTIFIED_MACRO_BIAS,0.30747922437673614,2020-07-20 00:00:00,2020-07-21 00:00:00,2020-07-22 00:00:00,True,BEARISH,D1-20200721-BEARISH,2020-07-23 00:00:00,False,2020-07-22 08:00:00,True,True,False,True
,BLOCKED_BY_UNCERTIFIED_MACRO_BIAS,0.031031031031016013,2020-07-21 00:00:00,2020-07-22 00:00:00,2020-07-23 00:00:00,True,BULLISH,D1-20200722-BULLISH,2020-07-24 00:00:00,False,,False,True,False,False
,BLOCKED_BY_UNCERTIFIED_MACRO_BIAS,,2020-07-21 00:00:00,2020-07-22 00:00:00,2020-07-23 00:00:00,False,BEARISH,D1-20200722-BEARISH,2020-07-24 00:00:00,False,,False,True,False,True
,BLOCKED_BY_UNCERTIFIED_MACRO_BIAS,,2020-07-22 00:00:00,2020-07-23 00:00:00,2020-07-24 00:00:00,False,BEARISH,D1-20200723-BEARISH,2020-07-25 00:00:00,False,,False,True,False,True
,BLOCKED_BY_UNCERTIFIED_MACRO_BIAS,,2020-07-24 00:00:00,2020-07-27 00:00:00,2020-07-28 00:00:00,False,BEARISH,D1-20200727-BEARISH,2020-07-29 00:00:00,False,,False,True,False,True
,BLOCKED_BY_UNCERTIFIED_MACRO_BIAS,,2020-07-27 00:00:00,2020-07-28 00:00:00,2020-07-29 00:00:00,False,BEARISH,D1-20200728-BEARISH,2020-07-30 00:00:00,False,,False,True,False,True
,BLOCKED_BY_UNCERTIFIED_MACRO_BIAS,,2020-07-28 00:00:00,2020-07-29 00:00:00,2020-07-30 00:00:00,False,BEARISH,D1-20200729-BEARISH,2020-07-31 00:00:00,False,,False,True,False,True
,BLOCKED_BY_UNCERTIFIED_MACRO_BIAS,,2020-07-29 00:00:00,2020-07-30 00:00:00,2020-07-31 00:00:00,False,BEARISH,D1-20200730-BEARISH,2020-08-01 00:00:00,False,,False,True,False,True
,BLOCKED_BY_UNCERTIFIED_MACRO_BIAS,,2020-07-30 00:00:00,2020-07-31 00:00:00,2020-08-01 00:00:00,False,BEARISH,D1-20200731-BEARISH,2020-08-04 00:00:00,False,,False,True,False,True
,BLOCKED_BY_UNCERTIFIED_MACRO_BIAS,,2020-07-31 00:00:00,2020-08-03 00:00:00,2020-08-04 00:00:00,False,BEARISH,D1-20200803-BEARISH,2020-08-05 00:00:00,False,,False,True,False,True
,BLOCKED_BY_UNCERTIFIED_MACRO_BIAS,,2020-08-03 00:00:00,2020-08-04 00:00:00,2020-08-05 00:00:00,False,BEARISH,D1-20200804-BEARISH,2020-08-06 00:00:00,False,,False,True,False,True
,BLOCKED_BY_UNCERTIFIED_MACRO_BIAS,,2020-08-04 00:00:00,2020-08-05 00:00:00,2020-08-06 00:00:00,False,BEARISH,D1-20200805-BEARISH,2020-08-07 00:00:00,False,,False,True,False,True
,BLOCKED_BY_UNCERTIFIED_MACRO_BIAS,,2020-08-05 00:00:00,2020-08-06 00:00:00,2020-08-07 00:00:00,False,BEARISH,D1-20200806-BEARISH,2020-08-08 00:00:00,False,,False,True,False,True
,BLOCKED_BY_UNCERTIFIED_MACRO_BIAS,,2020-08-06 00:00:00,2020-08-07 00:00:00,2020-08-08 00:00:00,False,BEARISH,D1-20200807-BEARISH,2020-08-11 00:00:00,False,,False,True,False,True
,BLOCKED_BY_UNCERTIFIED_MACRO_BIAS,0.47049808429118495,2020-08-07 00:00:00,2020-08-10 00:00:00,2020-08-11 00:00:00,True,BULLISH,D1-20200810-BULLISH,2020-08-12 00:00:00,False,,False,True,False,False
,BLOCKED_BY_UNCERTIFIED_MACRO_BIAS,,2020-08-07 00:00:00,2020-08-10 00:00:00,2020-08-11 00:00:00,False,BEARISH,D1-20200810-BEARISH,2020-08-12 00:00:00,False,,False,True,False,True
,BLOCKED_BY_UNCERTIFIED_MACRO_BIAS,,2020-08-10 00:00:00,2020-08-11 00:00:00,2020-08-12 00:00:00,False,BEARISH,D1-20200811-BEARISH,2020-08-13 00:00:00,False,,False,True,False,True
,BLOCKED_BY_UNCERTIFIED_MACRO_BIAS,,2020-08-11 00:00:00,2020-08-12 00:00:00,2020-08-13 00:00:00,False,BEARISH,D1-20200812-BEARISH,2020-08-14 00:00:00,False,,False,True,False,True
2020-08-14 00:00:00,BLOCKED_BY_UNCERTIFIED_MACRO_BIAS,0.3913043478260861,2020-08-12 00:00:00,2020-08-13 00:00:00,2020-08-14 00:00:00,True,BEARISH,D1-20200813-BEARISH,2020-08-15 00:00:00,False,2020-08-13 12:00:00,True,True,False,True
,BLOCKED_BY_UNCERTIFIED_MACRO_BIAS,,2020-08-13 00:00:00,2020-08-14 00:00:00,2020-08-15 00:00:00,False,BEARISH,D1-20200814-BEARISH,2020-08-18 00:00:00,False,,False,True,False,True
,BLOCKED_BY_UNCERTIFIED_MACRO_BIAS,,2020-08-14 00:00:00,2020-08-17 00:00:00,2020-08-18 00:00:00,False,BEARISH,D1-20200817-BEARISH,2020-08-19 00:00:00,False,,False,True,False,True
,BLOCKED_BY_UNCERTIFIED_MACRO_BIAS,,2020-08-17 00:00:00,2020-08-18 00:00:00,2020-08-19 00:00:00,False,BEARISH,D1-20200818-BEARISH,2020-08-20 00:00:00,False,,False,True,False,True
,BLOCKED_BY_UNCERTIFIED_MACRO_BIAS,,2020-08-18 00:00:00,2020-08-19 00:00:00,2020-08-20 00:00:00,False,BEARISH,D1-20200819-BEARISH,2020-08-21 00:00:00,False,,False,True,False,True
,BLOCKED_BY_UNCERTIFIED_MACRO_BIAS,,2020-08-19 00:00:00,2020-08-20 00:00:00,2020-08-21 00:00:00,False,BEARISH,D1-20200820-BEARISH,2020-08-22 00:00:00,False,,False,True,False,True
,BLOCKED_BY_UNCERTIFIED_MACRO_BIAS,,2020-08-20 00:00:00,2020-08-21 00:00:00,2020-08-22 00:00:00,False,BEARISH,D1-20200821-BEARISH,2020-08-25 00:00:00,False,,False,True,False,True
,BLOCKED_BY_UNCERTIFIED_MACRO_BIAS,,2020-08-21 00:00:00,2020-08-24 00:00:00,2020-08-25 00:00:00,False,BEARISH,D1-20200824-BEARISH,2020-08-26 00:00:00,False,,False,True,False,True
,BLOCKED_BY_UNCERTIFIED_MACRO_BIAS,,2020-08-24 00:00:00,2020-08-25 00:00:00,2020-08-26 00:00:00,False,BEARISH,D1-20200825-BEARISH,2020-08-27 00:00:00,False,,False,True,False,True
,BLOCKED_BY_UNCERTIFIED_MACRO_BIAS,,2020-08-25 00:00:00,2020-08-26 00:00:00,2020-08-27 00:00:00,False,BEARISH,D1-20200826-BEARISH,2020-08-28 00:00:00,False,,False,True,False,True
,BLOCKED_BY_UNCERTIFIED_MACRO_BIAS,0.13245298119247767,2020-08-26 00:00:00,2020-08-27 00:00:00,2020-08-28 00:00:00,True,BEARISH,D1-20200827-BEARISH,2020-08-29 00:00:00,False,,False,True,False,True
,BLOCKED_BY_UNCERTIFIED_MACRO_BIAS,,2020-08-27 00:00:00,2020-08-28 00:00:00,2020-08-29 00:00:00,False,BEARISH,D1-20200828-BEARISH,2020-09-01 00:00:00,False,,False,True,False,True
,BLOCKED_BY_UNCERTIFIED_MACRO_BIAS,,2020-08-28 00:00:00,2020-08-31 00:00:00,2020-09-01 00:00:00,False,BEARISH,D1-20200831-BEARISH,2020-09-02 00:00:00,False,,False,True,False,True
,BLOCKED_BY_UNCERTIFIED_MACRO_BIAS,,2020-08-31 00:00:00,2020-09-01 00:00:00,2020-09-02 00:00:00,False,BEARISH,D1-20200901-BEARISH,2020-09-03 00:00:00,False,,False,True,False,True
,BLOCKED_BY_UNCERTIFIED_MACRO_BIAS,,2020-09-01 00:00:00,2020-09-02 00:00:00,2020-09-03 00:00:00,False,BEARISH,D1-20200902-BEARISH,2020-09-04 00:00:00,False,,False,True,False,True
,BLOCKED_BY_UNCERTIFIED_MACRO_BIAS,,2020-09-02 00:00:00,2020-09-03 00:00:00,2020-09-04 00:00:00,False,BEARISH,D1-20200903-BEARISH,2020-09-05 00:00:00,False,,False,True,False,True
,BLOCKED_BY_UNCERTIFIED_MACRO_BIAS,,2020-09-14 00:00:00,2020-09-15 00:00:00,2020-09-16 00:00:00,False,BEARISH,D1-20200915-BEARISH,2020-09-17 00:00:00,False,,False,True,False,True
,BLOCKED_BY_UNCERTIFIED_MACRO_BIAS,0.33855706682436354,2020-09-23 00:00:00,2020-09-24 00:00:00,2020-09-25 00:00:00,True,BULLISH,D1-20200924-BULLISH,2020-09-26 00:00:00,False,,False,True,False,False
,BLOCKED_BY_UNCERTIFIED_MACRO_BIAS,,2020-09-25 00:00:00,2020-09-28 00:00:00,2020-09-29 00:00:00,False,BEARISH,D1-20200928-BEARISH,2020-09-30 00:00:00,False,,False,True,False,True
,BLOCKED_BY_UNCERTIFIED_MACRO_BIAS,0.2595833333333303,2020-09-28 00:00:00,2020-09-29 00:00:00,2020-09-30 00:00:00,True,BEARISH,D1-20200929-BEARISH,2020-10-01 00:00:00,False,,False,True,False,True
,BLOCKED_BY_UNCERTIFIED_MACRO_BIAS,,2020-09-29 00:00:00,2020-09-30 00:00:00,2020-10-01 00:00:00,False,BEARISH,D1-20200930-BEARISH,2020-10-02 00:00:00,False,,False,True,False,True
,BLOCKED_BY_UNCERTIFIED_MACRO_BIAS,,2020-09-30 00:00:00,2020-10-01 00:00:00,2020-10-02 00:00:00,False,BEARISH,D1-20201001-BEARISH,2020-10-03 00:00:00,False,,False,True,False,True
,BLOCKED_BY_UNCERTIFIED_MACRO_BIAS,,2020-10-02 00:00:00,2020-10-05 00:00:00,2020-10-06 00:00:00,False,BEARISH,D1-20201005-BEARISH,2020-10-07 00:00:00,False,,False,True,False,True
,BLOCKED_BY_UNCERTIFIED_MACRO_BIAS,,2020-10-06 00:00:00,2020-10-07 00:00:00,2020-10-08 00:00:00,False,BEARISH,D1-20201007-BEARISH,2020-10-09 00:00:00,False,,False,True,False,True
,BLOCKED_BY_UNCERTIFIED_MACRO_BIAS,,2020-10-07 00:00:00,2020-10-08 00:00:00,2020-10-09 00:00:00,False,BEARISH,D1-20201008-BEARISH,2020-10-10 00:00:00,False,,False,True,False,True
,BLOCKED_BY_UNCERTIFIED_MACRO_BIAS,,2020-10-08 00:00:00,2020-10-09 00:00:00,2020-10-10 00:00:00,False,BEARISH,D1-20201009-BEARISH,2020-10-13 00:00:00,False,,False,True,False,True
,BLOCKED_BY_UNCERTIFIED_MACRO_BIAS,,2020-10-09 00:00:00,2020-10-12 00:00:00,2020-10-13 00:00:00,False,BEARISH,D1-20201012-BEARISH,2020-10-14 00:00:00,False,,False,True,False,True
2020-10-14 00:00:00,BLOCKED_BY_UNCERTIFIED_MACRO_BIAS,0.06400437636761382,2020-10-12 00:00:00,2020-10-13 00:00:00,2020-10-14 00:00:00,True,BEARISH,D1-20201013-BEARISH,2020-10-15 00:00:00,False,2020-10-13 16:00:00,True,True,False,True
,BLOCKED_BY_UNCERTIFIED_MACRO_BIAS,,2020-10-13 00:00:00,2020-10-14 00:00:00,2020-10-15 00:00:00,False,BEARISH,D1-20201014-BEARISH,2020-10-16 00:00:00,False,,False,True,False,True
,BLOCKED_BY_UNCERTIFIED_MACRO_BIAS,,2020-10-14 00:00:00,2020-10-15 00:00:00,2020-10-16 00:00:00,False,BEARISH,D1-20201015-BEARISH,2020-10-17 00:00:00,False,,False,True,False,True
,BLOCKED_BY_UNCERTIFIED_MACRO_BIAS,,2020-10-15 00:00:00,2020-10-16 00:00:00,2020-10-17 00:00:00,False,BEARISH,D1-20201016-BEARISH,2020-10-20 00:00:00,False,,False,True,False,True
,BLOCKED_BY_UNCERTIFIED_MACRO_BIAS,,2020-10-16 00:00:00,2020-10-19 00:00:00,2020-10-20 00:00:00,False,BEARISH,D1-20201019-BEARISH,2020-10-21 00:00:00,False,,False,True,False,True
,BLOCKED_BY_UNCERTIFIED_MACRO_BIAS,,2020-10-19 00:00:00,2020-10-20 00:00:00,2020-10-21 00:00:00,False,BEARISH,D1-20201020-BEARISH,2020-10-22 00:00:00,False,,False,True,False,True
,BLOCKED_BY_UNCERTIFIED_MACRO_BIAS,0.20396039603958954,2020-10-20 00:00:00,2020-10-21 00:00:00,2020-10-22 00:00:00,True,BULLISH,D1-20201021-BULLISH,2020-10-23 00:00:00,False,,False,True,False,False
,BLOCKED_BY_UNCERTIFIED_MACRO_BIAS,,2020-10-20 00:00:00,2020-10-21 00:00:00,2020-10-22 00:00:00,False,BEARISH,D1-20201021-BEARISH,2020-10-23 00:00:00,False,,False,True,False,True
,BLOCKED_BY_UNCERTIFIED_MACRO_BIAS,,2020-10-21 00:00:00,2020-10-22 00:00:00,2020-10-23 00:00:00,False,BEARISH,D1-20201022-BEARISH,2020-10-24 00:00:00,False,,False,True,False,True
,BLOCKED_BY_UNCERTIFIED_MACRO_BIAS,,2020-10-22 00:00:00,2020-10-23 00:00:00,2020-10-24 00:00:00,False,BEARISH,D1-20201023-BEARISH,2020-10-27 00:00:00,False,,False,True,False,True
,BLOCKED_BY_UNCERTIFIED_MACRO_BIAS,0.28465346534653296,2020-10-30 00:00:00,2020-11-02 00:00:00,2020-11-03 00:00:00,True,BULLISH,D1-20201102-BULLISH,2020-11-04 00:00:00,False,,False,True,False,False
,BLOCKED_BY_UNCERTIFIED_MACRO_BIAS,,2020-11-03 00:00:00,2020-11-04 00:00:00,2020-11-05 00:00:00,False,BEARISH,D1-20201104-BEARISH,2020-11-06 00:00:00,False,,False,True,False,True
,BLOCKED_BY_UNCERTIFIED_MACRO_BIAS,,2020-11-04 00:00:00,2020-11-05 00:00:00,2020-11-06 00:00:00,False,BEARISH,D1-20201105-BEARISH,2020-11-07 00:00:00,False,,False,True,False,True
,BLOCKED_BY_UNCERTIFIED_MACRO_BIAS,,2020-11-05 00:00:00,2020-11-06 00:00:00,2020-11-07 00:00:00,False,BEARISH,D1-20201106-BEARISH,2020-11-10 00:00:00,False,,False,True,False,True
,BLOCKED_BY_UNCERTIFIED_MACRO_BIAS,,2020-11-06 00:00:00,2020-11-09 00:00:00,2020-11-10 00:00:00,False,BEARISH,D1-20201109-BEARISH,2020-11-11 00:00:00,False,,False,True,False,True
,BLOCKED_BY_UNCERTIFIED_MACRO_BIAS,,2020-11-09 00:00:00,2020-11-10 00:00:00,2020-11-11 00:00:00,False,BEARISH,D1-20201110-BEARISH,2020-11-12 00:00:00,False,,False,True,False,True
,BLOCKED_BY_UNCERTIFIED_MACRO_BIAS,,2020-11-10 00:00:00,2020-11-11 00:00:00,2020-11-12 00:00:00,False,BEARISH,D1-20201111-BEARISH,2020-11-13 00:00:00,False,,False,True,False,True
2020-11-13 00:00:00,BLOCKED_BY_UNCERTIFIED_MACRO_BIAS,0.14596866641192444,2020-11-11 00:00:00,2020-11-12 00:00:00,2020-11-13 00:00:00,True,BEARISH,D1-20201112-BEARISH,2020-11-14 00:00:00,False,2020-11-12 16:00:00,True,True,False,True
,BLOCKED_BY_UNCERTIFIED_MACRO_BIAS,,2020-11-12 00:00:00,2020-11-13 00:00:00,2020-11-14 00:00:00,False,BEARISH,D1-20201113-BEARISH,2020-11-17 00:00:00,False,,False,True,False,True
,BLOCKED_BY_UNCERTIFIED_MACRO_BIAS,,2020-11-13 00:00:00,2020-11-16 00:00:00,2020-11-17 00:00:00,False,BEARISH,D1-20201116-BEARISH,2020-11-18 00:00:00,False,,False,True,False,True
,BLOCKED_BY_UNCERTIFIED_MACRO_BIAS,,2020-11-16 00:00:00,2020-11-17 00:00:00,2020-11-18 00:00:00,False,BEARISH,D1-20201117-BEARISH,2020-11-19 00:00:00,False,,False,True,False,True
,BLOCKED_BY_UNCERTIFIED_MACRO_BIAS,,2020-11-17 00:00:00,2020-11-18 00:00:00,2020-11-19 00:00:00,False,BEARISH,D1-20201118-BEARISH,2020-11-20 00:00:00,False,,False,True,False,True
,BLOCKED_BY_UNCERTIFIED_MACRO_BIAS,,2020-11-18 00:00:00,2020-11-19 00:00:00,2020-11-20 00:00:00,False,BEARISH,D1-20201119-BEARISH,2020-11-21 00:00:00,False,,False,True,False,True
,BLOCKED_BY_UNCERTIFIED_MACRO_BIAS,,2020-11-19 00:00:00,2020-11-20 00:00:00,2020-11-21 00:00:00,False,BEARISH,D1-20201120-BEARISH,2020-11-24 00:00:00,False,,False,True,False,True
,BLOCKED_BY_UNCERTIFIED_MACRO_BIAS,0.39530685920580505,2020-11-20 00:00:00,2020-11-23 00:00:00,2020-11-24 00:00:00,True,BULLISH,D1-20201123-BULLISH,2020-11-25 00:00:00,False,,False,True,False,False
,BLOCKED_BY_UNCERTIFIED_MACRO_BIAS,,2020-11-20 00:00:00,2020-11-23 00:00:00,2020-11-24 00:00:00,False,BEARISH,D1-20201123-BEARISH,2020-11-25 00:00:00,False,,False,True,False,True
,BLOCKED_BY_UNCERTIFIED_MACRO_BIAS,,2020-11-23 00:00:00,2020-11-24 00:00:00,2020-11-25 00:00:00,False,BEARISH,D1-20201124-BEARISH,2020-11-26 00:00:00,False,,False,True,False,True
,BLOCKED_BY_UNCERTIFIED_MACRO_BIAS,,2020-11-24 00:00:00,2020-11-25 00:00:00,2020-11-26 00:00:00,False,BEARISH,D1-20201125-BEARISH,2020-11-27 00:00:00,False,,False,True,False,True
2020-11-27 00:00:00,BLOCKED_BY_UNCERTIFIED_MACRO_BIAS,0.20770288858320182,2020-11-25 00:00:00,2020-11-26 00:00:00,2020-11-27 00:00:00,True,BEARISH,D1-20201126-BEARISH,2020-11-28 00:00:00,False,2020-11-26 08:00:00,True,True,False,True
,BLOCKED_BY_UNCERTIFIED_MACRO_BIAS,,2020-11-26 00:00:00,2020-11-27 00:00:00,2020-11-28 00:00:00,False,BEARISH,D1-20201127-BEARISH,2020-12-01 00:00:00,False,,False,True,False,True
,BLOCKED_BY_UNCERTIFIED_MACRO_BIAS,,2020-11-27 00:00:00,2020-11-30 00:00:00,2020-12-01 00:00:00,False,BEARISH,D1-20201130-BEARISH,2020-12-02 00:00:00,False,,False,True,False,True
,BLOCKED_BY_UNCERTIFIED_MACRO_BIAS,,2020-11-30 00:00:00,2020-12-01 00:00:00,2020-12-02 00:00:00,False,BEARISH,D1-20201201-BEARISH,2020-12-03 00:00:00,False,,False,True,False,True
,BLOCKED_BY_UNCERTIFIED_MACRO_BIAS,,2020-12-01 00:00:00,2020-12-02 00:00:00,2020-12-03 00:00:00,False,BEARISH,D1-20201202-BEARISH,2020-12-04 00:00:00,False,,False,True,False,True
,BLOCKED_BY_UNCERTIFIED_MACRO_BIAS,,2020-12-02 00:00:00,2020-12-03 00:00:00,2020-12-04 00:00:00,False,BEARISH,D1-20201203-BEARISH,2020-12-05 00:00:00,False,,False,True,False,True
,BLOCKED_BY_UNCERTIFIED_MACRO_BIAS,,2020-12-03 00:00:00,2020-12-04 00:00:00,2020-12-05 00:00:00,False,BEARISH,D1-20201204-BEARISH,2020-12-08 00:00:00,False,,False,True,False,True
,BLOCKED_BY_UNCERTIFIED_MACRO_BIAS,,2020-12-04 00:00:00,2020-12-07 00:00:00,2020-12-08 00:00:00,False,BEARISH,D1-20201207-BEARISH,2020-12-09 00:00:00,False,,False,True,False,True
,BLOCKED_BY_UNCERTIFIED_MACRO_BIAS,,2020-12-07 00:00:00,2020-12-08 00:00:00,2020-12-09 00:00:00,False,BEARISH,D1-20201208-BEARISH,2020-12-10 00:00:00,False,,False,True,False,True
,BLOCKED_BY_UNCERTIFIED_MACRO_BIAS,,2020-12-08 00:00:00,2020-12-09 00:00:00,2020-12-10 00:00:00,False,BEARISH,D1-20201209-BEARISH,2020-12-11 00:00:00,False,,False,True,False,True
,BLOCKED_BY_UNCERTIFIED_MACRO_BIAS,0.1551438967912661,2020-12-09 00:00:00,2020-12-10 00:00:00,2020-12-11 00:00:00,True,BULLISH,D1-20201210-BULLISH,2020-12-12 00:00:00,False,,False,True,False,False
,BLOCKED_BY_UNCERTIFIED_MACRO_BIAS,,2020-12-09 00:00:00,2020-12-10 00:00:00,2020-12-11 00:00:00,False,BEARISH,D1-20201210-BEARISH,2020-12-12 00:00:00,False,,False,True,False,True
,BLOCKED_BY_UNCERTIFIED_MACRO_BIAS,,2020-12-10 00:00:00,2020-12-11 00:00:00,2020-12-12 00:00:00,False,BEARISH,D1-20201211-BEARISH,2020-12-15 00:00:00,False,,False,True,False,True
,BLOCKED_BY_UNCERTIFIED_MACRO_BIAS,,2020-12-11 00:00:00,2020-12-14 00:00:00,2020-12-15 00:00:00,False,BEARISH,D1-20201214-BEARISH,2020-12-16 00:00:00,False,,False,True,False,True
,BLOCKED_BY_UNCERTIFIED_MACRO_BIAS,,2020-12-14 00:00:00,2020-12-15 00:00:00,2020-12-16 00:00:00,False,BEARISH,D1-20201215-BEARISH,2020-12-17 00:00:00,False,,False,True,False,True
,BLOCKED_BY_UNCERTIFIED_MACRO_BIAS,,2020-12-15 00:00:00,2020-12-16 00:00:00,2020-12-17 00:00:00,False,BEARISH,D1-20201216-BEARISH,2020-12-18 00:00:00,False,,False,True,False,True
,BLOCKED_BY_UNCERTIFIED_MACRO_BIAS,,2020-12-16 00:00:00,2020-12-17 00:00:00,2020-12-18 00:00:00,False,BEARISH,D1-20201217-BEARISH,2020-12-19 00:00:00,False,,False,True,False,True
2020-12-21 04:00:00,BLOCKED_BY_UNCERTIFIED_MACRO_BIAS,0.08683853459974751,2020-12-17 00:00:00,2020-12-18 00:00:00,2020-12-19 00:00:00,True,BEARISH,D1-20201218-BEARISH,2020-12-22 00:00:00,False,2020-12-21 04:00:00,True,True,False,True
,BLOCKED_BY_UNCERTIFIED_MACRO_BIAS,,2020-12-18 00:00:00,2020-12-21 00:00:00,2020-12-22 00:00:00,False,BEARISH,D1-20201221-BEARISH,2020-12-23 00:00:00,False,,False,True,False,True
,BLOCKED_BY_UNCERTIFIED_MACRO_BIAS,,2020-12-21 00:00:00,2020-12-22 00:00:00,2020-12-23 00:00:00,False,BEARISH,D1-20201222-BEARISH,2020-12-24 00:00:00,False,,False,True,False,True
,BLOCKED_BY_UNCERTIFIED_MACRO_BIAS,,2020-12-22 00:00:00,2020-12-23 00:00:00,2020-12-24 00:00:00,False,BEARISH,D1-20201223-BEARISH,2020-12-25 00:00:00,False,,False,True,False,True
,BLOCKED_BY_UNCERTIFIED_MACRO_BIAS,,2020-12-23 00:00:00,2020-12-24 00:00:00,2020-12-25 00:00:00,False,BEARISH,D1-20201224-BEARISH,2020-12-29 00:00:00,False,,False,True,False,True
,BLOCKED_BY_UNCERTIFIED_MACRO_BIAS,,2020-12-24 00:00:00,2020-12-28 00:00:00,2020-12-29 00:00:00,False,BEARISH,D1-20201228-BEARISH,2020-12-30 00:00:00,False,,False,True,False,True
,BLOCKED_BY_UNCERTIFIED_MACRO_BIAS,,2020-12-28 00:00:00,2020-12-29 00:00:00,2020-12-30 00:00:00,False,BEARISH,D1-20201229-BEARISH,2020-12-31 00:00:00,False,,False,True,False,True
,BLOCKED_BY_UNCERTIFIED_MACRO_BIAS,,2020-12-29 00:00:00,2020-12-30 00:00:00,2020-12-31 00:00:00,False,BEARISH,D1-20201230-BEARISH,2021-01-01 00:00:00,False,,False,True,False,True
,BLOCKED_BY_UNCERTIFIED_MACRO_BIAS,,2020-12-30 00:00:00,2020-12-31 00:00:00,2021-01-01 00:00:00,False,BEARISH,D1-20201231-BEARISH,2021-01-05 00:00:00,False,,False,True,False,True
,BLOCKED_BY_UNCERTIFIED_MACRO_BIAS,,2020-12-31 00:00:00,2021-01-04 00:00:00,2021-01-05 00:00:00,False,BEARISH,D1-20210104-BEARISH,2021-01-06 00:00:00,False,,False,True,False,True
,BLOCKED_BY_UNCERTIFIED_MACRO_BIAS,,2021-01-04 00:00:00,2021-01-05 00:00:00,2021-01-06 00:00:00,False,BEARISH,D1-20210105-BEARISH,2021-01-07 00:00:00,False,,False,True,False,True
,BLOCKED_BY_UNCERTIFIED_MACRO_BIAS,,2021-01-05 00:00:00,2021-01-06 00:00:00,2021-01-07 00:00:00,False,BEARISH,D1-20210106-BEARISH,2021-01-08 00:00:00,False,,False,True,False,True
,BLOCKED_BY_UNCERTIFIED_MACRO_BIAS,,2021-01-06 00:00:00,2021-01-07 00:00:00,2021-01-08 00:00:00,False,BEARISH,D1-20210107-BEARISH,2021-01-09 00:00:00,False,,False,True,False,True
,BLOCKED_BY_UNCERTIFIED_MACRO_BIAS,,2021-01-07 00:00:00,2021-01-08 00:00:00,2021-01-09 00:00:00,False,BEARISH,D1-20210108-BEARISH,2021-01-12 00:00:00,False,,False,True,False,True
,BLOCKED_BY_UNCERTIFIED_MACRO_BIAS,,2021-01-08 00:00:00,2021-01-11 00:00:00,2021-01-12 00:00:00,False,BEARISH,D1-20210111-BEARISH,2021-01-13 00:00:00,False,,False,True,False,True
,BLOCKED_BY_UNCERTIFIED_MACRO_BIAS,0.1643979057591604,2021-01-11 00:00:00,2021-01-12 00:00:00,2021-01-13 00:00:00,True,BULLISH,D1-20210112-BULLISH,2021-01-14 00:00:00,False,,False,True,False,False
,BLOCKED_BY_UNCERTIFIED_MACRO_BIAS,,2021-01-11 00:00:00,2021-01-12 00:00:00,2021-01-13 00:00:00,False,BEARISH,D1-20210112-BEARISH,2021-01-14 00:00:00,False,,False,True,False,True
,BLOCKED_BY_UNCERTIFIED_MACRO_BIAS,,2021-01-12 00:00:00,2021-01-13 00:00:00,2021-01-14 00:00:00,False,BEARISH,D1-20210113-BEARISH,2021-01-15 00:00:00,False,,False,True,False,True
,BLOCKED_BY_UNCERTIFIED_MACRO_BIAS,,2021-01-13 00:00:00,2021-01-14 00:00:00,2021-01-15 00:00:00,False,BEARISH,D1-20210114-BEARISH,2021-01-16 00:00:00,False,,False,True,False,True
,BLOCKED_BY_UNCERTIFIED_MACRO_BIAS,0.25337118523774693,2021-01-15 00:00:00,2021-01-18 00:00:00,2021-01-19 00:00:00,True,BULLISH,D1-20210118-BULLISH,2021-01-20 00:00:00,False,,False,True,False,False
,BLOCKED_BY_UNCERTIFIED_MACRO_BIAS,,2021-01-15 00:00:00,2021-01-18 00:00:00,2021-01-19 00:00:00,False,BEARISH,D1-20210118-BEARISH,2021-01-20 00:00:00,False,,False,True,False,True
,BLOCKED_BY_UNCERTIFIED_MACRO_BIAS,,2021-01-18 00:00:00,2021-01-19 00:00:00,2021-01-20 00:00:00,False,BEARISH,D1-20210119-BEARISH,2021-01-21 00:00:00,False,,False,True,False,True
,BLOCKED_BY_UNCERTIFIED_MACRO_BIAS,,2021-01-19 00:00:00,2021-01-20 00:00:00,2021-01-21 00:00:00,False,BEARISH,D1-20210120-BEARISH,2021-01-22 00:00:00,False,,False,True,False,True
,BLOCKED_BY_UNCERTIFIED_MACRO_BIAS,,2021-01-20 00:00:00,2021-01-21 00:00:00,2021-01-22 00:00:00,False,BEARISH,D1-20210121-BEARISH,2021-01-23 00:00:00,False,,False,True,False,True
,BLOCKED_BY_UNCERTIFIED_MACRO_BIAS,,2021-01-21 00:00:00,2021-01-22 00:00:00,2021-01-23 00:00:00,False,BEARISH,D1-20210122-BEARISH,2021-01-26 00:00:00,False,,False,True,False,True
,BLOCKED_BY_UNCERTIFIED_MACRO_BIAS,,2021-01-22 00:00:00,2021-01-25 00:00:00,2021-01-26 00:00:00,False,BEARISH,D1-20210125-BEARISH,2021-01-27 00:00:00,False,,False,True,False,True
,BLOCKED_BY_UNCERTIFIED_MACRO_BIAS,,2021-01-25 00:00:00,2021-01-26 00:00:00,2021-01-27 00:00:00,False,BEARISH,D1-20210126-BEARISH,2021-01-28 00:00:00,False,,False,True,False,True
,BLOCKED_BY_UNCERTIFIED_MACRO_BIAS,,2021-01-26 00:00:00,2021-01-27 00:00:00,2021-01-28 00:00:00,False,BEARISH,D1-20210127-BEARISH,2021-01-29 00:00:00,False,,False,True,False,True
,BLOCKED_BY_UNCERTIFIED_MACRO_BIAS,,2021-01-27 00:00:00,2021-01-28 00:00:00,2021-01-29 00:00:00,False,BEARISH,D1-20210128-BEARISH,2021-01-30 00:00:00,False,,False,True,False,True
,BLOCKED_BY_UNCERTIFIED_MACRO_BIAS,,2021-01-29 00:00:00,2021-02-01 00:00:00,2021-02-02 00:00:00,False,BEARISH,D1-20210201-BEARISH,2021-02-03 00:00:00,False,,False,True,False,True
,BLOCKED_BY_UNCERTIFIED_MACRO_BIAS,,2021-02-01 00:00:00,2021-02-02 00:00:00,2021-02-03 00:00:00,False,BEARISH,D1-20210202-BEARISH,2021-02-04 00:00:00,False,,False,True,False,True
,BLOCKED_BY_UNCERTIFIED_MACRO_BIAS,0.33576082790340617,2021-02-02 00:00:00,2021-02-03 00:00:00,2021-02-04 00:00:00,True,BEARISH,D1-20210203-BEARISH,2021-02-05 00:00:00,False,,False,True,False,True
,BLOCKED_BY_UNCERTIFIED_MACRO_BIAS,,2021-02-03 00:00:00,2021-02-04 00:00:00,2021-02-05 00:00:00,False,BEARISH,D1-20210204-BEARISH,2021-02-06 00:00:00,False,,False,True,False,True
,BLOCKED_BY_UNCERTIFIED_MACRO_BIAS,,2021-02-04 00:00:00,2021-02-05 00:00:00,2021-02-06 00:00:00,False,BEARISH,D1-20210205-BEARISH,2021-02-09 00:00:00,False,,False,True,False,True
,BLOCKED_BY_UNCERTIFIED_MACRO_BIAS,,2021-02-05 00:00:00,2021-02-08 00:00:00,2021-02-09 00:00:00,False,BEARISH,D1-20210208-BEARISH,2021-02-10 00:00:00,False,,False,True,False,True
,BLOCKED_BY_UNCERTIFIED_MACRO_BIAS,,2021-02-08 00:00:00,2021-02-09 00:00:00,2021-02-10 00:00:00,False,BEARISH,D1-20210209-BEARISH,2021-02-11 00:00:00,False,,False,True,False,True
,BLOCKED_BY_UNCERTIFIED_MACRO_BIAS,,2021-02-09 00:00:00,2021-02-10 00:00:00,2021-02-11 00:00:00,False,BEARISH,D1-20210210-BEARISH,2021-02-12 00:00:00,False,,False,True,False,True
,BLOCKED_BY_UNCERTIFIED_MACRO_BIAS,,2021-02-10 00:00:00,2021-02-11 00:00:00,2021-02-12 00:00:00,False,BEARISH,D1-20210211-BEARISH,2021-02-13 00:00:00,False,,False,True,False,True
,BLOCKED_BY_UNCERTIFIED_MACRO_BIAS,,2021-02-11 00:00:00,2021-02-12 00:00:00,2021-02-13 00:00:00,False,BEARISH,D1-20210212-BEARISH,2021-02-16 00:00:00,False,,False,True,False,True
,BLOCKED_BY_UNCERTIFIED_MACRO_BIAS,,2021-02-12 00:00:00,2021-02-15 00:00:00,2021-02-16 00:00:00,False,BEARISH,D1-20210215-BEARISH,2021-02-17 00:00:00,False,,False,True,False,True
,BLOCKED_BY_UNCERTIFIED_MACRO_BIAS,,2021-02-15 00:00:00,2021-02-16 00:00:00,2021-02-17 00:00:00,False,BEARISH,D1-20210216-BEARISH,2021-02-18 00:00:00,False,,False,True,False,True
,BLOCKED_BY_UNCERTIFIED_MACRO_BIAS,,2021-02-16 00:00:00,2021-02-17 00:00:00,2021-02-18 00:00:00,False,BEARISH,D1-20210217-BEARISH,2021-02-19 00:00:00,False,,False,True,False,True
,BLOCKED_BY_UNCERTIFIED_MACRO_BIAS,,2021-02-17 00:00:00,2021-02-18 00:00:00,2021-02-19 00:00:00,False,BEARISH,D1-20210218-BEARISH,2021-02-20 00:00:00,False,,False,True,False,True
,BLOCKED_BY_UNCERTIFIED_MACRO_BIAS,,2021-02-18 00:00:00,2021-02-19 00:00:00,2021-02-20 00:00:00,False,BEARISH,D1-20210219-BEARISH,2021-02-23 00:00:00,False,,False,True,False,True
,BLOCKED_BY_UNCERTIFIED_MACRO_BIAS,0.19517839922854177,2021-02-25 00:00:00,2021-02-26 00:00:00,2021-02-27 00:00:00,True,BULLISH,D1-20210226-BULLISH,2021-03-02 00:00:00,False,,False,True,False,False
,BLOCKED_BY_UNCERTIFIED_MACRO_BIAS,,2021-03-08 00:00:00,2021-03-09 00:00:00,2021-03-10 00:00:00,False,BULLISH,D1-20210309-BULLISH,2021-03-11 00:00:00,False,,False,True,False,True
,BLOCKED_BY_UNCERTIFIED_MACRO_BIAS,,2021-03-09 00:00:00,2021-03-10 00:00:00,2021-03-11 00:00:00,False,BULLISH,D1-20210310-BULLISH,2021-03-12 00:00:00,False,,False,True,False,True
,BLOCKED_BY_UNCERTIFIED_MACRO_BIAS,0.05852360895588879,2021-03-09 00:00:00,2021-03-10 00:00:00,2021-03-11 00:00:00,True,BEARISH,D1-20210310-BEARISH,2021-03-12 00:00:00,False,,False,True,False,False
,BLOCKED_BY_UNCERTIFIED_MACRO_BIAS,,2021-03-11 00:00:00,2021-03-12 00:00:00,2021-03-13 00:00:00,False,BULLISH,D1-20210312-BULLISH,2021-03-16 00:00:00,False,,False,True,False,True
,BLOCKED_BY_UNCERTIFIED_MACRO_BIAS,,2021-03-16 00:00:00,2021-03-17 00:00:00,2021-03-18 00:00:00,False,BEARISH,D1-20210317-BEARISH,2021-03-19 00:00:00,False,,False,True,False,True
,BLOCKED_BY_UNCERTIFIED_MACRO_BIAS,,2021-03-17 00:00:00,2021-03-18 00:00:00,2021-03-19 00:00:00,False,BULLISH,D1-20210318-BULLISH,2021-03-20 00:00:00,False,,False,True,False,True
,BLOCKED_BY_UNCERTIFIED_MACRO_BIAS,0.08615221987315115,2021-03-18 00:00:00,2021-03-19 00:00:00,2021-03-20 00:00:00,True,BULLISH,D1-20210319-BULLISH,2021-03-23 00:00:00,False,,False,True,False,True
,BLOCKED_BY_UNCERTIFIED_MACRO_BIAS,0.1426275612695864,2021-03-22 00:00:00,2021-03-23 00:00:00,2021-03-24 00:00:00,True,BEARISH,D1-20210323-BEARISH,2021-03-25 00:00:00,False,,False,True,False,False
,BLOCKED_BY_UNCERTIFIED_MACRO_BIAS,,2021-03-23 00:00:00,2021-03-24 00:00:00,2021-03-25 00:00:00,False,BULLISH,D1-20210324-BULLISH,2021-03-26 00:00:00,False,,False,True,False,True
2021-03-26 00:00:00,BLOCKED_BY_UNCERTIFIED_MACRO_BIAS,0.027788649706459348,2021-03-24 00:00:00,2021-03-25 00:00:00,2021-03-26 00:00:00,True,BULLISH,D1-20210325-BULLISH,2021-03-27 00:00:00,False,2021-03-25 20:00:00,True,True,False,True
,BLOCKED_BY_UNCERTIFIED_MACRO_BIAS,0.0502994011976135,2021-03-26 00:00:00,2021-03-29 00:00:00,2021-03-30 00:00:00,True,BEARISH,D1-20210329-BEARISH,2021-03-31 00:00:00,False,,False,True,False,False
,BLOCKED_BY_UNCERTIFIED_MACRO_BIAS,,2021-03-29 00:00:00,2021-03-30 00:00:00,2021-03-31 00:00:00,False,BULLISH,D1-20210330-BULLISH,2021-04-01 00:00:00,False,,False,True,False,True
,BLOCKED_BY_UNCERTIFIED_MACRO_BIAS,,2021-04-01 00:00:00,2021-04-02 00:00:00,2021-04-03 00:00:00,False,BEARISH,D1-20210402-BEARISH,2021-04-06 00:00:00,False,,False,True,False,True
,BLOCKED_BY_UNCERTIFIED_MACRO_BIAS,,2021-04-02 00:00:00,2021-04-05 00:00:00,2021-04-06 00:00:00,False,BEARISH,D1-20210405-BEARISH,2021-04-07 00:00:00,False,,False,True,False,True
,BLOCKED_BY_UNCERTIFIED_MACRO_BIAS,0.06913866357666922,2021-04-05 00:00:00,2021-04-06 00:00:00,2021-04-07 00:00:00,True,BEARISH,D1-20210406-BEARISH,2021-04-08 00:00:00,False,,False,True,False,True
,BLOCKED_BY_UNCERTIFIED_MACRO_BIAS,,2021-04-06 00:00:00,2021-04-07 00:00:00,2021-04-08 00:00:00,False,BEARISH,D1-20210407-BEARISH,2021-04-09 00:00:00,False,,False,True,False,True
,BLOCKED_BY_UNCERTIFIED_MACRO_BIAS,,2021-04-07 00:00:00,2021-04-08 00:00:00,2021-04-09 00:00:00,False,BEARISH,D1-20210408-BEARISH,2021-04-10 00:00:00,False,,False,True,False,True
,BLOCKED_BY_UNCERTIFIED_MACRO_BIAS,,2021-04-08 00:00:00,2021-04-09 00:00:00,2021-04-10 00:00:00,False,BEARISH,D1-20210409-BEARISH,2021-04-13 00:00:00,False,,False,True,False,True
,BLOCKED_BY_UNCERTIFIED_MACRO_BIAS,,2021-04-09 00:00:00,2021-04-12 00:00:00,2021-04-13 00:00:00,False,BEARISH,D1-20210412-BEARISH,2021-04-14 00:00:00,False,,False,True,False,True
,BLOCKED_BY_UNCERTIFIED_MACRO_BIAS,,2021-04-12 00:00:00,2021-04-13 00:00:00,2021-04-14 00:00:00,False,BEARISH,D1-20210413-BEARISH,2021-04-15 00:00:00,False,,False,True,False,True
,BLOCKED_BY_UNCERTIFIED_MACRO_BIAS,,2021-04-13 00:00:00,2021-04-14 00:00:00,2021-04-15 00:00:00,False,BEARISH,D1-20210414-BEARISH,2021-04-16 00:00:00,False,,False,True,False,True
,BLOCKED_BY_UNCERTIFIED_MACRO_BIAS,,2021-04-14 00:00:00,2021-04-15 00:00:00,2021-04-16 00:00:00,False,BEARISH,D1-20210415-BEARISH,2021-04-17 00:00:00,False,,False,True,False,True
,BLOCKED_BY_UNCERTIFIED_MACRO_BIAS,0.18820726622989048,2021-04-15 00:00:00,2021-04-16 00:00:00,2021-04-17 00:00:00,True,BEARISH,D1-20210416-BEARISH,2021-04-20 00:00:00,False,,False,True,False,True
,BLOCKED_BY_UNCERTIFIED_MACRO_BIAS,,2021-04-16 00:00:00,2021-04-19 00:00:00,2021-04-20 00:00:00,False,BEARISH,D1-20210419-BEARISH,2021-04-21 00:00:00,False,,False,True,False,True
,BLOCKED_BY_UNCERTIFIED_MACRO_BIAS,,2021-04-19 00:00:00,2021-04-20 00:00:00,2021-04-21 00:00:00,False,BEARISH,D1-20210420-BEARISH,2021-04-22 00:00:00,False,,False,True,False,True
,BLOCKED_BY_UNCERTIFIED_MACRO_BIAS,,2021-04-20 00:00:00,2021-04-21 00:00:00,2021-04-22 00:00:00,False,BEARISH,D1-20210421-BEARISH,2021-04-23 00:00:00,False,,False,True,False,True
,BLOCKED_BY_UNCERTIFIED_MACRO_BIAS,,2021-04-21 00:00:00,2021-04-22 00:00:00,2021-04-23 00:00:00,False,BEARISH,D1-20210422-BEARISH,2021-04-24 00:00:00,False,,False,True,False,True
,BLOCKED_BY_UNCERTIFIED_MACRO_BIAS,,2021-04-22 00:00:00,2021-04-23 00:00:00,2021-04-24 00:00:00,False,BEARISH,D1-20210423-BEARISH,2021-04-27 00:00:00,False,,False,True,False,True
,BLOCKED_BY_UNCERTIFIED_MACRO_BIAS,,2021-04-23 00:00:00,2021-04-26 00:00:00,2021-04-27 00:00:00,False,BEARISH,D1-20210426-BEARISH,2021-04-28 00:00:00,False,,False,True,False,True
,BLOCKED_BY_UNCERTIFIED_MACRO_BIAS,,2021-04-26 00:00:00,2021-04-27 00:00:00,2021-04-28 00:00:00,False,BEARISH,D1-20210427-BEARISH,2021-04-29 00:00:00,False,,False,True,False,True
,BLOCKED_BY_UNCERTIFIED_MACRO_BIAS,0.21794871794871098,2021-04-27 00:00:00,2021-04-28 00:00:00,2021-04-29 00:00:00,True,BULLISH,D1-20210428-BULLISH,2021-04-30 00:00:00,False,,False,True,False,False
,BLOCKED_BY_UNCERTIFIED_MACRO_BIAS,,2021-04-27 00:00:00,2021-04-28 00:00:00,2021-04-29 00:00:00,False,BEARISH,D1-20210428-BEARISH,2021-04-30 00:00:00,False,,False,True,False,True
,BLOCKED_BY_UNCERTIFIED_MACRO_BIAS,,2021-04-28 00:00:00,2021-04-29 00:00:00,2021-04-30 00:00:00,False,BEARISH,D1-20210429-BEARISH,2021-05-01 00:00:00,False,,False,True,False,True
,BLOCKED_BY_UNCERTIFIED_MACRO_BIAS,,2021-04-29 00:00:00,2021-04-30 00:00:00,2021-05-01 00:00:00,False,BEARISH,D1-20210430-BEARISH,2021-05-04 00:00:00,False,,False,True,False,True
,BLOCKED_BY_UNCERTIFIED_MACRO_BIAS,,2021-04-30 00:00:00,2021-05-03 00:00:00,2021-05-04 00:00:00,False,BEARISH,D1-20210503-BEARISH,2021-05-05 00:00:00,False,,False,True,False,True
,BLOCKED_BY_UNCERTIFIED_MACRO_BIAS,,2021-05-06 00:00:00,2021-05-07 00:00:00,2021-05-08 00:00:00,False,BEARISH,D1-20210507-BEARISH,2021-05-11 00:00:00,False,,False,True,False,True
,BLOCKED_BY_UNCERTIFIED_MACRO_BIAS,0.0009955201592823219,2021-05-10 00:00:00,2021-05-11 00:00:00,2021-05-12 00:00:00,True,BULLISH,D1-20210511-BULLISH,2021-05-13 00:00:00,False,,False,True,False,False
,BLOCKED_BY_UNCERTIFIED_MACRO_BIAS,0.3194012990680606,2021-05-12 00:00:00,2021-05-13 00:00:00,2021-05-14 00:00:00,True,BULLISH,D1-20210513-BULLISH,2021-05-15 00:00:00,False,,False,True,False,False
,BLOCKED_BY_UNCERTIFIED_MACRO_BIAS,0.21566068515497672,2021-05-14 00:00:00,2021-05-17 00:00:00,2021-05-18 00:00:00,True,BEARISH,D1-20210517-BEARISH,2021-05-19 00:00:00,False,,False,True,False,False
,BLOCKED_BY_UNCERTIFIED_MACRO_BIAS,0.27949790794978774,2021-05-18 00:00:00,2021-05-19 00:00:00,2021-05-20 00:00:00,True,BULLISH,D1-20210519-BULLISH,2021-05-21 00:00:00,False,,False,True,False,False
,BLOCKED_BY_UNCERTIFIED_MACRO_BIAS,,2021-05-19 00:00:00,2021-05-20 00:00:00,2021-05-21 00:00:00,False,BEARISH,D1-20210520-BEARISH,2021-05-22 00:00:00,False,,False,True,False,True
,BLOCKED_BY_UNCERTIFIED_MACRO_BIAS,0.2840409956076159,2021-05-20 00:00:00,2021-05-21 00:00:00,2021-05-22 00:00:00,True,BEARISH,D1-20210521-BEARISH,2021-05-25 00:00:00,False,,False,True,False,False
,BLOCKED_BY_UNCERTIFIED_MACRO_BIAS,,2021-05-21 00:00:00,2021-05-24 00:00:00,2021-05-25 00:00:00,False,BEARISH,D1-20210524-BEARISH,2021-05-26 00:00:00,False,,False,True,False,True
,BLOCKED_BY_UNCERTIFIED_MACRO_BIAS,0.056525037936266,2021-05-24 00:00:00,2021-05-25 00:00:00,2021-05-26 00:00:00,True,BEARISH,D1-20210525-BEARISH,2021-05-27 00:00:00,False,,False,True,False,True
,BLOCKED_BY_UNCERTIFIED_MACRO_BIAS,,2021-05-25 00:00:00,2021-05-26 00:00:00,2021-05-27 00:00:00,False,BEARISH,D1-20210526-BEARISH,2021-05-28 00:00:00,False,,False,True,False,True
,BLOCKED_BY_UNCERTIFIED_MACRO_BIAS,,2021-05-26 00:00:00,2021-05-27 00:00:00,2021-05-28 00:00:00,False,BEARISH,D1-20210527-BEARISH,2021-05-29 00:00:00,False,,False,True,False,True
,BLOCKED_BY_UNCERTIFIED_MACRO_BIAS,,2021-05-27 00:00:00,2021-05-28 00:00:00,2021-05-29 00:00:00,False,BEARISH,D1-20210528-BEARISH,2021-06-01 00:00:00,False,,False,True,False,True
,BLOCKED_BY_UNCERTIFIED_MACRO_BIAS,,2021-05-28 00:00:00,2021-05-31 00:00:00,2021-06-01 00:00:00,False,BEARISH,D1-20210531-BEARISH,2021-06-02 00:00:00,False,,False,True,False,True
,BLOCKED_BY_UNCERTIFIED_MACRO_BIAS,,2021-05-31 00:00:00,2021-06-01 00:00:00,2021-06-02 00:00:00,False,BEARISH,D1-20210601-BEARISH,2021-06-03 00:00:00,False,,False,True,False,True
,BLOCKED_BY_UNCERTIFIED_MACRO_BIAS,,2021-06-01 00:00:00,2021-06-02 00:00:00,2021-06-03 00:00:00,False,BEARISH,D1-20210602-BEARISH,2021-06-04 00:00:00,False,,False,True,False,True
,BLOCKED_BY_UNCERTIFIED_MACRO_BIAS,,2021-06-03 00:00:00,2021-06-04 00:00:00,2021-06-05 00:00:00,False,BEARISH,D1-20210604-BEARISH,2021-06-08 00:00:00,False,,False,True,False,True
,BLOCKED_BY_UNCERTIFIED_MACRO_BIAS,,2021-06-04 00:00:00,2021-06-07 00:00:00,2021-06-08 00:00:00,False,BEARISH,D1-20210607-BEARISH,2021-06-09 00:00:00,False,,False,True,False,True
2021-06-09 00:00:00,BLOCKED_BY_UNCERTIFIED_MACRO_BIAS,0.24301075268819552,2021-06-07 00:00:00,2021-06-08 00:00:00,2021-06-09 00:00:00,True,BEARISH,D1-20210608-BEARISH,2021-06-10 00:00:00,False,2021-06-08 08:00:00,True,True,False,True
,BLOCKED_BY_UNCERTIFIED_MACRO_BIAS,,2021-06-08 00:00:00,2021-06-09 00:00:00,2021-06-10 00:00:00,False,BEARISH,D1-20210609-BEARISH,2021-06-11 00:00:00,False,,False,True,False,True
,BLOCKED_BY_UNCERTIFIED_MACRO_BIAS,,2021-06-09 00:00:00,2021-06-10 00:00:00,2021-06-11 00:00:00,False,BEARISH,D1-20210610-BEARISH,2021-06-12 00:00:00,False,,False,True,False,True
,BLOCKED_BY_UNCERTIFIED_MACRO_BIAS,,2021-06-10 00:00:00,2021-06-11 00:00:00,2021-06-12 00:00:00,False,BEARISH,D1-20210611-BEARISH,2021-06-15 00:00:00,False,,False,True,False,True
,BLOCKED_BY_UNCERTIFIED_MACRO_BIAS,,2021-06-11 00:00:00,2021-06-14 00:00:00,2021-06-15 00:00:00,False,BEARISH,D1-20210614-BEARISH,2021-06-16 00:00:00,False,,False,True,False,True
,BLOCKED_BY_UNCERTIFIED_MACRO_BIAS,,2021-06-14 00:00:00,2021-06-15 00:00:00,2021-06-16 00:00:00,False,BEARISH,D1-20210615-BEARISH,2021-06-17 00:00:00,False,,False,True,False,True
,BLOCKED_BY_UNCERTIFIED_MACRO_BIAS,,2021-06-15 00:00:00,2021-06-16 00:00:00,2021-06-17 00:00:00,False,BEARISH,D1-20210616-BEARISH,2021-06-18 00:00:00,False,,False,True,False,True
,BLOCKED_BY_UNCERTIFIED_MACRO_BIAS,,2021-06-16 00:00:00,2021-06-17 00:00:00,2021-06-18 00:00:00,False,BEARISH,D1-20210617-BEARISH,2021-06-19 00:00:00,False,,False,True,False,True
,BLOCKED_BY_UNCERTIFIED_MACRO_BIAS,,2021-06-17 00:00:00,2021-06-18 00:00:00,2021-06-19 00:00:00,False,BEARISH,D1-20210618-BEARISH,2021-06-22 00:00:00,False,,False,True,False,True
,BLOCKED_BY_UNCERTIFIED_MACRO_BIAS,,2021-06-18 00:00:00,2021-06-21 00:00:00,2021-06-22 00:00:00,False,BEARISH,D1-20210621-BEARISH,2021-06-23 00:00:00,False,,False,True,False,True
,BLOCKED_BY_UNCERTIFIED_MACRO_BIAS,,2021-06-21 00:00:00,2021-06-22 00:00:00,2021-06-23 00:00:00,False,BEARISH,D1-20210622-BEARISH,2021-06-24 00:00:00,False,,False,True,False,True
,BLOCKED_BY_UNCERTIFIED_MACRO_BIAS,0.01436130007559667,2021-06-22 00:00:00,2021-06-23 00:00:00,2021-06-24 00:00:00,True,BEARISH,D1-20210623-BEARISH,2021-06-25 00:00:00,False,,False,True,False,True
,BLOCKED_BY_UNCERTIFIED_MACRO_BIAS,,2021-06-23 00:00:00,2021-06-24 00:00:00,2021-06-25 00:00:00,False,BEARISH,D1-20210624-BEARISH,2021-06-26 00:00:00,False,,False,True,False,True
,BLOCKED_BY_UNCERTIFIED_MACRO_BIAS,,2021-06-24 00:00:00,2021-06-25 00:00:00,2021-06-26 00:00:00,False,BEARISH,D1-20210625-BEARISH,2021-06-29 00:00:00,False,,False,True,False,True
,BLOCKED_BY_UNCERTIFIED_MACRO_BIAS,,2021-06-25 00:00:00,2021-06-28 00:00:00,2021-06-29 00:00:00,False,BEARISH,D1-20210628-BEARISH,2021-06-30 00:00:00,False,,False,True,False,True
,BLOCKED_BY_UNCERTIFIED_MACRO_BIAS,,2021-06-28 00:00:00,2021-06-29 00:00:00,2021-06-30 00:00:00,False,BEARISH,D1-20210629-BEARISH,2021-07-01 00:00:00,False,,False,True,False,True
,BLOCKED_BY_UNCERTIFIED_MACRO_BIAS,0.3462441314553961,2021-06-29 00:00:00,2021-06-30 00:00:00,2021-07-01 00:00:00,True,BEARISH,D1-20210630-BEARISH,2021-07-02 00:00:00,False,,False,True,False,True
,BLOCKED_BY_UNCERTIFIED_MACRO_BIAS,,2021-06-30 00:00:00,2021-07-01 00:00:00,2021-07-02 00:00:00,False,BEARISH,D1-20210701-BEARISH,2021-07-03 00:00:00,False,,False,True,False,True
,BLOCKED_BY_UNCERTIFIED_MACRO_BIAS,,2021-07-01 00:00:00,2021-07-02 00:00:00,2021-07-03 00:00:00,False,BEARISH,D1-20210702-BEARISH,2021-07-06 00:00:00,False,,False,True,False,True
,BLOCKED_BY_UNCERTIFIED_MACRO_BIAS,,2021-07-02 00:00:00,2021-07-05 00:00:00,2021-07-06 00:00:00,False,BEARISH,D1-20210705-BEARISH,2021-07-07 00:00:00,False,,False,True,False,True
,BLOCKED_BY_UNCERTIFIED_MACRO_BIAS,,2021-07-05 00:00:00,2021-07-06 00:00:00,2021-07-07 00:00:00,False,BEARISH,D1-20210706-BEARISH,2021-07-08 00:00:00,False,,False,True,False,True
,BLOCKED_BY_UNCERTIFIED_MACRO_BIAS,,2021-07-06 00:00:00,2021-07-07 00:00:00,2021-07-08 00:00:00,False,BEARISH,D1-20210707-BEARISH,2021-07-09 00:00:00,False,,False,True,False,True
,BLOCKED_BY_UNCERTIFIED_MACRO_BIAS,,2021-07-07 00:00:00,2021-07-08 00:00:00,2021-07-09 00:00:00,False,BEARISH,D1-20210708-BEARISH,2021-07-10 00:00:00,False,,False,True,False,True
,BLOCKED_BY_UNCERTIFIED_MACRO_BIAS,,2021-07-08 00:00:00,2021-07-09 00:00:00,2021-07-10 00:00:00,False,BEARISH,D1-20210709-BEARISH,2021-07-13 00:00:00,False,,False,True,False,True
,BLOCKED_BY_UNCERTIFIED_MACRO_BIAS,,2021-07-09 00:00:00,2021-07-12 00:00:00,2021-07-13 00:00:00,False,BEARISH,D1-20210712-BEARISH,2021-07-14 00:00:00,False,,False,True,False,True
,BLOCKED_BY_UNCERTIFIED_MACRO_BIAS,0.27376425855513375,2021-07-12 00:00:00,2021-07-13 00:00:00,2021-07-14 00:00:00,True,BEARISH,D1-20210713-BEARISH,2021-07-15 00:00:00,False,,False,True,False,True
,BLOCKED_BY_UNCERTIFIED_MACRO_BIAS,,2021-07-13 00:00:00,2021-07-14 00:00:00,2021-07-15 00:00:00,False,BEARISH,D1-20210714-BEARISH,2021-07-16 00:00:00,False,,False,True,False,True
,BLOCKED_BY_UNCERTIFIED_MACRO_BIAS,,2021-07-14 00:00:00,2021-07-15 00:00:00,2021-07-16 00:00:00,False,BEARISH,D1-20210715-BEARISH,2021-07-17 00:00:00,False,,False,True,False,True
,BLOCKED_BY_UNCERTIFIED_MACRO_BIAS,,2021-07-15 00:00:00,2021-07-16 00:00:00,2021-07-17 00:00:00,False,BEARISH,D1-20210716-BEARISH,2021-07-20 00:00:00,False,,False,True,False,True
,BLOCKED_BY_UNCERTIFIED_MACRO_BIAS,,2021-07-16 00:00:00,2021-07-19 00:00:00,2021-07-20 00:00:00,False,BEARISH,D1-20210719-BEARISH,2021-07-21 00:00:00,False,,False,True,False,True
,BLOCKED_BY_UNCERTIFIED_MACRO_BIAS,,2021-07-19 00:00:00,2021-07-20 00:00:00,2021-07-21 00:00:00,False,BEARISH,D1-20210720-BEARISH,2021-07-22 00:00:00,False,,False,True,False,True
,BLOCKED_BY_UNCERTIFIED_MACRO_BIAS,,2021-07-20 00:00:00,2021-07-21 00:00:00,2021-07-22 00:00:00,False,BEARISH,D1-20210721-BEARISH,2021-07-23 00:00:00,False,,False,True,False,True
,BLOCKED_BY_UNCERTIFIED_MACRO_BIAS,,2021-07-21 00:00:00,2021-07-22 00:00:00,2021-07-23 00:00:00,False,BEARISH,D1-20210722-BEARISH,2021-07-24 00:00:00,False,,False,True,False,True
,BLOCKED_BY_UNCERTIFIED_MACRO_BIAS,,2021-07-22 00:00:00,2021-07-23 00:00:00,2021-07-24 00:00:00,False,BEARISH,D1-20210723-BEARISH,2021-07-27 00:00:00,False,,False,True,False,True
,BLOCKED_BY_UNCERTIFIED_MACRO_BIAS,,2021-07-23 00:00:00,2021-07-26 00:00:00,2021-07-27 00:00:00,False,BEARISH,D1-20210726-BEARISH,2021-07-28 00:00:00,False,,False,True,False,True
,BLOCKED_BY_UNCERTIFIED_MACRO_BIAS,,2021-07-26 00:00:00,2021-07-27 00:00:00,2021-07-28 00:00:00,False,BEARISH,D1-20210727-BEARISH,2021-07-29 00:00:00,False,,False,True,False,True
,BLOCKED_BY_UNCERTIFIED_MACRO_BIAS,,2021-07-27 00:00:00,2021-07-28 00:00:00,2021-07-29 00:00:00,False,BEARISH,D1-20210728-BEARISH,2021-07-30 00:00:00,False,,False,True,False,True
,BLOCKED_BY_UNCERTIFIED_MACRO_BIAS,,2021-07-28 00:00:00,2021-07-29 00:00:00,2021-07-30 00:00:00,False,BEARISH,D1-20210729-BEARISH,2021-07-31 00:00:00,False,,False,True,False,True
,BLOCKED_BY_UNCERTIFIED_MACRO_BIAS,,2021-07-29 00:00:00,2021-07-30 00:00:00,2021-07-31 00:00:00,False,BEARISH,D1-20210730-BEARISH,2021-08-03 00:00:00,False,,False,True,False,True
,BLOCKED_BY_UNCERTIFIED_MACRO_BIAS,0.17353951890034772,2021-07-30 00:00:00,2021-08-02 00:00:00,2021-08-03 00:00:00,True,BEARISH,D1-20210802-BEARISH,2021-08-04 00:00:00,False,,False,True,False,True
,BLOCKED_BY_UNCERTIFIED_MACRO_BIAS,,2021-08-02 00:00:00,2021-08-03 00:00:00,2021-08-04 00:00:00,False,BEARISH,D1-20210803-BEARISH,2021-08-05 00:00:00,False,,False,True,False,True
,BLOCKED_BY_UNCERTIFIED_MACRO_BIAS,,2021-08-03 00:00:00,2021-08-04 00:00:00,2021-08-05 00:00:00,False,BEARISH,D1-20210804-BEARISH,2021-08-06 00:00:00,False,,False,True,False,True
,BLOCKED_BY_UNCERTIFIED_MACRO_BIAS,,2021-08-04 00:00:00,2021-08-05 00:00:00,2021-08-06 00:00:00,False,BEARISH,D1-20210805-BEARISH,2021-08-07 00:00:00,False,,False,True,False,True
,BLOCKED_BY_UNCERTIFIED_MACRO_BIAS,,2021-08-05 00:00:00,2021-08-06 00:00:00,2021-08-07 00:00:00,False,BEARISH,D1-20210806-BEARISH,2021-08-10 00:00:00,False,,False,True,False,True
,BLOCKED_BY_UNCERTIFIED_MACRO_BIAS,0.46747967479675256,2021-08-06 00:00:00,2021-08-09 00:00:00,2021-08-10 00:00:00,True,BULLISH,D1-20210809-BULLISH,2021-08-11 00:00:00,False,,False,True,False,False
,BLOCKED_BY_UNCERTIFIED_MACRO_BIAS,,2021-08-06 00:00:00,2021-08-09 00:00:00,2021-08-10 00:00:00,False,BEARISH,D1-20210809-BEARISH,2021-08-11 00:00:00,False,,False,True,False,True
,BLOCKED_BY_UNCERTIFIED_MACRO_BIAS,,2021-08-09 00:00:00,2021-08-10 00:00:00,2021-08-11 00:00:00,False,BEARISH,D1-20210810-BEARISH,2021-08-12 00:00:00,False,,False,True,False,True
,BLOCKED_BY_UNCERTIFIED_MACRO_BIAS,0.4745972738537768,2021-08-10 00:00:00,2021-08-11 00:00:00,2021-08-12 00:00:00,True,BULLISH,D1-20210811-BULLISH,2021-08-13 00:00:00,False,,False,True,False,False
,BLOCKED_BY_UNCERTIFIED_MACRO_BIAS,,2021-08-10 00:00:00,2021-08-11 00:00:00,2021-08-12 00:00:00,False,BEARISH,D1-20210811-BEARISH,2021-08-13 00:00:00,False,,False,True,False,True
,BLOCKED_BY_UNCERTIFIED_MACRO_BIAS,,2021-08-11 00:00:00,2021-08-12 00:00:00,2021-08-13 00:00:00,False,BEARISH,D1-20210812-BEARISH,2021-08-14 00:00:00,False,,False,True,False,True
,BLOCKED_BY_UNCERTIFIED_MACRO_BIAS,,2021-08-12 00:00:00,2021-08-13 00:00:00,2021-08-14 00:00:00,False,BEARISH,D1-20210813-BEARISH,2021-08-17 00:00:00,False,,False,True,False,True
,BLOCKED_BY_UNCERTIFIED_MACRO_BIAS,,2021-08-13 00:00:00,2021-08-16 00:00:00,2021-08-17 00:00:00,False,BEARISH,D1-20210816-BEARISH,2021-08-18 00:00:00,False,,False,True,False,True
,BLOCKED_BY_UNCERTIFIED_MACRO_BIAS,,2021-08-19 00:00:00,2021-08-20 00:00:00,2021-08-21 00:00:00,False,BEARISH,D1-20210820-BEARISH,2021-08-24 00:00:00,False,,False,True,False,True
,BLOCKED_BY_UNCERTIFIED_MACRO_BIAS,,2021-08-20 00:00:00,2021-08-23 00:00:00,2021-08-24 00:00:00,False,BEARISH,D1-20210823-BEARISH,2021-08-25 00:00:00,False,,False,True,False,True
,BLOCKED_BY_UNCERTIFIED_MACRO_BIAS,,2021-08-23 00:00:00,2021-08-24 00:00:00,2021-08-25 00:00:00,False,BEARISH,D1-20210824-BEARISH,2021-08-26 00:00:00,False,,False,True,False,True
,BLOCKED_BY_UNCERTIFIED_MACRO_BIAS,0.13888888888889045,2021-08-24 00:00:00,2021-08-25 00:00:00,2021-08-26 00:00:00,True,BEARISH,D1-20210825-BEARISH,2021-08-27 00:00:00,False,,False,True,False,True
,BLOCKED_BY_UNCERTIFIED_MACRO_BIAS,,2021-08-25 00:00:00,2021-08-26 00:00:00,2021-08-27 00:00:00,False,BEARISH,D1-20210826-BEARISH,2021-08-28 00:00:00,False,,False,True,False,True
,BLOCKED_BY_UNCERTIFIED_MACRO_BIAS,,2021-08-26 00:00:00,2021-08-27 00:00:00,2021-08-28 00:00:00,False,BEARISH,D1-20210827-BEARISH,2021-08-31 00:00:00,False,,False,True,False,True
,BLOCKED_BY_UNCERTIFIED_MACRO_BIAS,,2021-08-27 00:00:00,2021-08-30 00:00:00,2021-08-31 00:00:00,False,BEARISH,D1-20210830-BEARISH,2021-09-01 00:00:00,False,,False,True,False,True
2021-09-01 12:00:00,BLOCKED_BY_UNCERTIFIED_MACRO_BIAS,0.049246813441483094,2021-08-30 00:00:00,2021-08-31 00:00:00,2021-09-01 00:00:00,True,BEARISH,D1-20210831-BEARISH,2021-09-02 00:00:00,False,2021-09-01 12:00:00,True,True,False,True
,BLOCKED_BY_UNCERTIFIED_MACRO_BIAS,,2021-08-31 00:00:00,2021-09-01 00:00:00,2021-09-02 00:00:00,False,BEARISH,D1-20210901-BEARISH,2021-09-03 00:00:00,False,,False,True,False,True
,BLOCKED_BY_UNCERTIFIED_MACRO_BIAS,,2021-09-01 00:00:00,2021-09-02 00:00:00,2021-09-03 00:00:00,False,BEARISH,D1-20210902-BEARISH,2021-09-04 00:00:00,False,,False,True,False,True
,BLOCKED_BY_UNCERTIFIED_MACRO_BIAS,,2021-09-02 00:00:00,2021-09-03 00:00:00,2021-09-04 00:00:00,False,BEARISH,D1-20210903-BEARISH,2021-09-07 00:00:00,False,,False,True,False,True
,BLOCKED_BY_UNCERTIFIED_MACRO_BIAS,,2021-09-03 00:00:00,2021-09-06 00:00:00,2021-09-07 00:00:00,False,BEARISH,D1-20210906-BEARISH,2021-09-08 00:00:00,False,,False,True,False,True
,BLOCKED_BY_UNCERTIFIED_MACRO_BIAS,,2021-09-06 00:00:00,2021-09-07 00:00:00,2021-09-08 00:00:00,False,BEARISH,D1-20210907-BEARISH,2021-09-09 00:00:00,False,,False,True,False,True
,BLOCKED_BY_UNCERTIFIED_MACRO_BIAS,,2021-09-07 00:00:00,2021-09-08 00:00:00,2021-09-09 00:00:00,False,BEARISH,D1-20210908-BEARISH,2021-09-10 00:00:00,False,,False,True,False,True
,BLOCKED_BY_UNCERTIFIED_MACRO_BIAS,,2021-09-08 00:00:00,2021-09-09 00:00:00,2021-09-10 00:00:00,False,BEARISH,D1-20210909-BEARISH,2021-09-11 00:00:00,False,,False,True,False,True
,BLOCKED_BY_UNCERTIFIED_MACRO_BIAS,,2021-09-09 00:00:00,2021-09-10 00:00:00,2021-09-11 00:00:00,False,BEARISH,D1-20210910-BEARISH,2021-09-14 00:00:00,False,,False,True,False,True
,BLOCKED_BY_UNCERTIFIED_MACRO_BIAS,0.04281891168600425,2021-09-10 00:00:00,2021-09-13 00:00:00,2021-09-14 00:00:00,True,BULLISH,D1-20210913-BULLISH,2021-09-15 00:00:00,False,,False,True,False,False
,BLOCKED_BY_UNCERTIFIED_MACRO_BIAS,,2021-09-10 00:00:00,2021-09-13 00:00:00,2021-09-14 00:00:00,False,BEARISH,D1-20210913-BEARISH,2021-09-15 00:00:00,False,,False,True,False,True
,BLOCKED_BY_UNCERTIFIED_MACRO_BIAS,,2021-09-14 00:00:00,2021-09-15 00:00:00,2021-09-16 00:00:00,False,BEARISH,D1-20210915-BEARISH,2021-09-17 00:00:00,False,,False,True,False,True
2021-09-17 12:00:00,BLOCKED_BY_UNCERTIFIED_MACRO_BIAS,0.08492201039862324,2021-09-15 00:00:00,2021-09-16 00:00:00,2021-09-17 00:00:00,True,BEARISH,D1-20210916-BEARISH,2021-09-18 00:00:00,False,2021-09-17 12:00:00,True,True,False,True
,BLOCKED_BY_UNCERTIFIED_MACRO_BIAS,0.02947733465444555,2021-09-28 00:00:00,2021-09-29 00:00:00,2021-09-30 00:00:00,True,BULLISH,D1-20210929-BULLISH,2021-10-01 00:00:00,False,,False,True,False,False
,BLOCKED_BY_UNCERTIFIED_MACRO_BIAS,,2021-10-01 00:00:00,2021-10-04 00:00:00,2021-10-05 00:00:00,False,BULLISH,D1-20211004-BULLISH,2021-10-06 00:00:00,False,,False,True,False,True
,BLOCKED_BY_UNCERTIFIED_MACRO_BIAS,,2021-10-04 00:00:00,2021-10-05 00:00:00,2021-10-06 00:00:00,False,BULLISH,D1-20211005-BULLISH,2021-10-07 00:00:00,False,,False,True,False,True
,BLOCKED_BY_UNCERTIFIED_MACRO_BIAS,,2021-10-05 00:00:00,2021-10-06 00:00:00,2021-10-07 00:00:00,False,BULLISH,D1-20211006-BULLISH,2021-10-08 00:00:00,False,,False,True,False,True
,BLOCKED_BY_UNCERTIFIED_MACRO_BIAS,,2021-10-06 00:00:00,2021-10-07 00:00:00,2021-10-08 00:00:00,False,BULLISH,D1-20211007-BULLISH,2021-10-09 00:00:00,False,,False,True,False,True
,BLOCKED_BY_UNCERTIFIED_MACRO_BIAS,,2021-10-07 00:00:00,2021-10-08 00:00:00,2021-10-09 00:00:00,False,BULLISH,D1-20211008-BULLISH,2021-10-12 00:00:00,False,,False,True,False,True
,BLOCKED_BY_UNCERTIFIED_MACRO_BIAS,,2021-10-08 00:00:00,2021-10-11 00:00:00,2021-10-12 00:00:00,False,BULLISH,D1-20211011-BULLISH,2021-10-13 00:00:00,False,,False,True,False,True
,BLOCKED_BY_UNCERTIFIED_MACRO_BIAS,,2021-10-11 00:00:00,2021-10-12 00:00:00,2021-10-13 00:00:00,False,BULLISH,D1-20211012-BULLISH,2021-10-14 00:00:00,False,,False,True,False,True
,BLOCKED_BY_UNCERTIFIED_MACRO_BIAS,,2021-10-12 00:00:00,2021-10-13 00:00:00,2021-10-14 00:00:00,False,BULLISH,D1-20211013-BULLISH,2021-10-15 00:00:00,False,,False,True,False,True
,BLOCKED_BY_UNCERTIFIED_MACRO_BIAS,0.4176610978520262,2021-10-19 00:00:00,2021-10-20 00:00:00,2021-10-21 00:00:00,True,BEARISH,D1-20211020-BEARISH,2021-10-22 00:00:00,False,,False,True,False,True
,BLOCKED_BY_UNCERTIFIED_MACRO_BIAS,,2021-10-20 00:00:00,2021-10-21 00:00:00,2021-10-22 00:00:00,False,BEARISH,D1-20211021-BEARISH,2021-10-23 00:00:00,False,,False,True,False,True
,BLOCKED_BY_UNCERTIFIED_MACRO_BIAS,,2021-10-21 00:00:00,2021-10-22 00:00:00,2021-10-23 00:00:00,False,BEARISH,D1-20211022-BEARISH,2021-10-26 00:00:00,False,,False,True,False,True
,BLOCKED_BY_UNCERTIFIED_MACRO_BIAS,,2021-10-22 00:00:00,2021-10-25 00:00:00,2021-10-26 00:00:00,False,BEARISH,D1-20211025-BEARISH,2021-10-27 00:00:00,False,,False,True,False,True
,BLOCKED_BY_UNCERTIFIED_MACRO_BIAS,0.061559507523940016,2021-10-25 00:00:00,2021-10-26 00:00:00,2021-10-27 00:00:00,True,BEARISH,D1-20211026-BEARISH,2021-10-28 00:00:00,False,,False,True,False,True
,BLOCKED_BY_UNCERTIFIED_MACRO_BIAS,,2021-10-26 00:00:00,2021-10-27 00:00:00,2021-10-28 00:00:00,False,BEARISH,D1-20211027-BEARISH,2021-10-29 00:00:00,False,,False,True,False,True
,BLOCKED_BY_UNCERTIFIED_MACRO_BIAS,,2021-10-27 00:00:00,2021-10-28 00:00:00,2021-10-29 00:00:00,False,BEARISH,D1-20211028-BEARISH,2021-10-30 00:00:00,False,,False,True,False,True
,BLOCKED_BY_UNCERTIFIED_MACRO_BIAS,,2021-10-28 00:00:00,2021-10-29 00:00:00,2021-10-30 00:00:00,False,BEARISH,D1-20211029-BEARISH,2021-11-02 00:00:00,False,,False,True,False,True
,BLOCKED_BY_UNCERTIFIED_MACRO_BIAS,,2021-10-29 00:00:00,2021-11-01 00:00:00,2021-11-02 00:00:00,False,BEARISH,D1-20211101-BEARISH,2021-11-03 00:00:00,False,,False,True,False,True
,BLOCKED_BY_UNCERTIFIED_MACRO_BIAS,,2021-11-01 00:00:00,2021-11-02 00:00:00,2021-11-03 00:00:00,False,BEARISH,D1-20211102-BEARISH,2021-11-04 00:00:00,False,,False,True,False,True
,BLOCKED_BY_UNCERTIFIED_MACRO_BIAS,,2021-11-02 00:00:00,2021-11-03 00:00:00,2021-11-04 00:00:00,False,BEARISH,D1-20211103-BEARISH,2021-11-05 00:00:00,False,,False,True,False,True
,BLOCKED_BY_UNCERTIFIED_MACRO_BIAS,,2021-11-03 00:00:00,2021-11-04 00:00:00,2021-11-05 00:00:00,False,BEARISH,D1-20211104-BEARISH,2021-11-06 00:00:00,False,,False,True,False,True
2021-11-06 00:00:00,BLOCKED_BY_UNCERTIFIED_MACRO_BIAS,0.05686746987952333,2021-11-04 00:00:00,2021-11-05 00:00:00,2021-11-06 00:00:00,True,BEARISH,D1-20211105-BEARISH,2021-11-09 00:00:00,False,2021-11-05 20:00:00,True,True,False,True
,BLOCKED_BY_UNCERTIFIED_MACRO_BIAS,,2021-11-05 00:00:00,2021-11-08 00:00:00,2021-11-09 00:00:00,False,BEARISH,D1-20211108-BEARISH,2021-11-10 00:00:00,False,,False,True,False,True
,BLOCKED_BY_UNCERTIFIED_MACRO_BIAS,,2021-11-08 00:00:00,2021-11-09 00:00:00,2021-11-10 00:00:00,False,BEARISH,D1-20211109-BEARISH,2021-11-11 00:00:00,False,,False,True,False,True
,BLOCKED_BY_UNCERTIFIED_MACRO_BIAS,,2021-11-09 00:00:00,2021-11-10 00:00:00,2021-11-11 00:00:00,False,BEARISH,D1-20211110-BEARISH,2021-11-12 00:00:00,False,,False,True,False,True
,BLOCKED_BY_UNCERTIFIED_MACRO_BIAS,,2021-11-10 00:00:00,2021-11-11 00:00:00,2021-11-12 00:00:00,False,BEARISH,D1-20211111-BEARISH,2021-11-13 00:00:00,False,,False,True,False,True
,BLOCKED_BY_UNCERTIFIED_MACRO_BIAS,,2021-11-11 00:00:00,2021-11-12 00:00:00,2021-11-13 00:00:00,False,BEARISH,D1-20211112-BEARISH,2021-11-16 00:00:00,False,,False,True,False,True
,BLOCKED_BY_UNCERTIFIED_MACRO_BIAS,0.1029776674937882,2021-11-12 00:00:00,2021-11-15 00:00:00,2021-11-16 00:00:00,True,BEARISH,D1-20211115-BEARISH,2021-11-17 00:00:00,False,,False,True,False,True
,BLOCKED_BY_UNCERTIFIED_MACRO_BIAS,,2021-11-15 00:00:00,2021-11-16 00:00:00,2021-11-17 00:00:00,False,BEARISH,D1-20211116-BEARISH,2021-11-18 00:00:00,False,,False,True,False,True
,BLOCKED_BY_UNCERTIFIED_MACRO_BIAS,0.24422110552764917,2021-11-16 00:00:00,2021-11-17 00:00:00,2021-11-18 00:00:00,True,BEARISH,D1-20211117-BEARISH,2021-11-19 00:00:00,False,,False,True,False,True
,BLOCKED_BY_UNCERTIFIED_MACRO_BIAS,,2021-11-17 00:00:00,2021-11-18 00:00:00,2021-11-19 00:00:00,False,BEARISH,D1-20211118-BEARISH,2021-11-20 00:00:00,False,,False,True,False,True
,BLOCKED_BY_UNCERTIFIED_MACRO_BIAS,,2021-11-18 00:00:00,2021-11-19 00:00:00,2021-11-20 00:00:00,False,BEARISH,D1-20211119-BEARISH,2021-11-23 00:00:00,False,,False,True,False,True
,BLOCKED_BY_UNCERTIFIED_MACRO_BIAS,,2021-11-19 00:00:00,2021-11-22 00:00:00,2021-11-23 00:00:00,False,BEARISH,D1-20211122-BEARISH,2021-11-24 00:00:00,False,,False,True,False,True
,BLOCKED_BY_UNCERTIFIED_MACRO_BIAS,,2021-11-22 00:00:00,2021-11-23 00:00:00,2021-11-24 00:00:00,False,BEARISH,D1-20211123-BEARISH,2021-11-25 00:00:00,False,,False,True,False,True
,BLOCKED_BY_UNCERTIFIED_MACRO_BIAS,,2021-11-23 00:00:00,2021-11-24 00:00:00,2021-11-25 00:00:00,False,BEARISH,D1-20211124-BEARISH,2021-11-26 00:00:00,False,,False,True,False,True
,BLOCKED_BY_UNCERTIFIED_MACRO_BIAS,,2021-11-24 00:00:00,2021-11-25 00:00:00,2021-11-26 00:00:00,False,BEARISH,D1-20211125-BEARISH,2021-11-27 00:00:00,False,,False,True,False,True
,BLOCKED_BY_UNCERTIFIED_MACRO_BIAS,,2021-11-26 00:00:00,2021-11-29 00:00:00,2021-11-30 00:00:00,False,BEARISH,D1-20211129-BEARISH,2021-12-01 00:00:00,False,,False,True,False,True
,BLOCKED_BY_UNCERTIFIED_MACRO_BIAS,0.4896907216494841,2021-11-29 00:00:00,2021-11-30 00:00:00,2021-12-01 00:00:00,True,BEARISH,D1-20211130-BEARISH,2021-12-02 00:00:00,False,,False,True,False,True
,BLOCKED_BY_UNCERTIFIED_MACRO_BIAS,0.3223491894764802,2021-12-01 00:00:00,2021-12-02 00:00:00,2021-12-03 00:00:00,True,BULLISH,D1-20211202-BULLISH,2021-12-04 00:00:00,False,,False,True,False,False
,BLOCKED_BY_UNCERTIFIED_MACRO_BIAS,,2021-12-06 00:00:00,2021-12-07 00:00:00,2021-12-08 00:00:00,False,BEARISH,D1-20211207-BEARISH,2021-12-09 00:00:00,False,,False,True,False,True
,BLOCKED_BY_UNCERTIFIED_MACRO_BIAS,,2021-12-07 00:00:00,2021-12-08 00:00:00,2021-12-09 00:00:00,False,BEARISH,D1-20211208-BEARISH,2021-12-10 00:00:00,False,,False,True,False,True
,BLOCKED_BY_UNCERTIFIED_MACRO_BIAS,,2021-12-08 00:00:00,2021-12-09 00:00:00,2021-12-10 00:00:00,False,BEARISH,D1-20211209-BEARISH,2021-12-11 00:00:00,False,,False,True,False,True
,BLOCKED_BY_UNCERTIFIED_MACRO_BIAS,,2021-12-09 00:00:00,2021-12-10 00:00:00,2021-12-11 00:00:00,False,BEARISH,D1-20211210-BEARISH,2021-12-14 00:00:00,False,,False,True,False,True
,BLOCKED_BY_UNCERTIFIED_MACRO_BIAS,,2021-12-14 00:00:00,2021-12-15 00:00:00,2021-12-16 00:00:00,False,BEARISH,D1-20211215-BEARISH,2021-12-17 00:00:00,False,,False,True,False,True
,BLOCKED_BY_UNCERTIFIED_MACRO_BIAS,0.11097318768619412,2021-12-16 00:00:00,2021-12-17 00:00:00,2021-12-18 00:00:00,True,BULLISH,D1-20211217-BULLISH,2021-12-21 00:00:00,False,,False,True,False,False
,BLOCKED_BY_UNCERTIFIED_MACRO_BIAS,,2021-12-21 00:00:00,2021-12-22 00:00:00,2021-12-23 00:00:00,False,BEARISH,D1-20211222-BEARISH,2021-12-24 00:00:00,False,,False,True,False,True
,BLOCKED_BY_UNCERTIFIED_MACRO_BIAS,,2021-12-22 00:00:00,2021-12-23 00:00:00,2021-12-24 00:00:00,False,BEARISH,D1-20211223-BEARISH,2021-12-28 00:00:00,False,,False,True,False,True
,BLOCKED_BY_UNCERTIFIED_MACRO_BIAS,,2021-12-23 00:00:00,2021-12-27 00:00:00,2021-12-28 00:00:00,False,BEARISH,D1-20211227-BEARISH,2021-12-29 00:00:00,False,,False,True,False,True
2021-12-29 00:00:00,BLOCKED_BY_UNCERTIFIED_MACRO_BIAS,0.21464354527938623,2021-12-27 00:00:00,2021-12-28 00:00:00,2021-12-29 00:00:00,True,BEARISH,D1-20211228-BEARISH,2021-12-30 00:00:00,False,2021-12-28 16:00:00,True,True,False,True
,BLOCKED_BY_UNCERTIFIED_MACRO_BIAS,,2021-12-28 00:00:00,2021-12-29 00:00:00,2021-12-30 00:00:00,False,BEARISH,D1-20211229-BEARISH,2021-12-31 00:00:00,False,,False,True,False,True
,BLOCKED_BY_UNCERTIFIED_MACRO_BIAS,,2021-12-29 00:00:00,2021-12-30 00:00:00,2021-12-31 00:00:00,False,BEARISH,D1-20211230-BEARISH,2022-01-01 00:00:00,False,,False,True,False,True
,BLOCKED_BY_UNCERTIFIED_MACRO_BIAS,,2021-12-30 00:00:00,2021-12-31 00:00:00,2022-01-01 00:00:00,False,BEARISH,D1-20211231-BEARISH,2022-01-04 00:00:00,False,,False,True,False,True
,BLOCKED_BY_UNCERTIFIED_MACRO_BIAS,,2021-12-31 00:00:00,2022-01-03 00:00:00,2022-01-04 00:00:00,False,BEARISH,D1-20220103-BEARISH,2022-01-05 00:00:00,False,,False,True,False,True
,BLOCKED_BY_UNCERTIFIED_MACRO_BIAS,,2022-01-03 00:00:00,2022-01-04 00:00:00,2022-01-05 00:00:00,False,BEARISH,D1-20220104-BEARISH,2022-01-06 00:00:00,False,,False,True,False,True
,BLOCKED_BY_UNCERTIFIED_MACRO_BIAS,0.06620416253716839,2022-01-05 00:00:00,2022-01-06 00:00:00,2022-01-07 00:00:00,True,BULLISH,D1-20220106-BULLISH,2022-01-08 00:00:00,False,,False,True,False,False
,BLOCKED_BY_UNCERTIFIED_MACRO_BIAS,0.09792677547419787,2022-01-07 00:00:00,2022-01-10 00:00:00,2022-01-11 00:00:00,True,BULLISH,D1-20220110-BULLISH,2022-01-12 00:00:00,False,,False,True,False,False
2022-01-17 08:00:00,BLOCKED_BY_UNCERTIFIED_MACRO_BIAS,0.27843631778058375,2022-01-13 00:00:00,2022-01-14 00:00:00,2022-01-15 00:00:00,True,BULLISH,D1-20220114-BULLISH,2022-01-18 00:00:00,False,2022-01-17 08:00:00,True,True,False,True
,BLOCKED_BY_UNCERTIFIED_MACRO_BIAS,,2022-01-14 00:00:00,2022-01-17 00:00:00,2022-01-18 00:00:00,False,BULLISH,D1-20220117-BULLISH,2022-01-19 00:00:00,False,,False,True,False,True
,BLOCKED_BY_UNCERTIFIED_MACRO_BIAS,0.4411231884057979,2022-01-14 00:00:00,2022-01-17 00:00:00,2022-01-18 00:00:00,True,BEARISH,D1-20220117-BEARISH,2022-01-19 00:00:00,False,,False,True,False,False
,BLOCKED_BY_UNCERTIFIED_MACRO_BIAS,,2022-01-17 00:00:00,2022-01-18 00:00:00,2022-01-19 00:00:00,False,BULLISH,D1-20220118-BULLISH,2022-01-20 00:00:00,False,,False,True,False,True
,BLOCKED_BY_UNCERTIFIED_MACRO_BIAS,,2022-01-18 00:00:00,2022-01-19 00:00:00,2022-01-20 00:00:00,False,BULLISH,D1-20220119-BULLISH,2022-01-21 00:00:00,False,,False,True,False,True
,BLOCKED_BY_UNCERTIFIED_MACRO_BIAS,,2022-01-19 00:00:00,2022-01-20 00:00:00,2022-01-21 00:00:00,False,BULLISH,D1-20220120-BULLISH,2022-01-22 00:00:00,False,,False,True,False,True
,BLOCKED_BY_UNCERTIFIED_MACRO_BIAS,,2022-01-20 00:00:00,2022-01-21 00:00:00,2022-01-22 00:00:00,False,BULLISH,D1-20220121-BULLISH,2022-01-25 00:00:00,False,,False,True,False,True
2022-01-25 08:00:00,BLOCKED_BY_UNCERTIFIED_MACRO_BIAS,0.3515859766277104,2022-01-21 00:00:00,2022-01-24 00:00:00,2022-01-25 00:00:00,True,BULLISH,D1-20220124-BULLISH,2022-01-26 00:00:00,False,2022-01-25 08:00:00,True,True,False,True
,BLOCKED_BY_UNCERTIFIED_MACRO_BIAS,,2022-01-24 00:00:00,2022-01-25 00:00:00,2022-01-26 00:00:00,False,BULLISH,D1-20220125-BULLISH,2022-01-27 00:00:00,False,,False,True,False,True
,BLOCKED_BY_UNCERTIFIED_MACRO_BIAS,,2022-01-25 00:00:00,2022-01-26 00:00:00,2022-01-27 00:00:00,False,BULLISH,D1-20220126-BULLISH,2022-01-28 00:00:00,False,,False,True,False,True
,BLOCKED_BY_UNCERTIFIED_MACRO_BIAS,,2022-01-26 00:00:00,2022-01-27 00:00:00,2022-01-28 00:00:00,False,BULLISH,D1-20220127-BULLISH,2022-01-29 00:00:00,False,,False,True,False,True
,BLOCKED_BY_UNCERTIFIED_MACRO_BIAS,,2022-01-27 00:00:00,2022-01-28 00:00:00,2022-01-29 00:00:00,False,BULLISH,D1-20220128-BULLISH,2022-02-01 00:00:00,False,,False,True,False,True
,BLOCKED_BY_UNCERTIFIED_MACRO_BIAS,,2022-01-28 00:00:00,2022-01-31 00:00:00,2022-02-01 00:00:00,False,BULLISH,D1-20220131-BULLISH,2022-02-02 00:00:00,False,,False,True,False,True
,BLOCKED_BY_UNCERTIFIED_MACRO_BIAS,,2022-02-01 00:00:00,2022-02-02 00:00:00,2022-02-03 00:00:00,False,BULLISH,D1-20220202-BULLISH,2022-02-04 00:00:00,False,,False,True,False,True
,BLOCKED_BY_UNCERTIFIED_MACRO_BIAS,,2022-02-02 00:00:00,2022-02-03 00:00:00,2022-02-04 00:00:00,False,BULLISH,D1-20220203-BULLISH,2022-02-05 00:00:00,False,,False,True,False,True
,BLOCKED_BY_UNCERTIFIED_MACRO_BIAS,,2022-02-03 00:00:00,2022-02-04 00:00:00,2022-02-05 00:00:00,False,BULLISH,D1-20220204-BULLISH,2022-02-08 00:00:00,False,,False,True,False,True
,BLOCKED_BY_UNCERTIFIED_MACRO_BIAS,,2022-02-04 00:00:00,2022-02-07 00:00:00,2022-02-08 00:00:00,False,BULLISH,D1-20220207-BULLISH,2022-02-09 00:00:00,False,,False,True,False,True
,BLOCKED_BY_UNCERTIFIED_MACRO_BIAS,,2022-02-07 00:00:00,2022-02-08 00:00:00,2022-02-09 00:00:00,False,BULLISH,D1-20220208-BULLISH,2022-02-10 00:00:00,False,,False,True,False,True
,BLOCKED_BY_UNCERTIFIED_MACRO_BIAS,,2022-02-09 00:00:00,2022-02-10 00:00:00,2022-02-11 00:00:00,False,BULLISH,D1-20220210-BULLISH,2022-02-12 00:00:00,False,,False,True,False,True
,BLOCKED_BY_UNCERTIFIED_MACRO_BIAS,,2022-02-10 00:00:00,2022-02-11 00:00:00,2022-02-12 00:00:00,False,BULLISH,D1-20220211-BULLISH,2022-02-15 00:00:00,False,,False,True,False,True
,BLOCKED_BY_UNCERTIFIED_MACRO_BIAS,0.022156235724076528,2022-02-11 00:00:00,2022-02-14 00:00:00,2022-02-15 00:00:00,True,BULLISH,D1-20220214-BULLISH,2022-02-16 00:00:00,False,,False,True,False,True
,BLOCKED_BY_UNCERTIFIED_MACRO_BIAS,,2022-02-14 00:00:00,2022-02-15 00:00:00,2022-02-16 00:00:00,False,BULLISH,D1-20220215-BULLISH,2022-02-17 00:00:00,False,,False,True,False,True
,BLOCKED_BY_UNCERTIFIED_MACRO_BIAS,,2022-02-15 00:00:00,2022-02-16 00:00:00,2022-02-17 00:00:00,False,BULLISH,D1-20220216-BULLISH,2022-02-18 00:00:00,False,,False,True,False,True
,BLOCKED_BY_UNCERTIFIED_MACRO_BIAS,0.008615384615387973,2022-02-15 00:00:00,2022-02-16 00:00:00,2022-02-17 00:00:00,True,BEARISH,D1-20220216-BEARISH,2022-02-18 00:00:00,False,,False,True,False,False
,BLOCKED_BY_UNCERTIFIED_MACRO_BIAS,,2022-02-16 00:00:00,2022-02-17 00:00:00,2022-02-18 00:00:00,False,BULLISH,D1-20220217-BULLISH,2022-02-19 00:00:00,False,,False,True,False,True
,BLOCKED_BY_UNCERTIFIED_MACRO_BIAS,,2022-02-17 00:00:00,2022-02-18 00:00:00,2022-02-19 00:00:00,False,BULLISH,D1-20220218-BULLISH,2022-02-22 00:00:00,False,,False,True,False,True
,BLOCKED_BY_UNCERTIFIED_MACRO_BIAS,,2022-02-18 00:00:00,2022-02-21 00:00:00,2022-02-22 00:00:00,False,BULLISH,D1-20220221-BULLISH,2022-02-23 00:00:00,False,,False,True,False,True
,BLOCKED_BY_UNCERTIFIED_MACRO_BIAS,,2022-02-21 00:00:00,2022-02-22 00:00:00,2022-02-23 00:00:00,False,BULLISH,D1-20220222-BULLISH,2022-02-24 00:00:00,False,,False,True,False,True
,BLOCKED_BY_UNCERTIFIED_MACRO_BIAS,,2022-02-22 00:00:00,2022-02-23 00:00:00,2022-02-24 00:00:00,False,BULLISH,D1-20220223-BULLISH,2022-02-25 00:00:00,False,,False,True,False,True
,BLOCKED_BY_UNCERTIFIED_MACRO_BIAS,,2022-02-23 00:00:00,2022-02-24 00:00:00,2022-02-25 00:00:00,False,BULLISH,D1-20220224-BULLISH,2022-02-26 00:00:00,False,,False,True,False,True
,BLOCKED_BY_UNCERTIFIED_MACRO_BIAS,,2022-02-24 00:00:00,2022-02-25 00:00:00,2022-02-26 00:00:00,False,BULLISH,D1-20220225-BULLISH,2022-03-01 00:00:00,False,,False,True,False,True
,BLOCKED_BY_UNCERTIFIED_MACRO_BIAS,,2022-02-25 00:00:00,2022-02-28 00:00:00,2022-03-01 00:00:00,False,BULLISH,D1-20220228-BULLISH,2022-03-02 00:00:00,False,,False,True,False,True
,BLOCKED_BY_UNCERTIFIED_MACRO_BIAS,,2022-02-28 00:00:00,2022-03-01 00:00:00,2022-03-02 00:00:00,False,BULLISH,D1-20220301-BULLISH,2022-03-03 00:00:00,False,,False,True,False,True
,BLOCKED_BY_UNCERTIFIED_MACRO_BIAS,,2022-03-01 00:00:00,2022-03-02 00:00:00,2022-03-03 00:00:00,False,BULLISH,D1-20220302-BULLISH,2022-03-04 00:00:00,False,,False,True,False,True
,BLOCKED_BY_UNCERTIFIED_MACRO_BIAS,,2022-03-02 00:00:00,2022-03-03 00:00:00,2022-03-04 00:00:00,False,BULLISH,D1-20220303-BULLISH,2022-03-05 00:00:00,False,,False,True,False,True
,BLOCKED_BY_UNCERTIFIED_MACRO_BIAS,,2022-03-03 00:00:00,2022-03-04 00:00:00,2022-03-05 00:00:00,False,BULLISH,D1-20220304-BULLISH,2022-03-08 00:00:00,False,,False,True,False,True
,BLOCKED_BY_UNCERTIFIED_MACRO_BIAS,,2022-03-04 00:00:00,2022-03-07 00:00:00,2022-03-08 00:00:00,False,BULLISH,D1-20220307-BULLISH,2022-03-09 00:00:00,False,,False,True,False,True
,BLOCKED_BY_UNCERTIFIED_MACRO_BIAS,,2022-03-07 00:00:00,2022-03-08 00:00:00,2022-03-09 00:00:00,False,BULLISH,D1-20220308-BULLISH,2022-03-10 00:00:00,False,,False,True,False,True
,BLOCKED_BY_UNCERTIFIED_MACRO_BIAS,,2022-03-08 00:00:00,2022-03-09 00:00:00,2022-03-10 00:00:00,False,BULLISH,D1-20220309-BULLISH,2022-03-11 00:00:00,False,,False,True,False,True
,BLOCKED_BY_UNCERTIFIED_MACRO_BIAS,,2022-03-09 00:00:00,2022-03-10 00:00:00,2022-03-11 00:00:00,False,BULLISH,D1-20220310-BULLISH,2022-03-12 00:00:00,False,,False,True,False,True
,BLOCKED_BY_UNCERTIFIED_MACRO_BIAS,,2022-03-10 00:00:00,2022-03-11 00:00:00,2022-03-12 00:00:00,False,BULLISH,D1-20220311-BULLISH,2022-03-15 00:00:00,False,,False,True,False,True
,BLOCKED_BY_UNCERTIFIED_MACRO_BIAS,,2022-03-11 00:00:00,2022-03-14 00:00:00,2022-03-15 00:00:00,False,BULLISH,D1-20220314-BULLISH,2022-03-16 00:00:00,False,,False,True,False,True
,BLOCKED_BY_UNCERTIFIED_MACRO_BIAS,,2022-03-14 00:00:00,2022-03-15 00:00:00,2022-03-16 00:00:00,False,BULLISH,D1-20220315-BULLISH,2022-03-17 00:00:00,False,,False,True,False,True
,BLOCKED_BY_UNCERTIFIED_MACRO_BIAS,0.0390792291220568,2022-03-18 00:00:00,2022-03-21 00:00:00,2022-03-22 00:00:00,True,BEARISH,D1-20220321-BEARISH,2022-03-23 00:00:00,False,,False,True,False,False
,BLOCKED_BY_UNCERTIFIED_MACRO_BIAS,0.047062750333779525,2022-03-24 00:00:00,2022-03-25 00:00:00,2022-03-26 00:00:00,True,BEARISH,D1-20220325-BEARISH,2022-03-29 00:00:00,False,,False,True,False,False
,BLOCKED_BY_UNCERTIFIED_MACRO_BIAS,,2022-04-01 00:00:00,2022-04-04 00:00:00,2022-04-05 00:00:00,False,BEARISH,D1-20220404-BEARISH,2022-04-06 00:00:00,False,,False,True,False,True
,BLOCKED_BY_UNCERTIFIED_MACRO_BIAS,,2022-04-04 00:00:00,2022-04-05 00:00:00,2022-04-06 00:00:00,False,BEARISH,D1-20220405-BEARISH,2022-04-07 00:00:00,False,,False,True,False,True
,BLOCKED_BY_UNCERTIFIED_MACRO_BIAS,0.1177924217462926,2022-04-06 00:00:00,2022-04-07 00:00:00,2022-04-08 00:00:00,True,BULLISH,D1-20220407-BULLISH,2022-04-09 00:00:00,False,,False,True,False,False
,BLOCKED_BY_UNCERTIFIED_MACRO_BIAS,,2022-04-08 00:00:00,2022-04-11 00:00:00,2022-04-12 00:00:00,False,BULLISH,D1-20220411-BULLISH,2022-04-13 00:00:00,False,,False,True,False,True
,BLOCKED_BY_UNCERTIFIED_MACRO_BIAS,,2022-04-11 00:00:00,2022-04-12 00:00:00,2022-04-13 00:00:00,False,BULLISH,D1-20220412-BULLISH,2022-04-14 00:00:00,False,,False,True,False,True
,BLOCKED_BY_UNCERTIFIED_MACRO_BIAS,,2022-04-12 00:00:00,2022-04-13 00:00:00,2022-04-14 00:00:00,False,BULLISH,D1-20220413-BULLISH,2022-04-15 00:00:00,False,,False,True,False,True
,BLOCKED_BY_UNCERTIFIED_MACRO_BIAS,,2022-04-13 00:00:00,2022-04-14 00:00:00,2022-04-15 00:00:00,False,BULLISH,D1-20220414-BULLISH,2022-04-19 00:00:00,False,,False,True,False,True
,BLOCKED_BY_UNCERTIFIED_MACRO_BIAS,0.22215209845377,2022-04-14 00:00:00,2022-04-18 00:00:00,2022-04-19 00:00:00,True,BULLISH,D1-20220418-BULLISH,2022-04-20 00:00:00,False,,False,True,False,True
,BLOCKED_BY_UNCERTIFIED_MACRO_BIAS,,2022-04-18 00:00:00,2022-04-19 00:00:00,2022-04-20 00:00:00,False,BULLISH,D1-20220419-BULLISH,2022-04-21 00:00:00,False,,False,True,False,True
,BLOCKED_BY_UNCERTIFIED_MACRO_BIAS,,2022-04-19 00:00:00,2022-04-20 00:00:00,2022-04-21 00:00:00,False,BULLISH,D1-20220420-BULLISH,2022-04-22 00:00:00,False,,False,True,False,True
,BLOCKED_BY_UNCERTIFIED_MACRO_BIAS,0.21588089330023674,2022-04-19 00:00:00,2022-04-20 00:00:00,2022-04-21 00:00:00,True,BEARISH,D1-20220420-BEARISH,2022-04-22 00:00:00,False,,False,True,False,False
,BLOCKED_BY_UNCERTIFIED_MACRO_BIAS,,2022-04-20 00:00:00,2022-04-21 00:00:00,2022-04-22 00:00:00,False,BULLISH,D1-20220421-BULLISH,2022-04-23 00:00:00,False,,False,True,False,True
,BLOCKED_BY_UNCERTIFIED_MACRO_BIAS,,2022-04-21 00:00:00,2022-04-22 00:00:00,2022-04-23 00:00:00,False,BULLISH,D1-20220422-BULLISH,2022-04-26 00:00:00,False,,False,True,False,True
2022-04-26 00:00:00,BLOCKED_BY_UNCERTIFIED_MACRO_BIAS,0.47881248414108457,2022-04-22 00:00:00,2022-04-25 00:00:00,2022-04-26 00:00:00,True,BULLISH,D1-20220425-BULLISH,2022-04-27 00:00:00,False,2022-04-25 08:00:00,True,True,False,True
,BLOCKED_BY_UNCERTIFIED_MACRO_BIAS,,2022-04-25 00:00:00,2022-04-26 00:00:00,2022-04-27 00:00:00,False,BULLISH,D1-20220426-BULLISH,2022-04-28 00:00:00,False,,False,True,False,True
,BLOCKED_BY_UNCERTIFIED_MACRO_BIAS,,2022-04-26 00:00:00,2022-04-27 00:00:00,2022-04-28 00:00:00,False,BULLISH,D1-20220427-BULLISH,2022-04-29 00:00:00,False,,False,True,False,True
,BLOCKED_BY_UNCERTIFIED_MACRO_BIAS,,2022-04-27 00:00:00,2022-04-28 00:00:00,2022-04-29 00:00:00,False,BULLISH,D1-20220428-BULLISH,2022-04-30 00:00:00,False,,False,True,False,True
,BLOCKED_BY_UNCERTIFIED_MACRO_BIAS,,2022-04-28 00:00:00,2022-04-29 00:00:00,2022-04-30 00:00:00,False,BULLISH,D1-20220429-BULLISH,2022-05-03 00:00:00,False,,False,True,False,True
2022-05-03 00:00:00,BLOCKED_BY_UNCERTIFIED_MACRO_BIAS,0.49587039390089177,2022-04-29 00:00:00,2022-05-02 00:00:00,2022-05-03 00:00:00,True,BULLISH,D1-20220502-BULLISH,2022-05-04 00:00:00,False,2022-05-02 20:00:00,True,True,False,True
,BLOCKED_BY_UNCERTIFIED_MACRO_BIAS,,2022-05-02 00:00:00,2022-05-03 00:00:00,2022-05-04 00:00:00,False,BULLISH,D1-20220503-BULLISH,2022-05-05 00:00:00,False,,False,True,False,True
,BLOCKED_BY_UNCERTIFIED_MACRO_BIAS,,2022-05-03 00:00:00,2022-05-04 00:00:00,2022-05-05 00:00:00,False,BULLISH,D1-20220504-BULLISH,2022-05-06 00:00:00,False,,False,True,False,True
,BLOCKED_BY_UNCERTIFIED_MACRO_BIAS,,2022-05-04 00:00:00,2022-05-05 00:00:00,2022-05-06 00:00:00,False,BULLISH,D1-20220505-BULLISH,2022-05-07 00:00:00,False,,False,True,False,True
,BLOCKED_BY_UNCERTIFIED_MACRO_BIAS,,2022-05-05 00:00:00,2022-05-06 00:00:00,2022-05-07 00:00:00,False,BULLISH,D1-20220506-BULLISH,2022-05-10 00:00:00,False,,False,True,False,True
,BLOCKED_BY_UNCERTIFIED_MACRO_BIAS,,2022-05-06 00:00:00,2022-05-09 00:00:00,2022-05-10 00:00:00,False,BULLISH,D1-20220509-BULLISH,2022-05-11 00:00:00,False,,False,True,False,True
,BLOCKED_BY_UNCERTIFIED_MACRO_BIAS,0.2964071856287458,2022-05-09 00:00:00,2022-05-10 00:00:00,2022-05-11 00:00:00,True,BULLISH,D1-20220510-BULLISH,2022-05-12 00:00:00,False,,False,True,False,True
,BLOCKED_BY_UNCERTIFIED_MACRO_BIAS,,2022-05-10 00:00:00,2022-05-11 00:00:00,2022-05-12 00:00:00,False,BULLISH,D1-20220511-BULLISH,2022-05-13 00:00:00,False,,False,True,False,True
,BLOCKED_BY_UNCERTIFIED_MACRO_BIAS,,2022-05-11 00:00:00,2022-05-12 00:00:00,2022-05-13 00:00:00,False,BULLISH,D1-20220512-BULLISH,2022-05-14 00:00:00,False,,False,True,False,True
,BLOCKED_BY_UNCERTIFIED_MACRO_BIAS,,2022-05-12 00:00:00,2022-05-13 00:00:00,2022-05-14 00:00:00,False,BULLISH,D1-20220513-BULLISH,2022-05-17 00:00:00,False,,False,True,False,True
,BLOCKED_BY_UNCERTIFIED_MACRO_BIAS,,2022-05-13 00:00:00,2022-05-16 00:00:00,2022-05-17 00:00:00,False,BULLISH,D1-20220516-BULLISH,2022-05-18 00:00:00,False,,False,True,False,True
,BLOCKED_BY_UNCERTIFIED_MACRO_BIAS,0.3780195865070745,2022-05-13 00:00:00,2022-05-16 00:00:00,2022-05-17 00:00:00,True,BEARISH,D1-20220516-BEARISH,2022-05-18 00:00:00,False,,False,True,False,False
,BLOCKED_BY_UNCERTIFIED_MACRO_BIAS,,2022-05-16 00:00:00,2022-05-17 00:00:00,2022-05-18 00:00:00,False,BULLISH,D1-20220517-BULLISH,2022-05-19 00:00:00,False,,False,True,False,True
,BLOCKED_BY_UNCERTIFIED_MACRO_BIAS,,2022-05-17 00:00:00,2022-05-18 00:00:00,2022-05-19 00:00:00,False,BULLISH,D1-20220518-BULLISH,2022-05-20 00:00:00,False,,False,True,False,True
2022-05-20 00:00:00,BLOCKED_BY_UNCERTIFIED_MACRO_BIAS,0.003823529411762566,2022-05-18 00:00:00,2022-05-19 00:00:00,2022-05-20 00:00:00,True,BULLISH,D1-20220519-BULLISH,2022-05-21 00:00:00,False,2022-05-19 16:00:00,True,True,False,True
,BLOCKED_BY_UNCERTIFIED_MACRO_BIAS,,2022-05-19 00:00:00,2022-05-20 00:00:00,2022-05-21 00:00:00,False,BULLISH,D1-20220520-BULLISH,2022-05-24 00:00:00,False,,False,True,False,True
,BLOCKED_BY_UNCERTIFIED_MACRO_BIAS,,2022-05-20 00:00:00,2022-05-23 00:00:00,2022-05-24 00:00:00,False,BULLISH,D1-20220523-BULLISH,2022-05-25 00:00:00,False,,False,True,False,True
,BLOCKED_BY_UNCERTIFIED_MACRO_BIAS,,2022-05-23 00:00:00,2022-05-24 00:00:00,2022-05-25 00:00:00,False,BULLISH,D1-20220524-BULLISH,2022-05-26 00:00:00,False,,False,True,False,True
,BLOCKED_BY_UNCERTIFIED_MACRO_BIAS,,2022-05-24 00:00:00,2022-05-25 00:00:00,2022-05-26 00:00:00,False,BULLISH,D1-20220525-BULLISH,2022-05-27 00:00:00,False,,False,True,False,True
,BLOCKED_BY_UNCERTIFIED_MACRO_BIAS,,2022-05-25 00:00:00,2022-05-26 00:00:00,2022-05-27 00:00:00,False,BULLISH,D1-20220526-BULLISH,2022-05-28 00:00:00,False,,False,True,False,True
,BLOCKED_BY_UNCERTIFIED_MACRO_BIAS,,2022-06-08 00:00:00,2022-06-09 00:00:00,2022-06-10 00:00:00,False,BULLISH,D1-20220609-BULLISH,2022-06-11 00:00:00,False,,False,True,False,True
,BLOCKED_BY_UNCERTIFIED_MACRO_BIAS,,2022-06-09 00:00:00,2022-06-10 00:00:00,2022-06-11 00:00:00,False,BULLISH,D1-20220610-BULLISH,2022-06-14 00:00:00,False,,False,True,False,True
,BLOCKED_BY_UNCERTIFIED_MACRO_BIAS,,2022-06-10 00:00:00,2022-06-13 00:00:00,2022-06-14 00:00:00,False,BULLISH,D1-20220613-BULLISH,2022-06-15 00:00:00,False,,False,True,False,True
2022-06-15 00:00:00,BLOCKED_BY_UNCERTIFIED_MACRO_BIAS,0.011433798307797822,2022-06-13 00:00:00,2022-06-14 00:00:00,2022-06-15 00:00:00,True,BULLISH,D1-20220614-BULLISH,2022-06-16 00:00:00,False,2022-06-14 16:00:00,True,True,False,True
,BLOCKED_BY_UNCERTIFIED_MACRO_BIAS,,2022-06-14 00:00:00,2022-06-15 00:00:00,2022-06-16 00:00:00,False,BULLISH,D1-20220615-BULLISH,2022-06-17 00:00:00,False,,False,True,False,True
,BLOCKED_BY_UNCERTIFIED_MACRO_BIAS,,2022-06-15 00:00:00,2022-06-16 00:00:00,2022-06-17 00:00:00,False,BULLISH,D1-20220616-BULLISH,2022-06-18 00:00:00,False,,False,True,False,True
,BLOCKED_BY_UNCERTIFIED_MACRO_BIAS,,2022-06-16 00:00:00,2022-06-17 00:00:00,2022-06-18 00:00:00,False,BULLISH,D1-20220617-BULLISH,2022-06-21 00:00:00,False,,False,True,False,True
,BLOCKED_BY_UNCERTIFIED_MACRO_BIAS,,2022-06-17 00:00:00,2022-06-20 00:00:00,2022-06-21 00:00:00,False,BULLISH,D1-20220620-BULLISH,2022-06-22 00:00:00,False,,False,True,False,True
,BLOCKED_BY_UNCERTIFIED_MACRO_BIAS,,2022-06-20 00:00:00,2022-06-21 00:00:00,2022-06-22 00:00:00,False,BULLISH,D1-20220621-BULLISH,2022-06-23 00:00:00,False,,False,True,False,True
,BLOCKED_BY_UNCERTIFIED_MACRO_BIAS,,2022-06-21 00:00:00,2022-06-22 00:00:00,2022-06-23 00:00:00,False,BULLISH,D1-20220622-BULLISH,2022-06-24 00:00:00,False,,False,True,False,True
,BLOCKED_BY_UNCERTIFIED_MACRO_BIAS,0.2055384615384593,2022-06-21 00:00:00,2022-06-22 00:00:00,2022-06-23 00:00:00,True,BEARISH,D1-20220622-BEARISH,2022-06-24 00:00:00,False,,False,True,False,False
,BLOCKED_BY_UNCERTIFIED_MACRO_BIAS,,2022-06-22 00:00:00,2022-06-23 00:00:00,2022-06-24 00:00:00,False,BULLISH,D1-20220623-BULLISH,2022-06-25 00:00:00,False,,False,True,False,True
,BLOCKED_BY_UNCERTIFIED_MACRO_BIAS,0.1515724757625883,2022-06-24 00:00:00,2022-06-27 00:00:00,2022-06-28 00:00:00,True,BEARISH,D1-20220627-BEARISH,2022-06-29 00:00:00,False,,False,True,False,False
,BLOCKED_BY_UNCERTIFIED_MACRO_BIAS,,2022-06-27 00:00:00,2022-06-28 00:00:00,2022-06-29 00:00:00,False,BULLISH,D1-20220628-BULLISH,2022-06-30 00:00:00,False,,False,True,False,True
2022-06-30 00:00:00,BLOCKED_BY_UNCERTIFIED_MACRO_BIAS,0.024081115335868188,2022-06-28 00:00:00,2022-06-29 00:00:00,2022-06-30 00:00:00,True,BULLISH,D1-20220629-BULLISH,2022-07-01 00:00:00,False,2022-06-29 20:00:00,True,True,False,True
,BLOCKED_BY_UNCERTIFIED_MACRO_BIAS,,2022-06-29 00:00:00,2022-06-30 00:00:00,2022-07-01 00:00:00,False,BULLISH,D1-20220630-BULLISH,2022-07-02 00:00:00,False,,False,True,False,True
,BLOCKED_BY_UNCERTIFIED_MACRO_BIAS,,2022-06-30 00:00:00,2022-07-01 00:00:00,2022-07-02 00:00:00,False,BULLISH,D1-20220701-BULLISH,2022-07-05 00:00:00,False,,False,True,False,True
,BLOCKED_BY_UNCERTIFIED_MACRO_BIAS,,2022-07-01 00:00:00,2022-07-04 00:00:00,2022-07-05 00:00:00,False,BULLISH,D1-20220704-BULLISH,2022-07-06 00:00:00,False,,False,True,False,True
,BLOCKED_BY_UNCERTIFIED_MACRO_BIAS,0.20000000000000662,2022-07-07 00:00:00,2022-07-08 00:00:00,2022-07-09 00:00:00,True,BEARISH,D1-20220708-BEARISH,2022-07-12 00:00:00,False,,False,True,False,False
,BLOCKED_BY_UNCERTIFIED_MACRO_BIAS,,2022-07-11 00:00:00,2022-07-12 00:00:00,2022-07-13 00:00:00,False,BULLISH,D1-20220712-BULLISH,2022-07-14 00:00:00,False,,False,True,False,True
,BLOCKED_BY_UNCERTIFIED_MACRO_BIAS,0.42798690671031736,2022-07-12 00:00:00,2022-07-13 00:00:00,2022-07-14 00:00:00,True,BULLISH,D1-20220713-BULLISH,2022-07-15 00:00:00,False,,False,True,False,True
,BLOCKED_BY_UNCERTIFIED_MACRO_BIAS,,2022-07-13 00:00:00,2022-07-14 00:00:00,2022-07-15 00:00:00,False,BULLISH,D1-20220714-BULLISH,2022-07-16 00:00:00,False,,False,True,False,True
,BLOCKED_BY_UNCERTIFIED_MACRO_BIAS,0.051750380517497696,2022-07-29 00:00:00,2022-08-01 00:00:00,2022-08-02 00:00:00,True,BEARISH,D1-20220801-BEARISH,2022-08-03 00:00:00,False,,False,True,False,True
,BLOCKED_BY_UNCERTIFIED_MACRO_BIAS,,2022-08-01 00:00:00,2022-08-02 00:00:00,2022-08-03 00:00:00,False,BEARISH,D1-20220802-BEARISH,2022-08-04 00:00:00,False,,False,True,False,True
,BLOCKED_BY_UNCERTIFIED_MACRO_BIAS,,2022-08-02 00:00:00,2022-08-03 00:00:00,2022-08-04 00:00:00,False,BEARISH,D1-20220803-BEARISH,2022-08-05 00:00:00,False,,False,True,False,True
,BLOCKED_BY_UNCERTIFIED_MACRO_BIAS,,2022-08-03 00:00:00,2022-08-04 00:00:00,2022-08-05 00:00:00,False,BEARISH,D1-20220804-BEARISH,2022-08-06 00:00:00,False,,False,True,False,True
,BLOCKED_BY_UNCERTIFIED_MACRO_BIAS,,2022-08-04 00:00:00,2022-08-05 00:00:00,2022-08-06 00:00:00,False,BEARISH,D1-20220805-BEARISH,2022-08-09 00:00:00,False,,False,True,False,True
,BLOCKED_BY_UNCERTIFIED_MACRO_BIAS,,2022-08-05 00:00:00,2022-08-08 00:00:00,2022-08-09 00:00:00,False,BEARISH,D1-20220808-BEARISH,2022-08-10 00:00:00,False,,False,True,False,True
,BLOCKED_BY_UNCERTIFIED_MACRO_BIAS,,2022-08-08 00:00:00,2022-08-09 00:00:00,2022-08-10 00:00:00,False,BEARISH,D1-20220809-BEARISH,2022-08-11 00:00:00,False,,False,True,False,True
,BLOCKED_BY_UNCERTIFIED_MACRO_BIAS,,2022-08-09 00:00:00,2022-08-10 00:00:00,2022-08-11 00:00:00,False,BEARISH,D1-20220810-BEARISH,2022-08-12 00:00:00,False,,False,True,False,True
2022-08-12 00:00:00,BLOCKED_BY_UNCERTIFIED_MACRO_BIAS,0.09499396863691235,2022-08-10 00:00:00,2022-08-11 00:00:00,2022-08-12 00:00:00,True,BEARISH,D1-20220811-BEARISH,2022-08-13 00:00:00,False,2022-08-11 08:00:00,True,True,False,True
,BLOCKED_BY_UNCERTIFIED_MACRO_BIAS,,2022-08-11 00:00:00,2022-08-12 00:00:00,2022-08-13 00:00:00,False,BEARISH,D1-20220812-BEARISH,2022-08-16 00:00:00,False,,False,True,False,True
,BLOCKED_BY_UNCERTIFIED_MACRO_BIAS,,2022-08-12 00:00:00,2022-08-15 00:00:00,2022-08-16 00:00:00,False,BEARISH,D1-20220815-BEARISH,2022-08-17 00:00:00,False,,False,True,False,True
,BLOCKED_BY_UNCERTIFIED_MACRO_BIAS,0.09555345316933278,2022-08-15 00:00:00,2022-08-16 00:00:00,2022-08-17 00:00:00,True,BEARISH,D1-20220816-BEARISH,2022-08-18 00:00:00,False,,False,True,False,True
,BLOCKED_BY_UNCERTIFIED_MACRO_BIAS,,2022-08-16 00:00:00,2022-08-17 00:00:00,2022-08-18 00:00:00,False,BEARISH,D1-20220817-BEARISH,2022-08-19 00:00:00,False,,False,True,False,True
,BLOCKED_BY_UNCERTIFIED_MACRO_BIAS,,2022-08-17 00:00:00,2022-08-18 00:00:00,2022-08-19 00:00:00,False,BEARISH,D1-20220818-BEARISH,2022-08-20 00:00:00,False,,False,True,False,True
,BLOCKED_BY_UNCERTIFIED_MACRO_BIAS,,2022-08-18 00:00:00,2022-08-19 00:00:00,2022-08-20 00:00:00,False,BEARISH,D1-20220819-BEARISH,2022-08-23 00:00:00,False,,False,True,False,True
,BLOCKED_BY_UNCERTIFIED_MACRO_BIAS,0.15154639175257856,2022-08-22 00:00:00,2022-08-23 00:00:00,2022-08-24 00:00:00,True,BULLISH,D1-20220823-BULLISH,2022-08-25 00:00:00,False,,False,True,False,False
,BLOCKED_BY_UNCERTIFIED_MACRO_BIAS,,2022-08-24 00:00:00,2022-08-25 00:00:00,2022-08-26 00:00:00,False,BEARISH,D1-20220825-BEARISH,2022-08-27 00:00:00,False,,False,True,False,True
,BLOCKED_BY_UNCERTIFIED_MACRO_BIAS,0.3868243243243134,2022-08-31 00:00:00,2022-09-01 00:00:00,2022-09-02 00:00:00,True,BULLISH,D1-20220901-BULLISH,2022-09-03 00:00:00,False,,False,True,False,False
,BLOCKED_BY_UNCERTIFIED_MACRO_BIAS,,2022-09-05 00:00:00,2022-09-06 00:00:00,2022-09-07 00:00:00,False,BULLISH,D1-20220906-BULLISH,2022-09-08 00:00:00,False,,False,True,False,True
,BLOCKED_BY_UNCERTIFIED_MACRO_BIAS,,2022-09-06 00:00:00,2022-09-07 00:00:00,2022-09-08 00:00:00,False,BULLISH,D1-20220907-BULLISH,2022-09-09 00:00:00,False,,False,True,False,True
,BLOCKED_BY_UNCERTIFIED_MACRO_BIAS,,2022-09-07 00:00:00,2022-09-08 00:00:00,2022-09-09 00:00:00,False,BULLISH,D1-20220908-BULLISH,2022-09-10 00:00:00,False,,False,True,False,True
,BLOCKED_BY_UNCERTIFIED_MACRO_BIAS,,2022-09-12 00:00:00,2022-09-13 00:00:00,2022-09-14 00:00:00,False,BULLISH,D1-20220913-BULLISH,2022-09-15 00:00:00,False,,False,True,False,True
2022-09-15 12:00:00,BLOCKED_BY_UNCERTIFIED_MACRO_BIAS,0.16224475621614273,2022-09-13 00:00:00,2022-09-14 00:00:00,2022-09-15 00:00:00,True,BULLISH,D1-20220914-BULLISH,2022-09-16 00:00:00,False,2022-09-15 12:00:00,True,True,False,True
,BLOCKED_BY_UNCERTIFIED_MACRO_BIAS,,2022-09-14 00:00:00,2022-09-15 00:00:00,2022-09-16 00:00:00,False,BULLISH,D1-20220915-BULLISH,2022-09-17 00:00:00,False,,False,True,False,True
2022-09-17 00:00:00,BLOCKED_BY_UNCERTIFIED_MACRO_BIAS,0.04103343465045996,2022-09-15 00:00:00,2022-09-16 00:00:00,2022-09-17 00:00:00,True,BULLISH,D1-20220916-BULLISH,2022-09-20 00:00:00,False,2022-09-16 20:00:00,True,True,False,True
,BLOCKED_BY_UNCERTIFIED_MACRO_BIAS,,2022-09-16 00:00:00,2022-09-19 00:00:00,2022-09-20 00:00:00,False,BULLISH,D1-20220919-BULLISH,2022-09-21 00:00:00,False,,False,True,False,True
,BLOCKED_BY_UNCERTIFIED_MACRO_BIAS,,2022-09-19 00:00:00,2022-09-20 00:00:00,2022-09-21 00:00:00,False,BULLISH,D1-20220920-BULLISH,2022-09-22 00:00:00,False,,False,True,False,True
,BLOCKED_BY_UNCERTIFIED_MACRO_BIAS,,2022-09-20 00:00:00,2022-09-21 00:00:00,2022-09-22 00:00:00,False,BULLISH,D1-20220921-BULLISH,2022-09-23 00:00:00,False,,False,True,False,True
,BLOCKED_BY_UNCERTIFIED_MACRO_BIAS,,2022-09-21 00:00:00,2022-09-22 00:00:00,2022-09-23 00:00:00,False,BULLISH,D1-20220922-BULLISH,2022-09-24 00:00:00,False,,False,True,False,True
,BLOCKED_BY_UNCERTIFIED_MACRO_BIAS,,2022-09-22 00:00:00,2022-09-23 00:00:00,2022-09-24 00:00:00,False,BULLISH,D1-20220923-BULLISH,2022-09-27 00:00:00,False,,False,True,False,True
,BLOCKED_BY_UNCERTIFIED_MACRO_BIAS,,2022-09-23 00:00:00,2022-09-26 00:00:00,2022-09-27 00:00:00,False,BULLISH,D1-20220926-BULLISH,2022-09-28 00:00:00,False,,False,True,False,True
,BLOCKED_BY_UNCERTIFIED_MACRO_BIAS,,2022-09-26 00:00:00,2022-09-27 00:00:00,2022-09-28 00:00:00,False,BULLISH,D1-20220927-BULLISH,2022-09-29 00:00:00,False,,False,True,False,True
,BLOCKED_BY_UNCERTIFIED_MACRO_BIAS,,2022-09-27 00:00:00,2022-09-28 00:00:00,2022-09-29 00:00:00,False,BULLISH,D1-20220928-BULLISH,2022-09-30 00:00:00,False,,False,True,False,True
,BLOCKED_BY_UNCERTIFIED_MACRO_BIAS,,2022-09-28 00:00:00,2022-09-29 00:00:00,2022-09-30 00:00:00,False,BULLISH,D1-20220929-BULLISH,2022-10-01 00:00:00,False,,False,True,False,True
,BLOCKED_BY_UNCERTIFIED_MACRO_BIAS,,2022-09-29 00:00:00,2022-09-30 00:00:00,2022-10-01 00:00:00,False,BULLISH,D1-20220930-BULLISH,2022-10-04 00:00:00,False,,False,True,False,True
,BLOCKED_BY_UNCERTIFIED_MACRO_BIAS,,2022-09-30 00:00:00,2022-10-03 00:00:00,2022-10-04 00:00:00,False,BULLISH,D1-20221003-BULLISH,2022-10-05 00:00:00,False,,False,True,False,True
,BLOCKED_BY_UNCERTIFIED_MACRO_BIAS,,2022-10-03 00:00:00,2022-10-04 00:00:00,2022-10-05 00:00:00,False,BULLISH,D1-20221004-BULLISH,2022-10-06 00:00:00,False,,False,True,False,True
,BLOCKED_BY_UNCERTIFIED_MACRO_BIAS,,2022-10-04 00:00:00,2022-10-05 00:00:00,2022-10-06 00:00:00,False,BULLISH,D1-20221005-BULLISH,2022-10-07 00:00:00,False,,False,True,False,True
,BLOCKED_BY_UNCERTIFIED_MACRO_BIAS,0.010812480691998801,2022-10-04 00:00:00,2022-10-05 00:00:00,2022-10-06 00:00:00,True,BEARISH,D1-20221005-BEARISH,2022-10-07 00:00:00,False,,False,True,False,False
,BLOCKED_BY_UNCERTIFIED_MACRO_BIAS,,2022-10-05 00:00:00,2022-10-06 00:00:00,2022-10-07 00:00:00,False,BULLISH,D1-20221006-BULLISH,2022-10-08 00:00:00,False,,False,True,False,True
,BLOCKED_BY_UNCERTIFIED_MACRO_BIAS,,2022-10-06 00:00:00,2022-10-07 00:00:00,2022-10-08 00:00:00,False,BULLISH,D1-20221007-BULLISH,2022-10-11 00:00:00,False,,False,True,False,True
,BLOCKED_BY_UNCERTIFIED_MACRO_BIAS,,2022-10-07 00:00:00,2022-10-10 00:00:00,2022-10-11 00:00:00,False,BULLISH,D1-20221010-BULLISH,2022-10-12 00:00:00,False,,False,True,False,True
,BLOCKED_BY_UNCERTIFIED_MACRO_BIAS,,2022-10-10 00:00:00,2022-10-11 00:00:00,2022-10-12 00:00:00,False,BULLISH,D1-20221011-BULLISH,2022-10-13 00:00:00,False,,False,True,False,True
,BLOCKED_BY_UNCERTIFIED_MACRO_BIAS,,2022-10-11 00:00:00,2022-10-12 00:00:00,2022-10-13 00:00:00,False,BULLISH,D1-20221012-BULLISH,2022-10-14 00:00:00,False,,False,True,False,True
,BLOCKED_BY_UNCERTIFIED_MACRO_BIAS,,2022-10-12 00:00:00,2022-10-13 00:00:00,2022-10-14 00:00:00,False,BULLISH,D1-20221013-BULLISH,2022-10-15 00:00:00,False,,False,True,False,True
,BLOCKED_BY_UNCERTIFIED_MACRO_BIAS,,2022-10-13 00:00:00,2022-10-14 00:00:00,2022-10-15 00:00:00,False,BULLISH,D1-20221014-BULLISH,2022-10-18 00:00:00,False,,False,True,False,True
,BLOCKED_BY_UNCERTIFIED_MACRO_BIAS,,2022-10-14 00:00:00,2022-10-17 00:00:00,2022-10-18 00:00:00,False,BULLISH,D1-20221017-BULLISH,2022-10-19 00:00:00,False,,False,True,False,True
,BLOCKED_BY_UNCERTIFIED_MACRO_BIAS,,2022-10-17 00:00:00,2022-10-18 00:00:00,2022-10-19 00:00:00,False,BULLISH,D1-20221018-BULLISH,2022-10-20 00:00:00,False,,False,True,False,True
,BLOCKED_BY_UNCERTIFIED_MACRO_BIAS,,2022-10-18 00:00:00,2022-10-19 00:00:00,2022-10-20 00:00:00,False,BULLISH,D1-20221019-BULLISH,2022-10-21 00:00:00,False,,False,True,False,True
2022-10-21 00:00:00,BLOCKED_BY_UNCERTIFIED_MACRO_BIAS,0.4286542923433968,2022-10-19 00:00:00,2022-10-20 00:00:00,2022-10-21 00:00:00,True,BULLISH,D1-20221020-BULLISH,2022-10-22 00:00:00,False,2022-10-20 08:00:00,True,True,False,True
,BLOCKED_BY_UNCERTIFIED_MACRO_BIAS,,2022-10-26 00:00:00,2022-10-27 00:00:00,2022-10-28 00:00:00,False,BULLISH,D1-20221027-BULLISH,2022-10-29 00:00:00,False,,False,True,False,True
,BLOCKED_BY_UNCERTIFIED_MACRO_BIAS,,2022-10-31 00:00:00,2022-11-01 00:00:00,2022-11-02 00:00:00,False,BULLISH,D1-20221101-BULLISH,2022-11-03 00:00:00,False,,False,True,False,True
,BLOCKED_BY_UNCERTIFIED_MACRO_BIAS,,2022-11-01 00:00:00,2022-11-02 00:00:00,2022-11-03 00:00:00,False,BULLISH,D1-20221102-BULLISH,2022-11-04 00:00:00,False,,False,True,False,True
,BLOCKED_BY_UNCERTIFIED_MACRO_BIAS,,2022-11-02 00:00:00,2022-11-03 00:00:00,2022-11-04 00:00:00,False,BULLISH,D1-20221103-BULLISH,2022-11-05 00:00:00,False,,False,True,False,True
,BLOCKED_BY_UNCERTIFIED_MACRO_BIAS,,2022-11-03 00:00:00,2022-11-04 00:00:00,2022-11-05 00:00:00,False,BULLISH,D1-20221104-BULLISH,2022-11-08 00:00:00,False,,False,True,False,True
,BLOCKED_BY_UNCERTIFIED_MACRO_BIAS,,2022-11-04 00:00:00,2022-11-07 00:00:00,2022-11-08 00:00:00,False,BULLISH,D1-20221107-BULLISH,2022-11-09 00:00:00,False,,False,True,False,True
,BLOCKED_BY_UNCERTIFIED_MACRO_BIAS,,2022-11-07 00:00:00,2022-11-08 00:00:00,2022-11-09 00:00:00,False,BULLISH,D1-20221108-BULLISH,2022-11-10 00:00:00,False,,False,True,False,True
,BLOCKED_BY_UNCERTIFIED_MACRO_BIAS,,2022-11-08 00:00:00,2022-11-09 00:00:00,2022-11-10 00:00:00,False,BULLISH,D1-20221109-BULLISH,2022-11-11 00:00:00,False,,False,True,False,True
,BLOCKED_BY_UNCERTIFIED_MACRO_BIAS,0.15138461538461762,2022-11-11 00:00:00,2022-11-14 00:00:00,2022-11-15 00:00:00,True,BEARISH,D1-20221114-BEARISH,2022-11-16 00:00:00,False,,False,True,False,False
,BLOCKED_BY_UNCERTIFIED_MACRO_BIAS,0.2543859649122807,2022-11-16 00:00:00,2022-11-17 00:00:00,2022-11-18 00:00:00,True,BULLISH,D1-20221117-BULLISH,2022-11-19 00:00:00,False,,False,True,False,False
,BLOCKED_BY_UNCERTIFIED_MACRO_BIAS,,2022-11-28 00:00:00,2022-11-29 00:00:00,2022-11-30 00:00:00,False,BULLISH,D1-20221129-BULLISH,2022-12-01 00:00:00,False,,False,True,False,True
,BLOCKED_BY_UNCERTIFIED_MACRO_BIAS,,2022-11-29 00:00:00,2022-11-30 00:00:00,2022-12-01 00:00:00,False,BEARISH,D1-20221130-BEARISH,2022-12-02 00:00:00,False,,False,True,False,True
2022-12-02 00:00:00,BLOCKED_BY_UNCERTIFIED_MACRO_BIAS,0.06604114038253067,2022-11-30 00:00:00,2022-12-01 00:00:00,2022-12-02 00:00:00,True,BEARISH,D1-20221201-BEARISH,2022-12-03 00:00:00,False,2022-12-01 20:00:00,True,True,False,True
,BLOCKED_BY_UNCERTIFIED_MACRO_BIAS,,2022-12-01 00:00:00,2022-12-02 00:00:00,2022-12-03 00:00:00,False,BEARISH,D1-20221202-BEARISH,2022-12-06 00:00:00,False,,False,True,False,True
,BLOCKED_BY_UNCERTIFIED_MACRO_BIAS,,2022-12-02 00:00:00,2022-12-05 00:00:00,2022-12-06 00:00:00,False,BEARISH,D1-20221205-BEARISH,2022-12-07 00:00:00,False,,False,True,False,True
,BLOCKED_BY_UNCERTIFIED_MACRO_BIAS,,2022-12-09 00:00:00,2022-12-12 00:00:00,2022-12-13 00:00:00,False,BEARISH,D1-20221212-BEARISH,2022-12-14 00:00:00,False,,False,True,False,True
,BLOCKED_BY_UNCERTIFIED_MACRO_BIAS,,2022-12-12 00:00:00,2022-12-13 00:00:00,2022-12-14 00:00:00,False,BEARISH,D1-20221213-BEARISH,2022-12-15 00:00:00,False,,False,True,False,True
,BLOCKED_BY_UNCERTIFIED_MACRO_BIAS,,2022-12-13 00:00:00,2022-12-14 00:00:00,2022-12-15 00:00:00,False,BEARISH,D1-20221214-BEARISH,2022-12-16 00:00:00,False,,False,True,False,True
,BLOCKED_BY_UNCERTIFIED_MACRO_BIAS,,2022-12-15 00:00:00,2022-12-16 00:00:00,2022-12-17 00:00:00,False,BULLISH,D1-20221216-BULLISH,2022-12-20 00:00:00,False,,False,True,False,True
,BLOCKED_BY_UNCERTIFIED_MACRO_BIAS,,2022-12-16 00:00:00,2022-12-19 00:00:00,2022-12-20 00:00:00,False,BULLISH,D1-20221219-BULLISH,2022-12-21 00:00:00,False,,False,True,False,True
,BLOCKED_BY_UNCERTIFIED_MACRO_BIAS,0.07772380291464845,2022-12-19 00:00:00,2022-12-20 00:00:00,2022-12-21 00:00:00,True,BULLISH,D1-20221220-BULLISH,2022-12-22 00:00:00,False,,False,True,False,True
,BLOCKED_BY_UNCERTIFIED_MACRO_BIAS,,2022-12-20 00:00:00,2022-12-21 00:00:00,2022-12-22 00:00:00,False,BULLISH,D1-20221221-BULLISH,2022-12-23 00:00:00,False,,False,True,False,True
,BLOCKED_BY_UNCERTIFIED_MACRO_BIAS,,2022-12-21 00:00:00,2022-12-22 00:00:00,2022-12-23 00:00:00,False,BULLISH,D1-20221222-BULLISH,2022-12-24 00:00:00,False,,False,True,False,True
,BLOCKED_BY_UNCERTIFIED_MACRO_BIAS,,2022-12-22 00:00:00,2022-12-23 00:00:00,2022-12-24 00:00:00,False,BULLISH,D1-20221223-BULLISH,2022-12-28 00:00:00,False,,False,True,False,True
,BLOCKED_BY_UNCERTIFIED_MACRO_BIAS,,2022-12-23 00:00:00,2022-12-27 00:00:00,2022-12-28 00:00:00,False,BULLISH,D1-20221227-BULLISH,2022-12-29 00:00:00,False,,False,True,False,True
,BLOCKED_BY_UNCERTIFIED_MACRO_BIAS,,2022-12-27 00:00:00,2022-12-28 00:00:00,2022-12-29 00:00:00,False,BULLISH,D1-20221228-BULLISH,2022-12-30 00:00:00,False,,False,True,False,True
,BLOCKED_BY_UNCERTIFIED_MACRO_BIAS,,2022-12-28 00:00:00,2022-12-29 00:00:00,2022-12-30 00:00:00,False,BULLISH,D1-20221229-BULLISH,2022-12-31 00:00:00,False,,False,True,False,True
,BLOCKED_BY_UNCERTIFIED_MACRO_BIAS,,2022-12-29 00:00:00,2022-12-30 00:00:00,2022-12-31 00:00:00,False,BULLISH,D1-20221230-BULLISH,2023-01-04 00:00:00,False,,False,True,False,True
,BLOCKED_BY_UNCERTIFIED_MACRO_BIAS,,2022-12-30 00:00:00,2023-01-03 00:00:00,2023-01-04 00:00:00,False,BULLISH,D1-20230103-BULLISH,2023-01-05 00:00:00,False,,False,True,False,True
,BLOCKED_BY_UNCERTIFIED_MACRO_BIAS,,2023-01-03 00:00:00,2023-01-04 00:00:00,2023-01-05 00:00:00,False,BULLISH,D1-20230104-BULLISH,2023-01-06 00:00:00,False,,False,True,False,True
,BLOCKED_BY_UNCERTIFIED_MACRO_BIAS,,2023-01-04 00:00:00,2023-01-05 00:00:00,2023-01-06 00:00:00,False,BULLISH,D1-20230105-BULLISH,2023-01-07 00:00:00,False,,False,True,False,True
,BLOCKED_BY_UNCERTIFIED_MACRO_BIAS,,2023-01-05 00:00:00,2023-01-06 00:00:00,2023-01-07 00:00:00,False,BULLISH,D1-20230106-BULLISH,2023-01-10 00:00:00,False,,False,True,False,True
,BLOCKED_BY_UNCERTIFIED_MACRO_BIAS,,2023-01-06 00:00:00,2023-01-09 00:00:00,2023-01-10 00:00:00,False,BULLISH,D1-20230109-BULLISH,2023-01-11 00:00:00,False,,False,True,False,True
,BLOCKED_BY_UNCERTIFIED_MACRO_BIAS,0.14579217700513572,2023-01-23 00:00:00,2023-01-24 00:00:00,2023-01-25 00:00:00,True,BEARISH,D1-20230124-BEARISH,2023-01-26 00:00:00,False,,False,True,False,True
,BLOCKED_BY_UNCERTIFIED_MACRO_BIAS,,2023-01-24 00:00:00,2023-01-25 00:00:00,2023-01-26 00:00:00,False,BEARISH,D1-20230125-BEARISH,2023-01-27 00:00:00,False,,False,True,False,True
,BLOCKED_BY_UNCERTIFIED_MACRO_BIAS,,2023-01-25 00:00:00,2023-01-26 00:00:00,2023-01-27 00:00:00,False,BEARISH,D1-20230126-BEARISH,2023-01-28 00:00:00,False,,False,True,False,True
,BLOCKED_BY_UNCERTIFIED_MACRO_BIAS,,2023-01-26 00:00:00,2023-01-27 00:00:00,2023-01-28 00:00:00,False,BEARISH,D1-20230127-BEARISH,2023-01-31 00:00:00,False,,False,True,False,True
,BLOCKED_BY_UNCERTIFIED_MACRO_BIAS,,2023-01-27 00:00:00,2023-01-30 00:00:00,2023-01-31 00:00:00,False,BEARISH,D1-20230130-BEARISH,2023-02-01 00:00:00,False,,False,True,False,True
,BLOCKED_BY_UNCERTIFIED_MACRO_BIAS,,2023-01-30 00:00:00,2023-01-31 00:00:00,2023-02-01 00:00:00,False,BEARISH,D1-20230131-BEARISH,2023-02-02 00:00:00,False,,False,True,False,True
,BLOCKED_BY_UNCERTIFIED_MACRO_BIAS,,2023-01-31 00:00:00,2023-02-01 00:00:00,2023-02-02 00:00:00,False,BEARISH,D1-20230201-BEARISH,2023-02-03 00:00:00,False,,False,True,False,True
,BLOCKED_BY_UNCERTIFIED_MACRO_BIAS,,2023-02-01 00:00:00,2023-02-02 00:00:00,2023-02-03 00:00:00,False,BEARISH,D1-20230202-BEARISH,2023-02-04 00:00:00,False,,False,True,False,True
,BLOCKED_BY_UNCERTIFIED_MACRO_BIAS,,2023-02-02 00:00:00,2023-02-03 00:00:00,2023-02-04 00:00:00,False,BEARISH,D1-20230203-BEARISH,2023-02-07 00:00:00,False,,False,True,False,True
,BLOCKED_BY_UNCERTIFIED_MACRO_BIAS,,2023-02-03 00:00:00,2023-02-06 00:00:00,2023-02-07 00:00:00,False,BEARISH,D1-20230206-BEARISH,2023-02-08 00:00:00,False,,False,True,False,True
,BLOCKED_BY_UNCERTIFIED_MACRO_BIAS,,2023-02-06 00:00:00,2023-02-07 00:00:00,2023-02-08 00:00:00,False,BEARISH,D1-20230207-BEARISH,2023-02-09 00:00:00,False,,False,True,False,True
,BLOCKED_BY_UNCERTIFIED_MACRO_BIAS,,2023-02-07 00:00:00,2023-02-08 00:00:00,2023-02-09 00:00:00,False,BEARISH,D1-20230208-BEARISH,2023-02-10 00:00:00,False,,False,True,False,True
,BLOCKED_BY_UNCERTIFIED_MACRO_BIAS,,2023-02-08 00:00:00,2023-02-09 00:00:00,2023-02-10 00:00:00,False,BEARISH,D1-20230209-BEARISH,2023-02-11 00:00:00,False,,False,True,False,True
,BLOCKED_BY_UNCERTIFIED_MACRO_BIAS,,2023-02-09 00:00:00,2023-02-10 00:00:00,2023-02-11 00:00:00,False,BEARISH,D1-20230210-BEARISH,2023-02-14 00:00:00,False,,False,True,False,True
,BLOCKED_BY_UNCERTIFIED_MACRO_BIAS,,2023-02-10 00:00:00,2023-02-13 00:00:00,2023-02-14 00:00:00,False,BEARISH,D1-20230213-BEARISH,2023-02-15 00:00:00,False,,False,True,False,True
,BLOCKED_BY_UNCERTIFIED_MACRO_BIAS,,2023-02-13 00:00:00,2023-02-14 00:00:00,2023-02-15 00:00:00,False,BEARISH,D1-20230214-BEARISH,2023-02-16 00:00:00,False,,False,True,False,True
,BLOCKED_BY_UNCERTIFIED_MACRO_BIAS,,2023-02-14 00:00:00,2023-02-15 00:00:00,2023-02-16 00:00:00,False,BEARISH,D1-20230215-BEARISH,2023-02-17 00:00:00,False,,False,True,False,True
,BLOCKED_BY_UNCERTIFIED_MACRO_BIAS,,2023-02-15 00:00:00,2023-02-16 00:00:00,2023-02-17 00:00:00,False,BEARISH,D1-20230216-BEARISH,2023-02-18 00:00:00,False,,False,True,False,True
,BLOCKED_BY_UNCERTIFIED_MACRO_BIAS,,2023-02-16 00:00:00,2023-02-17 00:00:00,2023-02-18 00:00:00,False,BEARISH,D1-20230217-BEARISH,2023-02-21 00:00:00,False,,False,True,False,True
,BLOCKED_BY_UNCERTIFIED_MACRO_BIAS,,2023-02-17 00:00:00,2023-02-20 00:00:00,2023-02-21 00:00:00,False,BEARISH,D1-20230220-BEARISH,2023-02-22 00:00:00,False,,False,True,False,True
,BLOCKED_BY_UNCERTIFIED_MACRO_BIAS,0.23455332546241747,2023-02-21 00:00:00,2023-02-22 00:00:00,2023-02-23 00:00:00,True,BULLISH,D1-20230222-BULLISH,2023-02-24 00:00:00,False,,False,True,False,False
,BLOCKED_BY_UNCERTIFIED_MACRO_BIAS,,2023-03-02 00:00:00,2023-03-03 00:00:00,2023-03-04 00:00:00,False,BEARISH,D1-20230303-BEARISH,2023-03-07 00:00:00,False,,False,True,False,True
2023-03-07 08:00:00,BLOCKED_BY_UNCERTIFIED_MACRO_BIAS,0.05842048323115381,2023-03-03 00:00:00,2023-03-06 00:00:00,2023-03-07 00:00:00,True,BEARISH,D1-20230306-BEARISH,2023-03-08 00:00:00,False,2023-03-07 08:00:00,True,True,False,True
,BLOCKED_BY_UNCERTIFIED_MACRO_BIAS,0.4421487603305813,2023-03-07 00:00:00,2023-03-08 00:00:00,2023-03-09 00:00:00,True,BULLISH,D1-20230308-BULLISH,2023-03-10 00:00:00,False,,False,True,False,False
,BLOCKED_BY_UNCERTIFIED_MACRO_BIAS,,2023-03-07 00:00:00,2023-03-08 00:00:00,2023-03-09 00:00:00,False,BEARISH,D1-20230308-BEARISH,2023-03-10 00:00:00,False,,False,True,False,True
,BLOCKED_BY_UNCERTIFIED_MACRO_BIAS,0.37582903463522277,2023-03-10 00:00:00,2023-03-13 00:00:00,2023-03-14 00:00:00,True,BULLISH,D1-20230313-BULLISH,2023-03-15 00:00:00,False,,False,True,False,False
,BLOCKED_BY_UNCERTIFIED_MACRO_BIAS,,2023-03-13 00:00:00,2023-03-14 00:00:00,2023-03-15 00:00:00,False,BEARISH,D1-20230314-BEARISH,2023-03-16 00:00:00,False,,False,True,False,True
,BLOCKED_BY_UNCERTIFIED_MACRO_BIAS,,2023-03-14 00:00:00,2023-03-15 00:00:00,2023-03-16 00:00:00,False,BEARISH,D1-20230315-BEARISH,2023-03-17 00:00:00,False,,False,True,False,True
,BLOCKED_BY_UNCERTIFIED_MACRO_BIAS,,2023-03-15 00:00:00,2023-03-16 00:00:00,2023-03-17 00:00:00,False,BEARISH,D1-20230316-BEARISH,2023-03-18 00:00:00,False,,False,True,False,True
2023-03-18 00:00:00,BLOCKED_BY_UNCERTIFIED_MACRO_BIAS,0.1772959183673421,2023-03-16 00:00:00,2023-03-17 00:00:00,2023-03-18 00:00:00,True,BEARISH,D1-20230317-BEARISH,2023-03-21 00:00:00,False,2023-03-17 12:00:00,True,True,False,True
,BLOCKED_BY_UNCERTIFIED_MACRO_BIAS,0.10971223021583676,2023-03-17 00:00:00,2023-03-20 00:00:00,2023-03-21 00:00:00,True,BULLISH,D1-20230320-BULLISH,2023-03-22 00:00:00,False,,False,True,False,False
,BLOCKED_BY_UNCERTIFIED_MACRO_BIAS,,2023-03-17 00:00:00,2023-03-20 00:00:00,2023-03-21 00:00:00,False,BEARISH,D1-20230320-BEARISH,2023-03-22 00:00:00,False,,False,True,False,True
,BLOCKED_BY_UNCERTIFIED_MACRO_BIAS,,2023-03-20 00:00:00,2023-03-21 00:00:00,2023-03-22 00:00:00,False,BEARISH,D1-20230321-BEARISH,2023-03-23 00:00:00,False,,False,True,False,True
,BLOCKED_BY_UNCERTIFIED_MACRO_BIAS,,2023-03-21 00:00:00,2023-03-22 00:00:00,2023-03-23 00:00:00,False,BEARISH,D1-20230322-BEARISH,2023-03-24 00:00:00,False,,False,True,False,True
,BLOCKED_BY_UNCERTIFIED_MACRO_BIAS,,2023-03-22 00:00:00,2023-03-23 00:00:00,2023-03-24 00:00:00,False,BEARISH,D1-20230323-BEARISH,2023-03-25 00:00:00,False,,False,True,False,True
,BLOCKED_BY_UNCERTIFIED_MACRO_BIAS,,2023-03-23 00:00:00,2023-03-24 00:00:00,2023-03-25 00:00:00,False,BEARISH,D1-20230324-BEARISH,2023-03-28 00:00:00,False,,False,True,False,True
,BLOCKED_BY_UNCERTIFIED_MACRO_BIAS,,2023-03-24 00:00:00,2023-03-27 00:00:00,2023-03-28 00:00:00,False,BEARISH,D1-20230327-BEARISH,2023-03-29 00:00:00,False,,False,True,False,True
,BLOCKED_BY_UNCERTIFIED_MACRO_BIAS,,2023-03-27 00:00:00,2023-03-28 00:00:00,2023-03-29 00:00:00,False,BEARISH,D1-20230328-BEARISH,2023-03-30 00:00:00,False,,False,True,False,True
,BLOCKED_BY_UNCERTIFIED_MACRO_BIAS,,2023-03-28 00:00:00,2023-03-29 00:00:00,2023-03-30 00:00:00,False,BEARISH,D1-20230329-BEARISH,2023-03-31 00:00:00,False,,False,True,False,True
,BLOCKED_BY_UNCERTIFIED_MACRO_BIAS,,2023-03-29 00:00:00,2023-03-30 00:00:00,2023-03-31 00:00:00,False,BEARISH,D1-20230330-BEARISH,2023-04-01 00:00:00,False,,False,True,False,True
,BLOCKED_BY_UNCERTIFIED_MACRO_BIAS,,2023-03-30 00:00:00,2023-03-31 00:00:00,2023-04-01 00:00:00,False,BEARISH,D1-20230331-BEARISH,2023-04-04 00:00:00,False,,False,True,False,True
,BLOCKED_BY_UNCERTIFIED_MACRO_BIAS,,2023-03-31 00:00:00,2023-04-03 00:00:00,2023-04-04 00:00:00,False,BEARISH,D1-20230403-BEARISH,2023-04-05 00:00:00,False,,False,True,False,True
,BLOCKED_BY_UNCERTIFIED_MACRO_BIAS,,2023-04-03 00:00:00,2023-04-04 00:00:00,2023-04-05 00:00:00,False,BEARISH,D1-20230404-BEARISH,2023-04-06 00:00:00,False,,False,True,False,True
,BLOCKED_BY_UNCERTIFIED_MACRO_BIAS,,2023-04-04 00:00:00,2023-04-05 00:00:00,2023-04-06 00:00:00,False,BEARISH,D1-20230405-BEARISH,2023-04-07 00:00:00,False,,False,True,False,True
,BLOCKED_BY_UNCERTIFIED_MACRO_BIAS,,2023-04-05 00:00:00,2023-04-06 00:00:00,2023-04-07 00:00:00,False,BEARISH,D1-20230406-BEARISH,2023-04-08 00:00:00,False,,False,True,False,True
,BLOCKED_BY_UNCERTIFIED_MACRO_BIAS,,2023-04-06 00:00:00,2023-04-07 00:00:00,2023-04-08 00:00:00,False,BEARISH,D1-20230407-BEARISH,2023-04-11 00:00:00,False,,False,True,False,True
2023-04-11 04:00:00,BLOCKED_BY_UNCERTIFIED_MACRO_BIAS,0.4567901234568188,2023-04-07 00:00:00,2023-04-10 00:00:00,2023-04-11 00:00:00,True,BEARISH,D1-20230410-BEARISH,2023-04-12 00:00:00,False,2023-04-11 04:00:00,True,True,False,True
,BLOCKED_BY_UNCERTIFIED_MACRO_BIAS,,2023-04-10 00:00:00,2023-04-11 00:00:00,2023-04-12 00:00:00,False,BEARISH,D1-20230411-BEARISH,2023-04-13 00:00:00,False,,False,True,False,True
,BLOCKED_BY_UNCERTIFIED_MACRO_BIAS,,2023-04-11 00:00:00,2023-04-12 00:00:00,2023-04-13 00:00:00,False,BEARISH,D1-20230412-BEARISH,2023-04-14 00:00:00,False,,False,True,False,True
,BLOCKED_BY_UNCERTIFIED_MACRO_BIAS,,2023-04-12 00:00:00,2023-04-13 00:00:00,2023-04-14 00:00:00,False,BEARISH,D1-20230413-BEARISH,2023-04-15 00:00:00,False,,False,True,False,True
2023-04-17 04:00:00,BLOCKED_BY_UNCERTIFIED_MACRO_BIAS,0.09635416666666997,2023-04-13 00:00:00,2023-04-14 00:00:00,2023-04-15 00:00:00,True,BEARISH,D1-20230414-BEARISH,2023-04-18 00:00:00,False,2023-04-17 04:00:00,True,True,False,True
,BLOCKED_BY_UNCERTIFIED_MACRO_BIAS,,2023-04-14 00:00:00,2023-04-17 00:00:00,2023-04-18 00:00:00,False,BEARISH,D1-20230417-BEARISH,2023-04-19 00:00:00,False,,False,True,False,True
,BLOCKED_BY_UNCERTIFIED_MACRO_BIAS,,2023-04-17 00:00:00,2023-04-18 00:00:00,2023-04-19 00:00:00,False,BEARISH,D1-20230418-BEARISH,2023-04-20 00:00:00,False,,False,True,False,True
,BLOCKED_BY_UNCERTIFIED_MACRO_BIAS,,2023-04-18 00:00:00,2023-04-19 00:00:00,2023-04-20 00:00:00,False,BEARISH,D1-20230419-BEARISH,2023-04-21 00:00:00,False,,False,True,False,True
,BLOCKED_BY_UNCERTIFIED_MACRO_BIAS,,2023-04-19 00:00:00,2023-04-20 00:00:00,2023-04-21 00:00:00,False,BEARISH,D1-20230420-BEARISH,2023-04-22 00:00:00,False,,False,True,False,True
,BLOCKED_BY_UNCERTIFIED_MACRO_BIAS,0.1304347826087087,2023-04-20 00:00:00,2023-04-21 00:00:00,2023-04-22 00:00:00,True,BULLISH,D1-20230421-BULLISH,2023-04-25 00:00:00,False,,False,True,False,False
,BLOCKED_BY_UNCERTIFIED_MACRO_BIAS,,2023-04-20 00:00:00,2023-04-21 00:00:00,2023-04-22 00:00:00,False,BEARISH,D1-20230421-BEARISH,2023-04-25 00:00:00,False,,False,True,False,True
,BLOCKED_BY_UNCERTIFIED_MACRO_BIAS,,2023-04-21 00:00:00,2023-04-24 00:00:00,2023-04-25 00:00:00,False,BEARISH,D1-20230424-BEARISH,2023-04-26 00:00:00,False,,False,True,False,True
,BLOCKED_BY_UNCERTIFIED_MACRO_BIAS,,2023-04-26 00:00:00,2023-04-27 00:00:00,2023-04-28 00:00:00,False,BEARISH,D1-20230427-BEARISH,2023-04-29 00:00:00,False,,False,True,False,True
2023-04-29 00:00:00,BLOCKED_BY_UNCERTIFIED_MACRO_BIAS,0.40623962827746163,2023-04-27 00:00:00,2023-04-28 00:00:00,2023-04-29 00:00:00,True,BEARISH,D1-20230428-BEARISH,2023-05-02 00:00:00,False,2023-04-28 08:00:00,True,True,False,True
2023-05-02 12:00:00,BLOCKED_BY_UNCERTIFIED_MACRO_BIAS,0.24999999999998884,2023-04-28 00:00:00,2023-05-01 00:00:00,2023-05-02 00:00:00,True,BEARISH,D1-20230501-BEARISH,2023-05-03 00:00:00,False,2023-05-02 12:00:00,True,True,False,True
,BLOCKED_BY_UNCERTIFIED_MACRO_BIAS,,2023-05-01 00:00:00,2023-05-02 00:00:00,2023-05-03 00:00:00,False,BEARISH,D1-20230502-BEARISH,2023-05-04 00:00:00,False,,False,True,False,True
,BLOCKED_BY_UNCERTIFIED_MACRO_BIAS,,2023-05-02 00:00:00,2023-05-03 00:00:00,2023-05-04 00:00:00,False,BEARISH,D1-20230503-BEARISH,2023-05-05 00:00:00,False,,False,True,False,True
,BLOCKED_BY_UNCERTIFIED_MACRO_BIAS,,2023-05-04 00:00:00,2023-05-05 00:00:00,2023-05-06 00:00:00,False,BEARISH,D1-20230505-BEARISH,2023-05-09 00:00:00,False,,False,True,False,True
,BLOCKED_BY_UNCERTIFIED_MACRO_BIAS,0.10284810126582235,2023-05-05 00:00:00,2023-05-08 00:00:00,2023-05-09 00:00:00,True,BEARISH,D1-20230508-BEARISH,2023-05-10 00:00:00,False,,False,True,False,True
,BLOCKED_BY_UNCERTIFIED_MACRO_BIAS,,2023-05-08 00:00:00,2023-05-09 00:00:00,2023-05-10 00:00:00,False,BEARISH,D1-20230509-BEARISH,2023-05-11 00:00:00,False,,False,True,False,True
,BLOCKED_BY_UNCERTIFIED_MACRO_BIAS,,2023-05-09 00:00:00,2023-05-10 00:00:00,2023-05-11 00:00:00,False,BEARISH,D1-20230510-BEARISH,2023-05-12 00:00:00,False,,False,True,False,True
,BLOCKED_BY_UNCERTIFIED_MACRO_BIAS,,2023-05-10 00:00:00,2023-05-11 00:00:00,2023-05-12 00:00:00,False,BEARISH,D1-20230511-BEARISH,2023-05-13 00:00:00,False,,False,True,False,True
,BLOCKED_BY_UNCERTIFIED_MACRO_BIAS,,2023-05-11 00:00:00,2023-05-12 00:00:00,2023-05-13 00:00:00,False,BEARISH,D1-20230512-BEARISH,2023-05-16 00:00:00,False,,False,True,False,True
,BLOCKED_BY_UNCERTIFIED_MACRO_BIAS,,2023-05-12 00:00:00,2023-05-15 00:00:00,2023-05-16 00:00:00,False,BEARISH,D1-20230515-BEARISH,2023-05-17 00:00:00,False,,False,True,False,True
,BLOCKED_BY_UNCERTIFIED_MACRO_BIAS,,2023-05-15 00:00:00,2023-05-16 00:00:00,2023-05-17 00:00:00,False,BEARISH,D1-20230516-BEARISH,2023-05-18 00:00:00,False,,False,True,False,True
,BLOCKED_BY_UNCERTIFIED_MACRO_BIAS,,2023-05-16 00:00:00,2023-05-17 00:00:00,2023-05-18 00:00:00,False,BEARISH,D1-20230517-BEARISH,2023-05-19 00:00:00,False,,False,True,False,True
,BLOCKED_BY_UNCERTIFIED_MACRO_BIAS,,2023-05-17 00:00:00,2023-05-18 00:00:00,2023-05-19 00:00:00,False,BEARISH,D1-20230518-BEARISH,2023-05-20 00:00:00,False,,False,True,False,True
,BLOCKED_BY_UNCERTIFIED_MACRO_BIAS,0.25538124771980997,2023-05-18 00:00:00,2023-05-19 00:00:00,2023-05-20 00:00:00,True,BEARISH,D1-20230519-BEARISH,2023-05-23 00:00:00,False,,False,True,False,True
,BLOCKED_BY_UNCERTIFIED_MACRO_BIAS,,2023-05-19 00:00:00,2023-05-22 00:00:00,2023-05-23 00:00:00,False,BEARISH,D1-20230522-BEARISH,2023-05-24 00:00:00,False,,False,True,False,True
,BLOCKED_BY_UNCERTIFIED_MACRO_BIAS,,2023-05-22 00:00:00,2023-05-23 00:00:00,2023-05-24 00:00:00,False,BEARISH,D1-20230523-BEARISH,2023-05-25 00:00:00,False,,False,True,False,True
,BLOCKED_BY_UNCERTIFIED_MACRO_BIAS,,2023-05-23 00:00:00,2023-05-24 00:00:00,2023-05-25 00:00:00,False,BEARISH,D1-20230524-BEARISH,2023-05-26 00:00:00,False,,False,True,False,True
,BLOCKED_BY_UNCERTIFIED_MACRO_BIAS,,2023-05-24 00:00:00,2023-05-25 00:00:00,2023-05-26 00:00:00,False,BEARISH,D1-20230525-BEARISH,2023-05-27 00:00:00,False,,False,True,False,True
,BLOCKED_BY_UNCERTIFIED_MACRO_BIAS,,2023-05-25 00:00:00,2023-05-26 00:00:00,2023-05-27 00:00:00,False,BEARISH,D1-20230526-BEARISH,2023-05-30 00:00:00,False,,False,True,False,True
,BLOCKED_BY_UNCERTIFIED_MACRO_BIAS,,2023-05-26 00:00:00,2023-05-29 00:00:00,2023-05-30 00:00:00,False,BEARISH,D1-20230529-BEARISH,2023-05-31 00:00:00,False,,False,True,False,True
,BLOCKED_BY_UNCERTIFIED_MACRO_BIAS,0.35598705501618544,2023-05-29 00:00:00,2023-05-30 00:00:00,2023-05-31 00:00:00,True,BULLISH,D1-20230530-BULLISH,2023-06-01 00:00:00,False,,False,True,False,False
,BLOCKED_BY_UNCERTIFIED_MACRO_BIAS,,2023-05-29 00:00:00,2023-05-30 00:00:00,2023-05-31 00:00:00,False,BEARISH,D1-20230530-BEARISH,2023-06-01 00:00:00,False,,False,True,False,True
,BLOCKED_BY_UNCERTIFIED_MACRO_BIAS,,2023-05-30 00:00:00,2023-05-31 00:00:00,2023-06-01 00:00:00,False,BEARISH,D1-20230531-BEARISH,2023-06-02 00:00:00,False,,False,True,False,True
,BLOCKED_BY_UNCERTIFIED_MACRO_BIAS,,2023-05-31 00:00:00,2023-06-01 00:00:00,2023-06-02 00:00:00,False,BEARISH,D1-20230601-BEARISH,2023-06-03 00:00:00,False,,False,True,False,True
,BLOCKED_BY_UNCERTIFIED_MACRO_BIAS,,2023-06-01 00:00:00,2023-06-02 00:00:00,2023-06-03 00:00:00,False,BEARISH,D1-20230602-BEARISH,2023-06-06 00:00:00,False,,False,True,False,True
2023-06-06 12:00:00,BLOCKED_BY_UNCERTIFIED_MACRO_BIAS,0.10961737331952912,2023-06-02 00:00:00,2023-06-05 00:00:00,2023-06-06 00:00:00,True,BEARISH,D1-20230605-BEARISH,2023-06-07 00:00:00,False,2023-06-06 12:00:00,True,True,False,True
,BLOCKED_BY_UNCERTIFIED_MACRO_BIAS,,2023-06-05 00:00:00,2023-06-06 00:00:00,2023-06-07 00:00:00,False,BEARISH,D1-20230606-BEARISH,2023-06-08 00:00:00,False,,False,True,False,True
,BLOCKED_BY_UNCERTIFIED_MACRO_BIAS,,2023-06-06 00:00:00,2023-06-07 00:00:00,2023-06-08 00:00:00,False,BEARISH,D1-20230607-BEARISH,2023-06-09 00:00:00,False,,False,True,False,True
,BLOCKED_BY_UNCERTIFIED_MACRO_BIAS,,2023-06-07 00:00:00,2023-06-08 00:00:00,2023-06-09 00:00:00,False,BEARISH,D1-20230608-BEARISH,2023-06-10 00:00:00,False,,False,True,False,True
,BLOCKED_BY_UNCERTIFIED_MACRO_BIAS,,2023-06-08 00:00:00,2023-06-09 00:00:00,2023-06-10 00:00:00,False,BEARISH,D1-20230609-BEARISH,2023-06-13 00:00:00,False,,False,True,False,True
,BLOCKED_BY_UNCERTIFIED_MACRO_BIAS,,2023-06-09 00:00:00,2023-06-12 00:00:00,2023-06-13 00:00:00,False,BEARISH,D1-20230612-BEARISH,2023-06-14 00:00:00,False,,False,True,False,True
,BLOCKED_BY_UNCERTIFIED_MACRO_BIAS,,2023-06-12 00:00:00,2023-06-13 00:00:00,2023-06-14 00:00:00,False,BEARISH,D1-20230613-BEARISH,2023-06-15 00:00:00,False,,False,True,False,True
,BLOCKED_BY_UNCERTIFIED_MACRO_BIAS,,2023-06-13 00:00:00,2023-06-14 00:00:00,2023-06-15 00:00:00,False,BEARISH,D1-20230614-BEARISH,2023-06-16 00:00:00,False,,False,True,False,True
,BLOCKED_BY_UNCERTIFIED_MACRO_BIAS,,2023-06-14 00:00:00,2023-06-15 00:00:00,2023-06-16 00:00:00,False,BEARISH,D1-20230615-BEARISH,2023-06-17 00:00:00,False,,False,True,False,True
,BLOCKED_BY_UNCERTIFIED_MACRO_BIAS,0.39848675914248904,2023-06-15 00:00:00,2023-06-16 00:00:00,2023-06-17 00:00:00,True,BEARISH,D1-20230616-BEARISH,2023-06-20 00:00:00,False,,False,True,False,True
,BLOCKED_BY_UNCERTIFIED_MACRO_BIAS,,2023-06-16 00:00:00,2023-06-19 00:00:00,2023-06-20 00:00:00,False,BEARISH,D1-20230619-BEARISH,2023-06-21 00:00:00,False,,False,True,False,True
,BLOCKED_BY_UNCERTIFIED_MACRO_BIAS,0.023633677991143125,2023-06-19 00:00:00,2023-06-20 00:00:00,2023-06-21 00:00:00,True,BULLISH,D1-20230620-BULLISH,2023-06-22 00:00:00,False,,False,True,False,False
,BLOCKED_BY_UNCERTIFIED_MACRO_BIAS,,2023-06-19 00:00:00,2023-06-20 00:00:00,2023-06-21 00:00:00,False,BEARISH,D1-20230620-BEARISH,2023-06-22 00:00:00,False,,False,True,False,True
,BLOCKED_BY_UNCERTIFIED_MACRO_BIAS,,2023-06-20 00:00:00,2023-06-21 00:00:00,2023-06-22 00:00:00,False,BEARISH,D1-20230621-BEARISH,2023-06-23 00:00:00,False,,False,True,False,True
,BLOCKED_BY_UNCERTIFIED_MACRO_BIAS,,2023-06-21 00:00:00,2023-06-22 00:00:00,2023-06-23 00:00:00,False,BEARISH,D1-20230622-BEARISH,2023-06-24 00:00:00,False,,False,True,False,True
,BLOCKED_BY_UNCERTIFIED_MACRO_BIAS,,2023-06-22 00:00:00,2023-06-23 00:00:00,2023-06-24 00:00:00,False,BEARISH,D1-20230623-BEARISH,2023-06-27 00:00:00,False,,False,True,False,True
,BLOCKED_BY_UNCERTIFIED_MACRO_BIAS,,2023-06-23 00:00:00,2023-06-26 00:00:00,2023-06-27 00:00:00,False,BEARISH,D1-20230626-BEARISH,2023-06-28 00:00:00,False,,False,True,False,True
,BLOCKED_BY_UNCERTIFIED_MACRO_BIAS,,2023-06-26 00:00:00,2023-06-27 00:00:00,2023-06-28 00:00:00,False,BEARISH,D1-20230627-BEARISH,2023-06-29 00:00:00,False,,False,True,False,True
,BLOCKED_BY_UNCERTIFIED_MACRO_BIAS,,2023-06-27 00:00:00,2023-06-28 00:00:00,2023-06-29 00:00:00,False,BEARISH,D1-20230628-BEARISH,2023-06-30 00:00:00,False,,False,True,False,True
,BLOCKED_BY_UNCERTIFIED_MACRO_BIAS,,2023-06-28 00:00:00,2023-06-29 00:00:00,2023-06-30 00:00:00,False,BEARISH,D1-20230629-BEARISH,2023-07-01 00:00:00,False,,False,True,False,True
,BLOCKED_BY_UNCERTIFIED_MACRO_BIAS,,2023-06-29 00:00:00,2023-06-30 00:00:00,2023-07-01 00:00:00,False,BEARISH,D1-20230630-BEARISH,2023-07-04 00:00:00,False,,False,True,False,True
,BLOCKED_BY_UNCERTIFIED_MACRO_BIAS,0.11540229885056802,2023-06-30 00:00:00,2023-07-03 00:00:00,2023-07-04 00:00:00,True,BEARISH,D1-20230703-BEARISH,2023-07-05 00:00:00,False,,False,True,False,True
,BLOCKED_BY_UNCERTIFIED_MACRO_BIAS,,2023-07-03 00:00:00,2023-07-04 00:00:00,2023-07-05 00:00:00,False,BEARISH,D1-20230704-BEARISH,2023-07-06 00:00:00,False,,False,True,False,True
,BLOCKED_BY_UNCERTIFIED_MACRO_BIAS,,2023-07-04 00:00:00,2023-07-05 00:00:00,2023-07-06 00:00:00,False,BEARISH,D1-20230705-BEARISH,2023-07-07 00:00:00,False,,False,True,False,True
,BLOCKED_BY_UNCERTIFIED_MACRO_BIAS,,2023-07-05 00:00:00,2023-07-06 00:00:00,2023-07-07 00:00:00,False,BEARISH,D1-20230706-BEARISH,2023-07-08 00:00:00,False,,False,True,False,True
,BLOCKED_BY_UNCERTIFIED_MACRO_BIAS,,2023-07-06 00:00:00,2023-07-07 00:00:00,2023-07-08 00:00:00,False,BEARISH,D1-20230707-BEARISH,2023-07-11 00:00:00,False,,False,True,False,True
,BLOCKED_BY_UNCERTIFIED_MACRO_BIAS,0.013333333333300995,2023-07-07 00:00:00,2023-07-10 00:00:00,2023-07-11 00:00:00,True,BULLISH,D1-20230710-BULLISH,2023-07-12 00:00:00,False,,False,True,False,False
,BLOCKED_BY_UNCERTIFIED_MACRO_BIAS,,2023-07-07 00:00:00,2023-07-10 00:00:00,2023-07-11 00:00:00,False,BEARISH,D1-20230710-BEARISH,2023-07-12 00:00:00,False,,False,True,False,True
,BLOCKED_BY_UNCERTIFIED_MACRO_BIAS,,2023-07-10 00:00:00,2023-07-11 00:00:00,2023-07-12 00:00:00,False,BEARISH,D1-20230711-BEARISH,2023-07-13 00:00:00,False,,False,True,False,True
,BLOCKED_BY_UNCERTIFIED_MACRO_BIAS,,2023-07-11 00:00:00,2023-07-12 00:00:00,2023-07-13 00:00:00,False,BEARISH,D1-20230712-BEARISH,2023-07-14 00:00:00,False,,False,True,False,True
,BLOCKED_BY_UNCERTIFIED_MACRO_BIAS,,2023-07-12 00:00:00,2023-07-13 00:00:00,2023-07-14 00:00:00,False,BEARISH,D1-20230713-BEARISH,2023-07-15 00:00:00,False,,False,True,False,True
2023-07-15 00:00:00,BLOCKED_BY_UNCERTIFIED_MACRO_BIAS,0.014742014742016297,2023-07-13 00:00:00,2023-07-14 00:00:00,2023-07-15 00:00:00,True,BEARISH,D1-20230714-BEARISH,2023-07-18 00:00:00,False,2023-07-14 12:00:00,True,True,False,True
,BLOCKED_BY_UNCERTIFIED_MACRO_BIAS,,2023-07-14 00:00:00,2023-07-17 00:00:00,2023-07-18 00:00:00,False,BEARISH,D1-20230717-BEARISH,2023-07-19 00:00:00,False,,False,True,False,True
,BLOCKED_BY_UNCERTIFIED_MACRO_BIAS,,2023-07-17 00:00:00,2023-07-18 00:00:00,2023-07-19 00:00:00,False,BEARISH,D1-20230718-BEARISH,2023-07-20 00:00:00,False,,False,True,False,True
2023-07-20 00:00:00,BLOCKED_BY_UNCERTIFIED_MACRO_BIAS,0.06363636363636965,2023-07-18 00:00:00,2023-07-19 00:00:00,2023-07-20 00:00:00,True,BEARISH,D1-20230719-BEARISH,2023-07-21 00:00:00,False,2023-07-19 08:00:00,True,True,False,True
,BLOCKED_BY_UNCERTIFIED_MACRO_BIAS,,2023-07-19 00:00:00,2023-07-20 00:00:00,2023-07-21 00:00:00,False,BEARISH,D1-20230720-BEARISH,2023-07-22 00:00:00,False,,False,True,False,True
,BLOCKED_BY_UNCERTIFIED_MACRO_BIAS,0.11121983039790836,2023-07-20 00:00:00,2023-07-21 00:00:00,2023-07-22 00:00:00,True,BULLISH,D1-20230721-BULLISH,2023-07-25 00:00:00,False,,False,True,False,False
,BLOCKED_BY_UNCERTIFIED_MACRO_BIAS,,2023-07-20 00:00:00,2023-07-21 00:00:00,2023-07-22 00:00:00,False,BEARISH,D1-20230721-BEARISH,2023-07-25 00:00:00,False,,False,True,False,True
,BLOCKED_BY_UNCERTIFIED_MACRO_BIAS,0.4574780058651328,2023-07-21 00:00:00,2023-07-24 00:00:00,2023-07-25 00:00:00,True,BULLISH,D1-20230724-BULLISH,2023-07-26 00:00:00,False,,False,True,False,False
,BLOCKED_BY_UNCERTIFIED_MACRO_BIAS,,2023-07-21 00:00:00,2023-07-24 00:00:00,2023-07-25 00:00:00,False,BEARISH,D1-20230724-BEARISH,2023-07-26 00:00:00,False,,False,True,False,True
,BLOCKED_BY_UNCERTIFIED_MACRO_BIAS,,2023-07-24 00:00:00,2023-07-25 00:00:00,2023-07-26 00:00:00,False,BEARISH,D1-20230725-BEARISH,2023-07-27 00:00:00,False,,False,True,False,True
,BLOCKED_BY_UNCERTIFIED_MACRO_BIAS,,2023-07-25 00:00:00,2023-07-26 00:00:00,2023-07-27 00:00:00,False,BEARISH,D1-20230726-BEARISH,2023-07-28 00:00:00,False,,False,True,False,True
,BLOCKED_BY_UNCERTIFIED_MACRO_BIAS,,2023-07-26 00:00:00,2023-07-27 00:00:00,2023-07-28 00:00:00,False,BEARISH,D1-20230727-BEARISH,2023-07-29 00:00:00,False,,False,True,False,True
,BLOCKED_BY_UNCERTIFIED_MACRO_BIAS,,2023-07-27 00:00:00,2023-07-28 00:00:00,2023-07-29 00:00:00,False,BEARISH,D1-20230728-BEARISH,2023-08-01 00:00:00,False,,False,True,False,True
2023-08-01 04:00:00,BLOCKED_BY_UNCERTIFIED_MACRO_BIAS,0.1094663030775235,2023-07-28 00:00:00,2023-07-31 00:00:00,2023-08-01 00:00:00,True,BEARISH,D1-20230731-BEARISH,2023-08-02 00:00:00,False,2023-08-01 04:00:00,True,True,False,True
,BLOCKED_BY_UNCERTIFIED_MACRO_BIAS,,2023-07-31 00:00:00,2023-08-01 00:00:00,2023-08-02 00:00:00,False,BEARISH,D1-20230801-BEARISH,2023-08-03 00:00:00,False,,False,True,False,True
,BLOCKED_BY_UNCERTIFIED_MACRO_BIAS,0.0057692307692307696,2023-08-02 00:00:00,2023-08-03 00:00:00,2023-08-04 00:00:00,True,BULLISH,D1-20230803-BULLISH,2023-08-05 00:00:00,False,,False,True,False,False
,BLOCKED_BY_UNCERTIFIED_MACRO_BIAS,0.13098404255319665,2023-08-09 00:00:00,2023-08-10 00:00:00,2023-08-11 00:00:00,True,BULLISH,D1-20230810-BULLISH,2023-08-12 00:00:00,False,,False,True,False,False
,BLOCKED_BY_UNCERTIFIED_MACRO_BIAS,0.026180698151943346,2023-08-17 00:00:00,2023-08-18 00:00:00,2023-08-19 00:00:00,True,BULLISH,D1-20230818-BULLISH,2023-08-22 00:00:00,False,,False,True,False,False
,BLOCKED_BY_UNCERTIFIED_MACRO_BIAS,0.033793431699192536,2023-08-21 00:00:00,2023-08-22 00:00:00,2023-08-23 00:00:00,True,BEARISH,D1-20230822-BEARISH,2023-08-24 00:00:00,False,,False,True,False,False
,BLOCKED_BY_UNCERTIFIED_MACRO_BIAS,,2023-08-22 00:00:00,2023-08-23 00:00:00,2023-08-24 00:00:00,False,BEARISH,D1-20230823-BEARISH,2023-08-25 00:00:00,False,,False,True,False,True
,BLOCKED_BY_UNCERTIFIED_MACRO_BIAS,0.26516853932584494,2023-08-24 00:00:00,2023-08-25 00:00:00,2023-08-26 00:00:00,True,BULLISH,D1-20230825-BULLISH,2023-08-29 00:00:00,False,,False,True,False,False
,BLOCKED_BY_UNCERTIFIED_MACRO_BIAS,,2023-08-28 00:00:00,2023-08-29 00:00:00,2023-08-30 00:00:00,False,BEARISH,D1-20230829-BEARISH,2023-08-31 00:00:00,False,,False,True,False,True
,BLOCKED_BY_UNCERTIFIED_MACRO_BIAS,,2023-08-29 00:00:00,2023-08-30 00:00:00,2023-08-31 00:00:00,False,BEARISH,D1-20230830-BEARISH,2023-09-01 00:00:00,False,,False,True,False,True
,BLOCKED_BY_UNCERTIFIED_MACRO_BIAS,,2023-08-30 00:00:00,2023-08-31 00:00:00,2023-09-01 00:00:00,False,BEARISH,D1-20230831-BEARISH,2023-09-02 00:00:00,False,,False,True,False,True
2023-09-02 00:00:00,BLOCKED_BY_UNCERTIFIED_MACRO_BIAS,0.4944134078212343,2023-08-31 00:00:00,2023-09-01 00:00:00,2023-09-02 00:00:00,True,BEARISH,D1-20230901-BEARISH,2023-09-05 00:00:00,False,2023-09-01 12:00:00,True,True,False,True
,BLOCKED_BY_UNCERTIFIED_MACRO_BIAS,,2023-09-01 00:00:00,2023-09-04 00:00:00,2023-09-05 00:00:00,False,BEARISH,D1-20230904-BEARISH,2023-09-06 00:00:00,False,,False,True,False,True
,BLOCKED_BY_UNCERTIFIED_MACRO_BIAS,,2023-09-04 00:00:00,2023-09-05 00:00:00,2023-09-06 00:00:00,False,BEARISH,D1-20230905-BEARISH,2023-09-07 00:00:00,False,,False,True,False,True
,BLOCKED_BY_UNCERTIFIED_MACRO_BIAS,,2023-09-05 00:00:00,2023-09-06 00:00:00,2023-09-07 00:00:00,False,BEARISH,D1-20230906-BEARISH,2023-09-08 00:00:00,False,,False,True,False,True
,BLOCKED_BY_UNCERTIFIED_MACRO_BIAS,,2023-09-07 00:00:00,2023-09-08 00:00:00,2023-09-09 00:00:00,False,BEARISH,D1-20230908-BEARISH,2023-09-12 00:00:00,False,,False,True,False,True
,BLOCKED_BY_UNCERTIFIED_MACRO_BIAS,,2023-09-08 00:00:00,2023-09-11 00:00:00,2023-09-12 00:00:00,False,BEARISH,D1-20230911-BEARISH,2023-09-13 00:00:00,False,,False,True,False,True
,BLOCKED_BY_UNCERTIFIED_MACRO_BIAS,,2023-09-11 00:00:00,2023-09-12 00:00:00,2023-09-13 00:00:00,False,BEARISH,D1-20230912-BEARISH,2023-09-14 00:00:00,False,,False,True,False,True
,BLOCKED_BY_UNCERTIFIED_MACRO_BIAS,0.44555778223111947,2023-09-12 00:00:00,2023-09-13 00:00:00,2023-09-14 00:00:00,True,BULLISH,D1-20230913-BULLISH,2023-09-15 00:00:00,False,,False,True,False,False
,BLOCKED_BY_UNCERTIFIED_MACRO_BIAS,,2023-09-12 00:00:00,2023-09-13 00:00:00,2023-09-14 00:00:00,False,BEARISH,D1-20230913-BEARISH,2023-09-15 00:00:00,False,,False,True,False,True
,BLOCKED_BY_UNCERTIFIED_MACRO_BIAS,,2023-09-13 00:00:00,2023-09-14 00:00:00,2023-09-15 00:00:00,False,BEARISH,D1-20230914-BEARISH,2023-09-16 00:00:00,False,,False,True,False,True
,BLOCKED_BY_UNCERTIFIED_MACRO_BIAS,0.14134790528233548,2023-09-15 00:00:00,2023-09-18 00:00:00,2023-09-19 00:00:00,True,BULLISH,D1-20230918-BULLISH,2023-09-20 00:00:00,False,,False,True,False,False
,BLOCKED_BY_UNCERTIFIED_MACRO_BIAS,0.052152607630380446,2023-09-21 00:00:00,2023-09-22 00:00:00,2023-09-23 00:00:00,True,BULLISH,D1-20230922-BULLISH,2023-09-26 00:00:00,False,,False,True,False,False
,BLOCKED_BY_UNCERTIFIED_MACRO_BIAS,,2023-09-25 00:00:00,2023-09-26 00:00:00,2023-09-27 00:00:00,False,BULLISH,D1-20230926-BULLISH,2023-09-28 00:00:00,False,,False,True,False,True
2023-09-28 12:00:00,BLOCKED_BY_UNCERTIFIED_MACRO_BIAS,0.23380281690140503,2023-09-26 00:00:00,2023-09-27 00:00:00,2023-09-28 00:00:00,True,BULLISH,D1-20230927-BULLISH,2023-09-29 00:00:00,False,2023-09-28 12:00:00,True,True,False,True
,BLOCKED_BY_UNCERTIFIED_MACRO_BIAS,,2023-09-27 00:00:00,2023-09-28 00:00:00,2023-09-29 00:00:00,False,BULLISH,D1-20230928-BULLISH,2023-09-30 00:00:00,False,,False,True,False,True
,BLOCKED_BY_UNCERTIFIED_MACRO_BIAS,,2023-09-28 00:00:00,2023-09-29 00:00:00,2023-09-30 00:00:00,False,BULLISH,D1-20230929-BULLISH,2023-10-03 00:00:00,False,,False,True,False,True
,BLOCKED_BY_UNCERTIFIED_MACRO_BIAS,0.21155555555554909,2023-09-28 00:00:00,2023-09-29 00:00:00,2023-09-30 00:00:00,True,BEARISH,D1-20230929-BEARISH,2023-10-03 00:00:00,False,,False,True,False,False
,BLOCKED_BY_UNCERTIFIED_MACRO_BIAS,,2023-09-29 00:00:00,2023-10-02 00:00:00,2023-10-03 00:00:00,False,BULLISH,D1-20231002-BULLISH,2023-10-04 00:00:00,False,,False,True,False,True
,BLOCKED_BY_UNCERTIFIED_MACRO_BIAS,,2023-10-02 00:00:00,2023-10-03 00:00:00,2023-10-04 00:00:00,False,BULLISH,D1-20231003-BULLISH,2023-10-05 00:00:00,False,,False,True,False,True
,BLOCKED_BY_UNCERTIFIED_MACRO_BIAS,,2023-10-03 00:00:00,2023-10-04 00:00:00,2023-10-05 00:00:00,False,BULLISH,D1-20231004-BULLISH,2023-10-06 00:00:00,False,,False,True,False,True
,BLOCKED_BY_UNCERTIFIED_MACRO_BIAS,,2023-10-04 00:00:00,2023-10-05 00:00:00,2023-10-06 00:00:00,False,BULLISH,D1-20231005-BULLISH,2023-10-07 00:00:00,False,,False,True,False,True
,BLOCKED_BY_UNCERTIFIED_MACRO_BIAS,0.1544841886988042,2023-10-04 00:00:00,2023-10-05 00:00:00,2023-10-06 00:00:00,True,BEARISH,D1-20231005-BEARISH,2023-10-07 00:00:00,False,,False,True,False,False
,BLOCKED_BY_UNCERTIFIED_MACRO_BIAS,,2023-10-12 00:00:00,2023-10-13 00:00:00,2023-10-14 00:00:00,False,BULLISH,D1-20231013-BULLISH,2023-10-17 00:00:00,False,,False,True,False,True
,BLOCKED_BY_UNCERTIFIED_MACRO_BIAS,,2023-10-17 00:00:00,2023-10-18 00:00:00,2023-10-19 00:00:00,False,BULLISH,D1-20231018-BULLISH,2023-10-20 00:00:00,False,,False,True,False,True
,BLOCKED_BY_UNCERTIFIED_MACRO_BIAS,,2023-10-18 00:00:00,2023-10-19 00:00:00,2023-10-20 00:00:00,False,BULLISH,D1-20231019-BULLISH,2023-10-21 00:00:00,False,,False,True,False,True
,BLOCKED_BY_UNCERTIFIED_MACRO_BIAS,,2023-10-19 00:00:00,2023-10-20 00:00:00,2023-10-21 00:00:00,False,BULLISH,D1-20231020-BULLISH,2023-10-24 00:00:00,False,,False,True,False,True
,BLOCKED_BY_UNCERTIFIED_MACRO_BIAS,0.26351003602675566,2023-10-20 00:00:00,2023-10-23 00:00:00,2023-10-24 00:00:00,True,BULLISH,D1-20231023-BULLISH,2023-10-25 00:00:00,False,,False,True,False,True
,BLOCKED_BY_UNCERTIFIED_MACRO_BIAS,,2023-10-23 00:00:00,2023-10-24 00:00:00,2023-10-25 00:00:00,False,BULLISH,D1-20231024-BULLISH,2023-10-26 00:00:00,False,,False,True,False,True
,BLOCKED_BY_UNCERTIFIED_MACRO_BIAS,,2023-10-24 00:00:00,2023-10-25 00:00:00,2023-10-26 00:00:00,False,BULLISH,D1-20231025-BULLISH,2023-10-27 00:00:00,False,,False,True,False,True
,BLOCKED_BY_UNCERTIFIED_MACRO_BIAS,,2023-10-25 00:00:00,2023-10-26 00:00:00,2023-10-27 00:00:00,False,BULLISH,D1-20231026-BULLISH,2023-10-28 00:00:00,False,,False,True,False,True
,BLOCKED_BY_UNCERTIFIED_MACRO_BIAS,,2023-10-26 00:00:00,2023-10-27 00:00:00,2023-10-28 00:00:00,False,BULLISH,D1-20231027-BULLISH,2023-10-31 00:00:00,False,,False,True,False,True
,BLOCKED_BY_UNCERTIFIED_MACRO_BIAS,,2023-10-27 00:00:00,2023-10-30 00:00:00,2023-10-31 00:00:00,False,BULLISH,D1-20231030-BULLISH,2023-11-01 00:00:00,False,,False,True,False,True
,BLOCKED_BY_UNCERTIFIED_MACRO_BIAS,,2023-10-30 00:00:00,2023-10-31 00:00:00,2023-11-01 00:00:00,False,BULLISH,D1-20231031-BULLISH,2023-11-02 00:00:00,False,,False,True,False,True
,BLOCKED_BY_UNCERTIFIED_MACRO_BIAS,0.12963671128106935,2023-11-03 00:00:00,2023-11-06 00:00:00,2023-11-07 00:00:00,True,BEARISH,D1-20231106-BEARISH,2023-11-08 00:00:00,False,,False,True,False,False
,BLOCKED_BY_UNCERTIFIED_MACRO_BIAS,0.05579937304075007,2023-11-07 00:00:00,2023-11-08 00:00:00,2023-11-09 00:00:00,True,BEARISH,D1-20231108-BEARISH,2023-11-10 00:00:00,False,,False,True,False,False
,BLOCKED_BY_UNCERTIFIED_MACRO_BIAS,,2023-11-09 00:00:00,2023-11-10 00:00:00,2023-11-11 00:00:00,False,BEARISH,D1-20231110-BEARISH,2023-11-14 00:00:00,False,,False,True,False,True
,BLOCKED_BY_UNCERTIFIED_MACRO_BIAS,,2023-11-10 00:00:00,2023-11-13 00:00:00,2023-11-14 00:00:00,False,BEARISH,D1-20231113-BEARISH,2023-11-15 00:00:00,False,,False,True,False,True
,BLOCKED_BY_UNCERTIFIED_MACRO_BIAS,,2023-11-13 00:00:00,2023-11-14 00:00:00,2023-11-15 00:00:00,False,BEARISH,D1-20231114-BEARISH,2023-11-16 00:00:00,False,,False,True,False,True
2023-11-16 00:00:00,BLOCKED_BY_UNCERTIFIED_MACRO_BIAS,0.13632260006019017,2023-11-14 00:00:00,2023-11-15 00:00:00,2023-11-16 00:00:00,True,BEARISH,D1-20231115-BEARISH,2023-11-17 00:00:00,False,2023-11-15 12:00:00,True,True,False,True
,BLOCKED_BY_UNCERTIFIED_MACRO_BIAS,,2023-11-15 00:00:00,2023-11-16 00:00:00,2023-11-17 00:00:00,False,BEARISH,D1-20231116-BEARISH,2023-11-18 00:00:00,False,,False,True,False,True
,BLOCKED_BY_UNCERTIFIED_MACRO_BIAS,0.29560810810810445,2023-11-16 00:00:00,2023-11-17 00:00:00,2023-11-18 00:00:00,True,BEARISH,D1-20231117-BEARISH,2023-11-21 00:00:00,False,,False,True,False,True
,BLOCKED_BY_UNCERTIFIED_MACRO_BIAS,,2023-11-17 00:00:00,2023-11-20 00:00:00,2023-11-21 00:00:00,False,BEARISH,D1-20231120-BEARISH,2023-11-22 00:00:00,False,,False,True,False,True
,BLOCKED_BY_UNCERTIFIED_MACRO_BIAS,,2023-11-20 00:00:00,2023-11-21 00:00:00,2023-11-22 00:00:00,False,BEARISH,D1-20231121-BEARISH,2023-11-23 00:00:00,False,,False,True,False,True
,BLOCKED_BY_UNCERTIFIED_MACRO_BIAS,,2023-11-21 00:00:00,2023-11-22 00:00:00,2023-11-23 00:00:00,False,BEARISH,D1-20231122-BEARISH,2023-11-24 00:00:00,False,,False,True,False,True
,BLOCKED_BY_UNCERTIFIED_MACRO_BIAS,,2023-11-22 00:00:00,2023-11-23 00:00:00,2023-11-24 00:00:00,False,BEARISH,D1-20231123-BEARISH,2023-11-25 00:00:00,False,,False,True,False,True
,BLOCKED_BY_UNCERTIFIED_MACRO_BIAS,,2023-11-23 00:00:00,2023-11-24 00:00:00,2023-11-25 00:00:00,False,BEARISH,D1-20231124-BEARISH,2023-11-28 00:00:00,False,,False,True,False,True
,BLOCKED_BY_UNCERTIFIED_MACRO_BIAS,0.059171597633135245,2023-11-24 00:00:00,2023-11-27 00:00:00,2023-11-28 00:00:00,True,BULLISH,D1-20231127-BULLISH,2023-11-29 00:00:00,False,,False,True,False,False
,BLOCKED_BY_UNCERTIFIED_MACRO_BIAS,,2023-11-24 00:00:00,2023-11-27 00:00:00,2023-11-28 00:00:00,False,BEARISH,D1-20231127-BEARISH,2023-11-29 00:00:00,False,,False,True,False,True
,BLOCKED_BY_UNCERTIFIED_MACRO_BIAS,,2023-11-27 00:00:00,2023-11-28 00:00:00,2023-11-29 00:00:00,False,BEARISH,D1-20231128-BEARISH,2023-11-30 00:00:00,False,,False,True,False,True
2023-11-30 12:00:00,BLOCKED_BY_UNCERTIFIED_MACRO_BIAS,0.14604462474643032,2023-11-28 00:00:00,2023-11-29 00:00:00,2023-11-30 00:00:00,True,BEARISH,D1-20231129-BEARISH,2023-12-01 00:00:00,False,2023-11-30 12:00:00,True,True,False,True
,BLOCKED_BY_UNCERTIFIED_MACRO_BIAS,,2023-11-29 00:00:00,2023-11-30 00:00:00,2023-12-01 00:00:00,False,BEARISH,D1-20231130-BEARISH,2023-12-02 00:00:00,False,,False,True,False,True
,BLOCKED_BY_UNCERTIFIED_MACRO_BIAS,,2023-11-30 00:00:00,2023-12-01 00:00:00,2023-12-02 00:00:00,False,BEARISH,D1-20231201-BEARISH,2023-12-05 00:00:00,False,,False,True,False,True
,BLOCKED_BY_UNCERTIFIED_MACRO_BIAS,,2023-12-01 00:00:00,2023-12-04 00:00:00,2023-12-05 00:00:00,False,BEARISH,D1-20231204-BEARISH,2023-12-06 00:00:00,False,,False,True,False,True
,BLOCKED_BY_UNCERTIFIED_MACRO_BIAS,,2023-12-04 00:00:00,2023-12-05 00:00:00,2023-12-06 00:00:00,False,BEARISH,D1-20231205-BEARISH,2023-12-07 00:00:00,False,,False,True,False,True
,BLOCKED_BY_UNCERTIFIED_MACRO_BIAS,,2023-12-05 00:00:00,2023-12-06 00:00:00,2023-12-07 00:00:00,False,BEARISH,D1-20231206-BEARISH,2023-12-08 00:00:00,False,,False,True,False,True
,BLOCKED_BY_UNCERTIFIED_MACRO_BIAS,,2023-12-06 00:00:00,2023-12-07 00:00:00,2023-12-08 00:00:00,False,BEARISH,D1-20231207-BEARISH,2023-12-09 00:00:00,False,,False,True,False,True
,BLOCKED_BY_UNCERTIFIED_MACRO_BIAS,,2023-12-07 00:00:00,2023-12-08 00:00:00,2023-12-09 00:00:00,False,BEARISH,D1-20231208-BEARISH,2023-12-12 00:00:00,False,,False,True,False,True
,BLOCKED_BY_UNCERTIFIED_MACRO_BIAS,,2023-12-08 00:00:00,2023-12-11 00:00:00,2023-12-12 00:00:00,False,BEARISH,D1-20231211-BEARISH,2023-12-13 00:00:00,False,,False,True,False,True
,BLOCKED_BY_UNCERTIFIED_MACRO_BIAS,,2023-12-11 00:00:00,2023-12-12 00:00:00,2023-12-13 00:00:00,False,BEARISH,D1-20231212-BEARISH,2023-12-14 00:00:00,False,,False,True,False,True
,BLOCKED_BY_UNCERTIFIED_MACRO_BIAS,,2023-12-12 00:00:00,2023-12-13 00:00:00,2023-12-14 00:00:00,False,BEARISH,D1-20231213-BEARISH,2023-12-15 00:00:00,False,,False,True,False,True
2023-12-15 00:00:00,BLOCKED_BY_UNCERTIFIED_MACRO_BIAS,0.14806110458284893,2023-12-13 00:00:00,2023-12-14 00:00:00,2023-12-15 00:00:00,True,BEARISH,D1-20231214-BEARISH,2023-12-16 00:00:00,False,2023-12-14 08:00:00,True,True,False,True
,BLOCKED_BY_UNCERTIFIED_MACRO_BIAS,,2023-12-14 00:00:00,2023-12-15 00:00:00,2023-12-16 00:00:00,False,BEARISH,D1-20231215-BEARISH,2023-12-19 00:00:00,False,,False,True,False,True
,BLOCKED_BY_UNCERTIFIED_MACRO_BIAS,,2023-12-15 00:00:00,2023-12-18 00:00:00,2023-12-19 00:00:00,False,BEARISH,D1-20231218-BEARISH,2023-12-20 00:00:00,False,,False,True,False,True
,BLOCKED_BY_UNCERTIFIED_MACRO_BIAS,,2023-12-18 00:00:00,2023-12-19 00:00:00,2023-12-20 00:00:00,False,BEARISH,D1-20231219-BEARISH,2023-12-21 00:00:00,False,,False,True,False,True
,BLOCKED_BY_UNCERTIFIED_MACRO_BIAS,,2023-12-19 00:00:00,2023-12-20 00:00:00,2023-12-21 00:00:00,False,BEARISH,D1-20231220-BEARISH,2023-12-22 00:00:00,False,,False,True,False,True
,BLOCKED_BY_UNCERTIFIED_MACRO_BIAS,,2023-12-20 00:00:00,2023-12-21 00:00:00,2023-12-22 00:00:00,False,BEARISH,D1-20231221-BEARISH,2023-12-23 00:00:00,False,,False,True,False,True
,BLOCKED_BY_UNCERTIFIED_MACRO_BIAS,0.0944180522565183,2023-12-21 00:00:00,2023-12-22 00:00:00,2023-12-23 00:00:00,True,BEARISH,D1-20231222-BEARISH,2023-12-27 00:00:00,False,,False,True,False,True
,BLOCKED_BY_UNCERTIFIED_MACRO_BIAS,,2023-12-22 00:00:00,2023-12-26 00:00:00,2023-12-27 00:00:00,False,BEARISH,D1-20231226-BEARISH,2023-12-28 00:00:00,False,,False,True,False,True
,BLOCKED_BY_UNCERTIFIED_MACRO_BIAS,,2023-12-26 00:00:00,2023-12-27 00:00:00,2023-12-28 00:00:00,False,BEARISH,D1-20231227-BEARISH,2023-12-29 00:00:00,False,,False,True,False,True
,BLOCKED_BY_UNCERTIFIED_MACRO_BIAS,,2023-12-27 00:00:00,2023-12-28 00:00:00,2023-12-29 00:00:00,False,BEARISH,D1-20231228-BEARISH,2023-12-30 00:00:00,False,,False,True,False,True
,BLOCKED_BY_UNCERTIFIED_MACRO_BIAS,,2023-12-28 00:00:00,2023-12-29 00:00:00,2023-12-30 00:00:00,False,BEARISH,D1-20231229-BEARISH,2024-01-03 00:00:00,False,,False,True,False,True
,BLOCKED_BY_UNCERTIFIED_MACRO_BIAS,,2023-12-29 00:00:00,2024-01-02 00:00:00,2024-01-03 00:00:00,False,BEARISH,D1-20240102-BEARISH,2024-01-04 00:00:00,False,,False,True,False,True
,BLOCKED_BY_UNCERTIFIED_MACRO_BIAS,0.17276887871854035,2024-01-04 00:00:00,2024-01-05 00:00:00,2024-01-06 00:00:00,True,BULLISH,D1-20240105-BULLISH,2024-01-09 00:00:00,False,,False,True,False,False
,BLOCKED_BY_UNCERTIFIED_MACRO_BIAS,,2024-01-05 00:00:00,2024-01-08 00:00:00,2024-01-09 00:00:00,False,BEARISH,D1-20240108-BEARISH,2024-01-10 00:00:00,False,,False,True,False,True
,BLOCKED_BY_UNCERTIFIED_MACRO_BIAS,,2024-01-08 00:00:00,2024-01-09 00:00:00,2024-01-10 00:00:00,False,BEARISH,D1-20240109-BEARISH,2024-01-11 00:00:00,False,,False,True,False,True
,BLOCKED_BY_UNCERTIFIED_MACRO_BIAS,,2024-01-09 00:00:00,2024-01-10 00:00:00,2024-01-11 00:00:00,False,BEARISH,D1-20240110-BEARISH,2024-01-12 00:00:00,False,,False,True,False,True
,BLOCKED_BY_UNCERTIFIED_MACRO_BIAS,0.08887229275577063,2024-01-10 00:00:00,2024-01-11 00:00:00,2024-01-12 00:00:00,True,BEARISH,D1-20240111-BEARISH,2024-01-13 00:00:00,False,,False,True,False,True
,BLOCKED_BY_UNCERTIFIED_MACRO_BIAS,,2024-01-11 00:00:00,2024-01-12 00:00:00,2024-01-13 00:00:00,False,BEARISH,D1-20240112-BEARISH,2024-01-16 00:00:00,False,,False,True,False,True
,BLOCKED_BY_UNCERTIFIED_MACRO_BIAS,,2024-01-12 00:00:00,2024-01-15 00:00:00,2024-01-16 00:00:00,False,BEARISH,D1-20240115-BEARISH,2024-01-17 00:00:00,False,,False,True,False,True
,BLOCKED_BY_UNCERTIFIED_MACRO_BIAS,,2024-01-15 00:00:00,2024-01-16 00:00:00,2024-01-17 00:00:00,False,BEARISH,D1-20240116-BEARISH,2024-01-18 00:00:00,False,,False,True,False,True
,BLOCKED_BY_UNCERTIFIED_MACRO_BIAS,,2024-01-16 00:00:00,2024-01-17 00:00:00,2024-01-18 00:00:00,False,BEARISH,D1-20240117-BEARISH,2024-01-19 00:00:00,False,,False,True,False,True
,BLOCKED_BY_UNCERTIFIED_MACRO_BIAS,,2024-01-17 00:00:00,2024-01-18 00:00:00,2024-01-19 00:00:00,False,BEARISH,D1-20240118-BEARISH,2024-01-20 00:00:00,False,,False,True,False,True
,BLOCKED_BY_UNCERTIFIED_MACRO_BIAS,,2024-01-18 00:00:00,2024-01-19 00:00:00,2024-01-20 00:00:00,False,BEARISH,D1-20240119-BEARISH,2024-01-23 00:00:00,False,,False,True,False,True
2024-01-23 08:00:00,BLOCKED_BY_UNCERTIFIED_MACRO_BIAS,0.015419760137068658,2024-01-19 00:00:00,2024-01-22 00:00:00,2024-01-23 00:00:00,True,BEARISH,D1-20240122-BEARISH,2024-01-24 00:00:00,False,2024-01-23 08:00:00,True,True,False,True
,BLOCKED_BY_UNCERTIFIED_MACRO_BIAS,,2024-01-22 00:00:00,2024-01-23 00:00:00,2024-01-24 00:00:00,False,BEARISH,D1-20240123-BEARISH,2024-01-25 00:00:00,False,,False,True,False,True
,BLOCKED_BY_UNCERTIFIED_MACRO_BIAS,,2024-01-23 00:00:00,2024-01-24 00:00:00,2024-01-25 00:00:00,False,BEARISH,D1-20240124-BEARISH,2024-01-26 00:00:00,False,,False,True,False,True
,BLOCKED_BY_UNCERTIFIED_MACRO_BIAS,,2024-01-24 00:00:00,2024-01-25 00:00:00,2024-01-26 00:00:00,False,BEARISH,D1-20240125-BEARISH,2024-01-27 00:00:00,False,,False,True,False,True
,BLOCKED_BY_UNCERTIFIED_MACRO_BIAS,,2024-01-25 00:00:00,2024-01-26 00:00:00,2024-01-27 00:00:00,False,BEARISH,D1-20240126-BEARISH,2024-01-30 00:00:00,False,,False,True,False,True
,BLOCKED_BY_UNCERTIFIED_MACRO_BIAS,,2024-01-26 00:00:00,2024-01-29 00:00:00,2024-01-30 00:00:00,False,BEARISH,D1-20240129-BEARISH,2024-01-31 00:00:00,False,,False,True,False,True
,BLOCKED_BY_UNCERTIFIED_MACRO_BIAS,,2024-01-29 00:00:00,2024-01-30 00:00:00,2024-01-31 00:00:00,False,BEARISH,D1-20240130-BEARISH,2024-02-01 00:00:00,False,,False,True,False,True
,BLOCKED_BY_UNCERTIFIED_MACRO_BIAS,,2024-01-30 00:00:00,2024-01-31 00:00:00,2024-02-01 00:00:00,False,BEARISH,D1-20240131-BEARISH,2024-02-02 00:00:00,False,,False,True,False,True
,BLOCKED_BY_UNCERTIFIED_MACRO_BIAS,,2024-01-31 00:00:00,2024-02-01 00:00:00,2024-02-02 00:00:00,False,BEARISH,D1-20240201-BEARISH,2024-02-03 00:00:00,False,,False,True,False,True
,BLOCKED_BY_UNCERTIFIED_MACRO_BIAS,,2024-02-01 00:00:00,2024-02-02 00:00:00,2024-02-03 00:00:00,False,BEARISH,D1-20240202-BEARISH,2024-02-06 00:00:00,False,,False,True,False,True
,BLOCKED_BY_UNCERTIFIED_MACRO_BIAS,,2024-02-02 00:00:00,2024-02-05 00:00:00,2024-02-06 00:00:00,False,BEARISH,D1-20240205-BEARISH,2024-02-07 00:00:00,False,,False,True,False,True
,BLOCKED_BY_UNCERTIFIED_MACRO_BIAS,,2024-02-05 00:00:00,2024-02-06 00:00:00,2024-02-07 00:00:00,False,BEARISH,D1-20240206-BEARISH,2024-02-08 00:00:00,False,,False,True,False,True
,BLOCKED_BY_UNCERTIFIED_MACRO_BIAS,,2024-02-06 00:00:00,2024-02-07 00:00:00,2024-02-08 00:00:00,False,BEARISH,D1-20240207-BEARISH,2024-02-09 00:00:00,False,,False,True,False,True
,BLOCKED_BY_UNCERTIFIED_MACRO_BIAS,0.04768786127166612,2024-02-07 00:00:00,2024-02-08 00:00:00,2024-02-09 00:00:00,True,BEARISH,D1-20240208-BEARISH,2024-02-10 00:00:00,False,,False,True,False,True
,BLOCKED_BY_UNCERTIFIED_MACRO_BIAS,,2024-02-08 00:00:00,2024-02-09 00:00:00,2024-02-10 00:00:00,False,BEARISH,D1-20240209-BEARISH,2024-02-13 00:00:00,False,,False,True,False,True
,BLOCKED_BY_UNCERTIFIED_MACRO_BIAS,,2024-02-09 00:00:00,2024-02-12 00:00:00,2024-02-13 00:00:00,False,BEARISH,D1-20240212-BEARISH,2024-02-14 00:00:00,False,,False,True,False,True
,BLOCKED_BY_UNCERTIFIED_MACRO_BIAS,,2024-02-12 00:00:00,2024-02-13 00:00:00,2024-02-14 00:00:00,False,BEARISH,D1-20240213-BEARISH,2024-02-15 00:00:00,False,,False,True,False,True
,BLOCKED_BY_UNCERTIFIED_MACRO_BIAS,,2024-02-13 00:00:00,2024-02-14 00:00:00,2024-02-15 00:00:00,False,BEARISH,D1-20240214-BEARISH,2024-02-16 00:00:00,False,,False,True,False,True
,BLOCKED_BY_UNCERTIFIED_MACRO_BIAS,,2024-02-14 00:00:00,2024-02-15 00:00:00,2024-02-16 00:00:00,False,BEARISH,D1-20240215-BEARISH,2024-02-17 00:00:00,False,,False,True,False,True
,BLOCKED_BY_UNCERTIFIED_MACRO_BIAS,,2024-02-15 00:00:00,2024-02-16 00:00:00,2024-02-17 00:00:00,False,BEARISH,D1-20240216-BEARISH,2024-02-20 00:00:00,False,,False,True,False,True
,BLOCKED_BY_UNCERTIFIED_MACRO_BIAS,,2024-02-16 00:00:00,2024-02-19 00:00:00,2024-02-20 00:00:00,False,BEARISH,D1-20240219-BEARISH,2024-02-21 00:00:00,False,,False,True,False,True
,BLOCKED_BY_UNCERTIFIED_MACRO_BIAS,,2024-02-20 00:00:00,2024-02-21 00:00:00,2024-02-22 00:00:00,False,BEARISH,D1-20240221-BEARISH,2024-02-23 00:00:00,False,,False,True,False,True
,BLOCKED_BY_UNCERTIFIED_MACRO_BIAS,,2024-02-21 00:00:00,2024-02-22 00:00:00,2024-02-23 00:00:00,False,BEARISH,D1-20240222-BEARISH,2024-02-24 00:00:00,False,,False,True,False,True
,BLOCKED_BY_UNCERTIFIED_MACRO_BIAS,0.16424373646767296,2024-02-22 00:00:00,2024-02-23 00:00:00,2024-02-24 00:00:00,True,BEARISH,D1-20240223-BEARISH,2024-02-27 00:00:00,False,,False,True,False,True
,BLOCKED_BY_UNCERTIFIED_MACRO_BIAS,0.28436911487763833,2024-02-23 00:00:00,2024-02-26 00:00:00,2024-02-27 00:00:00,True,BULLISH,D1-20240226-BULLISH,2024-02-28 00:00:00,False,,False,True,False,False
,BLOCKED_BY_UNCERTIFIED_MACRO_BIAS,,2024-02-23 00:00:00,2024-02-26 00:00:00,2024-02-27 00:00:00,False,BEARISH,D1-20240226-BEARISH,2024-02-28 00:00:00,False,,False,True,False,True
,BLOCKED_BY_UNCERTIFIED_MACRO_BIAS,,2024-02-26 00:00:00,2024-02-27 00:00:00,2024-02-28 00:00:00,False,BEARISH,D1-20240227-BEARISH,2024-02-29 00:00:00,False,,False,True,False,True
,BLOCKED_BY_UNCERTIFIED_MACRO_BIAS,,2024-02-27 00:00:00,2024-02-28 00:00:00,2024-02-29 00:00:00,False,BEARISH,D1-20240228-BEARISH,2024-03-01 00:00:00,False,,False,True,False,True
,BLOCKED_BY_UNCERTIFIED_MACRO_BIAS,,2024-02-28 00:00:00,2024-02-29 00:00:00,2024-03-01 00:00:00,False,BEARISH,D1-20240229-BEARISH,2024-03-02 00:00:00,False,,False,True,False,True
,BLOCKED_BY_UNCERTIFIED_MACRO_BIAS,,2024-02-29 00:00:00,2024-03-01 00:00:00,2024-03-02 00:00:00,False,BEARISH,D1-20240301-BEARISH,2024-03-05 00:00:00,False,,False,True,False,True
,BLOCKED_BY_UNCERTIFIED_MACRO_BIAS,0.34868686868686577,2024-03-01 00:00:00,2024-03-04 00:00:00,2024-03-05 00:00:00,True,BEARISH,D1-20240304-BEARISH,2024-03-06 00:00:00,False,,False,True,False,True
,BLOCKED_BY_UNCERTIFIED_MACRO_BIAS,,2024-03-04 00:00:00,2024-03-05 00:00:00,2024-03-06 00:00:00,False,BEARISH,D1-20240305-BEARISH,2024-03-07 00:00:00,False,,False,True,False,True
,BLOCKED_BY_UNCERTIFIED_MACRO_BIAS,,2024-03-05 00:00:00,2024-03-06 00:00:00,2024-03-07 00:00:00,False,BEARISH,D1-20240306-BEARISH,2024-03-08 00:00:00,False,,False,True,False,True
,BLOCKED_BY_UNCERTIFIED_MACRO_BIAS,,2024-03-06 00:00:00,2024-03-07 00:00:00,2024-03-08 00:00:00,False,BEARISH,D1-20240307-BEARISH,2024-03-09 00:00:00,False,,False,True,False,True
,BLOCKED_BY_UNCERTIFIED_MACRO_BIAS,,2024-03-07 00:00:00,2024-03-08 00:00:00,2024-03-09 00:00:00,False,BEARISH,D1-20240308-BEARISH,2024-03-12 00:00:00,False,,False,True,False,True
,BLOCKED_BY_UNCERTIFIED_MACRO_BIAS,,2024-03-08 00:00:00,2024-03-11 00:00:00,2024-03-12 00:00:00,False,BEARISH,D1-20240311-BEARISH,2024-03-13 00:00:00,False,,False,True,False,True
,BLOCKED_BY_UNCERTIFIED_MACRO_BIAS,,2024-03-11 00:00:00,2024-03-12 00:00:00,2024-03-13 00:00:00,False,BEARISH,D1-20240312-BEARISH,2024-03-14 00:00:00,False,,False,True,False,True
,BLOCKED_BY_UNCERTIFIED_MACRO_BIAS,0.48664292074799637,2024-03-12 00:00:00,2024-03-13 00:00:00,2024-03-14 00:00:00,True,BEARISH,D1-20240313-BEARISH,2024-03-15 00:00:00,False,,False,True,False,True
,BLOCKED_BY_UNCERTIFIED_MACRO_BIAS,,2024-03-13 00:00:00,2024-03-14 00:00:00,2024-03-15 00:00:00,False,BEARISH,D1-20240314-BEARISH,2024-03-16 00:00:00,False,,False,True,False,True
,BLOCKED_BY_UNCERTIFIED_MACRO_BIAS,,2024-03-15 00:00:00,2024-03-18 00:00:00,2024-03-19 00:00:00,False,BEARISH,D1-20240318-BEARISH,2024-03-20 00:00:00,False,,False,True,False,True
,BLOCKED_BY_UNCERTIFIED_MACRO_BIAS,,2024-03-18 00:00:00,2024-03-19 00:00:00,2024-03-20 00:00:00,False,BEARISH,D1-20240319-BEARISH,2024-03-21 00:00:00,False,,False,True,False,True
,BLOCKED_BY_UNCERTIFIED_MACRO_BIAS,,2024-03-19 00:00:00,2024-03-20 00:00:00,2024-03-21 00:00:00,False,BEARISH,D1-20240320-BEARISH,2024-03-22 00:00:00,False,,False,True,False,True
,BLOCKED_BY_UNCERTIFIED_MACRO_BIAS,,2024-03-20 00:00:00,2024-03-21 00:00:00,2024-03-22 00:00:00,False,BEARISH,D1-20240321-BEARISH,2024-03-23 00:00:00,False,,False,True,False,True
,BLOCKED_BY_UNCERTIFIED_MACRO_BIAS,,2024-03-21 00:00:00,2024-03-22 00:00:00,2024-03-23 00:00:00,False,BEARISH,D1-20240322-BEARISH,2024-03-26 00:00:00,False,,False,True,False,True
,BLOCKED_BY_UNCERTIFIED_MACRO_BIAS,,2024-03-22 00:00:00,2024-03-25 00:00:00,2024-03-26 00:00:00,False,BEARISH,D1-20240325-BEARISH,2024-03-27 00:00:00,False,,False,True,False,True
,BLOCKED_BY_UNCERTIFIED_MACRO_BIAS,,2024-03-25 00:00:00,2024-03-26 00:00:00,2024-03-27 00:00:00,False,BEARISH,D1-20240326-BEARISH,2024-03-28 00:00:00,False,,False,True,False,True
,BLOCKED_BY_UNCERTIFIED_MACRO_BIAS,,2024-03-26 00:00:00,2024-03-27 00:00:00,2024-03-28 00:00:00,False,BEARISH,D1-20240327-BEARISH,2024-03-29 00:00:00,False,,False,True,False,True
,BLOCKED_BY_UNCERTIFIED_MACRO_BIAS,,2024-03-27 00:00:00,2024-03-28 00:00:00,2024-03-29 00:00:00,False,BEARISH,D1-20240328-BEARISH,2024-04-02 00:00:00,False,,False,True,False,True
,BLOCKED_BY_UNCERTIFIED_MACRO_BIAS,0.06852791878174183,2024-03-28 00:00:00,2024-04-01 00:00:00,2024-04-02 00:00:00,True,BULLISH,D1-20240401-BULLISH,2024-04-03 00:00:00,False,,False,True,False,False
,BLOCKED_BY_UNCERTIFIED_MACRO_BIAS,,2024-03-28 00:00:00,2024-04-01 00:00:00,2024-04-02 00:00:00,False,BEARISH,D1-20240401-BEARISH,2024-04-03 00:00:00,False,,False,True,False,True
,BLOCKED_BY_UNCERTIFIED_MACRO_BIAS,,2024-04-02 00:00:00,2024-04-03 00:00:00,2024-04-04 00:00:00,False,BEARISH,D1-20240403-BEARISH,2024-04-05 00:00:00,False,,False,True,False,True
,BLOCKED_BY_UNCERTIFIED_MACRO_BIAS,,2024-04-08 00:00:00,2024-04-09 00:00:00,2024-04-10 00:00:00,False,BEARISH,D1-20240409-BEARISH,2024-04-11 00:00:00,False,,False,True,False,True
,BLOCKED_BY_UNCERTIFIED_MACRO_BIAS,,2024-04-10 00:00:00,2024-04-11 00:00:00,2024-04-12 00:00:00,False,BEARISH,D1-20240411-BEARISH,2024-04-13 00:00:00,False,,False,True,False,True
,BLOCKED_BY_UNCERTIFIED_MACRO_BIAS,0.07137490608565067,2024-04-15 00:00:00,2024-04-16 00:00:00,2024-04-17 00:00:00,True,BULLISH,D1-20240416-BULLISH,2024-04-18 00:00:00,False,,False,True,False,False
,BLOCKED_BY_UNCERTIFIED_MACRO_BIAS,,2024-04-22 00:00:00,2024-04-23 00:00:00,2024-04-24 00:00:00,False,BULLISH,D1-20240423-BULLISH,2024-04-25 00:00:00,False,,False,True,False,True
,BLOCKED_BY_UNCERTIFIED_MACRO_BIAS,,2024-04-23 00:00:00,2024-04-24 00:00:00,2024-04-25 00:00:00,False,BULLISH,D1-20240424-BULLISH,2024-04-26 00:00:00,False,,False,True,False,True
,BLOCKED_BY_UNCERTIFIED_MACRO_BIAS,,2024-04-24 00:00:00,2024-04-25 00:00:00,2024-04-26 00:00:00,False,BULLISH,D1-20240425-BULLISH,2024-04-27 00:00:00,False,,False,True,False,True
,BLOCKED_BY_UNCERTIFIED_MACRO_BIAS,,2024-04-25 00:00:00,2024-04-26 00:00:00,2024-04-27 00:00:00,False,BULLISH,D1-20240426-BULLISH,2024-04-30 00:00:00,False,,False,True,False,True
,BLOCKED_BY_UNCERTIFIED_MACRO_BIAS,,2024-04-29 00:00:00,2024-04-30 00:00:00,2024-05-01 00:00:00,False,BULLISH,D1-20240430-BULLISH,2024-05-02 00:00:00,False,,False,True,False,True
,BLOCKED_BY_UNCERTIFIED_MACRO_BIAS,0.06591478696741672,2024-04-30 00:00:00,2024-05-01 00:00:00,2024-05-02 00:00:00,True,BULLISH,D1-20240501-BULLISH,2024-05-03 00:00:00,False,,False,True,False,True
,BLOCKED_BY_UNCERTIFIED_MACRO_BIAS,,2024-05-01 00:00:00,2024-05-02 00:00:00,2024-05-03 00:00:00,False,BULLISH,D1-20240502-BULLISH,2024-05-04 00:00:00,False,,False,True,False,True
2024-05-08 00:00:00,BLOCKED_BY_UNCERTIFIED_MACRO_BIAS,0.12082444918266064,2024-05-06 00:00:00,2024-05-07 00:00:00,2024-05-08 00:00:00,True,BEARISH,D1-20240507-BEARISH,2024-05-09 00:00:00,False,2024-05-07 16:00:00,True,True,False,True
,BLOCKED_BY_UNCERTIFIED_MACRO_BIAS,,2024-05-07 00:00:00,2024-05-08 00:00:00,2024-05-09 00:00:00,False,BEARISH,D1-20240508-BEARISH,2024-05-10 00:00:00,False,,False,True,False,True
,BLOCKED_BY_UNCERTIFIED_MACRO_BIAS,,2024-05-08 00:00:00,2024-05-09 00:00:00,2024-05-10 00:00:00,False,BEARISH,D1-20240509-BEARISH,2024-05-11 00:00:00,False,,False,True,False,True
,BLOCKED_BY_UNCERTIFIED_MACRO_BIAS,,2024-05-09 00:00:00,2024-05-10 00:00:00,2024-05-11 00:00:00,False,BEARISH,D1-20240510-BEARISH,2024-05-14 00:00:00,False,,False,True,False,True
,BLOCKED_BY_UNCERTIFIED_MACRO_BIAS,,2024-05-10 00:00:00,2024-05-13 00:00:00,2024-05-14 00:00:00,False,BEARISH,D1-20240513-BEARISH,2024-05-15 00:00:00,False,,False,True,False,True
,BLOCKED_BY_UNCERTIFIED_MACRO_BIAS,,2024-05-13 00:00:00,2024-05-14 00:00:00,2024-05-15 00:00:00,False,BEARISH,D1-20240514-BEARISH,2024-05-16 00:00:00,False,,False,True,False,True
,BLOCKED_BY_UNCERTIFIED_MACRO_BIAS,,2024-05-14 00:00:00,2024-05-15 00:00:00,2024-05-16 00:00:00,False,BEARISH,D1-20240515-BEARISH,2024-05-17 00:00:00,False,,False,True,False,True
2024-05-17 00:00:00,BLOCKED_BY_UNCERTIFIED_MACRO_BIAS,0.19684210526316556,2024-05-15 00:00:00,2024-05-16 00:00:00,2024-05-17 00:00:00,True,BEARISH,D1-20240516-BEARISH,2024-05-18 00:00:00,False,2024-05-16 08:00:00,True,True,False,True
,BLOCKED_BY_UNCERTIFIED_MACRO_BIAS,0.1372549019607271,2024-05-16 00:00:00,2024-05-17 00:00:00,2024-05-18 00:00:00,True,BULLISH,D1-20240517-BULLISH,2024-05-21 00:00:00,False,,False,True,False,False
,BLOCKED_BY_UNCERTIFIED_MACRO_BIAS,,2024-05-16 00:00:00,2024-05-17 00:00:00,2024-05-18 00:00:00,False,BEARISH,D1-20240517-BEARISH,2024-05-21 00:00:00,False,,False,True,False,True
,BLOCKED_BY_UNCERTIFIED_MACRO_BIAS,,2024-05-17 00:00:00,2024-05-20 00:00:00,2024-05-21 00:00:00,False,BEARISH,D1-20240520-BEARISH,2024-05-22 00:00:00,False,,False,True,False,True
,BLOCKED_BY_UNCERTIFIED_MACRO_BIAS,,2024-05-20 00:00:00,2024-05-21 00:00:00,2024-05-22 00:00:00,False,BEARISH,D1-20240521-BEARISH,2024-05-23 00:00:00,False,,False,True,False,True
,BLOCKED_BY_UNCERTIFIED_MACRO_BIAS,,2024-05-21 00:00:00,2024-05-22 00:00:00,2024-05-23 00:00:00,False,BEARISH,D1-20240522-BEARISH,2024-05-24 00:00:00,False,,False,True,False,True
,BLOCKED_BY_UNCERTIFIED_MACRO_BIAS,,2024-05-22 00:00:00,2024-05-23 00:00:00,2024-05-24 00:00:00,False,BEARISH,D1-20240523-BEARISH,2024-05-25 00:00:00,False,,False,True,False,True
,BLOCKED_BY_UNCERTIFIED_MACRO_BIAS,,2024-05-23 00:00:00,2024-05-24 00:00:00,2024-05-25 00:00:00,False,BEARISH,D1-20240524-BEARISH,2024-05-28 00:00:00,False,,False,True,False,True
,BLOCKED_BY_UNCERTIFIED_MACRO_BIAS,,2024-05-24 00:00:00,2024-05-27 00:00:00,2024-05-28 00:00:00,False,BEARISH,D1-20240527-BEARISH,2024-05-29 00:00:00,False,,False,True,False,True
,BLOCKED_BY_UNCERTIFIED_MACRO_BIAS,0.03647798742140195,2024-05-27 00:00:00,2024-05-28 00:00:00,2024-05-29 00:00:00,True,BEARISH,D1-20240528-BEARISH,2024-05-30 00:00:00,False,,False,True,False,True
,BLOCKED_BY_UNCERTIFIED_MACRO_BIAS,,2024-05-28 00:00:00,2024-05-29 00:00:00,2024-05-30 00:00:00,False,BEARISH,D1-20240529-BEARISH,2024-05-31 00:00:00,False,,False,True,False,True
,BLOCKED_BY_UNCERTIFIED_MACRO_BIAS,,2024-05-29 00:00:00,2024-05-30 00:00:00,2024-05-31 00:00:00,False,BEARISH,D1-20240530-BEARISH,2024-06-01 00:00:00,False,,False,True,False,True
,BLOCKED_BY_UNCERTIFIED_MACRO_BIAS,0.04481132075473024,2024-05-30 00:00:00,2024-05-31 00:00:00,2024-06-01 00:00:00,True,BULLISH,D1-20240531-BULLISH,2024-06-04 00:00:00,False,,False,True,False,False
,BLOCKED_BY_UNCERTIFIED_MACRO_BIAS,,2024-05-30 00:00:00,2024-05-31 00:00:00,2024-06-01 00:00:00,False,BEARISH,D1-20240531-BEARISH,2024-06-04 00:00:00,False,,False,True,False,True
,BLOCKED_BY_UNCERTIFIED_MACRO_BIAS,,2024-05-31 00:00:00,2024-06-03 00:00:00,2024-06-04 00:00:00,False,BEARISH,D1-20240603-BEARISH,2024-06-05 00:00:00,False,,False,True,False,True
,BLOCKED_BY_UNCERTIFIED_MACRO_BIAS,,2024-06-03 00:00:00,2024-06-04 00:00:00,2024-06-05 00:00:00,False,BEARISH,D1-20240604-BEARISH,2024-06-06 00:00:00,False,,False,True,False,True
,BLOCKED_BY_UNCERTIFIED_MACRO_BIAS,,2024-06-04 00:00:00,2024-06-05 00:00:00,2024-06-06 00:00:00,False,BEARISH,D1-20240605-BEARISH,2024-06-07 00:00:00,False,,False,True,False,True
,BLOCKED_BY_UNCERTIFIED_MACRO_BIAS,0.03418580375783444,2024-06-05 00:00:00,2024-06-06 00:00:00,2024-06-07 00:00:00,True,BEARISH,D1-20240606-BEARISH,2024-06-08 00:00:00,False,,False,True,False,True
,BLOCKED_BY_UNCERTIFIED_MACRO_BIAS,,2024-06-06 00:00:00,2024-06-07 00:00:00,2024-06-08 00:00:00,False,BEARISH,D1-20240607-BEARISH,2024-06-11 00:00:00,False,,False,True,False,True
,BLOCKED_BY_UNCERTIFIED_MACRO_BIAS,,2024-06-07 00:00:00,2024-06-10 00:00:00,2024-06-11 00:00:00,False,BEARISH,D1-20240610-BEARISH,2024-06-12 00:00:00,False,,False,True,False,True
,BLOCKED_BY_UNCERTIFIED_MACRO_BIAS,,2024-06-10 00:00:00,2024-06-11 00:00:00,2024-06-12 00:00:00,False,BEARISH,D1-20240611-BEARISH,2024-06-13 00:00:00,False,,False,True,False,True
,BLOCKED_BY_UNCERTIFIED_MACRO_BIAS,,2024-06-11 00:00:00,2024-06-12 00:00:00,2024-06-13 00:00:00,False,BEARISH,D1-20240612-BEARISH,2024-06-14 00:00:00,False,,False,True,False,True
,BLOCKED_BY_UNCERTIFIED_MACRO_BIAS,,2024-06-12 00:00:00,2024-06-13 00:00:00,2024-06-14 00:00:00,False,BEARISH,D1-20240613-BEARISH,2024-06-15 00:00:00,False,,False,True,False,True
,BLOCKED_BY_UNCERTIFIED_MACRO_BIAS,,2024-06-13 00:00:00,2024-06-14 00:00:00,2024-06-15 00:00:00,False,BEARISH,D1-20240614-BEARISH,2024-06-18 00:00:00,False,,False,True,False,True
,BLOCKED_BY_UNCERTIFIED_MACRO_BIAS,,2024-06-14 00:00:00,2024-06-17 00:00:00,2024-06-18 00:00:00,False,BEARISH,D1-20240617-BEARISH,2024-06-19 00:00:00,False,,False,True,False,True
2024-06-19 00:00:00,BLOCKED_BY_UNCERTIFIED_MACRO_BIAS,0.08559964333482296,2024-06-17 00:00:00,2024-06-18 00:00:00,2024-06-19 00:00:00,True,BEARISH,D1-20240618-BEARISH,2024-06-20 00:00:00,False,2024-06-18 16:00:00,True,True,False,True
,BLOCKED_BY_UNCERTIFIED_MACRO_BIAS,,2024-06-18 00:00:00,2024-06-19 00:00:00,2024-06-20 00:00:00,False,BEARISH,D1-20240619-BEARISH,2024-06-21 00:00:00,False,,False,True,False,True
,BLOCKED_BY_UNCERTIFIED_MACRO_BIAS,,2024-06-19 00:00:00,2024-06-20 00:00:00,2024-06-21 00:00:00,False,BEARISH,D1-20240620-BEARISH,2024-06-22 00:00:00,False,,False,True,False,True
,BLOCKED_BY_UNCERTIFIED_MACRO_BIAS,0.23790087463558549,2024-06-20 00:00:00,2024-06-21 00:00:00,2024-06-22 00:00:00,True,BULLISH,D1-20240621-BULLISH,2024-06-25 00:00:00,False,,False,True,False,False
,BLOCKED_BY_UNCERTIFIED_MACRO_BIAS,,2024-06-20 00:00:00,2024-06-21 00:00:00,2024-06-22 00:00:00,False,BEARISH,D1-20240621-BEARISH,2024-06-25 00:00:00,False,,False,True,False,True
,BLOCKED_BY_UNCERTIFIED_MACRO_BIAS,,2024-06-21 00:00:00,2024-06-24 00:00:00,2024-06-25 00:00:00,False,BEARISH,D1-20240624-BEARISH,2024-06-26 00:00:00,False,,False,True,False,True
,BLOCKED_BY_UNCERTIFIED_MACRO_BIAS,,2024-06-24 00:00:00,2024-06-25 00:00:00,2024-06-26 00:00:00,False,BEARISH,D1-20240625-BEARISH,2024-06-27 00:00:00,False,,False,True,False,True
2024-06-27 00:00:00,BLOCKED_BY_UNCERTIFIED_MACRO_BIAS,0.0712654179990804,2024-06-25 00:00:00,2024-06-26 00:00:00,2024-06-27 00:00:00,True,BEARISH,D1-20240626-BEARISH,2024-06-28 00:00:00,False,2024-06-26 08:00:00,True,True,False,True
,BLOCKED_BY_UNCERTIFIED_MACRO_BIAS,,2024-06-26 00:00:00,2024-06-27 00:00:00,2024-06-28 00:00:00,False,BEARISH,D1-20240627-BEARISH,2024-06-29 00:00:00,False,,False,True,False,True
,BLOCKED_BY_UNCERTIFIED_MACRO_BIAS,,2024-06-27 00:00:00,2024-06-28 00:00:00,2024-06-29 00:00:00,False,BEARISH,D1-20240628-BEARISH,2024-07-02 00:00:00,False,,False,True,False,True
,BLOCKED_BY_UNCERTIFIED_MACRO_BIAS,,2024-06-28 00:00:00,2024-07-01 00:00:00,2024-07-02 00:00:00,False,BEARISH,D1-20240701-BEARISH,2024-07-03 00:00:00,False,,False,True,False,True
,BLOCKED_BY_UNCERTIFIED_MACRO_BIAS,,2024-07-01 00:00:00,2024-07-02 00:00:00,2024-07-03 00:00:00,False,BEARISH,D1-20240702-BEARISH,2024-07-04 00:00:00,False,,False,True,False,True
,BLOCKED_BY_UNCERTIFIED_MACRO_BIAS,,2024-07-02 00:00:00,2024-07-03 00:00:00,2024-07-04 00:00:00,False,BEARISH,D1-20240703-BEARISH,2024-07-05 00:00:00,False,,False,True,False,True
,BLOCKED_BY_UNCERTIFIED_MACRO_BIAS,,2024-07-03 00:00:00,2024-07-04 00:00:00,2024-07-05 00:00:00,False,BEARISH,D1-20240704-BEARISH,2024-07-06 00:00:00,False,,False,True,False,True
,BLOCKED_BY_UNCERTIFIED_MACRO_BIAS,,2024-07-04 00:00:00,2024-07-05 00:00:00,2024-07-06 00:00:00,False,BEARISH,D1-20240705-BEARISH,2024-07-09 00:00:00,False,,False,True,False,True
,BLOCKED_BY_UNCERTIFIED_MACRO_BIAS,,2024-07-05 00:00:00,2024-07-08 00:00:00,2024-07-09 00:00:00,False,BEARISH,D1-20240708-BEARISH,2024-07-10 00:00:00,False,,False,True,False,True
,BLOCKED_BY_UNCERTIFIED_MACRO_BIAS,,2024-07-08 00:00:00,2024-07-09 00:00:00,2024-07-10 00:00:00,False,BEARISH,D1-20240709-BEARISH,2024-07-11 00:00:00,False,,False,True,False,True
,BLOCKED_BY_UNCERTIFIED_MACRO_BIAS,,2024-07-09 00:00:00,2024-07-10 00:00:00,2024-07-11 00:00:00,False,BEARISH,D1-20240710-BEARISH,2024-07-12 00:00:00,False,,False,True,False,True
,BLOCKED_BY_UNCERTIFIED_MACRO_BIAS,,2024-07-10 00:00:00,2024-07-11 00:00:00,2024-07-12 00:00:00,False,BEARISH,D1-20240711-BEARISH,2024-07-13 00:00:00,False,,False,True,False,True
,BLOCKED_BY_UNCERTIFIED_MACRO_BIAS,0.25752289576973164,2024-07-11 00:00:00,2024-07-12 00:00:00,2024-07-13 00:00:00,True,BULLISH,D1-20240712-BULLISH,2024-07-16 00:00:00,False,,False,True,False,False
,BLOCKED_BY_UNCERTIFIED_MACRO_BIAS,,2024-07-11 00:00:00,2024-07-12 00:00:00,2024-07-13 00:00:00,False,BEARISH,D1-20240712-BEARISH,2024-07-16 00:00:00,False,,False,True,False,True
,BLOCKED_BY_UNCERTIFIED_MACRO_BIAS,,2024-07-12 00:00:00,2024-07-15 00:00:00,2024-07-16 00:00:00,False,BEARISH,D1-20240715-BEARISH,2024-07-17 00:00:00,False,,False,True,False,True
,BLOCKED_BY_UNCERTIFIED_MACRO_BIAS,,2024-07-15 00:00:00,2024-07-16 00:00:00,2024-07-17 00:00:00,False,BEARISH,D1-20240716-BEARISH,2024-07-18 00:00:00,False,,False,True,False,True
,BLOCKED_BY_UNCERTIFIED_MACRO_BIAS,0.07195813344962954,2024-07-22 00:00:00,2024-07-23 00:00:00,2024-07-24 00:00:00,True,BEARISH,D1-20240723-BEARISH,2024-07-25 00:00:00,False,,False,True,False,False
,BLOCKED_BY_UNCERTIFIED_MACRO_BIAS,0.1131625967837989,2024-07-26 00:00:00,2024-07-29 00:00:00,2024-07-30 00:00:00,True,BEARISH,D1-20240729-BEARISH,2024-07-31 00:00:00,False,,False,True,False,False
,BLOCKED_BY_UNCERTIFIED_MACRO_BIAS,,2024-08-02 00:00:00,2024-08-05 00:00:00,2024-08-06 00:00:00,False,BULLISH,D1-20240805-BULLISH,2024-08-07 00:00:00,False,,False,True,False,True
,BLOCKED_BY_UNCERTIFIED_MACRO_BIAS,,2024-08-05 00:00:00,2024-08-06 00:00:00,2024-08-07 00:00:00,False,BULLISH,D1-20240806-BULLISH,2024-08-08 00:00:00,False,,False,True,False,True
,BLOCKED_BY_UNCERTIFIED_MACRO_BIAS,,2024-08-06 00:00:00,2024-08-07 00:00:00,2024-08-08 00:00:00,False,BULLISH,D1-20240807-BULLISH,2024-08-09 00:00:00,False,,False,True,False,True
,BLOCKED_BY_UNCERTIFIED_MACRO_BIAS,,2024-08-07 00:00:00,2024-08-08 00:00:00,2024-08-09 00:00:00,False,BULLISH,D1-20240808-BULLISH,2024-08-10 00:00:00,False,,False,True,False,True
,BLOCKED_BY_UNCERTIFIED_MACRO_BIAS,,2024-08-08 00:00:00,2024-08-09 00:00:00,2024-08-10 00:00:00,False,BULLISH,D1-20240809-BULLISH,2024-08-13 00:00:00,False,,False,True,False,True
,BLOCKED_BY_UNCERTIFIED_MACRO_BIAS,,2024-08-09 00:00:00,2024-08-12 00:00:00,2024-08-13 00:00:00,False,BULLISH,D1-20240812-BULLISH,2024-08-14 00:00:00,False,,False,True,False,True
,BLOCKED_BY_UNCERTIFIED_MACRO_BIAS,0.28249787595581816,2024-08-19 00:00:00,2024-08-20 00:00:00,2024-08-21 00:00:00,True,BEARISH,D1-20240820-BEARISH,2024-08-22 00:00:00,False,,False,True,False,False
,BLOCKED_BY_UNCERTIFIED_MACRO_BIAS,,2024-08-21 00:00:00,2024-08-22 00:00:00,2024-08-23 00:00:00,False,BEARISH,D1-20240822-BEARISH,2024-08-24 00:00:00,False,,False,True,False,True
,BLOCKED_BY_UNCERTIFIED_MACRO_BIAS,,2024-08-22 00:00:00,2024-08-23 00:00:00,2024-08-24 00:00:00,False,BEARISH,D1-20240823-BEARISH,2024-08-27 00:00:00,False,,False,True,False,True
,BLOCKED_BY_UNCERTIFIED_MACRO_BIAS,,2024-08-23 00:00:00,2024-08-26 00:00:00,2024-08-27 00:00:00,False,BEARISH,D1-20240826-BEARISH,2024-08-28 00:00:00,False,,False,True,False,True
,BLOCKED_BY_UNCERTIFIED_MACRO_BIAS,0.32313073895934585,2024-08-26 00:00:00,2024-08-27 00:00:00,2024-08-28 00:00:00,True,BULLISH,D1-20240827-BULLISH,2024-08-29 00:00:00,False,,False,True,False,False
,BLOCKED_BY_UNCERTIFIED_MACRO_BIAS,,2024-08-26 00:00:00,2024-08-27 00:00:00,2024-08-28 00:00:00,False,BEARISH,D1-20240827-BEARISH,2024-08-29 00:00:00,False,,False,True,False,True
,BLOCKED_BY_UNCERTIFIED_MACRO_BIAS,,2024-08-28 00:00:00,2024-08-29 00:00:00,2024-08-30 00:00:00,False,BEARISH,D1-20240829-BEARISH,2024-08-31 00:00:00,False,,False,True,False,True
,BLOCKED_BY_UNCERTIFIED_MACRO_BIAS,,2024-08-29 00:00:00,2024-08-30 00:00:00,2024-08-31 00:00:00,False,BEARISH,D1-20240830-BEARISH,2024-09-03 00:00:00,False,,False,True,False,True
,BLOCKED_BY_UNCERTIFIED_MACRO_BIAS,,2024-08-30 00:00:00,2024-09-02 00:00:00,2024-09-03 00:00:00,False,BEARISH,D1-20240902-BEARISH,2024-09-04 00:00:00,False,,False,True,False,True
,BLOCKED_BY_UNCERTIFIED_MACRO_BIAS,0.04437213429965991,2024-09-03 00:00:00,2024-09-04 00:00:00,2024-09-05 00:00:00,True,BULLISH,D1-20240904-BULLISH,2024-09-06 00:00:00,False,,False,True,False,False
,BLOCKED_BY_UNCERTIFIED_MACRO_BIAS,,2024-09-05 00:00:00,2024-09-06 00:00:00,2024-09-07 00:00:00,False,BULLISH,D1-20240906-BULLISH,2024-09-10 00:00:00,False,,False,True,False,True
,BLOCKED_BY_UNCERTIFIED_MACRO_BIAS,,2024-09-06 00:00:00,2024-09-09 00:00:00,2024-09-10 00:00:00,False,BULLISH,D1-20240909-BULLISH,2024-09-11 00:00:00,False,,False,True,False,True
,BLOCKED_BY_UNCERTIFIED_MACRO_BIAS,,2024-09-09 00:00:00,2024-09-10 00:00:00,2024-09-11 00:00:00,False,BULLISH,D1-20240910-BULLISH,2024-09-12 00:00:00,False,,False,True,False,True
,BLOCKED_BY_UNCERTIFIED_MACRO_BIAS,,2024-09-17 00:00:00,2024-09-18 00:00:00,2024-09-19 00:00:00,False,BEARISH,D1-20240918-BEARISH,2024-09-20 00:00:00,False,,False,True,False,True
,BLOCKED_BY_UNCERTIFIED_MACRO_BIAS,,2024-09-18 00:00:00,2024-09-19 00:00:00,2024-09-20 00:00:00,False,BEARISH,D1-20240919-BEARISH,2024-09-21 00:00:00,False,,False,True,False,True
,BLOCKED_BY_UNCERTIFIED_MACRO_BIAS,,2024-09-19 00:00:00,2024-09-20 00:00:00,2024-09-21 00:00:00,False,BEARISH,D1-20240920-BEARISH,2024-09-24 00:00:00,False,,False,True,False,True
,BLOCKED_BY_UNCERTIFIED_MACRO_BIAS,,2024-09-20 00:00:00,2024-09-23 00:00:00,2024-09-24 00:00:00,False,BEARISH,D1-20240923-BEARISH,2024-09-25 00:00:00,False,,False,True,False,True
,BLOCKED_BY_UNCERTIFIED_MACRO_BIAS,,2024-09-23 00:00:00,2024-09-24 00:00:00,2024-09-25 00:00:00,False,BEARISH,D1-20240924-BEARISH,2024-09-26 00:00:00,False,,False,True,False,True
,BLOCKED_BY_UNCERTIFIED_MACRO_BIAS,,2024-09-24 00:00:00,2024-09-25 00:00:00,2024-09-26 00:00:00,False,BEARISH,D1-20240925-BEARISH,2024-09-27 00:00:00,False,,False,True,False,True
,BLOCKED_BY_UNCERTIFIED_MACRO_BIAS,,2024-09-25 00:00:00,2024-09-26 00:00:00,2024-09-27 00:00:00,False,BEARISH,D1-20240926-BEARISH,2024-09-28 00:00:00,False,,False,True,False,True
,BLOCKED_BY_UNCERTIFIED_MACRO_BIAS,,2024-09-26 00:00:00,2024-09-27 00:00:00,2024-09-28 00:00:00,False,BEARISH,D1-20240927-BEARISH,2024-10-01 00:00:00,False,,False,True,False,True
,BLOCKED_BY_UNCERTIFIED_MACRO_BIAS,0.31729518855656375,2024-09-27 00:00:00,2024-09-30 00:00:00,2024-10-01 00:00:00,True,BULLISH,D1-20240930-BULLISH,2024-10-02 00:00:00,False,,False,True,False,False
,BLOCKED_BY_UNCERTIFIED_MACRO_BIAS,,2024-09-27 00:00:00,2024-09-30 00:00:00,2024-10-01 00:00:00,False,BEARISH,D1-20240930-BEARISH,2024-10-02 00:00:00,False,,False,True,False,True
,BLOCKED_BY_UNCERTIFIED_MACRO_BIAS,,2024-09-30 00:00:00,2024-10-01 00:00:00,2024-10-02 00:00:00,False,BEARISH,D1-20241001-BEARISH,2024-10-03 00:00:00,False,,False,True,False,True
,BLOCKED_BY_UNCERTIFIED_MACRO_BIAS,,2024-10-01 00:00:00,2024-10-02 00:00:00,2024-10-03 00:00:00,False,BEARISH,D1-20241002-BEARISH,2024-10-04 00:00:00,False,,False,True,False,True
,BLOCKED_BY_UNCERTIFIED_MACRO_BIAS,,2024-10-02 00:00:00,2024-10-03 00:00:00,2024-10-04 00:00:00,False,BEARISH,D1-20241003-BEARISH,2024-10-05 00:00:00,False,,False,True,False,True
,BLOCKED_BY_UNCERTIFIED_MACRO_BIAS,,2024-10-03 00:00:00,2024-10-04 00:00:00,2024-10-05 00:00:00,False,BEARISH,D1-20241004-BEARISH,2024-10-08 00:00:00,False,,False,True,False,True
,BLOCKED_BY_UNCERTIFIED_MACRO_BIAS,,2024-10-04 00:00:00,2024-10-07 00:00:00,2024-10-08 00:00:00,False,BEARISH,D1-20241007-BEARISH,2024-10-09 00:00:00,False,,False,True,False,True
,BLOCKED_BY_UNCERTIFIED_MACRO_BIAS,,2024-10-07 00:00:00,2024-10-08 00:00:00,2024-10-09 00:00:00,False,BEARISH,D1-20241008-BEARISH,2024-10-10 00:00:00,False,,False,True,False,True
,BLOCKED_BY_UNCERTIFIED_MACRO_BIAS,,2024-10-08 00:00:00,2024-10-09 00:00:00,2024-10-10 00:00:00,False,BEARISH,D1-20241009-BEARISH,2024-10-11 00:00:00,False,,False,True,False,True
,BLOCKED_BY_UNCERTIFIED_MACRO_BIAS,0.06730158730157806,2024-10-09 00:00:00,2024-10-10 00:00:00,2024-10-11 00:00:00,True,BEARISH,D1-20241010-BEARISH,2024-10-12 00:00:00,False,,False,True,False,True
,BLOCKED_BY_UNCERTIFIED_MACRO_BIAS,,2024-10-10 00:00:00,2024-10-11 00:00:00,2024-10-12 00:00:00,False,BEARISH,D1-20241011-BEARISH,2024-10-15 00:00:00,False,,False,True,False,True
,BLOCKED_BY_UNCERTIFIED_MACRO_BIAS,,2024-10-11 00:00:00,2024-10-14 00:00:00,2024-10-15 00:00:00,False,BEARISH,D1-20241014-BEARISH,2024-10-16 00:00:00,False,,False,True,False,True
,BLOCKED_BY_UNCERTIFIED_MACRO_BIAS,,2024-10-14 00:00:00,2024-10-15 00:00:00,2024-10-16 00:00:00,False,BEARISH,D1-20241015-BEARISH,2024-10-17 00:00:00,False,,False,True,False,True
,BLOCKED_BY_UNCERTIFIED_MACRO_BIAS,0.010036801605888207,2024-10-15 00:00:00,2024-10-16 00:00:00,2024-10-17 00:00:00,True,BULLISH,D1-20241016-BULLISH,2024-10-18 00:00:00,False,,False,True,False,False
,BLOCKED_BY_UNCERTIFIED_MACRO_BIAS,,2024-10-15 00:00:00,2024-10-16 00:00:00,2024-10-17 00:00:00,False,BEARISH,D1-20241016-BEARISH,2024-10-18 00:00:00,False,,False,True,False,True
,BLOCKED_BY_UNCERTIFIED_MACRO_BIAS,,2024-10-16 00:00:00,2024-10-17 00:00:00,2024-10-18 00:00:00,False,BEARISH,D1-20241017-BEARISH,2024-10-19 00:00:00,False,,False,True,False,True
,BLOCKED_BY_UNCERTIFIED_MACRO_BIAS,,2024-10-17 00:00:00,2024-10-18 00:00:00,2024-10-19 00:00:00,False,BEARISH,D1-20241018-BEARISH,2024-10-22 00:00:00,False,,False,True,False,True
,BLOCKED_BY_UNCERTIFIED_MACRO_BIAS,,2024-10-18 00:00:00,2024-10-21 00:00:00,2024-10-22 00:00:00,False,BEARISH,D1-20241021-BEARISH,2024-10-23 00:00:00,False,,False,True,False,True
,BLOCKED_BY_UNCERTIFIED_MACRO_BIAS,0.25675675675680215,2024-10-21 00:00:00,2024-10-22 00:00:00,2024-10-23 00:00:00,True,BEARISH,D1-20241022-BEARISH,2024-10-24 00:00:00,False,,False,True,False,True
,BLOCKED_BY_UNCERTIFIED_MACRO_BIAS,,2024-10-22 00:00:00,2024-10-23 00:00:00,2024-10-24 00:00:00,False,BEARISH,D1-20241023-BEARISH,2024-10-25 00:00:00,False,,False,True,False,True
,BLOCKED_BY_UNCERTIFIED_MACRO_BIAS,,2024-10-23 00:00:00,2024-10-24 00:00:00,2024-10-25 00:00:00,False,BEARISH,D1-20241024-BEARISH,2024-10-26 00:00:00,False,,False,True,False,True
,BLOCKED_BY_UNCERTIFIED_MACRO_BIAS,,2024-10-24 00:00:00,2024-10-25 00:00:00,2024-10-26 00:00:00,False,BEARISH,D1-20241025-BEARISH,2024-10-29 00:00:00,False,,False,True,False,True
,BLOCKED_BY_UNCERTIFIED_MACRO_BIAS,,2024-10-25 00:00:00,2024-10-28 00:00:00,2024-10-29 00:00:00,False,BEARISH,D1-20241028-BEARISH,2024-10-30 00:00:00,False,,False,True,False,True
,BLOCKED_BY_UNCERTIFIED_MACRO_BIAS,,2024-10-28 00:00:00,2024-10-29 00:00:00,2024-10-30 00:00:00,False,BEARISH,D1-20241029-BEARISH,2024-10-31 00:00:00,False,,False,True,False,True
,BLOCKED_BY_UNCERTIFIED_MACRO_BIAS,,2024-10-29 00:00:00,2024-10-30 00:00:00,2024-10-31 00:00:00,False,BEARISH,D1-20241030-BEARISH,2024-11-01 00:00:00,False,,False,True,False,True
,BLOCKED_BY_UNCERTIFIED_MACRO_BIAS,,2024-11-04 00:00:00,2024-11-05 00:00:00,2024-11-06 00:00:00,False,BEARISH,D1-20241105-BEARISH,2024-11-07 00:00:00,False,,False,True,False,True
,BLOCKED_BY_UNCERTIFIED_MACRO_BIAS,,2024-11-05 00:00:00,2024-11-06 00:00:00,2024-11-07 00:00:00,False,BEARISH,D1-20241106-BEARISH,2024-11-08 00:00:00,False,,False,True,False,True
,BLOCKED_BY_UNCERTIFIED_MACRO_BIAS,,2024-11-06 00:00:00,2024-11-07 00:00:00,2024-11-08 00:00:00,False,BEARISH,D1-20241107-BEARISH,2024-11-09 00:00:00,False,,False,True,False,True
2024-11-09 00:00:00,BLOCKED_BY_UNCERTIFIED_MACRO_BIAS,0.02556727388942172,2024-11-07 00:00:00,2024-11-08 00:00:00,2024-11-09 00:00:00,True,BEARISH,D1-20241108-BEARISH,2024-11-12 00:00:00,False,2024-11-09 00:00:00,True,True,False,True
,BLOCKED_BY_UNCERTIFIED_MACRO_BIAS,,2024-11-08 00:00:00,2024-11-11 00:00:00,2024-11-12 00:00:00,False,BEARISH,D1-20241111-BEARISH,2024-11-13 00:00:00,False,,False,True,False,True
,BLOCKED_BY_UNCERTIFIED_MACRO_BIAS,0.3482658959537851,2024-11-11 00:00:00,2024-11-12 00:00:00,2024-11-13 00:00:00,True,BULLISH,D1-20241112-BULLISH,2024-11-14 00:00:00,False,,False,True,False,False
,BLOCKED_BY_UNCERTIFIED_MACRO_BIAS,,2024-11-11 00:00:00,2024-11-12 00:00:00,2024-11-13 00:00:00,False,BEARISH,D1-20241112-BEARISH,2024-11-14 00:00:00,False,,False,True,False,True
,BLOCKED_BY_UNCERTIFIED_MACRO_BIAS,,2024-11-12 00:00:00,2024-11-13 00:00:00,2024-11-14 00:00:00,False,BEARISH,D1-20241113-BEARISH,2024-11-15 00:00:00,False,,False,True,False,True
,BLOCKED_BY_UNCERTIFIED_MACRO_BIAS,,2024-11-13 00:00:00,2024-11-14 00:00:00,2024-11-15 00:00:00,False,BEARISH,D1-20241114-BEARISH,2024-11-16 00:00:00,False,,False,True,False,True
,BLOCKED_BY_UNCERTIFIED_MACRO_BIAS,,2024-11-18 00:00:00,2024-11-19 00:00:00,2024-11-20 00:00:00,False,BEARISH,D1-20241119-BEARISH,2024-11-21 00:00:00,False,,False,True,False,True
2024-11-21 00:00:00,BLOCKED_BY_UNCERTIFIED_MACRO_BIAS,0.1335559265442412,2024-11-19 00:00:00,2024-11-20 00:00:00,2024-11-21 00:00:00,True,BEARISH,D1-20241120-BEARISH,2024-11-22 00:00:00,False,2024-11-20 12:00:00,True,True,False,True
,BLOCKED_BY_UNCERTIFIED_MACRO_BIAS,,2024-11-20 00:00:00,2024-11-21 00:00:00,2024-11-22 00:00:00,False,BEARISH,D1-20241121-BEARISH,2024-11-23 00:00:00,False,,False,True,False,True
,BLOCKED_BY_UNCERTIFIED_MACRO_BIAS,,2024-11-21 00:00:00,2024-11-22 00:00:00,2024-11-23 00:00:00,False,BEARISH,D1-20241122-BEARISH,2024-11-26 00:00:00,False,,False,True,False,True
,BLOCKED_BY_UNCERTIFIED_MACRO_BIAS,,2024-11-22 00:00:00,2024-11-25 00:00:00,2024-11-26 00:00:00,False,BEARISH,D1-20241125-BEARISH,2024-11-27 00:00:00,False,,False,True,False,True
,BLOCKED_BY_UNCERTIFIED_MACRO_BIAS,,2024-11-25 00:00:00,2024-11-26 00:00:00,2024-11-27 00:00:00,False,BEARISH,D1-20241126-BEARISH,2024-11-28 00:00:00,False,,False,True,False,True
,BLOCKED_BY_UNCERTIFIED_MACRO_BIAS,,2024-11-26 00:00:00,2024-11-27 00:00:00,2024-11-28 00:00:00,False,BEARISH,D1-20241127-BEARISH,2024-11-29 00:00:00,False,,False,True,False,True
,BLOCKED_BY_UNCERTIFIED_MACRO_BIAS,,2024-11-27 00:00:00,2024-11-28 00:00:00,2024-11-29 00:00:00,False,BEARISH,D1-20241128-BEARISH,2024-11-30 00:00:00,False,,False,True,False,True
,BLOCKED_BY_UNCERTIFIED_MACRO_BIAS,,2024-11-28 00:00:00,2024-11-29 00:00:00,2024-11-30 00:00:00,False,BEARISH,D1-20241129-BEARISH,2024-12-03 00:00:00,False,,False,True,False,True
,BLOCKED_BY_UNCERTIFIED_MACRO_BIAS,,2024-11-29 00:00:00,2024-12-02 00:00:00,2024-12-03 00:00:00,False,BEARISH,D1-20241202-BEARISH,2024-12-04 00:00:00,False,,False,True,False,True
,BLOCKED_BY_UNCERTIFIED_MACRO_BIAS,,2024-12-02 00:00:00,2024-12-03 00:00:00,2024-12-04 00:00:00,False,BEARISH,D1-20241203-BEARISH,2024-12-05 00:00:00,False,,False,True,False,True
,BLOCKED_BY_UNCERTIFIED_MACRO_BIAS,,2024-12-03 00:00:00,2024-12-04 00:00:00,2024-12-05 00:00:00,False,BEARISH,D1-20241204-BEARISH,2024-12-06 00:00:00,False,,False,True,False,True
2024-12-06 12:00:00,BLOCKED_BY_UNCERTIFIED_MACRO_BIAS,0.26399207528478896,2024-12-04 00:00:00,2024-12-05 00:00:00,2024-12-06 00:00:00,True,BEARISH,D1-20241205-BEARISH,2024-12-07 00:00:00,False,2024-12-06 12:00:00,True,True,False,True
,BLOCKED_BY_UNCERTIFIED_MACRO_BIAS,,2024-12-05 00:00:00,2024-12-06 00:00:00,2024-12-07 00:00:00,False,BEARISH,D1-20241206-BEARISH,2024-12-10 00:00:00,False,,False,True,False,True
,BLOCKED_BY_UNCERTIFIED_MACRO_BIAS,,2024-12-06 00:00:00,2024-12-09 00:00:00,2024-12-10 00:00:00,False,BEARISH,D1-20241209-BEARISH,2024-12-11 00:00:00,False,,False,True,False,True
,BLOCKED_BY_UNCERTIFIED_MACRO_BIAS,,2024-12-09 00:00:00,2024-12-10 00:00:00,2024-12-11 00:00:00,False,BEARISH,D1-20241210-BEARISH,2024-12-12 00:00:00,False,,False,True,False,True
,BLOCKED_BY_UNCERTIFIED_MACRO_BIAS,,2024-12-10 00:00:00,2024-12-11 00:00:00,2024-12-12 00:00:00,False,BEARISH,D1-20241211-BEARISH,2024-12-13 00:00:00,False,,False,True,False,True
,BLOCKED_BY_UNCERTIFIED_MACRO_BIAS,,2024-12-11 00:00:00,2024-12-12 00:00:00,2024-12-13 00:00:00,False,BEARISH,D1-20241212-BEARISH,2024-12-14 00:00:00,False,,False,True,False,True
,BLOCKED_BY_UNCERTIFIED_MACRO_BIAS,,2024-12-12 00:00:00,2024-12-13 00:00:00,2024-12-14 00:00:00,False,BEARISH,D1-20241213-BEARISH,2024-12-17 00:00:00,False,,False,True,False,True
,BLOCKED_BY_UNCERTIFIED_MACRO_BIAS,,2024-12-13 00:00:00,2024-12-16 00:00:00,2024-12-17 00:00:00,False,BEARISH,D1-20241216-BEARISH,2024-12-18 00:00:00,False,,False,True,False,True
,BLOCKED_BY_UNCERTIFIED_MACRO_BIAS,,2024-12-16 00:00:00,2024-12-17 00:00:00,2024-12-18 00:00:00,False,BEARISH,D1-20241217-BEARISH,2024-12-19 00:00:00,False,,False,True,False,True
,BLOCKED_BY_UNCERTIFIED_MACRO_BIAS,,2024-12-20 00:00:00,2024-12-23 00:00:00,2024-12-24 00:00:00,False,BEARISH,D1-20241223-BEARISH,2024-12-25 00:00:00,False,,False,True,False,True
,BLOCKED_BY_UNCERTIFIED_MACRO_BIAS,,2024-12-23 00:00:00,2024-12-24 00:00:00,2024-12-25 00:00:00,False,BEARISH,D1-20241224-BEARISH,2024-12-27 00:00:00,False,,False,True,False,True
,BLOCKED_BY_UNCERTIFIED_MACRO_BIAS,0.22788656313301767,2024-12-24 00:00:00,2024-12-26 00:00:00,2024-12-27 00:00:00,True,BEARISH,D1-20241226-BEARISH,2024-12-28 00:00:00,False,,False,True,False,True
,BLOCKED_BY_UNCERTIFIED_MACRO_BIAS,,2024-12-26 00:00:00,2024-12-27 00:00:00,2024-12-28 00:00:00,False,BEARISH,D1-20241227-BEARISH,2024-12-31 00:00:00,False,,False,True,False,True
,BLOCKED_BY_UNCERTIFIED_MACRO_BIAS,,2025-01-03 00:00:00,2025-01-06 00:00:00,2025-01-07 00:00:00,False,BEARISH,D1-20250106-BEARISH,2025-01-08 00:00:00,False,,False,True,False,True
,BLOCKED_BY_UNCERTIFIED_MACRO_BIAS,0.08766391452160828,2025-01-07 00:00:00,2025-01-08 00:00:00,2025-01-09 00:00:00,True,BULLISH,D1-20250108-BULLISH,2025-01-10 00:00:00,False,,False,True,False,False
,BLOCKED_BY_UNCERTIFIED_MACRO_BIAS,0.03833443489756193,2025-01-10 00:00:00,2025-01-13 00:00:00,2025-01-14 00:00:00,True,BULLISH,D1-20250113-BULLISH,2025-01-15 00:00:00,False,,False,True,False,False
,BLOCKED_BY_UNCERTIFIED_MACRO_BIAS,,2025-01-14 00:00:00,2025-01-15 00:00:00,2025-01-16 00:00:00,False,BEARISH,D1-20250115-BEARISH,2025-01-17 00:00:00,False,,False,True,False,True
,BLOCKED_BY_UNCERTIFIED_MACRO_BIAS,0.42531831537707265,2025-01-15 00:00:00,2025-01-16 00:00:00,2025-01-17 00:00:00,True,BEARISH,D1-20250116-BEARISH,2025-01-18 00:00:00,False,,False,True,False,False
,BLOCKED_BY_UNCERTIFIED_MACRO_BIAS,,2025-01-16 00:00:00,2025-01-17 00:00:00,2025-01-18 00:00:00,False,BEARISH,D1-20250117-BEARISH,2025-01-21 00:00:00,False,,False,True,False,True
,BLOCKED_BY_UNCERTIFIED_MACRO_BIAS,,2025-01-17 00:00:00,2025-01-20 00:00:00,2025-01-21 00:00:00,False,BEARISH,D1-20250120-BEARISH,2025-01-22 00:00:00,False,,False,True,False,True
,BLOCKED_BY_UNCERTIFIED_MACRO_BIAS,,2025-01-20 00:00:00,2025-01-21 00:00:00,2025-01-22 00:00:00,False,BEARISH,D1-20250121-BEARISH,2025-01-23 00:00:00,False,,False,True,False,True
,BLOCKED_BY_UNCERTIFIED_MACRO_BIAS,,2025-01-21 00:00:00,2025-01-22 00:00:00,2025-01-23 00:00:00,False,BEARISH,D1-20250122-BEARISH,2025-01-24 00:00:00,False,,False,True,False,True
,BLOCKED_BY_UNCERTIFIED_MACRO_BIAS,,2025-01-22 00:00:00,2025-01-23 00:00:00,2025-01-24 00:00:00,False,BEARISH,D1-20250123-BEARISH,2025-01-25 00:00:00,False,,False,True,False,True
,BLOCKED_BY_UNCERTIFIED_MACRO_BIAS,,2025-01-23 00:00:00,2025-01-24 00:00:00,2025-01-25 00:00:00,False,BEARISH,D1-20250124-BEARISH,2025-01-28 00:00:00,False,,False,True,False,True
,BLOCKED_BY_UNCERTIFIED_MACRO_BIAS,,2025-01-27 00:00:00,2025-01-28 00:00:00,2025-01-29 00:00:00,False,BEARISH,D1-20250128-BEARISH,2025-01-30 00:00:00,False,,False,True,False,True
2025-01-30 08:00:00,BLOCKED_BY_UNCERTIFIED_MACRO_BIAS,0.1723034734917606,2025-01-28 00:00:00,2025-01-29 00:00:00,2025-01-30 00:00:00,True,BEARISH,D1-20250129-BEARISH,2025-01-31 00:00:00,False,2025-01-30 08:00:00,True,True,False,True
,BLOCKED_BY_UNCERTIFIED_MACRO_BIAS,,2025-01-29 00:00:00,2025-01-30 00:00:00,2025-01-31 00:00:00,False,BEARISH,D1-20250130-BEARISH,2025-02-01 00:00:00,False,,False,True,False,True
,BLOCKED_BY_UNCERTIFIED_MACRO_BIAS,,2025-01-30 00:00:00,2025-01-31 00:00:00,2025-02-01 00:00:00,False,BEARISH,D1-20250131-BEARISH,2025-02-04 00:00:00,False,,False,True,False,True
,BLOCKED_BY_UNCERTIFIED_MACRO_BIAS,,2025-01-31 00:00:00,2025-02-03 00:00:00,2025-02-04 00:00:00,False,BEARISH,D1-20250203-BEARISH,2025-02-05 00:00:00,False,,False,True,False,True
,BLOCKED_BY_UNCERTIFIED_MACRO_BIAS,,2025-02-03 00:00:00,2025-02-04 00:00:00,2025-02-05 00:00:00,False,BEARISH,D1-20250204-BEARISH,2025-02-06 00:00:00,False,,False,True,False,True
,BLOCKED_BY_UNCERTIFIED_MACRO_BIAS,,2025-02-04 00:00:00,2025-02-05 00:00:00,2025-02-06 00:00:00,False,BEARISH,D1-20250205-BEARISH,2025-02-07 00:00:00,False,,False,True,False,True
,BLOCKED_BY_UNCERTIFIED_MACRO_BIAS,,2025-02-05 00:00:00,2025-02-06 00:00:00,2025-02-07 00:00:00,False,BEARISH,D1-20250206-BEARISH,2025-02-08 00:00:00,False,,False,True,False,True
,BLOCKED_BY_UNCERTIFIED_MACRO_BIAS,,2025-02-06 00:00:00,2025-02-07 00:00:00,2025-02-08 00:00:00,False,BEARISH,D1-20250207-BEARISH,2025-02-11 00:00:00,False,,False,True,False,True
,BLOCKED_BY_UNCERTIFIED_MACRO_BIAS,,2025-02-07 00:00:00,2025-02-10 00:00:00,2025-02-11 00:00:00,False,BEARISH,D1-20250210-BEARISH,2025-02-12 00:00:00,False,,False,True,False,True
,BLOCKED_BY_UNCERTIFIED_MACRO_BIAS,,2025-02-10 00:00:00,2025-02-11 00:00:00,2025-02-12 00:00:00,False,BEARISH,D1-20250211-BEARISH,2025-02-13 00:00:00,False,,False,True,False,True
,BLOCKED_BY_UNCERTIFIED_MACRO_BIAS,,2025-02-11 00:00:00,2025-02-12 00:00:00,2025-02-13 00:00:00,False,BEARISH,D1-20250212-BEARISH,2025-02-14 00:00:00,False,,False,True,False,True
,BLOCKED_BY_UNCERTIFIED_MACRO_BIAS,,2025-02-12 00:00:00,2025-02-13 00:00:00,2025-02-14 00:00:00,False,BEARISH,D1-20250213-BEARISH,2025-02-15 00:00:00,False,,False,True,False,True
,BLOCKED_BY_UNCERTIFIED_MACRO_BIAS,,2025-02-13 00:00:00,2025-02-14 00:00:00,2025-02-15 00:00:00,False,BEARISH,D1-20250214-BEARISH,2025-02-18 00:00:00,False,,False,True,False,True
,BLOCKED_BY_UNCERTIFIED_MACRO_BIAS,,2025-02-14 00:00:00,2025-02-17 00:00:00,2025-02-18 00:00:00,False,BEARISH,D1-20250217-BEARISH,2025-02-19 00:00:00,False,,False,True,False,True
,BLOCKED_BY_UNCERTIFIED_MACRO_BIAS,,2025-02-17 00:00:00,2025-02-18 00:00:00,2025-02-19 00:00:00,False,BEARISH,D1-20250218-BEARISH,2025-02-20 00:00:00,False,,False,True,False,True
,BLOCKED_BY_UNCERTIFIED_MACRO_BIAS,,2025-02-18 00:00:00,2025-02-19 00:00:00,2025-02-20 00:00:00,False,BEARISH,D1-20250219-BEARISH,2025-02-21 00:00:00,False,,False,True,False,True
,BLOCKED_BY_UNCERTIFIED_MACRO_BIAS,,2025-02-19 00:00:00,2025-02-20 00:00:00,2025-02-21 00:00:00,False,BEARISH,D1-20250220-BEARISH,2025-02-22 00:00:00,False,,False,True,False,True
,BLOCKED_BY_UNCERTIFIED_MACRO_BIAS,0.42028505137553773,2025-02-27 00:00:00,2025-02-28 00:00:00,2025-03-01 00:00:00,True,BULLISH,D1-20250228-BULLISH,2025-03-04 00:00:00,False,,False,True,False,False
2025-03-05 00:00:00,BLOCKED_BY_UNCERTIFIED_MACRO_BIAS,0.06968564519674847,2025-03-03 00:00:00,2025-03-04 00:00:00,2025-03-05 00:00:00,True,BULLISH,D1-20250304-BULLISH,2025-03-06 00:00:00,False,2025-03-04 20:00:00,True,True,False,True
,BLOCKED_BY_UNCERTIFIED_MACRO_BIAS,,2025-03-04 00:00:00,2025-03-05 00:00:00,2025-03-06 00:00:00,False,BULLISH,D1-20250305-BULLISH,2025-03-07 00:00:00,False,,False,True,False,True
,BLOCKED_BY_UNCERTIFIED_MACRO_BIAS,,2025-03-05 00:00:00,2025-03-06 00:00:00,2025-03-07 00:00:00,False,BULLISH,D1-20250306-BULLISH,2025-03-08 00:00:00,False,,False,True,False,True
,BLOCKED_BY_UNCERTIFIED_MACRO_BIAS,0.023994354269585214,2025-03-06 00:00:00,2025-03-07 00:00:00,2025-03-08 00:00:00,True,BULLISH,D1-20250307-BULLISH,2025-03-11 00:00:00,False,,False,True,False,True
,BLOCKED_BY_UNCERTIFIED_MACRO_BIAS,,2025-03-07 00:00:00,2025-03-10 00:00:00,2025-03-11 00:00:00,False,BULLISH,D1-20250310-BULLISH,2025-03-12 00:00:00,False,,False,True,False,True
,BLOCKED_BY_UNCERTIFIED_MACRO_BIAS,0.03554274735831057,2025-03-10 00:00:00,2025-03-11 00:00:00,2025-03-12 00:00:00,True,BULLISH,D1-20250311-BULLISH,2025-03-13 00:00:00,False,,False,True,False,True
,BLOCKED_BY_UNCERTIFIED_MACRO_BIAS,,2025-03-11 00:00:00,2025-03-12 00:00:00,2025-03-13 00:00:00,False,BULLISH,D1-20250312-BULLISH,2025-03-14 00:00:00,False,,False,True,False,True
,BLOCKED_BY_UNCERTIFIED_MACRO_BIAS,,2025-03-12 00:00:00,2025-03-13 00:00:00,2025-03-14 00:00:00,False,BULLISH,D1-20250313-BULLISH,2025-03-15 00:00:00,False,,False,True,False,True
,BLOCKED_BY_UNCERTIFIED_MACRO_BIAS,,2025-03-13 00:00:00,2025-03-14 00:00:00,2025-03-15 00:00:00,False,BULLISH,D1-20250314-BULLISH,2025-03-18 00:00:00,False,,False,True,False,True
,BLOCKED_BY_UNCERTIFIED_MACRO_BIAS,,2025-03-14 00:00:00,2025-03-17 00:00:00,2025-03-18 00:00:00,False,BULLISH,D1-20250317-BULLISH,2025-03-19 00:00:00,False,,False,True,False,True
,BLOCKED_BY_UNCERTIFIED_MACRO_BIAS,,2025-03-17 00:00:00,2025-03-18 00:00:00,2025-03-19 00:00:00,False,BULLISH,D1-20250318-BULLISH,2025-03-20 00:00:00,False,,False,True,False,True
,BLOCKED_BY_UNCERTIFIED_MACRO_BIAS,,2025-03-18 00:00:00,2025-03-19 00:00:00,2025-03-20 00:00:00,False,BULLISH,D1-20250319-BULLISH,2025-03-21 00:00:00,False,,False,True,False,True
,BLOCKED_BY_UNCERTIFIED_MACRO_BIAS,,2025-03-19 00:00:00,2025-03-20 00:00:00,2025-03-21 00:00:00,False,BULLISH,D1-20250320-BULLISH,2025-03-22 00:00:00,False,,False,True,False,True
,BLOCKED_BY_UNCERTIFIED_MACRO_BIAS,,2025-03-20 00:00:00,2025-03-21 00:00:00,2025-03-22 00:00:00,False,BULLISH,D1-20250321-BULLISH,2025-03-25 00:00:00,False,,False,True,False,True
,BLOCKED_BY_UNCERTIFIED_MACRO_BIAS,,2025-03-25 00:00:00,2025-03-26 00:00:00,2025-03-27 00:00:00,False,BULLISH,D1-20250326-BULLISH,2025-03-28 00:00:00,False,,False,True,False,True
,BLOCKED_BY_UNCERTIFIED_MACRO_BIAS,,2025-03-26 00:00:00,2025-03-27 00:00:00,2025-03-28 00:00:00,False,BULLISH,D1-20250327-BULLISH,2025-03-29 00:00:00,False,,False,True,False,True
,BLOCKED_BY_UNCERTIFIED_MACRO_BIAS,,2025-03-27 00:00:00,2025-03-28 00:00:00,2025-03-29 00:00:00,False,BULLISH,D1-20250328-BULLISH,2025-04-01 00:00:00,False,,False,True,False,True
,BLOCKED_BY_UNCERTIFIED_MACRO_BIAS,0.13335491179802839,2025-03-28 00:00:00,2025-03-31 00:00:00,2025-04-01 00:00:00,True,BULLISH,D1-20250331-BULLISH,2025-04-02 00:00:00,False,,False,True,False,True
,BLOCKED_BY_UNCERTIFIED_MACRO_BIAS,,2025-03-31 00:00:00,2025-04-01 00:00:00,2025-04-02 00:00:00,False,BULLISH,D1-20250401-BULLISH,2025-04-03 00:00:00,False,,False,True,False,True
,BLOCKED_BY_UNCERTIFIED_MACRO_BIAS,,2025-04-01 00:00:00,2025-04-02 00:00:00,2025-04-03 00:00:00,False,BULLISH,D1-20250402-BULLISH,2025-04-04 00:00:00,False,,False,True,False,True
,BLOCKED_BY_UNCERTIFIED_MACRO_BIAS,,2025-04-02 00:00:00,2025-04-03 00:00:00,2025-04-04 00:00:00,False,BULLISH,D1-20250403-BULLISH,2025-04-05 00:00:00,False,,False,True,False,True
,BLOCKED_BY_UNCERTIFIED_MACRO_BIAS,,2025-04-03 00:00:00,2025-04-04 00:00:00,2025-04-05 00:00:00,False,BULLISH,D1-20250404-BULLISH,2025-04-08 00:00:00,False,,False,True,False,True
,BLOCKED_BY_UNCERTIFIED_MACRO_BIAS,,2025-04-04 00:00:00,2025-04-07 00:00:00,2025-04-08 00:00:00,False,BULLISH,D1-20250407-BULLISH,2025-04-09 00:00:00,False,,False,True,False,True
,BLOCKED_BY_UNCERTIFIED_MACRO_BIAS,,2025-04-07 00:00:00,2025-04-08 00:00:00,2025-04-09 00:00:00,False,BULLISH,D1-20250408-BULLISH,2025-04-10 00:00:00,False,,False,True,False,True
,BLOCKED_BY_UNCERTIFIED_MACRO_BIAS,,2025-04-09 00:00:00,2025-04-10 00:00:00,2025-04-11 00:00:00,False,BULLISH,D1-20250410-BULLISH,2025-04-12 00:00:00,False,,False,True,False,True
,BLOCKED_BY_UNCERTIFIED_MACRO_BIAS,0.38567880406766925,2025-04-09 00:00:00,2025-04-10 00:00:00,2025-04-11 00:00:00,True,BEARISH,D1-20250410-BEARISH,2025-04-12 00:00:00,False,,False,True,False,False
,BLOCKED_BY_UNCERTIFIED_MACRO_BIAS,,2025-04-10 00:00:00,2025-04-11 00:00:00,2025-04-12 00:00:00,False,BULLISH,D1-20250411-BULLISH,2025-04-15 00:00:00,False,,False,True,False,True
,BLOCKED_BY_UNCERTIFIED_MACRO_BIAS,,2025-04-11 00:00:00,2025-04-14 00:00:00,2025-04-15 00:00:00,False,BULLISH,D1-20250414-BULLISH,2025-04-16 00:00:00,False,,False,True,False,True
,BLOCKED_BY_UNCERTIFIED_MACRO_BIAS,,2025-04-14 00:00:00,2025-04-15 00:00:00,2025-04-16 00:00:00,False,BULLISH,D1-20250415-BULLISH,2025-04-17 00:00:00,False,,False,True,False,True
,BLOCKED_BY_UNCERTIFIED_MACRO_BIAS,,2025-04-15 00:00:00,2025-04-16 00:00:00,2025-04-17 00:00:00,False,BULLISH,D1-20250416-BULLISH,2025-04-18 00:00:00,False,,False,True,False,True
,BLOCKED_BY_UNCERTIFIED_MACRO_BIAS,,2025-04-16 00:00:00,2025-04-17 00:00:00,2025-04-18 00:00:00,False,BULLISH,D1-20250417-BULLISH,2025-04-22 00:00:00,False,,False,True,False,True
,BLOCKED_BY_UNCERTIFIED_MACRO_BIAS,,2025-04-17 00:00:00,2025-04-21 00:00:00,2025-04-22 00:00:00,False,BULLISH,D1-20250421-BULLISH,2025-04-23 00:00:00,False,,False,True,False,True
,BLOCKED_BY_UNCERTIFIED_MACRO_BIAS,,2025-04-21 00:00:00,2025-04-22 00:00:00,2025-04-23 00:00:00,False,BULLISH,D1-20250422-BULLISH,2025-04-24 00:00:00,False,,False,True,False,True
,BLOCKED_BY_UNCERTIFIED_MACRO_BIAS,0.0764331210191273,2025-04-25 00:00:00,2025-04-28 00:00:00,2025-04-29 00:00:00,True,BEARISH,D1-20250428-BEARISH,2025-04-30 00:00:00,False,,False,True,False,False
,BLOCKED_BY_UNCERTIFIED_MACRO_BIAS,0.1089147286821649,2025-04-30 00:00:00,2025-05-01 00:00:00,2025-05-02 00:00:00,True,BEARISH,D1-20250501-BEARISH,2025-05-03 00:00:00,False,,False,True,False,False
,BLOCKED_BY_UNCERTIFIED_MACRO_BIAS,,2025-05-12 00:00:00,2025-05-13 00:00:00,2025-05-14 00:00:00,False,BEARISH,D1-20250513-BEARISH,2025-05-15 00:00:00,False,,False,True,False,True
,BLOCKED_BY_UNCERTIFIED_MACRO_BIAS,,2025-05-13 00:00:00,2025-05-14 00:00:00,2025-05-15 00:00:00,False,BEARISH,D1-20250514-BEARISH,2025-05-16 00:00:00,False,,False,True,False,True
2025-05-16 00:00:00,BLOCKED_BY_UNCERTIFIED_MACRO_BIAS,0.16803840877915036,2025-05-14 00:00:00,2025-05-15 00:00:00,2025-05-16 00:00:00,True,BEARISH,D1-20250515-BEARISH,2025-05-17 00:00:00,False,2025-05-15 08:00:00,True,True,False,True
,BLOCKED_BY_UNCERTIFIED_MACRO_BIAS,,2025-05-15 00:00:00,2025-05-16 00:00:00,2025-05-17 00:00:00,False,BEARISH,D1-20250516-BEARISH,2025-05-20 00:00:00,False,,False,True,False,True
,BLOCKED_BY_UNCERTIFIED_MACRO_BIAS,,2025-05-16 00:00:00,2025-05-19 00:00:00,2025-05-20 00:00:00,False,BEARISH,D1-20250519-BEARISH,2025-05-21 00:00:00,False,,False,True,False,True
,BLOCKED_BY_UNCERTIFIED_MACRO_BIAS,0.42353579175704703,2025-05-19 00:00:00,2025-05-20 00:00:00,2025-05-21 00:00:00,True,BEARISH,D1-20250520-BEARISH,2025-05-22 00:00:00,False,,False,True,False,True
,BLOCKED_BY_UNCERTIFIED_MACRO_BIAS,,2025-05-20 00:00:00,2025-05-21 00:00:00,2025-05-22 00:00:00,False,BEARISH,D1-20250521-BEARISH,2025-05-23 00:00:00,False,,False,True,False,True
,BLOCKED_BY_UNCERTIFIED_MACRO_BIAS,0.2661950856291898,2025-05-21 00:00:00,2025-05-22 00:00:00,2025-05-23 00:00:00,True,BULLISH,D1-20250522-BULLISH,2025-05-24 00:00:00,False,,False,True,False,False
,BLOCKED_BY_UNCERTIFIED_MACRO_BIAS,,2025-05-21 00:00:00,2025-05-22 00:00:00,2025-05-23 00:00:00,False,BEARISH,D1-20250522-BEARISH,2025-05-24 00:00:00,False,,False,True,False,True
,BLOCKED_BY_UNCERTIFIED_MACRO_BIAS,,2025-05-22 00:00:00,2025-05-23 00:00:00,2025-05-24 00:00:00,False,BEARISH,D1-20250523-BEARISH,2025-05-27 00:00:00,False,,False,True,False,True
,BLOCKED_BY_UNCERTIFIED_MACRO_BIAS,,2025-05-23 00:00:00,2025-05-26 00:00:00,2025-05-27 00:00:00,False,BEARISH,D1-20250526-BEARISH,2025-05-28 00:00:00,False,,False,True,False,True
,BLOCKED_BY_UNCERTIFIED_MACRO_BIAS,,2025-05-26 00:00:00,2025-05-27 00:00:00,2025-05-28 00:00:00,False,BEARISH,D1-20250527-BEARISH,2025-05-29 00:00:00,False,,False,True,False,True
,BLOCKED_BY_UNCERTIFIED_MACRO_BIAS,,2025-05-27 00:00:00,2025-05-28 00:00:00,2025-05-29 00:00:00,False,BEARISH,D1-20250528-BEARISH,2025-05-30 00:00:00,False,,False,True,False,True
,BLOCKED_BY_UNCERTIFIED_MACRO_BIAS,,2025-05-28 00:00:00,2025-05-29 00:00:00,2025-05-30 00:00:00,False,BEARISH,D1-20250529-BEARISH,2025-05-31 00:00:00,False,,False,True,False,True
,BLOCKED_BY_UNCERTIFIED_MACRO_BIAS,0.043089430894303025,2025-05-29 00:00:00,2025-05-30 00:00:00,2025-05-31 00:00:00,True,BULLISH,D1-20250530-BULLISH,2025-06-03 00:00:00,False,,False,True,False,False
,BLOCKED_BY_UNCERTIFIED_MACRO_BIAS,,2025-05-29 00:00:00,2025-05-30 00:00:00,2025-05-31 00:00:00,False,BEARISH,D1-20250530-BEARISH,2025-06-03 00:00:00,False,,False,True,False,True
,BLOCKED_BY_UNCERTIFIED_MACRO_BIAS,,2025-05-30 00:00:00,2025-06-02 00:00:00,2025-06-03 00:00:00,False,BEARISH,D1-20250602-BEARISH,2025-06-04 00:00:00,False,,False,True,False,True
,BLOCKED_BY_UNCERTIFIED_MACRO_BIAS,,2025-06-02 00:00:00,2025-06-03 00:00:00,2025-06-04 00:00:00,False,BEARISH,D1-20250603-BEARISH,2025-06-05 00:00:00,False,,False,True,False,True
2025-06-05 00:00:00,BLOCKED_BY_UNCERTIFIED_MACRO_BIAS,0.42428675932699117,2025-06-03 00:00:00,2025-06-04 00:00:00,2025-06-05 00:00:00,True,BEARISH,D1-20250604-BEARISH,2025-06-06 00:00:00,False,2025-06-04 16:00:00,True,True,False,True
,BLOCKED_BY_UNCERTIFIED_MACRO_BIAS,,2025-06-04 00:00:00,2025-06-05 00:00:00,2025-06-06 00:00:00,False,BEARISH,D1-20250605-BEARISH,2025-06-07 00:00:00,False,,False,True,False,True
,BLOCKED_BY_UNCERTIFIED_MACRO_BIAS,,2025-06-05 00:00:00,2025-06-06 00:00:00,2025-06-07 00:00:00,False,BEARISH,D1-20250606-BEARISH,2025-06-10 00:00:00,False,,False,True,False,True
2025-06-10 00:00:00,BLOCKED_BY_UNCERTIFIED_MACRO_BIAS,0.01665095821552913,2025-06-06 00:00:00,2025-06-09 00:00:00,2025-06-10 00:00:00,True,BEARISH,D1-20250609-BEARISH,2025-06-11 00:00:00,False,2025-06-09 16:00:00,True,True,False,True
,BLOCKED_BY_UNCERTIFIED_MACRO_BIAS,,2025-06-09 00:00:00,2025-06-10 00:00:00,2025-06-11 00:00:00,False,BEARISH,D1-20250610-BEARISH,2025-06-12 00:00:00,False,,False,True,False,True
,BLOCKED_BY_UNCERTIFIED_MACRO_BIAS,,2025-06-10 00:00:00,2025-06-11 00:00:00,2025-06-12 00:00:00,False,BEARISH,D1-20250611-BEARISH,2025-06-13 00:00:00,False,,False,True,False,True
,BLOCKED_BY_UNCERTIFIED_MACRO_BIAS,,2025-06-11 00:00:00,2025-06-12 00:00:00,2025-06-13 00:00:00,False,BEARISH,D1-20250612-BEARISH,2025-06-14 00:00:00,False,,False,True,False,True
,BLOCKED_BY_UNCERTIFIED_MACRO_BIAS,,2025-06-12 00:00:00,2025-06-13 00:00:00,2025-06-14 00:00:00,False,BEARISH,D1-20250613-BEARISH,2025-06-17 00:00:00,False,,False,True,False,True
,BLOCKED_BY_UNCERTIFIED_MACRO_BIAS,,2025-06-13 00:00:00,2025-06-16 00:00:00,2025-06-17 00:00:00,False,BEARISH,D1-20250616-BEARISH,2025-06-18 00:00:00,False,,False,True,False,True
,BLOCKED_BY_UNCERTIFIED_MACRO_BIAS,,2025-06-16 00:00:00,2025-06-17 00:00:00,2025-06-18 00:00:00,False,BEARISH,D1-20250617-BEARISH,2025-06-19 00:00:00,False,,False,True,False,True
,BLOCKED_BY_UNCERTIFIED_MACRO_BIAS,0.23523809523808484,2025-06-17 00:00:00,2025-06-18 00:00:00,2025-06-19 00:00:00,True,BULLISH,D1-20250618-BULLISH,2025-06-20 00:00:00,False,,False,True,False,False
,BLOCKED_BY_UNCERTIFIED_MACRO_BIAS,,2025-06-17 00:00:00,2025-06-18 00:00:00,2025-06-19 00:00:00,False,BEARISH,D1-20250618-BEARISH,2025-06-20 00:00:00,False,,False,True,False,True
,BLOCKED_BY_UNCERTIFIED_MACRO_BIAS,,2025-06-19 00:00:00,2025-06-20 00:00:00,2025-06-21 00:00:00,False,BEARISH,D1-20250620-BEARISH,2025-06-24 00:00:00,False,,False,True,False,True
,BLOCKED_BY_UNCERTIFIED_MACRO_BIAS,,2025-06-20 00:00:00,2025-06-23 00:00:00,2025-06-24 00:00:00,False,BEARISH,D1-20250623-BEARISH,2025-06-25 00:00:00,False,,False,True,False,True
,BLOCKED_BY_UNCERTIFIED_MACRO_BIAS,,2025-06-23 00:00:00,2025-06-24 00:00:00,2025-06-25 00:00:00,False,BEARISH,D1-20250624-BEARISH,2025-06-26 00:00:00,False,,False,True,False,True
,BLOCKED_BY_UNCERTIFIED_MACRO_BIAS,,2025-06-24 00:00:00,2025-06-25 00:00:00,2025-06-26 00:00:00,False,BEARISH,D1-20250625-BEARISH,2025-06-27 00:00:00,False,,False,True,False,True
,BLOCKED_BY_UNCERTIFIED_MACRO_BIAS,,2025-06-25 00:00:00,2025-06-26 00:00:00,2025-06-27 00:00:00,False,BEARISH,D1-20250626-BEARISH,2025-06-28 00:00:00,False,,False,True,False,True
,BLOCKED_BY_UNCERTIFIED_MACRO_BIAS,,2025-06-26 00:00:00,2025-06-27 00:00:00,2025-06-28 00:00:00,False,BEARISH,D1-20250627-BEARISH,2025-07-01 00:00:00,False,,False,True,False,True
,BLOCKED_BY_UNCERTIFIED_MACRO_BIAS,,2025-06-27 00:00:00,2025-06-30 00:00:00,2025-07-01 00:00:00,False,BEARISH,D1-20250630-BEARISH,2025-07-02 00:00:00,False,,False,True,False,True
,BLOCKED_BY_UNCERTIFIED_MACRO_BIAS,,2025-06-30 00:00:00,2025-07-01 00:00:00,2025-07-02 00:00:00,False,BEARISH,D1-20250701-BEARISH,2025-07-03 00:00:00,False,,False,True,False,True
,BLOCKED_BY_UNCERTIFIED_MACRO_BIAS,,2025-07-01 00:00:00,2025-07-02 00:00:00,2025-07-03 00:00:00,False,BEARISH,D1-20250702-BEARISH,2025-07-04 00:00:00,False,,False,True,False,True
,BLOCKED_BY_UNCERTIFIED_MACRO_BIAS,,2025-07-02 00:00:00,2025-07-03 00:00:00,2025-07-04 00:00:00,False,BEARISH,D1-20250703-BEARISH,2025-07-05 00:00:00,False,,False,True,False,True
,BLOCKED_BY_UNCERTIFIED_MACRO_BIAS,,2025-07-03 00:00:00,2025-07-04 00:00:00,2025-07-05 00:00:00,False,BEARISH,D1-20250704-BEARISH,2025-07-08 00:00:00,False,,False,True,False,True
,BLOCKED_BY_UNCERTIFIED_MACRO_BIAS,,2025-07-04 00:00:00,2025-07-07 00:00:00,2025-07-08 00:00:00,False,BEARISH,D1-20250707-BEARISH,2025-07-09 00:00:00,False,,False,True,False,True
,BLOCKED_BY_UNCERTIFIED_MACRO_BIAS,,2025-07-07 00:00:00,2025-07-08 00:00:00,2025-07-09 00:00:00,False,BEARISH,D1-20250708-BEARISH,2025-07-10 00:00:00,False,,False,True,False,True
,BLOCKED_BY_UNCERTIFIED_MACRO_BIAS,,2025-07-08 00:00:00,2025-07-09 00:00:00,2025-07-10 00:00:00,False,BEARISH,D1-20250709-BEARISH,2025-07-11 00:00:00,False,,False,True,False,True
,BLOCKED_BY_UNCERTIFIED_MACRO_BIAS,,2025-07-09 00:00:00,2025-07-10 00:00:00,2025-07-11 00:00:00,False,BEARISH,D1-20250710-BEARISH,2025-07-12 00:00:00,False,,False,True,False,True
,BLOCKED_BY_UNCERTIFIED_MACRO_BIAS,,2025-07-10 00:00:00,2025-07-11 00:00:00,2025-07-12 00:00:00,False,BEARISH,D1-20250711-BEARISH,2025-07-15 00:00:00,False,,False,True,False,True
,BLOCKED_BY_UNCERTIFIED_MACRO_BIAS,,2025-07-11 00:00:00,2025-07-14 00:00:00,2025-07-15 00:00:00,False,BEARISH,D1-20250714-BEARISH,2025-07-16 00:00:00,False,,False,True,False,True
2025-07-16 00:00:00,BLOCKED_BY_UNCERTIFIED_MACRO_BIAS,0.05452821242294889,2025-07-14 00:00:00,2025-07-15 00:00:00,2025-07-16 00:00:00,True,BEARISH,D1-20250715-BEARISH,2025-07-17 00:00:00,False,2025-07-15 12:00:00,True,True,False,True
,BLOCKED_BY_UNCERTIFIED_MACRO_BIAS,,2025-07-15 00:00:00,2025-07-16 00:00:00,2025-07-17 00:00:00,False,BEARISH,D1-20250716-BEARISH,2025-07-18 00:00:00,False,,False,True,False,True
,BLOCKED_BY_UNCERTIFIED_MACRO_BIAS,,2025-07-16 00:00:00,2025-07-17 00:00:00,2025-07-18 00:00:00,False,BEARISH,D1-20250717-BEARISH,2025-07-19 00:00:00,False,,False,True,False,True
2025-07-19 00:00:00,BLOCKED_BY_UNCERTIFIED_MACRO_BIAS,0.1378091872791651,2025-07-17 00:00:00,2025-07-18 00:00:00,2025-07-19 00:00:00,True,BEARISH,D1-20250718-BEARISH,2025-07-22 00:00:00,False,2025-07-18 12:00:00,True,True,False,True
,BLOCKED_BY_UNCERTIFIED_MACRO_BIAS,,2025-07-18 00:00:00,2025-07-21 00:00:00,2025-07-22 00:00:00,False,BEARISH,D1-20250721-BEARISH,2025-07-23 00:00:00,False,,False,True,False,True
,BLOCKED_BY_UNCERTIFIED_MACRO_BIAS,,2025-07-21 00:00:00,2025-07-22 00:00:00,2025-07-23 00:00:00,False,BEARISH,D1-20250722-BEARISH,2025-07-24 00:00:00,False,,False,True,False,True
,BLOCKED_BY_UNCERTIFIED_MACRO_BIAS,,2025-07-22 00:00:00,2025-07-23 00:00:00,2025-07-24 00:00:00,False,BEARISH,D1-20250723-BEARISH,2025-07-25 00:00:00,False,,False,True,False,True
,BLOCKED_BY_UNCERTIFIED_MACRO_BIAS,0.023377862595426954,2025-07-23 00:00:00,2025-07-24 00:00:00,2025-07-25 00:00:00,True,BEARISH,D1-20250724-BEARISH,2025-07-26 00:00:00,False,,False,True,False,True
,BLOCKED_BY_UNCERTIFIED_MACRO_BIAS,,2025-07-24 00:00:00,2025-07-25 00:00:00,2025-07-26 00:00:00,False,BEARISH,D1-20250725-BEARISH,2025-07-29 00:00:00,False,,False,True,False,True
,BLOCKED_BY_UNCERTIFIED_MACRO_BIAS,,2025-07-25 00:00:00,2025-07-28 00:00:00,2025-07-29 00:00:00,False,BEARISH,D1-20250728-BEARISH,2025-07-30 00:00:00,False,,False,True,False,True
,BLOCKED_BY_UNCERTIFIED_MACRO_BIAS,,2025-07-28 00:00:00,2025-07-29 00:00:00,2025-07-30 00:00:00,False,BEARISH,D1-20250729-BEARISH,2025-07-31 00:00:00,False,,False,True,False,True
,BLOCKED_BY_UNCERTIFIED_MACRO_BIAS,,2025-07-29 00:00:00,2025-07-30 00:00:00,2025-07-31 00:00:00,False,BEARISH,D1-20250730-BEARISH,2025-08-01 00:00:00,False,,False,True,False,True
,BLOCKED_BY_UNCERTIFIED_MACRO_BIAS,,2025-07-30 00:00:00,2025-07-31 00:00:00,2025-08-01 00:00:00,False,BEARISH,D1-20250731-BEARISH,2025-08-02 00:00:00,False,,False,True,False,True
,BLOCKED_BY_UNCERTIFIED_MACRO_BIAS,,2025-08-01 00:00:00,2025-08-04 00:00:00,2025-08-05 00:00:00,False,BEARISH,D1-20250804-BEARISH,2025-08-06 00:00:00,False,,False,True,False,True
,BLOCKED_BY_UNCERTIFIED_MACRO_BIAS,,2025-08-05 00:00:00,2025-08-06 00:00:00,2025-08-07 00:00:00,False,BEARISH,D1-20250806-BEARISH,2025-08-08 00:00:00,False,,False,True,False,True
,BLOCKED_BY_UNCERTIFIED_MACRO_BIAS,,2025-08-06 00:00:00,2025-08-07 00:00:00,2025-08-08 00:00:00,False,BEARISH,D1-20250807-BEARISH,2025-08-09 00:00:00,False,,False,True,False,True
,BLOCKED_BY_UNCERTIFIED_MACRO_BIAS,,2025-08-07 00:00:00,2025-08-08 00:00:00,2025-08-09 00:00:00,False,BEARISH,D1-20250808-BEARISH,2025-08-12 00:00:00,False,,False,True,False,True
,BLOCKED_BY_UNCERTIFIED_MACRO_BIAS,,2025-08-08 00:00:00,2025-08-11 00:00:00,2025-08-12 00:00:00,False,BEARISH,D1-20250811-BEARISH,2025-08-13 00:00:00,False,,False,True,False,True
,BLOCKED_BY_UNCERTIFIED_MACRO_BIAS,,2025-08-11 00:00:00,2025-08-12 00:00:00,2025-08-13 00:00:00,False,BEARISH,D1-20250812-BEARISH,2025-08-14 00:00:00,False,,False,True,False,True
2025-08-14 04:00:00,BLOCKED_BY_UNCERTIFIED_MACRO_BIAS,0.03087960074860071,2025-08-12 00:00:00,2025-08-13 00:00:00,2025-08-14 00:00:00,True,BEARISH,D1-20250813-BEARISH,2025-08-15 00:00:00,False,2025-08-14 04:00:00,True,True,False,True
,BLOCKED_BY_UNCERTIFIED_MACRO_BIAS,,2025-08-13 00:00:00,2025-08-14 00:00:00,2025-08-15 00:00:00,False,BEARISH,D1-20250814-BEARISH,2025-08-16 00:00:00,False,,False,True,False,True
,BLOCKED_BY_UNCERTIFIED_MACRO_BIAS,,2025-08-14 00:00:00,2025-08-15 00:00:00,2025-08-16 00:00:00,False,BEARISH,D1-20250815-BEARISH,2025-08-19 00:00:00,False,,False,True,False,True
,BLOCKED_BY_UNCERTIFIED_MACRO_BIAS,0.30777903043968624,2025-08-15 00:00:00,2025-08-18 00:00:00,2025-08-19 00:00:00,True,BULLISH,D1-20250818-BULLISH,2025-08-20 00:00:00,False,,False,True,False,False
,BLOCKED_BY_UNCERTIFIED_MACRO_BIAS,,2025-08-15 00:00:00,2025-08-18 00:00:00,2025-08-19 00:00:00,False,BEARISH,D1-20250818-BEARISH,2025-08-20 00:00:00,False,,False,True,False,True
,BLOCKED_BY_UNCERTIFIED_MACRO_BIAS,,2025-08-21 00:00:00,2025-08-22 00:00:00,2025-08-23 00:00:00,False,BEARISH,D1-20250822-BEARISH,2025-08-26 00:00:00,False,,False,True,False,True
,BLOCKED_BY_UNCERTIFIED_MACRO_BIAS,,2025-08-22 00:00:00,2025-08-25 00:00:00,2025-08-26 00:00:00,False,BEARISH,D1-20250825-BEARISH,2025-08-27 00:00:00,False,,False,True,False,True
,BLOCKED_BY_UNCERTIFIED_MACRO_BIAS,,2025-08-25 00:00:00,2025-08-26 00:00:00,2025-08-27 00:00:00,False,BEARISH,D1-20250826-BEARISH,2025-08-28 00:00:00,False,,False,True,False,True
,BLOCKED_BY_UNCERTIFIED_MACRO_BIAS,,2025-08-26 00:00:00,2025-08-27 00:00:00,2025-08-28 00:00:00,False,BEARISH,D1-20250827-BEARISH,2025-08-29 00:00:00,False,,False,True,False,True
,BLOCKED_BY_UNCERTIFIED_MACRO_BIAS,,2025-08-27 00:00:00,2025-08-28 00:00:00,2025-08-29 00:00:00,False,BEARISH,D1-20250828-BEARISH,2025-08-30 00:00:00,False,,False,True,False,True
,BLOCKED_BY_UNCERTIFIED_MACRO_BIAS,0.10779661016948906,2025-08-29 00:00:00,2025-09-01 00:00:00,2025-09-02 00:00:00,True,BULLISH,D1-20250901-BULLISH,2025-09-03 00:00:00,False,,False,True,False,False
,BLOCKED_BY_UNCERTIFIED_MACRO_BIAS,,2025-08-29 00:00:00,2025-09-01 00:00:00,2025-09-02 00:00:00,False,BEARISH,D1-20250901-BEARISH,2025-09-03 00:00:00,False,,False,True,False,True
,BLOCKED_BY_UNCERTIFIED_MACRO_BIAS,,2025-09-03 00:00:00,2025-09-04 00:00:00,2025-09-05 00:00:00,False,BEARISH,D1-20250904-BEARISH,2025-09-06 00:00:00,False,,False,True,False,True
,BLOCKED_BY_UNCERTIFIED_MACRO_BIAS,0.15104602510461165,2025-09-04 00:00:00,2025-09-05 00:00:00,2025-09-06 00:00:00,True,BEARISH,D1-20250905-BEARISH,2025-09-09 00:00:00,False,,False,True,False,True
,BLOCKED_BY_UNCERTIFIED_MACRO_BIAS,,2025-09-05 00:00:00,2025-09-08 00:00:00,2025-09-09 00:00:00,False,BEARISH,D1-20250908-BEARISH,2025-09-10 00:00:00,False,,False,True,False,True
,BLOCKED_BY_UNCERTIFIED_MACRO_BIAS,,2025-09-08 00:00:00,2025-09-09 00:00:00,2025-09-10 00:00:00,False,BEARISH,D1-20250909-BEARISH,2025-09-11 00:00:00,False,,False,True,False,True
,BLOCKED_BY_UNCERTIFIED_MACRO_BIAS,0.42259887005651364,2025-09-09 00:00:00,2025-09-10 00:00:00,2025-09-11 00:00:00,True,BEARISH,D1-20250910-BEARISH,2025-09-12 00:00:00,False,,False,True,False,True
,BLOCKED_BY_UNCERTIFIED_MACRO_BIAS,,2025-09-10 00:00:00,2025-09-11 00:00:00,2025-09-12 00:00:00,False,BEARISH,D1-20250911-BEARISH,2025-09-13 00:00:00,False,,False,True,False,True
,BLOCKED_BY_UNCERTIFIED_MACRO_BIAS,,2025-09-11 00:00:00,2025-09-12 00:00:00,2025-09-13 00:00:00,False,BEARISH,D1-20250912-BEARISH,2025-09-16 00:00:00,False,,False,True,False,True
,BLOCKED_BY_UNCERTIFIED_MACRO_BIAS,,2025-09-12 00:00:00,2025-09-15 00:00:00,2025-09-16 00:00:00,False,BEARISH,D1-20250915-BEARISH,2025-09-17 00:00:00,False,,False,True,False,True
,BLOCKED_BY_UNCERTIFIED_MACRO_BIAS,0.006504065040634632,2025-09-15 00:00:00,2025-09-16 00:00:00,2025-09-17 00:00:00,True,BEARISH,D1-20250916-BEARISH,2025-09-18 00:00:00,False,,False,True,False,True
,BLOCKED_BY_UNCERTIFIED_MACRO_BIAS,,2025-09-16 00:00:00,2025-09-17 00:00:00,2025-09-18 00:00:00,False,BEARISH,D1-20250917-BEARISH,2025-09-19 00:00:00,False,,False,True,False,True
,BLOCKED_BY_UNCERTIFIED_MACRO_BIAS,,2025-09-17 00:00:00,2025-09-18 00:00:00,2025-09-19 00:00:00,False,BEARISH,D1-20250918-BEARISH,2025-09-20 00:00:00,False,,False,True,False,True
,BLOCKED_BY_UNCERTIFIED_MACRO_BIAS,,2025-09-18 00:00:00,2025-09-19 00:00:00,2025-09-20 00:00:00,False,BEARISH,D1-20250919-BEARISH,2025-09-23 00:00:00,False,,False,True,False,True
,BLOCKED_BY_UNCERTIFIED_MACRO_BIAS,,2025-09-19 00:00:00,2025-09-22 00:00:00,2025-09-23 00:00:00,False,BEARISH,D1-20250922-BEARISH,2025-09-24 00:00:00,False,,False,True,False,True
,BLOCKED_BY_UNCERTIFIED_MACRO_BIAS,,2025-09-22 00:00:00,2025-09-23 00:00:00,2025-09-24 00:00:00,False,BEARISH,D1-20250923-BEARISH,2025-09-25 00:00:00,False,,False,True,False,True
,BLOCKED_BY_UNCERTIFIED_MACRO_BIAS,,2025-09-23 00:00:00,2025-09-24 00:00:00,2025-09-25 00:00:00,False,BEARISH,D1-20250924-BEARISH,2025-09-26 00:00:00,False,,False,True,False,True
,BLOCKED_BY_UNCERTIFIED_MACRO_BIAS,,2025-09-24 00:00:00,2025-09-25 00:00:00,2025-09-26 00:00:00,False,BEARISH,D1-20250925-BEARISH,2025-09-27 00:00:00,False,,False,True,False,True
,BLOCKED_BY_UNCERTIFIED_MACRO_BIAS,,2025-09-25 00:00:00,2025-09-26 00:00:00,2025-09-27 00:00:00,False,BEARISH,D1-20250926-BEARISH,2025-09-30 00:00:00,False,,False,True,False,True
,BLOCKED_BY_UNCERTIFIED_MACRO_BIAS,,2025-09-26 00:00:00,2025-09-29 00:00:00,2025-09-30 00:00:00,False,BEARISH,D1-20250929-BEARISH,2025-10-01 00:00:00,False,,False,True,False,True
,BLOCKED_BY_UNCERTIFIED_MACRO_BIAS,,2025-09-29 00:00:00,2025-09-30 00:00:00,2025-10-01 00:00:00,False,BEARISH,D1-20250930-BEARISH,2025-10-02 00:00:00,False,,False,True,False,True
,BLOCKED_BY_UNCERTIFIED_MACRO_BIAS,,2025-09-30 00:00:00,2025-10-01 00:00:00,2025-10-02 00:00:00,False,BEARISH,D1-20251001-BEARISH,2025-10-03 00:00:00,False,,False,True,False,True
,BLOCKED_BY_UNCERTIFIED_MACRO_BIAS,,2025-10-01 00:00:00,2025-10-02 00:00:00,2025-10-03 00:00:00,False,BEARISH,D1-20251002-BEARISH,2025-10-04 00:00:00,False,,False,True,False,True
,BLOCKED_BY_UNCERTIFIED_MACRO_BIAS,,2025-10-02 00:00:00,2025-10-03 00:00:00,2025-10-04 00:00:00,False,BEARISH,D1-20251003-BEARISH,2025-10-07 00:00:00,False,,False,True,False,True
,BLOCKED_BY_UNCERTIFIED_MACRO_BIAS,,2025-10-03 00:00:00,2025-10-06 00:00:00,2025-10-07 00:00:00,False,BEARISH,D1-20251006-BEARISH,2025-10-08 00:00:00,False,,False,True,False,True
,BLOCKED_BY_UNCERTIFIED_MACRO_BIAS,,2025-10-06 00:00:00,2025-10-07 00:00:00,2025-10-08 00:00:00,False,BEARISH,D1-20251007-BEARISH,2025-10-09 00:00:00,False,,False,True,False,True
,BLOCKED_BY_UNCERTIFIED_MACRO_BIAS,,2025-10-07 00:00:00,2025-10-08 00:00:00,2025-10-09 00:00:00,False,BEARISH,D1-20251008-BEARISH,2025-10-10 00:00:00,False,,False,True,False,True
,BLOCKED_BY_UNCERTIFIED_MACRO_BIAS,0.22912423625254413,2025-10-08 00:00:00,2025-10-09 00:00:00,2025-10-10 00:00:00,True,BEARISH,D1-20251009-BEARISH,2025-10-11 00:00:00,False,,False,True,False,True
,BLOCKED_BY_UNCERTIFIED_MACRO_BIAS,,2025-10-10 00:00:00,2025-10-13 00:00:00,2025-10-14 00:00:00,False,BEARISH,D1-20251013-BEARISH,2025-10-15 00:00:00,False,,False,True,False,True
,BLOCKED_BY_UNCERTIFIED_MACRO_BIAS,,2025-10-13 00:00:00,2025-10-14 00:00:00,2025-10-15 00:00:00,False,BEARISH,D1-20251014-BEARISH,2025-10-16 00:00:00,False,,False,True,False,True
,BLOCKED_BY_UNCERTIFIED_MACRO_BIAS,,2025-10-14 00:00:00,2025-10-15 00:00:00,2025-10-16 00:00:00,False,BEARISH,D1-20251015-BEARISH,2025-10-17 00:00:00,False,,False,True,False,True
,BLOCKED_BY_UNCERTIFIED_MACRO_BIAS,,2025-10-15 00:00:00,2025-10-16 00:00:00,2025-10-17 00:00:00,False,BEARISH,D1-20251016-BEARISH,2025-10-18 00:00:00,False,,False,True,False,True
,BLOCKED_BY_UNCERTIFIED_MACRO_BIAS,,2025-10-16 00:00:00,2025-10-17 00:00:00,2025-10-18 00:00:00,False,BEARISH,D1-20251017-BEARISH,2025-10-21 00:00:00,False,,False,True,False,True
,BLOCKED_BY_UNCERTIFIED_MACRO_BIAS,,2025-10-17 00:00:00,2025-10-20 00:00:00,2025-10-21 00:00:00,False,BEARISH,D1-20251020-BEARISH,2025-10-22 00:00:00,False,,False,True,False,True
2025-10-22 00:00:00,BLOCKED_BY_UNCERTIFIED_MACRO_BIAS,0.2607944732296986,2025-10-20 00:00:00,2025-10-21 00:00:00,2025-10-22 00:00:00,True,BEARISH,D1-20251021-BEARISH,2025-10-23 00:00:00,False,2025-10-21 20:00:00,True,True,False,True
,BLOCKED_BY_UNCERTIFIED_MACRO_BIAS,,2025-10-21 00:00:00,2025-10-22 00:00:00,2025-10-23 00:00:00,False,BEARISH,D1-20251022-BEARISH,2025-10-24 00:00:00,False,,False,True,False,True
,BLOCKED_BY_UNCERTIFIED_MACRO_BIAS,,2025-10-22 00:00:00,2025-10-23 00:00:00,2025-10-24 00:00:00,False,BEARISH,D1-20251023-BEARISH,2025-10-25 00:00:00,False,,False,True,False,True
,BLOCKED_BY_UNCERTIFIED_MACRO_BIAS,,2025-10-23 00:00:00,2025-10-24 00:00:00,2025-10-25 00:00:00,False,BEARISH,D1-20251024-BEARISH,2025-10-28 00:00:00,False,,False,True,False,True
,BLOCKED_BY_UNCERTIFIED_MACRO_BIAS,,2025-10-24 00:00:00,2025-10-27 00:00:00,2025-10-28 00:00:00,False,BEARISH,D1-20251027-BEARISH,2025-10-29 00:00:00,False,,False,True,False,True
,BLOCKED_BY_UNCERTIFIED_MACRO_BIAS,,2025-10-27 00:00:00,2025-10-28 00:00:00,2025-10-29 00:00:00,False,BEARISH,D1-20251028-BEARISH,2025-10-30 00:00:00,False,,False,True,False,True
,BLOCKED_BY_UNCERTIFIED_MACRO_BIAS,0.2810902896081795,2025-10-28 00:00:00,2025-10-29 00:00:00,2025-10-30 00:00:00,True,BEARISH,D1-20251029-BEARISH,2025-10-31 00:00:00,False,,False,True,False,True
,BLOCKED_BY_UNCERTIFIED_MACRO_BIAS,,2025-10-29 00:00:00,2025-10-30 00:00:00,2025-10-31 00:00:00,False,BEARISH,D1-20251030-BEARISH,2025-11-01 00:00:00,False,,False,True,False,True
,BLOCKED_BY_UNCERTIFIED_MACRO_BIAS,,2025-10-30 00:00:00,2025-10-31 00:00:00,2025-11-01 00:00:00,False,BEARISH,D1-20251031-BEARISH,2025-11-04 00:00:00,False,,False,True,False,True
,BLOCKED_BY_UNCERTIFIED_MACRO_BIAS,,2025-10-31 00:00:00,2025-11-03 00:00:00,2025-11-04 00:00:00,False,BEARISH,D1-20251103-BEARISH,2025-11-05 00:00:00,False,,False,True,False,True
,BLOCKED_BY_UNCERTIFIED_MACRO_BIAS,,2025-11-03 00:00:00,2025-11-04 00:00:00,2025-11-05 00:00:00,False,BEARISH,D1-20251104-BEARISH,2025-11-06 00:00:00,False,,False,True,False,True
,BLOCKED_BY_UNCERTIFIED_MACRO_BIAS,0.3248096818270578,2025-11-04 00:00:00,2025-11-05 00:00:00,2025-11-06 00:00:00,True,BULLISH,D1-20251105-BULLISH,2025-11-07 00:00:00,False,,False,True,False,False
,BLOCKED_BY_UNCERTIFIED_MACRO_BIAS,,2025-11-04 00:00:00,2025-11-05 00:00:00,2025-11-06 00:00:00,False,BEARISH,D1-20251105-BEARISH,2025-11-07 00:00:00,False,,False,True,False,True
,BLOCKED_BY_UNCERTIFIED_MACRO_BIAS,0.1497706422018332,2025-11-06 00:00:00,2025-11-07 00:00:00,2025-11-08 00:00:00,True,BULLISH,D1-20251107-BULLISH,2025-11-11 00:00:00,False,,False,True,False,False
,BLOCKED_BY_UNCERTIFIED_MACRO_BIAS,,2025-11-07 00:00:00,2025-11-10 00:00:00,2025-11-11 00:00:00,False,BEARISH,D1-20251110-BEARISH,2025-11-12 00:00:00,False,,False,True,False,True
,BLOCKED_BY_UNCERTIFIED_MACRO_BIAS,0.2064245810055805,2025-11-10 00:00:00,2025-11-11 00:00:00,2025-11-12 00:00:00,True,BEARISH,D1-20251111-BEARISH,2025-11-13 00:00:00,False,,False,True,False,True
,BLOCKED_BY_UNCERTIFIED_MACRO_BIAS,,2025-11-11 00:00:00,2025-11-12 00:00:00,2025-11-13 00:00:00,False,BEARISH,D1-20251112-BEARISH,2025-11-14 00:00:00,False,,False,True,False,True
,BLOCKED_BY_UNCERTIFIED_MACRO_BIAS,0.05082568807339583,2025-11-13 00:00:00,2025-11-14 00:00:00,2025-11-15 00:00:00,True,BULLISH,D1-20251114-BULLISH,2025-11-18 00:00:00,False,,False,True,False,False
,BLOCKED_BY_UNCERTIFIED_MACRO_BIAS,0.26988222097588577,2025-11-20 00:00:00,2025-11-21 00:00:00,2025-11-22 00:00:00,True,BULLISH,D1-20251121-BULLISH,2025-11-25 00:00:00,False,,False,True,False,False
,BLOCKED_BY_UNCERTIFIED_MACRO_BIAS,,2025-11-24 00:00:00,2025-11-25 00:00:00,2025-11-26 00:00:00,False,BEARISH,D1-20251125-BEARISH,2025-11-27 00:00:00,False,,False,True,False,True
,BLOCKED_BY_UNCERTIFIED_MACRO_BIAS,,2025-11-25 00:00:00,2025-11-26 00:00:00,2025-11-27 00:00:00,False,BEARISH,D1-20251126-BEARISH,2025-11-28 00:00:00,False,,False,True,False,True
,BLOCKED_BY_UNCERTIFIED_MACRO_BIAS,,2025-11-26 00:00:00,2025-11-27 00:00:00,2025-11-28 00:00:00,False,BEARISH,D1-20251127-BEARISH,2025-11-29 00:00:00,False,,False,True,False,True
,BLOCKED_BY_UNCERTIFIED_MACRO_BIAS,,2025-11-27 00:00:00,2025-11-28 00:00:00,2025-11-29 00:00:00,False,BEARISH,D1-20251128-BEARISH,2025-12-02 00:00:00,False,,False,True,False,True
,BLOCKED_BY_UNCERTIFIED_MACRO_BIAS,,2025-11-28 00:00:00,2025-12-01 00:00:00,2025-12-02 00:00:00,False,BEARISH,D1-20251201-BEARISH,2025-12-03 00:00:00,False,,False,True,False,True
,BLOCKED_BY_UNCERTIFIED_MACRO_BIAS,,2025-12-01 00:00:00,2025-12-02 00:00:00,2025-12-03 00:00:00,False,BEARISH,D1-20251202-BEARISH,2025-12-04 00:00:00,False,,False,True,False,True
,BLOCKED_BY_UNCERTIFIED_MACRO_BIAS,0.08857442348007276,2025-12-02 00:00:00,2025-12-03 00:00:00,2025-12-04 00:00:00,True,BEARISH,D1-20251203-BEARISH,2025-12-05 00:00:00,False,,False,True,False,True
,BLOCKED_BY_UNCERTIFIED_MACRO_BIAS,,2025-12-03 00:00:00,2025-12-04 00:00:00,2025-12-05 00:00:00,False,BEARISH,D1-20251204-BEARISH,2025-12-06 00:00:00,False,,False,True,False,True
,BLOCKED_BY_UNCERTIFIED_MACRO_BIAS,,2025-12-04 00:00:00,2025-12-05 00:00:00,2025-12-06 00:00:00,False,BEARISH,D1-20251205-BEARISH,2025-12-09 00:00:00,False,,False,True,False,True
,BLOCKED_BY_UNCERTIFIED_MACRO_BIAS,0.4927835051546692,2025-12-05 00:00:00,2025-12-08 00:00:00,2025-12-09 00:00:00,True,BEARISH,D1-20251208-BEARISH,2025-12-10 00:00:00,False,,False,True,False,True
,BLOCKED_BY_UNCERTIFIED_MACRO_BIAS,,2025-12-08 00:00:00,2025-12-09 00:00:00,2025-12-10 00:00:00,False,BEARISH,D1-20251209-BEARISH,2025-12-11 00:00:00,False,,False,True,False,True
,BLOCKED_BY_UNCERTIFIED_MACRO_BIAS,,2025-12-09 00:00:00,2025-12-10 00:00:00,2025-12-11 00:00:00,False,BEARISH,D1-20251210-BEARISH,2025-12-12 00:00:00,False,,False,True,False,True
,BLOCKED_BY_UNCERTIFIED_MACRO_BIAS,,2025-12-10 00:00:00,2025-12-11 00:00:00,2025-12-12 00:00:00,False,BEARISH,D1-20251211-BEARISH,2025-12-13 00:00:00,False,,False,True,False,True
,BLOCKED_BY_UNCERTIFIED_MACRO_BIAS,0.18333333333332177,2025-12-15 00:00:00,2025-12-16 00:00:00,2025-12-17 00:00:00,True,BULLISH,D1-20251216-BULLISH,2025-12-18 00:00:00,False,,False,True,False,False
,BLOCKED_BY_UNCERTIFIED_MACRO_BIAS,,2025-12-18 00:00:00,2025-12-19 00:00:00,2025-12-20 00:00:00,False,BEARISH,D1-20251219-BEARISH,2025-12-23 00:00:00,False,,False,True,False,True
,BLOCKED_BY_UNCERTIFIED_MACRO_BIAS,,2025-12-19 00:00:00,2025-12-22 00:00:00,2025-12-23 00:00:00,False,BEARISH,D1-20251222-BEARISH,2025-12-24 00:00:00,False,,False,True,False,True
,BLOCKED_BY_UNCERTIFIED_MACRO_BIAS,,2025-12-22 00:00:00,2025-12-23 00:00:00,2025-12-24 00:00:00,False,BEARISH,D1-20251223-BEARISH,2025-12-25 00:00:00,False,,False,True,False,True
,BLOCKED_BY_UNCERTIFIED_MACRO_BIAS,,2025-12-23 00:00:00,2025-12-24 00:00:00,2025-12-25 00:00:00,False,BEARISH,D1-20251224-BEARISH,2025-12-27 00:00:00,False,,False,True,False,True
,BLOCKED_BY_UNCERTIFIED_MACRO_BIAS,0.039745627980921176,2025-12-24 00:00:00,2025-12-26 00:00:00,2025-12-27 00:00:00,True,BEARISH,D1-20251226-BEARISH,2025-12-30 00:00:00,False,,False,True,False,True
,BLOCKED_BY_UNCERTIFIED_MACRO_BIAS,,2025-12-26 00:00:00,2025-12-29 00:00:00,2025-12-30 00:00:00,False,BEARISH,D1-20251229-BEARISH,2025-12-31 00:00:00,False,,False,True,False,True
,BLOCKED_BY_UNCERTIFIED_MACRO_BIAS,,2025-12-29 00:00:00,2025-12-30 00:00:00,2025-12-31 00:00:00,False,BEARISH,D1-20251230-BEARISH,2026-01-01 00:00:00,False,,False,True,False,True
,BLOCKED_BY_UNCERTIFIED_MACRO_BIAS,,2026-01-02 00:00:00,2026-01-05 00:00:00,2026-01-06 00:00:00,False,BEARISH,D1-20260105-BEARISH,2026-01-07 00:00:00,False,,False,True,False,True
,BLOCKED_BY_UNCERTIFIED_MACRO_BIAS,,2026-01-05 00:00:00,2026-01-06 00:00:00,2026-01-07 00:00:00,False,BEARISH,D1-20260106-BEARISH,2026-01-08 00:00:00,False,,False,True,False,True
,BLOCKED_BY_UNCERTIFIED_MACRO_BIAS,,2026-01-06 00:00:00,2026-01-07 00:00:00,2026-01-08 00:00:00,False,BEARISH,D1-20260107-BEARISH,2026-01-09 00:00:00,False,,False,True,False,True
,BLOCKED_BY_UNCERTIFIED_MACRO_BIAS,,2026-01-07 00:00:00,2026-01-08 00:00:00,2026-01-09 00:00:00,False,BEARISH,D1-20260108-BEARISH,2026-01-10 00:00:00,False,,False,True,False,True
,BLOCKED_BY_UNCERTIFIED_MACRO_BIAS,,2026-01-08 00:00:00,2026-01-09 00:00:00,2026-01-10 00:00:00,False,BEARISH,D1-20260109-BEARISH,2026-01-13 00:00:00,False,,False,True,False,True
2026-01-13 00:00:00,BLOCKED_BY_UNCERTIFIED_MACRO_BIAS,0.05463182897862233,2026-01-09 00:00:00,2026-01-12 00:00:00,2026-01-13 00:00:00,True,BEARISH,D1-20260112-BEARISH,2026-01-14 00:00:00,False,2026-01-13 00:00:00,True,True,False,True
,BLOCKED_BY_UNCERTIFIED_MACRO_BIAS,,2026-01-12 00:00:00,2026-01-13 00:00:00,2026-01-14 00:00:00,False,BEARISH,D1-20260113-BEARISH,2026-01-15 00:00:00,False,,False,True,False,True
,BLOCKED_BY_UNCERTIFIED_MACRO_BIAS,,2026-01-14 00:00:00,2026-01-15 00:00:00,2026-01-16 00:00:00,False,BEARISH,D1-20260115-BEARISH,2026-01-17 00:00:00,False,,False,True,False,True
,BLOCKED_BY_UNCERTIFIED_MACRO_BIAS,,2026-01-15 00:00:00,2026-01-16 00:00:00,2026-01-17 00:00:00,False,BEARISH,D1-20260116-BEARISH,2026-01-20 00:00:00,False,,False,True,False,True
,BLOCKED_BY_UNCERTIFIED_MACRO_BIAS,0.20483602001111972,2026-01-21 00:00:00,2026-01-22 00:00:00,2026-01-23 00:00:00,True,BEARISH,D1-20260122-BEARISH,2026-01-24 00:00:00,False,,False,True,False,True
,BLOCKED_BY_UNCERTIFIED_MACRO_BIAS,,2026-01-22 00:00:00,2026-01-23 00:00:00,2026-01-24 00:00:00,False,BEARISH,D1-20260123-BEARISH,2026-01-27 00:00:00,False,,False,True,False,True
,BLOCKED_BY_UNCERTIFIED_MACRO_BIAS,,2026-01-23 00:00:00,2026-01-26 00:00:00,2026-01-27 00:00:00,False,BEARISH,D1-20260126-BEARISH,2026-01-28 00:00:00,False,,False,True,False,True
,BLOCKED_BY_UNCERTIFIED_MACRO_BIAS,,2026-01-26 00:00:00,2026-01-27 00:00:00,2026-01-28 00:00:00,False,BEARISH,D1-20260127-BEARISH,2026-01-29 00:00:00,False,,False,True,False,True
,BLOCKED_BY_UNCERTIFIED_MACRO_BIAS,,2026-01-27 00:00:00,2026-01-28 00:00:00,2026-01-29 00:00:00,False,BEARISH,D1-20260128-BEARISH,2026-01-30 00:00:00,False,,False,True,False,True
,BLOCKED_BY_UNCERTIFIED_MACRO_BIAS,,2026-01-28 00:00:00,2026-01-29 00:00:00,2026-01-30 00:00:00,False,BEARISH,D1-20260129-BEARISH,2026-01-31 00:00:00,False,,False,True,False,True
,BLOCKED_BY_UNCERTIFIED_MACRO_BIAS,,2026-01-30 00:00:00,2026-02-02 00:00:00,2026-02-03 00:00:00,False,BEARISH,D1-20260202-BEARISH,2026-02-04 00:00:00,False,,False,True,False,True
,BLOCKED_BY_UNCERTIFIED_MACRO_BIAS,,2026-02-09 00:00:00,2026-02-10 00:00:00,2026-02-11 00:00:00,False,BULLISH,D1-20260210-BULLISH,2026-02-12 00:00:00,False,,False,True,False,True
,BLOCKED_BY_UNCERTIFIED_MACRO_BIAS,0.2125,2026-02-10 00:00:00,2026-02-11 00:00:00,2026-02-12 00:00:00,True,BULLISH,D1-20260211-BULLISH,2026-02-13 00:00:00,False,,False,True,False,True
,BLOCKED_BY_UNCERTIFIED_MACRO_BIAS,,2026-02-11 00:00:00,2026-02-12 00:00:00,2026-02-13 00:00:00,False,BULLISH,D1-20260212-BULLISH,2026-02-14 00:00:00,False,,False,True,False,True
,BLOCKED_BY_UNCERTIFIED_MACRO_BIAS,0.11534299935078866,2026-02-12 00:00:00,2026-02-13 00:00:00,2026-02-14 00:00:00,True,BULLISH,D1-20260213-BULLISH,2026-02-17 00:00:00,False,,False,True,False,True
,BLOCKED_BY_UNCERTIFIED_MACRO_BIAS,,2026-02-13 00:00:00,2026-02-16 00:00:00,2026-02-17 00:00:00,False,BULLISH,D1-20260216-BULLISH,2026-02-18 00:00:00,False,,False,True,False,True
,BLOCKED_BY_UNCERTIFIED_MACRO_BIAS,0.06657963446473422,2026-02-16 00:00:00,2026-02-17 00:00:00,2026-02-18 00:00:00,True,BULLISH,D1-20260217-BULLISH,2026-02-19 00:00:00,False,,False,True,False,True
,BLOCKED_BY_UNCERTIFIED_MACRO_BIAS,,2026-02-17 00:00:00,2026-02-18 00:00:00,2026-02-19 00:00:00,False,BULLISH,D1-20260218-BULLISH,2026-02-20 00:00:00,False,,False,True,False,True
,BLOCKED_BY_UNCERTIFIED_MACRO_BIAS,,2026-02-18 00:00:00,2026-02-19 00:00:00,2026-02-20 00:00:00,False,BULLISH,D1-20260219-BULLISH,2026-02-21 00:00:00,False,,False,True,False,True
,BLOCKED_BY_UNCERTIFIED_MACRO_BIAS,,2026-02-19 00:00:00,2026-02-20 00:00:00,2026-02-21 00:00:00,False,BULLISH,D1-20260220-BULLISH,2026-02-24 00:00:00,False,,False,True,False,True
,BLOCKED_BY_UNCERTIFIED_MACRO_BIAS,,2026-02-20 00:00:00,2026-02-23 00:00:00,2026-02-24 00:00:00,False,BULLISH,D1-20260223-BULLISH,2026-02-25 00:00:00,False,,False,True,False,True
,BLOCKED_BY_UNCERTIFIED_MACRO_BIAS,,2026-02-23 00:00:00,2026-02-24 00:00:00,2026-02-25 00:00:00,False,BULLISH,D1-20260224-BULLISH,2026-02-26 00:00:00,False,,False,True,False,True
,BLOCKED_BY_UNCERTIFIED_MACRO_BIAS,,2026-02-25 00:00:00,2026-02-26 00:00:00,2026-02-27 00:00:00,False,BULLISH,D1-20260226-BULLISH,2026-02-28 00:00:00,False,,False,True,False,True
2026-02-28 00:00:00,BLOCKED_BY_UNCERTIFIED_MACRO_BIAS,0.19558535903883886,2026-02-26 00:00:00,2026-02-27 00:00:00,2026-02-28 00:00:00,True,BULLISH,D1-20260227-BULLISH,2026-03-03 00:00:00,False,2026-02-27 20:00:00,True,True,False,True
,BLOCKED_BY_UNCERTIFIED_MACRO_BIAS,,2026-02-27 00:00:00,2026-03-02 00:00:00,2026-03-03 00:00:00,False,BULLISH,D1-20260302-BULLISH,2026-03-04 00:00:00,False,,False,True,False,True
,BLOCKED_BY_UNCERTIFIED_MACRO_BIAS,,2026-03-02 00:00:00,2026-03-03 00:00:00,2026-03-04 00:00:00,False,BULLISH,D1-20260303-BULLISH,2026-03-05 00:00:00,False,,False,True,False,True
,BLOCKED_BY_UNCERTIFIED_MACRO_BIAS,,2026-03-04 00:00:00,2026-03-05 00:00:00,2026-03-06 00:00:00,False,BULLISH,D1-20260305-BULLISH,2026-03-07 00:00:00,False,,False,True,False,True
,BLOCKED_BY_UNCERTIFIED_MACRO_BIAS,0.36551404038059754,2026-03-04 00:00:00,2026-03-05 00:00:00,2026-03-06 00:00:00,True,BEARISH,D1-20260305-BEARISH,2026-03-07 00:00:00,False,,False,True,False,False
,BLOCKED_BY_UNCERTIFIED_MACRO_BIAS,,2026-03-05 00:00:00,2026-03-06 00:00:00,2026-03-07 00:00:00,False,BULLISH,D1-20260306-BULLISH,2026-03-10 00:00:00,False,,False,True,False,True
,BLOCKED_BY_UNCERTIFIED_MACRO_BIAS,,2026-03-06 00:00:00,2026-03-09 00:00:00,2026-03-10 00:00:00,False,BULLISH,D1-20260309-BULLISH,2026-03-11 00:00:00,False,,False,True,False,True
,BLOCKED_BY_UNCERTIFIED_MACRO_BIAS,0.06909021697753935,2026-03-09 00:00:00,2026-03-10 00:00:00,2026-03-11 00:00:00,True,BEARISH,D1-20260310-BEARISH,2026-03-12 00:00:00,False,,False,True,False,False
,BLOCKED_BY_UNCERTIFIED_MACRO_BIAS,,2026-03-10 00:00:00,2026-03-11 00:00:00,2026-03-12 00:00:00,False,BULLISH,D1-20260311-BULLISH,2026-03-13 00:00:00,False,,False,True,False,True
,BLOCKED_BY_UNCERTIFIED_MACRO_BIAS,,2026-03-11 00:00:00,2026-03-12 00:00:00,2026-03-13 00:00:00,False,BULLISH,D1-20260312-BULLISH,2026-03-14 00:00:00,False,,False,True,False,True
,BLOCKED_BY_UNCERTIFIED_MACRO_BIAS,,2026-03-12 00:00:00,2026-03-13 00:00:00,2026-03-14 00:00:00,False,BULLISH,D1-20260313-BULLISH,2026-03-17 00:00:00,False,,False,True,False,True
,BLOCKED_BY_UNCERTIFIED_MACRO_BIAS,,2026-03-13 00:00:00,2026-03-16 00:00:00,2026-03-17 00:00:00,False,BULLISH,D1-20260316-BULLISH,2026-03-18 00:00:00,False,,False,True,False,True
,BLOCKED_BY_UNCERTIFIED_MACRO_BIAS,,2026-03-16 00:00:00,2026-03-17 00:00:00,2026-03-18 00:00:00,False,BULLISH,D1-20260317-BULLISH,2026-03-19 00:00:00,False,,False,True,False,True
,BLOCKED_BY_UNCERTIFIED_MACRO_BIAS,0.42388059701492536,2026-03-16 00:00:00,2026-03-17 00:00:00,2026-03-18 00:00:00,True,BEARISH,D1-20260317-BEARISH,2026-03-19 00:00:00,False,,False,True,False,False
,BLOCKED_BY_UNCERTIFIED_MACRO_BIAS,,2026-03-17 00:00:00,2026-03-18 00:00:00,2026-03-19 00:00:00,False,BULLISH,D1-20260318-BULLISH,2026-03-20 00:00:00,False,,False,True,False,True
2026-03-20 00:00:00,BLOCKED_BY_UNCERTIFIED_MACRO_BIAS,0.02064610153024043,2026-03-18 00:00:00,2026-03-19 00:00:00,2026-03-20 00:00:00,True,BULLISH,D1-20260319-BULLISH,2026-03-21 00:00:00,False,2026-03-19 20:00:00,True,True,False,True
,BLOCKED_BY_UNCERTIFIED_MACRO_BIAS,,2026-03-19 00:00:00,2026-03-20 00:00:00,2026-03-21 00:00:00,False,BULLISH,D1-20260320-BULLISH,2026-03-24 00:00:00,False,,False,True,False,True
,BLOCKED_BY_UNCERTIFIED_MACRO_BIAS,,2026-03-20 00:00:00,2026-03-23 00:00:00,2026-03-24 00:00:00,False,BULLISH,D1-20260323-BULLISH,2026-03-25 00:00:00,False,,False,True,False,True
,BLOCKED_BY_UNCERTIFIED_MACRO_BIAS,,2026-03-23 00:00:00,2026-03-24 00:00:00,2026-03-25 00:00:00,False,BULLISH,D1-20260324-BULLISH,2026-03-26 00:00:00,False,,False,True,False,True
,BLOCKED_BY_UNCERTIFIED_MACRO_BIAS,,2026-03-24 00:00:00,2026-03-25 00:00:00,2026-03-26 00:00:00,False,BULLISH,D1-20260325-BULLISH,2026-03-27 00:00:00,False,,False,True,False,True
,BLOCKED_BY_UNCERTIFIED_MACRO_BIAS,,2026-03-25 00:00:00,2026-03-26 00:00:00,2026-03-27 00:00:00,False,BULLISH,D1-20260326-BULLISH,2026-03-28 00:00:00,False,,False,True,False,True
,BLOCKED_BY_UNCERTIFIED_MACRO_BIAS,,2026-03-26 00:00:00,2026-03-27 00:00:00,2026-03-28 00:00:00,False,BULLISH,D1-20260327-BULLISH,2026-03-31 00:00:00,False,,False,True,False,True
,BLOCKED_BY_UNCERTIFIED_MACRO_BIAS,,2026-03-27 00:00:00,2026-03-30 00:00:00,2026-03-31 00:00:00,False,BULLISH,D1-20260330-BULLISH,2026-04-01 00:00:00,False,,False,True,False,True
,BLOCKED_BY_UNCERTIFIED_MACRO_BIAS,,2026-03-30 00:00:00,2026-03-31 00:00:00,2026-04-01 00:00:00,False,BULLISH,D1-20260331-BULLISH,2026-04-02 00:00:00,False,,False,True,False,True
,BLOCKED_BY_UNCERTIFIED_MACRO_BIAS,,2026-03-31 00:00:00,2026-04-01 00:00:00,2026-04-02 00:00:00,False,BULLISH,D1-20260401-BULLISH,2026-04-03 00:00:00,False,,False,True,False,True
,BLOCKED_BY_UNCERTIFIED_MACRO_BIAS,,2026-04-01 00:00:00,2026-04-02 00:00:00,2026-04-03 00:00:00,False,BULLISH,D1-20260402-BULLISH,2026-04-04 00:00:00,False,,False,True,False,True
,BLOCKED_BY_UNCERTIFIED_MACRO_BIAS,,2026-04-02 00:00:00,2026-04-03 00:00:00,2026-04-04 00:00:00,False,BULLISH,D1-20260403-BULLISH,2026-04-07 00:00:00,False,,False,True,False,True
,BLOCKED_BY_UNCERTIFIED_MACRO_BIAS,0.1693834160170062,2026-04-06 00:00:00,2026-04-07 00:00:00,2026-04-08 00:00:00,True,BEARISH,D1-20260407-BEARISH,2026-04-09 00:00:00,False,,False,True,False,False
,BLOCKED_BY_UNCERTIFIED_MACRO_BIAS,0.3927214557088623,2026-04-08 00:00:00,2026-04-09 00:00:00,2026-04-10 00:00:00,True,BEARISH,D1-20260409-BEARISH,2026-04-11 00:00:00,False,,False,True,False,False
,BLOCKED_BY_UNCERTIFIED_MACRO_BIAS,,2026-04-14 00:00:00,2026-04-15 00:00:00,2026-04-16 00:00:00,False,BEARISH,D1-20260415-BEARISH,2026-04-17 00:00:00,False,,False,True,False,True
,BLOCKED_BY_UNCERTIFIED_MACRO_BIAS,,2026-04-15 00:00:00,2026-04-16 00:00:00,2026-04-17 00:00:00,False,BEARISH,D1-20260416-BEARISH,2026-04-18 00:00:00,False,,False,True,False,True
,BLOCKED_BY_UNCERTIFIED_MACRO_BIAS,,2026-04-16 00:00:00,2026-04-17 00:00:00,2026-04-18 00:00:00,False,BEARISH,D1-20260417-BEARISH,2026-04-21 00:00:00,False,,False,True,False,True
,BLOCKED_BY_UNCERTIFIED_MACRO_BIAS,,2026-04-17 00:00:00,2026-04-20 00:00:00,2026-04-21 00:00:00,False,BEARISH,D1-20260420-BEARISH,2026-04-22 00:00:00,False,,False,True,False,True
2026-04-22 00:00:00,BLOCKED_BY_UNCERTIFIED_MACRO_BIAS,0.13850129198966032,2026-04-20 00:00:00,2026-04-21 00:00:00,2026-04-22 00:00:00,True,BEARISH,D1-20260421-BEARISH,2026-04-23 00:00:00,False,2026-04-21 08:00:00,True,True,False,True
,BLOCKED_BY_UNCERTIFIED_MACRO_BIAS,,2026-04-21 00:00:00,2026-04-22 00:00:00,2026-04-23 00:00:00,False,BEARISH,D1-20260422-BEARISH,2026-04-24 00:00:00,False,,False,True,False,True
,BLOCKED_BY_UNCERTIFIED_MACRO_BIAS,0.3327107790821798,2026-04-22 00:00:00,2026-04-23 00:00:00,2026-04-24 00:00:00,True,BEARISH,D1-20260423-BEARISH,2026-04-25 00:00:00,False,,False,True,False,True
,BLOCKED_BY_UNCERTIFIED_MACRO_BIAS,,2026-04-23 00:00:00,2026-04-24 00:00:00,2026-04-25 00:00:00,False,BEARISH,D1-20260424-BEARISH,2026-04-28 00:00:00,False,,False,True,False,True
,BLOCKED_BY_UNCERTIFIED_MACRO_BIAS,0.05762554964128188,2026-04-24 00:00:00,2026-04-27 00:00:00,2026-04-28 00:00:00,True,BEARISH,D1-20260427-BEARISH,2026-04-29 00:00:00,False,,False,True,False,True
,BLOCKED_BY_UNCERTIFIED_MACRO_BIAS,,2026-04-27 00:00:00,2026-04-28 00:00:00,2026-04-29 00:00:00,False,BEARISH,D1-20260428-BEARISH,2026-04-30 00:00:00,False,,False,True,False,True
,BLOCKED_BY_UNCERTIFIED_MACRO_BIAS,,2026-04-28 00:00:00,2026-04-29 00:00:00,2026-04-30 00:00:00,False,BEARISH,D1-20260429-BEARISH,2026-05-01 00:00:00,False,,False,True,False,True
,BLOCKED_BY_UNCERTIFIED_MACRO_BIAS,,2026-04-29 00:00:00,2026-04-30 00:00:00,2026-05-01 00:00:00,False,BEARISH,D1-20260430-BEARISH,2026-05-02 00:00:00,False,,False,True,False,True
,BLOCKED_BY_UNCERTIFIED_MACRO_BIAS,,2026-04-30 00:00:00,2026-05-01 00:00:00,2026-05-02 00:00:00,False,BEARISH,D1-20260501-BEARISH,2026-05-05 00:00:00,False,,False,True,False,True
,BLOCKED_BY_UNCERTIFIED_MACRO_BIAS,,2026-05-01 00:00:00,2026-05-04 00:00:00,2026-05-05 00:00:00,False,BEARISH,D1-20260504-BEARISH,2026-05-06 00:00:00,False,,False,True,False,True
,BLOCKED_BY_UNCERTIFIED_MACRO_BIAS,,2026-05-04 00:00:00,2026-05-05 00:00:00,2026-05-06 00:00:00,False,BEARISH,D1-20260505-BEARISH,2026-05-07 00:00:00,False,,False,True,False,True
,BLOCKED_BY_UNCERTIFIED_MACRO_BIAS,,2026-05-05 00:00:00,2026-05-06 00:00:00,2026-05-07 00:00:00,False,BEARISH,D1-20260506-BEARISH,2026-05-08 00:00:00,False,,False,True,False,True
,BLOCKED_BY_UNCERTIFIED_MACRO_BIAS,0.043120693487444746,2026-05-06 00:00:00,2026-05-07 00:00:00,2026-05-08 00:00:00,True,BEARISH,D1-20260507-BEARISH,2026-05-09 00:00:00,False,,False,True,False,True
,BLOCKED_BY_UNCERTIFIED_MACRO_BIAS,,2026-05-07 00:00:00,2026-05-08 00:00:00,2026-05-09 00:00:00,False,BEARISH,D1-20260508-BEARISH,2026-05-12 00:00:00,False,,False,True,False,True
,BLOCKED_BY_UNCERTIFIED_MACRO_BIAS,,2026-05-08 00:00:00,2026-05-11 00:00:00,2026-05-12 00:00:00,False,BEARISH,D1-20260511-BEARISH,2026-05-13 00:00:00,False,,False,True,False,True
,BLOCKED_BY_UNCERTIFIED_MACRO_BIAS,,2026-05-11 00:00:00,2026-05-12 00:00:00,2026-05-13 00:00:00,False,BEARISH,D1-20260512-BEARISH,2026-05-14 00:00:00,False,,False,True,False,True
,BLOCKED_BY_UNCERTIFIED_MACRO_BIAS,,2026-05-12 00:00:00,2026-05-13 00:00:00,2026-05-14 00:00:00,False,BEARISH,D1-20260513-BEARISH,2026-05-15 00:00:00,False,,False,True,False,True
,BLOCKED_BY_UNCERTIFIED_MACRO_BIAS,,2026-05-13 00:00:00,2026-05-14 00:00:00,2026-05-15 00:00:00,False,BEARISH,D1-20260514-BEARISH,2026-05-16 00:00:00,False,,False,True,False,True
,BLOCKED_BY_UNCERTIFIED_MACRO_BIAS,,2026-05-14 00:00:00,2026-05-15 00:00:00,2026-05-16 00:00:00,False,BEARISH,D1-20260515-BEARISH,2026-05-19 00:00:00,False,,False,True,False,True
,BLOCKED_BY_UNCERTIFIED_MACRO_BIAS,0.14676910953506636,2026-05-15 00:00:00,2026-05-18 00:00:00,2026-05-19 00:00:00,True,BULLISH,D1-20260518-BULLISH,2026-05-20 00:00:00,False,,False,True,False,False
,BLOCKED_BY_UNCERTIFIED_MACRO_BIAS,,2026-05-15 00:00:00,2026-05-18 00:00:00,2026-05-19 00:00:00,False,BEARISH,D1-20260518-BEARISH,2026-05-20 00:00:00,False,,False,True,False,True
,BLOCKED_BY_UNCERTIFIED_MACRO_BIAS,,2026-05-18 00:00:00,2026-05-19 00:00:00,2026-05-20 00:00:00,False,BEARISH,D1-20260519-BEARISH,2026-05-21 00:00:00,False,,False,True,False,True
,BLOCKED_BY_UNCERTIFIED_MACRO_BIAS,,2026-05-19 00:00:00,2026-05-20 00:00:00,2026-05-21 00:00:00,False,BEARISH,D1-20260520-BEARISH,2026-05-22 00:00:00,False,,False,True,False,True
,BLOCKED_BY_UNCERTIFIED_MACRO_BIAS,,2026-05-20 00:00:00,2026-05-21 00:00:00,2026-05-22 00:00:00,False,BEARISH,D1-20260521-BEARISH,2026-05-23 00:00:00,False,,False,True,False,True
2026-05-25 12:00:00,BLOCKED_BY_UNCERTIFIED_MACRO_BIAS,0.4393530997304582,2026-05-21 00:00:00,2026-05-22 00:00:00,2026-05-23 00:00:00,True,BEARISH,D1-20260522-BEARISH,2026-05-26 00:00:00,False,2026-05-25 12:00:00,True,True,False,True
,BLOCKED_BY_UNCERTIFIED_MACRO_BIAS,,2026-05-22 00:00:00,2026-05-25 00:00:00,2026-05-26 00:00:00,False,BEARISH,D1-20260525-BEARISH,2026-05-27 00:00:00,False,,False,True,False,True
,BLOCKED_BY_UNCERTIFIED_MACRO_BIAS,,2026-05-25 00:00:00,2026-05-26 00:00:00,2026-05-27 00:00:00,False,BEARISH,D1-20260526-BEARISH,2026-05-28 00:00:00,False,,False,True,False,True
,BLOCKED_BY_UNCERTIFIED_MACRO_BIAS,,2026-05-26 00:00:00,2026-05-27 00:00:00,2026-05-28 00:00:00,False,BEARISH,D1-20260527-BEARISH,2026-05-29 00:00:00,False,,False,True,False,True
,BLOCKED_BY_UNCERTIFIED_MACRO_BIAS,,2026-05-27 00:00:00,2026-05-28 00:00:00,2026-05-29 00:00:00,False,BEARISH,D1-20260528-BEARISH,2026-05-30 00:00:00,False,,False,True,False,True
,BLOCKED_BY_UNCERTIFIED_MACRO_BIAS,,2026-05-28 00:00:00,2026-05-29 00:00:00,2026-05-30 00:00:00,False,BEARISH,D1-20260529-BEARISH,2026-06-02 00:00:00,False,,False,True,False,True
,BLOCKED_BY_UNCERTIFIED_MACRO_BIAS,,2026-05-29 00:00:00,2026-06-01 00:00:00,2026-06-02 00:00:00,False,BEARISH,D1-20260601-BEARISH,2026-06-03 00:00:00,False,,False,True,False,True
,BLOCKED_BY_UNCERTIFIED_MACRO_BIAS,,2026-06-01 00:00:00,2026-06-02 00:00:00,2026-06-03 00:00:00,False,BEARISH,D1-20260602-BEARISH,2026-06-04 00:00:00,False,,False,True,False,True
,BLOCKED_BY_UNCERTIFIED_MACRO_BIAS,,2026-06-02 00:00:00,2026-06-03 00:00:00,2026-06-04 00:00:00,False,BEARISH,D1-20260603-BEARISH,2026-06-05 00:00:00,False,,False,True,False,True
,BLOCKED_BY_UNCERTIFIED_MACRO_BIAS,,2026-06-03 00:00:00,2026-06-04 00:00:00,2026-06-05 00:00:00,False,BEARISH,D1-20260604-BEARISH,2026-06-06 00:00:00,False,,False,True,False,True
,BLOCKED_BY_UNCERTIFIED_MACRO_BIAS,,2026-06-10 00:00:00,2026-06-11 00:00:00,2026-06-12 00:00:00,False,BEARISH,D1-20260611-BEARISH,2026-06-13 00:00:00,False,,False,True,False,True
,BLOCKED_BY_UNCERTIFIED_MACRO_BIAS,,2026-06-11 00:00:00,2026-06-12 00:00:00,2026-06-13 00:00:00,False,BEARISH,D1-20260612-BEARISH,2026-06-16 00:00:00,False,,False,True,False,True
,BLOCKED_BY_UNCERTIFIED_MACRO_BIAS,,2026-06-12 00:00:00,2026-06-15 00:00:00,2026-06-16 00:00:00,False,BEARISH,D1-20260615-BEARISH,2026-06-17 00:00:00,False,,False,True,False,True
,BLOCKED_BY_UNCERTIFIED_MACRO_BIAS,,2026-06-15 00:00:00,2026-06-16 00:00:00,2026-06-17 00:00:00,False,BEARISH,D1-20260616-BEARISH,2026-06-18 00:00:00,False,,False,True,False,True
,BLOCKED_BY_UNCERTIFIED_MACRO_BIAS,,2026-06-16 00:00:00,2026-06-17 00:00:00,2026-06-18 00:00:00,False,BEARISH,D1-20260617-BEARISH,2026-06-19 00:00:00,False,,False,True,False,True
,BLOCKED_BY_UNCERTIFIED_MACRO_BIAS,,2026-06-17 00:00:00,2026-06-18 00:00:00,2026-06-19 00:00:00,False,BEARISH,D1-20260618-BEARISH,2026-06-20 00:00:00,False,,False,True,False,True
,BLOCKED_BY_UNCERTIFIED_MACRO_BIAS,,2026-06-18 00:00:00,2026-06-19 00:00:00,2026-06-20 00:00:00,False,BEARISH,D1-20260619-BEARISH,2026-06-23 00:00:00,False,,False,True,False,True
,BLOCKED_BY_UNCERTIFIED_MACRO_BIAS,,2026-06-19 00:00:00,2026-06-22 00:00:00,2026-06-23 00:00:00,False,BEARISH,D1-20260622-BEARISH,2026-06-24 00:00:00,False,,False,True,False,True
,BLOCKED_BY_UNCERTIFIED_MACRO_BIAS,0.3411308203991139,2026-06-23 00:00:00,2026-06-24 00:00:00,2026-06-25 00:00:00,True,BULLISH,D1-20260624-BULLISH,2026-06-26 00:00:00,False,,False,True,False,False
,BLOCKED_BY_UNCERTIFIED_MACRO_BIAS,,2026-06-23 00:00:00,2026-06-24 00:00:00,2026-06-25 00:00:00,False,BEARISH,D1-20260624-BEARISH,2026-06-26 00:00:00,False,,False,True,False,True
